# Blender 5.0.1
# www.blender.org
mtllib SM_Soup_Pot.mtl
o surface_7.007
v -0.358213 0.014683 0.047273
v -0.362904 0.028646 0.088822
v -0.374815 0.028882 0.006590
v -0.365866 0.027415 -0.078691
v -0.363230 0.019403 -0.051914
v -0.378710 0.044563 -0.045805
v -0.383096 0.055361 0.009266
v -0.380228 0.803958 -0.071567
v -0.390714 0.817068 -0.066249
v -0.381220 0.818513 -0.112681
v -0.366351 0.800034 -0.117672
v -0.398051 0.826159 -0.058943
v -0.387765 0.801271 -0.006444
v -0.358486 0.808385 -0.150045
v -0.369522 0.828611 -0.159888
v -0.401505 0.828913 0.012582
v -0.386212 0.804085 0.040507
v -0.383309 0.834513 -0.124244
v -0.392991 0.838914 -0.076108
v -0.397121 0.840451 -0.028886
v -0.153449 0.837533 -0.371141
v -0.196594 0.823617 -0.348636
v -0.210262 0.839715 -0.338583
v -0.237849 0.827318 -0.325533
v -0.324196 0.018609 -0.168623
v -0.337114 0.037840 -0.170203
v -0.309184 0.021775 -0.200713
v -0.343257 0.021123 -0.131604
v -0.298539 0.029039 -0.225173
v -0.370400 0.059994 -0.095812
v -0.348784 0.830061 -0.203033
v -0.362103 0.840291 -0.166721
v -0.331800 0.840273 -0.221411
v -0.329843 0.825597 -0.231508
v -0.294345 0.829241 -0.275400
v -0.266703 0.837921 -0.299154
v -0.259053 0.823490 -0.306197
v -0.314888 0.816274 -0.238545
v -0.280861 0.813089 -0.273242
v -0.308327 0.803202 -0.231739
v -0.267565 0.799716 -0.275679
v -0.339565 0.814937 -0.198459
v -0.338032 0.791384 -0.180678
v -0.233452 0.808491 -0.310754
v -0.200465 0.807135 -0.331907
v -0.175679 0.809585 -0.347071
v -0.165633 0.784659 -0.346111
v -0.197671 0.784877 -0.329191
v -0.225721 0.782031 -0.310324
v -0.190265 0.030506 -0.323732
v -0.214607 0.048836 -0.315292
v -0.157616 0.074584 -0.348976
v -0.226479 0.089028 -0.309014
v -0.195037 0.134388 -0.329817
v -0.150594 0.133147 -0.352826
v -0.171925 0.171000 -0.342749
v -0.208797 0.214954 -0.321272
v -0.162994 0.239310 -0.346854
v -0.200723 0.288068 -0.326324
v -0.238100 0.195998 -0.300248
v -0.253125 0.258984 -0.287269
v -0.252117 0.330073 -0.288279
v -0.194986 0.364860 -0.330353
v -0.231434 0.424996 -0.305633
v -0.174866 0.417151 -0.341218
v -0.202738 0.479052 -0.325673
v -0.234402 0.527295 -0.303376
v -0.196239 0.556892 -0.329430
v -0.223291 0.597647 -0.311327
v -0.170855 0.641828 -0.343210
v -0.237779 0.675366 -0.301081
v -0.230671 0.723293 -0.306010
v -0.174728 0.749151 -0.341427
v -0.214251 0.745854 -0.318069
v -0.261402 0.609914 -0.280314
v -0.261431 0.544503 -0.280736
v -0.260184 0.144989 -0.281024
v -0.263832 0.214251 -0.277564
v -0.262091 0.764620 -0.280138
v -0.278544 0.694708 -0.263590
v -0.276077 0.463640 -0.266110
v -0.270277 0.401340 -0.271906
v -0.246600 0.047754 -0.290110
v -0.260829 0.071659 -0.280636
v -0.290260 0.098925 -0.250456
v -0.284886 0.188394 -0.256160
v -0.294353 0.234149 -0.245088
v -0.296831 0.304674 -0.242580
v -0.303347 0.371395 -0.234969
v -0.288268 0.774016 -0.253877
v -0.293815 0.514885 -0.246557
v -0.298033 0.567607 -0.241415
v -0.309809 0.635358 -0.225881
v -0.277073 0.038450 -0.256841
v -0.302899 0.055187 -0.232723
v -0.251561 0.029457 -0.277416
v -0.221263 0.027536 -0.300275
v -0.331217 0.390601 -0.192752
v -0.339661 0.429868 -0.178727
v -0.307983 0.433289 -0.228007
v -0.334517 0.346565 -0.186005
v -0.323048 0.278952 -0.205312
v -0.339768 0.235517 -0.176829
v -0.342625 0.310971 -0.171856
v -0.322307 0.185902 -0.206250
v -0.308294 0.149064 -0.227804
v -0.336943 0.123675 -0.182848
v -0.318874 0.088662 -0.212216
v -0.329239 0.057685 -0.192078
v -0.353013 0.490122 -0.150290
v -0.351953 0.179647 -0.152445
v -0.334413 0.513938 -0.187669
v -0.320670 0.540408 -0.209603
v -0.333576 0.580332 -0.188162
v -0.344908 0.626362 -0.167902
v -0.335674 0.675334 -0.185948
v -0.326005 0.714681 -0.201024
v -0.345845 0.695036 -0.165944
v -0.355470 0.730124 -0.151903
v -0.309888 0.757396 -0.226216
v -0.332308 0.769338 -0.191430
v -0.351196 0.750950 -0.154162
v -0.355012 0.549400 -0.145979
v -0.354977 0.391214 -0.145534
v -0.359994 0.323930 -0.133031
v -0.355032 0.666242 -0.145664
v -0.363004 0.586447 -0.125423
v -0.356703 0.283019 -0.141397
v -0.365228 0.212823 -0.118146
v -0.361761 0.440909 -0.128964
v -0.361145 0.779740 -0.130650
v -0.363943 0.761183 -0.127445
v -0.361919 0.109315 -0.127391
v -0.363465 0.630746 -0.123667
v -0.352474 0.699241 -0.158625
v -0.356153 0.682055 -0.149415
v -0.364012 0.672120 -0.128712
v -0.372169 0.702083 -0.101216
v -0.372966 0.704659 -0.092793
v -0.372521 0.729205 -0.101429
v -0.374440 0.749166 -0.086089
v -0.382366 0.728680 -0.043448
v -0.377949 0.781205 -0.071311
v -0.383874 0.778157 -0.027241
v -0.380409 0.690337 -0.059689
v -0.370881 0.668760 -0.100149
v -0.369464 0.682440 -0.109917
v -0.377228 0.631928 -0.074548
v -0.383953 0.635235 -0.025592
v -0.384212 0.566240 -0.023948
v -0.377890 0.562160 -0.072317
v -0.383812 0.520135 -0.037687
v -0.377279 0.507281 -0.076003
v -0.381331 0.480378 -0.056859
v -0.373373 0.462864 -0.091592
v -0.384099 0.441705 -0.026478
v -0.373673 0.407331 -0.091332
v -0.384384 0.377302 -0.021078
v -0.370589 0.358951 -0.102043
v -0.368713 0.537203 -0.108054
v -0.381047 0.344157 -0.057334
v -0.373690 0.310077 -0.090162
v -0.382003 0.286920 -0.048699
v -0.378657 0.192861 -0.070382
v -0.369856 0.145468 -0.104230
v -0.382933 0.096427 -0.043666
v -0.384666 0.164578 -0.022810
v -0.384820 0.223065 -0.013023
v -0.369371 0.773890 -0.109434
v -0.376715 0.754464 -0.098996
v -0.262480 0.015726 -0.247914
v -0.379727 0.417047 0.065472
v -0.384077 0.495619 0.024595
v -0.384831 0.562905 0.009052
v -0.384225 0.630554 0.019718
v -0.384235 0.689888 -0.011961
v -0.383238 0.684349 0.040219
v -0.382112 0.727342 0.045776
v -0.383725 0.761612 0.028632
v -0.384446 0.744852 -0.008645
v -0.380889 0.593030 0.056909
v -0.380772 0.648011 0.058091
v -0.380646 0.542840 0.058276
v -0.383323 0.363638 0.041800
v -0.385007 0.288987 0.004447
v -0.381026 0.234402 0.055091
v -0.381260 0.159057 0.052433
v -0.384484 0.104670 0.017869
v -0.378248 0.073313 0.068760
v -0.372703 0.275789 0.094058
v -0.371620 0.115848 0.099479
v -0.471527 0.821096 -0.097593
v -0.492250 0.821151 -0.070553
v -0.487461 0.833910 -0.055130
v -0.484433 0.809402 -0.093194
v -0.380855 0.740187 -0.142669
v -0.389655 0.740900 -0.131769
v -0.379282 0.750337 -0.139988
v -0.373621 0.728559 -0.150880
v -0.364730 0.724088 -0.158158
v -0.390107 0.743059 -0.119568
v -0.363824 0.694613 -0.160130
v -0.427451 0.777492 -0.112860
v -0.433271 0.803448 -0.116224
v -0.400766 0.774942 -0.121446
v -0.389605 0.784845 -0.126228
v -0.464188 0.794532 -0.106008
v -0.405239 0.758488 -0.107492
v -0.365879 0.674845 -0.141802
v -0.500348 0.814691 -0.034693
v -0.499187 0.826475 -0.018834
v -0.498503 0.809842 0.020001
v -0.489212 0.799359 -0.068507
v -0.165156 0.012828 0.318100
v -0.185080 0.035772 0.329579
v -0.224044 0.019048 0.289531
v -0.142105 0.028294 0.347163
v -0.229998 0.048608 0.304065
v -0.288922 0.028195 0.236349
v -0.279523 0.057290 0.261644
v -0.220406 0.806423 0.320572
v -0.189949 0.809447 0.341067
v -0.211919 0.826831 0.343415
v -0.171176 0.823239 0.361353
v -0.159049 0.801020 0.351449
v -0.241757 0.830182 0.323977
v -0.247332 0.809249 0.302587
v -0.277858 0.826608 0.292954
v -0.286794 0.811808 0.266927
v -0.322314 0.825620 0.241989
v -0.321154 0.803601 0.217538
v -0.130389 0.807607 0.366064
v -0.129636 0.827251 0.381423
v -0.336488 0.021120 0.148874
v -0.319335 0.037888 0.202047
v -0.350908 0.040578 0.145184
v -0.313439 0.016692 0.185053
v -0.368118 0.052029 0.103245
v -0.298887 0.068635 0.241388
v -0.383425 0.839617 0.113278
v -0.395310 0.838864 0.060735
v -0.388985 0.823304 0.093923
v -0.371676 0.833013 0.154911
v -0.346241 0.808100 0.177553
v -0.351314 0.827333 0.199068
v -0.369366 0.813825 0.132964
v -0.380101 0.808251 0.083177
v -0.359060 0.790148 0.137573
v -0.366001 0.676947 0.133956
v -0.378755 0.685402 0.110844
v -0.361807 0.671885 0.131267
v -0.331009 0.407277 0.193385
v -0.312071 0.444803 0.223177
v -0.334688 0.472332 0.187092
v -0.299072 0.410165 0.240193
v -0.301367 0.350931 0.237455
v -0.329977 0.355133 0.194944
v -0.322535 0.273653 0.206926
v -0.296422 0.513367 0.243022
v -0.314613 0.564041 0.219594
v -0.291857 0.297858 0.248775
v -0.279487 0.237359 0.262461
v -0.315131 0.212431 0.218439
v -0.314604 0.164639 0.218882
v -0.275381 0.144818 0.267015
v -0.284263 0.094725 0.257978
v -0.328536 0.082447 0.196853
v -0.328905 0.137763 0.196926
v -0.293608 0.570859 0.246688
v -0.295761 0.627366 0.244698
v -0.313037 0.647614 0.222398
v -0.289223 0.683615 0.252603
v -0.322624 0.689699 0.207050
v -0.314299 0.726559 0.220776
v -0.289961 0.771151 0.252594
v -0.317901 0.763585 0.215537
v -0.335205 0.599643 0.186495
v -0.332593 0.548597 0.190197
v -0.337199 0.666789 0.181736
v -0.335482 0.723804 0.185857
v -0.340277 0.779212 0.178222
v -0.345715 0.235975 0.166510
v -0.352756 0.163587 0.151137
v -0.352850 0.337745 0.150816
v -0.349951 0.119239 0.158072
v -0.279462 0.460080 0.261941
v -0.353395 0.423503 0.148390
v -0.351204 0.493363 0.154698
v -0.350433 0.556756 0.156159
v -0.348913 0.701660 0.160094
v -0.350522 0.743765 0.156117
v -0.358814 0.074761 0.135580
v -0.364483 0.760074 0.131913
v -0.360351 0.600815 0.130357
v -0.353697 0.648446 0.148527
v -0.277575 0.346278 0.264512
v -0.272112 0.394888 0.269889
v -0.362411 0.130967 0.127776
v -0.368460 0.515498 0.108907
v -0.372913 0.460952 0.094861
v -0.371790 0.372493 0.098176
v -0.370578 0.176063 0.102574
v -0.359319 0.686809 0.154415
v -0.370240 0.665613 0.101835
v -0.369126 0.774876 0.113865
v -0.375156 0.698266 0.083520
v -0.372706 0.722059 0.094787
v -0.379075 0.773193 0.066178
v -0.373100 0.783016 0.092477
v -0.372311 0.764111 0.104894
v -0.363163 0.735974 0.153143
v -0.132289 0.135548 0.360671
v -0.165983 0.148398 0.346281
v -0.150185 0.061778 0.351540
v -0.205988 0.108967 0.324119
v -0.205511 0.177811 0.324078
v -0.164391 0.199317 0.346622
v -0.200246 0.229860 0.327265
v -0.155992 0.252151 0.350323
v -0.208245 0.266182 0.321712
v -0.158486 0.316135 0.348536
v -0.233783 0.301517 0.303728
v -0.185675 0.379205 0.335044
v -0.229862 0.211900 0.306965
v -0.234139 0.171233 0.303783
v -0.248342 0.361864 0.292288
v -0.241805 0.398475 0.297434
v -0.211956 0.422129 0.319315
v -0.252873 0.432181 0.288304
v -0.237166 0.463464 0.301001
v -0.209514 0.483097 0.321044
v -0.246813 0.102872 0.293908
v -0.258132 0.492602 0.283372
v -0.235714 0.528563 0.302586
v -0.203934 0.591760 0.324905
v -0.247533 0.637380 0.292536
v -0.191008 0.695789 0.332714
v -0.256212 0.717936 0.285988
v -0.267512 0.564518 0.274549
v -0.229915 0.762113 0.308831
v -0.252180 0.770145 0.290433
v -0.263541 0.203352 0.278575
v -0.103121 0.032594 0.363047
v -0.138256 0.714614 0.357946
v -0.141441 0.775371 0.357159
v -0.174204 0.773786 0.342876
v -0.142401 0.622128 0.355847
v -0.154517 0.519568 0.350909
v -0.162127 0.443124 0.347270
v -0.202812 0.774371 0.326998
v -0.209108 0.837935 0.344129
v -0.149986 0.839388 0.371276
v -0.191670 0.842883 0.343538
v -0.322110 0.840350 0.235084
v -0.351075 0.839690 0.193940
v -0.288148 0.838742 0.280176
v -0.254379 0.839327 0.311187
v -0.382991 0.741105 0.147338
v -0.392306 0.741239 0.138907
v -0.385118 0.731018 0.153396
v -0.394635 0.725303 0.151986
v -0.401655 0.725892 0.135572
v -0.397257 0.732933 0.125908
v -0.397136 0.712788 0.127927
v -0.393447 0.710148 0.144660
v -0.375321 0.709241 0.152907
v -0.360331 0.714384 0.159089
v -0.374684 0.723756 0.155513
v -0.373610 0.694304 0.145442
v -0.374781 0.734662 0.149246
v -0.376798 0.749590 0.143527
v -0.380045 0.769787 0.135170
v -0.352590 0.718225 0.157017
v -0.381814 0.705864 0.140406
v -0.385288 0.707219 0.127716
v -0.384706 0.697451 0.124750
v -0.384632 0.706529 0.112664
v -0.390187 0.720427 0.118812
v -0.368090 0.685987 0.130051
v -0.376340 0.689692 0.120570
v -0.369255 0.682154 0.114540
v -0.487502 0.805807 0.084657
v -0.494986 0.826295 0.051132
v -0.492019 0.835616 0.020824
v -0.477339 0.828677 0.087574
v -0.469444 0.806450 0.108483
v -0.387695 0.730135 0.111717
v -0.389373 0.732186 0.122032
v -0.389288 0.747543 0.122972
v -0.396905 0.753248 0.112269
v -0.399959 0.766452 0.119513
v -0.381431 0.740692 0.137289
v -0.384761 0.764169 0.131888
v -0.423764 0.772192 0.110882
v -0.403069 0.784356 0.123868
v -0.439535 0.790072 0.117115
v -0.463530 0.786801 0.102456
v -0.437190 0.809189 0.115400
v -0.398983 0.799248 0.120494
v -0.449191 0.824408 0.099264
v -0.491386 0.798415 -0.023916
v -0.477692 0.792855 0.003953
v -0.469013 0.788744 -0.058400
v -0.457952 0.782136 -0.090113
v -0.431784 0.784827 -0.079601
v -0.403798 0.765577 -0.094576
v -0.388316 0.743992 -0.106595
v -0.481649 0.792819 0.069150
v -0.462653 0.791552 0.059490
v -0.445345 0.779529 0.091130
v -0.404332 0.763389 0.099793
v -0.386599 0.743904 0.107423
v -0.482922 0.839605 -0.020349
v -0.464227 0.837862 0.000673
v -0.465552 0.834293 -0.070775
v -0.432438 0.818273 -0.104428
v -0.440454 0.820528 -0.070800
v -0.406306 0.811680 -0.101386
v -0.405549 0.800656 -0.086803
v -0.393936 0.802447 -0.114506
v -0.387331 0.799164 -0.105739
v -0.376426 0.781018 -0.108908
v -0.450294 0.823697 -0.031363
v -0.450596 0.823355 -0.004993
v -0.451720 0.827164 0.035673
v -0.467284 0.835723 0.056122
v -0.439253 0.819138 0.075856
v -0.415660 0.814381 0.101333
v -0.404555 0.797620 0.088845
v -0.387418 0.796698 0.109731
v -0.379716 0.773627 0.100231
v -0.377501 0.782238 0.123994
v -0.465940 0.795124 0.023091
v -0.461736 0.798603 -0.010523
v -0.453037 0.808185 0.027955
v -0.446849 0.807881 0.058016
v -0.451199 0.811068 -0.022254
v -0.458023 0.798634 -0.039468
v -0.446806 0.810244 -0.050603
v -0.440897 0.799322 -0.068057
v -0.442415 0.798148 0.072599
v -0.389178 0.774704 -0.090790
v -0.419121 0.786767 0.081986
v -0.382749 0.761270 0.096242
v -0.375933 0.740243 0.102543
v -0.385046 0.711716 0.103289
v -0.377345 0.696485 0.108470
v -0.399035 0.721389 -0.124765
v -0.401539 0.735407 -0.136527
v -0.401829 0.718009 -0.146098
v -0.396218 0.738904 -0.126968
v -0.398996 0.735313 -0.148657
v -0.398485 0.710862 -0.136680
v -0.393411 0.727835 -0.154593
v -0.391275 0.724430 -0.119896
v -0.389672 0.842036 0.000243
v -0.377499 0.838036 0.064169
v -0.386386 0.842699 -0.057678
v -0.380419 0.841989 -0.104708
v -0.359003 0.839659 -0.136060
v -0.339546 0.841258 -0.182641
v -0.294057 0.842146 -0.252461
v -0.235720 0.842538 -0.307137
v -0.172208 0.842210 -0.344623
v -0.119869 0.841192 -0.379077
v -0.360034 0.841059 0.142682
v -0.331751 0.840435 0.196382
v -0.290916 0.839377 0.250489
v -0.254703 0.843634 0.297589
v -0.250126 0.836327 0.287682
v -0.219275 0.843244 0.322139
v -0.225921 0.834138 0.304659
v -0.197109 0.836184 0.326028
v -0.148733 0.841093 0.357347
v -0.147745 0.819617 0.342588
v -0.113826 0.838035 0.364025
v -0.200898 0.807695 0.311289
v -0.164835 0.793456 0.327393
v -0.123500 0.779212 0.342286
v -0.146609 0.580240 0.331263
v -0.096367 0.815928 0.359561
v -0.074694 0.777468 0.355576
v -0.044253 0.802613 0.365820
v -0.107659 0.577936 0.345393
v -0.078362 0.573967 0.350840
v -0.038577 0.576434 0.358084
v -0.125530 0.566739 0.328906
v -0.082610 0.565016 0.340420
v -0.048870 0.565003 0.346297
v -0.003196 0.569891 0.356703
v -0.001751 0.784009 0.364677
v 0.033441 0.578392 0.358172
v -0.021193 0.824135 0.374126
v -0.068645 0.834772 0.373712
v 0.017221 0.820256 0.373230
v -0.027416 0.838903 0.381816
v 0.049500 0.807368 0.366793
v 0.020947 0.837308 0.380888
v 0.072859 0.581985 0.354116
v 0.091168 0.786681 0.353292
v 0.071082 0.565786 0.345545
v 0.110062 0.572945 0.341376
v 0.032795 0.564318 0.350445
v 0.116349 0.563783 0.333098
v 0.145930 0.574001 0.327941
v 0.133121 0.792886 0.341385
v 0.151545 0.565120 0.318708
v 0.181018 0.570897 0.309264
v 0.183099 0.564607 0.296936
v 0.176353 0.592583 0.317494
v 0.205821 0.584828 0.298020
v 0.211371 0.793151 0.298636
v 0.209651 0.567680 0.285590
v 0.238090 0.576874 0.270380
v 0.239689 0.564017 0.254538
v 0.246757 0.785965 0.268116
v 0.273164 0.573233 0.232784
v 0.237207 0.819582 0.287908
v 0.189061 0.811021 0.318775
v 0.275738 0.815265 0.248837
v 0.252538 0.834222 0.282388
v 0.281983 0.589215 0.228355
v 0.301520 0.806171 0.213059
v 0.297709 0.576940 0.201805
v 0.266154 0.564421 0.229117
v 0.283964 0.564537 0.199776
v 0.313479 0.565120 0.157228
v 0.318823 0.573812 0.164833
v 0.300110 0.835687 0.232723
v 0.276812 0.838799 0.263407
v 0.319095 0.826614 0.198016
v 0.323089 0.840758 0.208856
v 0.308595 0.842227 0.236698
v 0.327361 0.841172 0.220282
v 0.285529 0.842491 0.266079
v 0.307898 0.839413 0.252490
v 0.256697 0.842104 0.289066
v 0.258714 0.839440 0.302374
v 0.224911 0.841913 0.316274
v 0.218627 0.840100 0.332532
v 0.215758 0.833439 0.311125
v 0.179154 0.836720 0.336146
v 0.192381 0.842379 0.339403
v 0.158164 0.841833 0.353580
v 0.133298 0.832004 0.354055
v 0.160322 0.837986 0.366101
v 0.137995 0.841732 0.369250
v 0.108868 0.839223 0.367841
v 0.107647 0.841852 0.378068
v 0.073428 0.841554 0.384747
v 0.074070 0.831411 0.371008
v 0.098422 0.813766 0.358448
v 0.053020 0.840273 0.381412
v 0.038994 0.841523 0.392895
v 0.162559 0.819005 0.335828
v 0.009260 0.842655 0.390047
v -0.003720 0.840601 0.397525
v -0.058235 0.841893 0.390638
v -0.099050 0.840342 0.384164
v 0.347996 0.842097 0.178261
v 0.335335 0.835144 0.177321
v 0.350631 0.836357 0.147442
v 0.367031 0.842091 0.138505
v 0.361849 0.836427 0.116255
v 0.375962 0.842097 0.099311
v 0.378995 0.839712 0.120873
v 0.389819 0.834243 0.096854
v -0.176286 0.572437 0.314045
v -0.158438 0.564685 0.312998
v -0.195239 0.569461 0.297488
v -0.214078 0.575642 0.291994
v -0.229428 0.566690 0.269040
v -0.384524 0.735878 -0.151251
v -0.374895 0.719093 -0.154955
v -0.390216 0.712254 -0.149618
v -0.383741 0.706249 -0.137889
v -0.385624 0.708932 -0.111905
v -0.381436 0.712840 -0.101472
v -0.384646 0.690812 -0.106935
v -0.382567 0.694753 -0.125909
v -0.374153 0.698889 -0.150348
v -0.363041 0.705355 -0.154851
v -0.359665 0.687040 -0.145680
v -0.377419 0.835035 -0.041570
v -0.378071 0.832465 0.001094
v -0.368981 0.836843 -0.094688
v -0.323716 0.574638 -0.160877
v -0.330124 0.568495 -0.130873
v -0.305923 0.566891 -0.185491
v -0.315234 0.568828 0.163657
v -0.325541 0.564229 0.125755
v -0.330705 0.573504 0.139777
v -0.339135 0.565058 0.099971
v -0.317822 0.578321 0.173689
v -0.296190 0.574996 0.203316
v -0.290053 0.565363 0.196673
v -0.266077 0.564662 0.227311
v -0.263745 0.575590 0.243561
v -0.284135 0.580342 0.226723
v -0.241211 0.576789 0.269608
v -0.269006 0.811340 0.256614
v -0.276116 0.781280 0.238696
v -0.307699 0.814587 0.209671
v -0.294143 0.777526 0.215043
v -0.315353 0.789222 0.185897
v -0.331305 0.824553 0.176158
v -0.335733 0.784951 0.143748
v -0.345538 0.775398 0.113524
v -0.351350 0.816650 0.123608
v -0.349534 0.575024 0.087709
v -0.237228 0.811795 0.285935
v -0.228768 0.780706 0.284062
v -0.364037 0.812350 0.071438
v -0.356599 0.773308 0.068238
v -0.355418 0.573601 0.046996
v -0.362117 0.772971 0.028060
v -0.361187 0.578538 0.013031
v -0.371090 0.814512 0.025645
v -0.187113 0.588932 0.311456
v -0.347278 0.567696 0.070175
v -0.362977 0.775686 -0.014889
v -0.365892 0.796419 -0.028845
v -0.363847 0.794039 -0.010550
v -0.360969 0.580461 -0.026055
v -0.357445 0.785526 -0.073397
v -0.367433 0.819154 -0.063721
v -0.354577 0.805661 -0.102145
v -0.346545 0.774018 -0.107721
v -0.345705 0.571174 -0.096824
v -0.350746 0.568712 -0.052548
v -0.337112 0.778605 -0.137280
v -0.343552 0.820795 -0.146157
v -0.370308 0.811478 0.001552
v -0.319941 0.785658 -0.176056
v -0.318859 0.827481 -0.199756
v -0.361343 0.780147 0.003466
v -0.361999 0.799383 0.010603
v -0.354806 0.571142 -0.000492
v -0.351369 0.564373 -0.017369
v -0.350568 0.564183 0.025951
v -0.361164 0.782700 -0.006659
v -0.355135 0.788848 -0.015270
v -0.353078 0.786431 -0.001100
v -0.355242 0.801893 0.016416
v -0.352001 0.802028 0.008543
v -0.357139 0.800704 -0.015319
v -0.357292 0.815252 -0.002501
v -0.375502 0.672281 -0.126285
v -0.374718 0.674806 -0.115846
v -0.373311 0.685823 -0.112917
v -0.365441 0.679436 -0.126625
v -0.369755 0.687956 -0.136375
v -0.364995 0.808303 -0.003625
v -0.360918 0.014721 -0.002961
v -0.330590 0.003745 -0.050800
v -0.326769 0.002554 0.009137
v -0.341857 0.008530 0.077847
v -0.281096 0.000241 -0.014214
v -0.288873 0.000826 -0.088230
v -0.301405 0.001563 0.089180
v -0.242622 0.000340 0.030508
v -0.215953 0.000343 -0.059148
v -0.249536 0.000605 0.120036
v -0.261360 0.001676 0.176276
v -0.177820 0.000543 0.093357
v -0.174679 0.000687 0.023532
v -0.181000 0.000418 0.143739
v -0.110782 0.000743 0.082387
v -0.204919 0.000855 0.211971
v -0.264835 0.008326 0.225375
v -0.147368 0.000383 0.205420
v -0.087634 0.000562 0.182741
v -0.102015 0.000580 0.258552
v -0.176152 0.002669 0.274430
v -0.028392 0.000430 0.217315
v -0.068478 0.000790 0.115702
v -0.054706 0.000676 0.287538
v -0.010423 0.000170 0.265412
v -0.105645 0.002012 0.306915
v -0.022446 0.004498 0.335549
v -0.093919 0.010896 0.342116
v 0.036042 0.001064 0.300883
v 0.060569 0.000289 0.235358
v 0.040482 0.006837 0.344708
v 0.019742 0.020672 0.367244
v 0.080762 0.002726 0.320104
v 0.100293 0.001293 0.289022
v 0.085616 0.016198 0.352249
v 0.110857 0.004843 0.321879
v 0.122877 0.015307 0.338758
v 0.152221 0.007092 0.309097
v 0.158207 0.018477 0.327775
v 0.189521 0.024524 0.317014
v 0.202983 0.010476 0.286306
v 0.162409 0.003173 0.283340
v 0.221798 0.021433 0.291795
v 0.235603 0.012679 0.265256
v 0.223194 0.005090 0.251174
v 0.247941 0.028271 0.277597
v 0.261921 0.016429 0.247314
v 0.280501 0.029828 0.246028
v 0.283692 0.014937 0.218502
v 0.260625 0.006581 0.220414
v 0.306098 0.025930 0.207690
v 0.313610 0.016218 0.177240
v 0.292013 0.004987 0.167954
v 0.332107 0.028019 0.166987
v 0.339380 0.020852 0.136029
v 0.315788 0.008316 0.143830
v 0.334414 0.011535 0.115537
v 0.315442 0.003542 0.109406
v 0.353598 0.021169 0.095442
v 0.344515 0.010700 0.072768
v 0.361867 0.020292 0.052906
v 0.343158 0.006600 0.037560
v 0.305953 0.001309 0.057364
v 0.340151 0.006564 0.009808
v 0.366950 0.021186 0.003452
v 0.353137 0.011311 -0.025108
v 0.340185 0.005883 -0.047637
v 0.369624 0.028150 -0.049293
v 0.355017 0.015499 -0.060295
v 0.333567 0.007360 -0.090196
v 0.321732 0.002402 -0.068237
v 0.361150 0.029043 -0.091731
v 0.340462 0.019830 -0.130876
v 0.322529 0.008461 -0.132481
v 0.298081 0.001934 -0.112646
v 0.314446 0.017461 -0.179419
v 0.300659 0.007637 -0.172532
v 0.277855 0.007910 -0.205026
v 0.285683 0.002537 -0.157519
v 0.254365 0.000803 -0.148202
v 0.218195 0.000959 -0.190471
v 0.226596 0.000289 -0.135552
v 0.230521 0.006336 -0.251676
v 0.158303 0.001071 -0.251642
v 0.266916 0.015320 -0.241067
v 0.254325 0.027880 -0.272625
v 0.301441 0.024372 -0.214015
v 0.282554 0.035469 -0.248632
v 0.323657 0.029909 -0.186920
v 0.211120 0.015774 -0.292790
v 0.179550 0.004242 -0.286276
v 0.184312 0.015467 -0.310439
v 0.128920 0.004215 -0.312447
v 0.144354 0.017825 -0.334153
v 0.088580 0.001810 -0.306654
v 0.048117 0.000297 -0.257370
v 0.102142 0.013733 -0.343630
v 0.049402 0.003552 -0.324390
v 0.031979 0.015793 -0.360720
v -0.038768 0.004543 -0.335576
v 0.004504 0.031076 -0.375213
v 0.001560 0.000749 -0.285617
v -0.063869 0.000898 -0.282831
v -0.003012 0.000506 -0.238834
v -0.054543 0.000571 -0.237912
v 0.011618 0.000631 -0.193172
v 0.081498 0.000396 -0.205719
v 0.136320 0.000468 -0.163825
v 0.068344 0.000803 -0.102369
v 0.129244 0.000578 -0.082346
v 0.023532 0.000817 -0.090618
v 0.073049 0.000815 -0.046843
v -0.034336 0.000766 -0.139390
v -0.023472 0.000791 -0.051017
v -0.091944 0.000639 -0.199042
v -0.083397 0.000721 -0.135460
v -0.103110 0.000572 -0.241465
v -0.152986 0.000435 -0.213412
v -0.135552 0.000438 -0.174454
v -0.129693 0.001057 -0.264229
v -0.165980 0.001616 -0.265546
v -0.083136 0.001996 -0.311520
v -0.143159 0.003905 -0.303874
v -0.107139 0.010870 -0.336951
v -0.058356 0.020408 -0.363072
v -0.110657 0.029654 -0.357839
v -0.170342 0.016387 -0.318647
v -0.189878 0.003419 -0.275585
v -0.226501 0.009670 -0.267560
v -0.227947 0.001329 -0.204128
v -0.260586 0.005464 -0.221866
v -0.285281 0.007114 -0.194176
v -0.256454 0.000969 -0.148095
v -0.308133 0.005791 -0.147389
v -0.154124 0.000372 -0.125336
v -0.099279 0.000737 -0.071417
v -0.161931 0.000792 -0.019175
v -0.095778 0.000812 -0.001881
v 0.017495 0.000770 0.051984
v -0.060154 0.000834 0.072671
v 0.025852 0.000717 0.019813
v 0.083373 0.000642 0.029137
v 0.040721 0.000758 -0.016901
v 0.097843 0.000700 -0.010513
v 0.147029 0.000429 -0.030207
v 0.157009 0.000373 0.038593
v 0.078005 0.000634 0.099811
v 0.229144 -0.000000 -0.007767
v 0.239367 0.000278 -0.078290
v 0.221862 0.000109 0.067734
v 0.152177 0.000392 0.096814
v 0.304162 0.000883 -0.021990
v 0.281602 0.001187 0.120109
v 0.262169 0.001344 0.149434
v 0.223070 0.000371 0.137004
v 0.258596 0.002397 0.188802
v 0.217757 0.000892 0.178830
v 0.231271 0.002465 0.219593
v 0.168608 0.000997 0.227682
v 0.122890 0.001074 0.260360
v 0.108418 0.000468 0.209765
v 0.143418 0.000436 0.154616
v 0.048033 0.000593 0.164774
v 0.193538 0.000310 0.106619
v -0.006997 0.000757 0.114787
v 0.022643 0.000810 0.087653
v 0.182085 0.000300 -0.124741
v -0.337107 0.009370 -0.101549
v -0.065835 0.019945 0.362271
v -0.199969 0.007448 0.285809
v -0.217258 0.003238 0.254196
v -0.308339 0.005880 0.153060
v -0.331253 0.007859 0.114173
v 0.141118 0.569711 0.149502
v 0.123030 0.582214 0.155396
v 0.121846 0.570794 0.167030
v 0.145018 0.580431 0.140397
v 0.101286 0.598726 0.150030
v 0.127816 0.605446 0.129596
v 0.107868 0.617352 0.122633
v 0.154932 0.591106 0.124731
v 0.129240 0.611571 0.114247
v 0.163201 0.571056 0.125315
v 0.087075 0.608936 0.142514
v -0.233296 0.569748 0.130226
v -0.202105 0.569597 0.100345
v -0.231719 0.591655 0.099702
v -0.199513 0.579638 0.081141
v -0.240152 0.586897 0.111540
v -0.257539 0.608294 0.091809
v -0.242905 0.614307 0.077391
v -0.211698 0.599371 0.067907
v -0.232286 0.610360 0.059584
v -0.189207 0.570006 0.076150
v 0.206955 0.570817 0.130507
v 0.183313 0.569595 0.148754
v 0.212649 0.583728 0.148782
v 0.198006 0.581431 0.184036
v 0.223746 0.582745 0.136370
v 0.226123 0.592218 0.147475
v 0.208623 0.592559 0.180398
v 0.184089 0.569068 0.180003
v 0.185255 0.570648 0.050157
v 0.211144 0.569007 0.059083
v 0.195876 0.574476 0.051012
v 0.210380 0.583695 0.042787
v 0.237278 0.582721 0.041534
v 0.194333 0.593523 0.031754
v 0.225456 0.595312 0.026541
v 0.249635 0.593909 0.025409
v 0.250854 0.585576 0.033664
v 0.256203 0.572976 0.045817
v 0.246467 0.568744 0.067050
v -0.002938 0.571568 0.084003
v -0.010014 0.587037 0.070132
v -0.028945 0.571105 0.083387
v 0.030039 0.584797 0.076750
v -0.026600 0.587436 0.065540
v -0.019453 0.600331 0.050385
v 0.008697 0.602532 0.058234
v 0.037855 0.598483 0.062056
v 0.031967 0.572192 0.087044
v 0.032825 0.596869 0.052765
v 0.042668 0.573065 -0.056712
v 0.026103 0.570757 -0.084434
v 0.024456 0.585490 -0.064810
v 0.005979 0.579521 -0.091000
v 0.024486 0.597917 -0.047502
v 0.006931 0.605996 -0.056912
v -0.005898 0.601115 -0.077637
v 0.013382 0.605710 -0.043151
v -0.014102 0.607560 -0.074657
v -0.010302 0.589747 -0.094311
v -0.022707 0.606139 -0.083780
v -0.007512 0.600503 -0.055940
v -0.133418 0.573823 -0.141188
v -0.117714 0.583493 -0.155211
v -0.129412 0.570428 -0.156656
v -0.143064 0.571711 -0.083890
v -0.115187 0.586679 -0.096199
v -0.134318 0.576780 -0.109892
v -0.113432 0.592161 -0.121314
v -0.105649 0.594601 -0.114431
v -0.108467 0.594735 -0.147978
v -0.337206 0.564992 0.009270
v -0.337387 0.564933 -0.025755
v -0.308758 0.566360 -0.006938
v -0.336365 0.564951 0.046006
v -0.304415 0.566957 0.055073
v -0.330263 0.564836 0.088640
v -0.268061 0.568053 0.018269
v -0.273944 0.568599 0.054706
v -0.286201 0.571844 -0.017768
v -0.270043 0.571213 -0.007032
v -0.313094 0.567367 -0.032617
v -0.282844 0.583695 -0.026005
v -0.333159 0.564383 -0.067252
v -0.290247 0.575822 -0.045572
v -0.335462 0.564775 -0.097112
v -0.304377 0.567190 -0.075066
v -0.306956 0.565532 -0.106742
v -0.303890 0.564248 -0.152826
v -0.277621 0.566641 -0.109618
v -0.284526 0.564821 -0.198762
v -0.251212 0.565866 -0.188372
v -0.278364 0.567877 -0.220817
v -0.259001 0.564486 -0.223941
v -0.232928 0.566257 -0.262256
v -0.229969 0.565277 -0.235117
v -0.193892 0.566260 -0.249212
v -0.207209 0.568942 -0.188238
v -0.232638 0.567346 -0.164455
v -0.198438 0.568581 -0.211364
v -0.187263 0.569647 -0.188412
v -0.191549 0.569439 -0.225642
v -0.163536 0.567962 -0.242085
v -0.164330 0.565982 -0.258972
v -0.144538 0.567498 -0.252029
v -0.179438 0.564518 -0.285328
v -0.142330 0.564856 -0.304577
v -0.180777 0.564743 -0.298966
v -0.131017 0.566055 -0.328755
v -0.109089 0.565824 -0.317137
v -0.123475 0.569680 -0.290967
v -0.095286 0.565182 -0.340352
v -0.085576 0.565837 -0.317897
v -0.094602 0.578908 -0.300903
v -0.064293 0.571252 -0.351401
v -0.049256 0.565707 -0.317290
v -0.051680 0.567980 -0.264703
v -0.032807 0.564448 -0.348987
v -0.011921 0.566375 -0.315077
v -0.032958 0.567390 -0.278850
v 0.002785 0.564719 -0.350236
v 0.028604 0.565260 -0.332986
v 0.035730 0.565636 -0.350776
v 0.057237 0.564742 -0.336817
v 0.064333 0.566609 -0.316055
v 0.070070 0.566170 -0.346948
v 0.111527 0.564508 -0.334450
v 0.089158 0.565280 -0.318233
v 0.123012 0.564536 -0.316676
v 0.106624 0.565895 -0.291492
v 0.152084 0.565177 -0.313391
v 0.143104 0.573122 -0.330480
v 0.144615 0.565942 -0.270939
v 0.198723 0.564671 -0.274891
v 0.158588 0.567059 -0.235446
v 0.182345 0.565240 -0.305355
v 0.216402 0.567195 -0.280981
v 0.236291 0.566346 -0.258181
v 0.200705 0.566103 -0.241085
v 0.237103 0.574894 -0.272608
v 0.262496 0.567529 -0.237276
v 0.245081 0.565571 -0.220480
v 0.282912 0.564959 -0.198762
v 0.218581 0.566749 -0.210554
v 0.246472 0.568756 -0.204222
v 0.182713 0.567897 -0.204982
v 0.207497 0.569353 -0.193456
v 0.138848 0.568392 -0.208400
v 0.121927 0.567483 -0.231887
v 0.145986 0.569074 -0.170822
v 0.117755 0.569821 -0.184754
v 0.192895 0.568507 -0.154793
v 0.201770 0.568006 -0.172817
v 0.156715 0.569543 -0.143329
v 0.138083 0.569016 -0.141465
v 0.165902 0.573158 -0.133315
v 0.207593 0.572749 -0.107879
v 0.234474 0.568622 -0.125803
v 0.163119 0.572537 -0.110784
v 0.183122 0.570664 -0.069264
v 0.206977 0.570296 -0.075067
v 0.133104 0.570032 -0.086000
v 0.137482 0.569962 -0.061453
v 0.148156 0.574620 -0.105597
v 0.127108 0.575181 -0.097563
v 0.099238 0.571612 -0.098335
v 0.107909 0.570287 -0.067817
v 0.066705 0.570127 -0.084501
v 0.062050 0.570224 -0.038034
v 0.067710 0.571698 -0.118057
v 0.089033 0.575138 -0.112482
v 0.005437 0.570380 -0.118584
v 0.053434 0.569632 -0.151795
v -0.006649 0.570978 -0.098648
v 0.031173 0.570496 -0.027312
v 0.054198 0.570131 0.011399
v 0.015921 0.571981 -0.030111
v 0.013765 0.570975 0.011899
v -0.001371 0.571740 -0.016620
v 0.041681 0.570852 0.030283
v 0.049303 0.570204 0.047123
v 0.015151 0.571989 0.027094
v -0.021052 0.575492 0.029758
v -0.019646 0.572999 -0.004302
v -0.043233 0.571502 0.024471
v -0.029048 0.574909 0.062885
v -0.057502 0.572795 -0.023973
v -0.023802 0.572110 -0.029005
v -0.092007 0.571514 -0.000771
v -0.117737 0.571600 -0.046753
v -0.076031 0.570382 0.040015
v -0.086416 0.572696 0.024758
v -0.071973 0.570135 0.079344
v -0.094768 0.570342 0.075450
v -0.041638 0.571030 0.074885
v -0.063942 0.575135 0.101766
v -0.041934 0.579170 0.089364
v -0.076972 0.570280 0.108680
v -0.105275 0.569886 0.116140
v -0.069493 0.572980 0.120652
v -0.077342 0.570158 0.141635
v -0.065146 0.581509 0.118476
v -0.053807 0.583157 0.108122
v -0.048371 0.581994 0.118363
v -0.032061 0.578854 0.099457
v -0.023592 0.581595 0.111866
v -0.026887 0.575411 0.122725
v -0.043642 0.571548 0.141074
v 0.001112 0.570035 0.146328
v -0.037812 0.570113 0.168616
v -0.015924 0.571916 0.106911
v 0.022782 0.571700 0.109388
v 0.048461 0.571695 0.124905
v -0.004564 0.570262 0.095278
v 0.059058 0.571093 0.090949
v 0.037496 0.570540 0.059062
v 0.080311 0.570971 0.035260
v 0.095785 0.572990 0.084531
v 0.080025 0.571971 0.120256
v 0.113073 0.572012 0.049149
v 0.112655 0.576129 0.096120
v 0.114885 0.573322 0.013726
v 0.140943 0.569775 0.010130
v 0.092781 0.570251 0.001303
v 0.074921 0.570400 -0.019615
v 0.088606 0.571312 -0.037326
v 0.170247 0.570468 0.015389
v 0.137547 0.573400 -0.012508
v 0.152193 0.571215 -0.031962
v 0.185931 0.569464 -0.015351
v 0.189001 0.570032 0.008624
v 0.162799 0.569735 -0.040433
v 0.130372 0.575472 -0.054040
v 0.117611 0.583833 -0.052982
v 0.208055 0.571025 -0.045168
v 0.225992 0.572058 -0.019057
v 0.197157 0.572170 -0.064308
v 0.223627 0.568381 -0.000151
v 0.235398 0.571047 -0.014893
v 0.255274 0.567900 -0.003103
v 0.261352 0.570364 -0.036285
v 0.275992 0.568515 -0.032759
v 0.300675 0.566929 0.000721
v 0.278351 0.571501 -0.055419
v 0.286693 0.567562 -0.079297
v 0.324739 0.565702 -0.057059
v 0.265577 0.570212 -0.075783
v 0.252162 0.568534 -0.100625
v 0.273785 0.567202 -0.125127
v 0.318270 0.565192 -0.108701
v 0.226246 0.571296 -0.092883
v 0.251106 0.567729 -0.142204
v 0.280688 0.566732 -0.150609
v 0.222506 0.568097 -0.154695
v 0.220224 0.577907 -0.163674
v 0.217704 0.578375 -0.177546
v 0.234377 0.587363 -0.166988
v 0.226943 0.574107 -0.194065
v 0.242470 0.580365 -0.186024
v 0.235952 0.574026 -0.203581
v 0.264438 0.569771 -0.182761
v 0.250427 0.578773 -0.161098
v 0.297041 0.565143 -0.168454
v 0.304081 0.567815 -0.184794
v 0.325655 0.565610 -0.134413
v 0.342029 0.566017 -0.083041
v 0.348070 0.565052 -0.034415
v 0.323704 0.566179 -0.021781
v 0.355090 0.571598 0.005452
v 0.347045 0.565022 0.046122
v 0.315746 0.568131 0.046283
v 0.328359 0.565040 0.089346
v 0.296948 0.571823 0.038993
v 0.307284 0.571540 0.062359
v 0.270408 0.571206 0.024285
v 0.282798 0.582968 0.050786
v 0.296341 0.583321 0.053649
v 0.279295 0.584287 0.070078
v 0.295561 0.579211 0.074988
v 0.268398 0.573753 0.057732
v 0.256655 0.574798 0.084037
v 0.278865 0.579545 0.085498
v 0.270714 0.569796 0.111235
v 0.301651 0.569277 0.093998
v 0.303901 0.565644 0.136011
v 0.333331 0.564517 0.114676
v 0.274542 0.567193 0.152944
v 0.243655 0.569014 0.111684
v 0.252309 0.568606 0.151226
v 0.254011 0.567007 0.191768
v 0.224546 0.569753 0.133849
v 0.207383 0.571097 0.092824
v 0.233082 0.571019 0.079092
v 0.171662 0.570936 0.094463
v 0.152404 0.568677 0.161726
v 0.172909 0.567593 0.191297
v 0.144978 0.567669 0.206521
v 0.103507 0.568137 0.197809
v 0.185334 0.566586 0.222910
v 0.140830 0.566453 0.241722
v 0.207656 0.569907 0.195694
v 0.232753 0.565849 0.224657
v 0.228760 0.567653 0.202101
v 0.205386 0.564821 0.263231
v 0.161470 0.565673 0.271466
v 0.270689 0.568224 0.189604
v 0.235756 0.568661 0.189877
v 0.240931 0.574848 0.164746
v 0.143805 0.564719 0.301154
v 0.119296 0.567665 0.261283
v 0.101219 0.573758 0.284946
v 0.092454 0.576596 0.254283
v 0.101618 0.565132 0.323052
v 0.079847 0.569610 0.307283
v 0.080785 0.580710 0.279156
v 0.068236 0.564686 0.333247
v 0.051014 0.566548 0.288722
v 0.028227 0.565107 0.334395
v -0.012668 0.564670 0.343795
v 0.004140 0.566638 0.303819
v -0.033998 0.566607 0.308748
v -0.071677 0.567187 0.303244
v -0.042559 0.568337 0.268167
v -0.095784 0.565297 0.327067
v -0.123935 0.567026 0.293385
v -0.088778 0.569251 0.254793
v -0.141464 0.569271 0.254938
v -0.063782 0.567610 0.250092
v -0.055299 0.570866 0.237360
v -0.032835 0.570081 0.241065
v 0.006001 0.568816 0.259361
v -0.027630 0.570674 0.212615
v 0.001303 0.569494 0.216710
v -0.002537 0.569720 0.184725
v 0.045004 0.568224 0.240671
v 0.026922 0.570852 0.204507
v 0.047721 0.571115 0.217657
v 0.010326 0.575379 0.171377
v 0.028718 0.570472 0.153075
v -0.029756 0.575235 0.190130
v -0.051476 0.576835 0.168188
v 0.057217 0.573708 0.137829
v 0.088983 0.569361 0.166656
v 0.096324 0.571122 0.147961
v 0.086620 0.568778 0.189336
v 0.068491 0.569348 0.209169
v 0.076709 0.568743 0.238590
v 0.091127 0.572876 0.237228
v 0.117399 0.567606 0.233303
v 0.073302 0.575307 0.249134
v 0.054854 0.566911 0.252192
v 0.085197 0.584054 0.246207
v 0.079860 0.577620 0.256237
v 0.130922 0.567885 0.249350
v 0.091241 0.580960 0.266445
v 0.067984 0.582075 0.261354
v 0.056221 0.574521 0.255130
v -0.080627 0.569855 0.238467
v -0.098868 0.569109 0.226475
v -0.122627 0.570513 0.221408
v -0.109848 0.570269 0.208666
v -0.169071 0.569857 0.199160
v -0.128276 0.570228 0.160973
v -0.202202 0.567863 0.230442
v -0.222941 0.568228 0.179891
v -0.194399 0.565353 0.276074
v -0.164893 0.565723 0.292007
v -0.238302 0.565513 0.237451
v -0.259119 0.566399 0.195705
v -0.265603 0.568048 0.153842
v -0.307142 0.565099 0.153096
v -0.264616 0.569650 0.108583
v -0.204302 0.569581 0.162547
v -0.187261 0.570084 0.170931
v -0.199815 0.570696 0.142704
v -0.196872 0.576630 0.154647
v -0.189441 0.569381 0.127785
v -0.179960 0.580627 0.144295
v -0.162738 0.569577 0.121665
v -0.165067 0.569474 0.079074
v -0.124587 0.570849 0.084814
v -0.188297 0.569784 0.054128
v -0.154000 0.571179 0.067587
v -0.221774 0.569523 0.042075
v -0.217053 0.568477 0.019519
v -0.156737 0.569543 0.031950
v -0.247346 0.569497 0.029037
v -0.231308 0.567845 -0.011637
v -0.251157 0.568595 -0.025034
v -0.203742 0.569035 -0.030199
v -0.175459 0.569382 -0.013486
v -0.234771 0.570602 -0.035306
v -0.233178 0.567464 -0.054929
v -0.244231 0.570963 -0.046298
v -0.263175 0.579448 -0.025887
v -0.266431 0.586311 -0.041831
v -0.273622 0.577673 -0.061852
v -0.255192 0.575759 -0.057054
v -0.277318 0.568667 -0.075541
v -0.256018 0.569027 -0.060528
v -0.243118 0.567792 -0.084971
v -0.253619 0.569991 -0.121260
v -0.216947 0.569726 -0.111575
v -0.255061 0.569395 -0.158566
v -0.213412 0.568824 -0.080194
v -0.192988 0.572981 -0.113963
v -0.177924 0.574240 -0.085976
v -0.164287 0.570416 -0.132507
v -0.193088 0.569563 -0.135313
v -0.182324 0.568304 -0.162449
v -0.156903 0.569012 -0.165118
v -0.194888 0.568613 -0.158385
v -0.205661 0.570005 -0.161866
v -0.102473 0.569213 -0.175333
v -0.098302 0.572506 -0.156747
v -0.139703 0.569130 -0.179843
v -0.119923 0.568750 -0.191932
v -0.106807 0.568731 -0.208774
v -0.072833 0.568240 -0.225902
v -0.120611 0.571407 -0.205048
v -0.135446 0.569139 -0.234361
v -0.114142 0.567422 -0.242587
v -0.097860 0.568026 -0.260498
v -0.125684 0.566696 -0.266377
v -0.110022 0.574027 -0.267870
v -0.124601 0.573531 -0.272367
v -0.102518 0.579672 -0.280601
v -0.083638 0.575585 -0.289095
v -0.078066 0.567331 -0.272716
v -0.079371 0.567847 -0.292294
v -0.027478 0.568803 -0.218311
v -0.009122 0.569551 -0.254535
v 0.022216 0.567499 -0.243479
v 0.092889 0.567470 -0.303734
v 0.089892 0.570832 -0.278935
v 0.105448 0.567410 -0.257700
v 0.084947 0.569211 -0.257386
v 0.078214 0.570805 -0.246045
v 0.095743 0.568925 -0.237629
v 0.072171 0.567583 -0.233773
v 0.108529 0.574695 -0.228658
v 0.098053 0.576988 -0.216158
v 0.120564 0.575911 -0.209244
v 0.101766 0.571769 -0.192938
v 0.086926 0.569780 -0.215116
v 0.094699 0.569410 -0.166565
v 0.123289 0.571411 -0.169201
v 0.073674 0.568720 -0.199304
v 0.043097 0.568355 -0.199977
v 0.041865 0.567439 -0.251882
v 0.008245 0.570035 -0.213454
v 0.023764 0.574772 -0.184711
v -0.011804 0.569663 -0.202276
v -0.033708 0.574801 -0.177843
v -0.045081 0.570384 -0.170316
v -0.055788 0.569551 -0.148536
v -0.030461 0.569506 -0.147978
v -0.077670 0.570229 -0.149742
v -0.043232 0.570186 -0.098687
v -0.079288 0.571159 -0.112725
v -0.005128 0.570612 -0.137933
v 0.017053 0.571283 -0.137889
v 0.040958 0.571086 -0.165586
v -0.034364 0.571319 -0.074217
v -0.050812 0.571795 -0.057361
v -0.075677 0.572916 -0.071639
v -0.080685 0.572218 -0.091216
v -0.102717 0.572989 -0.079656
v -0.113648 0.571462 -0.092400
v -0.157220 0.573194 -0.043981
v -0.146532 0.569633 -0.006893
v -0.182343 0.575735 -0.035029
v -0.204736 0.572393 -0.050864
v -0.145699 0.572516 0.013273
v -0.151108 0.580539 0.046713
v -0.118387 0.570752 0.010861
v -0.092771 0.581172 -0.097812
v -0.031531 0.573564 -0.048689
v 0.078189 0.570698 -0.145301
v 0.073716 0.570308 -0.128989
v 0.089182 0.570632 -0.127828
v -0.168470 0.569723 0.152576
v -0.097392 0.571084 0.170521
v -0.108847 0.573753 0.195480
v -0.080057 0.572837 0.165374
v -0.076096 0.572253 0.183520
v -0.058124 0.571779 0.166964
v -0.093227 0.573782 0.192556
v -0.167637 0.569629 0.166643
v -0.177580 0.579490 0.162600
v -0.168796 0.578361 0.159483
v -0.298506 0.566835 0.095467
v -0.259907 0.571414 0.097067
v -0.289077 0.569054 0.069304
v 0.061873 0.572338 0.270004
v 0.141893 0.572131 0.104741
v 0.142342 0.570124 0.093869
v 0.146579 0.571118 0.057801
v 0.191900 0.571051 0.037769
v 0.342619 0.566064 0.082886
v 0.251828 0.572041 0.028324
v 0.239698 0.579479 -0.157467
v 0.140148 0.571334 -0.124312
v 0.128154 0.571165 -0.125371
v 0.125378 0.574000 -0.110062
v 0.118673 0.576363 -0.122561
v 0.116914 0.577583 -0.113787
v -0.211371 0.573864 -0.292119
v -0.238246 0.584238 -0.124289
v -0.209807 0.585926 -0.127639
v -0.200204 0.590813 -0.135059
v -0.233528 0.590157 -0.137909
v -0.249269 0.587387 -0.134399
v -0.195081 0.577410 -0.132751
v -0.195623 0.578334 -0.151744
v 0.009672 0.571939 -0.294622
v -0.018381 0.573491 -0.282016
v 0.004598 0.582512 -0.282214
v 0.019986 0.576134 -0.284010
v -0.003320 0.577190 -0.263385
v 0.035542 0.568405 -0.312489
v 0.009788 0.580798 -0.269861
v 0.059130 0.589840 -0.291781
v 0.034686 0.590037 -0.290723
v 0.036311 0.607369 -0.275889
v 0.091211 0.578612 -0.293931
v 0.078117 0.600733 -0.273629
v 0.086629 0.600136 -0.268867
v 0.060157 0.610333 -0.265529
v 0.030181 0.572829 -0.282731
v 0.080234 0.607812 -0.256742
v 0.031913 0.608814 -0.268794
v 0.024362 0.569328 -0.271715
v 0.027350 0.570548 -0.258942
v 0.015580 0.571284 -0.258976
v 0.077405 0.582352 -0.135810
v 0.100607 0.587029 -0.132607
v 0.100948 0.575526 -0.129974
v 0.083073 0.583682 -0.152011
v 0.110283 0.585925 -0.146206
v 0.289617 0.571776 -0.212357
v 0.276447 0.573496 -0.232760
v 0.094729 0.579621 -0.002490
v 0.032775 0.579166 0.204281
v 0.066281 0.585284 0.207329
v 0.014795 0.590810 0.180921
v 0.052170 0.597992 0.187756
v 0.034401 0.599451 0.166523
v 0.078583 0.593933 0.200190
v 0.073694 0.596871 0.187784
v 0.057589 0.611980 0.168754
v 0.054135 0.610444 0.158753
v 0.034437 0.581842 -0.158866
v 0.013882 0.594101 -0.171103
v -0.009751 0.596481 -0.192704
v 0.023795 0.596112 -0.149996
v -0.007611 0.599204 -0.173367
v -0.002217 0.577805 -0.207535
v 0.134057 0.571641 0.244048
v -0.289429 0.831319 -0.242375
v -0.301637 0.801792 -0.211823
v -0.267613 0.825588 -0.263371
v -0.276206 0.793740 -0.241451
v -0.229983 0.826929 -0.297335
v -0.241240 0.780489 -0.272958
v -0.188506 0.827150 -0.325435
v -0.156347 0.832376 -0.344002
v -0.208928 0.800052 -0.303267
v -0.175065 0.803136 -0.324568
v -0.240115 0.573723 -0.267483
v -0.184694 0.768806 -0.312494
v -0.147605 0.573267 -0.327562
v -0.156108 0.779180 -0.329176
v -0.106611 0.786535 -0.348947
v -0.103727 0.575230 -0.345149
v -0.140628 0.816967 -0.344601
v -0.110255 0.836442 -0.365385
v -0.079523 0.840559 -0.388674
v -0.063612 0.802702 -0.363044
v -0.045657 0.840879 -0.380988
v -0.010429 0.822725 -0.374382
v -0.007644 0.769273 -0.362465
v 0.015202 0.840336 -0.384198
v 0.040332 0.816386 -0.370544
v 0.084336 0.836356 -0.370924
v 0.121607 0.794761 -0.345856
v 0.087428 0.773234 -0.351794
v 0.146964 0.833176 -0.348330
v 0.105711 0.841911 -0.373941
v 0.171034 0.793767 -0.324102
v 0.190947 0.835660 -0.328450
v 0.179413 0.841745 -0.347172
v 0.140990 0.842277 -0.362318
v 0.210116 0.841265 -0.331046
v 0.103071 0.574218 -0.344783
v 0.201496 0.580947 -0.300167
v 0.039171 0.578255 -0.357862
v -0.024836 0.574110 -0.357407
v 0.076227 0.840375 -0.389111
v -0.271920 0.578840 -0.237737
v -0.300662 0.581504 -0.202427
v -0.273512 0.585168 0.078972
v -0.261871 0.587319 0.063891
v -0.251939 0.589200 0.101494
v -0.237488 0.589520 0.040039
v -0.216899 0.582372 -0.147577
v -0.220851 0.588564 0.051322
v -0.201318 0.578008 0.066763
v -0.184366 0.581661 -0.226561
v -0.164930 0.592802 -0.202044
v -0.165653 0.594566 -0.232309
v -0.141501 0.603812 -0.193295
v -0.150906 0.595326 -0.182950
v -0.171971 0.577861 -0.176395
v -0.142954 0.582196 -0.182866
v -0.166325 0.576967 -0.167507
v -0.127314 0.585698 -0.196512
v -0.173232 0.578471 -0.236294
v -0.154095 0.580480 -0.242531
v -0.140281 0.589165 -0.213118
v -0.153490 0.489757 -0.351611
v -0.123654 0.577260 -0.362747
v -0.097325 0.432432 -0.370376
v -0.060402 0.496865 -0.378091
v -0.125825 0.395005 -0.362399
v -0.104950 0.354880 -0.368861
v -0.150142 0.351684 -0.353100
v -0.129548 0.290287 -0.360457
v -0.041999 0.361612 -0.381124
v -0.048523 0.279181 -0.380238
v -0.096920 0.232773 -0.370945
v 0.019455 0.334761 -0.382325
v 0.025102 0.377739 -0.382704
v 0.015353 0.270247 -0.383165
v 0.064200 0.301378 -0.377807
v -0.034852 0.228933 -0.381784
v 0.042308 0.211688 -0.380565
v 0.066906 0.261416 -0.377255
v -0.007498 0.150098 -0.383257
v -0.056278 0.194666 -0.378976
v 0.050521 0.160516 -0.379760
v 0.097004 0.168606 -0.370521
v 0.042024 0.098847 -0.381374
v 0.102731 0.114399 -0.369001
v -0.016938 0.075104 -0.383196
v -0.059885 0.097187 -0.378853
v 0.059643 0.064352 -0.378076
v 0.088129 0.032647 -0.366045
v -0.054795 0.043070 -0.376523
v -0.109594 0.078414 -0.366933
v -0.111207 0.131693 -0.366875
v -0.134353 0.162692 -0.358897
v -0.087237 0.153788 -0.373168
v -0.130301 0.204718 -0.360476
v 0.108161 0.051055 -0.365690
v 0.133246 0.034339 -0.353073
v 0.144174 0.055866 -0.354122
v 0.185438 0.045628 -0.331469
v 0.123488 0.078431 -0.362772
v 0.170888 0.085589 -0.343188
v 0.155898 0.123125 -0.350000
v 0.239734 0.059041 -0.296203
v 0.202862 0.115455 -0.325114
v 0.222352 0.035660 -0.304731
v 0.302834 0.071592 -0.233314
v 0.310291 0.043987 -0.217450
v 0.273778 0.114397 -0.267346
v 0.237051 0.092718 -0.301056
v 0.308529 0.111321 -0.226572
v 0.290441 0.140063 -0.249297
v 0.252211 0.159745 -0.287493
v 0.306760 0.156704 -0.228632
v 0.286449 0.186600 -0.253809
v 0.302813 0.207506 -0.233786
v 0.288584 0.235478 -0.250997
v 0.254920 0.211522 -0.285016
v 0.313139 0.242577 -0.219826
v 0.298012 0.286076 -0.240044
v 0.258417 0.264299 -0.281739
v 0.261053 0.321150 -0.279747
v 0.217742 0.293698 -0.314399
v 0.287919 0.343141 -0.251922
v 0.275780 0.388183 -0.265042
v 0.310586 0.318323 -0.224368
v 0.318221 0.349056 -0.211366
v 0.304956 0.401051 -0.231303
v 0.282336 0.443600 -0.258213
v 0.256238 0.431953 -0.284520
v 0.305685 0.470553 -0.230651
v 0.265296 0.480801 -0.275866
v 0.279261 0.537233 -0.261667
v 0.232269 0.504392 -0.304147
v 0.309739 0.524664 -0.224575
v 0.288041 0.568535 -0.251776
v 0.261377 0.580850 -0.279457
v 0.311852 0.575510 -0.221623
v 0.293579 0.616574 -0.245370
v 0.273096 0.653330 -0.267418
v 0.249729 0.647283 -0.290184
v 0.298387 0.666549 -0.239495
v 0.251612 0.687031 -0.287853
v 0.293304 0.717223 -0.245457
v 0.225401 0.657649 -0.309033
v 0.235479 0.618608 -0.301787
v 0.226323 0.696191 -0.308534
v 0.190002 0.691895 -0.332197
v 0.241360 0.744074 -0.296562
v 0.211752 0.745576 -0.318239
v 0.267778 0.727300 -0.272799
v 0.262592 0.762155 -0.278216
v 0.284790 0.758567 -0.255917
v 0.263998 0.795958 -0.278087
v 0.300383 0.803455 -0.244298
v 0.226018 0.793806 -0.309302
v 0.249533 0.811443 -0.300039
v 0.214942 0.806601 -0.321849
v 0.277523 0.813108 -0.276139
v 0.272448 0.822704 -0.293297
v 0.236885 0.824819 -0.324381
v 0.292236 0.827982 -0.276961
v 0.259885 0.834234 -0.306869
v 0.278056 0.840584 -0.283554
v 0.235054 0.836974 -0.325034
v 0.213185 0.832251 -0.341853
v 0.200287 0.818297 -0.341979
v 0.184919 0.825936 -0.357099
v 0.189827 0.836244 -0.353824
v 0.161586 0.805027 -0.350758
v 0.156431 0.828776 -0.370417
v 0.121414 0.818205 -0.376889
v 0.160641 0.840268 -0.362593
v 0.128729 0.835769 -0.379428
v 0.086353 0.829115 -0.392994
v 0.079693 0.814971 -0.385280
v 0.050503 0.826348 -0.399190
v 0.104933 0.803645 -0.370126
v 0.056990 0.801906 -0.380044
v 0.077803 0.787906 -0.374729
v 0.037667 0.814496 -0.390590
v 0.014857 0.803218 -0.384513
v -0.005088 0.816617 -0.394155
v 0.035820 0.784475 -0.381220
v -0.009139 0.787467 -0.382760
v 0.048676 0.746988 -0.379340
v -0.007768 0.757259 -0.382600
v 0.099273 0.762462 -0.369345
v 0.118552 0.790401 -0.364014
v 0.070945 0.709462 -0.375695
v 0.124639 0.738375 -0.361386
v 0.030793 0.698263 -0.381732
v 0.051386 0.654686 -0.379211
v 0.010240 0.725464 -0.382669
v -0.013013 0.650695 -0.382247
v -0.025646 0.725501 -0.382289
v -0.057173 0.715861 -0.378546
v -0.061747 0.775157 -0.377942
v -0.075234 0.650423 -0.375440
v -0.092183 0.698093 -0.371708
v -0.076557 0.575970 -0.375496
v -0.011039 0.551219 -0.382806
v -0.121060 0.663371 -0.363540
v -0.121585 0.512670 -0.363881
v 0.010996 0.476398 -0.383441
v -0.040827 0.437660 -0.381490
v 0.050512 0.479764 -0.379862
v 0.058930 0.553921 -0.378435
v 0.040414 0.425384 -0.381333
v 0.073742 0.447055 -0.375938
v 0.000964 0.423432 -0.383603
v 0.083871 0.392069 -0.373849
v 0.068111 0.359518 -0.377192
v 0.110257 0.349388 -0.366523
v 0.131781 0.401004 -0.359511
v 0.095801 0.312910 -0.370823
v 0.135698 0.311636 -0.358058
v 0.166419 0.353295 -0.344926
v 0.145084 0.251464 -0.353857
v 0.176851 0.298146 -0.339857
v 0.100116 0.227335 -0.369536
v 0.131190 0.173138 -0.359566
v 0.168667 0.170977 -0.343806
v 0.225083 0.145428 -0.309444
v 0.194109 0.193241 -0.330070
v 0.228111 0.194832 -0.307540
v 0.211378 0.240292 -0.318847
v 0.178466 0.262222 -0.338618
v 0.194095 0.333469 -0.330363
v 0.223556 0.341776 -0.310505
v 0.201458 0.375275 -0.325520
v 0.248535 0.383717 -0.291150
v 0.225060 0.410315 -0.309629
v 0.238044 0.459998 -0.299582
v 0.201857 0.448729 -0.325353
v 0.178275 0.488731 -0.339060
v 0.160968 0.442310 -0.347519
v 0.208445 0.530264 -0.320957
v 0.147815 0.523450 -0.352567
v 0.221548 0.567177 -0.311696
v 0.176130 0.562178 -0.340123
v 0.208840 0.609404 -0.320366
v 0.171326 0.603386 -0.342266
v 0.135414 0.565581 -0.358145
v 0.197629 0.649526 -0.327700
v 0.158072 0.658927 -0.348308
v 0.155563 0.708881 -0.349385
v 0.181364 0.740670 -0.336932
v 0.118070 0.685552 -0.363547
v 0.116820 0.615872 -0.364122
v 0.088765 0.655951 -0.372187
v 0.070306 0.619905 -0.376359
v 0.020915 0.597316 -0.382335
v 0.096932 0.578463 -0.370439
v 0.087510 0.526842 -0.373149
v 0.098671 0.485239 -0.370168
v 0.112072 0.437528 -0.366157
v 0.133385 0.467681 -0.359069
v 0.173204 0.399286 -0.341780
v 0.156297 0.782445 -0.349281
v 0.192962 0.787054 -0.330876
v -0.151430 0.713315 -0.352108
v -0.123356 0.737132 -0.362551
v -0.141435 0.765459 -0.356512
v -0.095545 0.756026 -0.370823
v -0.084670 0.809502 -0.379724
v -0.121801 0.792609 -0.363591
v -0.033776 0.804513 -0.384538
v -0.027671 0.825765 -0.400807
v 0.013886 0.827148 -0.402066
v -0.003823 0.834014 -0.402440
v -0.028247 0.839011 -0.396812
v 0.029364 0.840400 -0.395179
v -0.074207 0.827632 -0.395476
v -0.133680 0.824101 -0.376334
v -0.149249 0.802351 -0.354684
v 0.049787 0.834813 -0.399118
v 0.317627 0.831908 -0.244967
v -0.145235 0.605384 0.052636
v -0.140039 0.575984 0.075637
v -0.142802 0.599777 0.035240
v -0.118124 0.598538 0.065184
v -0.109783 0.612066 0.053980
v -0.095663 0.582890 0.075304
v -0.093243 0.605919 0.061423
v -0.093550 0.611198 0.053894
v -0.115192 0.207464 0.365788
v -0.094709 0.165670 0.371907
v -0.091917 0.275122 0.372270
v -0.074865 0.215475 0.376468
v -0.102615 0.385368 0.369041
v -0.039525 0.274199 0.381655
v -0.020232 0.360202 0.383126
v 0.023274 0.250713 0.382496
v -0.061495 0.441391 0.378708
v -0.108387 0.443649 0.367802
v -0.000870 0.427860 0.383574
v 0.042998 0.376340 0.381080
v -0.039575 0.490435 0.381686
v 0.013563 0.481292 0.383275
v -0.101768 0.517653 0.369694
v -0.061257 0.549224 0.378497
v -0.110307 0.586216 0.367015
v -0.049698 0.640557 0.379905
v -0.010737 0.584271 0.383182
v -0.083737 0.640378 0.374135
v -0.098490 0.701620 0.370478
v -0.106411 0.763062 0.368537
v -0.076228 0.733430 0.375626
v -0.047385 0.715034 0.380094
v -0.070392 0.778958 0.376892
v -0.040207 0.751004 0.381017
v -0.085211 0.797899 0.375156
v -0.042924 0.803718 0.383373
v -0.086183 0.816035 0.384952
v -0.088061 0.829742 0.393709
v -0.054001 0.822681 0.396612
v -0.064530 0.836234 0.397387
v -0.031981 0.834074 0.401782
v 0.014019 0.834832 0.402440
v -0.018049 0.823736 0.401247
v 0.059692 0.836656 0.397152
v 0.065202 0.824179 0.396650
v 0.096459 0.835086 0.390039
v 0.128578 0.837146 0.380166
v 0.108230 0.821268 0.384771
v 0.139278 0.825963 0.377573
v 0.166268 0.826331 0.367568
v 0.179611 0.809342 0.345767
v 0.204322 0.833528 0.346279
v 0.193393 0.823602 0.352199
v 0.220989 0.815232 0.326430
v 0.246618 0.825253 0.317901
v 0.221160 0.800146 0.314115
v 0.208138 0.781861 0.321620
v 0.246019 0.804841 0.298896
v 0.239394 0.781750 0.299027
v 0.268169 0.779414 0.273432
v 0.257753 0.739816 0.282763
v 0.231152 0.736219 0.305199
v 0.244250 0.705004 0.294337
v 0.196609 0.732312 0.328529
v 0.215033 0.686777 0.316348
v 0.179730 0.768934 0.338691
v 0.154247 0.725455 0.350668
v 0.179012 0.682514 0.338913
v 0.154466 0.781245 0.350979
v 0.125219 0.748767 0.361771
v 0.119005 0.709642 0.363904
v 0.122959 0.790344 0.363385
v 0.145134 0.808228 0.360639
v 0.077603 0.772575 0.375238
v 0.081668 0.800287 0.376386
v 0.082131 0.727282 0.374097
v 0.034744 0.750217 0.381364
v 0.033489 0.786673 0.382212
v 0.028998 0.693805 0.382037
v 0.059329 0.678525 0.378401
v -0.003982 0.724446 0.382980
v -0.017797 0.670695 0.382924
v -0.015698 0.771544 0.383118
v -0.006929 0.804725 0.387207
v 0.014710 0.822254 0.400111
v 0.031272 0.809582 0.388559
v 0.080851 0.814708 0.385723
v 0.026322 0.605868 0.382495
v -0.014704 0.538169 0.383157
v 0.081418 0.654775 0.374075
v 0.088014 0.570983 0.372809
v 0.139335 0.682209 0.356716
v 0.114799 0.631475 0.365432
v 0.162153 0.632053 0.347365
v 0.190839 0.635341 0.332308
v 0.137631 0.575513 0.357767
v 0.180626 0.588646 0.338345
v 0.121909 0.483775 0.363111
v 0.067221 0.502656 0.377900
v 0.166971 0.541340 0.345439
v 0.171548 0.478060 0.343423
v 0.214339 0.552946 0.317591
v 0.199669 0.509638 0.327389
v 0.223168 0.602827 0.310723
v 0.257079 0.543096 0.283975
v 0.225280 0.639275 0.309803
v 0.261806 0.633832 0.278924
v 0.247272 0.665955 0.292082
v 0.268026 0.680619 0.272765
v 0.286993 0.700969 0.252857
v 0.293311 0.630278 0.245796
v 0.289133 0.754783 0.250528
v 0.295203 0.793792 0.244778
v 0.276890 0.804695 0.270753
v 0.315861 0.816743 0.236955
v 0.264200 0.817047 0.295098
v 0.295120 0.824903 0.273226
v 0.271640 0.826925 0.298068
v 0.288112 0.836963 0.278101
v 0.265189 0.598781 0.275974
v 0.288629 0.564963 0.251609
v 0.286150 0.512009 0.254283
v 0.244689 0.506015 0.294824
v 0.279387 0.468824 0.262047
v 0.223858 0.483352 0.311274
v 0.250337 0.462776 0.290118
v 0.197026 0.457524 0.329160
v 0.221728 0.438123 0.312363
v 0.173937 0.413342 0.341701
v 0.217859 0.394946 0.315258
v 0.200829 0.369403 0.326214
v 0.252574 0.395467 0.287970
v 0.232494 0.349714 0.304335
v 0.278952 0.423302 0.262280
v 0.285014 0.355798 0.255911
v 0.297451 0.442333 0.241528
v 0.263221 0.304811 0.278039
v 0.234970 0.285792 0.302205
v 0.210630 0.307861 0.319608
v 0.258983 0.248644 0.281058
v 0.221103 0.222155 0.312312
v 0.287890 0.280021 0.252216
v 0.290737 0.224565 0.248520
v 0.257856 0.209167 0.282933
v 0.272188 0.141810 0.268499
v 0.230965 0.184972 0.304787
v 0.222326 0.139604 0.311303
v 0.204399 0.163308 0.323472
v 0.179958 0.200193 0.338282
v 0.181881 0.147226 0.337140
v 0.194316 0.085360 0.329693
v 0.144205 0.187918 0.354641
v 0.169507 0.252369 0.343538
v 0.148675 0.128702 0.352947
v 0.100188 0.179029 0.369723
v 0.118089 0.233825 0.364043
v 0.099583 0.120766 0.370129
v 0.130557 0.081994 0.360043
v 0.076439 0.146170 0.375761
v 0.062382 0.188180 0.378224
v 0.047522 0.092542 0.380920
v 0.105503 0.069707 0.367893
v 0.026316 0.145832 0.382809
v -0.021512 0.106677 0.383957
v -0.017597 0.187592 0.383361
v 0.072183 0.234528 0.376301
v 0.061573 0.297177 0.378154
v 0.093313 0.278857 0.371583
v 0.024472 0.330744 0.383162
v 0.073006 0.332799 0.376349
v 0.080809 0.417511 0.374343
v 0.126847 0.332210 0.361429
v 0.031859 0.532555 0.382310
v 0.128384 0.383984 0.361246
v 0.168658 0.357217 0.344403
v 0.161453 0.310454 0.347581
v 0.189964 0.303338 0.333003
v 0.140041 0.270009 0.356477
v -0.068045 0.133201 0.377838
v -0.049582 0.046927 0.377577
v -0.104530 0.067436 0.368887
v 0.011032 0.043813 0.381264
v 0.065963 0.046241 0.375002
v 0.109606 0.027935 0.356386
v 0.141723 0.046985 0.352712
v 0.144164 0.031654 0.346217
v 0.159787 0.082793 0.347967
v 0.186711 0.044289 0.330349
v 0.224755 0.052201 0.307189
v 0.240929 0.086529 0.297272
v 0.230248 0.034576 0.297203
v 0.249265 0.059095 0.288968
v 0.272213 0.044918 0.263564
v 0.278461 0.079280 0.262246
v 0.297138 0.099986 0.241517
v -0.120001 0.582139 0.021307
v -0.107975 0.600975 0.039139
v -0.088192 0.587386 0.031841
v -0.091463 0.585681 0.055549
v -0.089058 0.579863 -0.138803
v -0.096666 0.584945 -0.154683
v -0.108130 0.578884 0.210133
v -0.103433 0.588064 0.200026
v -0.099898 0.586688 0.210142
v -0.074083 0.587676 0.194630
v -0.073384 0.581408 0.187890
v -0.071251 0.593838 0.180120
v -0.077737 0.587373 0.167221
v -0.070319 0.579244 0.162563
v -0.097950 0.578162 0.227275
v -0.060800 0.592577 0.168716
v -0.062145 0.585166 0.198050
v -0.080610 0.586820 0.205587
v -0.059095 0.580326 0.210597
v -0.063845 0.578596 0.224161
v -0.083054 0.576980 0.235028
v -0.068802 0.574104 0.242168
v -0.038852 0.578428 0.224943
v -0.046197 0.583202 0.208160
v -0.040827 0.588607 0.195364
v -0.057055 0.589016 0.193349
v -0.025417 0.579776 0.209802
v -0.030609 0.587202 0.192998
v -0.042359 0.589883 0.178386
v -0.053860 0.570616 0.209859
v -0.059120 0.571710 0.200888
v -0.049388 0.576327 0.196797
v 0.244883 0.841983 -0.307979
v 0.229877 0.841172 -0.309088
v 0.264386 0.842245 -0.284501
v 0.293766 0.842028 -0.256638
v 0.314938 0.842178 -0.227672
v 0.354727 0.837239 -0.182612
v 0.333465 0.842460 -0.195964
v 0.358931 0.842133 -0.144072
v 0.385955 0.836003 -0.106206
v 0.381006 0.841941 -0.078383
v 0.395322 0.839369 -0.045403
v 0.384768 0.841701 -0.029408
v 0.387261 0.841027 0.010476
v 0.401585 0.835382 0.002341
v 0.395337 0.839739 0.037410
v 0.381067 0.842055 0.061701
v 0.389376 0.840427 0.074488
v -0.037188 0.582735 -0.065553
v -0.014114 0.581175 -0.039627
v -0.023796 0.600337 -0.072989
v 0.005074 0.584647 -0.026480
v -0.030182 0.589473 -0.077417
v 0.015868 0.597533 -0.036659
v 0.031026 0.578414 -0.047345
v -0.013910 0.580792 -0.093362
v -0.026249 0.576461 -0.160480
v 0.006306 0.585883 -0.146713
v 0.013123 0.579394 -0.135886
v -0.017331 0.586411 -0.192380
v 0.001196 0.586672 0.038618
v 0.039211 0.583677 0.042310
v 0.023127 0.581376 -0.142950
v 0.057715 0.588691 0.144238
v 0.028431 0.585800 -0.262887
v 0.047786 0.592870 -0.258718
v 0.082750 0.596233 -0.252952
v 0.085627 0.586159 -0.263168
v 0.037616 0.582725 0.058192
v 0.076373 0.578586 0.199322
v 0.084172 0.578234 0.190628
v 0.069921 0.579022 0.158762
v 0.062370 0.600299 0.163259
v 0.099330 0.578108 -0.167795
v 0.083480 0.584950 0.138206
v 0.108167 0.578273 0.156422
v 0.090400 0.585903 -0.019145
v 0.118487 0.598678 -0.032089
v 0.096525 0.595701 -0.005717
v 0.133531 0.597240 -0.045328
v 0.102187 0.587676 0.004013
v 0.096115 0.603298 0.124378
v 0.118729 0.597038 0.098670
v 0.152400 0.581318 0.116435
v 0.119205 0.588879 -0.129172
v 0.116580 0.589741 -0.121001
v 0.130203 0.580864 -0.138660
v 0.130352 0.578647 -0.159155
v 0.119561 0.592764 -0.115830
v 0.097095 0.590120 -0.123325
v 0.101492 0.595826 -0.107212
v 0.123989 0.595509 -0.103100
v 0.149281 0.588637 -0.127872
v 0.142567 0.591873 -0.106194
v 0.156136 0.587945 -0.120470
v 0.157816 0.580886 -0.142237
v 0.089715 0.589843 -0.112230
v 0.143993 0.582844 -0.133479
v 0.096309 0.574797 -0.121021
v 0.122510 0.583395 -0.113147
v 0.097747 0.585386 -0.103732
v 0.114586 0.581047 -0.097594
v 0.121390 0.587622 -0.015024
v 0.142996 0.583219 -0.034874
v 0.124192 0.585994 0.249766
v 0.115802 0.584822 0.262132
v 0.109938 0.592789 0.256008
v 0.125699 0.573543 0.243724
v 0.134402 0.595664 0.254594
v 0.137389 0.587893 0.251763
v 0.132686 0.581637 0.244325
v 0.135710 0.582527 0.255707
v 0.139591 0.589400 0.261409
v 0.154944 0.596798 0.244869
v 0.149017 0.602056 0.241617
v 0.144016 0.604650 0.221120
v 0.152168 0.588209 0.231372
v 0.142455 0.593207 0.218723
v 0.132776 0.582357 -0.118115
v 0.150158 0.585999 0.245930
v 0.140960 0.595754 0.231684
v 0.145293 0.595046 0.241223
v 0.191987 0.582143 0.028506
v 0.190609 0.579011 0.012234
v 0.202992 0.586103 0.017734
v 0.236448 0.578133 0.009589
v 0.248655 0.576548 0.009062
v 0.200567 0.807801 -0.310205
v 0.233185 0.788633 -0.280847
v 0.230380 0.821358 -0.294149
v 0.254971 0.811132 -0.268573
v 0.269757 0.836018 -0.267470
v 0.258652 0.591165 -0.254838
v 0.278798 0.811445 -0.244063
v 0.292824 0.778009 -0.215450
v 0.307827 0.835758 -0.222825
v 0.309133 0.812587 -0.204753
v 0.241197 0.835947 -0.293450
v 0.377287 0.836764 -0.046088
v 0.378060 0.834192 -0.010386
v 0.369701 0.814849 0.022593
v 0.365920 0.802347 -0.031815
v 0.366216 0.807311 -0.004652
v 0.362259 0.800739 0.007149
v 0.362662 0.780156 0.016191
v 0.360457 0.786922 0.002750
v 0.370603 0.833759 0.076171
v 0.331967 0.800690 0.157642
v 0.350607 0.805013 0.112383
v 0.335747 0.582508 0.131635
v 0.314402 0.781269 0.183101
v 0.357611 0.792947 0.075735
v 0.347584 0.574798 0.090938
v 0.353199 0.572704 0.051922
v 0.360149 0.775931 0.041016
v 0.361369 0.773035 -0.020265
v 0.352315 0.783942 -0.089978
v 0.359480 0.815730 -0.089651
v 0.334647 0.789732 -0.146295
v 0.336011 0.822295 -0.163155
v 0.338129 0.572723 -0.116395
v 0.324309 0.573259 -0.154638
v 0.355290 0.579948 -0.057117
v 0.317232 0.781897 -0.178716
v 0.366505 0.835768 -0.098152
v 0.350519 0.833043 -0.140487
v 0.331991 0.836360 -0.185301
v 0.362847 0.793610 -0.010137
v 0.350356 0.790078 -0.002509
v 0.350923 0.805423 0.009385
v 0.352373 0.805696 -0.018058
v 0.352789 0.818465 -0.002828
v 0.353696 0.790341 -0.012672
v 0.353693 0.788675 0.008927
v 0.211481 0.585346 0.192637
v 0.215486 0.586748 -0.080889
v 0.208724 0.596101 -0.073875
v 0.237284 0.582538 -0.096062
v 0.225474 0.600566 -0.088137
v 0.215546 0.607150 -0.081401
v 0.223878 0.611447 -0.069948
v 0.227041 0.598424 -0.047047
v 0.241428 0.615072 -0.047131
v 0.247696 0.612604 -0.035819
v 0.237587 0.593762 -0.027935
v 0.217652 0.587036 0.183365
v 0.235259 0.586166 0.150043
v 0.244278 0.577482 0.143525
v 0.234937 0.604917 -0.072413
v 0.251518 0.585246 -0.075953
v 0.255055 0.605810 -0.043575
v 0.266906 0.586894 -0.045687
v 0.247394 0.583838 -0.027850
v 0.321060 0.831791 0.242993
v 0.343144 0.826398 0.209820
v 0.356927 0.833713 0.183831
v 0.343220 0.836451 0.207985
v 0.391450 0.824016 0.086611
v 0.397527 0.834184 0.058718
v 0.381847 0.824969 0.124545
v 0.400337 0.825384 0.035717
v 0.373215 0.835267 0.146474
v 0.368852 0.825378 0.158633
v 0.351456 0.817413 0.181093
v 0.361899 0.813291 0.148915
v 0.370842 0.810754 0.120693
v 0.382731 0.814212 0.085750
v 0.373686 0.802082 0.090278
v 0.380642 0.800909 0.052320
v 0.390669 0.813414 0.031338
v 0.401496 0.824122 0.003729
v 0.385724 0.803147 -0.000578
v 0.349591 0.797449 0.158362
v 0.330433 0.804521 0.200269
v 0.368854 0.777913 0.103192
v 0.375872 0.741116 0.074355
v 0.376898 0.787243 0.069773
v 0.316200 0.418869 0.215116
v 0.342242 0.435661 0.170694
v 0.320505 0.452023 0.208594
v 0.338844 0.399763 0.177040
v 0.327514 0.347206 0.196975
v 0.347391 0.480313 0.159373
v 0.327104 0.499846 0.197401
v 0.349017 0.345349 0.155887
v 0.329705 0.303409 0.192724
v 0.326486 0.268841 0.198441
v 0.350310 0.283303 0.152973
v 0.342316 0.236602 0.169812
v 0.318536 0.215943 0.210928
v 0.335068 0.175390 0.183238
v 0.310017 0.259771 0.224931
v 0.311978 0.155502 0.221507
v 0.317565 0.106968 0.212832
v 0.338807 0.115310 0.177488
v 0.324387 0.067627 0.200453
v 0.345999 0.062329 0.160625
v 0.304524 0.307389 0.231796
v 0.306740 0.372236 0.229505
v 0.324474 0.560646 0.201683
v 0.349510 0.565903 0.155243
v 0.341663 0.606513 0.170831
v 0.313402 0.514577 0.220423
v 0.310416 0.586818 0.224006
v 0.318979 0.638417 0.210173
v 0.346009 0.660320 0.162477
v 0.328338 0.700854 0.195151
v 0.350648 0.693037 0.156913
v 0.342025 0.727334 0.170812
v 0.325297 0.737867 0.199811
v 0.337773 0.770742 0.179029
v 0.313537 0.783153 0.219463
v 0.305664 0.733474 0.230362
v 0.307273 0.673111 0.227870
v 0.350091 0.741542 0.154244
v 0.298599 0.479102 0.239823
v 0.357970 0.409443 0.135480
v 0.355447 0.237228 0.141013
v 0.356303 0.193152 0.138372
v 0.361048 0.149406 0.125919
v 0.358077 0.110638 0.134895
v 0.360358 0.607134 0.128651
v 0.303254 0.053477 0.229870
v 0.358381 0.668887 0.136860
v 0.357790 0.511149 0.136115
v 0.330526 0.042022 0.183240
v 0.367030 0.447356 0.108502
v 0.360217 0.769874 0.130129
v 0.366204 0.655310 0.111035
v 0.364287 0.553587 0.116935
v 0.363836 0.315721 0.118048
v 0.365623 0.357285 0.112657
v 0.370836 0.409864 0.095732
v 0.370953 0.252640 0.093717
v 0.369812 0.200190 0.099179
v 0.362693 0.062243 0.117019
v 0.362904 0.791517 0.122435
v 0.372769 0.085478 0.087444
v 0.374954 0.138368 0.079211
v 0.365502 0.673378 0.117516
v 0.369958 0.683364 0.107227
v 0.373693 0.479250 0.084513
v 0.374802 0.529426 0.080620
v 0.375904 0.567851 0.074851
v 0.372918 0.612854 0.087160
v 0.375931 0.645242 0.074466
v 0.374020 0.699546 0.083429
v 0.345837 0.035808 0.147448
v 0.374847 0.287569 0.079597
v 0.373985 0.325131 0.083610
v 0.375544 0.374286 0.076254
v 0.380979 0.413078 0.049289
v 0.377363 0.210329 0.067205
v 0.381252 0.265154 0.041910
v 0.380206 0.321223 0.053579
v 0.364505 0.035309 0.092004
v 0.376299 0.054659 0.062596
v 0.379203 0.496341 0.058523
v 0.381195 0.531583 0.046646
v 0.381750 0.606531 0.036384
v 0.381789 0.672362 0.038321
v 0.382141 0.710632 0.028178
v 0.381744 0.367761 0.040746
v 0.381983 0.758328 0.031264
v 0.371625 0.719909 0.102349
v 0.370638 0.759172 0.102818
v 0.381596 0.175224 0.039907
v 0.382048 0.226923 0.034595
v 0.381939 0.125442 0.039711
v 0.380526 0.061274 0.032252
v 0.382594 0.474383 0.024031
v 0.368292 0.767929 0.114521
v 0.361225 0.754661 0.135107
v 0.383003 0.094952 0.013654
v 0.382556 0.327330 0.024595
v 0.382934 0.291265 0.010894
v 0.371807 0.031420 0.049832
v 0.376300 0.035236 0.001543
v 0.379622 0.429075 -0.055979
v 0.369636 0.462876 -0.100453
v 0.376712 0.477324 -0.071081
v 0.366851 0.410254 -0.109153
v 0.376896 0.385975 -0.070081
v 0.369343 0.366268 -0.101241
v 0.378778 0.340815 -0.061218
v 0.372907 0.317502 -0.087230
v 0.371372 0.521883 -0.093141
v 0.381393 0.289807 -0.040096
v 0.372538 0.266443 -0.089650
v 0.379977 0.240489 -0.052507
v 0.367762 0.211546 -0.104516
v 0.378050 0.188442 -0.063147
v 0.368937 0.174658 -0.101210
v 0.378233 0.153868 -0.062424
v 0.371094 0.129093 -0.094102
v 0.379721 0.119900 -0.055828
v 0.374062 0.085644 -0.081669
v 0.381603 0.078028 -0.040446
v 0.382068 0.509135 -0.035403
v 0.382161 0.466760 -0.035120
v 0.378650 0.565589 -0.061382
v 0.368389 0.573765 -0.104277
v 0.372398 0.607683 -0.089851
v 0.381411 0.596493 -0.043019
v 0.377951 0.627142 -0.064485
v 0.370736 0.645570 -0.096430
v 0.379772 0.666335 -0.055412
v 0.375752 0.691481 -0.073760
v 0.365356 0.666688 -0.113161
v 0.369601 0.694006 -0.102137
v 0.370290 0.719318 -0.097426
v 0.374179 0.733436 -0.081539
v 0.370819 0.749845 -0.094999
v 0.376522 0.772377 -0.071499
v 0.380998 0.739934 -0.046054
v 0.381137 0.779882 -0.044230
v 0.367680 0.774917 -0.105727
v 0.378226 0.800368 -0.067824
v 0.368149 0.797882 -0.108619
v 0.382164 0.679700 -0.027592
v 0.383092 0.798431 -0.032051
v 0.371155 0.047963 -0.080240
v 0.377093 0.049110 -0.050826
v 0.364044 0.285642 -0.117478
v 0.364043 0.246846 -0.117155
v 0.357628 0.335641 -0.136304
v 0.364867 0.060773 -0.110497
v 0.360384 0.108713 -0.127983
v 0.359762 0.152653 -0.129969
v 0.356175 0.071528 -0.138374
v 0.359533 0.625341 -0.130301
v 0.382162 0.381416 -0.032872
v 0.382113 0.187904 -0.030336
v 0.358118 0.550271 -0.135303
v 0.356629 0.502104 -0.138657
v 0.354323 0.451745 -0.144502
v 0.350885 0.384778 -0.152365
v 0.351838 0.184942 -0.149753
v 0.354129 0.221452 -0.145010
v 0.350377 0.256573 -0.152907
v 0.349268 0.589204 -0.155568
v 0.351145 0.663378 -0.151730
v 0.346794 0.292345 -0.160520
v 0.342628 0.338571 -0.169527
v 0.355609 0.781284 -0.141616
v 0.347476 0.802296 -0.164612
v 0.347974 0.133664 -0.158231
v 0.336726 0.090127 -0.180706
v 0.382543 0.560203 -0.026186
v 0.338097 0.621675 -0.178956
v 0.382486 0.144041 -0.021914
v 0.345472 0.553670 -0.163770
v 0.382635 0.630169 -0.019668
v 0.382836 0.415789 -0.018505
v 0.382953 0.328591 -0.015032
v 0.382689 0.104133 -0.020403
v 0.335088 0.057219 -0.181354
v 0.342730 0.476164 -0.169566
v 0.331065 0.524614 -0.190560
v 0.332259 0.427424 -0.188494
v 0.330799 0.581975 -0.191136
v 0.364843 0.766927 -0.121046
v 0.347921 0.759709 -0.158429
v 0.336609 0.787745 -0.181804
v 0.331731 0.742900 -0.189450
v 0.359059 0.750577 -0.137281
v 0.352449 0.732652 -0.151422
v 0.332612 0.249756 -0.188291
v 0.327833 0.210540 -0.195353
v 0.332998 0.173136 -0.186258
v 0.329110 0.377290 -0.194017
v 0.323603 0.129781 -0.202710
v 0.350191 0.709545 -0.157446
v 0.345406 0.036021 -0.148679
v 0.328532 0.658107 -0.194545
v 0.342555 0.694387 -0.169989
v 0.322707 0.299077 -0.203584
v 0.320566 0.700013 -0.207557
v 0.311268 0.731978 -0.223052
v 0.311996 0.775503 -0.221313
v 0.327397 0.802276 -0.201651
v 0.316791 0.622137 -0.213504
v 0.320750 0.482855 -0.207552
v 0.351414 0.690517 -0.156863
v 0.355703 0.676782 -0.146672
v 0.361343 0.669191 -0.131302
v 0.383056 0.252527 -0.000280
v 0.381263 0.055949 -0.009998
v 0.382681 0.734519 -0.012447
v 0.383180 0.784819 0.008973
v 0.370311 0.750078 -0.103349
v 0.374170 0.719502 -0.102813
v 0.383180 0.568903 0.005570
v 0.383257 0.532842 -0.003391
v 0.383065 0.688812 0.003203
v 0.382824 0.643415 0.010120
v 0.383162 0.436706 0.011398
v 0.382913 0.401755 0.015603
v 0.383069 0.361393 0.009694
v 0.382959 0.188713 0.006659
v 0.382955 0.145369 0.013343
v 0.369082 0.676226 -0.114199
v 0.372321 0.768689 -0.106081
v 0.345876 0.820231 -0.196873
v 0.361298 0.820544 -0.167271
v 0.377068 0.827452 -0.141864
v 0.394851 0.825337 -0.076177
v 0.390430 0.816380 -0.058157
v 0.380252 0.813468 -0.094249
v 0.386813 0.825504 -0.109349
v 0.371659 0.817756 -0.135875
v 0.400730 0.827513 -0.032270
v 0.394758 0.817213 -0.020784
v 0.379251 0.676217 -0.116097
v 0.380368 0.692766 -0.107098
v 0.388914 0.741711 -0.111622
v 0.388217 0.717100 -0.116379
v 0.377196 0.752174 -0.099292
v 0.381704 0.693314 -0.121718
v 0.389921 0.710453 -0.127347
v 0.400919 0.730806 -0.142015
v 0.398007 0.730837 -0.128424
v 0.401121 0.717888 -0.131088
v 0.387970 0.732530 -0.120187
v 0.389810 0.738640 -0.137015
v 0.396156 0.724080 -0.153615
v 0.397055 0.712497 -0.149621
v 0.396369 0.708152 -0.138023
v 0.387343 0.751498 -0.125522
v 0.352258 0.712003 0.158856
v 0.355998 0.728265 0.155384
v 0.363299 0.706465 0.165464
v 0.367265 0.729219 0.159616
v 0.363988 0.721473 0.156314
v 0.359574 0.698163 0.156842
v 0.377202 0.740354 0.142618
v 0.371818 0.753201 0.142700
v 0.387394 0.755591 0.127969
v 0.386957 0.739818 0.129935
v 0.383997 0.779221 0.129929
v 0.408430 0.778617 0.121251
v 0.396987 0.753749 0.113454
v 0.410829 0.797777 0.120751
v 0.405374 0.804511 0.116093
v 0.436341 0.798883 0.118518
v 0.442512 0.811499 0.113969
v 0.431798 0.780339 0.116379
v 0.464011 0.795432 0.111894
v 0.419175 0.767383 0.110364
v 0.453771 0.782342 0.108272
v 0.475710 0.791321 0.098319
v 0.482004 0.812431 0.096742
v 0.466019 0.811617 0.109283
v 0.491787 0.805700 0.077585
v 0.472583 0.824727 0.094723
v 0.454950 0.823434 0.100452
v 0.372071 0.701406 0.153797
v 0.362096 0.682912 0.158536
v 0.360082 0.679989 0.138394
v 0.365438 0.674307 0.145117
v 0.366431 0.675435 0.124988
v 0.368757 0.669402 0.131599
v 0.368220 0.682161 0.115789
v 0.381037 0.684444 0.111426
v 0.375570 0.674040 0.116742
v 0.380231 0.694175 0.111119
v 0.388031 0.703235 0.106302
v 0.384273 0.715531 0.105936
v 0.375969 0.717557 0.152971
v 0.376847 0.731575 0.149665
v 0.382351 0.709957 0.150059
v 0.360420 0.710420 -0.164473
v 0.363408 0.687976 -0.161187
v 0.367210 0.671754 -0.144438
v 0.369466 0.671388 -0.128623
v 0.363810 0.725678 -0.159493
v 0.372342 0.758229 -0.139700
v 0.375030 0.737116 -0.145607
v 0.372047 0.723558 -0.155090
v 0.392880 0.773307 -0.125693
v 0.387720 0.734317 -0.151875
v 0.383151 0.723615 -0.158101
v 0.383512 0.713186 -0.153968
v 0.369697 0.709657 -0.155263
v 0.357572 0.697196 -0.154324
v 0.368631 0.696298 -0.154936
v 0.395402 0.789448 -0.124887
v 0.400637 0.758710 -0.113074
v 0.432984 0.776190 -0.111060
v 0.432072 0.788835 -0.117797
v 0.464467 0.790750 -0.106993
v 0.442591 0.807898 -0.115037
v 0.471272 0.806824 -0.107560
v 0.470181 0.822367 -0.098012
v 0.447314 0.822847 -0.100814
v 0.483389 0.817425 -0.091982
v 0.483303 0.802456 -0.092899
v 0.413447 0.809728 -0.113331
v 0.389538 0.800340 -0.112205
v 0.372321 0.777129 -0.121727
v 0.359303 0.810907 -0.002743
v 0.358878 0.801125 -0.011591
v 0.374401 0.778787 0.123554
v 0.382757 0.790307 0.108113
v 0.403506 0.808828 0.106773
v 0.431649 0.818394 0.103133
v 0.403851 0.804513 0.093216
v 0.426714 0.816607 0.088657
v 0.393472 0.788928 0.091000
v 0.426935 0.806379 0.078068
v 0.447051 0.824730 0.072872
v 0.459387 0.830273 0.080020
v 0.457840 0.831787 0.049269
v 0.448025 0.819433 0.046447
v 0.473585 0.836610 0.053041
v 0.470499 0.838714 0.024755
v 0.483044 0.831931 0.067309
v 0.458464 0.834213 0.012208
v 0.450505 0.821695 0.007060
v 0.481069 0.839156 -0.006358
v 0.466365 0.838220 -0.017923
v 0.474721 0.837123 -0.047570
v 0.454564 0.830454 -0.027774
v 0.449574 0.811082 -0.037240
v 0.458204 0.831250 -0.073860
v 0.477748 0.831890 -0.076752
v 0.444069 0.821211 -0.065395
v 0.419649 0.816274 -0.098139
v 0.418814 0.810629 -0.084822
v 0.399207 0.805318 -0.096910
v 0.396621 0.794023 -0.089322
v 0.380258 0.787292 -0.103714
v 0.427135 0.795523 -0.074741
v 0.382713 0.775725 -0.094320
v 0.443362 0.806069 0.063922
v 0.359973 0.676755 -0.139239
v 0.369334 0.680282 -0.116109
v 0.370284 0.688011 0.140800
v 0.386361 0.702842 0.134240
v 0.399677 0.711016 0.142057
v 0.391998 0.721554 0.156643
v 0.402749 0.723889 0.145960
v 0.379899 0.723294 0.157633
v 0.397689 0.735713 0.150039
v 0.402560 0.733900 0.138587
v 0.364814 0.682853 -0.128641
v 0.374554 0.690809 -0.139816
v 0.380728 0.704865 -0.139228
v 0.387144 0.705061 -0.146039
v 0.370979 0.686139 0.123512
v 0.385317 0.696720 0.122266
v 0.389528 0.714962 0.122139
v 0.390278 0.729942 0.121694
v 0.401056 0.722631 0.129237
v 0.394614 0.739198 0.131277
v 0.389294 0.744288 0.109768
v 0.386354 0.753725 0.099867
v 0.414012 0.767645 0.096109
v 0.445573 0.776824 0.092061
v 0.469488 0.784402 0.088812
v 0.465652 0.785239 0.068049
v 0.488235 0.794503 0.063433
v 0.480755 0.789264 0.042369
v 0.495336 0.801626 0.034815
v 0.491106 0.795676 0.011609
v 0.476757 0.790440 0.005424
v 0.497301 0.804250 -0.004664
v 0.487578 0.793315 -0.019607
v 0.499800 0.819769 0.023766
v 0.500348 0.817806 -0.010444
v 0.494990 0.820057 0.060664
v 0.491230 0.798060 -0.052989
v 0.498218 0.821979 -0.036533
v 0.495102 0.808400 -0.062987
v 0.480294 0.792346 -0.086196
v 0.466369 0.784041 -0.081091
v 0.429942 0.772081 -0.095537
v 0.454712 0.785721 -0.072562
v 0.391730 0.754118 -0.102696
v 0.408734 0.774964 -0.086601
v 0.435913 0.785123 -0.078427
v 0.394675 0.776914 -0.086922
v 0.472691 0.788391 -0.048193
v 0.464901 0.792574 0.033463
v 0.380493 0.692603 0.103639
v 0.384892 0.767740 0.094426
v 0.414863 0.786440 0.080770
v 0.433398 0.785292 0.080100
v 0.451957 0.790897 0.067044
v 0.390167 0.740299 0.143861
v 0.386195 0.734973 0.152999
v 0.441389 0.804510 -0.066217
v 0.453692 0.796890 -0.053494
v 0.464204 0.793899 -0.016592
v 0.455220 0.803637 0.001192
v 0.453060 0.803670 0.035127
v 0.488771 0.834784 0.032096
v 0.494153 0.833218 0.001168
v 0.490484 0.833042 -0.041633
v 0.490678 0.822540 -0.072305
vn -0.8827 0.4688 -0.0314
vn -0.9714 -0.2217 -0.0855
vn -0.9314 -0.3585 0.0636
vn -0.9022 0.3022 -0.3078
vn -0.7437 -0.6433 -0.1819
vn -0.4938 0.8365 -0.2377
vn -0.8153 -0.0998 -0.5704
vn -0.3174 0.6685 -0.6726
vn -0.5343 -0.3901 -0.7499
vn -0.2225 0.1728 -0.9595
vn -0.3929 -0.5214 -0.7575
vn -0.5300 -0.2344 -0.8150
vn 0.1884 0.5191 -0.8337
vn -0.9860 -0.1600 0.0479
vn -0.7970 0.6036 -0.0213
vn -0.9641 -0.2386 -0.1170
vn -0.9571 -0.2864 -0.0447
vn -0.8012 0.5806 -0.1447
vn -0.9559 -0.2735 0.1066
vn -0.8098 -0.5692 -0.1423
vn -0.9466 -0.2202 -0.2353
vn -0.5107 -0.8595 -0.0217
vn -0.9453 0.1573 -0.2858
vn -0.8320 -0.4933 -0.2537
vn -0.5246 0.2148 -0.8238
vn -0.9999 -0.0033 -0.0119
vn -0.9997 0.0051 -0.0257
vn -0.9937 -0.0038 0.1121
vn -0.9998 0.0008 -0.0192
vn -0.9999 0.0008 -0.0107
vn -0.9980 -0.0406 0.0477
vn -0.9979 -0.0079 0.0645
vn -0.9988 0.0001 0.0496
vn -0.9978 0.0035 -0.0669
vn -0.9895 -0.0027 -0.1444
vn -0.9988 -0.0019 0.0497
vn -0.9971 0.0054 -0.0757
vn -0.9970 -0.0280 -0.0716
vn -0.9834 -0.0016 0.1816
vn -0.9994 0.0008 0.0336
vn -0.9912 0.0075 0.1319
vn -0.9932 -0.0009 0.1164
vn -0.9976 -0.0085 0.0680
vn -0.9993 -0.0045 -0.0379
vn -0.9946 -0.0019 0.1035
vn -0.9888 -0.0263 -0.1467
vn -0.9915 -0.0006 -0.1305
vn -0.9972 -0.0009 -0.0752
vn -0.9974 0.0046 -0.0725
vn -0.9125 -0.3679 -0.1787
vn -0.9670 -0.0023 0.2547
vn -0.9931 0.0035 0.1172
vn -0.9817 0.0046 0.1901
vn -0.9960 0.0088 0.0888
vn -0.9865 -0.1553 0.0516
vn -0.9799 -0.0031 -0.1994
vn -0.9839 0.0251 -0.1767
vn -0.9858 -0.0231 -0.1663
vn -0.9790 0.0092 -0.2037
vn -0.9830 0.0046 -0.1836
vn -0.9887 0.0005 -0.1501
vn -0.9859 -0.0154 -0.1666
vn -0.6190 0.7651 -0.1772
vn -0.9785 -0.0109 0.2058
vn -0.9658 -0.2320 -0.1160
vn -0.3188 0.6517 -0.6883
vn -0.9801 -0.0878 0.1781
vn -0.9661 -0.0061 -0.2582
vn -0.9764 0.0047 -0.2160
vn -0.8501 -0.3680 -0.3767
vn -0.8568 -0.4837 0.1789
vn -0.8706 -0.4906 0.0357
vn -0.9755 -0.0073 -0.2201
vn -0.9906 -0.0372 -0.1315
vn -0.9340 -0.2297 -0.2736
vn -0.9753 -0.0119 0.2207
vn -0.9451 -0.1411 -0.2948
vn -0.9651 -0.0086 -0.2616
vn -0.9672 0.0111 -0.2536
vn -0.9654 -0.0225 -0.2600
vn -0.9600 -0.0136 -0.2797
vn -0.9346 -0.0392 -0.3535
vn -0.9830 -0.0010 -0.1835
vn -0.8390 -0.4021 -0.3666
vn -0.4693 0.8556 -0.2184
vn -0.6423 -0.7625 -0.0777
vn -0.9515 0.0024 -0.3075
vn -0.6493 -0.1313 0.7491
vn -0.1880 0.4412 -0.8775
vn -0.9547 0.2596 -0.1457
vn -0.9527 -0.0024 -0.3038
vn -0.9051 -0.0774 0.4180
vn -0.9206 -0.0053 -0.3904
vn -0.5155 -0.2161 0.8292
vn -0.0656 0.2870 -0.9557
vn -0.8585 -0.3894 0.3337
vn -0.9408 0.0016 -0.3390
vn -0.5502 0.2733 -0.7891
vn -0.9358 0.0018 -0.3526
vn -0.9271 -0.0000 -0.3747
vn -0.9449 -0.0026 -0.3274
vn -0.5507 -0.8323 0.0641
vn -0.8321 -0.5030 -0.2338
vn -0.9287 -0.0051 -0.3709
vn -0.9130 0.0077 -0.4079
vn -0.9094 -0.0011 -0.4158
vn -0.6670 -0.7109 -0.2230
vn -0.9154 -0.0334 -0.4011
vn -0.9161 -0.0490 -0.3980
vn -0.9095 0.0028 -0.4158
vn -0.1920 0.6406 -0.7435
vn -0.7588 -0.5860 -0.2843
vn -0.8865 0.0305 -0.4618
vn -0.4752 -0.4879 -0.7323
vn -0.8642 -0.2181 -0.4535
vn -0.5884 -0.2408 -0.7719
vn -0.8902 -0.0103 -0.4554
vn -0.8687 -0.1312 -0.4776
vn -0.8781 -0.0038 -0.4784
vn -0.8691 0.0044 -0.4947
vn -0.0923 -0.0147 -0.9956
vn -0.8869 -0.2322 -0.3993
vn -0.8756 -0.0541 -0.4800
vn -0.8895 0.0062 -0.4569
vn -0.7442 -0.5191 -0.4203
vn -0.8640 -0.0023 -0.5035
vn -0.4844 0.7943 -0.3667
vn -0.8816 -0.0117 -0.4718
vn -0.8615 -0.0100 -0.5077
vn -0.8605 -0.0229 -0.5089
vn -0.8788 -0.1038 -0.4657
vn -0.8813 0.0147 -0.4724
vn -0.8319 0.0020 -0.5549
vn -0.8594 -0.0076 -0.5113
vn -0.8688 -0.0062 -0.4951
vn -0.8177 0.0029 -0.5757
vn -0.7826 -0.2606 -0.5654
vn -0.8421 0.0111 -0.5393
vn -0.8674 -0.0040 -0.4976
vn -0.8370 -0.0068 -0.5472
vn -0.5553 -0.7812 -0.2852
vn -0.8300 -0.0192 -0.5575
vn -0.8032 0.0010 -0.5957
vn -0.8274 -0.0016 -0.5616
vn -0.8146 -0.0262 -0.5794
vn -0.7779 0.0069 -0.6284
vn -0.6267 -0.5972 -0.5006
vn -0.8130 0.0076 -0.5822
vn -0.7695 0.0005 -0.6386
vn -0.7384 0.0753 -0.6701
vn -0.7814 -0.0074 -0.6240
vn -0.7794 -0.2292 -0.5831
vn -0.5971 -0.6958 -0.3993
vn -0.7855 -0.0005 -0.6188
vn -0.6930 -0.5168 -0.5026
vn -0.7839 -0.0011 -0.6209
vn -0.7877 -0.1266 -0.6029
vn -0.7348 -0.0189 -0.6781
vn -0.5856 -0.5747 -0.5716
vn -0.7561 0.0055 -0.6545
vn -0.7380 -0.0061 -0.6748
vn -0.7011 -0.0050 -0.7130
vn -0.7448 -0.0139 -0.6672
vn -0.7023 0.0001 -0.7119
vn -0.7120 -0.2538 -0.6548
vn -0.7122 -0.0029 -0.7020
vn -0.6865 -0.1531 -0.7108
vn -0.6541 -0.0056 -0.7564
vn -0.4826 -0.7648 -0.4268
vn -0.6577 0.0060 -0.7533
vn -0.6974 -0.0405 -0.7156
vn -0.6673 -0.0108 -0.7447
vn -0.6547 -0.0091 -0.7559
vn -0.6964 0.0074 -0.7176
vn -0.6864 0.0030 -0.7273
vn -0.5922 -0.4635 -0.6591
vn -0.4868 0.6974 -0.5260
vn -0.6056 -0.0030 -0.7957
vn -0.5457 -0.4395 -0.7135
vn -0.6347 -0.1764 -0.7524
vn -0.5340 -0.6093 -0.5862
vn -0.5948 -0.0099 -0.8038
vn -0.6158 -0.0012 -0.7879
vn -0.5804 0.0064 -0.8143
vn -0.5550 -0.1920 -0.8094
vn -0.6128 -0.0104 -0.7902
vn -0.6008 0.0045 -0.7994
vn -0.5862 -0.0092 -0.8101
vn -0.6189 -0.0516 -0.7837
vn -0.5443 0.0056 -0.8389
vn -0.4626 -0.6320 -0.6217
vn -0.5206 -0.0029 -0.8538
vn -0.5410 -0.0104 -0.8409
vn -0.5203 -0.0011 -0.8540
vn -0.5290 -0.1341 -0.8379
vn -0.4773 0.0042 -0.8787
vn -0.4415 -0.3656 -0.8194
vn -0.5350 -0.0311 -0.8443
vn -0.5375 -0.0041 -0.8433
vn -0.3612 0.7152 -0.5984
vn -0.4726 -0.0025 -0.8813
vn -0.5134 -0.0710 -0.8552
vn -0.4811 -0.3420 -0.8072
vn -0.4405 0.0036 -0.8977
vn -0.3548 -0.3965 -0.8467
vn -0.4852 -0.0116 -0.8743
vn -0.4287 -0.1336 -0.8935
vn -0.4196 0.0100 -0.9076
vn -0.4465 0.0032 -0.8948
vn -0.4353 -0.0857 -0.8962
vn -0.3772 -0.4465 -0.8114
vn -0.3660 0.4639 -0.8067
vn -0.3928 -0.0086 -0.9196
vn -0.5300 0.8440 0.0821
vn -0.8276 0.5197 0.2121
vn -0.9213 -0.1824 0.3434
vn -0.4723 0.7601 0.4462
vn -0.4920 0.2026 0.8467
vn -0.5405 -0.7301 0.4181
vn 0.1339 0.9168 0.3762
vn -0.2973 -0.2565 0.9197
vn -0.0541 0.5033 0.8624
vn -0.4212 -0.7605 0.4943
vn -0.2901 -0.0723 0.9543
vn 0.1812 0.6646 0.7249
vn -0.5589 -0.3446 0.7543
vn -0.7567 -0.6409 0.1289
vn -0.6630 -0.6226 0.4157
vn -0.6493 0.0220 0.7602
vn -0.9880 0.0452 0.1477
vn -0.9220 -0.3304 0.2019
vn -0.7026 0.7052 0.0951
vn -0.7576 -0.5693 -0.3193
vn -0.6371 0.7259 0.2591
vn -0.6792 0.4694 -0.5642
vn -0.7138 -0.1084 0.6919
vn -0.8649 -0.1800 0.4686
vn -0.2330 0.2975 0.9259
vn -0.5367 0.8306 0.1485
vn -0.9236 -0.3030 0.2348
vn -0.4116 -0.3319 0.8488
vn -0.9720 -0.1460 -0.1844
vn -0.8227 -0.2030 -0.5310
vn -0.9362 0.3159 -0.1539
vn 0.0751 0.4629 0.8832
vn -0.8476 -0.5099 -0.1466
vn -0.9205 -0.3298 -0.2096
vn -0.8041 0.4890 0.3381
vn -0.8186 -0.5569 0.1406
vn -0.6652 -0.6935 0.2769
vn -0.9307 -0.0647 0.3600
vn 0.0158 0.8555 0.5175
vn -0.1904 0.1645 0.9678
vn -0.7442 -0.5398 0.3935
vn -0.9827 -0.0481 0.1790
vn -0.9794 0.0030 0.2021
vn -0.2131 0.4878 0.8465
vn -0.6135 0.1932 0.7657
vn -0.8445 -0.4352 0.3120
vn -0.9512 0.0010 0.3084
vn -0.9713 -0.0303 0.2359
vn -0.9586 -0.0032 0.2848
vn -0.9655 0.0008 0.2605
vn -0.9997 -0.0208 0.0085
vn -0.7669 -0.6272 0.1364
vn -0.9573 0.0072 0.2891
vn -0.7520 -0.6499 -0.1103
vn -0.9721 -0.0614 0.2265
vn -0.9527 0.0096 0.3037
vn -0.9480 -0.1811 0.2616
vn -0.9120 -0.0895 0.4003
vn -0.1049 0.4330 0.8953
vn -0.8147 0.1402 -0.5628
vn -0.4588 0.8663 0.1974
vn -0.1834 -0.0046 0.9830
vn -0.9217 -0.1101 0.3719
vn -0.9223 -0.0005 0.3865
vn -0.8321 -0.4226 0.3593
vn -0.9299 -0.0478 0.3647
vn -0.9383 0.0015 0.3457
vn -0.9186 -0.0028 0.3952
vn -0.8355 -0.3819 0.3950
vn -0.9346 -0.2931 -0.2013
vn -0.9054 -0.3092 0.2910
vn -0.4303 0.4835 0.7623
vn -0.9153 -0.0019 0.4028
vn -0.7582 -0.2018 0.6201
vn -0.8535 0.0506 0.5186
vn -0.9023 0.0106 0.4311
vn -0.9158 0.0056 0.4016
vn -0.8296 -0.3117 0.4632
vn -0.4744 0.8483 0.2351
vn -0.9073 -0.0008 0.4205
vn -0.9180 -0.0519 0.3931
vn -0.8806 -0.2492 0.4030
vn -0.8981 -0.0121 0.4395
vn -0.1328 0.1435 0.9807
vn -0.8532 -0.0428 0.5197
vn -0.7947 0.0364 0.6059
vn -0.8839 -0.0643 0.4632
vn -0.8615 -0.0100 0.5076
vn -0.4462 0.8315 0.3311
vn -0.6776 -0.6744 0.2934
vn -0.8823 0.0009 0.4707
vn -0.8713 -0.0058 0.4907
vn -0.8392 -0.0017 0.5438
vn -0.8701 0.0178 0.4925
vn -0.8632 -0.0019 0.5048
vn -0.8749 -0.0009 0.4843
vn -0.8148 -0.2939 0.4997
vn -0.8593 -0.0014 0.5115
vn -0.7487 -0.3092 0.5863
vn -0.8595 -0.0027 0.5111
vn -0.8349 -0.0043 0.5504
vn -0.8200 -0.0027 0.5724
vn -0.7915 -0.2976 0.5339
vn -0.8363 -0.0385 0.5469
vn -0.8105 0.0053 0.5856
vn -0.8230 0.0024 0.5680
vn -0.8148 -0.0100 0.5797
vn -0.5375 -0.7667 0.3511
vn -0.8232 -0.0086 0.5676
vn -0.8299 0.0056 0.5579
vn -0.7998 0.0012 0.6003
vn -0.7844 -0.0003 0.6203
vn -0.7769 -0.0030 0.6296
vn -0.6280 -0.5319 0.5681
vn -0.7478 -0.0084 0.6639
vn -0.7539 -0.0530 0.6548
vn -0.6956 -0.3313 0.6375
vn -0.7403 -0.0088 0.6722
vn -0.7358 0.0040 0.6772
vn -0.7409 -0.0005 0.6717
vn -0.7354 0.0053 0.6776
vn -0.8010 -0.1158 0.5874
vn -0.7670 0.0019 0.6416
vn -0.5255 0.7226 0.4491
vn -0.7593 -0.0052 0.6507
vn -0.6509 -0.3581 0.6694
vn -0.7054 -0.0144 0.7087
vn -0.7249 0.0030 0.6889
vn -0.6884 -0.1475 0.7102
vn -0.7145 0.0014 0.6997
vn -0.7010 0.0014 0.7132
vn -0.6398 0.0026 0.7686
vn -0.6667 0.0085 0.7453
vn -0.6779 -0.0001 0.7351
vn -0.6493 -0.0163 0.7603
vn -0.4725 0.6592 0.5849
vn -0.6097 0.0005 0.7927
vn -0.6832 -0.0959 0.7239
vn -0.6465 -0.0182 0.7627
vn -0.6081 -0.3142 0.7290
vn -0.6585 -0.0009 0.7526
vn -0.5841 -0.1910 0.7889
vn -0.6185 -0.0000 0.7858
vn -0.5696 -0.3260 0.7545
vn -0.6169 -0.0015 0.7870
vn -0.6265 0.0012 0.7794
vn -0.6248 0.0073 0.7808
vn -0.6045 -0.0130 0.7965
vn -0.6077 0.0069 0.7941
vn -0.4608 -0.6993 0.5465
vn -0.5281 -0.3035 0.7931
vn -0.5866 -0.0650 0.8073
vn -0.5265 -0.0023 0.8502
vn -0.5449 -0.0053 0.8385
vn -0.5153 -0.0116 0.8569
vn -0.4781 -0.0075 0.8783
vn -0.5267 -0.0320 0.8495
vn -0.4192 0.4891 0.7649
vn -0.5184 0.0084 0.8551
vn -0.5142 0.0023 0.8577
vn -0.4565 -0.4303 0.7788
vn -0.5002 0.0287 0.8654
vn -0.4629 -0.4127 0.7845
vn -0.5228 0.0031 0.8525
vn -0.5183 -0.0661 0.8526
vn -0.4172 0.0080 0.9088
vn -0.4209 -0.0102 0.9071
vn -0.4455 -0.3305 0.8321
vn -0.2232 -0.8684 0.4428
vn -0.3854 -0.3577 0.8506
vn -0.3968 0.0128 0.9178
vn -0.4079 -0.0002 0.9130
vn -0.4294 -0.0778 0.8997
vn -0.4495 -0.0097 0.8932
vn -0.4202 0.0069 0.9074
vn -0.4297 -0.0436 0.9019
vn -0.2993 0.6039 0.7387
vn 0.0133 0.9999 0.0005
vn -0.3855 -0.0017 0.9227
vn -0.3819 -0.2578 0.8875
vn -0.3735 -0.0099 0.9276
vn -0.3193 -0.5472 0.7737
vn -0.3695 -0.0489 0.9279
vn -0.3284 -0.0046 0.9445
vn -0.3078 -0.2654 0.9137
vn -0.2986 -0.3268 0.8967
vn -0.2550 -0.3788 0.8897
vn -0.6338 -0.7735 0.0053
vn -0.5178 -0.8554 0.0103
vn -0.1843 -0.9827 0.0185
vn -0.0390 -0.9834 0.1773
vn 0.3437 -0.9077 -0.2408
vn -0.3867 -0.9219 -0.0251
vn -0.1515 -0.9218 -0.3570
vn 0.0100 -0.7665 0.6421
vn -0.3046 -0.7756 -0.5528
vn -0.1411 -0.6098 0.7799
vn -0.7145 -0.3701 0.5937
vn -0.5440 -0.3296 -0.7716
vn -0.2065 0.9775 -0.0427
vn 0.1200 0.9873 0.1046
vn 0.3740 0.9273 0.0117
vn 0.1939 0.9683 -0.1576
vn 0.6460 0.7262 0.2351
vn 0.8571 0.5115 -0.0613
vn 0.1512 0.8692 -0.4707
vn 0.9623 0.2718 0.0086
vn 0.9574 0.2545 0.1361
vn 0.6602 0.6745 -0.3305
vn 0.4497 0.8808 0.1481
vn 0.4144 0.9079 0.0637
vn 0.5477 0.3494 -0.7602
vn 0.5864 0.3520 0.7295
vn 0.2968 0.7416 -0.6016
vn 0.6783 0.7000 -0.2235
vn 0.7749 0.6198 0.1241
vn 0.5982 0.6464 0.4736
vn 0.6650 0.3485 -0.6605
vn 0.7949 0.5784 0.1834
vn 0.5778 -0.8128 -0.0743
vn 0.6100 -0.7707 0.1842
vn 0.6317 -0.7751 0.0140
vn 0.8921 -0.4480 -0.0585
vn 0.5461 -0.2793 0.7898
vn 0.9211 -0.3843 0.0623
vn 0.9376 -0.2114 0.2762
vn 0.8906 -0.3319 -0.3109
vn 0.4766 -0.3526 -0.8053
vn 0.4271 -0.0746 0.9011
vn 0.0838 -0.4482 -0.8900
vn 0.1966 -0.2412 -0.9503
vn -0.7372 -0.0805 -0.6709
vn -0.8948 -0.3971 0.2038
vn -0.3537 0.0264 -0.9350
vn -0.7783 -0.3122 0.5447
vn -0.8354 0.5494 -0.0161
vn -0.9360 -0.2072 -0.2846
vn -0.6831 0.5112 -0.5216
vn -0.5728 -0.8140 0.0960
vn -0.5466 0.5031 0.6694
vn -0.2744 -0.0254 -0.9613
vn -0.8512 -0.2095 0.4812
vn 0.0486 0.9986 0.0223
vn 0.1992 0.9796 0.0255
vn 0.6837 0.7198 -0.1205
vn -0.1065 0.9933 -0.0439
vn 0.4521 0.8747 -0.1745
vn 0.5207 0.8314 0.1941
vn 0.5124 0.7988 -0.3151
vn 0.4679 0.8427 0.2664
vn 0.2501 0.9422 0.2230
vn 0.5145 0.7345 -0.4425
vn 0.1844 0.9497 0.2529
vn 0.0299 0.9970 -0.0715
vn 0.5666 0.5202 -0.6390
vn 0.1088 0.9852 -0.1322
vn 0.5297 0.4438 -0.7228
vn 0.4122 0.5596 -0.7190
vn 0.2019 0.9372 -0.2844
vn 0.2702 0.9108 -0.3122
vn 0.5692 0.2988 -0.7660
vn 0.2042 0.9139 0.3509
vn 0.4001 0.4925 -0.7729
vn 0.3734 0.3445 -0.8614
vn 0.5216 0.2090 -0.8272
vn 0.2124 0.8642 -0.4561
vn 0.4100 0.1161 -0.9047
vn 0.0663 0.9898 -0.1262
vn 0.3907 0.2216 -0.8935
vn 0.1510 0.8977 -0.4139
vn 0.2990 0.1224 -0.9464
vn -0.0721 0.9217 -0.3812
vn 0.2298 0.6583 -0.7169
vn -0.0810 0.9504 0.3003
vn 0.2773 0.2718 -0.9215
vn 0.2521 0.2820 -0.9257
vn 0.2580 0.1001 -0.9610
vn 0.1872 0.4104 -0.8925
vn 0.1323 0.5986 -0.7900
vn 0.0593 0.9576 -0.2818
vn -0.0196 0.9983 0.0557
vn 0.1327 0.1995 -0.9709
vn 0.0878 0.2436 -0.9659
vn 0.0251 0.9877 -0.1545
vn 0.0209 0.7717 -0.6356
vn 0.0598 0.3182 -0.9461
vn 0.0073 0.5635 -0.8261
vn -0.0133 0.9412 0.3377
vn 0.0048 0.1148 -0.9934
vn -0.0090 0.9987 -0.0499
vn -0.0161 0.5340 -0.8454
vn -0.0235 0.3268 -0.9448
vn -0.0625 0.2041 -0.9770
vn -0.0183 0.9104 -0.4134
vn -0.1315 0.2182 -0.9670
vn 0.0318 0.9401 0.3393
vn -0.0789 0.6730 -0.7354
vn -0.1966 0.1855 -0.9628
vn -0.1117 0.7817 -0.6136
vn -0.2731 0.1135 -0.9553
vn -0.0079 0.9991 -0.0424
vn -0.1937 0.5060 -0.8405
vn -0.2458 0.3222 -0.9142
vn -0.2133 0.7133 -0.6677
vn -0.3008 0.2235 -0.9271
vn 0.0535 0.9659 0.2532
vn -0.1077 0.9409 -0.3212
vn -0.3513 0.1470 -0.9246
vn -0.3373 0.4080 -0.8484
vn -0.3734 0.2304 -0.8986
vn 0.0610 0.9872 0.1471
vn -0.1786 0.9233 -0.3401
vn -0.1345 0.9382 -0.3189
vn -0.4122 0.3315 -0.8486
vn 0.3192 0.6695 0.6707
vn -0.3941 0.5616 -0.7275
vn -0.4556 0.0969 -0.8849
vn -0.5033 0.2188 -0.8359
vn 0.0705 0.9861 0.1505
vn -0.4546 0.4559 -0.7652
vn -0.0684 0.9939 -0.0864
vn -0.5934 0.1610 -0.7887
vn -0.3731 0.7856 -0.4936
vn -0.6168 0.1314 -0.7761
vn -0.5071 0.4777 -0.7173
vn -0.1936 0.9413 -0.2765
vn 0.2787 0.8582 0.4310
vn -0.6488 0.2911 -0.7031
vn -0.6077 0.2932 -0.7380
vn -0.6375 0.1155 -0.7618
vn -0.2157 0.9453 -0.2446
vn 0.4489 0.6984 0.5574
vn -0.5643 0.5247 -0.6373
vn -0.1951 0.9604 -0.1987
vn -0.6812 0.3261 -0.6554
vn -0.7040 0.2329 -0.6710
vn -0.2500 0.9523 -0.1748
vn -0.5798 0.5923 -0.5595
vn -0.7251 0.0967 -0.6818
vn 0.0152 0.9997 0.0185
vn -0.7986 0.3353 -0.4997
vn -0.0947 0.9942 -0.0511
vn -0.6792 0.5124 -0.5255
vn -0.8087 0.1827 -0.5591
vn -0.1353 0.9859 -0.0981
vn 0.4567 0.8125 0.3623
vn -0.3213 0.9319 -0.1682
vn -0.8622 0.2397 -0.4462
vn -0.8071 0.3321 -0.4881
vn -0.4837 0.8157 -0.3172
vn 0.3474 0.9076 0.2359
vn 0.1000 0.9943 0.0375
vn -0.7550 0.5102 -0.4120
vn -0.7937 0.5148 -0.3240
vn -0.0563 0.9984 -0.0022
vn -0.7867 0.5718 -0.2325
vn -0.1161 0.9929 -0.0244
vn 0.5568 0.8168 0.1507
vn 0.8854 0.4018 0.2339
vn -0.0284 0.7781 -0.6275
vn -0.2512 -0.1971 -0.9477
vn -0.2279 -0.6868 -0.6902
vn -0.7607 -0.6393 -0.1121
vn -0.9689 -0.2152 0.1221
vn -0.7661 -0.3502 0.5389
vn -0.5152 -0.0603 0.8549
vn -0.8269 -0.5502 -0.1164
vn -0.6024 -0.4957 -0.6256
vn -0.5976 -0.2973 -0.7447
vn -0.8973 -0.2866 -0.3358
vn 0.8618 0.5002 0.0848
vn 0.7927 0.5727 0.2087
vn 0.8614 0.5077 -0.0132
vn 0.9546 0.2914 -0.0613
vn 0.9129 0.4081 0.0116
vn 0.9372 0.3026 0.1733
vn 0.9760 0.2054 0.0720
vn 0.9410 0.2688 -0.2056
vn 0.7267 0.2777 -0.6283
vn 0.8263 0.3749 0.4204
vn 0.9961 0.0882 -0.0065
vn 0.9779 0.0975 -0.1848
vn 0.9865 -0.1179 0.1138
vn 0.9918 -0.0336 -0.1236
vn 0.6574 -0.6068 -0.4468
vn 0.9695 0.1269 0.2097
vn 0.9582 0.2704 -0.0930
vn 0.9408 0.2637 0.2128
vn 0.9268 0.2550 0.2757
vn 0.9359 0.3216 -0.1436
vn 0.8922 0.3387 -0.2986
vn 0.9501 -0.3085 0.0463
vn 0.3763 -0.0665 0.9241
vn 0.8319 0.5547 0.0129
vn 0.3721 -0.4686 -0.8013
vn 0.8109 0.5779 0.0925
vn 0.8674 0.3324 0.3703
vn 0.9335 0.2612 -0.2456
vn 0.4340 0.8977 -0.0766
vn 0.3316 0.9428 -0.0344
vn 0.4012 0.9145 0.0519
vn 0.9492 0.1034 0.2971
vn 0.9879 0.1413 -0.0643
vn 0.3593 0.9242 0.1294
vn 0.7486 0.3065 -0.5879
vn 0.9588 0.0926 -0.2685
vn 0.8931 0.3191 0.3169
vn 0.9255 0.1019 0.3649
vn 0.9083 0.1312 -0.3971
vn 0.5511 0.8178 -0.1660
vn 0.6734 0.7064 0.2179
vn 0.8330 0.3626 -0.4179
vn 0.8863 0.3135 -0.3409
vn 0.1192 0.9907 -0.0658
vn 0.7889 0.3767 0.4855
vn 0.8552 0.1500 -0.4961
vn 0.8494 0.2299 0.4750
vn 0.8834 0.1312 0.4499
vn 0.8658 0.1903 -0.4627
vn 0.6693 0.6365 0.3833
vn 0.5354 0.7908 -0.2966
vn 0.7728 0.3148 -0.5510
vn 0.7646 0.3777 -0.5222
vn 0.7051 0.2343 -0.6692
vn 0.1117 0.9913 -0.0690
vn 0.8027 0.1055 -0.5870
vn 0.8469 0.0808 -0.5256
vn 0.7565 0.2169 -0.6170
vn 0.2515 0.9435 -0.2159
vn 0.6882 0.3411 -0.6403
vn 0.6810 0.2069 -0.7024
vn 0.6033 0.2903 -0.7428
vn 0.6187 0.0975 -0.7796
vn 0.5183 0.0815 -0.8513
vn -0.7802 0.1364 -0.6105
vn -0.1472 -0.8152 0.5602
vn -0.8467 -0.3052 -0.4359
vn -0.9012 0.1453 -0.4083
vn -0.6033 -0.7373 -0.3040
vn -0.5502 0.4394 -0.7101
vn -0.4666 -0.8844 -0.0097
vn -0.3472 -0.9350 0.0723
vn -0.3586 -0.9274 -0.1064
vn -0.2140 -0.9763 -0.0322
vn -0.1833 -0.9830 0.0094
vn -0.4225 -0.8962 0.1354
vn -0.0713 -0.9972 0.0211
vn -0.2281 -0.9679 -0.1059
vn -0.2488 -0.9589 0.1364
vn -0.0624 -0.9978 -0.0237
vn -0.2679 -0.9461 -0.1817
vn -0.2720 -0.9327 0.2369
vn -0.0268 -0.9996 -0.0008
vn -0.0330 -0.9992 -0.0229
vn -0.0025 -1.0000 0.0025
vn -0.0583 -0.9972 0.0468
vn -0.1790 -0.9678 -0.1771
vn 0.0006 -1.0000 -0.0010
vn -0.0100 -0.9999 0.0060
vn -0.0448 -0.9983 -0.0368
vn -0.2630 -0.9079 -0.3264
vn -0.0032 -1.0000 0.0014
vn -0.0355 -0.9989 0.0314
vn -0.1754 -0.9709 0.1631
vn -0.3182 -0.6967 -0.6429
vn 0.0039 -1.0000 -0.0008
vn -0.1536 -0.9681 -0.1979
vn -0.2166 -0.9240 0.3153
vn 0.0018 -1.0000 -0.0007
vn -0.0519 -0.9934 0.1020
vn -0.0012 -1.0000 -0.0025
vn -0.0244 -0.9989 -0.0400
vn 0.0031 -1.0000 0.0018
vn -0.0943 -0.9736 -0.2078
vn -0.0020 -1.0000 0.0029
vn -0.0023 -1.0000 -0.0004
vn -0.0075 -0.9999 -0.0081
vn -0.0161 -0.9993 -0.0337
vn 0.0020 -1.0000 0.0017
vn -0.0086 -0.9999 0.0149
vn 0.0004 -1.0000 0.0001
vn -0.0545 -0.9874 0.1489
vn 0.0022 -1.0000 -0.0015
vn -0.3301 -0.3958 -0.8570
vn -0.1419 -0.8830 -0.4474
vn -0.1320 -0.8841 0.4483
vn 0.0013 -1.0000 -0.0017
vn -0.0014 -1.0000 -0.0064
vn 0.0021 -1.0000 0.0009
vn -0.0342 -0.9915 -0.1258
vn 0.0031 -1.0000 0.0009
vn -0.0007 -1.0000 -0.0010
vn -0.0011 -0.9995 -0.0327
vn 0.0004 -1.0000 -0.0026
vn -0.0722 -0.7229 0.6872
vn 0.0002 -1.0000 -0.0004
vn -0.0832 -0.7438 -0.6632
vn -0.0148 -0.9589 -0.2834
vn 0.0002 -1.0000 0.0012
vn 0.0002 -0.9994 0.0337
vn -0.0015 -1.0000 -0.0023
vn -0.0160 -0.9739 0.2264
vn 0.0001 -1.0000 -0.0000
vn -0.0013 -1.0000 0.0005
vn -0.0007 -1.0000 -0.0020
vn -0.0015 -1.0000 0.0029
vn 0.0010 -0.9992 -0.0410
vn -0.0019 -0.9997 0.0256
vn 0.0211 -0.4674 -0.8838
vn 0.0184 -0.6834 0.7298
vn -0.0025 -1.0000 -0.0006
vn 0.0001 -1.0000 0.0005
vn 0.0413 -0.8431 -0.5362
vn -0.0012 -1.0000 -0.0002
vn -0.0000 -0.9984 0.0573
vn 0.0223 -0.9845 -0.1740
vn -0.0015 -1.0000 -0.0008
vn 0.0263 -0.9492 0.3137
vn 0.0037 -1.0000 0.0042
vn 0.0019 -0.9999 -0.0165
vn -0.0002 -1.0000 -0.0014
vn -0.0008 -1.0000 -0.0026
vn -0.0025 -1.0000 -0.0007
vn 0.0027 -1.0000 -0.0007
vn -0.0027 -1.0000 -0.0009
vn -0.0017 -1.0000 -0.0008
vn -0.0019 -1.0000 0.0014
vn 0.0411 -0.9799 0.1950
vn 0.0200 -0.9948 -0.0994
vn 0.1292 -0.7652 0.6307
vn 0.0003 -1.0000 -0.0015
vn 0.0273 -0.9983 0.0517
vn -0.0040 -1.0000 -0.0019
vn 0.0006 -1.0000 0.0028
vn 0.1227 -0.8660 -0.4848
vn -0.0039 -1.0000 0.0003
vn 0.0243 -0.9993 -0.0288
vn 0.0037 -1.0000 0.0032
vn 0.0993 -0.9587 0.2667
vn 0.0150 -0.9997 0.0203
vn 0.2173 -0.8024 0.5558
vn 0.0982 -0.9662 -0.2385
vn -0.0041 -1.0000 -0.0000
vn -0.0045 -1.0000 -0.0015
vn -0.0031 -1.0000 0.0005
vn 0.1705 -0.9364 0.3068
vn 0.3050 -0.7166 -0.6272
vn 0.0692 -0.9924 0.1022
vn 0.0207 -0.9994 0.0267
vn 0.2924 -0.7671 0.5711
vn 0.1377 -0.9712 -0.1947
vn 0.3181 -0.7668 -0.5575
vn -0.0016 -1.0000 0.0024
vn 0.0071 -1.0000 -0.0034
vn 0.0040 -1.0000 -0.0002
vn 0.0069 -1.0000 0.0032
vn 0.4059 -0.6302 0.6619
vn 0.0388 -0.9986 -0.0362
vn 0.2400 -0.9012 0.3608
vn 0.1325 -0.9794 0.1524
vn 0.0146 -0.9997 0.0172
vn 0.3812 -0.7628 -0.5224
vn 0.1743 -0.9691 -0.1747
vn 0.0080 -0.9999 0.0072
vn 0.4127 -0.7277 0.5479
vn 0.0551 -0.9963 0.0655
vn 0.0048 -1.0000 -0.0070
vn 0.3610 -0.8442 0.3963
vn 0.0414 -0.9984 -0.0395
vn 0.5436 -0.5985 -0.5885
vn 0.5495 -0.5976 0.5839
vn 0.0353 -0.9992 0.0206
vn 0.2386 -0.9495 0.2040
vn 0.0795 -0.9951 0.0596
vn 0.4478 -0.7938 -0.4115
vn 0.4083 -0.8251 0.3905
vn 0.1985 -0.9664 -0.1632
vn 0.0542 -0.9981 0.0293
vn 0.1010 -0.9911 -0.0862
vn 0.6585 -0.5159 0.5480
vn 0.2245 -0.9652 0.1339
vn 0.0516 -0.9987 -0.0007
vn 0.7030 -0.3002 -0.6447
vn 0.4421 -0.8354 0.3267
vn 0.0790 -0.9964 -0.0322
vn 0.0645 -0.9979 0.0096
vn 0.7026 -0.5241 0.4813
vn 0.2941 -0.9423 -0.1596
vn 0.5933 -0.6765 -0.4364
vn 0.5676 -0.7628 -0.3099
vn 0.2005 -0.9778 0.0603
vn 0.4975 -0.8181 0.2884
vn 0.3113 -0.9375 0.1557
vn 0.1428 -0.9892 -0.0324
vn 0.7890 -0.4300 -0.4389
vn 0.2841 -0.9587 0.0100
vn 0.3648 -0.9184 -0.1532
vn 0.4292 -0.8938 -0.1300
vn 0.3665 -0.9270 0.0793
vn 0.6466 -0.7249 -0.2374
vn 0.6696 -0.6934 0.2661
vn 0.7223 -0.5751 0.3840
vn 0.4734 -0.8660 0.1608
vn 0.2694 -0.9629 -0.0185
vn 0.3241 -0.9452 0.0396
vn 0.6808 -0.7083 0.1868
vn 0.5988 -0.7898 -0.1331
vn 0.5517 -0.8338 -0.0193
vn 0.6384 -0.7654 0.0816
vn 0.8041 -0.5455 -0.2364
vn 0.6634 -0.7481 0.0156
vn 0.8297 -0.5484 -0.1042
vn -0.0554 0.9985 -0.0018
vn -0.0150 0.9997 0.0167
vn -0.0080 0.9999 -0.0103
vn 0.1280 0.9906 0.0490
vn -0.0149 0.9998 0.0140
vn -0.0705 0.9973 -0.0211
vn -0.0013 0.9999 -0.0170
vn -0.1124 0.9848 -0.1322
vn -0.0594 0.9982 -0.0044
vn -0.0871 0.9958 0.0279
vn -0.2573 0.9630 0.0807
vn -0.0224 0.9997 -0.0048
vn -0.0054 0.9999 -0.0129
vn -0.0761 0.9966 0.0313
vn -0.2951 0.9463 -0.1323
vn -0.0524 0.9981 0.0320
vn -0.0717 0.9974 -0.0095
vn -0.2778 0.9259 0.2560
vn -0.2402 0.9256 0.2926
vn -0.3900 0.9208 0.0027
vn 0.0080 0.9896 -0.1433
vn 0.0450 0.9982 0.0393
vn -0.2566 0.9340 -0.2485
vn 0.5067 0.7367 0.4477
vn -0.0621 0.9106 -0.4086
vn -0.0252 0.9995 0.0168
vn -0.5112 0.7213 0.4674
vn -0.0513 0.9975 -0.0475
vn -0.0341 0.9985 0.0433
vn -0.0721 0.9960 0.0518
vn -0.1938 0.9617 -0.1938
vn 0.1428 0.9203 0.3641
vn 0.1148 0.9869 -0.1131
vn 0.4473 0.8165 0.3651
vn -0.0334 0.9991 0.0247
vn 0.1713 0.9542 -0.2452
vn -0.0171 0.9997 0.0166
vn 0.0347 0.9986 0.0393
vn 0.1987 0.9560 0.2157
vn 0.1867 0.9709 0.1502
vn 0.4268 0.7700 -0.4743
vn -0.2887 0.9306 0.2251
vn -0.2104 0.8764 -0.4332
vn -0.0065 0.9996 0.0262
vn -0.0479 0.9985 -0.0254
vn 0.4441 0.8960 -0.0002
vn -0.0472 0.9681 -0.2463
vn 0.0262 0.9922 0.1220
vn -0.4887 0.8027 0.3418
vn 0.4659 0.7176 0.5177
vn -0.0641 0.9348 0.3493
vn -0.3547 0.5509 0.7554
vn 0.0054 0.9859 0.1674
vn -0.0131 0.9998 -0.0172
vn -0.1292 0.7085 0.6938
vn -0.6955 0.7179 0.0303
vn -0.0387 0.9987 0.0342
vn -0.0850 0.9539 -0.2878
vn 0.0330 0.9993 0.0148
vn -0.0283 0.9990 -0.0337
vn 0.6587 0.7440 0.1121
vn 0.3461 0.8188 -0.4580
vn 0.0096 0.7865 0.6175
vn -0.1153 0.9933 -0.0033
vn -0.0634 0.9960 0.0634
vn -0.0831 0.8072 -0.5844
vn -0.1656 0.9862 -0.0018
vn -0.0147 0.9999 0.0062
vn -0.0455 0.9981 0.0409
vn 0.2499 0.9410 0.2282
vn 0.0329 0.9940 -0.1042
vn -0.0538 0.9982 -0.0275
vn 0.6414 0.6823 0.3508
vn 0.0118 0.9481 -0.3177
vn -0.2017 0.9712 -0.1267
vn -0.1103 0.9914 0.0698
vn -0.0128 0.9997 -0.0191
vn -0.0194 0.9987 -0.0466
vn 0.3502 0.9307 -0.1060
vn -0.0779 0.9947 0.0669
vn 0.2873 0.8206 0.4940
vn 0.4891 0.2831 0.8250
vn -0.0251 0.9996 0.0149
vn -0.3156 0.9487 0.0204
vn 0.1650 0.9854 -0.0426
vn -0.3797 0.9123 0.1531
vn -0.0609 0.9820 0.1786
vn -0.4046 0.7850 -0.4691
vn -0.0380 0.9990 -0.0216
vn 0.6154 0.7677 -0.1787
vn 0.0455 0.9934 0.1053
vn 0.9594 0.2801 -0.0339
vn 0.4639 0.7131 -0.5257
vn -0.0159 0.9980 0.0606
vn -0.4320 0.8849 0.1741
vn 0.1687 0.9809 -0.0971
vn -0.0042 0.9996 -0.0292
vn 0.0947 0.9208 -0.3784
vn -0.0079 1.0000 0.0037
vn -0.0386 0.9959 0.0818
vn -0.0677 0.9937 -0.0896
vn -0.1141 0.9931 -0.0278
vn -0.0276 0.9985 0.0481
vn -0.0544 0.8970 0.4387
vn -0.2093 0.8542 -0.4759
vn -0.0252 0.9980 -0.0588
vn 0.1763 0.9772 -0.1185
vn 0.0584 0.9975 0.0401
vn 0.0697 0.9933 0.0925
vn -0.0201 0.9996 0.0201
vn -0.0020 0.9996 0.0285
vn 0.7080 0.7049 -0.0434
vn -0.0278 0.9995 -0.0136
vn -0.4502 0.8718 0.1933
vn 0.0402 0.9943 0.0984
vn -0.2620 0.9650 -0.0135
vn -0.0227 0.9995 0.0216
vn -0.0516 0.9985 -0.0200
vn -0.0245 0.9578 0.2862
vn -0.0150 0.9987 0.0480
vn 0.0391 0.9700 -0.2400
vn -0.0054 0.9958 0.0912
vn -0.3883 0.9130 -0.1250
vn -0.0208 0.9996 0.0182
vn -0.3934 0.7705 -0.5016
vn -0.9227 0.3572 -0.1447
vn -0.1164 0.9921 0.0463
vn -0.0060 0.9998 0.0198
vn 0.1407 0.9302 0.3389
vn -0.1157 0.9325 -0.3422
vn -0.0029 1.0000 0.0002
vn -0.3406 0.9222 -0.1830
vn -0.0060 0.9992 -0.0388
vn 0.2358 0.9189 0.3163
vn 0.0345 0.9598 -0.2785
vn -0.2005 0.8429 0.4993
vn -0.3280 0.5080 -0.7964
vn 0.3970 0.8729 -0.2836
vn 0.0031 0.9995 -0.0328
vn -0.0208 0.9975 0.0681
vn -0.4437 0.8915 0.0907
vn -0.0190 0.9997 0.0148
vn 0.3443 0.8846 0.3145
vn -0.0988 0.9769 -0.1895
vn 0.0265 0.7798 0.6254
vn 0.0056 0.9992 0.0394
vn -0.5735 0.8192 0.0069
vn 0.0355 0.9988 -0.0338
vn 0.6016 0.7535 -0.2651
vn -0.1930 0.9737 -0.1213
vn -0.0932 0.8064 0.5839
vn 0.0128 0.9880 0.1536
vn -0.0773 0.9802 -0.1825
vn 0.0085 0.9993 0.0352
vn -0.3354 0.9099 0.2443
vn 0.0200 0.9942 0.1060
vn -0.0185 0.9984 -0.0532
vn 0.4345 0.8930 0.1172
vn 0.0781 0.6981 -0.7117
vn 0.0271 0.9605 0.2771
vn -0.2532 0.9381 0.2363
vn -0.0519 0.9981 0.0337
vn 0.0360 0.9978 -0.0558
vn -0.0024 0.9424 -0.3344
vn -0.0035 0.9988 0.0481
vn 0.3121 0.9362 0.1615
vn -0.1659 0.7635 -0.6242
vn 0.2176 0.9609 0.1710
vn 0.0238 0.9997 0.0067
vn -0.0065 0.9999 -0.0156
vn 0.4467 0.8422 0.3019
vn 0.5401 0.8037 -0.2498
vn -0.2475 0.8222 0.5126
vn 0.4834 0.8722 0.0746
vn -0.2749 0.9330 -0.2323
vn 0.3525 0.9267 -0.1302
vn -0.0406 0.9990 -0.0198
vn 0.0209 0.9996 0.0195
vn -0.1314 0.9913 -0.0109
vn 0.1461 0.9886 0.0361
vn -0.5284 0.8457 -0.0749
vn 0.1977 0.9742 -0.1084
vn -0.4538 0.8872 0.0833
vn -0.0113 0.9999 0.0021
vn -0.0058 0.9996 -0.0267
vn 0.0149 0.9995 -0.0281
vn 0.2939 0.9557 -0.0128
vn -0.0399 0.9992 -0.0043
vn 0.1480 0.5379 0.8299
vn 0.1799 0.9068 0.3812
vn 0.1162 0.8761 -0.4679
vn -0.3431 0.9034 -0.2573
vn 0.0241 0.9997 0.0050
vn 0.0048 0.9968 0.0799
vn -0.4860 0.8685 0.0971
vn -0.0612 0.9980 0.0127
vn 0.0056 1.0000 -0.0045
vn -0.1013 0.9781 -0.1820
vn -0.0082 0.9612 0.2758
vn -0.0943 0.9955 -0.0054
vn -0.0221 0.9992 -0.0340
vn 0.0189 0.9801 0.1975
vn 0.0602 0.9955 -0.0727
vn 0.0564 0.9858 0.1580
vn 0.0013 0.9993 0.0377
vn -0.1081 0.9896 -0.0950
vn -0.0634 0.9200 -0.3867
vn 0.0078 0.9990 0.0451
vn 0.0078 0.9989 0.0467
vn -0.0545 0.9971 0.0529
vn -0.4687 0.7548 -0.4589
vn 0.2696 0.9342 -0.2337
vn 0.1833 0.9548 0.2341
vn -0.5386 0.8277 -0.1575
vn 0.4984 0.3215 -0.8051
vn 0.5945 0.7325 -0.3315
vn 0.2465 0.9575 0.1499
vn 0.0053 0.9996 -0.0269
vn -0.0503 0.9931 -0.1062
vn -0.1032 0.9937 -0.0436
vn -0.0070 0.9993 -0.0357
vn -0.0787 0.9942 0.0731
vn 0.3181 0.9455 0.0692
vn -0.4923 0.8701 -0.0220
vn -0.0170 0.9814 0.1911
vn -0.3997 0.8305 0.3879
vn -0.0651 0.9932 0.0969
vn 0.0074 0.9989 0.0467
vn -0.1191 0.6997 0.7044
vn -0.8368 0.5291 0.1408
vn -0.2460 0.9180 -0.3110
vn -0.0080 1.0000 -0.0041
vn -0.3066 0.9433 -0.1271
vn -0.0613 0.8648 0.4984
vn -0.0012 0.9997 0.0227
vn 0.0127 0.9996 0.0243
vn -0.3352 0.8114 -0.4788
vn -0.0170 0.9997 0.0162
vn -0.0314 0.9317 -0.3618
vn -0.3694 0.8967 -0.2438
vn 0.0164 0.9992 0.0365
vn -0.0235 0.9799 0.1980
vn 0.5147 0.6733 -0.5308
vn -0.3513 0.6583 -0.6657
vn -0.1274 0.9838 0.1258
vn -0.0131 0.4405 -0.8977
vn 0.1707 0.9839 -0.0522
vn -0.2432 0.8972 0.3686
vn -0.0030 0.9999 -0.0169
vn 0.0518 0.9984 -0.0220
vn -0.2525 0.8505 0.4614
vn -0.0210 0.9608 -0.2764
vn -0.0080 0.9458 0.3245
vn -0.0056 0.9998 0.0171
vn -0.0265 0.9708 0.2384
vn -0.1295 0.9601 -0.2480
vn 0.0837 0.8338 -0.5457
vn 0.0222 0.9997 0.0067
vn -0.5669 0.8009 -0.1925
vn 0.3745 0.8776 -0.2994
vn 0.5011 0.5777 -0.6443
vn 0.1537 0.8636 -0.4801
vn -0.3947 0.8790 0.2677
vn 0.5019 0.7750 -0.3840
vn 0.1523 0.9582 -0.2423
vn 0.3812 0.8171 0.4325
vn 0.5678 0.6611 -0.4905
vn -0.4662 0.3288 -0.8213
vn 0.3201 0.8597 0.3980
vn -0.1982 0.8514 0.4856
vn -0.4843 0.7137 0.5061
vn 0.4731 0.7991 -0.3708
vn 0.0362 0.9988 0.0319
vn 0.2147 0.9103 0.3541
vn 0.3022 0.9064 0.2951
vn 0.0137 0.9999 0.0048
vn -0.2997 0.8432 -0.4464
vn 0.4720 0.8809 -0.0350
vn -0.2939 0.9182 0.2656
vn 0.7518 0.6584 -0.0376
vn 0.1846 0.9579 -0.2201
vn 0.2263 0.9095 0.3487
vn -0.0051 0.9948 -0.1018
vn 0.1143 0.6441 0.7563
vn -0.0316 0.9063 0.4214
vn -0.5799 0.7165 0.3878
vn -0.2093 0.8327 0.5127
vn -0.5680 0.6719 -0.4753
vn 0.0576 0.9967 -0.0572
vn -0.2885 0.7050 0.6479
vn -0.4612 0.7031 0.5412
vn 0.1687 0.9714 0.1669
vn -0.0258 0.9996 -0.0114
vn 0.2113 0.9544 0.2110
vn 0.0123 0.9996 -0.0242
vn -0.7281 0.6562 -0.1981
vn 0.8472 0.5300 -0.0350
vn 0.0169 0.9986 0.0500
vn -0.0350 0.9980 0.0527
vn -0.1568 0.7663 0.6230
vn -0.1467 0.8868 -0.4383
vn 0.6156 0.6893 0.3821
vn 0.1502 0.7684 -0.6221
vn 0.0045 1.0000 -0.0054
vn 0.2835 0.9588 -0.0185
vn -0.0173 0.9998 -0.0142
vn 0.2248 0.9636 -0.1446
vn 0.0994 0.7333 -0.6726
vn -0.6931 0.4765 -0.5410
vn 0.0070 0.7753 -0.6316
vn 0.0089 1.0000 -0.0035
vn 0.4868 0.8722 0.0475
vn 0.3816 0.9240 0.0261
vn -0.6958 0.5345 0.4797
vn 0.0704 0.9907 -0.1165
vn 0.0871 0.8911 -0.4454
vn -0.0311 0.8375 0.5455
vn -0.0080 0.9999 -0.0085
vn -0.0282 0.9980 0.0567
vn 0.0158 0.9998 0.0076
vn 0.0067 0.9999 0.0078
vn -0.0298 0.9996 -0.0009
vn 0.0312 0.9558 0.2924
vn -0.1018 0.7210 -0.6854
vn -0.0520 0.8891 -0.4548
vn -0.0298 0.9995 0.0074
vn -0.3050 0.9427 -0.1355
vn 0.1768 0.9574 0.2282
vn 0.0227 0.6214 0.7832
vn -0.0399 0.9990 -0.0179
vn -0.1149 0.7533 0.6476
vn -0.2898 0.9465 -0.1422
vn -0.1031 0.9689 0.2249
vn -0.3469 0.7257 -0.5942
vn -0.6500 0.7163 -0.2540
vn -0.2413 0.9703 -0.0166
vn -0.0395 0.9991 -0.0137
vn -0.0907 0.9920 -0.0881
vn 0.7422 0.6586 -0.1245
vn -0.1838 0.9803 0.0725
vn -0.4776 0.8446 0.2422
vn 0.0671 0.6738 0.7359
vn -0.2163 0.9757 0.0337
vn 0.2218 0.7620 -0.6085
vn 0.0369 0.9971 -0.0668
vn 0.0186 0.9977 -0.0657
vn -0.5133 0.8124 -0.2766
vn 0.4214 0.6937 0.5842
vn -0.0678 0.9972 -0.0311
vn -0.3807 0.8771 -0.2930
vn 0.1692 0.9852 -0.0266
vn -0.1051 0.9620 0.2520
vn -0.1899 0.9737 0.1255
vn -0.0416 0.9943 -0.0981
vn 0.1071 0.9739 -0.2001
vn -0.1368 0.9781 -0.1568
vn -0.1640 0.8884 0.4289
vn -0.5664 0.7222 0.3970
vn -0.1688 0.9791 0.1136
vn -0.4210 0.8170 -0.3941
vn -0.2268 0.9737 -0.0215
vn 0.8189 0.5548 -0.1468
vn 0.2398 0.9696 -0.0479
vn -0.0001 0.9702 -0.2422
vn 0.0511 0.7091 0.7032
vn 0.0065 1.0000 0.0056
vn 0.0755 0.9968 -0.0244
vn 0.6356 0.7381 0.2263
vn 0.2085 0.9697 0.1273
vn 0.4110 0.9081 -0.0800
vn 0.4502 0.8579 0.2475
vn -0.0963 0.9635 0.2497
vn -0.7097 0.7043 0.0170
vn -0.0480 0.9898 -0.1344
vn 0.5607 0.6471 -0.5166
vn 0.0653 0.9867 0.1488
vn -0.5357 0.6653 0.5200
vn 0.0066 0.9995 -0.0298
vn -0.1038 0.9506 0.2925
vn -0.0976 0.9869 0.1286
vn 0.0913 0.9624 -0.2557
vn -0.2176 0.9760 -0.0030
vn 0.6448 0.7604 0.0767
vn -0.0861 0.9962 -0.0157
vn -0.7074 0.6573 0.2598
vn 0.0137 0.5736 0.8191
vn 0.1623 0.9865 -0.0219
vn 0.3729 0.8748 -0.3094
vn 0.0775 0.9956 -0.0526
vn -0.9291 0.3673 0.0431
vn 0.1387 0.9266 -0.3494
vn 0.0764 0.9969 -0.0208
vn 0.0055 0.9997 -0.0258
vn -0.1651 0.9020 -0.3988
vn 0.0881 0.9681 0.2346
vn 0.3962 0.7057 0.5873
vn 0.0157 0.9760 0.2174
vn 0.0780 0.9953 0.0569
vn 0.0060 0.9954 0.0958
vn 0.2048 0.9785 0.0248
vn 0.0903 0.9897 -0.1112
vn 0.1818 0.9157 -0.3583
vn -0.7622 0.2131 0.6112
vn 0.1493 0.4979 0.8543
vn 0.4386 0.6081 0.6617
vn 0.0408 0.9991 -0.0091
vn 0.0217 0.9991 0.0372
vn -0.4007 0.7213 -0.5650
vn 0.4931 0.5624 -0.6637
vn 0.7563 0.5487 0.3564
vn 0.8678 0.1576 -0.4713
vn -0.1195 0.6739 -0.7291
vn 0.5266 0.6680 -0.5258
vn 0.0754 0.9957 0.0538
vn 0.0499 0.9968 -0.0620
vn 0.4218 0.8935 0.1543
vn 0.0161 0.9994 -0.0301
vn -0.5684 0.5846 -0.5789
vn 0.4127 0.6427 -0.6454
vn 0.0873 0.9961 -0.0128
vn 0.0278 0.9994 -0.0205
vn 0.0779 0.9966 -0.0281
vn -0.1376 0.7818 0.6081
vn 0.2562 0.9170 0.3057
vn 0.5513 0.4934 0.6728
vn 0.0502 0.9978 0.0424
vn 0.2969 0.9241 0.2407
vn 0.0436 0.9990 -0.0005
vn 0.0200 0.9991 0.0372
vn -0.0407 0.9949 0.0927
vn -0.4029 0.2547 0.8791
vn 0.0148 0.9991 -0.0400
vn 0.4201 0.5833 0.6952
vn 0.9590 0.0887 -0.2691
vn 0.2248 0.9723 -0.0641
vn 0.3351 0.9411 -0.0449
vn 0.0219 0.9997 -0.0060
vn 0.0826 0.9902 0.1129
vn 0.0232 0.9994 0.0274
vn -0.1042 0.9575 -0.2690
vn -0.0247 0.9987 0.0440
vn 0.7108 0.6530 0.2613
vn 0.0136 0.9999 -0.0035
vn 0.0113 0.9995 -0.0302
vn 0.0011 1.0000 0.0024
vn 0.0056 0.9989 0.0463
vn -0.0190 0.9992 0.0354
vn -0.1668 0.9854 -0.0356
vn 0.3200 0.9440 0.0805
vn -0.3117 0.7984 0.5152
vn -0.0027 0.9998 0.0175
vn 0.0346 0.9971 -0.0675
vn 0.2178 0.9697 -0.1110
vn -0.0056 0.9999 -0.0099
vn 0.0050 1.0000 0.0066
vn 0.0434 0.9988 -0.0218
vn -0.0000 1.0000 0.0034
vn -0.2511 0.9572 0.1440
vn 0.0104 0.9995 -0.0288
vn -0.2033 0.9408 -0.2712
vn -0.1290 0.9473 0.2932
vn -0.6240 0.7727 0.1163
vn 0.0197 0.9998 -0.0060
vn -0.4322 0.9013 0.0297
vn -0.4787 0.6639 0.5746
vn -0.3593 0.9065 0.2218
vn -0.2215 0.9718 0.0813
vn -0.2018 0.9656 -0.1640
vn -0.0166 0.9648 0.2625
vn 0.0191 0.7576 0.6525
vn -0.3677 0.9100 0.1916
vn -0.4975 0.8162 -0.2939
vn -0.0543 0.9927 -0.1079
vn -0.7754 0.6184 0.1277
vn -0.2496 0.9390 -0.2367
vn -0.0316 0.9498 -0.3111
vn -0.0056 0.9890 -0.1476
vn 0.0132 0.9972 -0.0737
vn -0.3727 0.8016 0.4675
vn 0.0353 0.9974 0.0631
vn -0.3679 0.9059 -0.2098
vn -0.3664 0.8694 0.3316
vn -0.4747 0.7220 0.5033
vn -0.1292 0.9609 0.2448
vn -0.3781 0.9253 -0.0280
vn 0.1172 0.9753 -0.1870
vn 0.0054 0.9986 0.0518
vn 0.0584 0.9969 -0.0532
vn 0.0245 0.6138 -0.7891
vn 0.2204 0.8717 -0.4377
vn -0.1583 0.9106 -0.3818
vn -0.2245 0.9233 -0.3116
vn 0.0157 0.9993 -0.0342
vn -0.0418 0.9987 -0.0284
vn -0.1082 0.9893 0.0976
vn 0.0838 0.8170 0.5705
vn 0.1159 0.9384 0.3257
vn -0.0773 0.9007 -0.4275
vn 0.2106 0.8423 0.4961
vn -0.0453 0.9880 0.1475
vn 0.2135 0.9306 -0.2975
vn 0.0919 0.9925 0.0806
vn 0.4215 0.8468 0.3246
vn -0.0410 0.9986 0.0332
vn -0.6262 0.3099 0.7155
vn -0.1469 0.7171 0.6814
vn 0.0272 0.9723 0.2320
vn 0.2479 0.8842 -0.3958
vn 0.3663 0.9230 0.1183
vn 0.1690 0.9630 -0.2100
vn 0.5221 0.8186 0.2394
vn 0.2596 0.9654 -0.0262
vn 0.0777 0.9959 -0.0469
vn 0.4350 0.7709 0.4653
vn -0.2169 0.9748 0.0519
vn -0.3781 0.8494 0.3681
vn 0.3167 0.9273 -0.1996
vn 0.0462 0.9937 0.1018
vn 0.8942 0.4128 0.1733
vn 0.0767 0.9967 0.0254
vn 0.0432 0.9989 -0.0170
vn 0.2613 0.9561 -0.1328
vn -0.3976 0.9154 -0.0630
vn 0.0323 0.9878 0.1523
vn 0.0523 0.9982 0.0300
vn 0.0132 0.9797 -0.2002
vn 0.5437 0.8280 -0.1372
vn 0.0551 0.9351 0.3501
vn -0.0528 0.9979 0.0385
vn 0.4072 0.8652 -0.2927
vn 0.0778 0.9966 -0.0260
vn 0.0716 0.9965 0.0423
vn -0.1449 0.9507 -0.2741
vn 0.1349 0.9902 0.0357
vn -0.2012 0.9792 0.0247
vn 0.0207 0.9996 -0.0194
vn -0.7805 0.3950 0.4846
vn -0.7352 0.2479 0.6309
vn 0.5887 0.8047 -0.0768
vn 0.0262 0.9996 0.0071
vn 0.2347 0.9389 -0.2517
vn 0.0807 0.9957 0.0454
vn 0.2056 0.9635 0.1713
vn 0.4230 0.8710 0.2500
vn 0.4363 0.8914 -0.1225
vn 0.0297 0.9995 -0.0120
vn -0.7027 0.5740 0.4205
vn 0.0387 0.9992 -0.0050
vn 0.4346 0.9005 0.0146
vn 0.1623 0.9861 -0.0343
vn -0.3116 0.9417 0.1271
vn 0.1138 0.9928 0.0381
vn -0.0222 0.9963 -0.0832
vn -0.4562 0.8711 -0.1821
vn -0.7090 0.7052 0.0010
vn -0.1009 0.9943 0.0347
vn -0.3967 0.9142 0.0833
vn -0.5082 0.8559 -0.0956
vn -0.3510 0.9364 -0.0012
vn 0.8034 0.1650 0.5721
vn 0.8290 0.1587 0.5362
vn 0.7304 0.3694 0.5746
vn 0.7204 0.2169 0.6588
vn 0.7253 0.1639 0.6686
vn 0.6652 0.3157 0.6766
vn 0.6654 0.1233 0.7362
vn 0.5648 0.3864 0.7292
vn 0.6580 0.3185 0.6823
vn 0.5532 0.1770 0.8141
vn 0.4852 0.3349 0.8077
vn 0.4599 0.0348 0.8873
vn 0.4571 0.2317 0.8587
vn 0.3765 0.3982 0.8364
vn 0.3699 0.3106 0.8756
vn 0.4048 0.1213 0.9063
vn 0.3777 0.2757 0.8840
vn 0.3120 0.1652 0.9356
vn 0.2385 0.5562 0.7961
vn 0.2757 0.2359 0.9319
vn 0.1509 0.2173 0.9644
vn -0.1426 0.8345 -0.5323
vn 0.0893 0.6786 0.7291
vn 0.0164 0.2720 0.9622
vn 0.0371 0.3148 0.9484
vn 0.0547 0.0325 0.9980
vn -0.0317 0.7579 0.6516
vn -0.1336 0.2314 0.9636
vn -0.0992 0.2061 0.9735
vn -0.1933 0.5700 0.7986
vn -0.2492 0.0641 0.9663
vn -0.2916 0.1880 0.9379
vn -0.3142 0.2515 0.9154
vn -0.0640 0.9834 0.1699
vn 0.0811 0.9203 -0.3828
vn -0.3342 0.4504 0.8279
vn -0.0545 0.9921 0.1129
vn -0.4240 0.1549 0.8923
vn -0.0774 0.9780 0.1939
vn -0.5310 0.1516 0.8337
vn -0.4436 0.4996 0.7440
vn 0.0857 0.9817 -0.1698
vn -0.8191 0.4507 0.3549
vn -0.5879 0.6452 -0.4879
vn -0.6950 0.1450 0.7042
vn -0.1111 0.6099 -0.7846
vn -0.0200 0.7711 -0.6364
vn 0.6017 0.4154 -0.6822
vn 0.7450 0.3937 -0.5385
vn -0.6540 0.7414 -0.1501
vn -0.5611 0.8071 0.1837
vn -0.5504 0.7869 0.2790
vn 0.0856 0.6353 0.7675
vn -0.0973 0.9169 -0.3870
vn -0.2187 0.7787 0.5880
vn 0.5187 0.3764 0.7676
vn 0.2608 0.9638 0.0552
vn 0.7984 0.5747 0.1797
vn -0.4538 0.2613 -0.8519
vn 0.2919 0.6596 -0.6926
vn 0.6102 0.6547 -0.4460
vn -0.3778 0.0001 -0.9259
vn -0.3304 -0.3051 -0.8932
vn -0.3634 -0.0036 -0.9316
vn -0.4080 -0.0117 -0.9129
vn -0.3032 -0.3587 -0.8828
vn -0.3381 0.0075 -0.9411
vn -0.3350 0.0007 -0.9422
vn -0.3561 -0.0134 -0.9343
vn -0.3088 -0.0018 -0.9511
vn -0.3099 0.0051 -0.9507
vn -0.2147 -0.3507 -0.9116
vn -0.3207 0.0007 -0.9472
vn -0.3471 0.0265 -0.9375
vn -0.3361 -0.0622 -0.9398
vn -0.3094 -0.0118 -0.9508
vn -0.2886 -0.0731 -0.9547
vn -0.2448 -0.0152 -0.9695
vn -0.2620 0.0094 -0.9650
vn -0.2714 -0.0299 -0.9620
vn -0.2786 -0.0040 -0.9604
vn -0.2537 0.0040 -0.9673
vn -0.2512 -0.0336 -0.9673
vn -0.2607 0.0002 -0.9654
vn -0.1802 0.0003 -0.9836
vn -0.1958 0.0097 -0.9806
vn -0.1878 -0.0029 -0.9822
vn -0.1781 -0.0108 -0.9840
vn -0.1314 -0.0102 -0.9913
vn -0.1355 0.0107 -0.9907
vn -0.1592 -0.2073 -0.9652
vn -0.1577 0.0010 -0.9875
vn -0.2066 -0.1519 -0.9666
vn -0.1627 -0.0076 -0.9866
vn -0.1135 -0.0575 -0.9919
vn -0.1394 -0.0024 -0.9902
vn -0.0569 -0.0001 -0.9984
vn -0.1184 0.0069 -0.9929
vn -0.0493 -0.0029 -0.9988
vn -0.0310 0.0063 -0.9995
vn -0.0263 0.0026 -0.9997
vn -0.0697 -0.3447 -0.9361
vn -0.0963 -0.4216 -0.9017
vn -0.0131 -0.0681 -0.9976
vn -0.0565 0.8329 -0.5505
vn -0.0244 0.0036 -0.9997
vn -0.0610 -0.0003 -0.9981
vn 0.0234 -0.0008 -0.9997
vn -0.0244 -0.0754 -0.9969
vn 0.0081 -0.5966 -0.8025
vn -0.0092 0.0111 -0.9999
vn -0.0083 -0.0062 -0.9999
vn 0.0661 0.0018 -0.9978
vn -0.0072 0.3833 -0.9236
vn 0.0256 0.0059 -0.9997
vn 0.0307 -0.0006 -0.9995
vn 0.0363 -0.3331 -0.9422
vn 0.0599 -0.0099 -0.9982
vn 0.0362 -0.2802 -0.9593
vn 0.0949 -0.0014 -0.9955
vn 0.0685 -0.5946 -0.8011
vn 0.0843 -0.0436 -0.9955
vn 0.0215 0.9553 -0.2949
vn 0.1430 -0.1081 -0.9838
vn 0.0843 -0.0084 -0.9964
vn 0.1149 -0.0041 -0.9934
vn 0.1382 0.0039 -0.9904
vn 0.1045 -0.0067 -0.9945
vn 0.1291 0.0003 -0.9916
vn 0.1196 0.0002 -0.9928
vn 0.1202 -0.4670 -0.8761
vn 0.1226 0.0099 -0.9924
vn 0.1067 0.0017 -0.9943
vn 0.1459 -0.3358 -0.9306
vn 0.1071 0.4135 -0.9042
vn 0.1383 0.0009 -0.9904
vn 0.2120 0.0034 -0.9773
vn 0.1608 -0.4642 -0.8710
vn 0.1703 0.0010 -0.9854
vn 0.2040 0.0013 -0.9790
vn 0.1705 -0.0066 -0.9853
vn 0.2181 -0.0020 -0.9759
vn 0.1831 0.0032 -0.9831
vn 0.2011 -0.0441 -0.9786
vn 0.2560 0.0007 -0.9667
vn 0.1662 -0.5823 -0.7958
vn 0.2549 -0.0028 -0.9670
vn 0.2365 0.0046 -0.9716
vn 0.2524 -0.1264 -0.9593
vn 0.2732 -0.0025 -0.9619
vn 0.2683 -0.0022 -0.9633
vn 0.2689 0.0086 -0.9631
vn 0.2520 -0.4037 -0.8795
vn 0.2619 -0.1415 -0.9547
vn 0.2280 0.0043 -0.9736
vn 0.2647 -0.0010 -0.9643
vn 0.2361 -0.0109 -0.9717
vn 0.3210 0.0019 -0.9471
vn 0.3246 0.0042 -0.9458
vn 0.3141 -0.0497 -0.9481
vn 0.2988 -0.0035 -0.9543
vn 0.3103 0.0048 -0.9506
vn 0.3107 -0.0160 -0.9504
vn 0.3330 -0.0065 -0.9429
vn 0.3433 0.0023 -0.9392
vn 0.2706 -0.5060 -0.8190
vn 0.3760 0.0013 -0.9266
vn 0.3889 0.0010 -0.9213
vn 0.3425 -0.0073 -0.9395
vn 0.3614 0.0064 -0.9324
vn 0.2710 0.4527 -0.8495
vn 0.4028 -0.0015 -0.9153
vn 0.3280 -0.4735 -0.8175
vn 0.3613 0.0013 -0.9325
vn 0.3585 -0.0007 -0.9335
vn 0.3953 -0.1168 -0.9111
vn 0.4006 -0.0445 -0.9152
vn 0.3493 -0.2575 -0.9009
vn 0.3708 -0.4138 -0.8314
vn 0.3948 0.0038 -0.9188
vn 0.4139 0.0003 -0.9103
vn 0.3977 0.0053 -0.9175
vn 0.4854 -0.0391 -0.8734
vn 0.4310 -0.0052 -0.9023
vn 0.4762 0.0107 -0.8793
vn 0.4765 -0.0086 -0.8791
vn 0.4293 0.0051 -0.9031
vn 0.4571 0.0057 -0.8894
vn 0.4138 0.0085 -0.9103
vn 0.4818 -0.3077 -0.8205
vn 0.4500 -0.0030 -0.8930
vn 0.4536 -0.0077 -0.8912
vn 0.2491 0.7576 -0.6033
vn 0.4884 -0.0253 -0.8723
vn 0.5035 -0.0004 -0.8640
vn 0.4043 -0.4302 -0.8071
vn 0.4998 0.0076 -0.8661
vn 0.3712 0.5993 -0.7093
vn 0.4161 -0.5798 -0.7005
vn 0.5034 -0.0655 -0.8616
vn 0.5399 -0.0010 -0.8417
vn 0.5221 -0.0153 -0.8527
vn 0.5301 0.0058 -0.8479
vn 0.5030 0.0008 -0.8643
vn 0.5194 -0.0021 -0.8545
vn 0.4814 -0.4508 -0.7517
vn 0.5088 -0.0023 -0.8609
vn 0.5372 -0.0031 -0.8434
vn 0.5574 0.0039 -0.8303
vn 0.5832 -0.0066 -0.8123
vn 0.5949 -0.0039 -0.8038
vn 0.5545 -0.0047 -0.8322
vn 0.5853 0.0009 -0.8108
vn 0.6372 -0.0953 -0.7648
vn 0.6003 -0.0026 -0.7998
vn 0.5821 0.0044 -0.8131
vn 0.5273 0.0982 -0.8440
vn 0.5889 0.0017 -0.8082
vn 0.6150 0.0023 -0.7885
vn 0.5296 -0.4089 -0.7432
vn 0.5858 0.0003 -0.8104
vn 0.5961 -0.0999 -0.7967
vn 0.5284 -0.4499 -0.7200
vn 0.6006 0.0058 -0.7996
vn 0.6321 -0.0051 -0.7749
vn 0.6314 -0.0118 -0.7754
vn 0.6118 -0.0074 -0.7910
vn 0.4699 0.5705 -0.6736
vn 0.6157 0.0037 -0.7880
vn 0.6380 -0.0035 -0.7700
vn 0.6854 0.0017 -0.7281
vn 0.6687 0.0081 -0.7435
vn 0.6701 -0.0004 -0.7422
vn 0.5394 -0.5236 -0.6595
vn 0.6766 -0.0046 -0.7363
vn 0.6791 -0.0081 -0.7340
vn 0.6720 -0.0005 -0.7405
vn 0.6611 0.0058 -0.7503
vn 0.6096 0.3835 -0.6937
vn 0.6789 -0.0032 -0.7342
vn 0.6657 -0.1355 -0.7338
vn 0.7016 0.0070 -0.7125
vn 0.7050 -0.0231 -0.7089
vn 0.5813 -0.4954 -0.6455
vn 0.6864 -0.0182 -0.7270
vn 0.7195 0.0114 -0.6944
vn 0.6998 -0.0144 -0.7142
vn 0.7216 -0.0018 -0.6923
vn 0.7231 -0.0006 -0.6908
vn 0.5942 -0.5377 -0.5982
vn 0.7417 0.0023 -0.6708
vn 0.7435 -0.0413 -0.6675
vn 0.7404 0.0046 -0.6721
vn 0.7592 0.0007 -0.6509
vn 0.7318 0.0002 -0.6815
vn 0.7621 0.0001 -0.6474
vn 0.7606 -0.0107 -0.6492
vn 0.7629 -0.0042 -0.6465
vn 0.7815 0.0057 -0.6239
vn 0.7660 -0.0697 -0.6390
vn 0.7427 -0.3149 -0.5910
vn 0.7635 0.0017 -0.6458
vn 0.7272 -0.2410 -0.6427
vn 0.7416 -0.0008 -0.6708
vn 0.7916 -0.0004 -0.6110
vn 0.5115 0.7196 -0.4696
vn 0.8115 0.0941 -0.5768
vn 0.8041 -0.0029 -0.5945
vn 0.8085 0.0016 -0.5884
vn 0.8140 -0.1835 -0.5511
vn 0.8090 -0.0008 -0.5878
vn 0.8236 0.0047 -0.5672
vn 0.8096 -0.0125 -0.5868
vn 0.8220 0.0013 -0.5696
vn 0.8241 0.0002 -0.5664
vn 0.8134 0.0039 -0.5817
vn 0.8365 -0.0004 -0.5480
vn -0.5719 0.7002 0.4274
vn -0.3451 0.5210 0.7807
vn -0.3234 0.7239 -0.6094
vn -0.1184 0.5989 0.7920
vn -0.0872 0.9962 0.0011
vn 0.3679 0.4105 0.8343
vn 0.4093 0.5357 0.7386
vn 0.7103 0.6339 -0.3062
vn -0.3182 0.0096 0.9480
vn -0.2718 -0.0026 0.9623
vn -0.2705 0.0017 0.9627
vn -0.3071 -0.0048 0.9517
vn -0.2753 0.0085 0.9613
vn -0.2672 -0.0316 0.9631
vn -0.2581 -0.0534 0.9646
vn -0.2545 0.0018 0.9671
vn -0.2570 -0.0064 0.9664
vn -0.2481 -0.0054 0.9687
vn -0.1913 -0.5463 0.8155
vn -0.2012 -0.2021 0.9585
vn -0.1776 -0.0098 0.9841
vn -0.2392 -0.1317 0.9620
vn -0.2505 -0.0034 0.9681
vn -0.1877 -0.0070 0.9822
vn -0.1629 -0.0339 0.9861
vn -0.1741 0.0026 0.9847
vn -0.1600 -0.0074 0.9871
vn -0.1498 -0.0001 0.9887
vn -0.1260 -0.1914 0.9734
vn -0.1605 0.0041 0.9870
vn -0.1110 0.0075 0.9938
vn -0.1078 -0.0005 0.9942
vn -0.1204 -0.4963 0.8598
vn -0.1568 0.3674 0.9168
vn -0.1290 -0.0010 0.9916
vn -0.1268 -0.3011 0.9451
vn -0.1060 -0.0027 0.9944
vn -0.0560 0.0061 0.9984
vn -0.0754 -0.0024 0.9972
vn -0.0757 0.3072 0.9486
vn -0.0406 -0.0220 0.9989
vn -0.0268 0.0032 0.9996
vn -0.0277 0.0026 0.9996
vn -0.0186 -0.3846 0.9229
vn 0.0173 0.0025 0.9998
vn -0.0405 -0.4198 0.9067
vn -0.0319 -0.0480 0.9983
vn -0.0126 0.0005 0.9999
vn -0.0540 -0.0001 0.9985
vn 0.0581 -0.0122 0.9982
vn 0.0459 -0.0000 0.9989
vn 0.0497 0.2735 0.9606
vn 0.0205 -0.1672 0.9857
vn 0.0496 -0.4901 0.8703
vn 0.0902 0.0002 0.9959
vn 0.0697 0.0014 0.9976
vn 0.0971 0.0070 0.9952
vn 0.0756 0.0040 0.9971
vn 0.0937 -0.1081 0.9897
vn 0.0957 -0.4793 0.8724
vn 0.0938 -0.0057 0.9956
vn 0.0732 0.0014 0.9973
vn 0.0939 0.0146 0.9955
vn 0.1258 -0.0257 0.9917
vn 0.1946 -0.0006 0.9809
vn 0.1492 -0.0049 0.9888
vn 0.1408 -0.3590 0.9226
vn 0.1763 -0.2881 0.9412
vn 0.1498 -0.0005 0.9887
vn 0.1362 0.5129 0.8476
vn 0.1538 0.0042 0.9881
vn 0.2213 -0.0025 0.9752
vn 0.2115 0.0018 0.9774
vn 0.2199 0.0035 0.9755
vn 0.2043 0.0018 0.9789
vn 0.1852 -0.0052 0.9827
vn 0.2110 -0.0261 0.9771
vn 0.2131 -0.3147 0.9249
vn 0.1824 0.0020 0.9832
vn 0.1948 0.0006 0.9808
vn 0.1286 -0.5884 0.7983
vn 0.2649 -0.0010 0.9643
vn 0.2733 -0.0041 0.9619
vn 0.2849 0.0029 0.9586
vn 0.3192 -0.0012 0.9477
vn 0.2244 0.3646 0.9037
vn 0.3156 -0.0006 0.9489
vn 0.2550 -0.0944 0.9623
vn 0.2512 -0.4629 0.8501
vn 0.2530 -0.4021 0.8799
vn 0.3078 -0.0001 0.9515
vn 0.3072 -0.0064 0.9516
vn 0.2922 -0.0829 0.9528
vn 0.3460 0.0008 0.9382
vn 0.3069 0.0056 0.9517
vn 0.2994 -0.0051 0.9541
vn 0.2783 0.3866 0.8793
vn 0.3084 -0.4251 0.8510
vn 0.3472 0.0008 0.9378
vn 0.3803 0.0014 0.9249
vn 0.3475 -0.0073 0.9376
vn 0.3365 0.0016 0.9417
vn 0.3438 -0.0217 0.9388
vn 0.3763 0.0009 0.9265
vn 0.3246 -0.3983 0.8579
vn 0.3594 -0.1675 0.9180
vn 0.3562 -0.5128 0.7811
vn 0.4437 -0.0009 0.8962
vn 0.4338 -0.0467 0.8998
vn 0.4101 -0.0038 0.9120
vn 0.3750 -0.0792 0.9236
vn 0.4743 -0.0044 0.8803
vn 0.4091 -0.0006 0.9125
vn 0.4459 -0.0047 0.8951
vn 0.4017 0.0024 0.9158
vn 0.4289 0.0007 0.9034
vn 0.4337 0.0013 0.9010
vn 0.4416 -0.3748 0.8152
vn 0.4686 0.0046 0.8834
vn 0.3996 -0.2512 0.8816
vn 0.4739 -0.0600 0.8786
vn 0.4840 0.0007 0.8751
vn 0.4234 -0.0027 0.9059
vn 0.4799 -0.2054 0.8529
vn 0.4842 0.0050 0.8749
vn 0.5178 -0.0245 0.8552
vn 0.5139 -0.0063 0.8578
vn 0.5201 0.2305 0.8224
vn 0.4601 -0.4858 0.7432
vn 0.5210 0.0001 0.8536
vn 0.5158 -0.0044 0.8567
vn 0.5344 0.0093 0.8452
vn 0.5246 -0.0108 0.8513
vn 0.5276 0.0014 0.8495
vn 0.5773 -0.0405 0.8155
vn 0.5655 0.0046 0.8248
vn 0.5451 -0.0009 0.8383
vn 0.5683 -0.0002 0.8228
vn 0.5661 0.0023 0.8243
vn 0.5791 -0.0082 0.8152
vn 0.5996 0.0013 0.8003
vn 0.5683 0.0048 0.8228
vn 0.5991 0.0003 0.8007
vn 0.4625 -0.5391 0.7039
vn 0.5640 -0.0068 0.8257
vn 0.5591 -0.1604 0.8134
vn 0.5885 0.0045 0.8085
vn 0.5444 -0.2815 0.7902
vn 0.6259 -0.0110 0.7798
vn 0.6119 -0.0062 0.7909
vn 0.6482 0.0062 0.7615
vn 0.5715 -0.3641 0.7354
vn 0.6305 -0.0074 0.7762
vn 0.5976 -0.0044 0.8018
vn 0.6107 -0.0027 0.7919
vn 0.5976 0.0041 0.8018
vn 0.6141 -0.0763 0.7855
vn 0.6633 -0.0008 0.7483
vn 0.5819 -0.3861 0.7158
vn 0.6390 0.0037 0.7692
vn 0.5644 -0.2704 0.7800
vn 0.6661 0.0027 0.7458
vn 0.6606 -0.0014 0.7507
vn 0.6793 -0.0051 0.7338
vn 0.6757 -0.0035 0.7372
vn 0.6387 -0.0042 0.7695
vn 0.6780 -0.0055 0.7350
vn 0.7060 0.0006 0.7082
vn 0.6628 -0.1217 0.7389
vn 0.6946 -0.0044 0.7193
vn 0.6760 0.0013 0.7369
vn 0.6866 0.0069 0.7270
vn 0.5431 -0.5915 0.5959
vn 0.7004 -0.2242 0.6777
vn 0.7022 -0.0764 0.7078
vn 0.6682 -0.0424 0.7428
vn 0.7046 -0.0002 0.7096
vn 0.7186 -0.0382 0.6943
vn 0.7391 -0.0006 0.6736
vn 0.6572 -0.4231 0.6238
vn 0.7347 0.0012 0.6784
vn 0.7172 0.0069 0.6968
vn 0.7362 -0.0053 0.6767
vn 0.7507 -0.0092 0.6606
vn 0.7637 0.0008 0.6456
vn 0.7646 0.0015 0.6445
vn 0.7581 -0.0045 0.6521
vn 0.6214 0.5059 0.5983
vn 0.7414 0.0009 0.6710
vn 0.7646 -0.2022 0.6120
vn 0.7615 0.0028 0.6482
vn 0.6811 -0.4224 0.5981
vn 0.7843 -0.0102 0.6203
vn 0.7872 -0.0138 0.6165
vn 0.6864 -0.5129 0.5155
vn 0.1057 0.6268 -0.7720
vn 0.1043 0.7087 -0.6977
vn 0.9864 0.0453 0.1579
vn 0.6064 0.5345 -0.5887
vn 0.6442 0.7649 -0.0034
vn 0.4193 0.6204 -0.6628
vn -0.8769 0.3667 0.3107
vn -0.3255 0.8038 -0.4980
vn -0.1595 0.9235 0.3488
vn -0.5731 0.4839 0.6613
vn -0.2322 0.9229 -0.3072
vn -0.8460 0.4922 -0.2049
vn 0.0752 0.1009 -0.9920
vn -0.8720 0.4313 -0.2316
vn -0.2623 0.9571 0.1235
vn -0.0097 0.9090 0.4166
vn 0.1142 0.9609 0.2522
vn 0.0436 0.9800 0.1943
vn 0.0679 0.8146 0.5760
vn -0.1646 0.7971 0.5810
vn 0.4125 0.7698 0.4871
vn 0.1906 0.8429 -0.5032
vn 0.1134 0.9701 0.2145
vn 0.5744 0.8043 0.1522
vn 0.6997 0.6460 0.3050
vn -0.3495 0.8773 -0.3289
vn -0.5455 0.4400 0.7133
vn 0.2636 0.8228 0.5034
vn 0.6011 0.5528 -0.5771
vn -0.5064 0.8485 0.1533
vn 0.7235 0.6677 -0.1754
vn 0.7414 0.6206 0.2551
vn -0.3735 0.7842 0.4956
vn 0.2293 0.9371 -0.2634
vn -0.0973 0.9895 0.1072
vn 0.0010 0.9993 0.0367
vn 0.2553 0.9478 -0.1909
vn 0.7286 0.5621 -0.3915
vn -0.1444 0.9857 0.0867
vn -0.0990 0.9940 0.0460
vn 0.6961 0.6879 -0.2056
vn -0.0511 0.9987 0.0008
vn 0.4659 0.8788 0.1036
vn -0.5733 0.8124 -0.1066
vn 0.5811 0.8132 0.0310
vn -0.3856 0.9226 -0.0097
vn -0.2671 0.9632 0.0311
vn 0.6620 0.7451 -0.0812
vn 0.8268 0.5624 0.0052
vn -0.6926 0.6712 0.2641
vn -0.5041 0.6944 0.5135
vn -0.6124 0.6617 0.4325
vn -0.7851 0.1668 -0.5965
vn -0.2416 0.6360 0.7329
vn 0.6179 0.2991 0.7272
vn 0.7050 0.2194 0.6744
vn -0.6552 0.0326 -0.7547
vn -0.4632 0.7700 0.4387
vn -0.6704 0.2945 -0.6811
vn -0.4007 0.7035 0.5870
vn -0.0511 0.4776 0.8771
vn 0.0666 0.6893 -0.7214
vn 0.5191 0.6146 -0.5940
vn 0.7189 0.1370 0.6814
vn 0.1794 0.4996 -0.8474
vn -0.9437 0.2064 0.2584
vn -0.2238 0.3313 0.9166
vn 0.2757 0.2575 0.9261
vn 0.9661 0.0349 0.2557
vn 0.9704 0.0519 0.2360
vn 0.8263 0.4176 -0.3779
vn 0.7615 0.5146 -0.3940
vn 0.6962 0.0181 0.7176
vn 0.8476 0.5163 -0.1223
vn -0.0314 0.7948 -0.6060
vn -0.8998 0.0826 0.4284
vn -0.5893 0.0455 0.8067
vn -0.6699 0.7023 -0.2408
vn -0.2060 0.9352 0.2879
vn 0.1176 0.7045 0.6999
vn -0.2301 0.9553 -0.1858
vn 0.5033 0.8284 -0.2458
vn -0.7059 0.3900 -0.5913
vn -0.0925 0.4347 -0.8958
vn 0.6206 0.3252 -0.7135
vn -0.5587 0.6502 -0.5149
vn -0.8635 0.4830 0.1454
vn -0.7534 0.4224 -0.5039
vn -0.1994 0.9177 0.3437
vn -0.0920 0.8402 -0.5343
vn 0.4219 0.8191 -0.3888
vn 0.8225 0.4972 -0.2761
vn 0.0998 0.8852 0.4545
vn 0.4053 0.9141 0.0136
vn 0.0797 -0.3510 -0.9330
vn 0.6260 0.7699 0.1242
vn 0.0674 0.9510 -0.3018
vn 0.4287 0.6212 0.6561
vn -0.6435 0.0675 -0.7624
vn 0.6929 0.6774 0.2472
vn 0.3767 0.6949 -0.6126
vn -0.5105 0.2745 0.8149
vn -0.1117 0.3067 0.9452
vn 0.4958 0.7423 0.4508
vn 0.7693 0.6319 0.0948
vn -0.4070 0.2809 -0.8692
vn -0.3549 -0.3312 0.8743
vn -0.5700 0.7589 -0.3148
vn -0.1642 0.9704 0.1771
vn 0.3948 0.3414 -0.8530
vn -0.9583 -0.1325 -0.2532
vn -0.1047 -0.3880 -0.9157
vn 0.3809 -0.7236 0.5757
vn 0.4200 -0.0089 0.9075
vn 0.6574 -0.6271 -0.4178
vn -0.4367 -0.6218 -0.6501
vn 0.5646 0.6921 -0.4498
vn 0.8779 0.3901 0.2776
vn -0.3532 0.9064 0.2315
vn -0.6535 -0.3680 -0.6615
vn 0.2920 -0.9542 0.0651
vn -0.9703 -0.1454 0.1935
vn -0.8578 -0.3282 -0.3956
vn -0.9800 0.1445 0.1367
vn -0.6602 0.5977 -0.4549
vn -0.0817 0.7047 -0.7048
vn 0.0106 0.6990 -0.7150
vn 0.5720 0.6526 -0.4968
vn -0.5569 0.1930 0.8079
vn -0.5743 0.3515 0.7393
vn -0.5944 0.1061 0.7972
vn -0.7265 0.1217 0.6763
vn -0.5375 0.6027 0.5897
vn -0.6542 0.1995 0.7295
vn -0.6106 0.5120 0.6041
vn -0.7596 0.2091 0.6159
vn -0.8261 0.0996 0.5547
vn -0.6796 0.5308 0.5063
vn -0.8035 0.2788 0.5259
vn -0.8686 0.1073 -0.4838
vn -0.8584 0.1223 0.4981
vn -0.8778 0.2187 0.4263
vn -0.8834 0.1950 -0.4262
vn -0.9217 0.1771 -0.3452
vn -0.7558 0.5109 0.4095
vn -0.9267 0.1311 0.3521
vn -0.8754 0.2867 0.3893
vn -0.9306 0.2268 0.2874
vn -0.9473 0.2272 -0.2259
vn -0.7977 0.5192 0.3069
vn -0.9297 0.2189 -0.2961
vn -0.9631 0.0963 0.2512
vn -0.9191 0.3024 0.2527
vn -0.9717 0.1540 -0.1793
vn -0.9611 0.2553 -0.1053
vn -0.9640 0.2275 0.1373
vn -0.8947 -0.4338 -0.1066
vn -0.8635 0.2589 0.4329
vn -0.8626 0.2191 -0.4560
vn -0.5694 0.8217 -0.0220
vn -0.0815 -0.5947 -0.7998
vn -0.2840 -0.4500 0.8467
vn -0.9460 -0.3202 0.0511
vn -0.7710 0.6013 0.2097
vn -0.9914 0.0901 -0.0944
vn -0.9572 -0.0299 -0.2877
vn -0.9673 0.2366 0.0915
vn -0.8873 0.4237 -0.1821
vn -0.9963 0.0799 0.0304
vn -0.9960 0.0480 -0.0759
vn -0.9248 0.3749 -0.0642
vn -0.6861 0.3743 0.6239
vn -0.7458 0.6449 -0.1670
vn -0.8794 0.4740 0.0445
vn -0.8626 0.4885 0.1317
vn 0.0496 0.6755 0.7357
vn -0.6388 0.0770 -0.7655
vn -0.6970 0.5500 0.4602
vn -0.8472 0.5061 0.1617
vn -0.6389 0.4825 -0.5992
vn -0.4090 0.9053 0.1150
vn 0.0056 0.5343 -0.8453
vn -0.3420 0.5538 0.7591
vn 0.1831 0.5258 -0.8306
vn -0.0498 0.9988 0.0018
vn -0.0552 0.6335 0.7718
vn 0.5560 0.7705 0.3117
vn 0.6191 0.7525 0.2245
vn 0.5651 0.3992 -0.7220
vn 0.5689 0.6714 -0.4750
vn 0.6469 0.6241 -0.4382
vn 0.5878 0.2553 0.7677
vn 0.7888 0.6027 -0.1208
vn 0.8366 0.5170 0.1813
vn 0.8024 -0.0001 0.5968
vn 0.8111 -0.0184 0.5847
vn 0.7871 -0.1781 0.5906
vn 0.8004 -0.0016 0.5995
vn 0.8029 0.0057 0.5960
vn 0.8115 0.0164 0.5841
vn 0.8104 0.0035 0.5858
vn 0.8261 -0.0405 -0.5621
vn 0.8300 -0.0022 0.5578
vn 0.8327 0.0002 0.5537
vn 0.8126 0.0065 0.5827
vn 0.7946 0.0577 0.6044
vn 0.8500 -0.0015 0.5267
vn 0.8224 -0.0398 0.5676
vn 0.8319 0.0065 -0.5549
vn 0.8387 -0.0081 -0.5445
vn 0.8093 -0.0057 0.5874
vn 0.8264 -0.0088 -0.5630
vn 0.8414 -0.0031 0.5404
vn 0.8564 0.0030 -0.5163
vn 0.8602 0.0037 0.5099
vn 0.8463 -0.0042 0.5327
vn 0.8532 -0.0013 -0.5215
vn 0.8394 -0.0117 0.5435
vn 0.8596 -0.0052 0.5110
vn 0.8611 0.0063 -0.5084
vn 0.8513 0.0050 0.5247
vn 0.8489 -0.0553 0.5256
vn 0.7991 -0.3490 0.4895
vn 0.8564 0.0010 -0.5163
vn 0.8674 -0.0064 -0.4976
vn 0.8675 -0.0019 -0.4974
vn 0.8540 -0.0038 0.5203
vn 0.8617 -0.0045 0.5074
vn 0.8647 0.0041 0.5023
vn 0.8305 -0.2652 0.4898
vn 0.8645 0.0016 -0.5026
vn 0.8714 -0.0010 -0.4905
vn 0.8705 0.0034 -0.4921
vn 0.8751 -0.0216 -0.4834
vn 0.8650 0.0005 -0.5017
vn 0.8129 -0.3194 -0.4870
vn 0.8887 -0.0007 0.4584
vn 0.8829 0.0022 0.4696
vn 0.8730 0.0009 -0.4877
vn 0.8708 -0.0023 0.4917
vn 0.8720 -0.0442 0.4874
vn 0.8669 -0.0012 -0.4985
vn 0.8756 -0.1392 -0.4626
vn 0.8769 -0.0461 -0.4785
vn 0.8869 0.0008 0.4620
vn 0.8854 -0.0003 0.4648
vn 0.8634 -0.3613 -0.3521
vn 0.8835 -0.0048 -0.4684
vn 0.8880 0.0018 -0.4599
vn 0.8878 0.0036 -0.4601
vn 0.7719 -0.4180 -0.4791
vn 0.7742 -0.4180 0.4752
vn 0.8849 -0.0012 0.4658
vn 0.8854 0.0023 0.4648
vn 0.6950 0.5871 0.4151
vn 0.9013 0.0015 0.4331
vn 0.8956 -0.0155 0.4446
vn 0.9009 -0.0009 -0.4341
vn 0.8324 -0.4015 -0.3820
vn 0.8613 0.0096 0.5081
vn 0.8964 -0.0063 -0.4433
vn 0.8639 -0.0147 -0.5034
vn 0.9053 0.0017 0.4247
vn 0.8957 0.0153 -0.4444
vn 0.9173 -0.0005 0.3982
vn 0.9055 -0.0740 0.4178
vn 0.9177 0.0043 -0.3973
vn 0.9105 -0.0036 0.4134
vn 0.8963 -0.1860 0.4026
vn 0.8828 -0.3193 0.3446
vn 0.9160 0.0019 -0.4012
vn 0.9118 -0.0028 -0.4105
vn 0.8989 -0.0025 -0.4381
vn 0.9236 -0.0026 -0.3832
vn 0.7706 -0.5049 0.3889
vn 0.7329 -0.1107 0.6713
vn 0.9272 0.0010 -0.3745
vn 0.9172 0.0046 -0.3984
vn 0.8135 -0.4232 -0.3989
vn 0.8735 0.0457 0.4847
vn 0.9196 -0.0698 -0.3867
vn 0.9027 -0.0288 -0.4293
vn 0.9361 -0.0028 -0.3517
vn 0.8811 0.1915 0.4323
vn 0.9391 -0.0083 0.3435
vn 0.9312 0.0022 0.3646
vn 0.3706 -0.2151 -0.9036
vn 0.6798 0.0734 -0.7297
vn 0.6580 0.2214 -0.7197
vn 0.9389 -0.0113 -0.3439
vn 0.9178 -0.0040 -0.3969
vn 0.9241 -0.0182 -0.3817
vn 0.7811 -0.5417 0.3104
vn 0.9402 -0.0031 0.3405
vn 0.9248 -0.0064 0.3804
vn 0.9328 0.0018 0.3605
vn 0.9304 0.0008 0.3666
vn 0.9066 -0.3355 0.2558
vn 0.2972 -0.6425 -0.7063
vn 0.9390 0.0026 -0.3439
vn 0.9226 0.0490 0.3826
vn 0.9427 -0.1103 0.3147
vn 0.9368 -0.0021 -0.3499
vn 0.9566 -0.0011 -0.2915
vn 0.9399 0.0014 0.3414
vn 0.7524 -0.4227 0.5052
vn 0.9446 -0.1375 -0.2980
vn 0.9415 0.0038 -0.3371
vn 0.9621 -0.0061 -0.2725
vn 0.9249 -0.2481 -0.2883
vn 0.6487 -0.7124 -0.2677
vn 0.9521 0.0025 0.3057
vn 0.5678 0.4214 -0.7071
vn 0.9375 -0.1468 0.3154
vn 0.9459 -0.0060 0.3243
vn 0.9455 -0.0012 -0.3255
vn 0.9433 0.0004 -0.3319
vn 0.8095 -0.5243 0.2643
vn 0.9613 0.0013 0.2756
vn 0.9456 0.0025 0.3253
vn 0.9505 -0.0033 0.3107
vn 0.7686 -0.5762 -0.2779
vn 0.8249 -0.4291 0.3680
vn 0.9550 -0.0219 0.2958
vn 0.9605 0.0080 -0.2782
vn 0.9685 -0.0003 -0.2490
vn 0.9577 0.0021 0.2876
vn 0.9576 0.0009 -0.2881
vn 0.6932 0.4199 -0.5858
vn 0.8014 -0.5963 0.0472
vn 0.9550 0.0012 -0.2965
vn 0.9596 -0.0416 -0.2784
vn 0.8113 0.4820 0.3308
vn 0.9664 -0.0013 0.2569
vn 0.9723 -0.0039 0.2338
vn 0.9732 -0.0401 0.2266
vn 0.9733 0.0007 0.2297
vn 0.9597 -0.0023 -0.2810
vn 0.9693 -0.0037 -0.2457
vn 0.4959 -0.6904 0.5267
vn 0.9703 0.0169 0.2413
vn 0.9587 -0.1840 -0.2169
vn 0.9650 -0.0014 -0.2621
vn 0.9696 0.0334 -0.2423
vn 0.9666 0.0035 -0.2564
vn -0.5529 0.7844 -0.2810
vn 0.0220 0.6442 0.7645
vn 0.9420 -0.2433 -0.2311
vn 0.9722 -0.0032 0.2341
vn 0.9738 -0.0019 -0.2272
vn 0.9410 -0.2549 0.2224
vn 0.9702 -0.0009 -0.2423
vn 0.9088 -0.4039 0.1046
vn 0.9813 -0.1266 0.1447
vn 0.9812 -0.0005 -0.1929
vn 0.9044 0.0946 -0.4161
vn 0.9746 0.0082 0.2239
vn 0.9806 -0.0042 0.1961
vn 0.9704 -0.0335 -0.2391
vn -0.7484 0.3717 0.5493
vn 0.9766 0.0013 0.2150
vn 0.9858 -0.0068 0.1677
vn 0.9065 -0.0370 -0.4206
vn 0.9378 -0.3473 0.0005
vn 0.6583 -0.0661 0.7499
vn 0.5515 0.1573 0.8192
vn 0.9880 0.0214 -0.1531
vn 0.9878 0.0007 0.1558
vn 0.9829 -0.0256 0.1826
vn 0.9685 -0.0003 0.2490
vn 0.9692 -0.1521 0.1938
vn 0.9856 0.0039 -0.1693
vn 0.9944 -0.0128 -0.1046
vn 0.7700 -0.2684 0.5789
vn 0.8024 -0.5638 -0.1955
vn 0.9221 -0.0204 -0.3864
vn 0.8034 -0.5737 0.1595
vn 0.9745 -0.0122 0.2239
vn 0.9727 0.0029 0.2322
vn 0.9674 -0.2290 -0.1083
vn 0.9823 0.0086 -0.1870
vn 0.9782 -0.0028 -0.2076
vn 0.9774 -0.0147 -0.2108
vn 0.9847 -0.0027 -0.1742
vn 0.9868 -0.0004 -0.1621
vn 0.9797 0.0047 -0.2004
vn 0.9821 0.0052 0.1885
vn 0.9806 0.0034 -0.1959
vn 0.9890 0.0041 -0.1477
vn 0.9489 -0.2547 -0.1864
vn 0.9833 -0.0053 -0.1819
vn 0.9878 -0.0032 -0.1559
vn 0.9896 -0.0007 -0.1436
vn 0.8947 -0.3385 0.2914
vn 0.9867 -0.0253 0.1605
vn 0.9907 -0.0944 0.0984
vn 0.9940 -0.0023 -0.1096
vn 0.9904 -0.0031 0.1382
vn 0.9702 -0.2127 0.1161
vn 0.9949 -0.0026 -0.1007
vn 0.9917 -0.0066 -0.1284
vn 0.9886 0.0030 -0.1504
vn 0.8289 -0.3107 0.4653
vn -0.0461 -0.2491 0.9674
vn 0.9951 0.0022 0.0991
vn 0.9938 0.0017 0.1112
vn 0.9918 -0.0018 0.1279
vn 0.9961 -0.0108 0.0874
vn 0.9944 0.0045 -0.1058
vn 0.9967 -0.0134 -0.0801
vn 0.9391 -0.1923 -0.2847
vn 0.9894 0.0072 0.1447
vn 0.9952 0.0017 0.0983
vn 0.9943 -0.1060 -0.0145
vn 0.9905 -0.0523 -0.1273
vn 0.9948 -0.0006 0.1018
vn 0.9957 0.0047 0.0929
vn 0.9917 -0.0160 0.1277
vn 0.9974 -0.0011 -0.0722
vn 0.8523 -0.4932 0.1740
vn 0.9984 0.0003 0.0557
vn 0.9939 0.0058 0.1099
vn 0.9981 0.0049 -0.0608
vn 0.9976 0.0003 -0.0698
vn 0.8763 -0.4129 -0.2483
vn 0.9972 0.0022 0.0746
vn 0.9991 -0.0031 -0.0414
vn 0.9975 0.0003 -0.0703
vn 0.8272 -0.5522 -0.1037
vn 0.8284 -0.1350 0.5436
vn 0.9991 -0.0058 0.0415
vn 0.9998 -0.0031 0.0175
vn 0.9999 0.0048 0.0134
vn 1.0000 -0.0001 0.0069
vn 0.9999 0.0043 0.0100
vn 0.9999 -0.0052 0.0098
vn 0.9998 -0.0015 0.0183
vn 0.9995 -0.0244 0.0209
vn 0.9999 0.0028 0.0132
vn 0.9994 -0.0070 -0.0336
vn 0.9979 0.0033 -0.0647
vn 1.0000 -0.0042 0.0069
vn 0.9999 0.0021 -0.0167
vn 0.9991 -0.0031 -0.0428
vn 0.9999 0.0011 -0.0158
vn 0.9993 0.0016 -0.0384
vn 0.9984 0.0027 -0.0562
vn 0.9489 -0.3062 -0.0763
vn 0.8242 -0.5523 -0.1253
vn 0.9994 -0.0345 0.0068
vn 1.0000 0.0021 0.0065
vn 0.9055 -0.4234 0.0292
vn 1.0000 0.0012 0.0066
vn 0.7948 -0.5995 0.0943
vn 0.9448 0.2295 0.2338
vn 0.5995 0.7817 -0.1719
vn 0.8147 0.0099 -0.5798
vn 0.8383 -0.5422 -0.0570
vn 0.6826 -0.7028 0.2002
vn 0.9693 -0.1728 -0.1749
vn 0.7611 0.4170 0.4968
vn 0.9582 0.2507 0.1379
vn 0.8814 -0.4723 0.0096
vn 0.9802 -0.1737 -0.0949
vn 0.9675 -0.2315 0.1019
vn 0.5604 -0.8251 -0.0722
vn 0.7468 -0.4601 -0.4802
vn 0.9544 -0.2253 0.1960
vn 0.7368 0.0157 -0.6759
vn 0.8500 0.4842 -0.2075
vn 0.3720 0.0974 0.9231
vn -0.1335 0.4791 0.8675
vn 0.0470 0.0010 0.9989
vn 0.4343 -0.5087 0.7434
vn 0.9570 -0.1877 0.2210
vn 0.8481 -0.3148 0.4261
vn 0.9516 0.0418 0.3046
vn 0.7155 0.5513 0.4291
vn 0.7899 -0.1556 0.5932
vn 0.3591 0.3266 0.8743
vn 0.6829 -0.0469 0.7290
vn 0.5036 -0.3944 0.7687
vn 0.5532 -0.8294 0.0781
vn 0.9239 -0.2304 0.3054
vn 0.0631 0.5017 0.8628
vn 0.6315 0.3762 0.6780
vn 0.1063 0.0053 0.9943
vn -0.2133 0.5591 0.8012
vn 0.8485 -0.4185 0.3238
vn 0.3292 -0.6383 0.6958
vn 0.6214 -0.7303 -0.2838
vn 0.6604 -0.0587 0.7486
vn 0.9309 0.2636 0.2530
vn 0.1565 0.2769 0.9481
vn 0.9941 -0.0938 0.0545
vn 0.8024 -0.1290 -0.5826
vn 0.3483 -0.2332 0.9079
vn 0.7049 -0.6729 0.2243
vn 0.0991 0.2416 0.9653
vn -0.3156 0.7423 0.5911
vn 0.3959 -0.8434 0.3633
vn 0.1765 0.0335 0.9837
vn 0.2584 -0.3829 0.8869
vn 0.0095 0.6108 0.7917
vn 0.4136 -0.8081 0.4195
vn 0.4441 -0.1883 0.8760
vn 0.3212 0.3934 0.8615
vn 0.0014 0.8494 0.5278
vn 0.3205 0.8142 0.4840
vn 0.7314 -0.5326 0.4259
vn 0.7907 0.2539 0.5572
vn 0.9364 -0.2322 0.2629
vn 0.1073 -0.0021 -0.9942
vn 0.7964 -0.1867 -0.5753
vn 0.5770 -0.6659 -0.4729
vn 0.9630 -0.0434 -0.2660
vn 0.1414 0.2945 -0.9451
vn 0.0573 0.4763 -0.8774
vn 0.4588 -0.2964 -0.8377
vn 0.8036 -0.3933 -0.4468
vn 0.4499 -0.4939 -0.7441
vn 0.4460 0.5319 -0.7198
vn 0.0423 0.2654 -0.9632
vn 0.1722 -0.5710 -0.8026
vn 0.1656 0.7438 -0.6475
vn -0.0423 0.3845 -0.9222
vn -0.6946 0.6205 -0.3640
vn 0.0589 0.0868 -0.9945
vn 0.4456 -0.2641 -0.8554
vn -0.5490 0.7830 -0.2924
vn -0.1629 0.7493 -0.6419
vn 0.5817 -0.7023 -0.4103
vn 0.2720 -0.1522 -0.9502
vn 0.4106 -0.7454 -0.5252
vn 0.1584 0.3374 -0.9279
vn -0.0811 0.8885 -0.4517
vn 0.4724 -0.5488 -0.6897
vn 0.1858 0.7782 -0.6000
vn 0.4812 0.1430 -0.8649
vn 0.7180 0.4242 -0.5518
vn 0.8634 -0.1966 -0.4646
vn 0.6750 0.7354 0.0589
vn 0.5652 0.2124 -0.7972
vn -0.6419 0.6579 0.3939
vn -0.7781 0.5805 -0.2401
vn -0.7986 0.4894 0.3504
vn -0.6788 0.1570 0.7174
vn -0.5372 0.3431 0.7705
vn -0.5905 0.7256 0.3534
vn -0.4870 0.8726 0.0364
vn -0.5813 0.6442 -0.4971
vn -0.5887 0.2702 -0.7619
vn -0.4010 0.9161 0.0057
vn -0.5670 0.4641 0.6805
vn -0.4643 0.8546 -0.2325
vn -0.2364 0.9176 0.3197
vn -0.5492 0.4079 -0.7294
vn -0.3557 -0.0421 0.9336
vn -0.7724 0.5635 0.2931
vn -0.1906 0.9680 0.1634
vn -0.7042 0.6578 -0.2672
vn -0.9649 0.2311 -0.1252
vn -0.7724 -0.1283 -0.6220
vn -0.2865 0.9522 -0.1061
vn -0.5886 0.8081 0.0216
vn -0.9875 0.1574 -0.0083
vn -0.7276 0.6860 0.0037
vn -0.9679 -0.2091 0.1395
vn -0.5466 0.8372 0.0172
vn -0.2884 0.9570 -0.0319
vn -0.1067 0.9934 0.0424
vn -0.0656 0.9930 -0.0979
vn -0.0186 0.9921 0.1244
vn 0.1340 0.9909 -0.0093
vn 0.3014 0.9034 -0.3050
vn 0.4929 0.8170 0.2992
vn 0.9303 0.3643 -0.0426
vn 0.8311 -0.0397 -0.5548
vn 0.5881 -0.7036 0.3990
vn 0.7335 -0.6650 0.1407
vn -0.2596 0.0016 0.9657
vn 0.4164 -0.2241 0.8811
vn 0.6772 -0.6850 0.2688
vn 0.5831 0.4946 0.6444
vn 0.9380 -0.0947 0.3334
vn 0.8585 0.5088 -0.0639
vn 0.6316 -0.6728 -0.3853
vn 0.6022 -0.6677 -0.4376
vn 0.6389 -0.6435 -0.4216
vn 0.2144 -0.9650 -0.1508
vn 0.6233 -0.7780 0.0781
vn 0.8474 -0.5277 -0.0591
vn 0.2901 -0.7319 0.6166
vn 0.2509 -0.3609 -0.8982
vn 0.9524 -0.2037 -0.2266
vn -0.2434 -0.2359 0.9408
vn 0.8861 -0.2596 -0.3839
vn 0.9092 0.0833 -0.4080
vn 0.8387 -0.2011 -0.5062
vn 0.5810 0.6763 -0.4528
vn 0.1873 -0.7765 -0.6017
vn 0.2717 -0.9184 0.2875
vn 0.0394 -0.6286 0.7768
vn 0.1779 -0.9534 -0.2437
vn -0.1081 -0.6220 0.7755
vn 0.3687 -0.9284 -0.0460
vn -0.2563 -0.8309 0.4938
vn 0.4071 -0.9111 0.0642
vn 0.0193 -0.9967 0.0792
vn -0.0631 -0.9735 -0.2198
vn 0.6860 -0.6930 -0.2215
vn -0.4547 -0.8839 -0.1092
vn 0.3083 -0.9504 -0.0411
vn 0.5124 -0.8585 -0.0178
vn 0.0204 -0.9998 0.0025
vn 0.7008 -0.7062 0.1014
vn 0.7815 -0.6212 -0.0579
vn 0.5880 -0.8089 -0.0014
vn 0.9133 -0.4017 0.0672
vn 0.9582 -0.1935 -0.2110
vn 0.9142 -0.4049 -0.0150
vn 0.9323 0.2931 0.2122
vn 0.9987 -0.0138 -0.0500
vn 0.9784 0.1823 -0.0978
vn 0.9861 0.1479 0.0752
vn 0.1903 -0.1641 -0.9679
vn -0.4558 -0.0878 -0.8858
vn -0.2696 -0.2937 -0.9171
vn -0.0919 -0.6764 -0.7308
vn -0.5023 -0.7488 -0.4324
vn -0.0616 0.5940 0.8021
vn 0.1167 0.9586 0.2597
vn -0.7034 -0.2585 0.6621
vn -0.8862 -0.4320 -0.1672
vn -0.6542 -0.7135 0.2510
vn -0.8546 -0.5193 -0.0039
vn -0.5923 -0.8044 0.0466
vn 0.5410 0.8347 0.1030
vn 0.5660 0.8142 -0.1290
vn 0.8729 0.3858 -0.2986
vn 0.7625 0.6469 -0.0006
vt 0.853348 0.386152
vt 0.857599 0.378128
vt 0.863594 0.402700
vt 0.851100 0.362653
vt 0.860827 0.360676
vt 0.845649 0.370116
vt 0.853166 0.350850
vt 0.845154 0.348573
vt 0.852998 0.337749
vt 0.841073 0.327616
vt 0.849948 0.318950
vt 0.843496 0.307643
vt 0.836592 0.305721
vt 0.390307 0.978981
vt 0.410026 0.984565
vt 0.423622 0.978615
vt 0.402407 0.966959
vt 0.432442 0.984442
vt 0.381405 0.967633
vt 0.428725 0.974666
vt 0.854673 0.297086
vt 0.853534 0.308332
vt 0.456581 0.983049
vt 0.451982 0.975835
vt 0.845710 0.290376
vt 0.412363 0.711579
vt 0.417480 0.685857
vt 0.384143 0.682503
vt 0.404783 0.942050
vt 0.406936 0.917806
vt 0.387833 0.949004
vt 0.392480 0.831538
vt 0.398635 0.861454
vt 0.413732 0.863323
vt 0.428522 0.740211
vt 0.403667 0.740494
vt 0.414444 0.779816
vt 0.413000 0.956986
vt 0.377473 0.874177
vt 0.393193 0.891211
vt 0.382169 0.715758
vt 0.380788 0.933653
vt 0.399695 0.658900
vt 0.416262 0.808333
vt 0.386273 0.773020
vt 0.428094 0.655994
vt 0.421246 0.935317
vt 0.413787 0.893824
vt 0.420566 0.843117
vt 0.433692 0.968907
vt 0.365930 0.733550
vt 0.375765 0.796321
vt 0.377454 0.851986
vt 0.383522 0.914729
vt 0.404458 0.637215
vt 0.437607 0.892932
vt 0.432041 0.765599
vt 0.430278 0.825777
vt 0.437200 0.862084
vt 0.440163 0.698907
vt 0.429491 0.918567
vt 0.434347 0.958845
vt 0.853024 0.291900
vt 0.376365 0.898453
vt 0.430600 0.633094
vt 0.849402 0.287218
vt 0.378351 0.644416
vt 0.448075 0.818434
vt 0.439612 0.837881
vt 0.476004 0.980831
vt 0.373248 0.624398
vt 0.407865 0.625525
vt 0.448492 0.793897
vt 0.442215 0.944858
vt 0.457866 0.967689
vt 0.365456 0.662820
vt 0.455058 0.640489
vt 0.449014 0.750917
vt 0.454592 0.772643
vt 0.450294 0.909494
vt 0.458077 0.678351
vt 0.470815 0.662634
vt 0.446083 0.925272
vt 0.474288 0.971745
vt 0.480685 0.986052
vt 0.437205 0.622007
vt 0.464729 0.708262
vt 0.447497 0.947361
vt 0.851661 0.280504
vt 0.453715 0.956048
vt 0.455814 0.851461
vt 0.449841 0.936219
vt 0.477584 0.787375
vt 0.450120 0.924233
vt 0.850838 0.274990
vt 0.454908 0.915651
vt 0.464480 0.873410
vt 0.845121 0.274942
vt 0.467957 0.809150
vt 0.471484 0.757513
vt 0.463095 0.892961
vt 0.393352 0.618715
vt 0.448676 0.625877
vt 0.476485 0.739530
vt 0.476057 0.857267
vt 0.479119 0.831124
vt 0.464810 0.911303
vt 0.474638 0.908884
vt 0.465178 0.958864
vt 0.483720 0.693980
vt 0.463282 0.950635
vt 0.477975 0.623668
vt 0.478458 0.946399
vt 0.857643 0.255326
vt 0.863594 0.252793
vt 0.857795 0.263557
vt 0.487500 0.891503
vt 0.493087 0.964544
vt 0.476677 0.937183
vt 0.475912 0.915918
vt 0.496988 0.718922
vt 0.499807 0.871378
vt 0.852304 0.262538
vt 0.496738 0.631501
vt 0.500351 0.981931
vt 0.493252 0.752205
vt 0.500556 0.975168
vt 0.501154 0.768078
vt 0.512490 0.986615
vt 0.501588 0.669574
vt 0.500113 0.842043
vt 0.480754 0.923611
vt 0.485648 0.921823
vt 0.508268 0.640509
vt 0.495760 0.804808
vt 0.505927 0.930867
vt 0.504498 0.787604
vt 0.497286 0.913330
vt 0.525386 0.806822
vt 0.517686 0.980247
vt 0.514904 0.697305
vt 0.499526 0.954917
vt 0.513295 0.738406
vt 0.499198 0.622949
vt 0.519461 0.654407
vt 0.521802 0.896075
vt 0.512946 0.853961
vt 0.520609 0.949995
vt 0.532301 0.866296
vt 0.524420 0.976170
vt 0.528315 0.681250
vt 0.535967 0.750143
vt 0.545740 0.982283
vt 0.530287 0.779547
vt 0.522978 0.970294
vt 0.517189 0.624691
vt 0.538443 0.719008
vt 0.530667 0.628164
vt 0.536180 0.843053
vt 0.532810 0.639819
vt 0.543293 0.659319
vt 0.548033 0.975083
vt 0.546145 0.698900
vt 0.545469 0.922660
vt 0.549694 0.820597
vt 0.537960 0.957609
vt 0.557926 0.885350
vt 0.549881 0.632641
vt 0.554337 0.793127
vt 0.552340 0.969166
vt 0.566722 0.761786
vt 0.549426 0.622452
vt 0.566805 0.730370
vt 0.564061 0.647552
vt 0.556005 0.953699
vt 0.563587 0.679952
vt 0.560424 0.710521
vt 0.558823 0.856457
vt 0.567900 0.980012
vt 0.562786 0.986325
vt 0.578324 0.803873
vt 0.576014 0.973367
vt 0.571893 0.637064
vt 0.565186 0.628842
vt 0.584654 0.655469
vt 0.575504 0.849049
vt 0.580903 0.880195
vt 0.581513 0.981875
vt 0.576838 0.702656
vt 0.572075 0.914449
vt 0.575425 0.935662
vt 0.577883 0.961650
vt 0.592914 0.711200
vt 0.582551 0.628182
vt 0.593432 0.827914
vt 0.600833 0.675669
vt 0.596268 0.743539
vt 0.590670 0.637754
vt 0.595784 0.862329
vt 0.601525 0.980400
vt 0.584430 0.945727
vt 0.598581 0.777498
vt 0.593644 0.987430
vt 0.606951 0.899947
vt 0.592866 0.963054
vt 0.593216 0.972928
vt 0.607570 0.800673
vt 0.600296 0.629687
vt 0.604084 0.947352
vt 0.618784 0.649371
vt 0.614792 0.722137
vt 0.611619 0.691934
vt 0.607915 0.963070
vt 0.605772 0.974122
vt 0.621508 0.986696
vt 0.621508 0.675271
vt 0.608473 0.900153
vt 0.633201 0.898976
vt 0.628525 0.913844
vt 0.646880 0.914177
vt 0.668874 0.909942
vt 0.667374 0.923693
vt 0.681778 0.917466
vt 0.687793 0.908843
vt 0.681312 0.931667
vt 0.698555 0.919113
vt 0.694019 0.928102
vt 0.710141 0.913660
vt 0.716680 0.926602
vt 0.713715 0.934358
vt 0.722746 0.918710
vt 0.726823 0.912004
vt 0.747959 0.911379
vt 0.745952 0.914740
vt 0.742853 0.911667
vt 0.355662 0.999534
vt 0.354356 0.959715
vt 0.360543 0.976212
vt 0.745143 0.907830
vt 0.741226 0.916355
vt 0.739490 0.912316
vt 0.344521 0.984738
vt 0.731120 0.924174
vt 0.733218 0.914841
vt 0.746275 0.917291
vt 0.361312 0.950107
vt 0.346439 0.963709
vt 0.752557 0.914365
vt 0.736663 0.905296
vt 0.742499 0.905700
vt 0.738585 0.909910
vt 0.731660 0.927996
vt 0.748599 0.906361
vt 0.746440 0.901319
vt 0.740705 0.918350
vt 0.751106 0.903880
vt 0.751045 0.909816
vt 0.358559 0.929201
vt 0.743622 0.919171
vt 0.749744 0.918262
vt 0.755999 0.909903
vt 0.311766 0.981949
vt 0.331321 0.971716
vt 0.326378 0.990262
vt 0.293485 0.984973
vt 0.299182 0.963322
vt 0.277899 0.976412
vt 0.746492 0.920559
vt 0.740415 0.923503
vt 0.349383 0.938759
vt 0.257255 0.939935
vt 0.254467 0.977413
vt 0.335481 0.958370
vt 0.159923 0.958888
vt 0.156641 0.987171
vt 0.118682 0.961916
vt 0.213164 0.994242
vt 0.197740 0.959710
vt 0.233045 0.977204
vt 0.179242 0.974926
vt 0.309306 0.957502
vt 0.757816 0.904162
vt 0.076078 0.958558
vt 0.101355 0.981840
vt 0.069191 0.983831
vt 0.754406 0.901655
vt 0.285122 0.954277
vt 0.220922 0.951945
vt 0.050357 0.960611
vt 0.023176 0.958200
vt 0.032074 0.975918
vt 0.012433 0.964193
vt 0.757283 0.898976
vt 0.749370 0.924210
vt 0.327307 0.952327
vt 0.331943 0.947652
vt 0.755393 0.919365
vt 0.338579 0.934891
vt 0.181234 0.932140
vt 0.761040 0.904528
vt 0.032854 0.941936
vt 0.056693 0.945952
vt 0.211042 0.928156
vt 0.346392 0.914133
vt 0.290535 0.938794
vt 0.294631 0.951356
vt 0.287591 0.939423
vt 0.325547 0.938555
vt 0.144586 0.931842
vt 0.761622 0.912398
vt 0.763035 0.903291
vt 0.318568 0.924829
vt 0.070412 0.933375
vt 0.238155 0.926734
vt 0.356448 0.905908
vt 0.361732 0.907956
vt 0.101056 0.924473
vt 0.277594 0.930052
vt 0.018350 0.936226
vt 0.313954 0.930054
vt 0.051562 0.930057
vt 0.756311 0.922227
vt 0.294289 0.928554
vt 0.035795 0.908868
vt 0.750934 0.929261
vt 0.761161 0.918837
vt 0.333747 0.912662
vt 0.285280 0.911552
vt 0.300612 0.923048
vt 0.361693 0.883639
vt 0.008651 0.931783
vt 0.256290 0.909640
vt 0.309814 0.908600
vt 0.116674 0.901306
vt 0.059097 0.908476
vt 0.173836 0.907662
vt 0.234340 0.907911
vt 0.016816 0.904754
vt 0.201716 0.910529
vt 0.355217 0.881226
vt 0.151550 0.907317
vt 0.294887 0.896765
vt 0.070241 0.895498
vt 0.344076 0.890877
vt 0.326711 0.891180
vt 0.189529 0.889937
vt 0.090502 0.895313
vt 0.310644 0.888406
vt 0.006070 0.910559
vt 0.240653 0.890790
vt 0.276560 0.888313
vt 0.149257 0.882272
vt 0.174510 0.879845
vt 0.218637 0.876771
vt 0.011780 0.882500
vt 0.291686 0.868860
vt 0.329539 0.868007
vt 0.347195 0.861148
vt 0.126475 0.875654
vt 0.195558 0.864901
vt 0.267568 0.874601
vt 0.100510 0.867414
vt 0.029590 0.883199
vt 0.040316 0.872320
vt 0.360171 0.856467
vt 0.243245 0.873834
vt 0.354846 0.848834
vt 0.146904 0.864686
vt 0.061250 0.865583
vt 0.024598 0.869966
vt 0.167575 0.860355
vt 0.240120 0.855119
vt 0.271120 0.840941
vt 0.085816 0.856784
vt 0.209166 0.849663
vt 0.305953 0.845150
vt 0.359753 0.834460
vt 0.127146 0.836469
vt 0.328437 0.841462
vt 0.043117 0.847223
vt 0.345291 0.835033
vt 0.183238 0.846854
vt 0.020076 0.838787
vt 0.153127 0.844747
vt 0.355526 0.826150
vt 0.224249 0.834722
vt 0.071728 0.838396
vt 0.088912 0.835198
vt 0.168678 0.840229
vt 0.196400 0.836569
vt 0.006101 0.841490
vt 0.343455 0.819212
vt 0.324576 0.827248
vt 0.204432 0.819563
vt 0.178394 0.821793
vt 0.295328 0.805859
vt 0.159698 0.807327
vt 0.044926 0.822594
vt 0.358211 0.807698
vt 0.096095 0.817401
vt 0.250888 0.814814
vt 0.353654 0.809300
vt 0.111687 0.821660
vt 0.013658 0.814293
vt 0.074031 0.821201
vt 0.329292 0.810858
vt 0.132382 0.793304
vt 0.186726 0.793489
vt 0.344200 0.801137
vt 0.000466 0.809583
vt 0.350879 0.788157
vt 0.104992 0.792643
vt 0.219319 0.788355
vt 0.023678 0.793509
vt 0.060827 0.799604
vt 0.082515 0.797912
vt 0.328435 0.794757
vt 0.357082 0.776443
vt 0.361732 0.799973
vt 0.263039 0.780535
vt 0.339633 0.785518
vt 0.302502 0.776815
vt 0.008769 0.792063
vt 0.328366 0.777267
vt 0.054679 0.781987
vt 0.351522 0.765829
vt 0.341656 0.769790
vt 0.009022 0.771120
vt 0.767903 0.354277
vt 0.788953 0.348514
vt 0.762589 0.346834
vt 0.746433 0.355162
vt 0.812742 0.359387
vt 0.820104 0.353922
vt 0.781360 0.361315
vt 0.751379 0.366189
vt 0.734471 0.355075
vt 0.728418 0.367149
vt 0.808101 0.367887
vt 0.828818 0.368413
vt 0.736166 0.372537
vt 0.823422 0.377905
vt 0.741202 0.383174
vt 0.832985 0.388765
vt 0.725251 0.386791
vt 0.827715 0.399133
vt 0.727981 0.400568
vt 0.734143 0.399566
vt 0.833799 0.404545
vt 0.721136 0.398885
vt 0.728525 0.411080
vt 0.722289 0.410562
vt 0.831539 0.411080
vt 0.357337 0.702998
vt 0.352204 0.684390
vt 0.361732 0.684441
vt 0.353893 0.668250
vt 0.360147 0.717425
vt 0.346740 0.719718
vt 0.352061 0.734286
vt 0.344123 0.694329
vt 0.343503 0.661863
vt 0.345581 0.648277
vt 0.330534 0.661627
vt 0.339371 0.740561
vt 0.337707 0.711053
vt 0.327859 0.646135
vt 0.334865 0.692152
vt 0.334651 0.679871
vt 0.327478 0.637665
vt 0.332835 0.730484
vt 0.315920 0.646463
vt 0.323829 0.743674
vt 0.314572 0.738292
vt 0.333469 0.750601
vt 0.312150 0.653838
vt 0.315536 0.754192
vt 0.310184 0.639942
vt 0.306746 0.630927
vt 0.309976 0.749616
vt 0.305975 0.642961
vt 0.303155 0.756886
vt 0.299137 0.744971
vt 0.301089 0.764443
vt 0.297772 0.636674
vt 0.297394 0.752930
vt 0.293559 0.747365
vt 0.292285 0.763098
vt 0.293434 0.634426
vt 0.291510 0.623525
vt 0.285382 0.777002
vt 0.285382 0.604749
vt 0.052143 0.385009
vt 0.043380 0.390365
vt 0.026677 0.390100
vt 0.072629 0.393529
vt 0.080705 0.385855
vt 0.058977 0.392628
vt 0.041155 0.399107
vt 0.087058 0.398731
vt 0.064483 0.400208
vt 0.056540 0.405756
vt 0.077739 0.401471
vt 0.026832 0.400777
vt 0.038370 0.408287
vt 0.018939 0.398187
vt 0.009777 0.390631
vt 0.068117 0.406330
vt 0.086062 0.408287
vt 0.019251 0.407826
vt 0.801202 0.290510
vt 0.811453 0.278864
vt 0.792567 0.286636
vt 0.784570 0.300137
vt 0.804767 0.300829
vt 0.775272 0.284721
vt 0.772447 0.291665
vt 0.773690 0.304935
vt 0.765339 0.298935
vt 0.762080 0.285467
vt 0.762744 0.278864
vt 0.761173 0.297080
vt 0.307844 0.558191
vt 0.294693 0.557394
vt 0.301349 0.547358
vt 0.316743 0.558074
vt 0.308328 0.540503
vt 0.307675 0.573221
vt 0.316626 0.577640
vt 0.306334 0.589865
vt 0.308644 0.578873
vt 0.310859 0.585144
vt 0.321378 0.573877
vt 0.301269 0.592155
vt 0.301456 0.599454
vt 0.306299 0.599083
vt 0.301243 0.605361
vt 0.294973 0.605991
vt 0.294693 0.600515
vt 0.322626 0.579525
vt 0.301603 0.611054
vt 0.314491 0.597782
vt 0.315567 0.588468
vt 0.295989 0.611299
vt 0.303805 0.621508
vt 0.522795 0.359459
vt 0.523123 0.350467
vt 0.532123 0.354217
vt 0.527684 0.346834
vt 0.530554 0.359870
vt 0.518156 0.352104
vt 0.531998 0.347958
vt 0.519656 0.359870
vt 0.284451 0.582149
vt 0.284451 0.589572
vt 0.290749 0.589851
vt 0.291352 0.582072
vt 0.293762 0.586949
vt 0.285840 0.576816
vt 0.115571 0.017211
vt 0.093381 0.036430
vt 0.094016 0.025129
vt 0.080384 0.041583
vt 0.063305 0.056903
vt 0.072217 0.054765
vt 0.121190 0.024209
vt 0.138731 0.007945
vt 0.055727 0.070904
vt 0.046505 0.074142
vt 0.155715 0.010144
vt 0.035937 0.096134
vt 0.157534 0.000625
vt 0.048636 0.089151
vt 0.177657 0.000466
vt 0.183080 0.008378
vt 0.035075 0.110617
vt 0.021754 0.124647
vt 0.200070 0.002258
vt 0.018600 0.150089
vt 0.213164 0.011734
vt 0.007589 0.155631
vt 0.007021 0.175307
vt 0.224954 0.004980
vt 0.011817 0.191372
vt 0.239229 0.014911
vt 0.244374 0.010929
vt 0.236330 0.020602
vt 0.005639 0.211462
vt 0.000466 0.195210
vt 0.256534 0.022823
vt 0.248139 0.026570
vt 0.266966 0.020524
vt 0.270657 0.028322
vt 0.262980 0.031848
vt 0.241184 0.069024
vt 0.222871 0.064271
vt 0.234953 0.062092
vt 0.012576 0.230115
vt 0.251713 0.071055
vt 0.279078 0.051021
vt 0.253392 0.042950
vt 0.286051 0.041118
vt 0.265556 0.057695
vt 0.255514 0.079429
vt 0.290291 0.036399
vt 0.006495 0.245875
vt 0.266134 0.075001
vt 0.269661 0.086495
vt 0.278865 0.073957
vt 0.011850 0.263035
vt 0.297742 0.051927
vt 0.308130 0.050663
vt 0.280780 0.085568
vt 0.298216 0.065772
vt 0.296725 0.087227
vt 0.290390 0.094692
vt 0.313679 0.065056
vt 0.285276 0.098317
vt 0.322041 0.061794
vt 0.313823 0.085175
vt 0.305062 0.104238
vt 0.297404 0.107314
vt 0.329603 0.074477
vt 0.327479 0.082758
vt 0.315413 0.116813
vt 0.341429 0.075273
vt 0.323906 0.104493
vt 0.344014 0.081729
vt 0.345434 0.089073
vt 0.339588 0.095318
vt 0.329945 0.123824
vt 0.325878 0.130000
vt 0.347176 0.110133
vt 0.354833 0.088575
vt 0.357068 0.096833
vt 0.343929 0.134186
vt 0.339010 0.141013
vt 0.355702 0.131522
vt 0.364978 0.100498
vt 0.361652 0.107724
vt 0.365151 0.122997
vt 0.375218 0.115073
vt 0.353803 0.149840
vt 0.376527 0.110228
vt 0.353450 0.156500
vt 0.371244 0.143146
vt 0.381492 0.127042
vt 0.365936 0.161840
vt 0.386799 0.119408
vt 0.365554 0.168584
vt 0.392469 0.129759
vt 0.388000 0.143287
vt 0.395186 0.124239
vt 0.398082 0.141486
vt 0.381060 0.165849
vt 0.395016 0.156874
vt 0.404201 0.141147
vt 0.376924 0.176126
vt 0.375987 0.182745
vt 0.389011 0.180608
vt 0.386198 0.190458
vt 0.398122 0.173491
vt 0.410092 0.158044
vt 0.415297 0.155369
vt 0.414141 0.147094
vt 0.398448 0.198217
vt 0.414349 0.174136
vt 0.409029 0.192612
vt 0.396467 0.207782
vt 0.428330 0.164384
vt 0.423573 0.174596
vt 0.426706 0.170625
vt 0.411033 0.218203
vt 0.427966 0.195808
vt 0.406768 0.221098
vt 0.433660 0.184123
vt 0.418734 0.216632
vt 0.437576 0.182894
vt 0.422463 0.232047
vt 0.414988 0.234787
vt 0.442619 0.199702
vt 0.436416 0.215305
vt 0.446895 0.197150
vt 0.446819 0.189475
vt 0.428255 0.254714
vt 0.431586 0.249881
vt 0.449148 0.217838
vt 0.453202 0.210416
vt 0.454844 0.204856
vt 0.464223 0.224842
vt 0.458177 0.226102
vt 0.465611 0.240198
vt 0.473378 0.243756
vt 0.471375 0.255142
vt 0.478651 0.262661
vt 0.479295 0.251864
vt 0.485568 0.263035
vt 0.635502 0.296114
vt 0.628631 0.295866
vt 0.633261 0.292844
vt 0.632944 0.305120
vt 0.627095 0.301415
vt 0.627175 0.306573
vt 0.639199 0.287244
vt 0.637013 0.302521
vt 0.633437 0.313909
vt 0.636490 0.309972
vt 0.639199 0.315177
vt 0.601224 0.319464
vt 0.599627 0.313315
vt 0.606889 0.314341
vt 0.594736 0.316893
vt 0.596612 0.324488
vt 0.587047 0.316534
vt 0.584264 0.320530
vt 0.607542 0.324488
vt 0.860716 0.098326
vt 0.858720 0.115244
vt 0.866721 0.100154
vt 0.857074 0.106621
vt 0.855214 0.097300
vt 0.857800 0.124302
vt 0.864588 0.115432
vt 0.873836 0.097300
vt 0.298589 0.591713
vt 0.301210 0.584189
vt 0.296635 0.582056
vt 0.294693 0.591330
vt 0.299151 0.578228
vt 0.294693 0.575885
vt 0.627706 0.279474
vt 0.639199 0.276562
vt 0.639199 0.285393
vt 0.631016 0.272099
vt 0.619144 0.277564
vt 0.619725 0.287755
vt 0.616199 0.290037
vt 0.614991 0.280692
vt 0.615779 0.270484
vt 0.279795 0.551102
vt 0.276303 0.546804
vt 0.276071 0.538641
vt 0.276071 0.554832
vt 0.279138 0.563780
vt 0.794925 0.892123
vt 0.801854 0.897949
vt 0.777230 0.899907
vt 0.818070 0.889730
vt 0.821882 0.896383
vt 0.749644 0.896836
vt 0.776449 0.892485
vt 0.765423 0.883488
vt 0.775663 0.881438
vt 0.804090 0.882162
vt 0.788197 0.872442
vt 0.745475 0.882806
vt 0.780240 0.871774
vt 0.836310 0.888027
vt 0.771639 0.874597
vt 0.763413 0.862477
vt 0.746178 0.863014
vt 0.773922 0.865107
vt 0.781507 0.862593
vt 0.778130 0.866230
vt 0.806963 0.864223
vt 0.769421 0.856292
vt 0.785710 0.855944
vt 0.820507 0.872295
vt 0.754911 0.854185
vt 0.722349 0.884557
vt 0.715416 0.898394
vt 0.279150 0.691858
vt 0.290037 0.694875
vt 0.277055 0.696927
vt 0.774779 0.851092
vt 0.274209 0.692154
vt 0.275626 0.685887
vt 0.796730 0.847874
vt 0.840947 0.875998
vt 0.737519 0.855151
vt 0.744631 0.850604
vt 0.763393 0.848103
vt 0.781714 0.846879
vt 0.821499 0.855724
vt 0.287667 0.691461
vt 0.290037 0.682931
vt 0.280466 0.682030
vt 0.726326 0.863703
vt 0.815760 0.846467
vt 0.834968 0.855280
vt 0.857611 0.884145
vt 0.712613 0.867697
vt 0.731426 0.849083
vt 0.831176 0.841506
vt 0.698006 0.886784
vt 0.714112 0.853210
vt 0.719156 0.846770
vt 0.689806 0.895235
vt 0.866387 0.873140
vt 0.692529 0.867950
vt 0.844526 0.842150
vt 0.853411 0.854503
vt 0.698682 0.854493
vt 0.855820 0.833799
vt 0.702329 0.849013
vt 0.680988 0.879553
vt 0.683448 0.850720
vt 0.661294 0.889993
vt 0.655376 0.873428
vt 0.684923 0.844442
vt 0.677871 0.860116
vt 0.665145 0.859811
vt 0.672309 0.852183
vt 0.668639 0.841506
vt 0.661911 0.847257
vt 0.638493 0.883194
vt 0.647426 0.845026
vt 0.637148 0.869507
vt 0.645135 0.837849
vt 0.637717 0.853487
vt 0.626462 0.878815
vt 0.619080 0.862629
vt 0.632947 0.840773
vt 0.617843 0.843508
vt 0.611369 0.875871
vt 0.615116 0.834153
vt 0.604285 0.850880
vt 0.600093 0.833799
vt 0.825146 0.301838
vt 0.825882 0.296964
vt 0.834730 0.292831
vt 0.833701 0.299041
vt 0.829439 0.305651
vt 0.823557 0.310128
vt 0.834730 0.331937
vt 0.824826 0.322433
vt 0.830078 0.324459
vt 0.827690 0.315251
vt 0.604749 0.609163
vt 0.616708 0.613769
vt 0.613104 0.608473
vt 0.608702 0.616924
vt 0.604749 0.629051
vt 0.612593 0.624613
vt 0.618715 0.621835
vt 0.613695 0.630819
vt 0.790801 0.334151
vt 0.784188 0.340033
vt 0.772346 0.340317
vt 0.796479 0.337639
vt 0.800653 0.330074
vt 0.806367 0.336251
vt 0.809992 0.332444
vt 0.814872 0.331495
vt 0.816529 0.337033
vt 0.822554 0.335384
vt 0.827281 0.340317
vt 0.329143 0.670857
vt 0.326394 0.673662
vt 0.326713 0.681249
vt 0.321695 0.679806
vt 0.322726 0.671127
vt 0.323320 0.685165
vt 0.329143 0.685754
vt 0.354963 0.199112
vt 0.344029 0.179236
vt 0.350546 0.171467
vt 0.333439 0.158630
vt 0.320163 0.149334
vt 0.329598 0.138530
vt 0.362663 0.209602
vt 0.352090 0.225163
vt 0.339528 0.205279
vt 0.326633 0.181026
vt 0.362152 0.236417
vt 0.308808 0.136301
vt 0.305869 0.119304
vt 0.300971 0.152487
vt 0.348525 0.249780
vt 0.360759 0.255691
vt 0.291941 0.124464
vt 0.288695 0.109087
vt 0.329201 0.228766
vt 0.347921 0.273668
vt 0.361082 0.272155
vt 0.269551 0.090385
vt 0.260254 0.102407
vt 0.312013 0.199395
vt 0.362663 0.284877
vt 0.349581 0.300828
vt 0.327022 0.259857
vt 0.287587 0.188027
vt 0.267946 0.123774
vt 0.342738 0.289883
vt 0.293393 0.230423
vt 0.273603 0.149428
vt 0.325709 0.288629
vt 0.231645 0.081828
vt 0.337398 0.315498
vt 0.352725 0.316415
vt 0.240649 0.152472
vt 0.237763 0.119523
vt 0.343839 0.331579
vt 0.234920 0.099587
vt 0.324404 0.348071
vt 0.260648 0.203759
vt 0.323261 0.325579
vt 0.221881 0.089467
vt 0.248807 0.174068
vt 0.214056 0.098886
vt 0.280143 0.269690
vt 0.335892 0.347723
vt 0.201294 0.081948
vt 0.311439 0.325881
vt 0.263390 0.223964
vt 0.309215 0.346156
vt 0.215058 0.133106
vt 0.281666 0.293667
vt 0.296248 0.306611
vt 0.296125 0.332168
vt 0.247170 0.257568
vt 0.186205 0.119514
vt 0.232614 0.229242
vt 0.178621 0.098685
vt 0.222988 0.191285
vt 0.308444 0.377598
vt 0.300809 0.367086
vt 0.167035 0.085691
vt 0.194477 0.153818
vt 0.280795 0.327703
vt 0.185954 0.071570
vt 0.268164 0.312141
vt 0.285703 0.360617
vt 0.166409 0.071229
vt 0.252629 0.287261
vt 0.259944 0.335397
vt 0.272293 0.352329
vt 0.199119 0.185377
vt 0.151243 0.081336
vt 0.203755 0.204886
vt 0.286257 0.388347
vt 0.271886 0.379078
vt 0.232963 0.298166
vt 0.161087 0.116340
vt 0.163329 0.150565
vt 0.138631 0.102316
vt 0.211788 0.263376
vt 0.175340 0.228162
vt 0.173709 0.197352
vt 0.223994 0.329268
vt 0.245642 0.365887
vt 0.146813 0.133891
vt 0.263164 0.407309
vt 0.114299 0.095240
vt 0.238698 0.345531
vt 0.199693 0.288765
vt 0.247585 0.403986
vt 0.177920 0.243154
vt 0.120812 0.127838
vt 0.233102 0.391177
vt 0.166481 0.214258
vt 0.110703 0.110245
vt 0.122904 0.159795
vt 0.220935 0.362944
vt 0.178648 0.261272
vt 0.141399 0.186879
vt 0.141149 0.219630
vt 0.197287 0.347719
vt 0.152223 0.250122
vt 0.170835 0.279863
vt 0.183260 0.302132
vt 0.098559 0.128182
vt 0.213407 0.391181
vt 0.089744 0.114589
vt 0.166561 0.340613
vt 0.096265 0.144865
vt 0.153668 0.269393
vt 0.103601 0.209106
vt 0.214911 0.410051
vt 0.154137 0.305289
vt 0.173988 0.381404
vt 0.107791 0.179494
vt 0.085632 0.133064
vt 0.092236 0.161100
vt 0.076582 0.127400
vt 0.197680 0.401246
vt 0.119786 0.260075
vt 0.136903 0.286897
vt 0.110836 0.234873
vt 0.070650 0.146120
vt 0.195427 0.414804
vt 0.071408 0.158951
vt 0.079348 0.183378
vt 0.063458 0.138526
vt 0.140133 0.332963
vt 0.171678 0.399925
vt 0.174117 0.412137
vt 0.091771 0.238585
vt 0.107515 0.324407
vt 0.098477 0.293039
vt 0.087293 0.260152
vt 0.051491 0.148516
vt 0.137504 0.367218
vt 0.053511 0.165169
vt 0.052114 0.183868
vt 0.068100 0.213035
vt 0.159447 0.409820
vt 0.143892 0.395207
vt 0.073760 0.231479
vt 0.043164 0.165658
vt 0.054789 0.198595
vt 0.123639 0.345890
vt 0.043669 0.180062
vt 0.114462 0.356422
vt 0.136827 0.411363
vt 0.033593 0.176153
vt 0.055143 0.233659
vt 0.042272 0.203739
vt 0.049233 0.216573
vt 0.126395 0.398406
vt 0.035628 0.192413
vt 0.115322 0.384776
vt 0.052560 0.249552
vt 0.103168 0.366232
vt 0.025541 0.195698
vt 0.039166 0.231533
vt 0.069897 0.313149
vt 0.119557 0.408538
vt 0.032154 0.208665
vt 0.089531 0.349859
vt 0.054204 0.280334
vt 0.022815 0.217064
vt 0.099630 0.375575
vt 0.106091 0.395168
vt 0.094420 0.382211
vt 0.040471 0.260394
vt 0.027244 0.231580
vt 0.033563 0.246085
vt 0.071310 0.335780
vt 0.090739 0.389295
vt 0.048676 0.306756
vt 0.082875 0.363030
vt 0.070283 0.347395
vt 0.034728 0.281312
vt 0.073884 0.366986
vt 0.023285 0.253824
vt 0.019088 0.239242
vt 0.030727 0.261462
vt 0.059603 0.330755
vt 0.042329 0.295666
vt 0.025000 0.273782
vt 0.054754 0.339542
vt 0.049528 0.324000
vt 0.029800 0.293342
vt 0.056307 0.355608
vt 0.037015 0.315193
vt 0.044453 0.338748
vt 0.281308 0.676099
vt 0.290968 0.675512
vt 0.287504 0.681099
vt 0.273277 0.681099
vt 0.280957 0.671788
vt 0.311543 0.504617
vt 0.316888 0.519420
vt 0.303240 0.499600
vt 0.309639 0.517948
vt 0.315055 0.532714
vt 0.306233 0.488894
vt 0.297623 0.480277
vt 0.323057 0.551038
vt 0.328238 0.549252
vt 0.302203 0.469718
vt 0.324991 0.536235
vt 0.296555 0.466238
vt 0.335173 0.563192
vt 0.298356 0.453035
vt 0.342007 0.549491
vt 0.338597 0.535460
vt 0.318737 0.480139
vt 0.315002 0.461859
vt 0.328437 0.518642
vt 0.296555 0.434993
vt 0.302037 0.438334
vt 0.349980 0.569034
vt 0.326208 0.507180
vt 0.340291 0.520917
vt 0.353618 0.583661
vt 0.320188 0.431496
vt 0.302602 0.416809
vt 0.355291 0.546542
vt 0.341518 0.512334
vt 0.337487 0.508376
vt 0.323293 0.471687
vt 0.350456 0.531784
vt 0.365117 0.586418
vt 0.332030 0.475761
vt 0.370915 0.595470
vt 0.349382 0.524523
vt 0.340109 0.490500
vt 0.331781 0.455168
vt 0.378457 0.577093
vt 0.316354 0.412350
vt 0.327828 0.450904
vt 0.372434 0.564481
vt 0.308190 0.399748
vt 0.343242 0.501872
vt 0.348991 0.515848
vt 0.348604 0.509341
vt 0.318791 0.390937
vt 0.357591 0.522554
vt 0.366744 0.530968
vt 0.380172 0.593883
vt 0.397571 0.607151
vt 0.354270 0.506044
vt 0.355868 0.520104
vt 0.367618 0.548116
vt 0.347428 0.482693
vt 0.360696 0.497508
vt 0.394862 0.594631
vt 0.359884 0.514365
vt 0.317608 0.375776
vt 0.383252 0.563928
vt 0.399907 0.241457
vt 0.398482 0.231794
vt 0.384841 0.237053
vt 0.382172 0.538537
vt 0.382821 0.230254
vt 0.338096 0.436660
vt 0.362049 0.482035
vt 0.867176 0.342306
vt 0.862210 0.350559
vt 0.857076 0.333838
vt 0.872198 0.347150
vt 0.334843 0.413538
vt 0.873836 0.339649
vt 0.362692 0.508225
vt 0.366457 0.516576
vt 0.389310 0.254431
vt 0.356442 0.473085
vt 0.867312 0.329331
vt 0.378961 0.524495
vt 0.371425 0.225791
vt 0.375497 0.501386
vt 0.399907 0.250912
vt 0.378467 0.510498
vt 0.331979 0.367157
vt 0.335867 0.388298
vt 0.370112 0.245954
vt 0.357228 0.431079
vt 0.356002 0.444712
vt 0.398111 0.570571
vt 0.376946 0.253505
vt 0.394843 0.558819
vt 0.350828 0.426279
vt 0.345930 0.418212
vt 0.369235 0.462692
vt 0.413242 0.595539
vt 0.870912 0.324427
vt 0.405251 0.555618
vt 0.426783 0.615776
vt 0.411413 0.618454
vt 0.355438 0.396698
vt 0.405484 0.579419
vt 0.365394 0.453282
vt 0.351254 0.420473
vt 0.352066 0.411814
vt 0.410794 0.584625
vt 0.328003 0.357812
vt 0.395587 0.521608
vt 0.399094 0.555709
vt 0.393159 0.536007
vt 0.857586 0.322665
vt 0.866177 0.319587
vt 0.873832 0.315024
vt 0.873836 0.309590
vt 0.385343 0.489908
vt 0.407000 0.567695
vt 0.865002 0.315845
vt 0.396366 0.545429
vt 0.425291 0.609495
vt 0.359457 0.422264
vt 0.370022 0.429504
vt 0.385898 0.500470
vt 0.408609 0.539888
vt 0.372353 0.258380
vt 0.386477 0.467474
vt 0.358865 0.368126
vt 0.357956 0.415197
vt 0.425851 0.587826
vt 0.428056 0.595480
vt 0.362670 0.416804
vt 0.398144 0.500335
vt 0.361015 0.410383
vt 0.375560 0.448341
vt 0.342507 0.355479
vt 0.361659 0.414967
vt 0.342058 0.345214
vt 0.379268 0.407103
vt 0.382222 0.451658
vt 0.416852 0.552944
vt 0.418446 0.525391
vt 0.397010 0.482619
vt 0.445039 0.612435
vt 0.392529 0.439707
vt 0.360602 0.348477
vt 0.435899 0.589385
vt 0.410551 0.515314
vt 0.423574 0.538868
vt 0.372498 0.379907
vt 0.394375 0.473668
vt 0.388489 0.458957
vt 0.446573 0.592810
vt 0.415843 0.495442
vt 0.354285 0.333059
vt 0.453789 0.621329
vt 0.427701 0.545130
vt 0.396232 0.423215
vt 0.451602 0.603673
vt 0.442528 0.549145
vt 0.426731 0.556783
vt 0.406651 0.470728
vt 0.482775 0.114060
vt 0.475082 0.100113
vt 0.470228 0.111012
vt 0.455928 0.113565
vt 0.448324 0.105809
vt 0.448684 0.114060
vt 0.437173 0.580237
vt 0.448001 0.580573
vt 0.427526 0.507349
vt 0.858939 0.042365
vt 0.871043 0.042365
vt 0.867714 0.039572
vt 0.419981 0.471642
vt 0.437378 0.559082
vt 0.461716 0.612835
vt 0.424714 0.514528
vt 0.382308 0.360052
vt 0.463363 0.099497
vt 0.445865 0.564516
vt 0.438999 0.565065
vt 0.382693 0.389122
vt 0.454285 0.591959
vt 0.448948 0.596069
vt 0.459106 0.596170
vt 0.450804 0.098627
vt 0.367937 0.329229
vt 0.380197 0.383381
vt 0.458141 0.585976
vt 0.391513 0.398368
vt 0.465975 0.095438
vt 0.441379 0.540261
vt 0.471490 0.621015
vt 0.382218 0.373964
vt 0.371789 0.321247
vt 0.404815 0.407992
vt 0.472448 0.609439
vt 0.464980 0.602449
vt 0.382460 0.336114
vt 0.407052 0.439198
vt 0.390025 0.388094
vt 0.468831 0.588303
vt 0.438142 0.499775
vt 0.463775 0.566716
vt 0.435631 0.513629
vt 0.418359 0.459796
vt 0.388433 0.365959
vt 0.467784 0.596676
vt 0.399956 0.398006
vt 0.471808 0.597145
vt 0.416408 0.434068
vt 0.420652 0.451613
vt 0.409737 0.422298
vt 0.438979 0.509032
vt 0.398947 0.389549
vt 0.449514 0.534075
vt 0.411302 0.416128
vt 0.438703 0.476363
vt 0.479497 0.580436
vt 0.456675 0.506533
vt 0.442964 0.518196
vt 0.446852 0.489766
vt 0.487593 0.621508
vt 0.399830 0.362678
vt 0.409292 0.394040
vt 0.416757 0.423037
vt 0.489005 0.603524
vt 0.394110 0.358239
vt 0.415265 0.415498
vt 0.437366 0.453302
vt 0.459004 0.530139
vt 0.420761 0.418408
vt 0.386160 0.313481
vt 0.421622 0.413969
vt 0.029330 0.347765
vt 0.021800 0.344041
vt 0.018156 0.347765
vt 0.467205 0.537955
vt 0.482766 0.556171
vt 0.419632 0.402907
vt 0.417913 0.390209
vt 0.501830 0.615037
vt 0.400830 0.347203
vt 0.430211 0.431479
vt 0.428105 0.424494
vt 0.398570 0.328019
vt 0.409192 0.357685
vt 0.470087 0.525934
vt 0.456740 0.494542
vt 0.430834 0.419183
vt 0.429616 0.408209
vt 0.473827 0.539046
vt 0.411131 0.391907
vt 0.417807 0.379555
vt 0.415712 0.369305
vt 0.452192 0.462040
vt 0.505573 0.596415
vt 0.490141 0.583714
vt 0.403004 0.309215
vt 0.454248 0.473343
vt 0.432509 0.412938
vt 0.437833 0.434653
vt 0.434383 0.425647
vt 0.405347 0.301547
vt 0.454016 0.483066
vt 0.496843 0.569119
vt 0.416492 0.324670
vt 0.042186 0.371448
vt 0.050088 0.370059
vt 0.050745 0.381285
vt 0.446321 0.447585
vt 0.481225 0.507589
vt 0.645551 0.300574
vt 0.638268 0.299208
vt 0.648102 0.287244
vt 0.647137 0.316481
vt 0.038633 0.380984
vt 0.438300 0.393920
vt 0.427878 0.363385
vt 0.487269 0.546731
vt 0.430832 0.377881
vt 0.472758 0.500859
vt 0.047239 0.360699
vt 0.423776 0.344067
vt 0.033673 0.362202
vt 0.519837 0.569086
vt 0.525469 0.562656
vt 0.524810 0.568425
vt 0.514904 0.560987
vt 0.436753 0.413341
vt 0.651878 0.291307
vt 0.443483 0.416782
vt 0.464315 0.449998
vt 0.445923 0.421459
vt 0.479657 0.517617
vt 0.657894 0.307574
vt 0.518222 0.609635
vt 0.453242 0.406640
vt 0.462118 0.464553
vt 0.656867 0.299714
vt 0.462540 0.443264
vt 0.508945 0.559151
vt 0.438840 0.381715
vt 0.520778 0.580430
vt 0.507298 0.565821
vt 0.868096 0.080240
vt 0.871974 0.072152
vt 0.864661 0.065393
vt 0.497812 0.548377
vt 0.471755 0.467705
vt 0.507765 0.580761
vt 0.857142 0.084264
vt 0.850559 0.083794
vt 0.489394 0.514124
vt 0.520969 0.587391
vt 0.527467 0.577892
vt 0.853058 0.068307
vt 0.477984 0.464136
vt 0.663605 0.289269
vt 0.659870 0.294498
vt 0.423009 0.307591
vt 0.449328 0.387194
vt 0.663641 0.303414
vt 0.703445 0.278307
vt 0.718373 0.273277
vt 0.715104 0.280726
vt 0.440940 0.365030
vt 0.514405 0.587989
vt 0.484797 0.489618
vt 0.866440 0.054469
vt 0.526927 0.597537
vt 0.422973 0.299735
vt 0.023379 0.373772
vt 0.499534 0.572968
vt 0.533280 0.604185
vt 0.403593 0.110583
vt 0.393044 0.095369
vt 0.405493 0.098623
vt 0.665013 0.326350
vt 0.499517 0.533282
vt 0.510863 0.536872
vt 0.388437 0.114060
vt 0.388523 0.109862
vt 0.720687 0.280726
vt 0.667274 0.298459
vt 0.670551 0.294044
vt 0.462052 0.396190
vt 0.460652 0.414870
vt 0.022313 0.381285
vt 0.507575 0.514356
vt 0.668099 0.303816
vt 0.857146 0.055234
vt 0.443804 0.346779
vt 0.439700 0.324777
vt 0.727654 0.277280
vt 0.669018 0.317037
vt 0.020019 0.364371
vt 0.022086 0.359870
vt 0.481980 0.443996
vt 0.499534 0.587801
vt 0.471843 0.409138
vt 0.473589 0.437815
vt 0.681015 0.304206
vt 0.669854 0.302806
vt 0.671533 0.292322
vt 0.540436 0.594182
vt 0.467344 0.426062
vt 0.487536 0.475072
vt 0.850559 0.056242
vt 0.669949 0.288701
vt 0.683120 0.288782
vt 0.682062 0.319959
vt 0.504290 0.522301
vt 0.448296 0.356304
vt 0.378492 0.107929
vt 0.474324 0.429409
vt 0.539861 0.583775
vt 0.441292 0.302714
vt 0.493098 0.464013
vt 0.502491 0.483220
vt 0.508364 0.497484
vt 0.401103 0.087058
vt 0.405351 0.087153
vt 0.463853 0.389314
vt 0.529232 0.546716
vt 0.518984 0.559532
vt 0.446553 0.340570
vt 0.440948 0.296912
vt 0.458431 0.356608
vt 0.380136 0.095800
vt 0.489651 0.429771
vt 0.547988 0.596386
vt 0.476495 0.393420
vt 0.450124 0.312623
vt 0.455101 0.338118
vt 0.447393 0.337523
vt 0.451429 0.333141
vt 0.524145 0.531630
vt 0.457554 0.342955
vt 0.387474 0.087153
vt 0.512786 0.501276
vt 0.447577 0.331629
vt 0.534050 0.551079
vt 0.495807 0.454119
vt 0.690757 0.295403
vt 0.551285 0.580390
vt 0.456948 0.334161
vt 0.517387 0.507609
vt 0.381202 0.087879
vt 0.488791 0.406332
vt 0.504543 0.459577
vt 0.473356 0.371941
vt 0.454197 0.325052
vt 0.500310 0.442420
vt 0.517729 0.469638
vt 0.463850 0.340773
vt 0.528046 0.514209
vt 0.772346 0.327281
vt 0.765021 0.326153
vt 0.771753 0.320525
vt 0.760791 0.317373
vt 0.772346 0.312395
vt 0.532496 0.536234
vt 0.519366 0.498281
vt 0.695116 0.294305
vt 0.459856 0.328669
vt 0.459906 0.336991
vt 0.693186 0.287244
vt 0.475159 0.356311
vt 0.547979 0.551483
vt 0.538952 0.554753
vt 0.462117 0.319484
vt 0.462201 0.333460
vt 0.469064 0.362401
vt 0.518855 0.483999
vt 0.517036 0.491931
vt 0.540260 0.544385
vt 0.695664 0.309783
vt 0.457388 0.302767
vt 0.479396 0.378967
vt 0.501741 0.418823
vt 0.564009 0.583501
vt 0.535436 0.524405
vt 0.759311 0.309590
vt 0.537973 0.534506
vt 0.544599 0.563242
vt 0.323557 0.053478
vt 0.324355 0.039572
vt 0.332894 0.040838
vt 0.473421 0.326901
vt 0.550284 0.573382
vt 0.554300 0.565813
vt 0.695996 0.316710
vt 0.759805 0.322876
vt 0.543989 0.537917
vt 0.476237 0.339032
vt 0.462486 0.296555
vt 0.565878 0.573850
vt 0.494380 0.398801
vt 0.508003 0.433680
vt 0.334095 0.056632
vt 0.487708 0.367045
vt 0.541007 0.518301
vt 0.531497 0.473387
vt 0.545856 0.528369
vt 0.550851 0.537721
vt 0.540834 0.510767
vt 0.859411 0.248138
vt 0.859870 0.242551
vt 0.847765 0.242551
vt 0.530911 0.479702
vt 0.350739 0.039572
vt 0.345170 0.044712
vt 0.514897 0.410074
vt 0.492095 0.346738
vt 0.517749 0.459679
vt 0.524676 0.459795
vt 0.530674 0.491633
vt 0.528557 0.488135
vt 0.532062 0.485295
vt 0.329703 0.062626
vt 0.478462 0.306629
vt 0.529444 0.462214
vt 0.535782 0.491412
vt 0.567285 0.550547
vt 0.540738 0.489038
vt 0.505812 0.390813
vt 0.507721 0.395379
vt 0.550879 0.507791
vt 0.554044 0.524930
vt 0.479986 0.330487
vt 0.353133 0.051429
vt 0.348970 0.056557
vt 0.519823 0.431128
vt 0.521829 0.441360
vt 0.485376 0.332226
vt 0.501821 0.364902
vt 0.498716 0.371794
vt 0.479442 0.298167
vt 0.577967 0.567391
vt 0.577976 0.577044
vt 0.567190 0.533085
vt 0.541116 0.479656
vt 0.460428 0.236965
vt 0.456631 0.234171
vt 0.453911 0.236965
vt 0.531234 0.447354
vt 0.542670 0.496665
vt 0.531609 0.424479
vt 0.548380 0.479223
vt 0.490158 0.316792
vt 0.550935 0.494426
vt 0.506396 0.349309
vt 0.345263 0.065766
vt 0.537141 0.449338
vt 0.572322 0.516167
vt 0.520192 0.390802
vt 0.507275 0.334119
vt 0.550419 0.458462
vt 0.517147 0.365989
vt 0.354283 0.066574
vt 0.589577 0.558638
vt 0.511918 0.378937
vt 0.543198 0.435105
vt 0.568329 0.493405
vt 0.553140 0.488416
vt 0.495899 0.303050
vt 0.591273 0.542915
vt 0.510222 0.314197
vt 0.567050 0.471034
vt 0.532664 0.407520
vt 0.512881 0.352542
vt 0.586232 0.528318
vt 0.540725 0.424450
vt 0.520792 0.342632
vt 0.543908 0.285382
vt 0.557263 0.281168
vt 0.556960 0.272362
vt 0.535808 0.386277
vt 0.537420 0.411714
vt 0.537304 0.405344
vt 0.557387 0.444392
vt 0.575010 0.499823
vt 0.580890 0.507088
vt 0.141993 0.778522
vt 0.154674 0.777002
vt 0.146750 0.780167
vt 0.152434 0.786925
vt 0.143702 0.792310
vt 0.539350 0.270936
vt 0.530091 0.370341
vt 0.555707 0.454161
vt 0.561607 0.457222
vt 0.508934 0.304058
vt 0.557079 0.422764
vt 0.588589 0.512402
vt 0.542372 0.399978
vt 0.157749 0.797303
vt 0.599972 0.542440
vt 0.532123 0.278683
vt 0.527455 0.326758
vt 0.582921 0.498446
vt 0.561111 0.430568
vt 0.581107 0.493198
vt 0.581265 0.488575
vt 0.867318 0.985004
vt 0.861441 0.982308
vt 0.865035 0.972533
vt 0.553866 0.266088
vt 0.536730 0.263966
vt 0.548691 0.373037
vt 0.581579 0.474329
vt 0.532123 0.268685
vt 0.537209 0.366423
vt 0.572706 0.461780
vt 0.588970 0.503728
vt 0.601580 0.512139
vt 0.548862 0.388404
vt 0.604356 0.529408
vt 0.164926 0.789361
vt 0.528953 0.336903
vt 0.594210 0.505649
vt 0.526201 0.313118
vt 0.564464 0.427318
vt 0.556195 0.391842
vt 0.171601 0.777002
vt 0.593550 0.497605
vt 0.541292 0.337724
vt 0.533694 0.341137
vt 0.587443 0.491377
vt 0.608498 0.535811
vt 0.860129 0.991743
vt 0.591397 0.478329
vt 0.599340 0.505032
vt 0.855214 0.987637
vt 0.588934 0.486712
vt 0.593475 0.486954
vt 0.867318 0.999534
vt 0.585084 0.461023
vt 0.539463 0.351461
vt 0.546549 0.355081
vt 0.571196 0.419256
vt 0.578774 0.432334
vt 0.558466 0.383051
vt 0.611786 0.516206
vt 0.169011 0.799348
vt 0.174581 0.786685
vt 0.170587 0.794143
vt 0.584572 0.428689
vt 0.598137 0.467904
vt 0.603238 0.493350
vt 0.541161 0.320162
vt 0.566486 0.392240
vt 0.563868 0.398944
vt 0.560423 0.369314
vt 0.555818 0.351114
vt 0.573353 0.405369
vt 0.564905 0.406639
vt 0.567742 0.379512
vt 0.613731 0.496995
vt 0.586763 0.448640
vt 0.596338 0.446699
vt 0.548742 0.336328
vt 0.552996 0.330041
vt 0.573864 0.392009
vt 0.604936 0.477555
vt 0.570113 0.385410
vt 0.590014 0.410807
vt 0.828212 0.906425
vt 0.812134 0.899907
vt 0.823480 0.900709
vt 0.588605 0.438160
vt 0.807811 0.906425
vt 0.614706 0.482355
vt 0.582359 0.395265
vt 0.570860 0.353896
vt 0.576163 0.371834
vt 0.575733 0.381310
vt 0.578072 0.389187
vt 0.614402 0.454169
vt 0.797486 0.900431
vt 0.571774 0.343635
vt 0.609150 0.431543
vt 0.620366 0.487995
vt 0.583195 0.384127
vt 0.589387 0.389446
vt 0.621508 0.463778
vt 0.588229 0.369664
vt 0.603294 0.416864
vt 0.586501 0.358411
vt 0.612533 0.400621
vt 0.602661 0.384760
vt 0.620513 0.439800
vt 0.595222 0.370203
vt 0.615594 0.418538
vt 0.617844 0.815823
vt 0.639881 0.830437
vt 0.605680 0.820361
vt 0.613294 0.792934
vt 0.628428 0.805049
vt 0.609745 0.777627
vt 0.623077 0.777002
vt 0.628789 0.786093
vt 0.639073 0.822967
vt 0.641773 0.781515
vt 0.647955 0.789045
vt 0.645474 0.804822
vt 0.652344 0.822741
vt 0.667890 0.784439
vt 0.666238 0.801966
vt 0.673862 0.826909
vt 0.673488 0.836397
vt 0.666513 0.789876
vt 0.682443 0.792264
vt 0.683986 0.814319
vt 0.704788 0.838983
vt 0.695302 0.829558
vt 0.696104 0.799982
vt 0.700985 0.817622
vt 0.695680 0.787462
vt 0.711046 0.833421
vt 0.713365 0.794997
vt 0.709797 0.806327
vt 0.717621 0.825712
vt 0.720154 0.790895
vt 0.732375 0.810934
vt 0.732531 0.836724
vt 0.733256 0.796784
vt 0.730844 0.844972
vt 0.751670 0.819023
vt 0.748265 0.842207
vt 0.736216 0.790889
vt 0.760796 0.838874
vt 0.750133 0.794484
vt 0.767114 0.795369
vt 0.763251 0.789489
vt 0.775131 0.828149
vt 0.774774 0.801318
vt 0.778494 0.788706
vt 0.786578 0.837145
vt 0.796634 0.822988
vt 0.794340 0.795219
vt 0.792586 0.788242
vt 0.816047 0.831020
vt 0.815462 0.798545
vt 0.807288 0.786913
vt 0.831385 0.806701
vt 0.821562 0.789406
vt 0.824931 0.834789
vt 0.811406 0.839382
vt 0.825408 0.782681
vt 0.843891 0.824244
vt 0.839277 0.785458
vt 0.840448 0.831981
vt 0.853983 0.801443
vt 0.857642 0.828899
vt 0.867388 0.783035
vt 0.857988 0.777002
vt 0.864318 0.820882
vt 0.871974 0.825208
vt 0.596186 0.600200
vt 0.607542 0.601092
vt 0.592780 0.611988
vt 0.595992 0.591193
vt 0.607082 0.591676
vt 0.584275 0.608758
vt 0.581785 0.599024
vt 0.579609 0.589573
vt 0.606119 0.574953
vt 0.594760 0.575613
vt 0.579750 0.614264
vt 0.582371 0.580421
vt 0.579609 0.626164
vt 0.856145 0.316108
vt 0.857392 0.305868
vt 0.871377 0.308027
vt 0.857694 0.298280
vt 0.863256 0.290444
vt 0.873836 0.297513
vt 0.856145 0.282834
vt 0.871854 0.285034
vt 0.865708 0.280511
vt 0.871101 0.279795
vt 0.479872 0.129593
vt 0.468683 0.134250
vt 0.479981 0.141061
vt 0.471732 0.124702
vt 0.479981 0.115931
vt 0.468338 0.114991
vt 0.459227 0.121685
vt 0.451117 0.120386
vt 0.456327 0.116750
vt 0.772165 0.366387
vt 0.776071 0.372674
vt 0.765778 0.367913
vt 0.758752 0.381608
vt 0.774497 0.384518
vt 0.768151 0.392064
vt 0.776071 0.396836
vt 0.767293 0.397003
vt 0.754931 0.368049
vt 0.765715 0.402705
vt 0.755367 0.391896
vt 0.754250 0.398810
vt 0.755461 0.405191
vt 0.748515 0.388998
vt 0.744413 0.399243
vt 0.744992 0.408287
vt 0.850559 0.036719
vt 0.857273 0.034799
vt 0.850978 0.043296
vt 0.864269 0.036129
vt 0.854945 0.026774
vt 0.864460 0.028859
vt 0.861846 0.013518
vt 0.872905 0.031106
vt 0.854014 0.005155
vt 0.872766 0.021889
vt 0.864801 0.004090
vt 0.872764 0.006662
vt 0.872905 0.000466
vt 0.646106 0.000466
vt 0.611295 0.003405
vt 0.640989 0.022283
vt 0.509360 0.017184
vt 0.498230 0.012072
vt 0.501347 0.024467
vt 0.826438 0.019979
vt 0.852766 0.016900
vt 0.846431 0.006363
vt 0.573185 0.014706
vt 0.525279 0.013100
vt 0.541141 0.023546
vt 0.697045 0.003686
vt 0.702632 0.023621
vt 0.731390 0.001160
vt 0.491973 0.001430
vt 0.485465 0.020574
vt 0.491385 0.029891
vt 0.673551 0.012630
vt 0.783462 0.013621
vt 0.786955 0.030650
vt 0.800234 0.023145
vt 0.601756 0.036115
vt 0.846351 0.042479
vt 0.517794 0.028134
vt 0.729949 0.033049
vt 0.752900 0.017729
vt 0.768164 0.032560
vt 0.497809 0.054066
vt 0.563287 0.037437
vt 0.683157 0.034832
vt 0.505570 0.037224
vt 0.530359 0.036490
vt 0.824477 0.042062
vt 0.700982 0.044528
vt 0.666322 0.048281
vt 0.630587 0.036943
vt 0.800685 0.041327
vt 0.483706 0.036531
vt 0.755483 0.048166
vt 0.521799 0.049537
vt 0.547658 0.051050
vt 0.637419 0.066016
vt 0.790722 0.052673
vt 0.568887 0.059071
vt 0.483837 0.055690
vt 0.772366 0.067600
vt 0.697768 0.074733
vt 0.734599 0.071456
vt 0.840093 0.068423
vt 0.602138 0.058306
vt 0.489532 0.057582
vt 0.815906 0.065681
vt 0.513138 0.065714
vt 0.539607 0.067864
vt 0.757007 0.078073
vt 0.663800 0.075377
vt 0.850361 0.068106
vt 0.568617 0.089509
vt 0.792165 0.091523
vt 0.613034 0.090309
vt 0.499923 0.079040
vt 0.490251 0.080318
vt 0.825669 0.086701
vt 0.484379 0.080491
vt 0.521016 0.092235
vt 0.535224 0.083266
vt 0.845391 0.098284
vt 0.709672 0.105376
vt 0.507524 0.091568
vt 0.494380 0.092368
vt 0.646415 0.101191
vt 0.670080 0.096076
vt 0.592413 0.106441
vt 0.486521 0.092103
vt 0.535192 0.101215
vt 0.738480 0.103143
vt 0.500442 0.103424
vt 0.690467 0.108219
vt 0.489570 0.101014
vt 0.764626 0.116872
vt 0.495313 0.114198
vt 0.508822 0.114276
vt 0.483706 0.109558
vt 0.830431 0.125652
vt 0.547325 0.111589
vt 0.669184 0.116109
vt 0.787478 0.121014
vt 0.815013 0.116495
vt 0.525568 0.120884
vt 0.611788 0.125879
vt 0.489913 0.119692
vt 0.644902 0.121405
vt 0.566788 0.122139
vt 0.501024 0.125043
vt 0.486134 0.119351
vt 0.724574 0.128269
vt 0.542338 0.132406
vt 0.844684 0.141232
vt 0.698610 0.130373
vt 0.852336 0.113652
vt 0.659523 0.133447
vt 0.742423 0.129636
vt 0.684089 0.138687
vt 0.582328 0.131898
vt 0.507307 0.136052
vt 0.623903 0.140761
vt 0.495106 0.135860
vt 0.808124 0.148328
vt 0.566252 0.141662
vt 0.488699 0.138359
vt 0.719459 0.144904
vt 0.600866 0.145853
vt 0.642501 0.146636
vt 0.500294 0.150186
vt 0.836442 0.151338
vt 0.783907 0.145357
vt 0.757685 0.147102
vt 0.518702 0.147383
vt 0.853352 0.150728
vt 0.703196 0.152677
vt 0.584203 0.156574
vt 0.506257 0.157678
vt 0.663835 0.153740
vt 0.553088 0.157354
vt 0.824229 0.159383
vt 0.529513 0.160955
vt 0.781957 0.163722
vt 0.493700 0.157715
vt 0.625563 0.173282
vt 0.747021 0.171423
vt 0.680193 0.164315
vt 0.650417 0.165253
vt 0.485820 0.161122
vt 0.565092 0.179072
vt 0.844011 0.165298
vt 0.606703 0.166498
vt 0.720115 0.166326
vt 0.834373 0.170687
vt 0.851574 0.172952
vt 0.509921 0.178231
vt 0.489005 0.176005
vt 0.499814 0.180747
vt 0.804364 0.177110
vt 0.661837 0.180335
vt 0.542774 0.177757
vt 0.821182 0.185335
vt 0.681098 0.187053
vt 0.641175 0.190012
vt 0.608365 0.188913
vt 0.589944 0.186318
vt 0.783044 0.184262
vt 0.701612 0.183243
vt 0.839135 0.193884
vt 0.528678 0.192119
vt 0.726283 0.188967
vt 0.483950 0.179001
vt 0.742337 0.189869
vt 0.550501 0.196915
vt 0.490380 0.191766
vt 0.773216 0.198575
vt 0.485805 0.194604
vt 0.493933 0.201144
vt 0.852830 0.195621
vt 0.508013 0.198667
vt 0.691959 0.202998
vt 0.807997 0.203416
vt 0.659156 0.203310
vt 0.569461 0.201185
vt 0.710587 0.198714
vt 0.499353 0.210716
vt 0.622781 0.207206
vt 0.587444 0.207571
vt 0.752301 0.208542
vt 0.728490 0.212296
vt 0.676451 0.216644
vt 0.852848 0.211026
vt 0.526648 0.209441
vt 0.606379 0.214853
vt 0.833453 0.225047
vt 0.707052 0.215705
vt 0.565998 0.217197
vt 0.487687 0.207642
vt 0.794750 0.216338
vt 0.634486 0.220988
vt 0.843826 0.215354
vt 0.548789 0.217763
vt 0.505187 0.217650
vt 0.491163 0.221459
vt 0.772703 0.218131
vt 0.527513 0.226696
vt 0.818365 0.223205
vt 0.583498 0.223006
vt 0.485729 0.220484
vt 0.654353 0.224335
vt 0.688497 0.230436
vt 0.847603 0.234946
vt 0.553069 0.232732
vt 0.765456 0.234100
vt 0.741917 0.236285
vt 0.497380 0.230492
vt 0.788557 0.232400
vt 0.716545 0.237901
vt 0.667016 0.235097
vt 0.570798 0.231478
vt 0.487116 0.234951
vt 0.600567 0.238427
vt 0.504511 0.240168
vt 0.645281 0.240664
vt 0.808997 0.245398
vt 0.492394 0.242746
vt 0.519608 0.239406
vt 0.568310 0.245735
vt 0.535225 0.242564
vt 0.620213 0.249318
vt 0.686746 0.247007
vt 0.496856 0.247188
vt 0.662062 0.251124
vt 0.844434 0.251779
vt 0.521420 0.253012
vt 0.755078 0.254794
vt 0.606328 0.254860
vt 0.776880 0.253349
vt 0.706987 0.254496
vt 0.539985 0.258392
vt 0.732586 0.260805
vt 0.562673 0.261539
vt 0.828440 0.263698
vt 0.501478 0.262180
vt 0.584935 0.258411
vt 0.490187 0.254492
vt 0.797706 0.255793
vt 0.650290 0.265932
vt 0.484506 0.246665
vt 0.488742 0.270787
vt 0.681323 0.265406
vt 0.626183 0.268710
vt 0.840927 0.269167
vt 0.767736 0.263808
vt 0.790474 0.266296
vt 0.810762 0.267354
vt 0.603504 0.270162
vt 0.752209 0.270584
vt 0.718336 0.268895
vt 0.704739 0.274209
vt 0.400838 0.226723
vt 0.406425 0.235846
vt 0.400838 0.242196
vt 0.405295 0.244900
vt 0.401212 0.248138
vt 0.374454 0.270750
vt 0.374799 0.261925
vt 0.383842 0.275622
vt 0.366817 0.280032
vt 0.383690 0.283284
vt 0.387803 0.290747
vt 0.363594 0.272215
vt 0.367220 0.256518
vt 0.372138 0.292991
vt 0.363884 0.296308
vt 0.380169 0.303670
vt 0.385797 0.304935
vt 0.367799 0.304182
vt 0.363594 0.303767
vt 0.639977 0.463546
vt 0.647307 0.494552
vt 0.621510 0.490218
vt 0.622539 0.540256
vt 0.650681 0.570698
vt 0.606611 0.566790
vt 0.618558 0.594503
vt 0.643565 0.656446
vt 0.626258 0.671313
vt 0.621471 0.627295
vt 0.646851 0.595530
vt 0.625072 0.512954
vt 0.657970 0.523773
vt 0.642460 0.732150
vt 0.624091 0.736682
vt 0.626921 0.710877
vt 0.632068 0.431643
vt 0.655809 0.435236
vt 0.649060 0.627252
vt 0.658570 0.477121
vt 0.647665 0.705996
vt 0.629835 0.750774
vt 0.656700 0.420166
vt 0.645819 0.768006
vt 0.620344 0.766040
vt 0.631585 0.761203
vt 0.652727 0.756261
vt 0.652658 0.747479
vt 0.672545 0.463855
vt 0.652391 0.763096
vt 0.656197 0.680015
vt 0.658333 0.719982
vt 0.660391 0.739602
vt 0.667616 0.498625
vt 0.670559 0.595231
vt 0.673217 0.680582
vt 0.683356 0.427784
vt 0.668964 0.641325
vt 0.675253 0.414627
vt 0.684106 0.524153
vt 0.680659 0.616489
vt 0.668741 0.760602
vt 0.663604 0.766119
vt 0.665872 0.770211
vt 0.673083 0.712550
vt 0.673744 0.750743
vt 0.676000 0.728123
vt 0.696294 0.487681
vt 0.692190 0.561105
vt 0.679150 0.765796
vt 0.695867 0.453477
vt 0.692172 0.637237
vt 0.688531 0.693965
vt 0.691518 0.751915
vt 0.700686 0.590262
vt 0.685948 0.761776
vt 0.687800 0.737385
vt 0.694444 0.717262
vt 0.693406 0.657022
vt 0.717740 0.416346
vt 0.706960 0.613294
vt 0.715255 0.515044
vt 0.692399 0.769790
vt 0.701014 0.766837
vt 0.712734 0.427628
vt 0.701604 0.761502
vt 0.711357 0.666779
vt 0.718370 0.470666
vt 0.715193 0.635456
vt 0.711291 0.704555
vt 0.711999 0.744660
vt 0.710222 0.754808
vt 0.713247 0.728935
vt 0.714586 0.549133
vt 0.723041 0.568816
vt 0.698799 0.772974
vt 0.729474 0.448560
vt 0.713164 0.771394
vt 0.741298 0.586909
vt 0.733445 0.535319
vt 0.725678 0.763200
vt 0.739308 0.429355
vt 0.726649 0.698405
vt 0.722855 0.768224
vt 0.735421 0.489036
vt 0.738139 0.688495
vt 0.738601 0.550644
vt 0.742695 0.652647
vt 0.737396 0.719696
vt 0.733175 0.623130
vt 0.734410 0.739158
vt 0.735864 0.751158
vt 0.730220 0.772921
vt 0.742933 0.471450
vt 0.739630 0.508812
vt 0.734219 0.758361
vt 0.749598 0.527924
vt 0.754804 0.461000
vt 0.751424 0.414572
vt 0.754432 0.485611
vt 0.761334 0.615766
vt 0.740643 0.768125
vt 0.762892 0.509074
vt 0.747131 0.772952
vt 0.758437 0.439599
vt 0.746914 0.762456
vt 0.762340 0.421502
vt 0.766044 0.551084
vt 0.759318 0.729521
vt 0.757406 0.747408
vt 0.768195 0.655235
vt 0.755518 0.678926
vt 0.771599 0.413873
vt 0.756615 0.712586
vt 0.756626 0.769356
vt 0.767931 0.755587
vt 0.767670 0.701039
vt 0.779982 0.464833
vt 0.773793 0.524735
vt 0.766057 0.573201
vt 0.770995 0.444979
vt 0.777028 0.489862
vt 0.762104 0.764929
vt 0.777613 0.430281
vt 0.779999 0.423491
vt 0.762539 0.773061
vt 0.790038 0.586349
vt 0.786296 0.445547
vt 0.775066 0.719846
vt 0.774351 0.743909
vt 0.797745 0.472975
vt 0.790287 0.416227
vt 0.773341 0.770582
vt 0.784648 0.542239
vt 0.789797 0.517558
vt 0.780542 0.679792
vt 0.787892 0.562292
vt 0.784361 0.640990
vt 0.786368 0.756483
vt 0.789187 0.701669
vt 0.775797 0.765536
vt 0.788505 0.738932
vt 0.791278 0.661433
vt 0.787703 0.613983
vt 0.802076 0.429377
vt 0.796121 0.495449
vt 0.806700 0.419867
vt 0.805250 0.446846
vt 0.800476 0.539556
vt 0.796440 0.768522
vt 0.790525 0.764466
vt 0.796488 0.681579
vt 0.798691 0.723307
vt 0.803199 0.627874
vt 0.802354 0.605558
vt 0.805912 0.567925
vt 0.792986 0.774633
vt 0.804859 0.744739
vt 0.811275 0.646616
vt 0.810483 0.480001
vt 0.819770 0.505252
vt 0.810148 0.703955
vt 0.805704 0.771765
vt 0.817323 0.597611
vt 0.816098 0.668100
vt 0.815535 0.579084
vt 0.821282 0.470055
vt 0.808473 0.760342
vt 0.812525 0.541751
vt 0.823844 0.432877
vt 0.817866 0.616982
vt 0.812101 0.752698
vt 0.826224 0.489482
vt 0.827518 0.532618
vt 0.830612 0.626996
vt 0.829009 0.425107
vt 0.827277 0.418131
vt 0.832987 0.447558
vt 0.816725 0.683728
vt 0.825124 0.559941
vt 0.819279 0.725362
vt 0.823972 0.745030
vt 0.837283 0.579822
vt 0.826350 0.755120
vt 0.830299 0.695453
vt 0.820803 0.765754
vt 0.838186 0.643057
vt 0.834836 0.608590
vt 0.843694 0.517010
vt 0.836432 0.727199
vt 0.828001 0.712130
vt 0.841995 0.422014
vt 0.840346 0.681930
vt 0.853606 0.471379
vt 0.838793 0.435899
vt 0.845636 0.541145
vt 0.829687 0.772170
vt 0.843048 0.500090
vt 0.843012 0.666999
vt 0.834190 0.761573
vt 0.855644 0.429682
vt 0.843056 0.744271
vt 0.835803 0.766645
vt 0.844072 0.702006
vt 0.858303 0.444599
vt 0.855061 0.592173
vt 0.846929 0.755303
vt 0.859082 0.630278
vt 0.854653 0.611672
vt 0.860299 0.563349
vt 0.858417 0.733875
vt 0.857343 0.710945
vt 0.860116 0.652958
vt 0.866381 0.507067
vt 0.864614 0.422434
vt 0.848049 0.771050
vt 0.851011 0.776071
vt 0.863539 0.530827
vt 0.862370 0.750438
vt 0.862863 0.680927
vt 0.852138 0.765960
vt 0.871974 0.453607
vt 0.863398 0.773648
vt 0.868503 0.600660
vt 0.871974 0.760947
vt 0.284786 0.532948
vt 0.295746 0.522731
vt 0.301197 0.534916
vt 0.303073 0.522237
vt 0.276132 0.533777
vt 0.275140 0.516955
vt 0.283846 0.516758
vt 0.276094 0.509334
vt 0.282162 0.488361
vt 0.283754 0.500143
vt 0.277852 0.492608
vt 0.291090 0.508089
vt 0.275140 0.505064
vt 0.298399 0.506513
vt 0.476504 0.213903
vt 0.481844 0.228585
vt 0.471424 0.219083
vt 0.477115 0.203777
vt 0.466960 0.209157
vt 0.481844 0.189025
vt 0.469890 0.190434
vt 0.475728 0.184339
vt 0.466617 0.219392
vt 0.459497 0.210414
vt 0.461129 0.200620
vt 0.464435 0.183892
vt 0.435289 0.081471
vt 0.429818 0.087638
vt 0.420955 0.082067
vt 0.420090 0.088125
vt 0.425175 0.093575
vt 0.411080 0.081471
vt 0.186815 0.030700
vt 0.190974 0.031423
vt 0.186685 0.037157
vt 0.194483 0.037044
vt 0.196299 0.032240
vt 0.191102 0.021881
vt 0.195272 0.023404
vt 0.188974 0.044220
vt 0.198685 0.050380
vt 0.189725 0.053276
vt 0.194017 0.062916
vt 0.186815 0.061555
vt 0.189523 0.066574
vt 0.194852 0.052680
vt 0.199721 0.057836
vt 0.228075 0.032675
vt 0.234171 0.039040
vt 0.232558 0.046720
vt 0.220768 0.038317
vt 0.225486 0.028399
vt 0.214951 0.037475
vt 0.222954 0.050402
vt 0.231063 0.054152
vt 0.209352 0.043121
vt 0.208549 0.033798
vt 0.212815 0.042982
vt 0.201590 0.034440
vt 0.206517 0.028399
vt 0.205283 0.049578
vt 0.216682 0.048097
vt 0.233659 0.073514
vt 0.236440 0.078678
vt 0.229694 0.077350
vt 0.220205 0.077389
vt 0.230320 0.071229
vt 0.237472 0.071229
vt 0.215841 0.059644
vt 0.240689 0.078067
vt 0.199721 0.044083
vt 0.211776 0.051784
vt 0.201551 0.052718
vt 0.206481 0.060056
vt 0.181737 0.065479
vt 0.177374 0.065642
vt 0.178707 0.055607
vt 0.182030 0.057686
vt 0.181543 0.050196
vt 0.178987 0.043855
vt 0.181835 0.034068
vt 0.177374 0.026730
vt 0.181539 0.024674
vt 0.521326 0.291613
vt 0.502328 0.270104
vt 0.524236 0.285100
vt 0.538307 0.292525
vt 0.520514 0.267691
vt 0.539627 0.303280
vt 0.558519 0.311815
vt 0.560190 0.319868
vt 0.545814 0.313237
vt 0.565571 0.328151
vt 0.550391 0.320804
vt 0.586608 0.327749
vt 0.578241 0.331814
vt 0.578935 0.338954
vt 0.598296 0.345953
vt 0.592786 0.336193
vt 0.608093 0.343590
vt 0.614408 0.350067
vt 0.625499 0.350930
vt 0.626622 0.357023
vt 0.640661 0.355530
vt 0.637889 0.361510
vt 0.650655 0.361951
vt 0.654098 0.354421
vt 0.659353 0.358832
vt 0.673180 0.357595
vt 0.664548 0.364525
vt 0.678064 0.361609
vt 0.691710 0.357392
vt 0.703654 0.362569
vt 0.707833 0.354248
vt 0.735391 0.352423
vt 0.723994 0.349587
vt 0.748936 0.340694
vt 0.770211 0.337656
vt 0.777334 0.326481
vt 0.833799 0.267691
vt 0.830065 0.280123
vt 0.823175 0.281491
vt 0.819924 0.294060
vt 0.808521 0.300093
vt 0.794603 0.312019
vt 0.792805 0.320701
vt 0.810786 0.307762
vt 0.170803 0.023273
vt 0.160615 0.023743
vt 0.164703 0.019985
vt 0.169563 0.013501
vt 0.161555 0.015434
vt 0.173844 0.020815
vt 0.179280 0.013954
vt 0.180265 0.023743
vt 0.188114 0.019581
vt 0.188056 0.013871
vt 0.196754 0.015474
vt 0.198790 0.019518
vt 0.201583 0.071693
vt 0.213084 0.071229
vt 0.209008 0.076816
vt 0.222067 0.072861
vt 0.216096 0.076816
vt 0.327239 0.600434
vt 0.325486 0.591713
vt 0.334695 0.595010
vt 0.343328 0.599573
vt 0.328970 0.611067
vt 0.343862 0.591713
vt 0.324488 0.606840
vt 0.325672 0.615682
vt 0.339845 0.611170
vt 0.331478 0.616106
vt 0.355285 0.594606
vt 0.344169 0.616853
vt 0.353816 0.602495
vt 0.361655 0.602424
vt 0.350705 0.615037
vt 0.353799 0.611342
vt 0.357202 0.616559
vt 0.365744 0.612462
vt 0.371974 0.616224
vt 0.371273 0.762408
vt 0.365683 0.766362
vt 0.365456 0.755587
vt 0.374295 0.768792
vt 0.380602 0.768164
vt 0.370120 0.779177
vt 0.382216 0.773292
vt 0.374421 0.780745
vt 0.365456 0.783266
vt 0.370936 0.789046
vt 0.368738 0.799348
vt 0.034127 0.349628
vt 0.035044 0.357076
vt 0.028399 0.354692
vt 0.040547 0.350833
vt 0.047583 0.350174
vt 0.047464 0.356255
vt 0.053538 0.349628
vt 0.565133 0.287929
vt 0.559125 0.296385
vt 0.559157 0.284187
vt 0.565755 0.296763
vt 0.580404 0.288404
vt 0.582486 0.297251
vt 0.577030 0.299470
vt 0.575627 0.308672
vt 0.565361 0.273242
vt 0.575223 0.274011
vt 0.582082 0.308860
vt 0.584264 0.315177
vt 0.573128 0.267691
vt 0.584264 0.270565
vt 0.288374 0.446850
vt 0.293971 0.439013
vt 0.293426 0.450177
vt 0.277833 0.458571
vt 0.292832 0.459882
vt 0.284070 0.469044
vt 0.295624 0.473074
vt 0.275140 0.475131
vt 0.291414 0.483981
vt 0.283474 0.486646
vt 0.294960 0.487430
vt 0.275242 0.487430
vt 0.805957 0.009249
vt 0.799348 0.014432
vt 0.807979 0.013329
vt 0.811950 0.008373
vt 0.814455 0.001397
vt 0.821034 0.008799
vt 0.825419 0.014432
vt 0.391176 0.214167
vt 0.404562 0.224860
vt 0.389543 0.222632
vt 0.377737 0.222415
vt 0.380888 0.207782
vt 0.366235 0.205307
vt 0.367083 0.224860
vt 0.365456 0.212790
vt 0.675512 0.285382
vt 0.673923 0.278009
vt 0.664470 0.283897
vt 0.660802 0.275325
vt 0.671400 0.266760
vt 0.667787 0.267089
vt 0.650372 0.285382
vt 0.746846 0.285224
vt 0.754008 0.284451
vt 0.744614 0.294585
vt 0.736033 0.287233
vt 0.756518 0.291542
vt 0.736033 0.300313
vt 0.756226 0.308372
vt 0.738947 0.310057
vt 0.744453 0.310517
vt 0.747995 0.315915
vt 0.741072 0.317209
vt 0.756196 0.314600
vt 0.753649 0.324682
vt 0.748643 0.330916
vt 0.752870 0.336592
vt 0.018156 0.375328
vt 0.012418 0.375248
vt 0.018156 0.388734
vt 0.012007 0.384519
vt 0.005121 0.377430
vt 0.011550 0.367830
vt 0.017232 0.361732
vt 0.237896 0.038990
vt 0.242782 0.048341
vt 0.237896 0.056331
vt 0.241728 0.055848
vt 0.248074 0.052525
vt 0.251862 0.042887
vt 0.247419 0.029330
vt 0.419060 0.257897
vt 0.430633 0.256518
vt 0.423413 0.263952
vt 0.393152 0.262936
vt 0.388053 0.259024
vt 0.392320 0.256518
vt 0.386628 0.271318
vt 0.396394 0.273417
vt 0.385940 0.278864
vt 0.405387 0.259859
vt 0.416209 0.264069
vt 0.405884 0.278366
vt 0.411506 0.258555
vt 0.411899 0.267683
vt 0.414001 0.271820
vt 0.824328 0.407884
vt 0.824488 0.415736
vt 0.818669 0.412212
vt 0.817970 0.404250
vt 0.824488 0.395375
vt 0.820091 0.393615
vt 0.822109 0.382216
vt 0.330074 0.028399
vt 0.317251 0.021180
vt 0.327013 0.018988
vt 0.321301 0.008947
vt 0.330074 0.007914
vt 0.312840 0.015198
vt 0.304004 0.014532
vt 0.855242 0.208447
vt 0.865311 0.200621
vt 0.864786 0.212600
vt 0.867657 0.204571
vt 0.855506 0.218633
vt 0.872822 0.210030
vt 0.863613 0.232749
vt 0.873531 0.203850
vt 0.873323 0.225728
vt 0.853352 0.235059
vt 0.873836 0.194134
vt 0.873836 0.234928
vt 0.863837 0.239758
vt 0.423184 0.285646
vt 0.425962 0.273934
vt 0.434104 0.279754
vt 0.427553 0.295624
vt 0.446764 0.295624
vt 0.440142 0.273277
vt 0.448017 0.285810
vt 0.451220 0.275637
vt 0.461245 0.293426
vt 0.466067 0.285964
vt 0.466971 0.279578
vt 0.474395 0.287356
vt 0.810895 0.403701
vt 0.815177 0.413873
vt 0.805927 0.409239
vt 0.799482 0.402605
vt 0.799209 0.408761
vt 0.806175 0.404198
vt 0.812815 0.385717
vt 0.813336 0.396579
vt 0.802038 0.390371
vt 0.792870 0.407318
vt 0.789275 0.398612
vt 0.806431 0.399663
vt 0.801220 0.398122
vt 0.799543 0.379013
vt 0.792075 0.397310
vt 0.783809 0.401890
vt 0.793676 0.393631
vt 0.805670 0.376629
vt 0.855214 0.402700
vt 0.858939 0.402700
vt 0.858468 0.398045
vt 0.792957 0.385934
vt 0.782590 0.385102
vt 0.778273 0.394871
vt 0.786883 0.383901
vt 0.777933 0.385434
vt 0.784129 0.376629
vt 0.849913 0.417266
vt 0.843309 0.419460
vt 0.846343 0.412660
vt 0.851490 0.410840
vt 0.839385 0.412133
vt 0.843281 0.404792
vt 0.840390 0.399108
vt 0.850392 0.400292
vt 0.848903 0.391469
vt 0.840822 0.388605
vt 0.848576 0.382104
vt 0.839385 0.381285
vt 0.872459 0.183255
vt 0.866188 0.184823
vt 0.865626 0.172390
vt 0.873836 0.167464
vt 0.856145 0.184247
vt 0.856376 0.168296
vt 0.872593 0.158303
vt 0.863210 0.158810
vt 0.867807 0.148510
vt 0.856145 0.157109
vt 0.438299 0.234375
vt 0.437405 0.241620
vt 0.432495 0.240065
vt 0.434026 0.228709
vt 0.441611 0.230265
vt 0.444851 0.233766
vt 0.449255 0.227098
vt 0.449255 0.239076
vt 0.446085 0.229971
vt 0.437653 0.227881
vt 0.440934 0.224860
vt 0.479050 0.285428
vt 0.489460 0.283910
vt 0.480247 0.290968
vt 0.488342 0.278864
vt 0.506679 0.280709
vt 0.510708 0.287667
vt 0.506254 0.290968
vt 0.499238 0.279903
vt 0.498932 0.284074
vt 0.729269 0.318901
vt 0.729171 0.323094
vt 0.723175 0.321219
vt 0.722998 0.325220
vt 0.726422 0.332106
vt 0.732309 0.327204
vt 0.731851 0.336029
vt 0.723175 0.347765
vt 0.723311 0.341149
vt 0.826617 0.360801
vt 0.831456 0.357652
vt 0.833742 0.360801
vt 0.836592 0.356974
vt 0.826350 0.358193
vt 0.831928 0.352448
vt 0.836577 0.347361
vt 0.829940 0.343954
vt 0.835354 0.335661
vt 0.829684 0.336294
vt 0.458421 0.246799
vt 0.465084 0.247207
vt 0.456491 0.242551
vt 0.407711 0.285297
vt 0.398045 0.283455
vt 0.403732 0.293762
vt 0.409614 0.280726
vt 0.450186 0.247207
vt 0.453911 0.241620
vt 0.461359 0.240494
vt 0.453911 0.237896
vt 0.409952 0.285697
vt 0.408057 0.290987
vt 0.416364 0.287765
vt 0.420391 0.285295
vt 0.419984 0.293762
vt 0.458537 0.366246
vt 0.463292 0.362663
vt 0.464153 0.367832
vt 0.453423 0.366572
vt 0.445633 0.367797
vt 0.444600 0.363770
vt 0.451015 0.371781
vt 0.454273 0.362663
vt 0.457817 0.371974
vt 0.811577 0.340317
vt 0.816108 0.348597
vt 0.805627 0.348696
vt 0.801178 0.343685
vt 0.800279 0.348597
vt 0.863168 0.907924
vt 0.859604 0.901365
vt 0.860653 0.897035
vt 0.869922 0.907554
vt 0.860001 0.912738
vt 0.854764 0.906112
vt 0.872905 0.913873
vt 0.844110 0.895251
vt 0.845199 0.913412
vt 0.838820 0.902498
vt 0.833028 0.902430
vt 0.829143 0.895606
vt 0.833860 0.913873
vt 0.608473 0.942129
vt 0.620765 0.952352
vt 0.610707 0.964845
vt 0.633718 0.962406
vt 0.627112 0.931250
vt 0.620642 0.921322
vt 0.638021 0.925861
vt 0.615487 0.973027
vt 0.628012 0.972688
vt 0.640687 0.946798
vt 0.646399 0.932251
vt 0.657138 0.942301
vt 0.636295 0.970882
vt 0.649465 0.960089
vt 0.645235 0.977910
vt 0.652536 0.974027
vt 0.665045 0.930814
vt 0.664023 0.962720
vt 0.670217 0.935628
vt 0.679090 0.947806
vt 0.661992 0.981621
vt 0.677436 0.977651
vt 0.685191 0.966177
vt 0.680521 0.936103
vt 0.677069 0.982901
vt 0.865892 0.923165
vt 0.873836 0.945072
vt 0.857839 0.936662
vt 0.697684 0.951867
vt 0.693849 0.935415
vt 0.866832 0.958008
vt 0.847879 0.926452
vt 0.717224 0.935305
vt 0.708914 0.939838
vt 0.846809 0.949561
vt 0.833056 0.934486
vt 0.844736 0.921322
vt 0.696363 0.980036
vt 0.713123 0.956958
vt 0.692439 0.984037
vt 0.856937 0.965456
vt 0.871578 0.965159
vt 0.825114 0.926302
vt 0.706006 0.973137
vt 0.726072 0.940247
vt 0.814684 0.934446
vt 0.740228 0.936304
vt 0.717074 0.979594
vt 0.826522 0.956350
vt 0.811134 0.929606
vt 0.738351 0.954835
vt 0.843058 0.969678
vt 0.739207 0.970945
vt 0.716723 0.985875
vt 0.809866 0.953335
vt 0.797970 0.936057
vt 0.795284 0.931371
vt 0.752170 0.944015
vt 0.702052 0.280936
vt 0.694558 0.286313
vt 0.694871 0.273277
vt 0.688547 0.280279
vt 0.702077 0.276052
vt 0.761076 0.934913
vt 0.702514 0.286313
vt 0.778308 0.937742
vt 0.829162 0.972702
vt 0.708484 0.290037
vt 0.710476 0.284451
vt 0.713687 0.287326
vt 0.736408 0.981872
vt 0.794156 0.947134
vt 0.703455 0.289261
vt 0.703445 0.284451
vt 0.764017 0.963430
vt 0.811642 0.974511
vt 0.783791 0.950521
vt 0.768130 0.948433
vt 0.778274 0.954307
vt 0.773034 0.958146
vt 0.787838 0.967810
vt 0.780508 0.960786
vt 0.775838 0.964862
vt 0.821487 0.979529
vt 0.774321 0.979348
vt 0.759203 0.981894
vt 0.746050 0.987430
vt 0.805461 0.981067
vt 0.766753 0.985182
vt 0.783601 0.983833
vt 0.596700 0.311191
vt 0.602886 0.312384
vt 0.601578 0.305291
vt 0.602886 0.296555
vt 0.592433 0.304910
vt 0.584264 0.311255
vt 0.821916 0.982162
vt 0.827848 0.978889
vt 0.822740 0.991031
vt 0.843848 0.990723
vt 0.837783 0.976739
vt 0.828918 0.991695
vt 0.828496 0.998500
vt 0.835312 0.999397
vt 0.812456 0.989745
vt 0.822227 0.999534
vt 0.852327 0.975326
vt 0.853501 0.987203
vt 0.811857 0.997098
vt 0.848704 0.999534
vt 0.857076 0.975745
vt 0.802142 0.996935
vt 0.854449 0.997563
vt 0.440563 0.267150
vt 0.440548 0.272346
vt 0.435375 0.267843
vt 0.457796 0.269530
vt 0.469730 0.264899
vt 0.474395 0.272346
vt 0.464670 0.268735
vt 0.457500 0.264332
vt 0.451922 0.257329
vt 0.439953 0.254654
vt 0.433426 0.255486
vt 0.460990 0.259464
vt 0.459887 0.253266
vt 0.441543 0.246276
vt 0.771878 0.902700
vt 0.764898 0.909570
vt 0.765114 0.903234
vt 0.773443 0.908534
vt 0.785191 0.903314
vt 0.763967 0.920131
vt 0.775300 0.920358
vt 0.801402 0.913865
vt 0.801349 0.907356
vt 0.811453 0.914007
vt 0.765277 0.929702
vt 0.799144 0.923432
vt 0.791285 0.904385
vt 0.789297 0.909808
vt 0.778197 0.929412
vt 0.790802 0.919929
vt 0.789188 0.929702
vt 0.130554 0.779795
vt 0.134031 0.784089
vt 0.121961 0.786831
vt 0.130845 0.790105
vt 0.139199 0.790968
vt 0.115922 0.790968
vt 0.273214 0.563201
vt 0.278065 0.581730
vt 0.263664 0.577202
vt 0.273433 0.482487
vt 0.259401 0.468409
vt 0.272358 0.459556
vt 0.274910 0.749019
vt 0.276618 0.763966
vt 0.254350 0.759297
vt 0.257659 0.650717
vt 0.273285 0.630166
vt 0.288175 0.652233
vt 0.270408 0.662635
vt 0.256567 0.622926
vt 0.278028 0.601290
vt 0.268361 0.512590
vt 0.257486 0.494184
vt 0.266968 0.770451
vt 0.280128 0.722046
vt 0.261588 0.739619
vt 0.250003 0.715600
vt 0.021784 0.449055
vt 0.000466 0.456240
vt 0.009411 0.437211
vt 0.264484 0.592956
vt 0.271674 0.540535
vt 0.254530 0.531024
vt 0.244100 0.771599
vt 0.006957 0.473655
vt 0.000466 0.766338
vt 0.020841 0.761423
vt 0.020140 0.770817
vt 0.248415 0.602856
vt 0.251870 0.561911
vt 0.280438 0.427859
vt 0.261223 0.424562
vt 0.284589 0.422740
vt 0.246851 0.508885
vt 0.253337 0.447092
vt 0.268737 0.442921
vt 0.268928 0.421068
vt 0.006683 0.516241
vt 0.010604 0.495096
vt 0.025932 0.514041
vt 0.029611 0.481014
vt 0.252952 0.671041
vt 0.267600 0.686364
vt 0.020889 0.467451
vt 0.021067 0.533805
vt 0.244521 0.689662
vt 0.036947 0.498831
vt 0.241444 0.542101
vt 0.238595 0.482060
vt 0.028658 0.573366
vt 0.015056 0.578471
vt 0.018983 0.555430
vt 0.260174 0.431682
vt 0.244378 0.736198
vt 0.237419 0.633406
vt 0.016223 0.732499
vt 0.014847 0.712990
vt 0.030102 0.724518
vt 0.244759 0.588619
vt 0.236898 0.752750
vt 0.241214 0.437554
vt 0.020317 0.676137
vt 0.008069 0.657387
vt 0.029818 0.651969
vt 0.011706 0.691174
vt 0.034310 0.689929
vt 0.018065 0.643616
vt 0.014178 0.608159
vt 0.039260 0.597145
vt 0.241623 0.466251
vt 0.238636 0.568091
vt 0.237707 0.666936
vt 0.037351 0.767575
vt 0.227736 0.763526
vt 0.025641 0.630521
vt 0.035862 0.618537
vt 0.038645 0.555656
vt 0.039400 0.705959
vt 0.042762 0.741391
vt 0.012094 0.749608
vt 0.040026 0.462854
vt 0.033823 0.437657
vt 0.228305 0.706707
vt 0.224333 0.522297
vt 0.038587 0.673155
vt 0.250685 0.419037
vt 0.234758 0.652110
vt 0.230003 0.451952
vt 0.220092 0.769984
vt 0.038642 0.531218
vt 0.042242 0.755398
vt 0.044436 0.443860
vt 0.224338 0.732201
vt 0.226506 0.610792
vt 0.038912 0.774929
vt 0.058922 0.764478
vt 0.049402 0.635216
vt 0.045751 0.514380
vt 0.050136 0.576439
vt 0.040247 0.428233
vt 0.242295 0.426317
vt 0.066202 0.772882
vt 0.221393 0.680474
vt 0.223190 0.595402
vt 0.241611 0.422298
vt 0.217337 0.576240
vt 0.220020 0.499197
vt 0.054068 0.655024
vt 0.054301 0.437667
vt 0.013432 0.423743
vt 0.225055 0.470523
vt 0.053692 0.543407
vt 0.050831 0.483460
vt 0.215535 0.539596
vt 0.057067 0.455741
vt 0.212619 0.660411
vt 0.214772 0.754450
vt 0.058288 0.528304
vt 0.214624 0.633923
vt 0.228109 0.417531
vt 0.218474 0.440297
vt 0.208574 0.765824
vt 0.204214 0.773515
vt 0.058985 0.615552
vt 0.058064 0.670348
vt 0.054982 0.722815
vt 0.063541 0.586992
vt 0.228269 0.430563
vt 0.216759 0.485119
vt 0.066884 0.565525
vt 0.059583 0.700953
vt 0.056052 0.428128
vt 0.048219 0.421142
vt 0.216086 0.464294
vt 0.065525 0.749183
vt 0.060644 0.496698
vt 0.071793 0.512987
vt 0.228457 0.423219
vt 0.201520 0.733719
vt 0.205894 0.679980
vt 0.058553 0.485094
vt 0.057995 0.477021
vt 0.061103 0.467205
vt 0.070953 0.733418
vt 0.062241 0.685375
vt 0.066066 0.446616
vt 0.211918 0.432753
vt 0.204996 0.562919
vt 0.204183 0.698733
vt 0.197296 0.717211
vt 0.204097 0.606410
vt 0.179855 0.765473
vt 0.182761 0.772900
vt 0.063834 0.490942
vt 0.068925 0.544993
vt 0.203369 0.451961
vt 0.192090 0.754027
vt 0.067284 0.636619
vt 0.081725 0.604875
vt 0.201639 0.521812
vt 0.206081 0.495354
vt 0.087955 0.767939
vt 0.079726 0.753758
vt 0.069971 0.714747
vt 0.083161 0.689705
vt 0.083342 0.439691
vt 0.071763 0.494127
vt 0.195285 0.544670
vt 0.068666 0.459607
vt 0.199430 0.442595
vt 0.194484 0.646338
vt 0.076816 0.674612
vt 0.076812 0.658052
vt 0.197491 0.433785
vt 0.181632 0.673093
vt 0.190348 0.590058
vt 0.191968 0.628563
vt 0.071556 0.429901
vt 0.215036 0.426235
vt 0.192768 0.501083
vt 0.084772 0.705433
vt 0.090455 0.557296
vt 0.183982 0.695459
vt 0.085567 0.623692
vt 0.076930 0.452665
vt 0.196017 0.493364
vt 0.160964 0.773228
vt 0.085047 0.535098
vt 0.080819 0.495373
vt 0.209034 0.422026
vt 0.183594 0.606013
vt 0.180340 0.519165
vt 0.177175 0.743948
vt 0.178287 0.576303
vt 0.086471 0.582452
vt 0.092420 0.644573
vt 0.080571 0.491003
vt 0.206738 0.417373
vt 0.189356 0.448442
vt 0.094754 0.759283
vt 0.088298 0.724806
vt 0.084611 0.449612
vt 0.102718 0.776071
vt 0.109688 0.768457
vt 0.089365 0.504472
vt 0.194750 0.452955
vt 0.205497 0.458569
vt 0.190666 0.488995
vt 0.173476 0.721545
vt 0.090997 0.666347
vt 0.182649 0.437978
vt 0.092537 0.520676
vt 0.158833 0.766917
vt 0.086794 0.483807
vt 0.100960 0.484981
vt 0.188812 0.456533
vt 0.173900 0.538373
vt 0.174087 0.505240
vt 0.094447 0.743234
vt 0.084108 0.452755
vt 0.173557 0.621107
vt 0.178836 0.482008
vt 0.188300 0.473348
vt 0.135996 0.772363
vt 0.135062 0.765078
vt 0.087054 0.472378
vt 0.086591 0.460095
vt 0.090425 0.460161
vt 0.174461 0.464139
vt 0.172362 0.444281
vt 0.176945 0.642123
vt 0.164793 0.756775
vt 0.104196 0.714361
vt 0.360306 0.633593
vt 0.363594 0.633250
vt 0.363594 0.645864
vt 0.362389 0.618297
vt 0.362111 0.656890
vt 0.357598 0.646844
vt 0.091606 0.432240
vt 0.069845 0.425150
vt 0.179576 0.431826
vt 0.174698 0.658115
vt 0.176584 0.554830
vt 0.109439 0.758839
vt 0.101358 0.576421
vt 0.097169 0.467110
vt 0.089178 0.473081
vt 0.102129 0.450493
vt 0.108649 0.597085
vt 0.105363 0.512463
vt 0.101392 0.615421
vt 0.168010 0.690952
vt 0.103943 0.699671
vt 0.110052 0.495765
vt 0.103984 0.438531
vt 0.106641 0.538764
vt 0.105603 0.634732
vt 0.109435 0.677552
vt 0.086757 0.421225
vt 0.197761 0.426098
vt 0.165346 0.568857
vt 0.150014 0.753834
vt 0.115771 0.656582
vt 0.196658 0.419632
vt 0.161894 0.643627
vt 0.163602 0.438310
vt 0.119211 0.562988
vt 0.114867 0.464337
vt 0.107378 0.728781
vt 0.351573 0.623384
vt 0.359461 0.617784
vt 0.154958 0.521660
vt 0.154310 0.705703
vt 0.155842 0.667469
vt 0.153038 0.456579
vt 0.115885 0.525642
vt 0.115739 0.447217
vt 0.356685 0.656558
vt 0.160289 0.604413
vt 0.159627 0.553751
vt 0.129486 0.755971
vt 0.114788 0.746522
vt 0.155840 0.623708
vt 0.151360 0.477054
vt 0.153898 0.726777
vt 0.119799 0.617532
vt 0.184122 0.422051
vt 0.179164 0.426337
vt 0.148227 0.578096
vt 0.156190 0.493490
vt 0.119146 0.581087
vt 0.123797 0.490129
vt 0.085494 0.425653
vt 0.152020 0.683713
vt 0.128270 0.640151
vt 0.120088 0.700012
vt 0.350546 0.647625
vt 0.350688 0.635345
vt 0.147682 0.640876
vt 0.140772 0.656188
vt 0.141814 0.594136
vt 0.138154 0.699818
vt 0.139625 0.537625
vt 0.142195 0.505775
vt 0.143682 0.609079
vt 0.141103 0.739540
vt 0.141184 0.718227
vt 0.124609 0.735547
vt 0.123989 0.541212
vt 0.135051 0.552996
vt 0.135096 0.672644
vt 0.127029 0.602926
vt 0.131410 0.466709
vt 0.127504 0.511336
vt 0.124015 0.718653
vt 0.121764 0.439201
vt 0.109530 0.430453
vt 0.142067 0.445117
vt 0.140565 0.626275
vt 0.137385 0.437138
vt 0.138974 0.486325
vt 0.152899 0.432021
vt 0.347987 0.628087
vt 0.340155 0.625626
vt 0.345012 0.619612
vt 0.127601 0.429978
vt 0.346112 0.639462
vt 0.101453 0.425743
vt 0.343009 0.630581
vt 0.186815 0.415736
vt 0.173667 0.418683
vt 0.165620 0.422082
vt 0.155634 0.419191
vt 0.139369 0.426041
vt 0.122293 0.424880
vt 0.115805 0.419748
vt 0.154567 0.425497
vt 0.340768 0.640355
vt 0.335498 0.639340
vt 0.342260 0.635642
vt 0.332868 0.634956
vt 0.337368 0.631083
vt 0.138654 0.421384
vt 0.413873 0.109711
vt 0.423461 0.103618
vt 0.422265 0.117950
vt 0.425189 0.094576
vt 0.425487 0.111586
vt 0.432046 0.126632
vt 0.429930 0.100228
vt 0.431850 0.134320
vt 0.433517 0.088175
vt 0.445063 0.085889
vt 0.435217 0.096052
vt 0.440433 0.082479
vt 0.452107 0.080657
vt 0.458638 0.082340
vt 0.431944 0.111508
vt 0.434379 0.107935
vt 0.441744 0.099226
vt 0.447492 0.078063
vt 0.464459 0.077376
vt 0.434870 0.124000
vt 0.438776 0.119301
vt 0.441668 0.107573
vt 0.440681 0.114759
vt 0.468789 0.080721
vt 0.446511 0.104728
vt 0.457095 0.075885
vt 0.443863 0.128219
vt 0.445635 0.121688
vt 0.437821 0.136612
vt 0.476262 0.079807
vt 0.480912 0.085111
vt 0.448758 0.140995
vt 0.451859 0.129540
vt 0.445581 0.148421
vt 0.441847 0.150514
vt 0.457189 0.139027
vt 0.455248 0.153719
vt 0.457743 0.146565
vt 0.455183 0.159488
vt 0.466583 0.151319
vt 0.466292 0.157645
vt 0.464247 0.163237
vt 0.458280 0.167548
vt 0.465498 0.170857
vt 0.473705 0.159180
vt 0.471226 0.167504
vt 0.480912 0.168902
vt 0.324808 0.722787
vt 0.325419 0.731704
vt 0.319691 0.732309
vt 0.318901 0.721619
vt 0.324869 0.714525
vt 0.325419 0.706088
vt 0.320374 0.710650
vt 0.322295 0.703419
vt 0.324713 0.696721
vt 0.319978 0.695996
vt 0.302083 0.656298
vt 0.306060 0.648001
vt 0.308882 0.657927
vt 0.300591 0.649399
vt 0.306301 0.672214
vt 0.296197 0.652355
vt 0.297418 0.645717
vt 0.293459 0.647855
vt 0.299803 0.664892
vt 0.298195 0.657842
vt 0.291673 0.656103
vt 0.293939 0.664045
vt 0.308968 0.691008
vt 0.315173 0.680458
vt 0.297447 0.676624
vt 0.293847 0.659564
vt 0.303538 0.685213
vt 0.294252 0.669845
vt 0.317039 0.694030
vt 0.289256 0.662137
vt 0.311506 0.704529
vt 0.286313 0.658285
vt 0.293330 0.684491
vt 0.288682 0.667703
vt 0.297131 0.704324
vt 0.290853 0.701320
vt 0.301045 0.713696
vt 0.306679 0.721934
vt 0.287380 0.717382
vt 0.298949 0.730082
vt 0.291919 0.724450
vt 0.293249 0.735102
vt 0.286313 0.732126
vt 0.294693 0.001397
vt 0.303591 0.001402
vt 0.296498 0.007914
vt 0.318627 0.001397
vt 0.307916 0.007327
vt 0.315418 0.006233
vt 0.322254 0.005584
vt 0.328411 0.002177
vt 0.330074 0.006761
vt 0.739410 0.325833
vt 0.735102 0.332930
vt 0.735102 0.323557
vt 0.739901 0.332257
vt 0.740277 0.337523
vt 0.743482 0.334439
vt 0.742551 0.327002
vt 0.735350 0.283328
vt 0.730418 0.279818
vt 0.742922 0.270484
vt 0.589851 0.270484
vt 0.596918 0.279147
vt 0.594477 0.286020
vt 0.604644 0.287189
vt 0.746276 0.274972
vt 0.719934 0.285089
vt 0.723167 0.291299
vt 0.604366 0.293104
vt 0.715522 0.296970
vt 0.611976 0.289943
vt 0.726817 0.295039
vt 0.612344 0.299242
vt 0.617983 0.295315
vt 0.608541 0.306546
vt 0.718674 0.309326
vt 0.620182 0.306067
vt 0.615945 0.310767
vt 0.714065 0.309291
vt 0.707886 0.307999
vt 0.706694 0.299485
vt 0.616837 0.321283
vt 0.609279 0.318376
vt 0.623090 0.318904
vt 0.705387 0.319846
vt 0.711905 0.322438
vt 0.699163 0.317187
vt 0.632087 0.316486
vt 0.718310 0.326607
vt 0.616819 0.334503
vt 0.633337 0.330777
vt 0.701303 0.336110
vt 0.698013 0.329898
vt 0.685580 0.328683
vt 0.693105 0.321439
vt 0.710929 0.333343
vt 0.630043 0.339160
vt 0.687116 0.336013
vt 0.667321 0.330721
vt 0.651304 0.335937
vt 0.646465 0.326783
vt 0.669958 0.337545
vt 0.656280 0.342163
vt 0.676050 0.343192
vt 0.642786 0.346434
vt 0.708885 0.341620
vt 0.618300 0.345102
vt 0.689160 0.343585
vt 0.661911 0.348696
vt 0.629138 0.348328
vt 0.696336 0.347417
vt 0.681485 0.279849
vt 0.687616 0.279230
vt 0.682945 0.286313
vt 0.678305 0.285105
vt 0.682330 0.273311
vt 0.686512 0.270484
vt 0.678305 0.273891
vt 0.351371 0.756215
vt 0.352289 0.762205
vt 0.340545 0.760390
vt 0.360162 0.762290
vt 0.364525 0.768622
vt 0.333645 0.758761
vt 0.329629 0.764734
vt 0.340389 0.755587
vt 0.326244 0.761030
vt 0.321695 0.768622
vt 0.330074 0.036529
vt 0.323920 0.036968
vt 0.322835 0.026536
vt 0.317903 0.030406
vt 0.314167 0.041434
vt 0.311991 0.033162
vt 0.308629 0.026536
vt 0.312198 0.028188
vt 0.304652 0.030787
vt 0.306106 0.040085
vt 0.296908 0.031465
vt 0.300499 0.036804
vt 0.294693 0.037072
vt 0.427669 0.560056
vt 0.414420 0.566408
vt 0.415385 0.560056
vt 0.421919 0.569527
vt 0.409218 0.570426
vt 0.428868 0.565320
vt 0.415805 0.576502
vt 0.409462 0.579444
vt 0.433622 0.569581
vt 0.426061 0.575797
vt 0.434358 0.576249
vt 0.429637 0.578097
vt 0.422737 0.582816
vt 0.428323 0.583333
vt 0.433791 0.582578
vt 0.336592 0.006600
vt 0.344598 0.005121
vt 0.343024 0.007780
vt 0.338025 0.010824
vt 0.348675 0.009524
vt 0.346106 0.012758
vt 0.468340 0.005121
vt 0.478382 0.006504
vt 0.472374 0.011635
vt 0.343445 0.016281
vt 0.364388 0.024663
vt 0.358958 0.024653
vt 0.354104 0.014925
vt 0.460990 0.020071
vt 0.349117 0.018318
vt 0.352312 0.022545
vt 0.351582 0.027286
vt 0.359966 0.029516
vt 0.347543 0.023181
vt 0.351498 0.027263
vt 0.477344 0.016983
vt 0.485568 0.011370
vt 0.342171 0.021997
vt 0.347393 0.027847
vt 0.368945 0.036100
vt 0.343351 0.026493
vt 0.467723 0.032770
vt 0.363564 0.039330
vt 0.461334 0.022958
vt 0.475454 0.035406
vt 0.373760 0.049584
vt 0.457627 0.037732
vt 0.367481 0.055225
vt 0.459561 0.051453
vt 0.455027 0.045858
vt 0.377450 0.060405
vt 0.472761 0.052557
vt 0.443443 0.055569
vt 0.386592 0.057165
vt 0.373641 0.065122
vt 0.461996 0.059345
vt 0.475301 0.060876
vt 0.466095 0.063808
vt 0.403008 0.054583
vt 0.399632 0.062616
vt 0.429844 0.063855
vt 0.417345 0.059194
vt 0.390483 0.068208
vt 0.446160 0.065745
vt 0.414971 0.066847
vt 0.384279 0.074063
vt 0.404254 0.071282
vt 0.451510 0.070670
vt 0.423109 0.071358
vt 0.392551 0.080540
vt 0.426394 0.077832
vt 0.439229 0.078509
vt 0.410076 0.079793
vt 0.444954 0.018659
vt 0.447575 0.012570
vt 0.451117 0.015576
vt 0.438852 0.017855
vt 0.431782 0.027958
vt 0.418384 0.039643
vt 0.417640 0.046351
vt 0.410292 0.036878
vt 0.415671 0.032451
vt 0.405195 0.047952
vt 0.429804 0.022082
vt 0.441892 0.014169
vt 0.400181 0.040162
vt 0.433227 0.017412
vt 0.393498 0.031286
vt 0.403173 0.025430
vt 0.391987 0.042964
vt 0.382905 0.034056
vt 0.388934 0.023695
vt 0.391848 0.015274
vt 0.376110 0.026717
vt 0.378997 0.019148
vt 0.370112 0.034365
vt 0.377304 0.012570
vt 0.282588 0.014525
vt 0.282767 0.001397
vt 0.285229 0.009766
vt 0.286914 0.003117
vt 0.289540 0.006109
vt 0.289147 0.012355
vt 0.294693 0.008578
vt 0.288039 0.017116
vt 0.283608 0.022040
vt 0.287170 0.023262
vt 0.282767 0.028399
vt 0.292901 0.016119
vt 0.292787 0.022150
vt 0.616142 0.382122
vt 0.619810 0.380768
vt 0.621276 0.389665
vt 0.609404 0.368807
vt 0.629237 0.387835
vt 0.634792 0.384236
vt 0.625510 0.375484
vt 0.639126 0.379370
vt 0.639675 0.390596
vt 0.652230 0.381838
vt 0.651921 0.375616
vt 0.649594 0.390003
vt 0.660949 0.382131
vt 0.663897 0.389559
vt 0.659130 0.370752
vt 0.675318 0.382558
vt 0.643215 0.371067
vt 0.713198 0.390596
vt 0.709091 0.381884
vt 0.722709 0.386390
vt 0.667894 0.375700
vt 0.695092 0.388941
vt 0.681397 0.390319
vt 0.693233 0.379806
vt 0.724860 0.378221
vt 0.685533 0.372731
vt 0.708668 0.374011
vt 0.671741 0.366387
vt 0.724858 0.371095
vt 0.696145 0.367451
vt 0.713226 0.366590
vt 0.682049 0.400518
vt 0.679109 0.391527
vt 0.692153 0.393973
vt 0.664479 0.395857
vt 0.698510 0.399395
vt 0.620577 0.397936
vt 0.631916 0.397160
vt 0.624420 0.404082
vt 0.712572 0.398564
vt 0.713687 0.405949
vt 0.645302 0.393978
vt 0.648440 0.401431
vt 0.634205 0.404502
vt 0.695525 0.407482
vt 0.667886 0.402643
vt 0.622264 0.410885
vt 0.704999 0.412011
vt 0.637291 0.412011
vt 0.650488 0.407866
vt 0.678352 0.409380
vt 0.662493 0.410414
s 1
usemtl material_0.008
f 211/1/1 210/2/2 212/3/3
f 193/4/4 210/2/2 211/1/1
f 210/2/2 193/4/4 213/5/5
f 211/1/1 194/6/6 193/4/4
f 213/5/5 193/4/4 195/7/7
f 195/7/7 193/4/4 192/8/8
f 192/8/8 193/4/4 194/6/6
f 192/8/8 207/9/9 195/7/7
f 204/10/10 207/9/9 192/8/8
f 204/10/10 203/11/11 207/9/9
f 203/11/11 204/10/10 205/12/12
f 206/13/13 205/12/12 204/10/10
f 16/14/14 20/15/15 12/16/16
f 12/16/16 13/17/17 16/14/14
f 12/16/16 20/15/15 19/18/18
f 13/17/17 17/19/19 16/14/14
f 13/17/17 12/16/16 9/20/20
f 201/21/21 208/22/22 205/12/12
f 12/16/16 19/18/18 18/23/23
f 18/23/23 10/24/24 12/16/16
f 205/12/12 198/25/25 201/21/21
f 206/13/13 198/25/25 205/12/12
f 168/26/26 167/27/27 187/28/28
f 180/29/29 176/30/30 179/31/31
f 173/32/32 174/33/33 150/34/34
f 163/35/35 185/36/36 158/37/37
f 13/17/17 144/38/38 179/31/31
f 179/31/31 17/19/19 13/17/17
f 174/33/33 181/39/39 175/40/40
f 168/26/26 186/41/41 185/36/36
f 176/30/30 178/42/42 179/31/31
f 188/43/43 187/28/28 167/27/27
f 156/44/44 158/37/37 184/45/45
f 150/34/34 174/33/33 175/40/40
f 188/43/43 167/27/27 166/46/46
f 176/30/30 180/29/29 142/47/47
f 179/31/31 144/38/38 180/29/29
f 175/40/40 149/48/48 150/34/34
f 168/26/26 185/36/36 163/35/35
f 173/32/32 150/34/34 152/49/49
f 156/44/44 173/32/32 152/49/49
f 175/40/40 176/30/30 149/48/48
f 144/38/38 142/47/47 180/29/29
f 9/20/20 8/50/50 13/17/17
f 186/41/41 190/51/51 185/36/36
f 190/51/51 184/45/45 185/36/36
f 185/36/36 184/45/45 158/37/37
f 184/45/45 172/52/52 156/44/44
f 187/28/28 186/41/41 168/26/26
f 181/39/39 174/33/33 183/53/53
f 173/32/32 183/53/53 174/33/33
f 175/40/40 177/54/54 176/30/30
f 172/52/52 173/32/32 156/44/44
f 177/54/54 178/42/42 176/30/30
f 7/55/55 188/43/43 166/46/46
f 150/34/34 149/48/48 148/56/56
f 158/37/37 161/57/57 163/35/35
f 156/44/44 152/49/49 154/58/58
f 151/59/59 152/49/49 150/34/34
f 167/27/27 168/26/26 164/60/60
f 176/30/30 142/47/47 145/61/61
f 150/34/34 148/56/56 151/59/59
f 149/48/48 176/30/30 145/61/61
f 144/38/38 143/62/62 142/47/47
f 164/60/60 168/26/26 163/35/35
f 9/20/20 12/16/16 10/24/24
f 197/63/63 201/21/21 198/25/25
f 181/39/39 182/64/64 175/40/40
f 182/64/64 177/54/54 175/40/40
f 7/55/55 166/46/46 6/65/65
f 144/38/38 13/17/17 143/62/62
f 143/62/62 13/17/17 8/50/50
f 196/66/66 197/63/63 198/25/25
f 189/67/67 188/43/43 7/55/55
f 156/44/44 154/58/58 155/68/68
f 154/58/58 152/49/49 153/69/69
f 8/50/50 9/20/20 10/24/24
f 15/70/70 10/24/24 18/23/23
f 2/71/71 189/67/67 7/55/55
f 6/65/65 3/72/72 7/55/55
f 158/37/37 156/44/44 157/73/73
f 149/48/48 145/61/61 148/56/56
f 166/46/46 167/27/27 164/60/60
f 141/74/74 142/47/47 143/62/62
f 11/75/75 8/50/50 10/24/24
f 189/67/67 191/76/76 188/43/43
f 6/65/65 166/46/46 30/77/77
f 152/49/49 151/59/59 153/69/69
f 163/35/35 161/57/57 162/78/78
f 156/44/44 155/68/68 157/73/73
f 161/57/57 158/37/37 159/79/79
f 191/76/76 187/28/28 188/43/43
f 148/56/56 145/61/61 146/80/80
f 166/46/46 165/81/81 133/82/82
f 161/57/57 159/79/79 162/78/78
f 145/61/61 142/47/47 139/83/83
f 159/79/79 158/37/37 157/73/73
f 165/81/81 166/46/46 164/60/60
f 155/68/68 154/58/58 153/69/69
f 11/75/75 143/62/62 8/50/50
f 14/84/84 10/24/24 15/70/70
f 32/85/85 15/70/70 18/23/23
f 2/71/71 7/55/55 3/72/72
f 5/86/86 3/72/72 6/65/65
f 166/46/46 133/82/82 30/77/77
f 146/80/80 145/61/61 139/83/83
f 164/60/60 163/35/35 129/87/87
f 165/81/81 164/60/60 129/87/87
f 139/83/83 142/47/47 141/74/74
f 143/62/62 170/88/88 141/74/74
f 129/87/87 163/35/35 162/78/78
f 198/25/25 199/89/89 196/66/66
f 169/90/90 170/88/88 143/62/62
f 11/75/75 169/90/90 143/62/62
f 153/69/69 151/59/59 160/91/91
f 139/83/83 141/74/74 140/92/92
f 159/79/79 157/73/73 124/93/93
f 170/88/88 140/92/92 141/74/74
f 138/94/94 139/83/83 140/92/92
f 198/25/25 200/95/95 199/89/89
f 155/68/68 153/69/69 160/91/91
f 146/80/80 139/83/83 147/96/96
f 151/59/59 148/56/56 127/97/97
f 139/83/83 138/94/94 147/96/96
f 119/98/98 200/95/95 198/25/25
f 155/68/68 130/99/99 157/73/73
f 162/78/78 159/79/79 125/100/100
f 127/97/97 148/56/56 134/101/101
f 119/98/98 198/25/25 206/13/13
f 1/102/102 2/71/71 3/72/72
f 4/103/103 5/86/86 6/65/65
f 134/101/101 148/56/56 146/80/80
f 162/78/78 128/104/104 129/87/87
f 160/91/91 151/59/59 127/97/97
f 14/84/84 11/75/75 10/24/24
f 6/65/65 30/77/77 4/103/103
f 160/91/91 127/97/97 123/105/105
f 110/106/106 155/68/68 160/91/91
f 146/80/80 147/96/96 137/107/107
f 124/93/93 157/73/73 130/99/99
f 134/101/101 146/80/80 126/108/108
f 146/80/80 137/107/107 126/108/108
f 128/104/104 162/78/78 125/100/100
f 131/109/109 169/90/90 11/75/75
f 165/81/81 129/87/87 111/110/110
f 169/90/90 131/109/109 132/111/111
f 160/91/91 123/105/105 110/106/106
f 4/103/103 30/77/77 28/112/112
f 125/100/100 159/79/79 124/93/93
f 155/68/68 110/106/106 130/99/99
f 122/113/113 132/111/111 131/109/109
f 136/114/114 209/115/115 202/116/116
f 131/109/109 11/75/75 14/84/84
f 127/97/97 134/101/101 115/117/117
f 131/109/109 14/84/84 43/118/118
f 122/113/113 131/109/109 43/118/118
f 122/113/113 119/119/98 132/111/111
f 134/101/101 126/108/108 115/117/117
f 137/107/107 136/120/114 126/108/108
f 111/110/110 129/87/87 103/121/119
f 123/105/105 127/97/97 114/122/120
f 165/81/81 111/110/110 133/82/82
f 115/117/117 114/122/120 127/97/97
f 135/123/121 202/116/116 200/95/95
f 30/77/77 26/124/122 28/112/112
f 129/87/87 128/104/104 103/121/119
f 32/85/85 31/125/123 15/70/70
f 128/104/104 125/100/100 104/126/124
f 31/125/123 42/127/125 15/70/70
f 30/77/77 133/82/82 26/124/122
f 124/93/93 101/128/126 125/100/100
f 136/114/114 202/116/116 135/123/121
f 200/95/95 119/98/98 135/123/121
f 31/125/123 32/85/85 33/129/127
f 107/130/128 133/82/82 111/110/110
f 15/70/70 42/127/125 14/84/84
f 110/106/106 123/105/105 112/131/129
f 135/132/121 118/133/130 136/120/114
f 118/133/130 135/132/121 119/119/98
f 104/126/124 125/100/100 101/128/126
f 26/124/122 133/82/82 109/134/131
f 128/104/104 104/126/124 103/121/119
f 130/99/99 110/106/106 99/135/132
f 136/120/114 118/133/130 126/108/108
f 122/113/113 117/136/133 119/119/98
f 130/99/99 99/135/132 124/93/93
f 118/133/130 119/119/98 117/136/133
f 124/93/93 98/137/134 101/128/126
f 112/131/129 123/105/105 114/122/120
f 115/117/117 126/108/108 116/138/135
f 126/108/108 118/133/130 116/138/135
f 124/93/93 99/135/132 98/137/134
f 109/134/131 133/82/82 107/130/128
f 110/106/106 100/139/136 99/135/132
f 14/84/84 42/127/125 43/118/118
f 42/127/125 31/125/123 34/140/137
f 111/110/110 103/121/119 105/141/138
f 116/138/135 118/133/130 117/136/133
f 122/113/113 43/118/118 121/142/139
f 117/136/133 122/113/113 121/142/139
f 110/106/106 112/131/129 100/139/136
f 111/110/110 105/141/138 107/130/128
f 103/121/119 104/126/124 102/143/140
f 28/112/112 26/124/122 25/144/141
f 98/137/134 99/135/132 100/139/136
f 108/145/142 109/134/131 107/130/128
f 33/129/127 34/140/137 31/125/123
f 102/143/140 104/126/124 101/128/126
f 115/117/117 93/146/143 114/122/120
f 115/117/117 116/138/135 93/146/143
f 112/131/129 114/122/120 113/147/144
f 116/138/135 117/136/133 93/146/143
f 121/142/139 43/118/118 120/148/145
f 113/147/144 114/122/120 92/149/146
f 42/127/125 34/140/137 38/150/147
f 107/130/128 105/141/138 106/151/148
f 88/152/149 102/143/140 101/128/126
f 117/136/133 121/142/139 120/148/145
f 35/153/150 34/140/137 33/129/127
f 108/145/142 107/130/128 106/151/148
f 101/128/126 98/137/134 89/154/151
f 42/127/125 38/150/147 40/155/152
f 25/144/141 26/124/122 27/156/153
f 40/155/152 120/148/145 43/118/118
f 43/118/118 42/127/125 40/155/152
f 87/157/154 103/121/119 102/143/140
f 89/154/151 98/137/134 100/139/136
f 26/124/122 109/134/131 29/158/155
f 105/141/138 103/121/119 87/157/154
f 27/156/153 26/124/122 29/158/155
f 38/150/147 34/140/137 35/153/150
f 91/159/156 112/131/129 113/147/144
f 100/139/136 112/131/129 91/159/156
f 109/134/131 108/145/142 95/160/157
f 101/128/126 89/154/151 88/152/149
f 102/143/140 88/152/149 87/157/154
f 91/159/156 113/147/144 92/149/146
f 92/149/146 114/122/120 93/146/143
f 95/160/157 108/145/142 85/161/158
f 38/150/147 35/153/150 39/162/159
f 29/158/155 109/134/131 95/160/157
f 87/157/154 86/163/160 105/141/138
f 85/161/158 108/145/142 106/151/148
f 80/164/161 93/146/143 117/136/133
f 105/141/138 86/163/160 106/151/148
f 80/164/161 117/136/133 120/148/145
f 40/155/152 38/150/147 39/162/159
f 100/139/136 91/159/156 81/165/162
f 40/155/152 90/166/163 120/148/145
f 93/146/143 75/167/164 92/149/146
f 95/160/157 94/168/165 29/158/155
f 89/154/151 100/139/136 82/169/166
f 41/170/167 90/166/163 40/155/152
f 41/170/167 40/155/152 39/162/159
f 88/152/149 89/154/151 62/171/168
f 85/161/158 94/168/165 95/160/157
f 100/139/136 81/165/162 82/169/166
f 120/148/145 90/166/163 80/164/161
f 106/151/148 86/163/160 85/161/158
f 171/172/169 29/158/155 94/168/165
f 87/157/154 88/152/149 61/173/170
f 94/168/165 85/161/158 84/174/171
f 80/164/161 90/166/163 79/175/172
f 80/164/161 75/167/164 93/146/143
f 77/176/173 85/161/158 86/163/160
f 86/163/160 87/157/154 78/177/174
f 91/159/156 92/149/146 76/178/175
f 90/166/163 41/170/167 79/175/172
f 89/154/151 82/169/166 62/171/168
f 92/149/146 75/167/164 76/178/175
f 87/157/154 61/173/170 78/177/174
f 61/173/170 88/152/149 62/171/168
f 77/176/173 86/163/160 78/177/174
f 91/159/156 76/178/175 81/165/162
f 37/179/176 39/162/159 35/153/150
f 35/153/150 36/180/177 37/179/176
f 81/165/162 64/181/178 82/169/166
f 44/182/179 39/162/159 37/179/176
f 94/168/165 84/174/171 83/183/180
f 94/168/165 83/183/180 96/184/181
f 85/161/158 77/176/173 53/185/182
f 67/186/183 81/165/162 76/178/175
f 84/174/171 85/161/158 53/185/182
f 64/181/178 81/165/162 67/186/183
f 96/184/181 171/172/169 94/168/165
f 76/178/175 75/167/164 69/187/184
f 37/179/176 36/180/177 24/188/185
f 77/176/173 78/177/174 60/189/186
f 75/167/164 80/164/161 71/190/187
f 80/164/161 79/175/172 72/191/188
f 44/182/179 41/170/167 39/162/159
f 80/164/161 72/191/188 71/190/187
f 78/177/174 61/173/170 60/189/186
f 76/178/175 69/187/184 67/186/183
f 62/171/168 82/169/166 64/181/178
f 84/174/171 53/185/182 83/183/180
f 41/170/167 44/182/179 49/192/189
f 49/192/189 72/191/188 79/175/172
f 79/175/172 41/170/167 49/192/189
f 44/182/179 37/179/176 24/188/185
f 61/173/170 57/193/190 60/189/186
f 96/184/181 83/183/180 97/194/191
f 64/181/178 67/186/183 66/195/192
f 77/176/173 60/189/186 54/196/193
f 75/167/164 71/190/187 69/187/184
f 62/171/168 59/197/194 61/173/170
f 83/183/180 53/185/182 51/198/195
f 60/189/186 57/193/190 54/196/193
f 68/199/196 67/186/183 69/187/184
f 22/200/197 44/182/179 24/188/185
f 72/191/188 49/192/189 74/201/198
f 77/176/173 54/196/193 53/185/182
f 63/202/199 62/171/168 64/181/178
f 97/194/191 83/183/180 51/198/195
f 24/188/185 23/203/200 22/200/197
f 69/187/184 71/190/187 70/204/201
f 61/173/170 59/197/194 57/193/190
f 44/182/179 48/205/202 49/192/189
f 70/204/201 71/190/187 72/191/188
f 44/182/179 22/200/197 45/206/203
f 48/205/202 44/182/179 45/206/203
f 59/197/194 62/171/168 63/202/199
f 64/181/178 66/195/192 65/207/204
f 74/201/198 49/192/189 48/205/202
f 51/198/195 50/208/205 97/194/191
f 64/181/178 65/207/204 63/202/199
f 66/195/192 67/186/183 68/199/196
f 74/201/198 48/205/202 73/209/206
f 73/209/206 72/191/188 74/201/198
f 51/198/195 53/185/182 52/210/207
f 57/193/190 59/197/194 58/211/208
f 50/208/205 51/198/195 52/210/207
f 54/196/193 57/193/190 56/212/209
f 48/205/202 45/206/203 47/213/210
f 57/193/190 58/211/208 56/212/209
f 73/209/206 70/204/201 72/191/188
f 47/213/210 45/206/203 46/214/211
f 69/187/184 70/204/201 68/199/196
f 73/209/206 48/205/202 47/213/210
f 53/185/182 54/196/193 52/210/207
f 46/214/211 45/206/203 22/200/197
f 21/215/212 22/200/197 23/203/200
f 54/196/193 56/212/209 55/216/213
f 52/210/207 54/196/193 55/216/213
f 211/217/1 212/218/3 384/219/214
f 383/220/215 384/219/214 212/218/3
f 382/221/216 383/220/215 212/218/3
f 382/221/216 385/222/217 383/220/215
f 385/222/217 382/221/216 386/223/218
f 386/223/218 382/221/216 397/224/219
f 400/225/220 385/222/217 386/223/218
f 386/223/218 397/224/219 396/226/221
f 386/223/218 398/227/222 400/225/220
f 396/226/221 398/227/222 386/223/218
f 397/224/219 394/228/223 396/226/221
f 398/227/222 396/226/221 395/229/224
f 394/228/223 395/229/224 396/226/221
f 398/227/222 395/229/224 399/230/225
f 391/231/226 394/228/223 390/232/227
f 395/229/224 394/228/223 391/231/226
f 365/233/228 361/234/229 362/235/230
f 16/236/14 242/237/231 241/238/232
f 362/235/230 364/239/233 365/233/228
f 362/235/230 361/234/229 359/240/234
f 362/235/230 359/240/234 363/241/235
f 17/242/19 242/237/231 16/236/14
f 393/243/236 395/229/224 391/231/226
f 390/232/227 389/244/237 391/231/226
f 359/240/234 361/234/229 360/245/238
f 391/231/226 389/244/237 393/243/236
f 240/246/239 241/238/232 242/237/231
f 17/242/19 247/247/240 242/237/231
f 365/233/228 366/248/241 361/234/229
f 387/249/242 378/250/243 388/251/244
f 387/249/242 389/244/237 390/232/227
f 399/230/225 395/229/224 372/252/245
f 375/253/246 378/250/243 377/254/247
f 387/249/242 388/251/244 389/244/237
f 372/252/245 395/229/224 393/243/236
f 388/251/244 392/255/248 389/244/237
f 376/256/249 375/253/246 377/254/247
f 374/257/250 366/248/241 365/233/228
f 374/257/250 365/233/228 364/239/233
f 361/234/229 366/248/241 360/245/238
f 392/255/248 393/243/236 389/244/237
f 243/258/251 240/246/239 242/237/231
f 358/259/252 359/240/234 360/245/238
f 376/256/249 374/257/250 375/253/246
f 360/245/238 366/248/241 368/260/253
f 375/253/246 374/257/250 364/239/233
f 376/256/249 369/261/254 374/257/250
f 178/262/42 308/263/255 179/264/31
f 308/263/255 17/242/19 179/264/31
f 177/265/54 306/266/256 178/262/42
f 177/265/54 182/267/64 306/266/256
f 358/259/252 360/245/238 370/268/257
f 392/255/248 371/269/258 393/243/236
f 393/243/236 371/269/258 372/252/245
f 308/263/255 247/247/240 17/242/19
f 360/245/238 368/260/253 370/268/257
f 243/258/251 242/237/231 246/270/259
f 294/271/260 182/267/64 181/272/39
f 309/273/261 247/247/240 308/263/255
f 301/274/262 184/275/45 190/276/51
f 173/277/32 300/278/263 183/279/53
f 300/278/263 173/277/32 172/280/52
f 307/281/264 308/263/255 178/262/42
f 374/257/250 369/261/254 366/248/241
f 369/261/254 376/256/249 379/282/265
f 183/279/53 294/271/260 181/272/39
f 301/274/262 172/280/52 184/275/45
f 302/283/266 186/284/41 187/285/28
f 376/256/249 380/286/267 379/282/265
f 246/270/259 242/237/231 247/247/240
f 294/271/260 304/287/268 182/267/64
f 307/281/264 178/262/42 306/266/256
f 304/287/268 306/266/256 182/267/64
f 300/278/263 299/288/269 183/279/53
f 307/281/264 309/273/261 308/263/255
f 302/283/266 187/285/28 191/289/76
f 371/269/258 392/255/248 370/268/257
f 238/290/270 189/291/67 2/292/71
f 379/282/265 380/286/267 381/293/271
f 306/266/256 304/287/268 307/281/264
f 370/268/257 311/294/272 371/269/258
f 311/294/272 372/252/245 371/269/258
f 307/281/264 310/295/273 309/273/261
f 299/288/269 294/271/260 183/279/53
f 370/268/257 368/260/253 311/294/272
f 309/273/261 310/295/273 305/296/274
f 186/284/41 302/283/266 190/276/51
f 300/278/263 172/280/52 301/274/262
f 366/248/241 367/297/275 368/260/253
f 247/247/240 309/273/261 248/298/276
f 300/278/263 301/274/262 287/299/277
f 246/270/259 247/247/240 248/298/276
f 309/273/261 305/296/274 248/298/276
f 368/260/253 367/297/275 311/294/272
f 381/293/271 249/300/278 379/282/265
f 292/301/279 191/289/76 189/291/67
f 298/302/280 302/283/266 191/289/76
f 238/290/270 292/301/279 189/291/67
f 287/299/277 288/303/281 300/278/263
f 244/304/282 243/258/251 246/270/259
f 249/305/278 250/306/283 251/307/284
f 293/308/285 248/298/276 305/296/274
f 284/309/286 301/274/262 190/276/51
f 284/309/286 287/299/277 301/274/262
f 251/307/284 250/306/283 304/287/268
f 249/300/278 369/261/254 379/282/265
f 300/278/263 288/303/281 299/288/269
f 303/310/287 249/300/278 251/311/284
f 292/301/279 298/302/280 191/289/76
f 291/312/288 248/298/276 293/308/285
f 283/313/289 302/283/266 298/302/280
f 299/288/269 289/314/290 294/271/260
f 245/315/291 355/316/292 243/258/251
f 302/283/266 282/317/293 190/276/51
f 304/287/268 295/318/294 251/307/284
f 244/304/282 245/315/291 243/258/251
f 248/298/276 244/304/282 246/270/259
f 304/287/268 294/271/260 295/318/294
f 2/292/71 236/319/295 238/290/270
f 303/310/287 366/248/241 369/261/254
f 293/308/285 311/320/272 291/312/288
f 238/290/270 236/319/295 292/301/279
f 366/248/241 303/310/287 367/297/275
f 369/261/254 249/300/278 303/310/287
f 288/303/281 289/314/290 299/288/269
f 283/313/289 282/317/293 302/283/266
f 292/301/279 285/321/296 298/302/280
f 367/297/275 373/322/297 311/294/272
f 283/313/289 298/302/280 285/321/296
f 303/323/287 251/307/284 295/318/294
f 267/324/298 285/321/296 292/301/279
f 311/294/272 373/322/297 291/325/288
f 373/322/297 367/297/275 290/326/299
f 290/326/299 367/297/275 303/310/287
f 282/317/293 284/309/286 190/276/51
f 291/312/288 281/327/300 248/298/276
f 303/323/287 279/328/301 290/329/299
f 290/326/299 291/325/288 373/322/297
f 303/323/287 295/318/294 279/328/301
f 354/330/302 355/316/292 245/315/291
f 236/319/295 2/292/71 234/331/303
f 281/327/300 244/304/282 248/298/276
f 294/271/260 277/332/304 295/318/294
f 280/333/305 291/312/288 290/329/299
f 267/324/298 292/301/279 236/319/295
f 280/333/305 290/329/299 279/328/301
f 282/317/293 258/334/306 284/309/286
f 285/321/296 268/335/307 283/313/289
f 280/333/305 281/327/300 291/312/288
f 284/309/286 252/336/308 287/299/277
f 289/314/290 288/303/281 278/337/309
f 234/331/303 235/338/310 236/319/295
f 289/314/290 277/332/304 294/271/260
f 295/318/294 277/332/304 279/328/301
f 267/324/298 268/335/307 285/321/296
f 288/303/281 287/299/277 254/339/311
f 245/315/291 230/340/312 354/330/302
f 284/309/286 257/341/313 252/336/308
f 273/342/314 280/333/305 279/328/301
f 258/334/306 257/341/313 284/309/286
f 252/336/308 254/339/311 287/299/277
f 278/337/309 277/332/304 289/314/290
f 235/338/310 267/324/298 236/319/295
f 268/335/307 264/343/315 283/313/289
f 264/343/315 282/317/293 283/313/289
f 244/304/282 231/344/316 245/315/291
f 278/337/309 288/303/281 254/339/311
f 281/327/300 231/344/316 244/304/282
f 281/327/300 280/333/305 276/345/317
f 231/344/316 230/340/312 245/315/291
f 252/336/308 253/346/318 254/339/311
f 282/317/293 264/343/315 263/347/319
f 263/347/319 258/334/306 282/317/293
f 231/344/316 281/327/300 276/345/317
f 273/342/314 274/348/320 280/333/305
f 237/349/321 235/338/310 234/331/303
f 274/348/320 276/345/317 280/333/305
f 260/350/322 278/337/309 254/339/311
f 277/332/304 278/337/309 260/350/322
f 277/332/304 271/351/323 279/328/301
f 271/351/323 277/332/304 260/350/322
f 257/341/313 258/334/306 256/352/324
f 279/328/301 271/351/323 273/342/314
f 253/346/318 252/336/308 255/353/325
f 256/352/324 252/336/308 257/341/313
f 253/346/318 259/354/326 254/339/311
f 254/339/311 259/354/326 260/350/322
f 264/343/315 268/335/307 267/324/298
f 219/355/327 235/338/310 237/349/321
f 272/356/328 274/348/320 273/342/314
f 275/357/329 231/344/316 276/345/317
f 230/340/312 231/344/316 229/358/330
f 255/353/325 252/336/308 256/352/324
f 271/351/323 272/356/328 273/342/314
f 261/359/331 256/352/324 258/334/306
f 286/360/332 259/354/326 253/346/318
f 260/350/322 270/361/333 271/351/323
f 258/334/306 263/347/319 262/362/334
f 239/363/335 267/324/298 235/338/310
f 258/334/306 262/362/334 261/359/331
f 239/363/335 266/364/336 267/324/298
f 274/348/320 275/357/329 276/345/317
f 230/340/312 356/365/337 354/330/302
f 270/361/333 272/356/328 271/351/323
f 260/350/322 269/366/338 270/361/333
f 269/366/338 260/350/322 259/354/326
f 229/358/330 231/344/316 275/357/329
f 267/324/298 266/364/336 264/343/315
f 228/367/339 356/365/337 230/340/312
f 239/363/335 235/338/310 219/355/327
f 264/343/315 262/362/334 263/347/319
f 229/358/330 228/367/339 230/340/312
f 253/346/318 255/353/325 286/360/332
f 261/359/331 296/368/340 256/352/324
f 272/356/328 275/357/329 274/348/320
f 265/369/341 262/362/334 264/343/315
f 220/370/342 239/363/335 219/355/327
f 266/364/336 265/369/341 264/343/315
f 256/352/324 297/371/343 255/353/325
f 269/366/338 339/372/344 270/361/333
f 336/373/345 272/356/328 270/361/333
f 239/363/335 220/370/342 266/364/336
f 255/353/325 297/371/343 286/360/332
f 262/362/334 265/369/341 342/374/346
f 286/360/332 333/375/347 259/354/326
f 296/368/340 297/371/343 256/352/324
f 339/372/344 336/373/345 270/361/333
f 338/376/348 275/357/329 272/356/328
f 228/367/339 357/377/349 356/365/337
f 259/354/326 339/372/344 269/366/338
f 262/362/334 322/378/350 261/359/331
f 272/356/328 336/373/345 338/376/348
f 275/357/329 338/376/348 341/379/351
f 265/369/341 266/364/336 332/380/352
f 228/367/339 229/358/330 227/381/353
f 332/380/352 266/364/336 220/370/342
f 296/368/340 261/359/331 322/378/350
f 297/371/343 329/382/354 286/360/332
f 218/383/355 220/370/342 219/355/327
f 322/378/350 326/384/356 296/368/340
f 296/368/340 326/384/356 297/371/343
f 333/375/347 339/372/344 259/354/326
f 275/357/329 341/379/351 229/358/330
f 220/370/342 218/383/355 332/380/352
f 333/375/347 286/360/332 329/382/354
f 226/385/357 357/377/349 228/367/339
f 334/386/358 339/372/344 333/375/347
f 325/387/359 342/374/346 265/369/341
f 342/374/346 324/388/360 262/362/334
f 297/371/343 327/389/361 329/382/354
f 229/358/330 341/379/351 227/381/353
f 324/388/360 322/378/350 262/362/334
f 333/375/347 329/382/354 330/390/362
f 334/386/358 336/373/345 339/372/344
f 226/385/357 228/367/339 227/381/353
f 297/371/343 326/384/356 327/389/361
f 325/387/359 324/388/360 342/374/346
f 265/369/341 332/380/352 325/387/359
f 218/383/355 219/355/327 216/391/363
f 221/392/364 226/385/357 227/381/353
f 338/376/348 340/393/365 341/379/351
f 330/390/362 331/394/366 333/375/347
f 327/389/361 328/395/367 329/382/354
f 331/394/366 334/386/358 333/375/347
f 338/376/348 336/373/345 337/396/368
f 323/397/369 327/389/361 326/384/356
f 328/395/367 330/390/362 329/382/354
f 340/393/365 338/376/348 337/396/368
f 322/378/350 323/397/369 326/384/356
f 227/381/353 341/379/351 340/393/365
f 332/380/352 218/383/355 315/398/370
f 357/377/349 226/385/357 351/399/371
f 340/393/365 221/392/364 227/381/353
f 328/395/367 331/394/366 330/390/362
f 324/388/360 318/400/372 322/378/350
f 334/386/358 335/401/373 336/373/345
f 226/385/357 221/392/364 223/402/374
f 332/380/352 315/398/370 325/387/359
f 318/400/372 320/403/375 322/378/350
f 323/397/369 328/395/367 327/389/361
f 334/386/358 331/394/366 335/401/373
f 351/399/371 226/385/357 223/402/374
f 218/383/355 216/391/363 215/404/376
f 315/398/370 316/405/377 325/387/359
f 324/388/360 325/387/359 316/405/377
f 350/406/378 221/392/364 340/393/365
f 340/393/365 337/396/368 350/406/378
f 322/378/350 321/407/379 323/397/369
f 320/403/375 321/407/379 322/378/350
f 324/388/360 316/405/377 318/400/372
f 328/395/367 349/408/380 331/394/366
f 221/392/364 222/409/381 223/402/374
f 350/406/378 222/409/381 221/392/364
f 214/410/382 215/404/376 216/391/363
f 223/402/374 222/409/381 224/411/383
f 319/412/384 320/403/375 318/400/372
f 336/373/345 335/401/373 337/396/368
f 348/413/385 335/401/373 331/394/366
f 218/383/355 314/414/386 315/398/370
f 316/405/377 315/398/370 313/415/387
f 319/412/384 321/407/379 320/403/375
f 223/402/374 224/411/383 351/399/371
f 318/400/372 316/405/377 317/416/388
f 215/404/376 314/414/386 218/383/355
f 316/405/377 313/415/387 317/416/388
f 349/408/380 348/413/385 331/394/366
f 350/406/378 337/396/368 346/417/389
f 351/399/371 224/411/383 352/418/390
f 351/399/371 352/418/390 353/419/391
f 350/406/378 346/417/389 222/409/381
f 349/408/380 328/395/367 323/397/369
f 347/420/392 335/401/373 348/413/385
f 318/400/372 317/416/388 319/412/384
f 335/401/373 347/420/392 337/396/368
f 346/417/389 225/421/393 222/409/381
f 315/398/370 314/414/386 313/415/387
f 337/396/368 344/422/394 346/417/389
f 222/409/381 225/421/393 224/411/383
f 314/414/386 215/404/376 217/423/395
f 345/424/396 225/421/393 346/417/389
f 313/415/387 312/425/397 317/416/388
f 224/411/383 233/426/398 352/418/390
f 344/422/394 345/424/396 346/417/389
f 225/421/393 232/427/399 224/411/383
f 233/426/398 224/411/383 232/427/399
f 215/404/376 214/410/382 217/423/395
f 312/425/397 313/415/387 314/414/386
f 225/421/393 345/424/396 232/427/399
f 337/396/368 347/420/392 344/422/394
f 314/414/386 217/423/395 343/428/400
f 401/429/401 212/430/3 210/431/2
f 401/429/401 210/431/2 213/432/5
f 408/433/402 382/434/216 212/430/3
f 212/430/3 401/429/401 402/435/403
f 408/433/402 212/430/3 402/435/403
f 213/432/5 403/436/404 401/429/401
f 195/437/7 207/438/9 213/432/5
f 409/439/405 408/433/402 402/435/403
f 402/435/403 401/429/401 403/436/404
f 408/433/402 397/440/219 382/434/216
f 404/441/406 403/436/404 213/432/5
f 213/432/5 207/438/9 404/441/406
f 410/442/407 397/440/219 408/433/402
f 408/433/402 409/439/405 410/442/407
f 405/443/408 403/436/404 404/441/406
f 397/440/219 410/442/407 394/444/223
f 207/438/9 203/445/11 404/441/406
f 394/444/223 410/442/407 411/446/409
f 405/443/408 404/441/406 208/447/22
f 404/441/406 203/445/11 208/447/22
f 208/447/22 406/448/410 405/443/408
f 390/449/227 394/444/223 411/446/409
f 205/450/12 208/447/22 203/445/11
f 406/448/410 208/447/22 407/451/411
f 208/447/22 201/452/21 407/451/411
f 411/446/409 412/453/412 390/449/227
f 384/454/214 413/455/413 211/456/1
f 194/457/6 211/456/1 413/455/413
f 384/454/214 383/458/215 426/459/414
f 426/459/414 383/458/215 385/460/217
f 384/454/214 414/461/415 413/455/413
f 384/454/214 426/459/414 414/461/415
f 415/462/416 192/463/8 194/457/6
f 413/455/413 415/462/416 194/457/6
f 415/462/416 413/455/413 414/461/415
f 415/462/416 414/461/415 417/464/417
f 400/465/220 426/459/414 385/460/217
f 414/461/415 426/459/414 425/466/418
f 416/467/419 192/463/8 415/462/416
f 425/466/418 424/468/420 414/461/415
f 423/469/421 414/461/415 424/468/420
f 423/469/421 417/464/417 414/461/415
f 204/470/10 192/463/8 416/467/419
f 425/466/418 426/459/414 427/471/422
f 416/467/419 415/462/416 417/464/417
f 427/471/422 426/459/414 400/465/220
f 416/467/419 417/464/417 418/472/423
f 427/471/422 400/465/220 428/473/424
f 428/473/424 429/474/425 427/471/422
f 398/475/222 428/473/424 400/465/220
f 418/472/423 417/464/417 419/476/426
f 428/473/424 398/475/222 399/477/225
f 416/467/419 420/478/427 206/479/13
f 204/470/10 416/467/419 206/479/13
f 418/472/423 420/478/427 416/467/419
f 430/480/428 428/473/424 399/477/225
f 430/480/428 429/474/425 428/473/424
f 418/472/423 419/476/426 421/481/429
f 418/472/423 421/481/429 420/478/427
f 430/480/428 399/477/225 432/482/430
f 206/479/13 420/478/427 421/481/429
f 431/483/431 429/474/425 430/480/428
f 372/484/245 432/482/430 399/477/225
f 206/479/13 421/481/429 422/485/432
f 431/483/431 430/480/428 305/486/274
f 430/480/428 432/482/430 305/486/274
f 431/483/431 305/486/274 310/487/273
f 372/484/245 293/488/285 432/482/430
f 422/485/432 169/489/90 132/490/111
f 311/491/272 293/488/285 372/484/245
f 305/486/274 432/482/430 293/488/285
f 132/490/111 206/479/13 422/485/432
f 132/490/111 119/492/98 206/479/13
f 402/493/403 433/494/433 409/495/405
f 438/496/434 402/493/403 403/497/404
f 402/493/403 434/498/435 433/494/433
f 438/496/434 434/498/435 402/493/403
f 435/499/436 409/495/405 433/494/433
f 438/496/434 403/497/404 440/500/437
f 435/499/436 433/494/433 434/498/435
f 438/496/434 437/501/438 434/498/435
f 437/501/438 435/499/436 434/498/435
f 435/499/436 437/501/438 424/502/420
f 439/503/439 437/501/438 438/496/434
f 409/495/405 435/499/436 436/504/440
f 435/499/436 424/502/420 425/505/418
f 409/495/405 441/506/441 410/507/407
f 425/505/418 436/504/440 435/499/436
f 424/502/420 437/501/438 423/508/421
f 437/501/438 439/503/439 423/508/421
f 440/500/437 439/503/439 438/496/434
f 441/506/441 409/495/405 436/504/440
f 423/508/421 439/503/439 417/509/417
f 436/504/440 425/505/418 427/510/422
f 427/510/422 441/506/441 436/504/440
f 439/503/439 440/500/437 417/509/417
f 440/511/437 403/512/404 405/513/408
f 440/511/437 419/514/426 417/515/417
f 406/516/410 442/517/442 405/513/408
f 442/517/442 440/511/437 405/513/408
f 419/514/426 440/511/437 442/517/442
f 421/518/429 419/514/426 422/519/432
f 170/520/88 406/516/410 407/521/411
f 170/520/88 442/517/442 406/516/410
f 419/514/426 442/517/442 422/519/432
f 170/520/88 169/522/90 442/517/442
f 169/522/90 422/519/432 442/517/442
f 443/523/443 410/524/407 441/525/441
f 429/526/425 441/525/441 427/527/422
f 441/525/441 429/526/425 443/523/443
f 443/523/443 411/528/409 410/524/407
f 444/529/444 411/528/409 443/523/443
f 429/526/425 444/529/444 443/523/443
f 387/530/242 390/531/227 412/532/412
f 429/526/425 431/533/431 444/529/444
f 378/534/243 387/530/242 377/535/247
f 377/535/247 446/536/445 447/537/446
f 387/530/242 446/536/445 377/535/247
f 444/529/444 412/532/412 411/528/409
f 380/538/267 376/539/249 377/535/247
f 380/538/267 377/535/247 447/537/446
f 444/529/444 431/533/431 310/540/273
f 387/530/242 412/532/412 446/536/445
f 250/541/283 446/536/445 307/542/264
f 412/532/412 444/529/444 445/543/447
f 445/543/447 446/536/445 412/532/412
f 444/529/444 310/540/273 445/543/447
f 380/538/267 447/537/446 381/544/271
f 446/536/445 445/543/447 307/542/264
f 307/542/264 445/543/447 310/540/273
f 304/545/268 250/541/283 307/542/264
f 448/546/448 449/547/449 450/548/450
f 449/547/449 452/549/451 450/548/450
f 450/548/450 453/550/452 448/546/448
f 449/547/449 448/546/448 451/551/453
f 450/548/450 452/549/451 454/552/454
f 451/551/453 448/546/448 455/553/455
f 364/554/233 362/555/230 363/556/235
f 378/557/243 364/554/233 363/556/235
f 388/558/244 378/557/243 363/556/235
f 378/557/243 375/559/246 364/554/233
f 241/560/232 456/561/456 16/562/14
f 16/562/14 456/561/456 20/563/15
f 19/564/18 20/563/15 458/565/457
f 457/566/458 456/561/456 241/560/232
f 240/567/239 457/566/458 241/560/232
f 20/563/15 456/561/456 458/565/457
f 458/565/457 459/568/459 19/564/18
f 19/564/18 459/568/459 18/569/23
f 466/570/460 457/566/458 240/567/239
f 32/571/85 18/569/23 459/568/459
f 243/572/251 466/570/460 240/567/239
f 459/568/459 460/573/461 32/571/85
f 466/570/460 243/572/251 355/574/292
f 355/574/292 467/575/462 466/570/460
f 460/573/461 461/576/463 32/571/85
f 461/576/463 33/577/127 32/571/85
f 467/575/462 355/574/292 354/578/302
f 461/576/463 462/579/464 33/577/127
f 354/578/302 468/580/465 467/575/462
f 35/581/150 33/577/127 462/579/464
f 462/579/464 36/582/177 35/581/150
f 354/578/302 356/583/337 468/580/465
f 462/579/464 463/584/466 36/582/177
f 468/580/465 356/583/337 469/585/467
f 357/586/349 469/585/467 356/583/337
f 470/587/468 468/580/465 469/585/467
f 23/588/200 36/582/177 463/584/466
f 24/589/185 36/582/177 23/588/200
f 471/590/469 470/587/468 469/585/467
f 471/590/469 472/591/470 470/587/468
f 471/590/469 469/585/467 357/586/349
f 471/590/469 357/586/349 351/592/371
f 471/590/469 351/592/371 353/593/391
f 473/594/471 472/591/470 471/590/469
f 570/595/472 572/596/473 571/597/474
f 463/584/466 464/598/475 23/588/200
f 568/599/476 570/595/472 571/597/474
f 473/594/471 471/590/469 353/593/391
f 473/594/471 475/600/477 477/601/478
f 473/594/471 353/593/391 474/602/479
f 473/594/471 474/602/479 475/600/477
f 475/600/477 478/603/480 477/601/478
f 568/599/476 569/604/481 570/595/472
f 353/593/391 352/605/390 474/602/479
f 23/588/200 464/598/475 21/606/212
f 480/607/482 487/608/483 568/599/476
f 568/599/476 487/608/483 569/604/481
f 478/603/480 479/609/484 480/607/482
f 479/609/484 478/603/480 475/600/477
f 464/598/475 465/610/485 21/606/212
f 474/602/479 476/611/486 475/600/477
f 352/605/390 559/612/487 474/602/479
f 479/609/484 484/613/488 480/607/482
f 480/607/482 484/613/488 487/608/483
f 476/611/486 481/614/489 475/600/477
f 479/609/484 475/600/477 481/614/489
f 476/611/486 474/602/479 559/612/487
f 479/609/484 481/614/489 482/615/490
f 484/613/488 479/609/484 482/615/490
f 487/608/483 484/613/488 485/616/491
f 482/615/490 485/616/491 484/613/488
f 559/612/487 494/617/492 476/611/486
f 488/618/493 487/608/483 485/616/491
f 481/614/489 476/611/486 494/617/492
f 559/612/487 558/619/494 494/617/492
f 482/615/490 481/614/489 483/620/495
f 481/614/489 494/617/492 483/620/495
f 486/621/496 488/618/493 485/616/491
f 485/616/491 482/615/490 486/621/496
f 489/622/497 488/618/493 486/621/496
f 558/619/494 496/623/498 494/617/492
f 483/620/495 494/617/492 493/624/499
f 494/617/492 496/623/498 493/624/499
f 482/615/490 483/620/495 486/621/496
f 490/625/500 489/622/497 486/621/496
f 558/619/494 557/626/501 496/623/498
f 491/627/502 486/621/496 483/620/495
f 483/620/495 493/624/499 491/627/502
f 491/627/502 490/625/500 486/621/496
f 557/626/501 556/628/503 496/623/498
f 556/628/503 498/629/504 496/623/498
f 493/624/499 496/623/498 495/630/505
f 491/627/502 493/624/499 495/630/505
f 498/629/504 495/630/505 496/623/498
f 492/631/506 490/625/500 491/627/502
f 490/625/500 492/631/506 503/632/507
f 491/627/502 495/630/505 497/633/508
f 554/634/509 553/635/510 556/628/503
f 556/628/503 553/635/510 498/629/504
f 497/633/508 495/630/505 498/629/504
f 491/627/502 497/633/508 492/631/506
f 492/631/506 497/633/508 499/636/511
f 498/629/504 553/635/510 497/633/508
f 503/632/507 492/631/506 501/637/512
f 497/633/508 500/638/513 499/636/511
f 550/639/514 553/635/510 554/634/509
f 497/633/508 553/635/510 551/640/515
f 499/636/511 501/637/512 492/631/506
f 553/635/510 550/639/514 551/640/515
f 551/640/515 552/641/516 497/633/508
f 550/639/514 548/642/517 551/640/515
f 497/633/508 552/641/516 500/638/513
f 501/637/512 499/636/511 502/643/518
f 549/644/519 548/642/517 550/639/514
f 552/641/516 551/640/515 548/642/517
f 501/637/512 502/643/518 504/645/520
f 502/643/518 499/636/511 500/638/513
f 506/646/521 502/643/518 500/638/513
f 552/641/516 548/642/517 545/647/522
f 500/638/513 552/641/516 506/646/521
f 552/641/516 545/647/522 506/646/521
f 502/643/518 505/648/523 504/645/520
f 547/649/524 548/642/517 549/644/519
f 506/646/521 505/648/523 502/643/518
f 504/645/520 505/648/523 507/650/525
f 545/647/522 548/642/517 544/651/526
f 547/649/524 544/651/526 548/642/517
f 506/646/521 545/647/522 555/652/527
f 546/653/528 544/651/526 547/649/524
f 542/654/529 545/647/522 544/651/526
f 545/647/522 542/654/529 555/652/527
f 506/646/521 510/655/530 505/648/523
f 506/646/521 555/652/527 519/656/531
f 543/657/532 544/651/526 546/653/528
f 505/648/523 510/655/530 508/658/533
f 508/658/533 507/650/525 505/648/523
f 506/646/521 519/656/531 510/655/530
f 508/658/533 509/659/534 507/650/525
f 542/654/529 544/651/526 543/657/532
f 542/654/529 519/656/531 555/652/527
f 508/658/533 510/655/530 511/660/535
f 513/661/536 509/659/534 508/658/533
f 510/655/530 512/662/537 511/660/535
f 510/655/530 519/656/531 512/662/537
f 511/660/535 513/661/536 508/658/533
f 541/663/538 519/656/531 542/654/529
f 539/664/539 542/654/529 543/657/532
f 543/657/532 540/665/540 539/664/539
f 541/663/538 542/654/529 539/664/539
f 514/666/541 513/661/536 511/660/535
f 519/656/531 541/663/538 518/667/542
f 512/662/537 516/668/543 511/660/535
f 519/656/531 518/667/542 512/662/537
f 516/668/543 512/662/537 518/667/542
f 515/669/544 513/661/536 514/666/541
f 516/668/543 514/666/541 511/660/535
f 539/664/539 540/665/540 538/670/545
f 518/667/542 541/663/538 521/671/546
f 521/671/546 541/663/538 539/664/539
f 539/664/539 537/672/547 521/671/546
f 517/673/548 515/669/544 514/666/541
f 518/667/542 520/674/549 516/668/543
f 520/674/549 518/667/542 521/671/546
f 539/664/539 538/670/545 537/672/547
f 517/673/548 514/666/541 516/668/543
f 525/675/550 515/669/544 517/673/548
f 537/672/547 530/676/551 521/671/546
f 520/674/549 522/677/552 516/668/543
f 535/678/553 530/676/551 537/672/547
f 521/671/546 530/676/551 520/674/549
f 538/670/545 535/678/553 537/672/547
f 522/677/552 517/673/548 516/668/543
f 524/679/554 526/680/555 525/675/550
f 524/679/554 525/675/550 517/673/548
f 530/676/551 529/681/556 520/674/549
f 535/678/553 529/681/556 530/676/551
f 522/677/552 520/674/549 523/682/557
f 524/679/554 517/673/548 522/677/552
f 523/682/557 524/679/554 522/677/552
f 533/683/558 535/678/553 536/684/559
f 535/678/553 533/683/558 529/681/556
f 520/674/549 529/681/556 523/682/557
f 526/680/555 524/679/554 527/685/560
f 528/686/561 527/685/560 524/679/554
f 523/682/557 529/681/556 531/687/562
f 533/683/558 532/688/563 529/681/556
f 529/681/556 532/688/563 531/687/562
f 533/683/558 534/689/564 532/688/563
f 536/684/559 534/689/564 533/683/558
f 560/690/565 561/691/566 532/688/563
f 532/688/563 534/689/564 560/690/565
f 562/692/567 561/691/566 560/690/565
f 560/690/565 563/693/568 562/692/567
f 563/693/568 564/694/569 562/692/567
f 563/693/568 565/695/570 564/694/569
f 563/693/568 566/696/571 565/695/570
f 565/695/570 566/696/571 567/697/572
f 197/698/63 449/699/449 451/700/453
f 449/699/449 573/701/573 452/702/451
f 573/701/573 449/699/449 197/698/63
f 573/701/573 454/703/454 452/702/451
f 197/698/63 451/700/453 455/704/455
f 573/701/573 197/698/63 196/705/66
f 573/701/573 574/706/574 454/703/454
f 199/707/89 573/701/573 196/705/66
f 574/706/574 573/701/573 199/707/89
f 200/708/95 574/706/574 199/707/89
f 575/709/575 450/710/450 454/711/454
f 453/712/452 450/710/450 575/709/575
f 575/709/575 576/713/576 453/712/452
f 576/713/576 448/714/448 453/712/452
f 455/715/455 448/714/448 576/713/576
f 454/711/454 574/716/574 575/709/575
f 576/713/576 575/709/575 574/716/574
f 201/717/21 577/718/577 407/719/411
f 455/720/455 201/717/21 197/721/63
f 579/722/578 578/723/579 577/718/577
f 201/717/21 455/720/455 577/718/577
f 578/723/579 407/719/411 577/718/577
f 407/719/411 578/723/579 170/724/88
f 363/725/235 359/726/234 392/727/248
f 388/728/244 363/725/235 392/727/248
f 359/726/234 358/729/252 392/727/248
f 392/727/248 358/729/252 370/730/257
f 576/731/576 577/732/577 455/733/455
f 576/731/576 580/734/580 577/732/577
f 580/734/580 576/731/576 581/735/581
f 574/736/574 581/735/581 576/731/576
f 200/737/95 582/738/582 574/736/574
f 581/735/581 574/736/574 582/738/582
f 582/738/582 583/739/583 581/735/581
f 250/740/283 447/741/446 446/742/445
f 447/741/446 250/740/283 381/743/271
f 249/744/278 381/743/271 250/740/283
f 584/745/584 458/746/457 456/747/456
f 458/746/457 586/748/585 459/749/459
f 456/747/456 457/750/458 585/751/586
f 457/750/458 618/752/587 585/751/586
f 584/745/584 456/747/456 585/751/586
f 633/753/588 584/745/584 585/751/586
f 584/745/584 586/748/585 458/746/457
f 585/751/586 618/752/587 633/753/588
f 626/754/589 586/748/585 584/745/584
f 633/753/588 622/755/590 584/745/584
f 618/752/587 457/750/458 613/756/591
f 622/755/590 626/754/589 584/745/584
f 633/753/588 623/757/592 622/755/590
f 460/758/461 459/749/459 586/748/585
f 633/753/588 618/752/587 637/759/593
f 618/752/587 616/760/594 637/759/593
f 614/761/595 618/752/587 613/756/591
f 636/762/596 637/759/593 616/760/594
f 614/761/595 616/760/594 618/752/587
f 636/762/596 621/763/597 641/764/598
f 623/757/592 641/764/598 621/763/597
f 622/755/590 625/765/599 626/754/589
f 617/766/600 636/762/596 616/760/594
f 617/766/600 624/767/601 636/762/596
f 624/767/601 621/763/597 636/762/596
f 621/763/597 624/767/601 622/755/590
f 625/765/599 627/768/602 626/754/589
f 614/761/595 615/769/603 616/760/594
f 616/760/594 615/769/603 617/766/600
f 609/770/604 613/756/591 457/750/458
f 624/767/601 625/765/599 622/755/590
f 627/768/602 586/748/585 626/754/589
f 457/750/458 466/771/460 609/770/604
f 643/772/605 644/773/606 636/774/596
f 638/775/607 624/767/601 617/766/600
f 643/772/605 636/774/596 641/776/598
f 642/777/608 643/772/605 641/776/598
f 630/778/609 625/765/599 624/767/601
f 630/778/609 624/767/601 638/775/607
f 632/779/610 460/758/461 586/748/585
f 638/775/607 617/766/600 615/769/603
f 615/769/603 610/780/611 620/781/612
f 610/780/611 615/769/603 614/761/595
f 627/768/602 632/779/610 586/748/585
f 638/775/607 615/769/603 640/782/613
f 640/782/613 639/783/614 638/775/607
f 639/783/614 630/778/609 638/775/607
f 625/765/599 628/784/615 627/768/602
f 644/773/606 643/772/605 645/785/616
f 644/773/606 645/785/616 647/786/617
f 643/772/605 642/777/608 646/787/618
f 645/785/616 646/787/618 647/786/617
f 614/761/595 613/756/591 608/788/619
f 643/772/605 646/787/618 645/785/616
f 608/788/619 613/756/591 609/770/604
f 615/769/603 620/781/612 640/782/613
f 614/761/595 608/788/619 610/780/611
f 625/765/599 630/778/609 629/789/620
f 628/784/615 625/765/599 629/789/620
f 627/768/602 628/784/615 631/790/621
f 632/779/610 461/791/463 460/758/461
f 608/788/619 609/770/604 607/792/622
f 631/790/621 632/779/610 627/768/602
f 620/781/612 610/780/611 593/793/623
f 628/784/615 629/789/620 588/794/624
f 606/795/625 609/770/604 466/771/460
f 592/796/626 610/780/611 608/788/619
f 631/790/621 628/784/615 588/794/624
f 610/780/611 592/796/626 593/793/623
f 606/795/625 607/792/622 609/770/604
f 592/796/626 608/788/619 607/792/622
f 591/797/627 593/793/623 592/796/626
f 467/798/462 606/795/625 466/771/460
f 461/791/463 632/779/610 635/799/628
f 605/800/629 607/792/622 606/795/625
f 587/801/630 631/790/621 588/794/624
f 634/802/631 631/790/621 587/801/630
f 631/790/621 634/802/631 632/779/610
f 592/796/626 607/792/622 594/803/632
f 634/802/631 635/799/628 632/779/610
f 587/801/630 588/794/624 589/804/633
f 594/803/632 607/792/622 605/800/629
f 590/805/634 591/797/627 592/796/626
f 592/796/626 594/803/632 590/805/634
f 606/795/625 467/798/462 603/806/635
f 603/806/635 605/800/629 606/795/625
f 594/803/632 595/807/636 590/805/634
f 595/807/636 594/803/632 605/800/629
f 603/806/635 467/798/462 468/808/465
f 601/809/637 603/806/635 468/808/465
f 590/805/634 595/807/636 596/810/638
f 605/800/629 603/806/635 604/811/639
f 595/807/636 605/800/629 604/811/639
f 602/812/640 604/811/639 603/806/635
f 604/811/639 599/813/641 595/807/636
f 603/806/635 601/809/637 602/812/640
f 599/813/641 604/811/639 602/812/640
f 595/807/636 597/814/642 596/810/638
f 595/807/636 599/813/641 598/815/643
f 595/807/636 598/815/643 597/814/642
f 598/815/643 599/813/641 602/812/640
f 601/809/637 468/808/465 470/816/468
f 601/809/637 598/815/643 602/812/640
f 598/815/643 601/809/637 600/817/644
f 601/809/637 470/816/468 611/818/645
f 572/819/473 597/814/642 598/815/643
f 601/809/637 611/818/645 612/820/646
f 600/817/644 601/809/637 612/820/646
f 598/815/643 600/817/644 572/819/473
f 470/816/468 472/821/470 611/818/645
f 612/820/646 611/818/645 477/822/478
f 600/817/644 612/820/646 571/823/474
f 571/823/474 572/819/473 600/817/644
f 611/818/645 472/821/470 477/822/478
f 571/823/474 612/820/646 619/824/647
f 473/825/471 477/822/478 472/821/470
f 619/824/647 612/820/646 477/822/478
f 571/823/474 619/824/647 568/826/476
f 477/822/478 478/827/480 619/824/647
f 619/824/647 480/828/482 568/826/476
f 619/824/647 478/827/480 480/828/482
f 621/763/597 622/755/590 623/757/592
f 648/829/648 649/830/649 579/831/578
f 650/832/650 648/829/648 579/831/578
f 648/829/648 650/832/650 651/833/651
f 651/833/651 209/834/115 648/829/648
f 200/835/95 202/836/116 582/837/582
f 583/838/583 209/834/115 651/833/651
f 202/836/116 209/834/115 583/838/583
f 583/838/583 582/837/582 202/836/116
f 577/839/577 650/840/650 579/841/578
f 650/840/650 577/839/577 580/842/580
f 581/843/581 652/844/652 580/842/580
f 580/842/580 652/844/652 650/840/650
f 650/840/650 652/844/652 651/845/651
f 652/844/652 581/843/581 583/846/583
f 652/844/652 583/846/583 651/845/651
f 578/847/579 140/848/92 170/849/88
f 138/850/94 578/847/579 579/851/578
f 578/847/579 138/850/94 140/848/92
f 138/850/94 579/851/578 147/852/96
f 649/853/649 648/854/648 137/855/107
f 147/852/96 579/851/578 649/853/649
f 137/855/107 147/852/96 649/853/649
f 648/854/648 209/856/115 137/855/107
f 137/855/107 209/856/115 136/857/114
f 633/858/588 653/859/653 623/860/592
f 646/861/618 623/860/592 653/859/653
f 633/858/588 647/862/617 653/859/653
f 646/861/618 653/859/653 647/862/617
f 642/863/608 641/864/598 623/860/592
f 646/861/618 642/863/608 623/860/592
f 5/865/86 654/866/654 3/867/72
f 654/866/654 1/868/102 3/867/72
f 657/869/655 2/870/71 1/868/102
f 5/865/86 4/871/103 821/872/656
f 5/865/86 655/873/657 654/866/654
f 656/874/658 1/868/102 654/866/654
f 821/872/656 4/871/103 28/875/112
f 5/865/86 821/872/656 655/873/657
f 2/870/71 657/869/655 826/876/659
f 654/866/654 655/873/657 656/874/658
f 656/874/658 657/869/655 1/868/102
f 234/877/303 2/870/71 826/876/659
f 657/869/655 656/874/658 660/878/660
f 660/878/660 826/876/659 657/869/655
f 821/872/656 28/875/112 787/879/661
f 28/875/112 25/880/141 787/879/661
f 234/877/303 826/876/659 825/881/662
f 237/882/321 234/877/303 825/881/662
f 655/873/657 821/872/656 659/883/663
f 825/881/662 826/876/659 660/878/660
f 659/883/663 821/872/656 787/879/661
f 25/880/141 785/884/664 787/879/661
f 785/884/664 25/880/141 27/885/153
f 219/886/327 237/882/321 670/887/665
f 660/878/660 656/874/658 658/888/666
f 656/874/658 655/873/657 658/888/666
f 670/887/665 237/882/321 825/881/662
f 27/885/153 29/889/155 785/884/664
f 655/873/657 659/883/663 658/888/666
f 785/884/664 29/889/155 171/890/169
f 659/883/663 787/879/661 786/891/667
f 785/884/664 786/891/667 787/879/661
f 660/878/660 658/888/666 661/892/668
f 670/887/665 825/881/662 664/893/669
f 171/890/169 784/894/670 785/884/664
f 658/888/666 659/883/663 662/895/671
f 825/881/662 660/878/660 664/893/669
f 663/896/672 660/878/660 661/892/668
f 786/891/667 785/884/664 783/897/673
f 664/893/669 660/878/660 663/896/672
f 785/884/664 784/894/670 783/897/673
f 659/883/663 786/891/667 662/895/671
f 670/887/665 216/898/363 219/886/327
f 784/894/670 171/890/169 782/899/674
f 171/890/169 96/900/181 782/899/674
f 667/901/675 664/893/669 663/896/672
f 784/894/670 782/899/674 783/897/673
f 670/887/665 664/893/669 669/902/676
f 97/903/191 782/899/674 96/900/181
f 661/892/668 658/888/666 662/895/671
f 824/904/677 670/887/665 669/902/676
f 669/902/676 664/893/669 667/901/675
f 216/898/363 670/887/665 824/904/677
f 780/905/678 782/899/674 97/903/191
f 661/892/668 662/895/671 666/906/679
f 782/899/674 781/907/680 783/897/673
f 823/908/681 216/898/363 824/904/677
f 663/896/672 661/892/668 665/909/682
f 823/908/681 824/904/677 674/910/683
f 786/891/667 783/897/673 788/911/684
f 663/896/672 665/909/682 667/901/675
f 97/903/191 50/912/205 780/905/678
f 824/904/677 669/902/676 674/910/683
f 662/895/671 786/891/667 788/911/684
f 214/913/382 216/898/363 823/908/681
f 781/907/680 782/899/674 780/905/678
f 661/892/668 666/906/679 665/909/682
f 783/897/673 781/907/680 774/914/685
f 214/913/382 823/908/681 674/910/683
f 666/906/679 662/895/671 790/915/686
f 776/916/687 781/907/680 780/905/678
f 774/914/685 781/907/680 776/916/687
f 669/902/676 667/901/675 671/917/688
f 788/911/684 783/897/673 772/918/689
f 783/897/673 774/914/685 771/919/690
f 771/919/690 774/914/685 773/920/691
f 789/921/692 662/895/671 788/911/684
f 783/897/673 771/919/690 772/918/689
f 674/910/683 669/902/676 673/922/693
f 790/915/686 662/895/671 789/921/692
f 673/922/693 669/902/676 671/917/688
f 666/906/679 790/915/686 791/923/694
f 214/913/382 674/910/683 679/924/695
f 774/914/685 776/916/687 773/920/691
f 667/901/675 665/909/682 668/925/696
f 790/915/686 789/921/692 791/923/694
f 674/910/683 673/922/693 679/924/695
f 780/905/678 779/926/697 777/927/698
f 214/913/382 679/924/695 681/928/699
f 665/909/682 666/906/679 668/925/696
f 776/916/687 780/905/678 777/927/698
f 672/929/700 667/901/675 668/925/696
f 771/919/690 773/920/691 770/930/701
f 214/913/382 681/928/699 217/931/395
f 671/917/688 667/901/675 672/929/700
f 768/932/702 772/918/689 771/919/690
f 673/922/693 671/917/688 672/929/700
f 773/920/691 776/916/687 775/933/703
f 343/934/400 217/931/395 681/928/699
f 775/933/703 776/916/687 777/927/698
f 788/911/684 772/918/689 769/935/704
f 772/918/689 768/932/702 769/935/704
f 768/932/702 771/919/690 770/930/701
f 668/925/696 666/906/679 791/923/694
f 789/921/692 788/911/684 769/935/704
f 770/930/701 758/936/705 768/932/702
f 773/920/691 756/937/706 770/930/701
f 672/929/700 668/925/696 676/938/707
f 822/939/708 343/934/400 681/928/699
f 668/925/696 793/940/709 676/938/707
f 773/920/691 775/933/703 756/937/706
f 668/925/696 791/923/694 793/940/709
f 777/927/698 779/926/697 778/941/710
f 770/930/701 756/937/706 758/936/705
f 777/927/698 778/941/710 753/942/711
f 769/935/704 768/932/702 766/943/712
f 679/924/695 673/922/693 677/944/713
f 753/942/711 775/933/703 777/927/698
f 673/922/693 672/929/700 675/945/714
f 681/928/699 679/924/695 680/946/715
f 680/946/715 679/924/695 677/944/713
f 791/923/694 789/921/692 767/947/716
f 766/943/712 768/932/702 758/936/705
f 769/935/704 766/943/712 789/921/692
f 775/933/703 753/942/711 756/937/706
f 793/940/709 791/923/694 792/948/717
f 673/922/693 675/945/714 677/944/713
f 672/929/700 676/938/707 675/945/714
f 676/938/707 793/940/709 818/949/718
f 766/943/712 758/936/705 759/950/719
f 676/938/707 818/949/718 675/945/714
f 767/947/716 789/921/692 766/943/712
f 822/939/708 681/928/699 680/946/715
f 755/951/720 758/936/705 756/937/706
f 680/946/715 677/944/713 678/952/721
f 678/952/721 677/944/713 675/945/714
f 778/941/710 754/953/722 753/942/711
f 680/946/715 685/954/723 822/939/708
f 756/937/706 753/942/711 755/951/720
f 793/940/709 792/948/717 818/949/718
f 792/948/717 791/923/694 767/947/716
f 758/936/705 757/955/724 759/950/719
f 757/955/724 758/936/705 755/951/720
f 767/947/716 766/943/712 764/956/725
f 753/942/711 754/953/722 752/957/726
f 794/958/727 792/948/717 767/947/716
f 678/952/721 682/959/728 680/946/715
f 755/951/720 753/942/711 751/960/729
f 818/949/718 792/948/717 819/961/730
f 685/954/723 680/946/715 684/962/731
f 684/962/731 680/946/715 682/959/728
f 678/952/721 675/945/714 683/963/732
f 759/950/719 757/955/724 749/964/733
f 757/955/724 755/951/720 749/964/733
f 767/947/716 796/965/734 794/958/727
f 682/959/728 678/952/721 683/963/732
f 796/965/734 767/947/716 764/956/725
f 683/963/732 675/945/714 816/966/735
f 749/964/733 755/951/720 751/960/729
f 816/966/735 675/945/714 818/949/718
f 764/956/725 766/943/712 759/950/719
f 818/949/718 819/961/730 800/967/736
f 818/949/718 800/967/736 816/966/735
f 759/950/719 749/964/733 760/968/737
f 753/942/711 752/957/726 751/960/729
f 819/961/730 792/948/717 800/967/736
f 794/958/727 796/965/734 795/969/738
f 796/965/734 764/956/725 765/970/739
f 762/971/740 764/956/725 759/950/719
f 792/948/717 794/958/727 795/969/738
f 684/962/731 682/959/728 686/972/741
f 764/956/725 762/971/740 765/970/739
f 749/964/733 751/960/729 748/973/742
f 685/954/723 684/962/731 688/974/743
f 761/975/744 762/971/740 759/950/719
f 682/959/728 683/963/732 687/976/745
f 795/969/738 796/965/734 797/977/746
f 816/966/735 800/967/736 815/978/747
f 796/965/734 765/970/739 797/977/746
f 751/960/729 752/957/726 750/979/748
f 684/962/731 686/972/741 688/974/743
f 792/948/717 795/969/738 800/967/736
f 765/970/739 762/971/740 763/980/749
f 682/959/728 687/976/745 686/972/741
f 749/964/733 748/973/742 737/981/750
f 760/968/737 749/964/733 737/981/750
f 683/963/732 816/966/735 814/982/751
f 759/950/719 760/968/737 761/975/744
f 750/979/748 748/973/742 751/960/729
f 688/974/743 686/972/741 689/983/752
f 687/976/745 683/963/732 813/984/753
f 797/977/746 765/970/739 763/980/749
f 813/984/753 683/963/732 814/982/751
f 763/980/749 762/971/740 761/975/744
f 816/966/735 815/978/747 814/982/751
f 688/974/743 689/983/752 690/985/754
f 686/972/741 687/976/745 689/983/752
f 748/973/742 750/979/748 746/986/755
f 800/967/736 795/969/738 799/987/756
f 737/981/750 748/973/742 746/986/755
f 797/977/746 763/980/749 798/988/757
f 760/968/737 737/981/750 761/975/744
f 797/977/746 798/988/757 795/969/738
f 800/967/736 799/987/756 804/989/758
f 815/978/747 800/967/736 804/989/758
f 690/985/754 689/983/752 691/990/759
f 689/983/752 687/976/745 691/990/759
f 747/991/760 746/986/755 750/979/748
f 691/990/759 687/976/745 695/992/761
f 813/984/753 814/982/751 812/993/762
f 813/984/753 695/992/761 687/976/745
f 799/987/756 795/969/738 798/988/757
f 692/994/763 690/985/754 691/990/759
f 695/992/761 813/984/753 812/993/762
f 812/993/762 814/982/751 815/978/747
f 761/975/744 820/995/714 763/980/749
f 737/981/750 746/986/755 744/996/764
f 746/986/755 747/991/760 745/997/765
f 746/986/755 745/997/765 744/996/764
f 815/978/747 804/989/758 817/998/766
f 798/988/757 763/980/749 802/999/767
f 799/987/756 798/988/757 801/1000/768
f 798/988/757 802/999/767 801/1000/768
f 804/989/758 799/987/756 803/1001/769
f 692/994/763 691/990/759 693/1002/770
f 761/975/744 734/1003/771 820/995/714
f 691/990/759 695/992/761 694/1004/772
f 804/989/758 803/1001/769 817/998/766
f 763/980/749 820/995/714 802/999/767
f 698/1005/773 695/992/761 812/993/762
f 812/993/762 815/978/747 810/1006/774
f 761/975/744 737/981/750 734/1003/771
f 693/1002/770 691/990/759 694/1004/772
f 695/992/761 698/1005/773 694/1004/772
f 744/996/764 745/997/765 743/1007/775
f 737/981/750 744/996/764 736/1008/776
f 743/1007/775 736/1008/776 744/996/764
f 803/1001/769 799/987/756 801/1000/768
f 808/1009/777 815/978/747 817/998/766
f 815/978/747 808/1009/777 810/1006/774
f 696/1010/778 693/1002/770 694/1004/772
f 812/993/762 811/1011/779 698/1005/773
f 820/995/714 734/1003/771 735/1012/780
f 811/1011/779 812/993/762 810/1006/774
f 734/1003/771 737/981/750 736/1008/776
f 802/999/767 820/995/714 735/1012/780
f 817/998/766 803/1001/769 808/1009/777
f 698/1005/773 697/1013/781 694/1004/772
f 694/1004/772 697/1013/781 696/1010/778
f 735/1012/780 734/1003/771 733/1014/782
f 736/1008/776 743/1007/775 739/1015/783
f 696/1010/778 697/1013/781 699/1016/784
f 810/1006/774 808/1009/777 807/1017/785
f 807/1017/785 808/1009/777 803/1001/769
f 802/999/767 735/1012/780 733/1014/782
f 698/1005/773 811/1011/779 703/1018/786
f 811/1011/779 810/1006/774 809/1019/787
f 738/1020/788 736/1008/776 739/1015/783
f 697/1013/781 698/1005/773 700/1021/789
f 698/1005/773 703/1018/786 700/1021/789
f 734/1003/771 736/1008/776 731/1022/790
f 699/1016/784 697/1013/781 700/1021/789
f 731/1022/790 736/1008/776 738/1020/788
f 811/1011/779 809/1019/787 703/1018/786
f 731/1022/790 733/1014/782 734/1003/771
f 807/1017/785 803/1001/769 806/1023/791
f 810/1006/774 807/1017/785 809/1019/787
f 733/1014/782 731/1022/790 732/1024/792
f 699/1016/784 700/1021/789 701/1025/793
f 706/1026/794 809/1019/787 807/1017/785
f 801/1000/768 802/999/767 805/1027/795
f 741/1028/796 738/1020/788 739/1015/783
f 703/1018/786 809/1019/787 706/1026/794
f 700/1021/789 703/1018/786 702/1029/797
f 802/999/767 733/1014/782 728/1030/798
f 701/1025/793 700/1021/789 702/1029/797
f 803/1001/769 801/1000/768 716/1031/799
f 706/1026/794 702/1029/797 703/1018/786
f 701/1025/793 702/1029/797 704/1032/800
f 730/1033/801 732/1024/792 731/1022/790
f 803/1001/769 716/1031/799 806/1023/791
f 731/1022/790 738/1020/788 740/1034/802
f 807/1017/785 806/1023/791 706/1026/794
f 733/1014/782 732/1024/792 728/1030/798
f 738/1020/788 741/1028/796 740/1034/802
f 730/1033/801 731/1022/790 729/1035/803
f 716/1031/799 801/1000/768 805/1027/795
f 731/1022/790 740/1034/802 729/1035/803
f 711/1036/804 806/1023/791 716/1031/799
f 805/1027/795 802/999/767 728/1030/798
f 706/1026/794 705/1037/805 702/1029/797
f 709/1038/806 706/1026/794 806/1023/791
f 702/1029/797 705/1037/805 704/1032/800
f 728/1030/798 732/1024/792 730/1033/801
f 806/1023/791 711/1036/804 709/1038/806
f 805/1027/795 728/1030/798 724/1039/807
f 706/1026/794 709/1038/806 705/1037/805
f 729/1035/803 740/1034/802 742/1040/808
f 716/1031/799 805/1027/795 717/1041/809
f 728/1030/798 730/1033/801 727/1042/810
f 728/1030/798 727/1042/810 723/1043/811
f 724/1039/807 728/1030/798 723/1043/811
f 730/1033/801 729/1035/803 727/1042/810
f 711/1036/804 716/1031/799 713/1044/812
f 729/1035/803 726/1045/813 727/1042/810
f 705/1037/805 709/1038/806 708/1046/814
f 704/1032/800 705/1037/805 707/1047/815
f 709/1038/806 711/1036/804 710/1048/816
f 707/1047/815 705/1037/805 708/1046/814
f 710/1048/816 711/1036/804 713/1044/812
f 709/1038/806 710/1048/816 708/1046/814
f 720/1049/817 805/1027/795 724/1039/807
f 716/1031/799 717/1041/809 715/1050/818
f 723/1043/811 727/1042/810 726/1045/813
f 724/1039/807 723/1043/811 720/1049/817
f 805/1027/795 720/1049/817 717/1041/809
f 716/1031/799 715/1050/818 713/1044/812
f 710/1048/816 713/1044/812 712/1051/819
f 710/1048/816 712/1051/819 708/1046/814
f 720/1049/817 723/1043/811 722/1052/820
f 720/1049/817 719/1053/821 717/1041/809
f 713/1044/812 715/1050/818 714/1054/822
f 723/1043/811 725/1055/823 722/1052/820
f 714/1054/822 715/1050/818 717/1041/809
f 723/1043/811 726/1045/813 725/1055/823
f 719/1053/821 720/1049/817 722/1052/820
f 712/1051/819 713/1044/812 714/1054/822
f 717/1041/809 719/1053/821 718/1056/824
f 717/1041/809 718/1056/824 714/1054/822
f 721/1057/825 719/1053/821 722/1052/820
f 721/1057/825 718/1056/824 719/1053/821
f 637/1058/593 647/1059/617 633/1060/588
f 637/1058/593 636/1061/596 644/1062/606
f 647/1059/617 637/1058/593 644/1062/606
f 898/1063/826 899/1064/827 640/1065/613
f 899/1064/827 639/1066/614 640/1065/613
f 899/1064/827 630/1067/609 639/1066/614
f 898/1063/826 640/1065/613 901/1068/828
f 901/1068/828 640/1065/613 620/1069/612
f 629/1070/620 630/1067/609 912/1071/829
f 903/1072/830 901/1068/828 620/1069/612
f 910/1073/831 912/1071/829 630/1067/609
f 593/1074/623 903/1072/830 620/1069/612
f 588/1075/624 629/1070/620 912/1071/829
f 910/1073/831 630/1067/609 899/1064/827
f 593/1074/623 591/1076/627 903/1072/830
f 588/1075/624 912/1071/829 914/1077/832
f 910/1073/831 913/1078/833 912/1071/829
f 902/1079/834 901/1068/828 903/1072/830
f 898/1063/826 901/1068/828 902/1079/834
f 591/1076/627 1318/1080/835 903/1072/830
f 899/1064/827 908/1081/836 910/1073/831
f 590/1082/634 1197/1083/837 591/1076/627
f 914/1077/832 915/1084/838 588/1075/624
f 899/1064/827 898/1063/826 900/1085/839
f 899/1064/827 900/1085/839 908/1081/836
f 910/1073/831 911/1086/840 913/1078/833
f 910/1073/831 908/1081/836 911/1086/840
f 913/1078/833 914/1077/832 912/1071/829
f 588/1075/624 915/1084/838 589/1087/633
f 591/1076/627 1197/1083/837 1318/1080/835
f 903/1072/830 1318/1080/835 902/1079/834
f 900/1085/839 898/1063/826 902/1079/834
f 1197/1083/837 1196/1088/841 1318/1080/835
f 1197/1083/837 590/1082/634 596/1089/638
f 914/1077/832 916/1090/842 915/1084/838
f 911/1086/840 908/1081/836 909/1091/843
f 900/1085/839 906/1092/844 908/1081/836
f 906/1092/844 909/1091/843 908/1081/836
f 1320/1093/845 902/1079/834 1318/1080/835
f 913/1078/833 1225/1094/846 914/1077/832
f 589/1087/633 915/1084/838 917/1095/847
f 1320/1093/845 905/1096/848 902/1079/834
f 919/1097/849 589/1087/633 917/1095/847
f 911/1086/840 1223/1098/850 913/1078/833
f 902/1079/834 904/1099/851 900/1085/839
f 914/1077/832 1225/1094/846 916/1090/842
f 1320/1093/845 1318/1080/835 1319/1100/852
f 1223/1098/850 1225/1094/846 913/1078/833
f 915/1084/838 918/1101/853 917/1095/847
f 1197/1083/837 596/1089/638 1196/1088/841
f 1196/1088/841 596/1089/638 1195/1102/854
f 1196/1088/841 1198/1103/855 1318/1080/835
f 900/1085/839 904/1099/851 906/1092/844
f 916/1090/842 1230/1104/856 915/1084/838
f 1230/1104/856 918/1101/853 915/1084/838
f 1195/1102/854 596/1089/638 597/1105/642
f 907/1106/857 909/1091/843 906/1092/844
f 904/1099/851 902/1079/834 905/1096/848
f 909/1091/843 1222/1107/858 911/1086/840
f 1318/1080/835 1198/1103/855 1319/1100/852
f 907/1106/857 906/1092/844 904/1099/851
f 1222/1107/858 909/1091/843 1221/1108/859
f 597/1105/642 1194/1109/860 1195/1102/854
f 1221/1108/859 909/1091/843 907/1106/857
f 1223/1098/850 1226/1110/861 1225/1094/846
f 1225/1094/846 1227/1111/862 916/1090/842
f 919/1097/849 917/1095/847 920/1112/863
f 1222/1107/858 1223/1098/850 911/1086/840
f 919/1097/849 920/1112/863 921/1113/864
f 904/1099/851 1215/1114/865 907/1106/857
f 1223/1098/850 1222/1107/858 1224/1115/866
f 917/1095/847 918/1101/853 920/1112/863
f 1228/1116/867 1230/1104/856 916/1090/842
f 1215/1114/865 1221/1108/859 907/1106/857
f 905/1096/848 1213/1117/868 904/1099/851
f 1214/1118/869 1215/1114/865 904/1099/851
f 1226/1110/861 1227/1111/862 1225/1094/846
f 1223/1098/850 1224/1115/866 1226/1110/861
f 922/1119/870 921/1113/864 920/1112/863
f 1220/1120/871 1224/1115/866 1222/1107/858
f 597/1105/642 572/1121/473 1194/1109/860
f 1227/1111/862 1228/1116/867 916/1090/842
f 1230/1104/856 925/1122/872 918/1101/853
f 844/1123/873 843/1124/874 840/1125/875
f 1215/1114/865 1220/1120/871 1221/1108/859
f 1221/1108/859 1220/1120/871 1222/1107/858
f 1229/1126/876 1228/1116/867 1227/1111/862
f 843/1124/874 842/1127/877 840/1125/875
f 1198/1103/855 1196/1088/841 838/1128/878
f 1214/1118/869 904/1099/851 1211/1129/879
f 1335/1130/880 1228/1131/867 1229/1132/876
f 1228/1131/867 1335/1130/880 1339/1133/881
f 918/1101/853 922/1119/870 920/1112/863
f 904/1099/851 1213/1117/868 1211/1129/879
f 1224/1115/866 1220/1120/871 1226/1110/861
f 1196/1088/841 1195/1102/854 1191/1134/882
f 838/1128/878 1319/1100/852 1198/1103/855
f 1338/1135/883 1339/1133/881 1335/1130/880
f 1218/1136/884 1220/1120/871 1215/1114/865
f 838/1128/878 1196/1088/841 1191/1134/882
f 1220/1120/871 1219/1137/885 1226/1110/861
f 1219/1137/885 1227/1111/862 1226/1110/861
f 1220/1120/871 1218/1136/884 1219/1137/885
f 845/1138/886 844/1123/873 840/1125/875
f 1215/1114/865 1214/1118/869 1218/1136/884
f 1194/1109/860 1191/1134/882 1195/1102/854
f 1210/1139/887 1211/1129/879 1213/1117/868
f 1338/1135/883 1335/1130/880 1336/1140/888
f 1219/1137/885 1231/1141/889 1227/1111/862
f 838/1142/878 840/1125/875 842/1127/877
f 1214/1118/869 1216/1143/890 1218/1136/884
f 846/1144/891 844/1123/873 845/1138/886
f 1299/1145/892 1231/1141/889 1219/1137/885
f 1227/1111/862 1231/1141/889 1229/1126/876
f 1216/1143/890 1219/1137/885 1218/1136/884
f 1192/1146/893 1194/1109/860 572/1121/473
f 1191/1134/882 1194/1109/860 1190/1147/894
f 838/1142/878 839/1148/895 840/1125/875
f 1203/1149/896 839/1150/895 838/1128/878
f 925/1122/872 924/1151/897 918/1101/853
f 1216/1143/890 1299/1145/892 1219/1137/885
f 1192/1146/893 1190/1147/894 1194/1109/860
f 1229/1132/876 1336/1140/888 1335/1130/880
f 918/1101/853 924/1151/897 922/1119/870
f 840/1125/875 841/1152/898 845/1138/886
f 1239/1153/899 924/1151/897 925/1122/872
f 1201/1154/900 1203/1149/896 838/1128/878
f 1191/1134/882 1199/1155/901 838/1128/878
f 838/1128/878 1199/1155/901 1201/1154/900
f 1208/1156/902 1211/1129/879 1210/1139/887
f 922/1119/870 923/1157/903 921/1113/864
f 1337/1158/904 1338/1135/883 1336/1140/888
f 1239/1153/899 1236/1159/905 924/1151/897
f 839/1148/895 841/1152/898 840/1125/875
f 934/1160/906 1334/1161/907 921/1113/864
f 1191/1134/882 1190/1147/894 1188/1162/908
f 922/1119/870 924/1151/897 926/1163/909
f 847/1164/910 1208/1156/902 1210/1139/887
f 1202/1165/911 1201/1154/900 1199/1155/901
f 922/1119/870 926/1163/909 923/1157/903
f 921/1113/864 923/1157/903 934/1160/906
f 1200/1166/912 1191/1134/882 1188/1162/908
f 923/1157/903 926/1163/909 928/1167/913
f 1192/1146/893 572/1121/473 570/1168/472
f 1199/1155/901 1191/1134/882 1200/1166/912
f 1214/1118/869 1211/1129/879 1216/1143/890
f 1299/1145/892 1233/1169/914 1231/1141/889
f 1236/1159/905 1239/1153/899 1238/1170/915
f 1229/1126/876 1231/1141/889 1232/1171/916
f 1229/1132/876 1232/1172/916 1336/1140/888
f 1233/1169/914 1232/1171/916 1231/1141/889
f 1336/1140/888 1232/1172/916 1337/1158/904
f 1337/1158/904 1340/1173/917 1341/1174/918
f 1340/1173/917 1337/1158/904 1232/1172/916
f 1341/1174/918 1340/1173/917 1238/1175/915
f 1211/1129/879 1217/1176/919 1216/1143/890
f 1236/1159/905 927/1177/920 924/1151/897
f 926/1163/909 924/1151/897 927/1177/920
f 1202/1165/911 1199/1155/901 1200/1166/912
f 1235/1178/921 1340/1173/917 1232/1172/916
f 1235/1179/921 1236/1159/905 1238/1170/915
f 934/1160/906 923/1157/903 932/1180/922
f 1201/1154/900 1204/1181/923 1203/1149/896
f 1204/1181/923 1201/1154/900 1202/1165/911
f 1203/1149/896 1205/1182/924 839/1150/895
f 1298/1183/925 1216/1143/890 1217/1176/919
f 1232/1171/916 1234/1184/926 1235/1179/921
f 1233/1169/914 1299/1145/892 1298/1183/925
f 847/1185/910 841/1152/898 839/1148/895
f 1211/1129/879 1208/1156/902 1212/1186/927
f 1299/1145/892 1216/1143/890 1298/1183/925
f 1235/1179/921 1234/1184/926 1236/1159/905
f 1192/1146/893 1153/1187/928 1190/1147/894
f 1316/1188/929 1202/1165/911 1200/1166/912
f 1316/1188/929 1204/1181/923 1202/1165/911
f 839/1150/895 1205/1182/924 847/1164/910
f 923/1157/903 928/1167/913 929/1189/930
f 1153/1187/928 1188/1162/908 1190/1147/894
f 1211/1129/879 1212/1186/927 1217/1176/919
f 923/1157/903 929/1189/930 930/1190/931
f 1205/1182/924 1203/1149/896 1308/1191/932
f 1298/1183/925 1296/1192/933 1233/1169/914
f 930/1190/931 932/1180/922 923/1157/903
f 1188/1162/908 1315/1193/934 1200/1166/912
f 847/1164/910 1205/1182/924 1206/1194/935
f 1298/1183/925 1217/1176/919 1296/1192/933
f 1193/1195/936 1192/1146/893 570/1168/472
f 847/1164/910 1206/1194/935 1208/1156/902
f 1200/1166/912 1315/1193/934 1316/1188/929
f 1204/1181/923 1316/1188/929 1317/1196/937
f 1232/1171/916 1233/1169/914 1234/1184/926
f 570/1168/472 569/1197/481 1193/1195/936
f 1153/1187/928 1192/1146/893 1193/1195/936
f 1316/1188/929 1315/1193/934 1317/1196/937
f 1188/1162/908 1189/1198/938 1315/1193/934
f 1208/1156/902 1209/1199/939 1212/1186/927
f 1234/1184/926 1237/1200/940 1236/1159/905
f 1208/1156/902 1206/1194/935 1209/1199/939
f 1233/1169/914 894/1201/941 1234/1184/926
f 1189/1198/938 1308/1191/932 1315/1193/934
f 1212/1186/927 1297/1202/942 1217/1176/919
f 930/1190/931 933/1203/943 932/1180/922
f 1207/1204/944 1206/1194/935 1205/1182/924
f 932/1180/922 933/1203/943 934/1160/906
f 1308/1191/932 1189/1198/938 1205/1182/924
f 1151/1205/945 1193/1195/936 569/1197/481
f 1206/1194/935 1207/1204/944 1209/1199/939
f 1297/1202/942 1296/1192/933 1217/1176/919
f 930/1190/931 929/1189/930 931/1206/946
f 892/1207/947 1233/1169/914 1296/1192/933
f 1234/1184/926 889/1208/948 1237/1200/940
f 894/1201/941 1233/1169/914 892/1207/947
f 1193/1195/936 1151/1205/945 1153/1187/928
f 1153/1187/928 1186/1209/949 1188/1162/908
f 1300/1210/950 1212/1186/927 1301/1211/951
f 1212/1186/927 1300/1210/950 1297/1202/942
f 930/1190/931 1250/1212/952 933/1203/943
f 1297/1202/942 1016/1213/953 1296/1192/933
f 931/1206/946 1250/1212/952 930/1190/931
f 569/1197/481 487/1214/483 1151/1205/945
f 933/1203/943 935/1215/954 934/1160/906
f 889/1208/948 891/1216/955 1237/1200/940
f 1296/1192/933 1016/1213/953 892/1207/947
f 1025/1217/956 1207/1204/944 1205/1182/924
f 1250/1212/952 937/1218/957 933/1203/943
f 894/1201/941 889/1208/948 1234/1184/926
f 891/1216/955 1240/1219/958 1237/1200/940
f 1237/1200/940 1240/1219/958 1242/1220/959
f 1188/1162/908 1186/1209/949 1189/1198/938
f 1205/1182/924 1189/1198/938 1025/1217/956
f 1300/1210/950 1302/1221/960 1297/1202/942
f 892/1222/947 893/1223/961 894/1224/941
f 889/1225/948 890/1226/962 891/1227/955
f 1247/1228/963 1248/1229/964 931/1206/946
f 931/1206/946 1248/1229/964 1250/1212/952
f 1294/1230/965 892/1207/947 1016/1213/953
f 937/1231/957 1250/1232/952 1252/1233/966
f 1302/1221/960 1015/1234/967 1297/1202/942
f 1240/1219/958 1243/1235/968 1242/1220/959
f 933/1203/943 937/1218/957 936/1236/969
f 1294/1230/965 1295/1237/970 892/1207/947
f 1297/1202/942 1015/1234/967 1016/1213/953
f 1151/1205/945 1152/1238/971 1153/1187/928
f 894/1224/941 895/1239/972 889/1225/948
f 894/1224/941 893/1223/961 895/1239/972
f 933/1203/943 936/1236/969 935/1215/954
f 1244/1240/973 1247/1228/963 1246/1241/974
f 1153/1187/928 1152/1238/971 1186/1209/949
f 1310/1242/975 1189/1198/938 1186/1209/949
f 1248/1229/964 1247/1228/963 1244/1240/973
f 1250/1212/952 1251/1243/976 1252/1244/966
f 1252/1244/966 1253/1245/977 937/1218/957
f 889/1225/948 897/1246/978 890/1226/962
f 1246/1241/974 1243/1235/968 1244/1240/973
f 1253/1245/977 1252/1244/966 1251/1243/976
f 487/1214/483 1150/1247/979 1151/1205/945
f 895/1239/972 897/1246/978 889/1225/948
f 1310/1242/975 1186/1209/949 1187/1248/980
f 1248/1229/964 1249/1249/981 1250/1212/952
f 1189/1198/938 1309/1250/982 1025/1217/956
f 893/1223/961 896/1251/983 895/1239/972
f 1249/1249/981 1251/1243/976 1250/1212/952
f 897/1246/978 895/1239/972 896/1251/983
f 1309/1250/982 1189/1198/938 1310/1242/975
f 1240/1219/958 891/1216/955 1241/1252/984
f 935/1215/954 936/1236/969 938/1253/985
f 1185/1254/986 1187/1248/980 1186/1209/949
f 1150/1247/979 487/1214/483 488/1255/493
f 1240/1219/958 1244/1240/973 1243/1235/968
f 1185/1254/986 1186/1209/949 1152/1238/971
f 1025/1217/956 1309/1250/982 1027/1256/987
f 936/1236/969 939/1257/988 938/1253/985
f 940/1258/989 936/1236/969 937/1218/957
f 1152/1238/971 1151/1205/945 1148/1259/990
f 1025/1217/956 1020/1260/991 1207/1204/944
f 1314/1261/992 1309/1250/982 1310/1242/975
f 1253/1245/977 1251/1243/976 1249/1249/981
f 937/1218/957 1253/1245/977 940/1258/989
f 1249/1249/981 1255/1262/993 1253/1245/977
f 1151/1205/945 1150/1247/979 1148/1259/990
f 1292/1263/994 1294/1230/965 1016/1213/953
f 1240/1219/958 1245/1264/995 1244/1240/973
f 1294/1230/965 1303/1265/996 1295/1237/970
f 1302/1221/960 1018/1266/997 1015/1234/967
f 1244/1240/973 1245/1264/995 1248/1229/964
f 1184/1267/998 1185/1254/986 1152/1238/971
f 1253/1245/977 1254/1268/999 940/1258/989
f 1309/1250/982 1311/1269/1000 1027/1256/987
f 1248/1229/964 1245/1264/995 1249/1249/981
f 940/1258/989 1256/1270/1001 939/1257/988
f 1025/1217/956 1019/1271/1002 1020/1260/991
f 1020/1260/991 1019/1271/1002 1017/1272/1003
f 1254/1268/999 1256/1270/1001 940/1258/989
f 1027/1256/987 1024/1273/1004 1025/1217/956
f 1020/1260/991 1017/1272/1003 1018/1266/997
f 1292/1263/994 1293/1274/1005 1294/1230/965
f 1309/1250/982 1314/1261/992 1312/1275/1006
f 1240/1219/958 1241/1252/984 1284/1276/1007
f 1255/1262/993 1254/1268/999 1253/1245/977
f 1024/1273/1004 1019/1271/1002 1025/1217/956
f 1150/1247/979 488/1255/493 1148/1259/990
f 1309/1250/982 1312/1275/1006 1311/1269/1000
f 1027/1256/987 1026/1277/1008 1024/1273/1004
f 1016/1213/953 1015/1234/967 1013/1278/1009
f 943/1279/1010 1249/1249/981 1245/1264/995
f 1018/1266/997 1017/1272/1003 1015/1234/967
f 1293/1274/1005 1285/1280/1011 1286/1281/1012
f 1016/1213/953 1291/1282/1013 1292/1263/994
f 1255/1262/993 1249/1249/981 943/1279/1010
f 1254/1268/999 1255/1262/993 1256/1270/1001
f 941/1283/1014 938/1253/985 939/1257/988
f 1155/1284/1015 1184/1267/998 1152/1238/971
f 1027/1256/987 1311/1269/1000 1313/1285/1016
f 1022/1286/1017 1024/1273/1004 1026/1277/1008
f 1286/1281/1012 1285/1280/1011 1284/1276/1007
f 1019/1271/1002 1024/1273/1004 1022/1286/1017
f 1255/1262/993 943/1279/1010 1256/1270/1001
f 943/1279/1010 939/1257/988 1256/1270/1001
f 939/1257/988 942/1287/1018 941/1283/1014
f 1152/1238/971 1154/1288/1019 1155/1284/1015
f 1022/1286/1017 1026/1277/1008 1028/1289/1020
f 1293/1274/1005 1292/1263/994 1285/1280/1011
f 1015/1234/967 1017/1272/1003 1011/1290/1021
f 1282/1291/1022 1240/1219/958 1284/1276/1007
f 1022/1286/1017 1028/1289/1020 1029/1292/1023
f 488/1255/493 489/1293/497 1148/1259/990
f 1011/1290/1021 1017/1272/1003 1019/1271/1002
f 1291/1282/1013 1016/1213/953 1013/1278/1009
f 939/1257/988 943/1279/1010 942/1287/1018
f 1284/1276/1007 1285/1280/1011 1282/1291/1022
f 1026/1277/1008 1027/1256/987 1030/1294/1024
f 1030/1295/1024 1028/1296/1020 1026/1297/1008
f 1282/1291/1022 1281/1298/1025 1240/1219/958
f 1281/1298/1025 1257/1299/1026 1240/1219/958
f 1257/1299/1026 1245/1264/995 1240/1219/958
f 1029/1292/1023 1028/1289/1020 1030/1294/1024
f 1011/1290/1021 1013/1278/1009 1015/1234/967
f 1027/1256/987 1034/1300/1027 1030/1294/1024
f 1313/1285/1016 1036/1301/1028 1027/1256/987
f 1036/1301/1028 1034/1300/1027 1027/1256/987
f 942/1287/1018 944/1302/1029 941/1283/1014
f 1148/1259/990 1149/1303/1030 1152/1238/971
f 1154/1288/1019 1152/1238/971 1149/1303/1030
f 1022/1286/1017 1021/1304/1031 1019/1271/1002
f 1245/1264/995 1257/1299/1026 943/1279/1010
f 1023/1305/1032 1021/1304/1031 1022/1286/1017
f 1147/1306/1033 1148/1259/990 489/1293/497
f 1021/1304/1031 1011/1290/1021 1019/1271/1002
f 1148/1259/990 1147/1306/1033 1149/1303/1030
f 1285/1280/1011 1292/1263/994 1291/1282/1013
f 1155/1284/1015 1154/1288/1019 1156/1307/1034
f 1022/1286/1017 1029/1292/1023 1023/1305/1032
f 1282/1291/1022 1283/1308/1035 1281/1298/1025
f 1291/1282/1013 1290/1309/1036 1285/1280/1011
f 1149/1303/1030 1156/1307/1034 1154/1288/1019
f 1030/1294/1024 1031/1310/1037 1029/1292/1023
f 1029/1292/1023 1031/1310/1037 1023/1305/1032
f 1033/1311/1038 1030/1294/1024 1034/1300/1027
f 1281/1298/1025 1280/1312/1039 1257/1299/1026
f 1036/1301/1028 1167/1313/1040 1166/1314/1041
f 1285/1280/1011 1283/1308/1035 1282/1291/1022
f 1156/1307/1034 1158/1315/1042 1155/1284/1015
f 1010/1316/1043 1013/1278/1009 1011/1290/1021
f 944/1302/1029 942/1287/1018 945/1317/1044
f 946/1318/1045 942/1287/1018 943/1279/1010
f 942/1287/1018 946/1318/1045 945/1317/1044
f 1145/1319/1046 1147/1306/1033 489/1293/497
f 1013/1278/1009 1014/1320/1047 1291/1282/1013
f 1030/1294/1024 1032/1321/1048 1031/1310/1037
f 1012/1322/1049 1021/1304/1031 869/1323/1050
f 1145/1319/1046 489/1293/497 490/1324/500
f 1012/1322/1049 1011/1290/1021 1021/1304/1031
f 1032/1321/1048 1030/1294/1024 1033/1311/1038
f 1014/1320/1047 1304/1325/1051 1291/1282/1013
f 946/1318/1045 943/1279/1010 1258/1326/1052
f 1147/1306/1033 1146/1327/1053 1149/1303/1030
f 868/1328/1054 871/1329/1055 869/1330/1050
f 1011/1290/1021 1012/1322/1049 1009/1331/1056
f 1285/1280/1011 998/1332/1057 1283/1308/1035
f 1343/1333/1058 946/1334/1045 1258/1335/1052
f 1343/1333/1058 945/1336/1044 946/1334/1045
f 867/1337/1059 868/1328/1054 869/1330/1050
f 1036/1301/1028 1035/1338/1060 1034/1300/1027
f 1011/1290/1021 1009/1331/1056 1010/1316/1043
f 1159/1339/1061 1158/1315/1042 1156/1307/1034
f 1034/1300/1027 1035/1338/1060 1033/1311/1038
f 1010/1316/1043 1014/1320/1047 1013/1278/1009
f 1280/1312/1039 1279/1340/1062 1257/1299/1026
f 1166/1314/1041 1158/1315/1042 1160/1341/1063
f 1290/1309/1036 1000/1342/1064 1285/1280/1011
f 1160/1341/1063 1158/1315/1042 1159/1339/1061
f 1036/1301/1028 1166/1314/1041 1160/1341/1063
f 1257/1299/1026 1258/1326/1052 943/1279/1010
f 872/1343/1065 871/1329/1055 868/1328/1054
f 1285/1280/1011 1000/1342/1064 998/1332/1057
f 1146/1327/1053 1157/1344/1066 1149/1303/1030
f 1149/1303/1030 1157/1344/1066 1156/1307/1034
f 873/1345/1067 872/1343/1065 868/1328/1054
f 883/1346/1068 887/1347/1069 885/1348/1070
f 887/1347/1069 883/1346/1068 886/1349/1071
f 1156/1307/1034 1157/1344/1066 1159/1339/1061
f 1033/1311/1038 1035/1338/1060 1037/1350/1072
f 1258/1335/1052 1346/1351/1073 1343/1333/1058
f 1040/1352/1074 869/1323/1050 1037/1350/1072
f 1004/1353/1075 1010/1316/1043 1009/1331/1056
f 1147/1306/1033 1145/1319/1046 1146/1327/1053
f 869/1323/1050 1040/1352/1074 867/1354/1059
f 1036/1301/1028 1160/1341/1063 1035/1338/1060
f 1283/1308/1035 998/1332/1057 1287/1355/1076
f 1342/1356/1077 945/1336/1044 1343/1333/1058
f 947/1357/1078 944/1302/1029 945/1317/1044
f 1037/1350/1072 1038/1358/1079 1040/1352/1074
f 1010/1316/1043 1005/1359/1080 1014/1320/1047
f 1344/1360/1081 1343/1333/1058 1346/1351/1073
f 1035/1338/1060 1038/1358/1079 1037/1350/1072
f 1344/1360/1081 1342/1356/1077 1343/1333/1058
f 1008/1361/1082 1004/1353/1075 1009/1331/1056
f 1257/1299/1026 1259/1362/1083 1258/1326/1052
f 1160/1341/1063 1164/1363/1084 1035/1338/1060
f 885/1348/1070 882/1364/1085 883/1346/1068
f 886/1349/1071 883/1346/1068 880/1365/1086
f 1381/1366/1087 1383/1367/1088 1380/1368/1089
f 1010/1316/1043 1004/1353/1075 1005/1359/1080
f 1257/1299/1026 1279/1340/1062 1277/1369/1090
f 1005/1359/1080 1004/1353/1075 1003/1370/1091
f 883/1346/1068 882/1364/1085 879/1371/1092
f 1384/1372/1093 1381/1366/1087 1277/1373/1090
f 998/1332/1057 1288/1374/1094 1287/1355/1076
f 884/1375/1095 882/1364/1085 888/1376/1096
f 1380/1368/1089 1278/1377/1097 1381/1366/1087
f 1001/1378/1098 1003/1370/1091 1004/1353/1075
f 1381/1366/1087 1278/1377/1097 1277/1373/1090
f 1361/1379/1099 1346/1351/1073 1258/1335/1052
f 1346/1351/1073 1348/1380/1100 1344/1360/1081
f 490/1324/500 1144/1381/1101 1145/1319/1046
f 1035/1338/1060 1164/1363/1084 1165/1382/1102
f 1038/1358/1079 867/1354/1059 1040/1352/1074
f 1277/1369/1090 1259/1362/1083 1257/1299/1026
f 1344/1360/1081 1348/1380/1100 1345/1383/1103
f 880/1365/1086 883/1346/1068 879/1371/1092
f 1258/1384/1052 1259/1385/1083 1361/1386/1099
f 1145/1319/1046 1144/1381/1101 1146/1327/1053
f 1160/1341/1063 1162/1387/1104 1164/1363/1084
f 1346/1351/1073 1361/1379/1099 1348/1380/1100
f 1345/1383/1103 1348/1380/1100 1361/1379/1099
f 1342/1356/1077 1344/1360/1081 1345/1383/1103
f 881/1388/1105 882/1364/1085 884/1375/1095
f 878/1389/1106 998/1332/1057 1000/1342/1064
f 1380/1368/1089 1383/1367/1088 1382/1390/1107
f 945/1317/1044 948/1391/1108 947/1357/1078
f 1144/1381/1101 490/1324/500 503/1392/507
f 870/1393/1109 868/1328/1054 867/1337/1059
f 868/1328/1054 870/1393/1109 873/1345/1067
f 878/1394/1106 880/1365/1086 879/1371/1092
f 949/1395/1110 947/1357/1078 948/1391/1108
f 881/1388/1105 879/1371/1092 882/1364/1085
f 1159/1339/1061 1162/1387/1104 1160/1341/1063
f 1372/1396/1111 1373/1397/1112 1374/1398/1113
f 1342/1356/1077 948/1399/1108 945/1336/1044
f 1278/1400/1097 1275/1401/1114 1277/1369/1090
f 1162/1402/1104 1370/1403/1115 1372/1396/1111
f 1373/1397/1112 1372/1396/1111 1370/1403/1115
f 1361/1386/1099 1259/1385/1083 1360/1404/1116
f 1359/1405/1117 1361/1379/1099 1360/1406/1116
f 1345/1383/1103 1361/1379/1099 1359/1405/1117
f 1035/1338/1060 1039/1407/1118 1038/1358/1079
f 1038/1358/1079 875/1408/1119 867/1354/1059
f 867/1337/1059 875/1409/1119 870/1393/1109
f 1288/1374/1094 998/1332/1057 999/1410/1120
f 1356/1411/1121 1359/1405/1117 1360/1406/1116
f 1382/1390/1107 1379/1412/1122 1380/1368/1089
f 1356/1411/1121 1345/1383/1103 1359/1405/1117
f 1157/1344/1066 1161/1413/1123 1159/1339/1061
f 1379/1412/1122 1278/1377/1097 1380/1368/1089
f 1146/1327/1053 1143/1414/1124 1157/1344/1066
f 1161/1413/1123 1162/1387/1104 1159/1339/1061
f 1277/1369/1090 1275/1401/1114 1259/1362/1083
f 1276/1415/1125 1360/1404/1116 1259/1385/1083
f 1342/1356/1077 1345/1383/1103 1356/1411/1121
f 1342/1356/1077 1347/1416/1126 948/1399/1108
f 1035/1338/1060 1165/1382/1102 1039/1407/1118
f 1342/1356/1077 1356/1411/1121 1347/1416/1126
f 873/1345/1067 870/1393/1109 874/1417/1127
f 874/1417/1127 876/1418/1128 873/1345/1067
f 1004/1353/1075 1002/1419/1129 1001/1378/1098
f 881/1388/1105 877/1420/1130 879/1371/1092
f 875/1408/1119 1038/1358/1079 1041/1421/1131
f 1008/1361/1082 1006/1422/1132 1004/1353/1075
f 1349/1423/1133 1350/1424/1134 1351/1425/1135
f 949/1395/1110 948/1391/1108 950/1426/1136
f 1143/1414/1124 1146/1327/1053 1144/1381/1101
f 1161/1413/1123 1157/1344/1066 1143/1414/1124
f 875/1408/1119 1041/1421/1131 1042/1427/1137
f 1006/1422/1132 1002/1419/1129 1004/1353/1075
f 877/1428/1130 1003/1370/1091 1001/1378/1098
f 1278/1377/1097 1379/1412/1122 1289/1429/1138
f 1349/1423/1133 1347/1416/1126 1350/1424/1134
f 1351/1425/1135 1358/1430/1139 1355/1431/1140
f 951/1432/1141 948/1399/1108 1347/1416/1126
f 877/1420/1130 878/1394/1106 879/1371/1092
f 1289/1433/1138 1275/1401/1114 1278/1400/1097
f 1161/1413/1123 1163/1434/1142 1162/1387/1104
f 1162/1402/1104 1163/1435/1142 1370/1403/1115
f 1289/1433/1138 1288/1374/1094 999/1410/1120
f 1007/1436/1143 1042/1427/1137 1041/1421/1131
f 1042/1427/1137 1007/1436/1143 1006/1422/1132
f 950/1426/1136 948/1391/1108 951/1437/1141
f 1144/1381/1101 1142/1438/1144 1143/1414/1124
f 1001/1378/1098 995/1439/1145 877/1428/1130
f 998/1332/1057 878/1389/1106 994/1440/1146
f 1355/1431/1140 1349/1423/1133 1351/1425/1135
f 1001/1378/1098 1002/1419/1129 995/1439/1145
f 878/1389/1106 877/1428/1130 994/1440/1146
f 998/1332/1057 996/1441/1147 999/1410/1120
f 1373/1397/1112 1377/1442/1148 1374/1398/1113
f 1378/1443/1149 1374/1398/1113 1377/1442/1148
f 1168/1444/1150 1039/1407/1118 1165/1382/1102
f 1007/1436/1143 1002/1419/1129 1006/1422/1132
f 994/1440/1146 996/1441/1147 998/1332/1057
f 1289/1433/1138 999/1410/1120 1275/1401/1114
f 1259/1362/1083 1266/1445/1151 1276/1446/1125
f 1347/1416/1126 1349/1423/1133 951/1432/1141
f 503/1392/507 1142/1438/1144 1144/1381/1101
f 1143/1414/1124 1177/1447/1152 1161/1413/1123
f 1038/1358/1079 1039/1407/1118 1041/1421/1131
f 501/1448/512 1142/1438/1144 503/1392/507
f 1161/1413/1123 1172/1449/1153 1163/1434/1142
f 1163/1435/1142 1371/1450/1154 1370/1403/1115
f 1043/1451/1155 1007/1436/1143 1041/1421/1131
f 950/1426/1136 952/1452/1156 949/1395/1110
f 1275/1401/1114 1266/1445/1151 1259/1362/1083
f 1371/1450/1154 1373/1397/1112 1370/1403/1115
f 1041/1421/1131 1039/1407/1118 1045/1453/1157
f 1142/1438/1144 1140/1454/1158 1143/1414/1124
f 1007/1436/1143 1043/1451/1155 1002/1419/1129
f 1176/1455/1159 1183/1456/1160 1182/1457/1161
f 1275/1401/1114 1274/1458/1162 1266/1445/1151
f 1177/1447/1152 1183/1456/1160 1176/1455/1159
f 1176/1455/1159 1173/1459/1163 1177/1447/1152
f 1161/1413/1123 1177/1447/1152 1173/1459/1163
f 877/1428/1130 995/1439/1145 994/1440/1146
f 1376/1460/1164 1377/1442/1148 1373/1397/1112
f 996/1441/1147 1306/1461/1165 999/1410/1120
f 1321/1462/1166 1143/1414/1124 1140/1454/1158
f 1173/1459/1163 1172/1449/1153 1161/1413/1123
f 1168/1444/1150 1045/1453/1157 1039/1407/1118
f 1275/1401/1114 999/1410/1120 1274/1458/1162
f 1266/1445/1151 1264/1463/1167 1276/1446/1125
f 1002/1419/1129 1051/1464/1168 995/1439/1145
f 1353/1465/1169 1349/1423/1133 1355/1431/1140
f 951/1437/1141 954/1466/1170 950/1426/1136
f 1176/1455/1159 1182/1457/1161 1179/1467/1171
f 1305/1468/1172 999/1410/1120 1306/1461/1165
f 1373/1397/1112 1375/1469/1173 1376/1460/1164
f 1041/1421/1131 1044/1470/1174 1043/1451/1155
f 1051/1464/1168 1052/1471/1175 995/1439/1145
f 1375/1469/1173 1373/1397/1112 1371/1450/1154
f 1045/1453/1157 1168/1444/1150 1169/1472/1176
f 1182/1457/1161 1141/1473/1177 1179/1467/1171
f 1002/1419/1129 1050/1474/1178 1051/1464/1168
f 995/1439/1145 993/1475/1179 994/1440/1146
f 1174/1476/1180 1173/1459/1163 1176/1455/1159
f 1041/1421/1131 1045/1453/1157 1044/1470/1174
f 999/1410/1120 1272/1477/1181 1274/1458/1162
f 1306/1478/1165 1307/1479/1182 1362/1480/1183
f 1362/1480/1183 1363/1481/1184 1365/1482/1185
f 999/1410/1120 1305/1468/1172 1272/1477/1181
f 1266/1445/1151 1274/1458/1162 1271/1483/1186
f 1043/1451/1155 1050/1474/1178 1002/1419/1129
f 1307/1484/1182 1306/1461/1165 996/1441/1147
f 1355/1431/1140 1354/1485/1187 1353/1465/1169
f 1141/1473/1177 1181/1486/1188 1179/1467/1171
f 1178/1487/1189 1176/1455/1159 1179/1467/1171
f 1174/1476/1180 1176/1455/1159 1178/1487/1189
f 1355/1431/1140 1357/1488/1190 1354/1485/1187
f 1172/1449/1153 1173/1459/1163 1124/1489/1191
f 1264/1463/1167 1262/1490/1192 1263/1491/1193
f 1137/1492/1194 1141/1473/1177 1140/1454/1158
f 1179/1467/1171 1181/1486/1188 1138/1493/1195
f 1171/1494/1196 1172/1449/1153 1124/1489/1191
f 992/1495/1197 996/1441/1147 994/1440/1146
f 996/1441/1147 992/1495/1197 997/1496/1198
f 1266/1445/1151 1265/1497/1199 1264/1463/1167
f 1349/1423/1133 1352/1498/1200 951/1432/1141
f 1139/1499/1201 1140/1454/1158 1142/1438/1144
f 1178/1487/1189 1179/1467/1171 1138/1493/1195
f 1169/1472/1176 1170/1500/1202 1045/1453/1157
f 1044/1470/1174 1046/1501/1203 1043/1451/1155
f 1264/1463/1167 1265/1497/1199 1262/1490/1192
f 950/1426/1136 953/1502/1204 952/1452/1156
f 501/1448/512 1139/1499/1201 1142/1438/1144
f 994/1440/1146 993/1475/1179 992/1495/1197
f 1307/1479/1182 1363/1481/1184 1362/1480/1183
f 1274/1458/1162 1270/1503/1205 1271/1483/1186
f 1266/1445/1151 1271/1483/1186 1265/1497/1199
f 950/1426/1136 954/1466/1170 953/1502/1204
f 1174/1476/1180 1178/1487/1189 1138/1493/1195
f 1363/1481/1184 1366/1504/1206 1365/1482/1185
f 1271/1483/1186 1270/1503/1205 1268/1505/1207
f 1354/1485/1187 1352/1498/1200 1353/1465/1169
f 1181/1486/1188 1141/1473/1177 1137/1492/1194
f 1171/1494/1196 1124/1489/1191 1169/1472/1176
f 1261/1506/1208 1263/1491/1193 1262/1490/1192
f 1352/1498/1200 1349/1423/1133 1353/1465/1169
f 1052/1471/1175 993/1475/1179 995/1439/1145
f 1271/1483/1186 1268/1505/1207 1265/1497/1199
f 833/1507/1209 837/1508/1210 831/1509/1211
f 1274/1458/1162 1272/1477/1181 1270/1503/1205
f 1138/1493/1195 1136/1510/1212 1174/1476/1180
f 1174/1476/1180 1124/1489/1191 1173/1459/1163
f 951/1437/1141 1260/1511/1213 954/1466/1170
f 1261/1506/1208 956/1512/1214 1260/1511/1213
f 1260/1513/1213 951/1432/1141 1352/1498/1200
f 1307/1479/1182 1364/1514/1215 1363/1481/1184
f 1267/1515/1216 1265/1497/1199 1268/1505/1207
f 1174/1476/1180 1175/1516/1217 1124/1489/1191
f 1262/1490/1192 956/1512/1214 1261/1506/1208
f 954/1466/1170 1260/1511/1213 956/1512/1214
f 1137/1492/1194 1140/1454/1158 1139/1499/1201
f 1181/1486/1188 1137/1492/1194 1138/1493/1195
f 501/1448/512 504/1517/520 1139/1499/1201
f 954/1466/1170 956/1512/1214 955/1518/1218
f 1137/1492/1194 1136/1510/1212 1138/1493/1195
f 1044/1470/1174 1045/1453/1157 1047/1519/1219
f 954/1466/1170 955/1518/1218 953/1502/1204
f 1174/1476/1180 1136/1510/1212 1175/1516/1217
f 1043/1451/1155 1046/1501/1203 1048/1520/1220
f 1048/1520/1220 1050/1474/1178 1043/1451/1155
f 831/1509/1211 832/1521/1221 833/1507/1209
f 1169/1472/1176 829/1522/1222 1170/1500/1202
f 1272/1477/1181 977/1523/1223 1270/1503/1205
f 993/1475/1179 988/1524/1224 992/1495/1197
f 1269/1525/1225 1268/1505/1207 1270/1503/1205
f 1267/1515/1216 1268/1505/1207 1269/1525/1225
f 975/1526/1226 1265/1497/1199 1267/1515/1216
f 1044/1470/1174 1047/1519/1219 1046/1501/1203
f 1124/1489/1191 829/1522/1222 1169/1472/1176
f 1272/1477/1181 1273/1527/1227 977/1523/1223
f 1369/1528/1228 1050/1529/1178 1048/1530/1220
f 1262/1490/1192 1265/1497/1199 975/1526/1226
f 991/1531/1229 992/1495/1197 988/1524/1224
f 829/1532/1222 828/1533/1230 831/1509/1211
f 1047/1519/1219 1324/1534/1231 1046/1501/1203
f 977/1523/1223 1269/1525/1225 1270/1503/1205
f 1175/1516/1217 1123/1535/1232 1124/1489/1191
f 1060/1536/1233 1059/1537/1234 993/1475/1179
f 1332/1538/1235 1333/1539/1236 1331/1540/1237
f 832/1521/1221 835/1541/1238 833/1507/1209
f 1139/1499/1201 1135/1542/1239 1137/1492/1194
f 1269/1525/1225 975/1526/1226 1267/1515/1216
f 1059/1537/1234 989/1543/1240 993/1475/1179
f 1332/1538/1235 1331/1540/1237 1330/1544/1241
f 832/1521/1221 831/1509/1211 828/1533/1230
f 959/1545/1242 956/1512/1214 1262/1490/1192
f 1329/1546/1243 1330/1544/1241 1331/1540/1237
f 1047/1519/1219 1322/1547/1244 1323/1548/1245
f 977/1523/1223 1273/1527/1227 976/1549/1246
f 974/1550/1247 1269/1525/1225 977/1523/1223
f 1262/1490/1192 975/1526/1226 959/1545/1242
f 1136/1510/1212 1180/1551/1248 1175/1516/1217
f 827/1552/1249 828/1533/1230 829/1532/1222
f 1136/1510/1212 1137/1492/1194 1135/1542/1239
f 830/1553/1250 832/1521/1221 828/1533/1230
f 955/1518/1218 956/1512/1214 959/1545/1242
f 829/1522/1222 1124/1489/1191 1123/1535/1232
f 1323/1548/1245 1324/1534/1231 1047/1519/1219
f 1048/1520/1220 1049/1554/1251 1054/1555/1252
f 989/1543/1240 988/1524/1224 993/1475/1179
f 976/1549/1246 974/1550/1247 977/1523/1223
f 1046/1501/1203 1049/1554/1251 1048/1520/1220
f 1135/1542/1239 1139/1499/1201 504/1517/520
f 1180/1551/1248 1136/1510/1212 1126/1556/1253
f 1123/1535/1232 1175/1516/1217 1126/1556/1253
f 829/1522/1222 1121/1557/1254 827/1558/1249
f 504/1517/520 507/1559/525 1135/1542/1239
f 827/1552/1249 830/1553/1250 828/1533/1230
f 975/1526/1226 1269/1525/1225 974/1550/1247
f 957/1560/1255 953/1502/1204 955/1518/1218
f 958/1561/1256 953/1502/1204 957/1560/1255
f 961/1562/1257 959/1545/1242 975/1526/1226
f 991/1531/1229 988/1524/1224 990/1563/1258
f 961/1562/1257 975/1526/1226 974/1550/1247
f 1126/1564/1253 1385/1565/1259 1180/1566/1248
f 1121/1557/1254 829/1522/1222 1123/1535/1232
f 1059/1537/1234 1055/1567/1260 989/1543/1240
f 1273/1527/1227 981/1568/1261 976/1549/1246
f 1049/1554/1251 1053/1569/1262 1054/1555/1252
f 990/1563/1258 988/1524/1224 985/1570/1263
f 1136/1510/1212 1131/1571/1264 1126/1556/1253
f 981/1568/1261 1330/1544/1241 1329/1546/1243
f 981/1568/1261 980/1572/1265 976/1549/1246
f 1123/1535/1232 1122/1573/1266 1121/1557/1254
f 832/1521/1221 834/1574/1267 835/1541/1238
f 1046/1501/1203 1053/1569/1262 1049/1554/1251
f 989/1543/1240 1055/1567/1260 1058/1575/1268
f 957/1560/1255 955/1518/1218 959/1545/1242
f 981/1568/1261 1329/1546/1243 980/1572/1265
f 834/1574/1267 832/1521/1221 830/1553/1250
f 1135/1542/1239 1131/1571/1264 1136/1510/1212
f 1324/1534/1231 1053/1569/1262 1046/1501/1203
f 974/1550/1247 976/1549/1246 972/1576/1269
f 1324/1534/1231 1323/1548/1245 1120/1577/1270
f 1126/1556/1253 1125/1578/1271 1123/1535/1232
f 1322/1547/1244 1120/1577/1270 1323/1548/1245
f 988/1524/1224 986/1579/1272 985/1570/1263
f 961/1562/1257 974/1550/1247 972/1576/1269
f 1054/1555/1252 1053/1569/1262 1055/1567/1260
f 1121/1557/1254 849/1580/1273 827/1558/1249
f 830/1553/1250 827/1552/1249 836/1581/1274
f 958/1561/1256 957/1560/1255 962/1582/1275
f 836/1583/1274 827/1558/1249 849/1580/1273
f 989/1543/1240 986/1579/1272 988/1524/1224
f 834/1574/1267 830/1553/1250 836/1581/1274
f 1053/1569/1262 1056/1584/1276 1055/1567/1260
f 1058/1575/1268 986/1579/1272 989/1543/1240
f 1126/1556/1253 1131/1571/1264 1125/1578/1271
f 1055/1567/1260 1056/1584/1276 1058/1575/1268
f 978/1585/1277 976/1549/1246 980/1572/1265
f 836/1583/1274 1120/1577/1270 1322/1547/1244
f 978/1585/1277 972/1576/1269 976/1549/1246
f 1123/1535/1232 1125/1578/1271 1122/1573/1266
f 980/1572/1265 982/1586/1278 978/1585/1277
f 507/1559/525 509/1587/534 1135/1542/1239
f 959/1545/1242 960/1588/1279 957/1560/1255
f 1135/1542/1239 509/1587/534 1131/1571/1264
f 1130/1589/1280 1125/1578/1271 1131/1571/1264
f 982/1586/1278 985/1570/1263 983/1590/1281
f 961/1562/1257 960/1588/1279 959/1545/1242
f 856/1591/1282 1053/1569/1262 1324/1534/1231
f 849/1580/1273 1120/1577/1270 836/1583/1274
f 962/1582/1275 957/1560/1255 960/1588/1279
f 1121/1557/1254 855/1592/1283 849/1580/1273
f 972/1576/1269 965/1593/1284 961/1562/1257
f 1058/1575/1268 1056/1584/1276 986/1579/1272
f 1121/1557/1254 1122/1573/1266 855/1592/1283
f 856/1591/1282 1324/1534/1231 1120/1577/1270
f 986/1579/1272 983/1590/1281 985/1570/1263
f 961/1562/1257 965/1593/1284 960/1588/1279
f 1056/1584/1276 1053/1569/1262 1057/1594/1285
f 983/1590/1281 978/1585/1277 982/1586/1278
f 855/1592/1283 1122/1573/1266 1127/1595/1286
f 1127/1595/1286 1122/1573/1266 1125/1578/1271
f 849/1596/1273 855/1597/1283 851/1598/1287
f 1120/1577/1270 1118/1599/1288 856/1591/1282
f 1053/1569/1262 1325/1600/1289 1057/1594/1285
f 856/1591/1282 1325/1600/1289 1053/1569/1262
f 856/1591/1282 858/1601/1290 1325/1600/1289
f 1056/1584/1276 1061/1602/1291 986/1579/1272
f 509/1587/534 1130/1589/1280 1131/1571/1264
f 978/1585/1277 979/1603/1292 972/1576/1269
f 979/1603/1292 973/1604/1293 972/1576/1269
f 856/1605/1282 857/1606/1294 858/1607/1290
f 858/1607/1290 859/1608/1295 861/1609/1296
f 851/1598/1287 850/1610/1297 849/1596/1273
f 1120/1577/1270 849/1580/1273 848/1611/1298
f 986/1579/1272 1061/1602/1291 1063/1612/1299
f 1063/1612/1299 987/1613/1300 986/1579/1272
f 1130/1589/1280 509/1587/534 513/1614/536
f 1056/1584/1276 1057/1594/1285 1064/1615/1301
f 970/1616/1302 972/1576/1269 973/1604/1293
f 1118/1599/1288 857/1617/1294 856/1591/1282
f 861/1609/1296 859/1608/1295 862/1618/1303
f 962/1582/1275 960/1588/1279 963/1619/1304
f 848/1620/1298 849/1596/1273 850/1610/1297
f 1128/1621/1305 1127/1595/1286 1125/1578/1271
f 848/1611/1298 1118/1599/1288 1120/1577/1270
f 979/1603/1292 1082/1622/1306 973/1604/1293
f 858/1607/1290 857/1606/1294 859/1608/1295
f 1056/1584/1276 1062/1623/1307 1061/1602/1291
f 979/1603/1292 1081/1624/1308 1082/1622/1306
f 978/1585/1277 1080/1625/1309 979/1603/1292
f 972/1576/1269 970/1616/1302 965/1593/1284
f 1064/1615/1301 1062/1623/1307 1056/1584/1276
f 1080/1626/1309 1081/1627/1308 979/1628/1292
f 1125/1578/1271 1130/1589/1280 1128/1621/1305
f 854/1629/1310 850/1610/1297 851/1598/1287
f 853/1630/1311 850/1610/1297 854/1629/1310
f 848/1611/1298 1114/1631/1312 1118/1599/1288
f 978/1585/1277 983/1590/1281 984/1632/1313
f 850/1610/1297 852/1633/1314 848/1620/1298
f 983/1590/1281 986/1579/1272 987/1613/1300
f 1117/1634/1315 1114/1631/1312 848/1611/1298
f 983/1590/1281 987/1613/1300 1077/1635/1316
f 973/1604/1293 1082/1622/1306 1084/1636/1317
f 970/1616/1302 968/1637/1318 965/1593/1284
f 1118/1599/1288 1119/1638/1319 857/1617/1294
f 965/1593/1284 964/1639/1320 960/1588/1279
f 960/1588/1279 964/1639/1320 963/1619/1304
f 984/1632/1313 1080/1625/1309 978/1585/1277
f 859/1608/1295 860/1640/1321 862/1618/1303
f 1129/1641/1322 1127/1595/1286 1128/1621/1305
f 973/1604/1293 1086/1642/1323 970/1616/1302
f 513/1614/536 515/1643/544 1130/1589/1280
f 852/1633/1314 850/1610/1297 853/1630/1311
f 857/1606/1294 860/1640/1321 859/1608/1295
f 1064/1615/1301 1065/1644/1324 1062/1623/1307
f 973/1604/1293 1084/1636/1317 1086/1642/1323
f 1119/1638/1319 866/1645/1325 857/1617/1294
f 857/1606/1294 866/1646/1325 860/1640/1321
f 965/1593/1284 968/1637/1318 964/1639/1320
f 1082/1622/1306 1085/1647/1326 1084/1636/1317
f 1129/1641/1322 1116/1648/1327 1133/1649/1328
f 1082/1622/1306 1081/1624/1308 1083/1650/1329
f 1077/1635/1316 984/1632/1313 983/1590/1281
f 1085/1647/1326 1082/1622/1306 1083/1650/1329
f 964/1639/1320 966/1651/1330 963/1619/1304
f 1080/1626/1309 1328/1652/1331 1081/1627/1308
f 1130/1589/1280 515/1643/544 1128/1621/1305
f 1128/1621/1305 1116/1648/1327 1129/1641/1322
f 984/1632/1313 1078/1653/1332 1080/1625/1309
f 1086/1642/1323 971/1654/1333 970/1616/1302
f 1083/1655/1329 1081/1627/1308 1328/1652/1331
f 1083/1650/1329 1328/1656/1331 1088/1657/1334
f 1085/1647/1326 1083/1650/1329 1088/1657/1334
f 971/1654/1333 968/1637/1318 970/1616/1302
f 1078/1658/1332 1328/1652/1331 1080/1626/1309
f 1119/1638/1319 1118/1599/1288 1114/1631/1312
f 1077/1635/1316 1074/1659/1335 984/1632/1313
f 1086/1642/1323 1084/1636/1317 1085/1647/1326
f 1133/1649/1328 1116/1648/1327 1134/1660/1336
f 1117/1634/1315 1115/1661/1337 1114/1631/1312
f 1064/1615/1301 1066/1662/1338 1065/1644/1324
f 1086/1642/1323 1085/1647/1326 971/1654/1333
f 1078/1653/1332 1088/1657/1334 1328/1656/1331
f 1065/1644/1324 1066/1662/1338 1067/1663/1339
f 1114/1631/1312 1107/1664/1340 1119/1638/1319
f 866/1645/1325 1119/1638/1319 1107/1664/1340
f 968/1637/1318 967/1665/1341 964/1639/1320
f 862/1618/1303 860/1640/1321 863/1666/1342
f 866/1646/1325 865/1667/1343 860/1640/1321
f 966/1651/1330 964/1639/1320 967/1665/1341
f 863/1666/1342 860/1640/1321 864/1668/1344
f 1066/1662/1338 1068/1669/1345 1067/1663/1339
f 984/1632/1313 1075/1670/1346 1078/1653/1332
f 860/1640/1321 865/1667/1343 864/1668/1344
f 1087/1671/1347 1085/1647/1326 1088/1657/1334
f 525/1672/550 1128/1621/1305 515/1643/544
f 866/1645/1325 1106/1673/1348 865/1674/1343
f 984/1632/1313 1074/1659/1335 1075/1670/1346
f 1107/1664/1340 1114/1631/1312 1109/1675/1349
f 1116/1648/1327 1113/1676/1350 1115/1661/1337
f 1087/1671/1347 971/1654/1333 1085/1647/1326
f 866/1645/1325 1107/1664/1340 1106/1673/1348
f 971/1654/1333 1087/1671/1347 968/1637/1318
f 1115/1661/1337 1113/1676/1350 1114/1631/1312
f 865/1674/1343 1101/1677/1351 1327/1678/1352
f 1101/1677/1351 1066/1662/1338 1327/1678/1352
f 1107/1664/1340 1109/1675/1349 1108/1679/1353
f 1087/1671/1347 969/1680/1354 968/1637/1318
f 1073/1681/1355 1071/1682/1356 1074/1659/1335
f 1109/1675/1349 1114/1631/1312 1113/1676/1350
f 1132/1683/1357 1113/1676/1350 1116/1648/1327
f 1074/1659/1335 1071/1682/1356 1075/1670/1346
f 1128/1621/1305 526/1684/555 1116/1648/1327
f 1102/1685/1358 865/1674/1343 1106/1673/1348
f 1101/1677/1351 865/1674/1343 1102/1685/1358
f 1075/1670/1346 1079/1686/1359 1078/1653/1332
f 1078/1653/1332 1079/1686/1359 1088/1657/1334
f 1104/1687/1360 1107/1664/1340 1108/1679/1353
f 1106/1673/1348 1107/1664/1340 1104/1687/1360
f 1066/1662/1338 1101/1677/1351 1069/1688/1361
f 1069/1688/1361 1068/1669/1345 1066/1662/1338
f 967/1689/1341 1367/1690/1362 1368/1691/1363
f 1088/1657/1334 1079/1686/1359 1087/1671/1347
f 526/1684/555 1132/1683/1357 1116/1648/1327
f 1070/1692/1364 1067/1663/1339 1068/1669/1345
f 526/1684/555 1128/1621/1305 525/1672/550
f 969/1680/1354 967/1665/1341 968/1637/1318
f 967/1689/1341 969/1693/1354 1367/1690/1362
f 1070/1692/1364 1071/1682/1356 1073/1681/1355
f 1089/1694/1365 969/1680/1354 1087/1671/1347
f 1132/1683/1357 526/1684/555 1113/1676/1350
f 1087/1671/1347 1079/1686/1359 1089/1694/1365
f 1099/1695/1366 1101/1677/1351 1102/1685/1358
f 1113/1676/1350 1111/1696/1367 1109/1675/1349
f 1110/1697/1368 1108/1679/1353 1109/1675/1349
f 1104/1687/1360 1102/1685/1358 1106/1673/1348
f 1104/1687/1360 1108/1679/1353 1105/1698/1369
f 1069/1688/1361 1101/1677/1351 1099/1695/1366
f 1104/1687/1360 1103/1699/1370 1102/1685/1358
f 1068/1669/1345 1071/1682/1356 1070/1692/1364
f 1103/1699/1370 1104/1687/1360 1105/1698/1369
f 1076/1700/1371 1075/1670/1346 1071/1682/1356
f 1075/1670/1346 1076/1700/1371 1079/1686/1359
f 1367/1690/1362 969/1693/1354 1090/1701/1372
f 527/1702/560 1113/1676/1350 526/1684/555
f 1105/1698/1369 1108/1679/1353 1110/1697/1368
f 1113/1676/1350 527/1702/560 1111/1696/1367
f 1076/1700/1371 1089/1694/1365 1079/1686/1359
f 1109/1675/1349 1111/1696/1367 1110/1697/1368
f 1068/1669/1345 1072/1703/1373 1071/1682/1356
f 969/1680/1354 1089/1694/1365 1090/1704/1372
f 1100/1705/1374 1103/1699/1370 1105/1698/1369
f 1103/1699/1370 1100/1705/1374 1099/1695/1366
f 1103/1699/1370 1099/1695/1366 1102/1685/1358
f 1069/1688/1361 1072/1703/1373 1068/1669/1345
f 1097/1706/1375 1099/1695/1366 1100/1705/1374
f 1099/1695/1366 1097/1706/1375 1069/1688/1361
f 1100/1705/1374 1105/1698/1369 1110/1697/1368
f 1071/1682/1356 1072/1703/1373 1076/1700/1371
f 1091/1707/1376 1090/1704/1372 1089/1694/1365
f 1110/1697/1368 1098/1708/1377 1100/1705/1374
f 1072/1703/1373 1069/1688/1361 1094/1709/1378
f 1111/1696/1367 1098/1708/1377 1110/1697/1368
f 1100/1705/1374 1098/1708/1377 1097/1706/1375
f 1076/1700/1371 1091/1707/1376 1089/1694/1365
f 1111/1696/1367 527/1702/560 1112/1710/1379
f 1069/1688/1361 1095/1711/1380 1094/1709/1378
f 1097/1706/1375 1096/1712/1381 1069/1688/1361
f 1111/1696/1367 1112/1710/1379 1098/1708/1377
f 1092/1713/1382 1091/1707/1376 1076/1700/1371
f 1098/1708/1377 1096/1712/1381 1097/1706/1375
f 1112/1710/1379 1326/1714/1383 1098/1708/1377
f 1095/1711/1380 1069/1688/1361 1096/1712/1381
f 1093/1715/1384 1094/1709/1378 1095/1711/1380
f 1093/1715/1384 1072/1703/1373 1094/1709/1378
f 1072/1703/1373 1092/1713/1382 1076/1700/1371
f 1093/1715/1384 1092/1713/1382 1072/1703/1373
f 1326/1714/1383 1096/1712/1381 1098/1708/1377
f 1238/1175/915 1340/1173/917 1235/1178/921
f 939/1257/988 936/1236/969 940/1258/989
f 635/1716/628 462/1717/464 461/1718/463
f 634/1719/631 1387/1720/1385 635/1716/628
f 634/1719/631 587/1721/630 589/1722/633
f 634/1719/631 589/1722/633 1427/1723/1386
f 1387/1720/1385 1386/1724/1387 635/1716/628
f 462/1717/464 635/1716/628 1386/1724/1387
f 1387/1720/1385 634/1719/631 1427/1723/1386
f 1427/1723/1386 589/1722/633 919/1725/849
f 1426/1726/1388 1427/1723/1386 919/1725/849
f 1426/1726/1388 1387/1720/1385 1427/1723/1386
f 1386/1724/1387 1387/1720/1385 1389/1727/1389
f 1387/1720/1385 1426/1726/1388 1389/1727/1389
f 1388/1728/1390 1386/1724/1387 1389/1727/1389
f 462/1717/464 1386/1724/1387 1388/1728/1390
f 919/1725/849 921/1729/864 1426/1726/1388
f 1389/1727/1389 1391/1730/1391 1388/1728/1390
f 1391/1730/1391 1389/1727/1389 1426/1726/1388
f 1388/1728/1390 1390/1731/1392 462/1717/464
f 463/1732/466 462/1717/464 1390/1731/1392
f 1391/1730/1391 1390/1731/1392 1388/1728/1390
f 1426/1726/1388 1396/1733/1393 1391/1730/1391
f 1396/1733/1393 1426/1726/1388 921/1729/864
f 1391/1730/1391 1396/1733/1393 1334/1734/907
f 1334/1734/907 1396/1733/1393 921/1729/864
f 1391/1730/1391 1394/1735/1394 1390/1731/1392
f 1394/1735/1394 1391/1730/1391 1334/1734/907
f 464/1736/475 463/1732/466 1390/1731/1392
f 1392/1737/1395 464/1736/475 1390/1731/1392
f 1394/1735/1394 1392/1737/1395 1390/1731/1392
f 1397/1738/1396 1394/1735/1394 1334/1734/907
f 1392/1737/1395 1394/1735/1394 1395/1739/1397
f 1395/1739/1397 1394/1735/1394 1397/1738/1396
f 934/1740/906 1397/1738/1396 1334/1734/907
f 464/1736/475 1392/1737/1395 1393/1741/1398
f 1397/1738/1396 934/1740/906 1398/1742/1399
f 1397/1738/1396 1399/1743/1400 1395/1739/1397
f 1392/1737/1395 1395/1739/1397 1393/1741/1398
f 1399/1743/1400 1397/1738/1396 1398/1742/1399
f 1393/1741/1398 1395/1739/1397 1402/1744/1401
f 1402/1744/1401 1395/1739/1397 1399/1743/1400
f 1398/1742/1399 934/1740/906 935/1745/954
f 1398/1742/1399 1400/1746/1402 1399/1743/1400
f 1399/1743/1400 1400/1746/1402 1402/1744/1401
f 1393/1741/1398 1403/1747/1403 464/1736/475
f 1403/1747/1403 1393/1741/1398 1402/1744/1401
f 1401/1748/1404 1398/1742/1399 935/1745/954
f 1400/1746/1402 1398/1742/1399 1401/1748/1404
f 465/1749/485 464/1736/475 1403/1747/1403
f 1402/1744/1401 1400/1746/1402 1403/1747/1403
f 1400/1746/1402 1405/1750/1405 1403/1747/1403
f 465/1749/485 1403/1747/1403 1404/1751/1406
f 1401/1748/1404 935/1745/954 938/1752/985
f 1406/1753/1407 1403/1747/1403 1405/1750/1405
f 1401/1748/1404 938/1752/985 941/1754/1014
f 1400/1746/1402 1401/1748/1404 941/1754/1014
f 941/1754/1014 1405/1750/1405 1400/1746/1402
f 941/1754/1014 1424/1755/1408 1405/1750/1405
f 941/1754/1014 944/1756/1029 1424/1755/1408
f 1405/1750/1405 1407/1757/1409 1406/1753/1407
f 1408/1758/1410 1405/1750/1405 1424/1755/1408
f 1405/1750/1405 1408/1758/1410 1407/1757/1409
f 1424/1755/1408 944/1756/1029 947/1759/1078
f 1407/1757/1409 1409/1760/1411 1406/1753/1407
f 1408/1758/1410 1410/1761/1412 1407/1757/1409
f 1423/1762/1413 1424/1755/1408 947/1759/1078
f 1423/1762/1413 1408/1758/1410 1424/1755/1408
f 1407/1757/1409 1410/1761/1412 1409/1760/1411
f 1423/1762/1413 947/1759/1078 949/1763/1110
f 1410/1761/1412 1408/1758/1410 1423/1762/1413
f 1410/1761/1412 1411/1764/1414 1409/1760/1411
f 1423/1762/1413 1413/1765/1415 1410/1761/1412
f 1423/1762/1413 949/1763/1110 952/1766/1156
f 1413/1765/1415 1412/1767/1416 1410/1761/1412
f 1413/1765/1415 1423/1762/1413 1421/1768/1417
f 1421/1768/1417 1423/1762/1413 952/1766/1156
f 1411/1764/1414 1415/1769/1418 1425/1770/1419
f 1421/1768/1417 952/1766/1156 953/1771/1204
f 1411/1764/1414 1410/1761/1412 1412/1767/1416
f 1412/1767/1416 1413/1765/1415 1421/1768/1417
f 1414/1772/1420 1411/1764/1414 1412/1767/1416
f 1411/1764/1414 1414/1772/1420 1415/1769/1418
f 958/1773/1256 1421/1768/1417 953/1771/1204
f 1415/1769/1418 1414/1772/1420 1419/1774/1421
f 1412/1767/1416 1421/1768/1417 958/1773/1256
f 1414/1772/1420 1412/1767/1416 1416/1775/1422
f 1412/1767/1416 958/1773/1256 1416/1775/1422
f 1419/1774/1421 1414/1772/1420 1418/1776/1423
f 1422/1777/1424 958/1773/1256 962/1778/1275
f 1422/1777/1424 1416/1775/1422 958/1773/1256
f 1417/1779/1425 1414/1772/1420 1416/1775/1422
f 1418/1776/1423 1414/1772/1420 1417/1779/1425
f 1417/1779/1425 1420/1780/1426 1418/1776/1423
f 1428/1781/1427 1320/1782/845 1319/1783/852
f 1429/1784/1428 1320/1782/845 1428/1781/1427
f 905/1785/848 1320/1782/845 1429/1784/1428
f 1319/1783/852 1430/1786/1429 1428/1781/1427
f 1428/1781/1427 1430/1786/1429 843/1787/874
f 843/1787/874 1429/1784/1428 1428/1781/1427
f 1429/1784/1428 843/1787/874 844/1788/873
f 1213/1789/868 905/1785/848 1429/1784/1428
f 1431/1790/1430 1213/1789/868 1429/1784/1428
f 843/1787/874 1430/1786/1429 842/1791/877
f 844/1788/873 846/1792/891 1429/1784/1428
f 1431/1790/1430 1429/1784/1428 846/1792/891
f 1430/1786/1429 1319/1783/852 842/1791/877
f 842/1791/877 1319/1783/852 838/1793/878
f 1228/1794/867 1339/1795/881 1230/1796/856
f 1339/1795/881 1338/1797/883 1230/1796/856
f 1432/1798/1431 1230/1796/856 1338/1797/883
f 1432/1798/1431 925/1799/872 1230/1796/856
f 1338/1797/883 1337/1800/904 1432/1798/1431
f 925/1799/872 1432/1798/1431 1239/1801/899
f 1337/1800/904 1341/1802/918 1432/1798/1431
f 1239/1801/899 1432/1798/1431 1341/1802/918
f 1238/1803/915 1239/1801/899 1341/1802/918
f 1431/1804/1430 1210/1805/887 1213/1806/868
f 1433/1807/1432 1210/1805/887 1431/1804/1430
f 1431/1804/1430 846/1808/891 1433/1807/1432
f 845/1809/886 1433/1807/1432 846/1808/891
f 1434/1810/1433 1210/1805/887 1433/1807/1432
f 845/1809/886 1434/1810/1433 1433/1807/1432
f 1434/1810/1433 847/1811/910 1210/1805/887
f 845/1809/886 841/1812/898 1434/1810/1433
f 1434/1810/1433 841/1812/898 847/1811/910
f 928/1813/913 926/1814/909 1435/1815/1434
f 926/1814/909 1436/1816/1435 1435/1815/1434
f 927/1817/920 1436/1816/1435 926/1814/909
f 1440/1818/1436 927/1817/920 1236/1819/905
f 1436/1816/1435 927/1817/920 1440/1818/1436
f 1442/1820/1437 1440/1818/1436 1236/1819/905
f 1437/1821/1438 1435/1815/1434 1436/1816/1435
f 1442/1820/1437 1236/1819/905 1237/1822/940
f 1436/1816/1435 1440/1818/1436 1439/1823/1439
f 1439/1823/1439 1440/1818/1436 1442/1820/1437
f 1441/1824/1440 1442/1820/1437 1237/1822/940
f 1439/1823/1439 1442/1820/1437 1441/1824/1440
f 1242/1825/959 1441/1824/1440 1237/1822/940
f 1437/1821/1438 1436/1816/1435 1438/1826/1441
f 1438/1826/1441 1436/1816/1435 1439/1823/1439
f 1438/1826/1441 1439/1823/1439 1441/1824/1440
f 1443/1827/1442 1438/1826/1441 1441/1824/1440
f 1242/1825/959 1243/1828/968 1441/1824/1440
f 1243/1828/968 1443/1827/1442 1441/1824/1440
f 1435/1829/1434 1444/1830/1443 928/1831/913
f 929/1832/930 928/1831/913 1444/1830/1443
f 1435/1829/1434 1437/1833/1438 1444/1830/1443
f 1445/1834/1444 1444/1830/1443 1437/1833/1438
f 1445/1834/1444 1437/1833/1438 1446/1835/1445
f 1445/1834/1444 929/1832/930 1444/1830/1443
f 931/1836/946 929/1832/930 1445/1834/1444
f 1446/1835/1445 1437/1833/1438 1438/1837/1441
f 931/1836/946 1445/1834/1444 1247/1838/963
f 1443/1839/1442 1446/1835/1445 1438/1837/1441
f 1446/1835/1445 1247/1838/963 1445/1834/1444
f 1246/1840/974 1247/1838/963 1446/1835/1445
f 1246/1840/974 1446/1835/1445 1443/1839/1442
f 1243/1841/968 1246/1840/974 1443/1839/1442
f 66/1842/192 68/1843/196 1447/1844/1446
f 47/1845/210 46/1846/211 1660/1847/1447
f 52/1848/207 780/1849/678 50/1850/205
f 70/1851/201 73/1852/206 1646/1853/1448
f 63/1854/199 1453/1855/1449 59/1856/194
f 22/1857/197 21/1858/212 1659/1859/1450
f 1659/1859/1450 46/1846/211 22/1857/197
f 63/1854/199 65/1860/204 1453/1855/1449
f 66/1842/192 1447/1844/1446 65/1860/204
f 56/1861/209 1478/1862/1451 55/1863/213
f 68/1843/196 1448/1864/1452 1447/1844/1446
f 1659/1859/1450 1660/1847/1447 46/1846/211
f 780/1849/678 52/1848/207 779/1865/697
f 68/1843/196 70/1851/201 1448/1864/1452
f 1648/1866/1453 73/1852/206 47/1845/210
f 59/1856/194 1454/1867/1454 58/1868/208
f 59/1856/194 1453/1855/1449 1454/1867/1454
f 47/1845/210 1660/1847/1447 1648/1866/1453
f 1648/1866/1453 1646/1853/1448 73/1852/206
f 58/1868/208 1480/1869/1455 56/1861/209
f 1650/1870/1456 1660/1847/1447 1659/1859/1450
f 70/1851/201 1646/1853/1448 1587/1871/1457
f 1453/1855/1449 65/1860/204 1451/1872/1458
f 1648/1866/1453 1660/1847/1447 1651/1873/1459
f 1647/1874/1460 1646/1853/1448 1648/1866/1453
f 779/1865/697 52/1848/207 1476/1875/1461
f 56/1861/209 1480/1869/1455 1478/1862/1451
f 1454/1867/1454 1453/1855/1449 1452/1876/1462
f 65/1860/204 1449/1877/1463 1451/1872/1458
f 1447/1844/1446 1448/1864/1452 1588/1878/1464
f 52/1848/207 55/1863/213 1476/1875/1461
f 55/1863/213 1478/1862/1451 1477/1879/1465
f 70/1851/201 1587/1871/1457 1448/1864/1452
f 65/1860/204 1447/1844/1446 1449/1877/1463
f 1476/1875/1461 55/1863/213 1477/1879/1465
f 21/1858/212 465/1880/485 1659/1859/1450
f 1480/1869/1455 58/1868/208 1457/1881/1466
f 1660/1847/1447 1650/1870/1456 1651/1873/1459
f 1648/1866/1453 1651/1873/1459 1649/1882/1467
f 1647/1874/1460 1648/1866/1453 1649/1882/1467
f 58/1868/208 1454/1867/1454 1457/1881/1466
f 1587/1871/1457 1646/1853/1448 1584/1883/1468
f 1453/1855/1449 1451/1872/1458 1452/1876/1462
f 1447/1844/1446 1588/1878/1464 1450/1884/1469
f 1646/1853/1448 1647/1874/1460 1584/1883/1468
f 1478/1862/1451 1479/1885/1470 1477/1879/1465
f 1587/1871/1457 1583/1886/1471 1448/1864/1452
f 1449/1877/1463 1447/1844/1446 1450/1884/1469
f 1584/1883/1468 1647/1874/1460 1649/1882/1467
f 1478/1862/1451 1480/1869/1455 1479/1885/1470
f 465/1880/485 1404/1887/1406 1659/1859/1450
f 1651/1873/1459 1650/1870/1456 1649/1882/1467
f 1466/1888/1472 1480/1869/1455 1457/1881/1466
f 1583/1886/1471 1587/1871/1457 1584/1883/1468
f 1479/1885/1470 1480/1869/1455 1466/1888/1472
f 1588/1878/1464 1448/1864/1452 1450/1884/1469
f 1454/1867/1454 1452/1876/1462 1455/1889/1473
f 1457/1881/1466 1454/1867/1454 1456/1890/1474
f 1476/1875/1461 1475/1891/1475 779/1865/697
f 1448/1864/1452 1583/1886/1471 1585/1892/1476
f 1452/1876/1462 1451/1872/1458 1449/1877/1463
f 1659/1859/1450 1658/1893/1477 1650/1870/1456
f 1448/1864/1452 1585/1892/1476 1450/1884/1469
f 1476/1875/1461 1477/1879/1465 1472/1894/1478
f 1649/1882/1467 1650/1870/1456 1582/1895/1479
f 1456/1890/1474 1454/1867/1454 1455/1889/1473
f 1472/1894/1478 1477/1879/1465 1479/1885/1470
f 1584/1883/1468 1649/1882/1467 1581/1896/1480
f 1456/1890/1474 1462/1897/1481 1457/1881/1466
f 1476/1875/1461 1472/1894/1478 1475/1891/1475
f 1452/1876/1462 1449/1877/1463 1455/1889/1473
f 1583/1886/1471 1584/1883/1468 1581/1896/1480
f 1466/1888/1472 1457/1881/1466 1462/1897/1481
f 1590/1898/1482 1449/1877/1463 1450/1884/1469
f 778/1899/710 779/1865/697 1475/1891/1475
f 1581/1896/1480 1649/1882/1467 1582/1895/1479
f 1583/1886/1471 1579/1900/1483 1585/1892/1476
f 1479/1885/1470 1466/1888/1472 1465/1901/1484
f 1450/1884/1469 1585/1892/1476 1586/1902/1485
f 1582/1895/1479 1650/1870/1456 1652/1903/1486
f 1653/1904/1487 1650/1870/1456 1658/1893/1477
f 1479/1885/1470 1465/1901/1484 1472/1894/1478
f 1585/1892/1476 1579/1900/1483 1586/1902/1485
f 1583/1886/1471 1581/1896/1480 1579/1900/1483
f 1475/1891/1475 1472/1894/1478 1471/1905/1488
f 1658/1893/1477 1656/1906/1489 1653/1904/1487
f 1653/1904/1487 1652/1903/1486 1650/1870/1456
f 1582/1895/1479 1571/1907/1490 1581/1896/1480
f 1449/1877/1463 1590/1898/1482 1455/1889/1473
f 1581/1896/1480 1571/1907/1490 1580/1908/1491
f 778/1899/710 1475/1891/1475 754/1909/722
f 1455/1889/1473 1458/1910/1492 1456/1890/1474
f 1475/1891/1475 1471/1905/1488 754/1909/722
f 1579/1900/1483 1581/1896/1480 1580/1908/1491
f 1582/1895/1479 1652/1903/1486 1569/1911/1493
f 1652/1903/1486 1653/1904/1487 1567/1912/1494
f 1582/1895/1479 1569/1911/1493 1571/1907/1490
f 1590/1898/1482 1450/1884/1469 1589/1913/1495
f 1466/1888/1472 1462/1897/1481 1465/1901/1484
f 1595/1914/1496 1590/1898/1482 1589/1913/1495
f 1586/1902/1485 1579/1900/1483 1637/1915/1497
f 1656/1906/1489 1655/1916/1498 1653/1904/1487
f 1579/1900/1483 1580/1908/1491 1578/1917/1499
f 1455/1889/1473 1590/1898/1482 1595/1914/1496
f 1571/1907/1490 1578/1917/1499 1580/1908/1491
f 1472/1894/1478 1465/1901/1484 1471/1905/1488
f 1456/1890/1474 1458/1910/1492 1460/1918/1500
f 1462/1897/1481 1456/1890/1474 1460/1918/1500
f 1589/1913/1495 1450/1884/1469 1586/1902/1485
f 1652/1903/1486 1567/1912/1494 1566/1919/1501
f 1455/1889/1473 1595/1914/1496 1459/1920/1502
f 1569/1911/1493 1652/1903/1486 1566/1919/1501
f 1654/1921/1503 1567/1912/1494 1653/1904/1487
f 1653/1904/1487 1655/1916/1498 1654/1921/1503
f 1465/1901/1484 1462/1897/1481 1463/1922/1504
f 1458/1910/1492 1455/1889/1473 1459/1920/1502
f 1462/1897/1481 1460/1918/1500 1463/1922/1504
f 1566/1919/1501 1567/1912/1494 1565/1923/1505
f 1569/1911/1493 1568/1924/1506 1571/1907/1490
f 1567/1912/1494 1654/1921/1503 1565/1923/1505
f 1655/1916/1498 1657/1925/1507 1654/1921/1503
f 1471/1905/1488 1473/1926/1508 754/1909/722
f 1579/1900/1483 1578/1917/1499 1576/1927/1509
f 1569/1911/1493 1566/1919/1501 1568/1924/1506
f 1595/1914/1496 1593/1928/1510 1459/1920/1502
f 1465/1901/1484 1463/1922/1504 1467/1929/1511
f 1595/1914/1496 1589/1913/1495 1593/1928/1510
f 1471/1905/1488 1465/1901/1484 1469/1930/1512
f 1578/1917/1499 1571/1907/1490 1570/1931/1513
f 1586/1902/1485 1637/1915/1497 1592/1932/1514
f 1571/1907/1490 1568/1924/1506 1570/1931/1513
f 1471/1905/1488 1469/1930/1512 1473/1926/1508
f 1576/1927/1509 1578/1917/1499 1570/1931/1513
f 1561/1933/1515 1565/1923/1505 1654/1921/1503
f 1586/1902/1485 1591/1934/1516 1589/1913/1495
f 1465/1901/1484 1467/1929/1511 1469/1930/1512
f 1589/1913/1495 1591/1934/1516 1593/1928/1510
f 1579/1900/1483 1576/1927/1509 1577/1935/1517
f 1579/1900/1483 1577/1935/1517 1637/1915/1497
f 1566/1919/1501 1565/1923/1505 1563/1936/1518
f 1568/1924/1506 1566/1919/1501 1563/1936/1518
f 1561/1933/1515 1654/1921/1503 1661/1937/1519
f 1458/1910/1492 1461/1938/1520 1460/1918/1500
f 1586/1902/1485 1592/1932/1514 1591/1934/1516
f 1576/1927/1509 1574/1939/1521 1577/1935/1517
f 1574/1939/1521 1576/1927/1509 1570/1931/1513
f 754/1909/722 1473/1926/1508 1474/1940/1522
f 1458/1910/1492 1459/1920/1502 1597/1941/1523
f 754/1909/722 1474/1940/1522 752/1942/726
f 1593/1928/1510 1591/1934/1516 1594/1943/1524
f 1463/1922/1504 1460/1918/1500 1464/1944/1525
f 1459/1920/1502 1593/1928/1510 1596/1945/1526
f 1577/1935/1517 1636/1946/1527 1637/1915/1497
f 1570/1931/1513 1568/1924/1506 1564/1947/1528
f 1568/1924/1506 1563/1936/1518 1564/1947/1528
f 1637/1915/1497 1636/1946/1527 1592/1932/1514
f 1460/1918/1500 1461/1938/1520 1464/1944/1525
f 1592/1932/1514 1639/1948/1529 1591/1934/1516
f 1565/1923/1505 1560/1949/1530 1563/1936/1518
f 1593/1928/1510 1594/1943/1524 1596/1945/1526
f 1469/1930/1512 1467/1929/1511 1470/1950/1531
f 1597/1941/1523 1459/1920/1502 1596/1945/1526
f 1577/1935/1517 1635/1951/1532 1636/1946/1527
f 1597/1941/1523 1461/1938/1520 1458/1910/1492
f 1561/1933/1515 1560/1949/1530 1565/1923/1505
f 1559/1952/1533 1561/1933/1515 1661/1937/1519
f 1560/1949/1530 1561/1933/1515 1559/1952/1533
f 1600/1953/1534 1461/1938/1520 1597/1941/1523
f 1636/1946/1527 1638/1954/1535 1592/1932/1514
f 1640/1955/1536 1594/1943/1524 1591/1934/1516
f 1563/1936/1518 1562/1956/1537 1564/1947/1528
f 1481/1957/1538 1474/1940/1522 1473/1926/1508
f 1469/1930/1512 1470/1950/1531 1473/1926/1508
f 1467/1929/1511 1463/1922/1504 1468/1958/1539
f 1463/1922/1504 1464/1944/1525 1605/1959/1540
f 1570/1931/1513 1564/1947/1528 1572/1960/1541
f 752/1942/726 1474/1940/1522 750/1961/748
f 1560/1949/1530 1562/1956/1537 1563/1936/1518
f 1468/1958/1539 1463/1922/1504 1605/1959/1540
f 1600/1953/1534 1464/1944/1525 1461/1938/1520
f 1577/1935/1517 1574/1939/1521 1635/1951/1532
f 1600/1953/1534 1597/1941/1523 1598/1962/1542
f 1592/1932/1514 1638/1954/1535 1639/1948/1529
f 1591/1934/1516 1639/1948/1529 1640/1955/1536
f 1636/1946/1527 1635/1951/1532 1634/1963/1543
f 1597/1941/1523 1596/1945/1526 1598/1962/1542
f 1570/1931/1513 1572/1960/1541 1574/1939/1521
f 1467/1929/1511 1468/1958/1539 1470/1950/1531
f 1600/1953/1534 1605/1959/1540 1464/1944/1525
f 1636/1946/1527 1634/1963/1543 1638/1954/1535
f 1572/1960/1541 1564/1947/1528 1573/1964/1544
f 1594/1943/1524 1641/1965/1545 1596/1945/1526
f 1635/1951/1532 1574/1939/1521 1633/1966/1546
f 1473/1926/1508 1470/1950/1531 1485/1967/1547
f 1574/1939/1521 1572/1960/1541 1575/1968/1548
f 1468/1958/1539 1605/1959/1540 1606/1969/1549
f 1560/1949/1530 1559/1952/1533 1556/1970/1550
f 1594/1943/1524 1640/1955/1536 1641/1965/1545
f 1556/1970/1550 1562/1956/1537 1560/1949/1530
f 1639/1948/1529 1638/1954/1535 1623/1971/1551
f 1562/1956/1537 1573/1964/1544 1564/1947/1528
f 1640/1955/1536 1639/1948/1529 1623/1971/1551
f 1473/1926/1508 1485/1967/1547 1481/1957/1538
f 1633/1966/1546 1574/1939/1521 1575/1968/1548
f 1605/1959/1540 1600/1953/1534 1603/1972/1552
f 1596/1945/1526 1599/1973/1553 1598/1962/1542
f 1641/1965/1545 1640/1955/1536 1642/1974/1554
f 1559/1952/1533 1558/1975/1555 1556/1970/1550
f 1633/1966/1546 1634/1963/1543 1635/1951/1532
f 1630/1976/1556 1634/1963/1543 1633/1966/1546
f 1596/1945/1526 1641/1965/1545 1599/1973/1553
f 1482/1977/1557 750/1961/748 1474/1940/1522
f 1470/1950/1531 1468/1958/1539 1606/1969/1549
f 1623/1971/1551 1638/1954/1535 1628/1978/1558
f 1474/1940/1522 1481/1957/1538 1482/1977/1557
f 1572/1960/1541 1573/1964/1544 1575/1968/1548
f 1600/1953/1534 1598/1962/1542 1601/1979/1559
f 1605/1959/1540 1603/1972/1552 1606/1969/1549
f 1483/1980/1560 1481/1957/1538 1485/1967/1547
f 1642/1974/1554 1640/1955/1536 1623/1971/1551
f 1628/1978/1558 1638/1954/1535 1634/1963/1543
f 750/1961/748 1482/1977/1557 747/1981/760
f 1600/1953/1534 1601/1979/1559 1603/1972/1552
f 1573/1964/1544 1644/1982/1561 1575/1968/1548
f 1555/1983/1562 1556/1970/1550 1558/1975/1555
f 1573/1964/1544 1562/1956/1537 1554/1984/1563
f 1562/1956/1537 1556/1970/1550 1554/1984/1563
f 1606/1969/1549 1487/1985/1564 1470/1950/1531
f 1641/1965/1545 1621/1986/1565 1599/1973/1553
f 1485/1967/1547 1470/1950/1531 1487/1985/1564
f 1633/1966/1546 1575/1968/1548 1631/1987/1566
f 1644/1982/1561 1573/1964/1544 1554/1984/1563
f 1641/1965/1545 1642/1974/1554 1621/1986/1565
f 1483/1980/1560 1482/1977/1557 1481/1957/1538
f 1485/1967/1547 1487/1985/1564 1486/1988/1567
f 1598/1962/1542 1599/1973/1553 1643/1989/1568
f 1642/1974/1554 1623/1971/1551 1620/1990/1569
f 1623/1971/1551 1628/1978/1558 1625/1991/1570
f 1628/1978/1558 1634/1963/1543 1627/1992/1571
f 1606/1969/1549 1603/1972/1552 1607/1993/1572
f 1601/1979/1559 1598/1962/1542 1602/1994/1573
f 1634/1963/1543 1630/1976/1556 1627/1992/1571
f 1633/1966/1546 1631/1987/1566 1630/1976/1556
f 747/1981/760 1482/1977/1557 1484/1995/1574
f 1482/1977/1557 1483/1980/1560 1484/1995/1574
f 1575/1968/1548 1644/1982/1561 1632/1996/1575
f 1485/1967/1547 1486/1988/1567 1483/1980/1560
f 1621/1986/1565 1642/1974/1554 1620/1990/1569
f 1628/1978/1558 1627/1992/1571 1625/1991/1570
f 1603/1972/1552 1601/1979/1559 1604/1997/1576
f 1604/1997/1576 1601/1979/1559 1602/1994/1573
f 1556/1970/1550 1555/1983/1562 1554/1984/1563
f 1643/1989/1568 1599/1973/1553 1621/1986/1565
f 1575/1968/1548 1632/1996/1575 1631/1987/1566
f 1555/1983/1562 1558/1975/1555 1557/1998/1577
f 1598/1962/1542 1643/1989/1568 1602/1994/1573
f 1486/1988/1567 1484/1995/1574 1483/1980/1560
f 1603/1972/1552 1604/1997/1576 1612/1999/1578
f 1487/1985/1564 1606/1969/1549 1607/1993/1572
f 1631/1987/1566 1532/2000/1579 1630/1976/1556
f 1552/2001/1580 1554/1984/1563 1555/1983/1562
f 1609/2002/1581 1607/1993/1572 1603/1972/1552
f 1553/2003/1582 1555/1983/1562 1557/1998/1577
f 1552/2001/1580 1551/2004/1583 1554/1984/1563
f 1484/1995/1574 745/2005/765 747/1981/760
f 1644/1982/1561 1554/1984/1563 1645/2006/1584
f 1615/2007/1585 1602/1994/1573 1643/1989/1568
f 1487/1985/1564 1489/2008/1586 1486/1988/1567
f 1643/1989/1568 1621/1986/1565 1619/2009/1587
f 1627/1992/1571 1630/1976/1556 1629/2010/1588
f 1602/1994/1573 1613/2011/1589 1604/1997/1576
f 1555/1983/1562 1553/2003/1582 1552/2001/1580
f 1532/2000/1579 1629/2010/1588 1630/1976/1556
f 1645/2006/1584 1632/1996/1575 1644/1982/1561
f 1554/1984/1563 1542/2012/1590 1645/2006/1584
f 1489/2008/1586 1487/1985/1564 1607/1993/1572
f 1532/2000/1579 1631/1987/1566 1632/1996/1575
f 1619/2009/1587 1621/1986/1565 1620/1990/1569
f 1551/2004/1583 1542/2012/1590 1554/1984/1563
f 1615/2007/1585 1613/2011/1589 1602/1994/1573
f 1622/2013/1591 1620/1990/1569 1623/1971/1551
f 1626/2014/1592 1627/1992/1571 1629/2010/1588
f 1609/2002/1581 1603/1972/1552 1611/2015/1593
f 1625/1991/1570 1627/1992/1571 1626/2014/1592
f 1623/1971/1551 1625/1991/1570 1622/2013/1591
f 1603/1972/1552 1612/1999/1578 1611/2015/1593
f 1619/2009/1587 1615/2007/1585 1643/1989/1568
f 1604/1997/1576 1507/2016/1594 1612/1999/1578
f 1604/1997/1576 1613/2011/1589 1507/2016/1594
f 1617/2017/1595 1615/2007/1585 1619/2009/1587
f 743/2018/775 745/2005/765 1484/1995/1574
f 1632/1996/1575 1534/2019/1596 1532/2000/1579
f 1632/1996/1575 1645/2006/1584 1534/2019/1596
f 1625/1991/1570 1624/2020/1597 1622/2013/1591
f 1484/1995/1574 1486/1988/1567 1488/2021/1598
f 1614/2022/1599 1613/2011/1589 1615/2007/1585
f 1529/2023/1600 1629/2010/1588 1532/2000/1579
f 1625/1991/1570 1626/2014/1592 1624/2020/1597
f 1550/2024/1601 1552/2001/1580 1553/2003/1582
f 1486/1988/1567 1489/2008/1586 1488/2021/1598
f 1489/2008/1586 1607/1993/1572 1608/2025/1602
f 1620/1990/1569 1622/2013/1591 1518/2026/1603
f 1608/2025/1602 1607/1993/1572 1609/2002/1581
f 1507/2016/1594 1613/2011/1589 1614/2022/1599
f 743/2018/775 1484/1995/1574 1490/2027/1604
f 1552/2001/1580 1550/2024/1601 1551/2004/1583
f 1619/2009/1587 1620/1990/1569 1518/2026/1603
f 1529/2023/1600 1626/2014/1592 1629/2010/1588
f 1612/1999/1578 1507/2016/1594 1611/2015/1593
f 1532/2000/1579 1531/2028/1605 1529/2023/1600
f 1542/2012/1590 1540/2029/1606 1645/2006/1584
f 1532/2000/1579 1534/2019/1596 1531/2028/1605
f 1645/2006/1584 1540/2029/1606 1534/2019/1596
f 1490/2027/1604 1484/1995/1574 1488/2021/1598
f 1545/2030/1607 1542/2012/1590 1551/2004/1583
f 1550/2024/1601 1545/2030/1607 1551/2004/1583
f 1609/2002/1581 1610/2031/1608 1608/2025/1602
f 1534/2019/1596 1540/2029/1606 1533/2032/1609
f 1488/2021/1598 1489/2008/1586 1494/2033/1610
f 1626/2014/1592 1529/2023/1600 1530/2034/1611
f 1549/2035/1612 1545/2030/1607 1550/2024/1601
f 1617/2017/1595 1619/2009/1587 1618/2036/1613
f 1619/2009/1587 1518/2026/1603 1618/2036/1613
f 1622/2013/1591 1624/2020/1597 1518/2026/1603
f 1610/2031/1608 1609/2002/1581 1611/2015/1593
f 1626/2014/1592 1530/2034/1611 1624/2020/1597
f 1614/2022/1599 1615/2007/1585 1616/2037/1614
f 1489/2008/1586 1608/2025/1602 1494/2033/1610
f 1617/2017/1595 1616/2037/1614 1615/2007/1585
f 743/2018/775 1490/2027/1604 739/2038/783
f 1527/2039/1615 1529/2023/1600 1531/2028/1605
f 1611/2015/1593 1502/2040/1616 1610/2031/1608
f 1505/2041/1617 1611/2015/1593 1507/2016/1594
f 1534/2019/1596 1533/2032/1609 1531/2028/1605
f 1540/2029/1606 1542/2012/1590 1541/2042/1618
f 1608/2025/1602 1610/2031/1608 1497/2043/1619
f 1506/2044/1620 1507/2016/1594 1614/2022/1599
f 1531/2028/1605 1533/2032/1609 1527/2039/1615
f 1490/2027/1604 1488/2021/1598 739/2038/783
f 1610/2031/1608 1502/2040/1616 1497/2043/1619
f 1611/2015/1593 1505/2041/1617 1502/2040/1616
f 1618/2036/1613 1514/2045/1621 1617/2017/1595
f 1525/2046/1622 1529/2023/1600 1527/2039/1615
f 1505/2041/1617 1507/2016/1594 1506/2044/1620
f 1530/2034/1611 1529/2023/1600 1525/2046/1622
f 1545/2030/1607 1541/2042/1618 1542/2012/1590
f 1547/2047/1623 1545/2030/1607 1549/2035/1612
f 1616/2037/1614 1617/2017/1595 1514/2045/1621
f 1518/2026/1603 1624/2020/1597 1521/2048/1624
f 1533/2032/1609 1540/2029/1606 1538/2049/1625
f 1530/2034/1611 1521/2048/1624 1624/2020/1597
f 1516/2050/1626 1618/2036/1613 1518/2026/1603
f 1540/2029/1606 1541/2042/1618 1538/2049/1625
f 1525/2046/1622 1521/2048/1624 1530/2034/1611
f 1493/2051/1627 1494/2033/1610 1608/2025/1602
f 1514/2045/1621 1618/2036/1613 1516/2050/1626
f 1541/2042/1618 1545/2030/1607 1544/2052/1628
f 1608/2025/1602 1497/2043/1619 1493/2051/1627
f 1547/2047/1623 1544/2052/1628 1545/2030/1607
f 1506/2044/1620 1614/2022/1599 1616/2037/1614
f 1538/2049/1625 1536/2053/1629 1533/2032/1609
f 1521/2048/1624 1525/2046/1622 1524/2054/1630
f 1525/2046/1622 1527/2039/1615 1524/2054/1630
f 1533/2032/1609 1535/2055/1631 1527/2039/1615
f 1493/2051/1627 1488/2021/1598 1494/2033/1610
f 1518/2026/1603 1517/2056/1632 1516/2050/1626
f 1521/2048/1624 1517/2056/1632 1518/2026/1603
f 1506/2044/1620 1616/2037/1614 1509/2057/1633
f 1543/2058/1634 1538/2049/1625 1541/2042/1618
f 1513/2059/1635 1514/2045/1621 1516/2050/1626
f 739/2038/783 1488/2021/1598 741/2060/796
f 1533/2032/1609 1536/2053/1629 1535/2055/1631
f 1541/2042/1618 1544/2052/1628 1543/2058/1634
f 1616/2037/1614 1514/2045/1621 1509/2057/1633
f 1536/2053/1629 1537/2061/1636 1535/2055/1631
f 1501/2062/1637 1502/2040/1616 1505/2041/1617
f 1521/2048/1624 1520/2063/1638 1517/2056/1632
f 1513/2059/1635 1509/2057/1633 1514/2045/1621
f 1497/2043/1619 1502/2040/1616 1499/2064/1639
f 1508/2065/1640 1506/2044/1620 1509/2057/1633
f 1527/2039/1615 1535/2055/1631 1528/2066/1641
f 1538/2049/1625 1537/2061/1636 1536/2053/1629
f 1504/2067/1642 1505/2041/1617 1506/2044/1620
f 1527/2039/1615 1526/2068/1643 1524/2054/1630
f 1491/2069/1644 1488/2021/1598 1493/2051/1627
f 1499/2064/1639 1502/2040/1616 1501/2062/1637
f 1527/2039/1615 1528/2066/1641 1526/2068/1643
f 1543/2058/1634 1539/2070/1645 1538/2049/1625
f 1491/2069/1644 741/2060/796 1488/2021/1598
f 1520/2063/1638 1521/2048/1624 1523/2071/1646
f 1506/2044/1620 1508/2065/1640 1504/2067/1642
f 1535/2055/1631 1537/2061/1636 1528/2066/1641
f 1546/2072/1647 1543/2058/1634 1544/2052/1628
f 1493/2051/1627 1497/2043/1619 1496/2073/1648
f 1523/2071/1646 1521/2048/1624 1524/2054/1630
f 1547/2047/1623 1546/2072/1647 1544/2052/1628
f 1513/2059/1635 1516/2050/1626 1515/2074/1649
f 1501/2062/1637 1505/2041/1617 1504/2067/1642
f 1547/2047/1623 1548/2075/1650 1546/2072/1647
f 1538/2049/1625 1539/2070/1645 1537/2061/1636
f 1515/2074/1649 1516/2050/1626 1517/2056/1632
f 1524/2054/1630 1526/2068/1643 1523/2071/1646
f 1662/2076/1651 1546/2072/1647 1548/2075/1650
f 1509/2057/1633 1513/2059/1635 1512/2077/1652
f 1515/2074/1649 1517/2056/1632 1519/2078/1653
f 1496/2073/1648 1497/2043/1619 1499/2064/1639
f 1492/2079/1654 741/2060/796 1491/2069/1644
f 1500/2080/1655 1499/2064/1639 1501/2062/1637
f 1512/2077/1652 1508/2065/1640 1509/2057/1633
f 1498/2081/1656 1496/2073/1648 1499/2064/1639
f 1493/2051/1627 1496/2073/1648 1495/2082/1657
f 1499/2064/1639 1500/2080/1655 1498/2081/1656
f 1517/2056/1632 1520/2063/1638 1519/2078/1653
f 1491/2069/1644 1493/2051/1627 1495/2082/1657
f 1523/2071/1646 1522/2083/1658 1520/2063/1638
f 1543/2058/1634 1546/2072/1647 1539/2070/1645
f 1515/2074/1649 1512/2077/1652 1513/2059/1635
f 1520/2063/1638 1522/2083/1658 1519/2078/1653
f 1496/2073/1648 1498/2081/1656 1495/2082/1657
f 1503/2084/1659 1500/2080/1655 1501/2062/1637
f 1508/2065/1640 1510/2085/1660 1504/2067/1642
f 1512/2077/1652 1511/2086/1661 1508/2065/1640
f 1504/2067/1642 1503/2084/1659 1501/2062/1637
f 1508/2065/1640 1511/2086/1661 1510/2085/1660
f 1546/2072/1647 1662/2076/1651 1539/2070/1645
f 1203/2087/896 1204/2088/923 1308/2089/932
f 1308/2089/932 1204/2088/923 1317/2090/937
f 1317/2090/937 1315/2091/934 1308/2089/932
f 1301/2092/951 1212/2093/927 1209/2094/939
f 1209/2094/939 1663/2095/1662 1301/2092/951
f 1209/2094/939 1664/2096/1663 1663/2095/1662
f 1207/2097/944 1664/2096/1663 1209/2094/939
f 1301/2092/951 1663/2095/1662 1665/2098/1664
f 1301/2092/951 1665/2098/1664 1300/2099/950
f 1666/2100/1665 1663/2095/1662 1664/2096/1663
f 1663/2095/1662 1666/2100/1665 1667/2101/1666
f 1664/2096/1663 1207/2097/944 1666/2100/1665
f 1207/2097/944 1668/2102/1667 1666/2100/1665
f 1668/2102/1667 1207/2097/944 1020/2103/991
f 1669/2104/1668 1666/2100/1665 1668/2102/1667
f 1666/2100/1665 1669/2104/1668 1667/2101/1666
f 1670/2105/1669 1667/2101/1666 1669/2104/1668
f 312/2106/397 1671/2107/1670 317/2108/388
f 321/2109/379 1675/2110/1671 323/2111/369
f 349/2112/380 323/2111/369 1675/2110/1671
f 1687/2113/1672 347/2114/392 348/2115/385
f 348/2115/385 349/2112/380 1680/2116/1673
f 319/2117/384 1673/2118/1674 321/2109/379
f 319/2117/384 317/2108/388 1671/2107/1670
f 319/2117/384 1671/2107/1670 1673/2118/1674
f 1692/2119/1675 345/2120/396 344/2121/394
f 1675/2110/1671 1680/2116/1673 349/2112/380
f 314/2122/386 1843/2123/1676 312/2106/397
f 1680/2116/1673 1685/2124/1677 348/2115/385
f 312/2106/397 1672/2125/1678 1671/2107/1670
f 1687/2113/1672 348/2115/385 1685/2124/1677
f 344/2121/394 347/2114/392 1691/2126/1679
f 1692/2119/1675 232/2127/399 345/2120/396
f 314/2122/386 343/2128/400 1843/2123/1676
f 559/2129/487 352/2130/390 233/2131/398
f 1699/2132/1680 233/2131/398 232/2127/399
f 1692/2119/1675 344/2121/394 1691/2126/1679
f 1692/2119/1675 1697/2133/1681 232/2127/399
f 312/2106/397 1843/2123/1676 1841/2134/1682
f 312/2106/397 1841/2134/1682 1672/2125/1678
f 559/2129/487 233/2131/398 1700/2135/1683
f 232/2127/399 1697/2133/1681 1699/2132/1680
f 1687/2113/1672 1690/2136/1684 347/2114/392
f 1700/2135/1683 233/2131/398 1699/2132/1680
f 347/2114/392 1690/2136/1684 1691/2126/1679
f 1692/2119/1675 1691/2126/1679 1693/2137/1685
f 1692/2119/1675 1695/2138/1686 1697/2133/1681
f 1674/2139/1687 1673/2118/1674 1671/2107/1670
f 1675/2110/1671 321/2109/379 1673/2118/1674
f 1672/2125/1678 1674/2139/1687 1671/2107/1670
f 1685/2124/1677 1680/2116/1673 1679/2140/1688
f 1687/2113/1672 1688/2141/1689 1690/2136/1684
f 1843/2123/1676 1842/2142/1690 1841/2134/1682
f 1686/2143/1691 1687/2113/1672 1685/2124/1677
f 1692/2119/1675 1693/2137/1685 1695/2138/1686
f 343/2128/400 1842/2142/1690 1843/2123/1676
f 343/2128/400 822/2144/708 1842/2142/1690
f 1674/2139/1687 1676/2145/1692 1673/2118/1674
f 1679/2140/1688 1683/2146/1693 1685/2124/1677
f 1700/2135/1683 1699/2132/1680 1701/2147/1694
f 1687/2113/1672 1686/2143/1691 1688/2141/1689
f 1702/2148/1695 559/2129/487 1700/2135/1683
f 1672/2125/1678 1841/2134/1682 1674/2139/1687
f 1673/2118/1674 1676/2145/1692 1675/2110/1671
f 1675/2110/1671 1679/2140/1688 1680/2116/1673
f 1685/2124/1677 1683/2146/1693 1686/2143/1691
f 1702/2148/1695 558/2149/494 559/2129/487
f 1693/2137/1685 1691/2126/1679 1694/2150/1696
f 1701/2147/1694 1702/2148/1695 1700/2135/1683
f 1698/2151/1697 1699/2132/1680 1697/2133/1681
f 1688/2141/1689 1691/2126/1679 1690/2136/1684
f 1697/2133/1681 1695/2138/1686 1698/2151/1697
f 1693/2137/1685 1696/2152/1698 1695/2138/1686
f 1691/2126/1679 1688/2141/1689 1694/2150/1696
f 1841/2134/1682 1827/2153/1699 1674/2139/1687
f 1679/2140/1688 1675/2110/1671 1677/2154/1700
f 1699/2132/1680 1698/2151/1697 1701/2147/1694
f 1676/2145/1692 1674/2139/1687 1827/2153/1699
f 1701/2147/1694 1703/2155/1701 1702/2148/1695
f 1842/2142/1690 1826/2156/1702 1841/2134/1682
f 1693/2137/1685 1694/2150/1696 1696/2152/1698
f 1702/2148/1695 1703/2155/1701 558/2149/494
f 1676/2145/1692 1677/2154/1700 1675/2110/1671
f 1686/2143/1691 1683/2146/1693 1751/2157/1703
f 1688/2141/1689 1744/2158/1704 1694/2150/1696
f 1746/2159/1705 1701/2147/1694 1698/2151/1697
f 1679/2140/1688 1681/2160/1706 1683/2146/1693
f 1677/2154/1700 1681/2160/1706 1679/2140/1688
f 1705/2161/1707 1703/2155/1701 1701/2147/1694
f 1841/2134/1682 1826/2156/1702 1827/2153/1699
f 1695/2138/1686 1696/2152/1698 1745/2162/1708
f 1743/2163/1709 1696/2152/1698 1694/2150/1696
f 1686/2143/1691 1689/2164/1710 1688/2141/1689
f 1705/2161/1707 1701/2147/1694 1746/2159/1705
f 1695/2138/1686 1745/2162/1708 1698/2151/1697
f 1842/2142/1690 822/2144/708 685/2165/723
f 1694/2150/1696 1744/2158/1704 1743/2163/1709
f 1698/2151/1697 1745/2162/1708 1746/2159/1705
f 1683/2146/1693 1681/2160/1706 1684/2166/1711
f 1686/2143/1691 1751/2157/1703 1689/2164/1710
f 1688/2141/1689 1689/2164/1710 1744/2158/1704
f 1676/2145/1692 1827/2153/1699 1678/2167/1712
f 558/2149/494 1703/2155/1701 557/2168/501
f 1676/2145/1692 1678/2167/1712 1677/2154/1700
f 1683/2146/1693 1684/2166/1711 1751/2157/1703
f 1696/2152/1698 1743/2163/1709 1745/2162/1708
f 1705/2161/1707 1704/2169/1713 1703/2155/1701
f 557/2168/501 1703/2155/1701 1704/2169/1713
f 1842/2142/1690 685/2165/723 1844/2170/1714
f 1705/2161/1707 1747/2171/1715 1704/2169/1713
f 1744/2158/1704 1689/2164/1710 1750/2172/1716
f 1747/2171/1715 1705/2161/1707 1746/2159/1705
f 1826/2156/1702 1825/2173/1717 1827/2153/1699
f 1842/2142/1690 1844/2170/1714 1826/2156/1702
f 1684/2166/1711 1835/2174/1718 1751/2157/1703
f 1750/2172/1716 1741/2175/1719 1744/2158/1704
f 1745/2162/1708 1740/2176/1720 1746/2159/1705
f 1746/2159/1705 1748/2177/1721 1747/2171/1715
f 1743/2163/1709 1739/2178/1722 1745/2162/1708
f 1677/2154/1700 1678/2167/1712 1831/2179/1723
f 1744/2158/1704 1741/2175/1719 1743/2163/1709
f 1682/2180/1724 1681/2160/1706 1677/2154/1700
f 1689/2164/1710 1751/2157/1703 1750/2172/1716
f 1704/2169/1713 556/2181/503 557/2168/501
f 1745/2162/1708 1739/2178/1722 1740/2176/1720
f 1844/2170/1714 1823/2182/1725 1826/2156/1702
f 1743/2163/1709 1741/2175/1719 1739/2178/1722
f 556/2181/503 1704/2169/1713 554/2183/509
f 1823/2182/1725 1825/2173/1717 1826/2156/1702
f 1681/2160/1706 1833/2184/1726 1684/2166/1711
f 1751/2157/1703 1835/2174/1718 1750/2172/1716
f 1677/2154/1700 1831/2179/1723 1682/2180/1724
f 1678/2167/1712 1827/2153/1699 1825/2173/1717
f 1678/2167/1712 1829/2185/1727 1831/2179/1723
f 1740/2176/1720 1748/2177/1721 1746/2159/1705
f 1747/2171/1715 1707/2186/1728 1704/2169/1713
f 1748/2177/1721 1707/2186/1728 1747/2171/1715
f 1844/2170/1714 685/2165/723 1845/2187/1729
f 1750/2172/1716 1742/2188/1730 1741/2175/1719
f 554/2183/509 1704/2169/1713 1706/2189/1731
f 1844/2170/1714 1845/2187/1729 1823/2182/1725
f 1707/2186/1728 1706/2189/1731 1704/2169/1713
f 1678/2167/1712 1825/2173/1717 1822/2190/1732
f 1750/2172/1716 1752/2191/1733 1742/2188/1730
f 1682/2180/1724 1833/2184/1726 1681/2160/1706
f 1831/2179/1723 1829/2185/1727 1832/2192/1734
f 1835/2174/1718 1753/2193/1735 1750/2172/1716
f 1682/2180/1724 1831/2179/1723 1832/2192/1734
f 1741/2175/1719 1738/2194/1736 1739/2178/1722
f 1684/2166/1711 1761/2195/1737 1835/2174/1718
f 1740/2176/1720 1739/2178/1722 1736/2196/1738
f 1740/2176/1720 1737/2197/1739 1748/2177/1721
f 1761/2195/1737 1753/2193/1735 1835/2174/1718
f 1752/2191/1733 1750/2172/1716 1753/2193/1735
f 554/2183/509 1706/2189/1731 550/2198/514
f 1825/2173/1717 1823/2182/1725 1821/2199/1740
f 1678/2167/1712 1828/2200/1741 1829/2185/1727
f 1825/2173/1717 1821/2199/1740 1822/2190/1732
f 1684/2166/1711 1833/2184/1726 1761/2195/1737
f 1678/2167/1712 1822/2190/1732 1828/2200/1741
f 1748/2177/1721 1749/2201/1742 1707/2186/1728
f 1736/2196/1738 1737/2197/1739 1740/2176/1720
f 1748/2177/1721 1737/2197/1739 1749/2201/1742
f 1742/2188/1730 1738/2194/1736 1741/2175/1719
f 1738/2194/1736 1736/2196/1738 1739/2178/1722
f 1828/2200/1741 1830/2202/1743 1829/2185/1727
f 1823/2182/1725 1819/2203/1744 1821/2199/1740
f 688/2204/743 1845/2187/1729 685/2165/723
f 1822/2190/1732 1821/2199/1740 1817/2205/1745
f 1760/2206/1746 1761/2195/1737 1833/2184/1726
f 1706/2189/1731 1708/2207/1747 550/2198/514
f 1822/2190/1732 1817/2205/1745 1828/2200/1741
f 1761/2195/1737 1760/2206/1746 1753/2193/1735
f 1742/2188/1730 1752/2191/1733 1738/2194/1736
f 1828/2200/1741 1818/2208/1748 1830/2202/1743
f 1706/2189/1731 1707/2186/1728 1708/2207/1747
f 1832/2192/1734 1833/2184/1726 1682/2180/1724
f 549/2209/519 550/2198/514 1708/2207/1747
f 1829/2185/1727 1830/2202/1743 1832/2192/1734
f 1845/2187/1729 1824/2210/1749 1823/2182/1725
f 1823/2182/1725 1824/2210/1749 1819/2203/1744
f 1710/2211/1750 1707/2186/1728 1749/2201/1742
f 1846/2212/1751 1845/2187/1729 688/2204/743
f 1710/2211/1750 1708/2207/1747 1707/2186/1728
f 1832/2192/1734 1830/2202/1743 1834/2213/1752
f 1738/2194/1736 1732/2214/1753 1736/2196/1738
f 1736/2196/1738 1734/2215/1754 1737/2197/1739
f 1824/2210/1749 1845/2187/1729 1846/2212/1751
f 1749/2201/1742 1737/2197/1739 1710/2211/1750
f 1819/2203/1744 1817/2205/1745 1821/2199/1740
f 1753/2193/1735 1760/2206/1746 1758/2216/1755
f 1752/2191/1733 1753/2193/1735 1755/2217/1756
f 1817/2205/1745 1818/2208/1748 1828/2200/1741
f 1846/2212/1751 688/2204/743 690/2218/754
f 1832/2192/1734 1834/2213/1752 1833/2184/1726
f 1752/2191/1733 1733/2219/1757 1738/2194/1736
f 1732/2214/1753 1734/2215/1754 1736/2196/1738
f 549/2209/519 1708/2207/1747 1709/2220/1758
f 1710/2211/1750 1737/2197/1739 1735/2221/1759
f 1734/2215/1754 1735/2221/1759 1737/2197/1739
f 1755/2217/1756 1754/2222/1760 1752/2191/1733
f 1753/2193/1735 1758/2216/1755 1755/2217/1756
f 1738/2194/1736 1733/2219/1757 1732/2214/1753
f 1708/2207/1747 1710/2211/1750 1709/2220/1758
f 1819/2203/1744 1816/2223/1761 1817/2205/1745
f 1830/2202/1743 1818/2208/1748 1840/2224/1762
f 1752/2191/1733 1754/2222/1760 1733/2219/1757
f 1833/2184/1726 1834/2213/1752 1836/2225/1763
f 1819/2203/1744 1824/2210/1749 1820/2226/1764
f 1814/2227/1765 1817/2205/1745 1816/2223/1761
f 1814/2227/1765 1818/2208/1748 1817/2205/1745
f 1710/2211/1750 1711/2228/1766 1709/2220/1758
f 1824/2210/1749 1846/2212/1751 1847/2229/1767
f 1830/2202/1743 1840/2224/1762 1834/2213/1752
f 1846/2212/1751 690/2218/754 1848/2230/1768
f 549/2209/519 1709/2220/1758 547/2231/524
f 1824/2210/1749 1847/2229/1767 1820/2226/1764
f 1819/2203/1744 1820/2226/1764 1816/2223/1761
f 1710/2211/1750 1735/2221/1759 1711/2228/1766
f 1836/2225/1763 1760/2206/1746 1833/2184/1726
f 1846/2212/1751 1848/2230/1768 1847/2229/1767
f 1836/2225/1763 1791/2232/1769 1760/2206/1746
f 1820/2226/1764 1849/2233/1770 1816/2223/1761
f 1733/2219/1757 1729/2234/1771 1732/2214/1753
f 1735/2221/1759 1734/2215/1754 1731/2235/1772
f 1816/2223/1761 1812/2236/1773 1814/2227/1765
f 1848/2230/1768 690/2218/754 692/2237/763
f 1709/2220/1758 546/2238/528 547/2231/524
f 1709/2220/1758 1711/2228/1766 546/2238/528
f 1729/2234/1771 1733/2219/1757 1754/2222/1760
f 1838/2239/1774 1834/2213/1752 1840/2224/1762
f 1732/2214/1753 1731/2235/1772 1734/2215/1754
f 1814/2227/1765 1815/2240/1775 1818/2208/1748
f 1758/2216/1755 1756/2241/1776 1755/2217/1756
f 1834/2213/1752 1837/2242/1777 1836/2225/1763
f 1815/2240/1775 1840/2224/1762 1818/2208/1748
f 1758/2216/1755 1760/2206/1746 1762/2243/1778
f 1732/2214/1753 1729/2234/1771 1731/2235/1772
f 1837/2242/1777 1791/2232/1769 1836/2225/1763
f 1711/2228/1766 1735/2221/1759 1713/2244/1779
f 1755/2217/1756 1756/2241/1776 1754/2222/1760
f 1754/2222/1760 1730/2245/1780 1729/2234/1771
f 1849/2233/1770 1820/2226/1764 1847/2229/1767
f 1840/2224/1762 1815/2240/1775 1838/2239/1774
f 1838/2239/1774 1837/2242/1777 1834/2213/1752
f 1711/2228/1766 1712/2246/1781 546/2238/528
f 1729/2234/1771 1728/2247/1782 1731/2235/1772
f 1712/2246/1781 1711/2228/1766 1713/2244/1779
f 1731/2235/1772 1713/2244/1779 1735/2221/1759
f 1758/2216/1755 1759/2248/1783 1756/2241/1776
f 1760/2206/1746 1791/2232/1769 1763/2249/1784
f 1848/2230/1768 1850/2250/1785 1847/2229/1767
f 1758/2216/1755 1762/2243/1778 1759/2248/1783
f 1847/2229/1767 1850/2250/1785 1849/2233/1770
f 1814/2227/1765 1811/2251/1786 1815/2240/1775
f 1756/2241/1776 1730/2245/1780 1754/2222/1760
f 1848/2230/1768 692/2237/763 693/2252/770
f 1760/2206/1746 1763/2249/1784 1762/2243/1778
f 1731/2235/1772 1728/2247/1782 1713/2244/1779
f 1812/2236/1773 1811/2251/1786 1814/2227/1765
f 1849/2233/1770 1813/2253/1787 1816/2223/1761
f 1848/2230/1768 693/2252/770 1850/2250/1785
f 1838/2239/1774 1839/2254/1788 1837/2242/1777
f 1714/2255/1789 546/2238/528 1712/2246/1781
f 1816/2223/1761 1813/2253/1787 1812/2236/1773
f 1715/2256/1790 1712/2246/1781 1713/2244/1779
f 1815/2240/1775 1839/2254/1788 1838/2239/1774
f 1756/2241/1776 1757/2257/1791 1730/2245/1780
f 1729/2234/1771 1726/2258/1792 1728/2247/1782
f 1714/2255/1789 1712/2246/1781 1715/2256/1790
f 1763/2249/1784 1765/2259/1793 1762/2243/1778
f 1759/2248/1783 1757/2257/1791 1756/2241/1776
f 1730/2245/1780 1726/2258/1792 1729/2234/1771
f 1849/2233/1770 1850/2250/1785 1813/2253/1787
f 1763/2249/1784 1791/2232/1769 1789/2260/1794
f 1791/2232/1769 1837/2242/1777 1793/2261/1795
f 543/2262/532 546/2238/528 1714/2255/1789
f 1763/2249/1784 1789/2260/1794 1765/2259/1793
f 1719/2263/1796 1713/2244/1779 1728/2247/1782
f 1759/2248/1783 1762/2243/1778 1764/2264/1797
f 1811/2251/1786 1812/2236/1773 1810/2265/1798
f 1803/2266/1799 1815/2240/1775 1811/2251/1786
f 1765/2259/1793 1764/2264/1797 1762/2243/1778
f 1839/2254/1788 1793/2261/1795 1837/2242/1777
f 1730/2245/1780 1757/2257/1791 1727/2267/1800
f 1714/2255/1789 540/2268/540 543/2262/532
f 1791/2232/1769 1790/2269/1801 1789/2260/1794
f 1726/2258/1792 1730/2245/1780 1727/2267/1800
f 1757/2257/1791 1759/2248/1783 1766/2270/1802
f 1726/2258/1792 1719/2263/1796 1728/2247/1782
f 1793/2261/1795 1792/2271/1803 1791/2232/1769
f 1812/2236/1773 1813/2253/1787 1809/2272/1804
f 1716/2273/1805 1715/2256/1790 1713/2244/1779
f 1791/2232/1769 1792/2271/1803 1790/2269/1801
f 1812/2236/1773 1809/2272/1804 1810/2265/1798
f 1811/2251/1786 1810/2265/1798 1803/2266/1799
f 1801/2274/1806 1793/2261/1795 1839/2254/1788
f 1815/2240/1775 1803/2266/1799 1839/2254/1788
f 1851/2275/1807 1813/2253/1787 1850/2250/1785
f 1789/2260/1794 1787/2276/1808 1765/2259/1793
f 1850/2250/1785 693/2252/770 1851/2275/1807
f 1718/2277/1809 1713/2244/1779 1719/2263/1796
f 1803/2266/1799 1810/2265/1798 1808/2278/1810
f 1801/2274/1806 1839/2254/1788 1800/2279/1811
f 1765/2259/1793 1785/2280/1812 1764/2264/1797
f 1716/2273/1805 1713/2244/1779 1718/2277/1809
f 1800/2279/1811 1839/2254/1788 1803/2266/1799
f 693/2252/770 1853/2281/1813 1851/2275/1807
f 1853/2281/1813 693/2252/770 696/2282/778
f 1813/2253/1787 1852/2283/1814 1809/2272/1804
f 1716/2273/1805 1714/2255/1789 1715/2256/1790
f 1759/2248/1783 1764/2264/1797 1766/2270/1802
f 1766/2270/1802 1768/2284/1815 1757/2257/1791
f 1727/2267/1800 1757/2257/1791 1768/2284/1815
f 1787/2276/1808 1785/2280/1812 1765/2259/1793
f 1813/2253/1787 1851/2275/1807 1852/2283/1814
f 1793/2261/1795 1801/2274/1806 1795/2285/1816
f 1789/2260/1794 1790/2269/1801 1787/2276/1808
f 1726/2258/1792 1724/2286/1817 1719/2263/1796
f 1793/2261/1795 1795/2285/1816 1792/2271/1803
f 1727/2267/1800 1724/2286/1817 1726/2258/1792
f 1719/2263/1796 1721/2287/1818 1718/2277/1809
f 1810/2265/1798 1809/2272/1804 1808/2278/1810
f 1800/2279/1811 1795/2285/1816 1801/2274/1806
f 1790/2269/1801 1792/2271/1803 1794/2288/1819
f 1720/2289/1820 1716/2273/1805 1718/2277/1809
f 1727/2267/1800 1768/2284/1815 1770/2290/1821
f 1717/2291/1822 1714/2255/1789 1716/2273/1805
f 1785/2280/1812 1767/2292/1823 1764/2264/1797
f 1792/2271/1803 1795/2285/1816 1794/2288/1819
f 1790/2269/1801 1788/2293/1824 1787/2276/1808
f 1803/2266/1799 1802/2294/1825 1800/2279/1811
f 1724/2286/1817 1723/2295/1826 1719/2263/1796
f 1727/2267/1800 1725/2296/1827 1724/2286/1817
f 1853/2281/1813 696/2282/778 699/2297/784
f 1721/2287/1818 1720/2289/1820 1718/2277/1809
f 1769/2298/1828 1768/2284/1815 1766/2270/1802
f 1723/2295/1826 1721/2287/1818 1719/2263/1796
f 1852/2283/1814 1807/2299/1829 1809/2272/1804
f 1727/2267/1800 1770/2290/1821 1725/2296/1827
f 1768/2284/1815 1769/2298/1828 1770/2290/1821
f 1787/2276/1808 1788/2293/1824 1785/2280/1812
f 1764/2264/1797 1767/2292/1823 1766/2270/1802
f 1852/2283/1814 1851/2275/1807 1854/2300/1830
f 1799/2301/1831 1795/2285/1816 1800/2279/1811
f 538/2302/545 540/2268/540 1714/2255/1789
f 1809/2272/1804 1807/2299/1829 1808/2278/1810
f 1851/2275/1807 1853/2281/1813 1854/2300/1830
f 1717/2291/1822 1716/2273/1805 1720/2289/1820
f 538/2302/545 1714/2255/1789 1717/2291/1822
f 1803/2266/1799 1806/2303/1832 1802/2294/1825
f 1803/2266/1799 1808/2278/1810 1806/2303/1832
f 1794/2288/1819 1788/2293/1824 1790/2269/1801
f 1766/2270/1802 1767/2292/1823 1782/2304/1833
f 1723/2295/1826 1724/2286/1817 1725/2296/1827
f 1778/2305/1834 1717/2291/1822 1720/2289/1820
f 699/2297/784 1855/2306/1835 1853/2281/1813
f 1853/2281/1813 1855/2306/1835 1854/2300/1830
f 1799/2301/1831 1794/2288/1819 1795/2285/1816
f 1800/2279/1811 1802/2294/1825 1799/2301/1831
f 1766/2270/1802 1782/2304/1833 1769/2298/1828
f 1721/2287/1818 1722/2307/1836 1720/2289/1820
f 1780/2308/1837 1717/2291/1822 1778/2305/1834
f 1808/2278/1810 1807/2299/1829 1806/2303/1832
f 1721/2287/1818 1723/2295/1826 1722/2307/1836
f 1725/2296/1827 1770/2290/1821 1771/2309/1838
f 1854/2300/1830 1856/2310/1839 1852/2283/1814
f 1769/2298/1828 1771/2309/1838 1770/2290/1821
f 1794/2288/1819 1796/2311/1840 1788/2293/1824
f 1717/2291/1822 1780/2308/1837 538/2302/545
f 1852/2283/1814 1856/2310/1839 1807/2299/1829
f 1771/2309/1838 1723/2295/1826 1725/2296/1827
f 1720/2289/1820 1722/2307/1836 1776/2312/1841
f 1785/2280/1812 1784/2313/1842 1767/2292/1823
f 1856/2310/1839 1854/2300/1830 1855/2306/1835
f 1786/2314/1843 1784/2313/1842 1785/2280/1812
f 1788/2293/1824 1786/2314/1843 1785/2280/1812
f 1799/2301/1831 1797/2315/1844 1794/2288/1819
f 1774/2316/1845 1722/2307/1836 1723/2295/1826
f 1720/2289/1820 1776/2312/1841 1778/2305/1834
f 1771/2309/1838 1772/2317/1846 1723/2295/1826
f 1767/2292/1823 1783/2318/1847 1782/2304/1833
f 1805/2319/1848 1802/2294/1825 1806/2303/1832
f 699/2297/784 701/2320/793 1855/2306/1835
f 1788/2293/1824 1796/2311/1840 1786/2314/1843
f 1794/2288/1819 1797/2315/1844 1796/2311/1840
f 538/2302/545 1781/2321/1849 535/2322/553
f 1723/2295/1826 1772/2317/1846 1774/2316/1845
f 1799/2301/1831 1802/2294/1825 1804/2323/1850
f 1807/2299/1829 1805/2319/1848 1806/2303/1832
f 1780/2308/1837 1781/2321/1849 538/2302/545
f 1722/2307/1836 1775/2324/1851 1776/2312/1841
f 1784/2313/1842 1783/2318/1847 1767/2292/1823
f 1782/2304/1833 1773/2325/1852 1769/2298/1828
f 1769/2298/1828 1773/2325/1852 1771/2309/1838
f 1780/2308/1837 1778/2305/1834 1779/2326/1853
f 1779/2326/1853 1778/2305/1834 1776/2312/1841
f 1856/2310/1839 1857/2327/1854 1807/2299/1829
f 1781/2321/1849 1780/2308/1837 1779/2326/1853
f 1783/2318/1847 1773/2325/1852 1782/2304/1833
f 1771/2309/1838 1773/2325/1852 1772/2317/1846
f 1722/2307/1836 1774/2316/1845 1775/2324/1851
f 1805/2319/1848 1804/2323/1850 1802/2294/1825
f 535/2322/553 1781/2321/1849 536/2328/559
f 1796/2311/1840 1798/2329/1855 1786/2314/1843
f 1775/2324/1851 1777/2330/1856 1776/2312/1841
f 1779/2326/1853 1776/2312/1841 1777/2330/1856
f 1665/2331/1664 1858/2332/1857 1300/2333/950
f 1300/2333/950 1858/2332/1857 1302/2334/960
f 1663/2335/1662 1667/2336/1666 1665/2331/1664
f 1665/2331/1664 1859/2337/1858 1858/2332/1857
f 1859/2337/1858 1665/2331/1664 1667/2336/1666
f 1670/2338/1669 1859/2337/1858 1667/2336/1666
f 1020/2339/991 1861/2340/1859 1668/2341/1667
f 1858/2332/1857 1859/2337/1858 1860/2342/1860
f 1668/2341/1667 1861/2340/1859 1669/2343/1668
f 1669/2343/1668 1861/2340/1859 1670/2338/1669
f 1670/2338/1669 1860/2342/1860 1859/2337/1858
f 1860/2342/1860 1670/2338/1669 1861/2340/1859
f 1858/2332/1857 1018/2344/997 1302/2334/960
f 1858/2332/1857 1860/2342/1860 1018/2344/997
f 1018/2344/997 1861/2340/1859 1020/2339/991
f 1018/2344/997 1860/2342/1860 1861/2340/1859
f 893/2345/961 892/2346/947 1295/2347/970
f 896/2348/983 893/2345/961 1303/2349/996
f 897/2350/978 896/2348/983 1862/2351/1861
f 897/2350/978 1862/2351/1861 1863/2352/1862
f 893/2345/961 1295/2347/970 1303/2349/996
f 1303/2349/996 1862/2351/1861 896/2348/983
f 1294/2353/965 1293/2354/1005 1303/2349/996
f 1303/2349/996 1286/2355/1012 1862/2351/1861
f 1303/2349/996 1293/2354/1005 1286/2355/1012
f 1284/2356/1007 1863/2352/1862 1862/2351/1861
f 1286/2355/1012 1284/2356/1007 1862/2351/1861
f 891/2357/955 890/2358/962 1241/2359/984
f 1863/2360/1862 890/2358/962 897/2361/978
f 890/2358/962 1863/2360/1862 1241/2359/984
f 1241/2359/984 1863/2360/1862 1284/2362/1007
f 1187/2363/980 1864/2364/1863 1310/2365/975
f 1864/2364/1863 1865/2366/1864 1310/2365/975
f 1866/2367/1865 1865/2366/1864 1864/2364/1863
f 1187/2363/980 1185/2368/986 1864/2364/1863
f 1864/2364/1863 1185/2368/986 1872/2369/1866
f 1872/2369/1866 1866/2367/1865 1864/2364/1863
f 1865/2366/1864 1314/2370/992 1310/2365/975
f 1867/2371/1867 1314/2370/992 1865/2366/1864
f 1312/2372/1006 1870/2373/1868 1311/2374/1000
f 1871/2375/1869 1311/2374/1000 1870/2373/1868
f 1870/2373/1868 1312/2372/1006 1868/2376/1870
f 1868/2376/1870 1314/2370/992 1867/2371/1867
f 1868/2376/1870 1869/2377/1871 1870/2373/1868
f 1868/2376/1870 1312/2372/1006 1314/2370/992
f 1868/2376/1870 1867/2371/1867 1869/2377/1871
f 1866/2378/1865 1872/2379/1866 1878/2380/1872
f 1875/2381/1873 1865/2382/1864 1866/2378/1865
f 1866/2378/1865 1878/2380/1872 1875/2381/1873
f 1867/2383/1867 1865/2382/1864 1875/2381/1873
f 1877/2384/1874 1875/2381/1873 1878/2380/1872
f 1877/2384/1874 1878/2380/1872 1879/2385/1875
f 1883/2386/1876 1869/2387/1871 1867/2383/1867
f 1883/2386/1876 1867/2383/1867 1874/2388/1877
f 1873/2389/1878 1870/2390/1868 1869/2387/1871
f 1874/2388/1877 1867/2383/1867 1875/2381/1873
f 1882/2391/1879 1869/2387/1871 1883/2386/1876
f 1877/2384/1874 1876/2392/1880 1875/2381/1873
f 1874/2388/1877 1875/2381/1873 1876/2392/1880
f 1888/2393/1881 1874/2394/1877 1876/2395/1880
f 1873/2389/1878 1869/2387/1871 1882/2391/1879
f 1876/2395/1880 1877/2396/1874 1887/2397/1882
f 1888/2393/1881 1876/2395/1880 1887/2397/1882
f 1874/2394/1877 1888/2393/1881 1889/2398/1883
f 1877/2384/1874 1879/2385/1875 1880/2399/1884
f 1889/2398/1883 1883/2400/1876 1874/2394/1877
f 1886/2401/1885 1873/2389/1878 1882/2391/1879
f 1880/2399/1884 1881/2402/1886 1877/2384/1874
f 1889/2398/1883 1888/2393/1881 1887/2397/1882
f 1881/2402/1886 1882/2391/1879 1883/2386/1876
f 1885/2403/1887 1886/2401/1885 1882/2391/1879
f 1880/2399/1884 1882/2391/1879 1881/2402/1886
f 1882/2391/1879 1880/2399/1884 1884/2404/1888
f 1885/2403/1887 1882/2391/1879 1884/2404/1888
f 1872/2405/1866 1185/2406/986 1184/2407/998
f 1878/2408/1872 1872/2405/1866 1184/2407/998
f 1878/2408/1872 1184/2407/998 1879/2409/1875
f 1155/2410/1015 1879/2409/1875 1184/2407/998
f 1879/2409/1875 1155/2410/1015 1880/2411/1884
f 1880/2411/1884 1155/2410/1015 1158/2412/1042
f 1158/2412/1042 1884/2413/1888 1880/2411/1884
f 1658/2414/1477 1659/2415/1450 1404/2416/1406
f 1406/2417/1407 1404/2416/1406 1403/2418/1403
f 1658/2414/1477 1404/2416/1406 1656/2419/1489
f 1404/2416/1406 1406/2417/1407 1656/2419/1489
f 1409/2420/1411 1656/2419/1489 1406/2417/1407
f 1657/2421/1507 1655/2422/1498 1656/2419/1489
f 1409/2420/1411 1657/2421/1507 1656/2419/1489
f 1657/2421/1507 1661/2423/1519 1654/2424/1503
f 1409/2420/1411 1411/2425/1414 1657/2421/1507
f 1411/2425/1414 1425/2426/1419 1657/2421/1507
f 1657/2421/1507 1425/2426/1419 1661/2423/1519
f 1559/2427/1533 1661/2423/1519 1425/2426/1419
f 1558/2428/1555 1559/2427/1533 1425/2426/1419
f 1415/2429/1418 1558/2428/1555 1425/2426/1419
f 1558/2428/1555 1415/2429/1418 1419/2430/1421
f 1419/2430/1421 1557/2431/1577 1558/2428/1555
f 1419/2430/1421 1418/2432/1423 1557/2431/1577
f 1418/2432/1423 1553/2433/1582 1557/2431/1577
f 1420/2434/1426 1553/2433/1582 1418/2432/1423
f 1420/2434/1426 1550/2435/1601 1553/2433/1582
f 1549/2436/1612 1550/2435/1601 1420/2434/1426
f 1891/2437/1889 1890/2438/1890 1420/2434/1426
f 1890/2438/1890 1549/2436/1612 1420/2434/1426
f 1890/2438/1890 1891/2437/1889 1892/2439/1891
f 1547/2440/1623 1549/2436/1612 1890/2438/1890
f 1890/2438/1890 1892/2439/1891 1547/2440/1623
f 1547/2440/1623 1892/2439/1891 1548/2441/1650
f 1548/2441/1650 1892/2439/1891 1893/2442/1892
f 1893/2442/1892 1662/2443/1651 1548/2441/1650
f 1662/2443/1651 1893/2442/1892 1894/2444/1893
f 1662/2443/1651 1894/2444/1893 1895/2445/1894
f 1894/2444/1893 1896/2446/1895 1895/2445/1894
f 1897/2447/1896 1895/2445/1894 1896/2446/1895
f 1895/2445/1894 1897/2447/1896 1898/2448/1897
f 1898/2448/1897 1897/2447/1896 1899/2449/1898
f 565/2450/570 1906/2451/1899 1905/2452/1900
f 1905/2452/1900 1904/2453/1901 1902/2454/1902
f 1901/2455/1903 1900/2456/1904 1899/2449/1898
f 1905/2452/1900 1906/2451/1899 1904/2453/1901
f 1899/2449/1898 1900/2456/1904 1898/2448/1897
f 1901/2455/1903 1902/2454/1902 1900/2456/1904
f 1903/2457/1905 1902/2454/1902 1904/2453/1901
f 1900/2456/1904 1902/2454/1902 1903/2457/1905
f 1313/2458/1016 1311/2459/1000 1871/2460/1869
f 1873/2461/1878 1871/2460/1869 1870/2462/1868
f 1167/2463/1040 1313/2458/1016 1871/2460/1869
f 1873/2461/1878 1167/2463/1040 1871/2460/1869
f 1886/2464/1885 1167/2463/1040 1873/2461/1878
f 1167/2463/1040 1036/2465/1028 1313/2458/1016
f 1886/2464/1885 1166/2466/1041 1167/2463/1040
f 1166/2466/1041 1886/2464/1885 1885/2467/1887
f 1166/2466/1041 1885/2467/1887 1884/2468/1888
f 1884/2468/1888 1158/2469/1042 1166/2466/1041
f 1877/2470/1874 1881/2471/1886 1887/2472/1882
f 1881/2471/1886 1883/2473/1876 1889/2474/1883
f 1889/2474/1883 1887/2472/1882 1881/2471/1886
f 1907/2475/1906 1291/2476/1013 1304/2477/1051
f 1304/2477/1051 1908/2478/1907 1907/2475/1906
f 1909/2479/1908 1907/2475/1906 1908/2478/1907
f 1304/2477/1051 1014/2480/1047 1908/2478/1907
f 1911/2481/1909 1909/2479/1908 887/2482/1069
f 1909/2479/1908 1908/2478/1907 888/2483/1096
f 885/2484/1070 887/2482/1069 1909/2479/1908
f 1909/2479/1908 888/2483/1096 885/2484/1070
f 1014/2480/1047 1005/2485/1080 1908/2478/1907
f 885/2484/1070 888/2483/1096 882/2486/1085
f 1005/2485/1080 1910/2487/1910 1908/2478/1907
f 1910/2487/1910 1005/2485/1080 1003/2488/1091
f 888/2483/1096 1908/2478/1907 1910/2487/1910
f 884/2489/1095 888/2483/1096 1910/2487/1910
f 884/2489/1095 1910/2487/1910 1912/2490/1911
f 1003/2488/1091 1912/2490/1911 1910/2487/1910
f 881/2491/1105 884/2489/1095 1912/2490/1911
f 1912/2490/1911 1003/2488/1091 1913/2492/1912
f 1913/2492/1912 881/2491/1105 1912/2490/1911
f 881/2491/1105 1913/2492/1912 877/2493/1130
f 1003/2488/1091 877/2493/1130 1913/2492/1912
f 1907/2494/1906 1290/2495/1036 1291/2496/1013
f 1911/2497/1909 1290/2495/1036 1907/2494/1906
f 1911/2497/1909 1907/2494/1906 1909/2498/1908
f 1914/2499/1913 1290/2495/1036 1911/2497/1909
f 1911/2497/1909 887/2500/1069 886/2501/1071
f 1000/2502/1064 1290/2495/1036 1914/2499/1913
f 1914/2499/1913 1911/2497/1909 886/2501/1071
f 886/2501/1071 1000/2502/1064 1914/2499/1913
f 886/2501/1071 880/2503/1086 1000/2502/1064
f 878/2504/1106 1000/2502/1064 880/2503/1086
f 1023/2505/1032 869/2506/1050 1021/2507/1031
f 869/2506/1050 1023/2505/1032 1031/2508/1037
f 1032/2509/1048 1037/2510/1072 1031/2508/1037
f 1037/2510/1072 869/2506/1050 1031/2508/1037
f 1032/2509/1048 1033/2511/1038 1037/2510/1072
f 1915/2512/1914 1281/2513/1025 1283/2514/1035
f 1281/2513/1025 1915/2512/1914 1280/2515/1039
f 1383/2516/1088 1280/2515/1039 1915/2512/1914
f 1381/2517/1087 1280/2515/1039 1383/2516/1088
f 1381/2517/1087 1918/2518/1915 1280/2515/1039
f 1279/2519/1062 1280/2515/1039 1918/2518/1915
f 1283/2514/1035 1287/2520/1076 1915/2512/1914
f 1915/2512/1914 1287/2520/1076 1916/2521/1916
f 1915/2512/1914 1916/2521/1916 1383/2516/1088
f 1384/2522/1093 1918/2518/1915 1381/2517/1087
f 1918/2518/1915 1384/2522/1093 1279/2519/1062
f 1277/2523/1090 1279/2519/1062 1384/2522/1093
f 1917/2524/1917 1916/2521/1916 1287/2520/1076
f 1382/2525/1107 1383/2516/1088 1916/2521/1916
f 1382/2525/1107 1916/2521/1916 1917/2524/1917
f 1012/2526/1049 869/2527/1050 871/2528/1055
f 1012/2526/1049 871/2528/1055 1009/2529/1056
f 1009/2529/1056 871/2528/1055 872/2530/1065
f 1009/2529/1056 872/2530/1065 1919/2531/1918
f 872/2530/1065 873/2532/1067 1919/2531/1918
f 1919/2531/1918 1008/2533/1082 1009/2529/1056
f 873/2532/1067 876/2534/1128 1919/2531/1918
f 1008/2533/1082 1919/2531/1918 1920/2535/1919
f 876/2534/1128 874/2536/1127 1920/2535/1919
f 876/2534/1128 1920/2535/1919 1919/2531/1918
f 1920/2535/1919 1006/2537/1132 1008/2533/1082
f 1917/2538/1917 1287/2539/1076 1288/2540/1094
f 1917/2538/1917 1288/2540/1094 1921/2541/1920
f 1382/2542/1107 1917/2538/1917 1921/2541/1920
f 1379/2543/1122 1382/2542/1107 1921/2541/1920
f 1288/2540/1094 1379/2543/1122 1921/2541/1920
f 1379/2543/1122 1288/2540/1094 1289/2544/1138
f 1164/2545/1084 1162/2546/1104 1372/2547/1111
f 1374/2548/1113 1164/2545/1084 1372/2547/1111
f 1164/2545/1084 1374/2548/1113 1165/2549/1102
f 1168/2550/1150 1165/2549/1102 1374/2548/1113
f 1378/2551/1149 1922/2552/1921 1374/2548/1113
f 1922/2552/1921 1168/2550/1150 1374/2548/1113
f 1360/2553/1116 1923/2554/1922 1356/2555/1121
f 1356/2555/1121 1923/2554/1922 1350/2556/1134
f 1923/2554/1922 1358/2557/1139 1350/2556/1134
f 1351/2558/1135 1350/2556/1134 1358/2557/1139
f 1347/2559/1126 1356/2555/1121 1350/2556/1134
f 1923/2560/1922 1360/2561/1116 1924/2562/1923
f 1358/2563/1139 1923/2560/1922 1924/2562/1923
f 1360/2561/1116 1276/2564/1125 1924/2562/1923
f 1924/2562/1923 1355/2565/1140 1358/2563/1139
f 1924/2562/1923 1276/2564/1125 1264/2566/1167
f 1355/2565/1140 1924/2562/1923 1357/2567/1190
f 1357/2567/1190 1924/2562/1923 1925/2568/1924
f 1924/2562/1923 1264/2566/1167 1925/2568/1924
f 1925/2568/1924 1264/2566/1167 1926/2569/1925
f 1926/2569/1925 1354/2570/1187 1925/2568/1924
f 1357/2567/1190 1925/2568/1924 1354/2570/1187
f 1926/2569/1925 1263/2571/1193 1261/2572/1208
f 1354/2570/1187 1926/2569/1925 1352/2573/1200
f 1261/2572/1208 1352/2573/1200 1926/2569/1925
f 1352/2573/1200 1261/2572/1208 1260/2574/1213
f 1926/2569/1925 1264/2566/1167 1263/2571/1193
f 1042/2575/1137 1927/2576/1926 875/2577/1119
f 1927/2576/1926 870/2578/1109 875/2577/1119
f 874/2579/1127 870/2578/1109 1927/2576/1926
f 1920/2580/1919 874/2579/1127 1927/2576/1926
f 1920/2580/1919 1927/2576/1926 1042/2575/1137
f 1006/2581/1132 1920/2580/1919 1042/2575/1137
f 1143/2582/1124 1321/2583/1166 1177/2584/1152
f 1183/2585/1160 1177/2584/1152 1321/2583/1166
f 1321/2583/1166 1182/2586/1161 1183/2585/1160
f 1182/2586/1161 1321/2583/1166 1141/2587/1177
f 1321/2583/1166 1140/2588/1158 1141/2587/1177
f 1371/2589/1154 1163/2590/1142 1172/2591/1153
f 1931/2592/1927 1378/2593/1149 1377/2594/1148
f 1922/2595/1921 1378/2593/1149 1931/2592/1927
f 1922/2595/1921 1931/2592/1927 1930/2596/1928
f 1922/2595/1921 1930/2596/1928 1168/2597/1150
f 1931/2592/1927 1377/2594/1148 1376/2598/1164
f 1172/2591/1153 1928/2599/1929 1371/2589/1154
f 1169/2600/1176 1168/2597/1150 1930/2596/1928
f 1376/2598/1164 1930/2596/1928 1931/2592/1927
f 1375/2601/1173 1371/2589/1154 1928/2599/1929
f 1929/2602/1930 1930/2596/1928 1376/2598/1164
f 1928/2599/1929 1929/2602/1930 1375/2601/1173
f 1376/2598/1164 1375/2601/1173 1929/2602/1930
f 1172/2591/1153 1171/2603/1196 1928/2599/1929
f 1930/2596/1928 1929/2602/1930 1169/2600/1176
f 1929/2602/1930 1928/2599/1929 1171/2603/1196
f 1169/2600/1176 1929/2602/1930 1171/2603/1196
f 1305/2604/1172 1306/2605/1165 1362/2606/1183
f 1305/2604/1172 1362/2606/1183 1365/2607/1185
f 1272/2608/1181 1305/2604/1172 1365/2607/1185
f 1272/2608/1181 1365/2607/1185 1932/2609/1931
f 1272/2608/1181 1932/2609/1931 1273/2610/1227
f 1045/2611/1157 1170/2612/1202 1933/2613/1932
f 1933/2613/1932 831/2614/1211 837/2615/1210
f 1934/2616/1933 1933/2613/1932 1170/2612/1202
f 831/2614/1211 1933/2613/1932 1934/2616/1933
f 831/2614/1211 1934/2616/1933 829/2617/1222
f 1170/2612/1202 829/2617/1222 1934/2616/1933
f 1051/2618/1168 1050/2619/1178 1935/2620/1934
f 1935/2620/1934 1050/2619/1178 1369/2621/1228
f 1052/2622/1175 1051/2618/1168 1935/2620/1934
f 1935/2620/1934 1369/2621/1228 1937/2623/1935
f 1935/2620/1934 1060/2624/1233 1052/2622/1175
f 1939/2625/1936 1937/2623/1935 1369/2621/1228
f 1936/2626/1937 1935/2620/1934 1937/2623/1935
f 1052/2622/1175 1060/2624/1233 993/2627/1179
f 1060/2624/1233 1935/2620/1934 1936/2626/1937
f 1048/2628/1220 1939/2625/1936 1369/2621/1228
f 1936/2626/1937 1938/2629/1938 1060/2624/1233
f 1059/2630/1234 1060/2624/1233 1938/2629/1938
f 1933/2631/1932 837/2632/1210 1940/2633/1939
f 1045/2634/1157 1933/2631/1932 1940/2633/1939
f 1047/2635/1219 1045/2634/1157 1940/2633/1939
f 1940/2633/1939 837/2632/1210 833/2636/1209
f 1941/2637/1940 1047/2635/1219 1940/2633/1939
f 1941/2637/1940 1940/2633/1939 833/2636/1209
f 835/2638/1238 1941/2637/1940 833/2636/1209
f 1047/2635/1219 1941/2637/1940 1322/2639/1244
f 1322/2639/1244 1941/2637/1940 835/2638/1238
f 835/2638/1238 1942/2640/1941 1322/2639/1244
f 835/2638/1238 834/2641/1267 1942/2640/1941
f 1322/2639/1244 1942/2640/1941 836/2642/1274
f 836/2642/1274 1942/2640/1941 834/2641/1267
f 1307/2643/1182 996/2644/1147 997/2645/1198
f 1948/2646/1942 997/2645/1198 1955/2647/1943
f 997/2645/1198 1948/2646/1942 1957/2648/1944
f 1957/2648/1944 1307/2643/1182 997/2645/1198
f 1932/2649/1931 1365/2650/1185 1366/2651/1206
f 1955/2647/1943 1949/2652/1945 1948/2646/1942
f 1947/2653/1946 1948/2646/1942 1949/2652/1945
f 1307/2643/1182 1957/2648/1944 1364/2654/1215
f 1948/2646/1942 1364/2654/1215 1957/2648/1944
f 1948/2646/1942 1947/2653/1946 1363/2655/1184
f 1363/2655/1184 1364/2654/1215 1948/2646/1942
f 1946/2656/1947 1932/2649/1931 1366/2651/1206
f 1944/2657/1948 1363/2655/1184 1947/2653/1946
f 1949/2652/1945 1950/2658/1949 1947/2653/1946
f 1366/2651/1206 1363/2655/1184 1943/2659/1950
f 1943/2659/1950 1363/2655/1184 1944/2657/1948
f 1273/2660/1227 1932/2649/1931 1946/2656/1947
f 1944/2661/1948 1947/2662/1946 1958/2663/1951
f 1366/2651/1206 1943/2659/1950 1945/2664/1952
f 1945/2664/1952 1946/2656/1947 1366/2651/1206
f 1950/2658/1949 1951/2665/1953 1947/2653/1946
f 1951/2665/1953 1950/2658/1949 1952/2666/1954
f 1951/2665/1953 1956/2667/1955 1947/2653/1946
f 1952/2666/1954 1953/2668/1956 1951/2665/1953
f 1954/2669/1957 1956/2667/1955 1951/2665/1953
f 1951/2665/1953 1953/2668/1956 1954/2669/1957
f 1955/2670/1943 997/2671/1198 1959/2672/1958
f 1949/2673/1945 1955/2670/1943 1959/2672/1958
f 1959/2672/1958 997/2671/1198 992/2674/1197
f 1959/2672/1958 992/2674/1197 1960/2675/1959
f 1949/2673/1945 1959/2672/1958 1960/2675/1959
f 1960/2675/1959 992/2674/1197 991/2676/1229
f 1950/2677/1949 1949/2673/1945 1960/2675/1959
f 1950/2677/1949 1960/2675/1959 991/2676/1229
f 1952/2678/1954 1950/2677/1949 991/2676/1229
f 990/2679/1258 1952/2678/1954 991/2676/1229
f 1953/2680/1956 1952/2678/1954 990/2679/1258
f 990/2679/1258 985/2681/1263 1953/2680/1956
f 1937/2682/1935 1939/2683/1936 1961/2684/1960
f 1961/2684/1960 1936/2685/1937 1937/2682/1935
f 1961/2684/1960 1939/2683/1936 1048/2686/1220
f 1054/2687/1252 1961/2684/1960 1048/2686/1220
f 1961/2684/1960 1938/2688/1938 1936/2685/1937
f 1938/2688/1938 1962/2689/1961 1059/2690/1234
f 1938/2688/1938 1961/2684/1960 1962/2689/1961
f 1054/2687/1252 1962/2689/1961 1961/2684/1960
f 1962/2689/1961 1055/2691/1260 1059/2690/1234
f 1054/2687/1252 1055/2691/1260 1962/2689/1961
f 1963/2692/1962 1964/2693/1963 1965/2694/1964
f 1967/2695/1965 1963/2692/1962 1965/2694/1964
f 1969/2696/1966 1966/2697/1967 1963/2692/1962
f 1966/2697/1967 1126/2698/1253 1175/2699/1217
f 1966/2697/1967 1964/2693/1963 1963/2692/1962
f 1966/2697/1967 1385/2700/1259 1126/2698/1253
f 1385/2700/1259 1966/2697/1967 1969/2696/1966
f 1967/2695/1965 1968/2701/1968 1963/2692/1962
f 1969/2696/1966 1963/2692/1962 1968/2701/1968
f 1969/2696/1966 1970/2702/1969 1385/2700/1259
f 1964/2703/1963 1967/2704/1965 1965/2705/1964
f 1964/2703/1963 1971/2706/1970 1967/2704/1965
f 1975/2707/1971 1976/2708/1972 1974/2709/1973
f 1967/2704/1965 1971/2706/1970 1972/2710/1974
f 1973/2711/1975 1967/2704/1965 1972/2710/1974
f 1972/2710/1974 1974/2709/1973 1973/2711/1975
f 1974/2709/1973 1972/2710/1974 1975/2707/1971
f 1333/2712/1236 1332/2713/1235 1944/2714/1948
f 1943/2715/1950 1944/2714/1948 1332/2713/1235
f 1332/2713/1235 1945/2716/1952 1943/2715/1950
f 1330/2717/1241 1945/2716/1952 1332/2713/1235
f 1330/2717/1241 981/2718/1261 1945/2716/1952
f 981/2718/1261 1273/2719/1227 1946/2720/1947
f 1946/2720/1947 1945/2716/1952 981/2718/1261
f 1944/2721/1948 1958/2722/1951 1333/2723/1236
f 1958/2722/1951 1331/2724/1237 1333/2723/1236
f 1947/2725/1946 1977/2726/1976 1958/2722/1951
f 1958/2722/1951 1977/2726/1976 1331/2724/1237
f 1977/2726/1976 1329/2727/1243 1331/2724/1237
f 1947/2725/1946 1956/2728/1955 1977/2726/1976
f 1329/2727/1243 1977/2726/1976 1956/2728/1955
f 1956/2728/1955 980/2729/1265 1329/2727/1243
f 1954/2730/1957 980/2729/1265 1956/2728/1955
f 1966/2731/1967 1175/2732/1217 1180/2733/1248
f 1970/2734/1969 1964/2735/1963 1966/2736/1967
f 1971/2737/1970 1964/2735/1963 1970/2734/1969
f 1180/2733/1248 1970/2738/1969 1966/2731/1967
f 1385/2739/1259 1970/2740/1969 1180/2741/1248
f 1968/2742/1968 1970/2734/1969 1969/2743/1966
f 1971/2737/1970 1970/2734/1969 1968/2742/1968
f 1971/2737/1970 1968/2742/1968 1978/2744/1977
f 1972/2745/1974 1971/2737/1970 1978/2744/1977
f 1972/2745/1974 1978/2744/1977 1975/2746/1971
f 1979/2747/1978 1974/2748/1973 1976/2749/1972
f 1980/2750/1979 1968/2751/1968 1967/2752/1965
f 1978/2753/1977 1968/2751/1968 1980/2750/1979
f 1973/2754/1975 1979/2747/1978 1980/2750/1979
f 1974/2748/1973 1979/2747/1978 1973/2754/1975
f 1980/2750/1979 1979/2747/1978 1975/2755/1971
f 1980/2750/1979 1967/2752/1965 1973/2754/1975
f 1975/2755/1971 1978/2753/1977 1980/2750/1979
f 1979/2747/1978 1976/2749/1972 1975/2755/1971
f 1953/2756/1956 985/2757/1263 982/2758/1278
f 1954/2759/1957 1953/2756/1956 982/2758/1278
f 980/2760/1265 1954/2759/1957 982/2758/1278
f 1981/2761/1980 1982/2762/1981 1057/2763/1285
f 1325/2764/1289 1981/2761/1980 1057/2763/1285
f 1982/2762/1981 1981/2761/1980 861/2765/1296
f 1983/2766/1982 1982/2762/1981 861/2765/1296
f 1057/2763/1285 1982/2762/1981 1983/2766/1982
f 1325/2764/1289 858/2767/1290 1981/2761/1980
f 858/2767/1290 861/2765/1296 1981/2761/1980
f 1983/2766/1982 1064/2768/1301 1057/2763/1285
f 861/2765/1296 862/2769/1303 1983/2766/1982
f 1064/2768/1301 1983/2766/1982 1984/2770/1983
f 1983/2766/1982 862/2769/1303 1984/2770/1983
f 1064/2768/1301 1984/2770/1983 1985/2771/1984
f 1066/2772/1338 1064/2768/1301 1985/2771/1984
f 862/2769/1303 863/2773/1342 1984/2770/1983
f 1984/2770/1983 863/2773/1342 1985/2771/1984
f 1416/2774/1422 1986/2775/1985 1417/2776/1425
f 1417/2776/1425 1986/2775/1985 1988/2777/1986
f 1416/2774/1422 1422/2778/1424 1986/2775/1985
f 962/2779/1275 963/2780/1304 1422/2778/1424
f 1420/2781/1426 1417/2776/1425 1891/2782/1889
f 1417/2776/1425 1988/2777/1986 1891/2782/1889
f 1422/2778/1424 1987/2783/1987 1986/2775/1985
f 1986/2775/1985 1987/2783/1987 1988/2777/1986
f 966/2784/1330 1422/2778/1424 963/2780/1304
f 1987/2783/1987 1422/2778/1424 966/2784/1330
f 966/2784/1330 1991/2785/1988 1987/2783/1987
f 1988/2777/1986 1996/2786/1989 1891/2782/1889
f 1988/2777/1986 1987/2783/1987 1989/2787/1990
f 1996/2786/1989 1892/2788/1891 1891/2782/1889
f 1987/2783/1987 1991/2785/1988 1989/2787/1990
f 1990/2789/1991 1996/2786/1989 1988/2777/1986
f 1991/2785/1988 966/2784/1330 967/2790/1341
f 1988/2777/1986 1989/2787/1990 1990/2789/1991
f 1990/2789/1991 1892/2788/1891 1996/2786/1989
f 1989/2787/1990 1991/2785/1988 1992/2791/1992
f 1991/2785/1988 967/2790/1341 1368/2792/1363
f 1989/2787/1990 1992/2791/1992 1990/2789/1991
f 1991/2785/1988 1993/2793/1993 1992/2791/1992
f 1993/2793/1993 1991/2785/1988 1368/2792/1363
f 1892/2788/1891 1990/2789/1991 1893/2794/1892
f 1990/2789/1991 1992/2791/1992 1994/2795/1994
f 1992/2791/1992 1995/2796/1995 1994/2795/1994
f 1368/2792/1363 1367/2797/1362 1993/2793/1993
f 1893/2794/1892 1990/2789/1991 1994/2795/1994
f 1992/2791/1992 1993/2793/1993 1995/2796/1995
f 1894/2798/1893 1893/2794/1892 1994/2795/1994
f 524/2799/554 523/2800/557 2009/2801/1996
f 2022/2802/1997 1367/2797/1362 1090/2803/1372
f 2022/2802/1997 1993/2793/1993 1367/2797/1362
f 2022/2802/1997 1995/2796/1995 1993/2793/1993
f 2009/2801/1996 523/2800/557 531/2804/562
f 2009/2801/1996 528/2805/561 524/2799/554
f 1090/2803/1372 1091/2806/1376 2020/2807/1998
f 2009/2801/1996 531/2804/562 2006/2808/1999
f 2022/2802/1997 1090/2803/1372 2020/2807/1998
f 2006/2808/1999 528/2805/561 2009/2801/1996
f 528/2805/561 2008/2809/2000 527/2810/560
f 1994/2795/1994 1995/2796/1995 2025/2811/2001
f 2020/2807/1998 2017/2812/2002 2022/2802/1997
f 1894/2798/1893 1994/2795/1994 1896/2813/1895
f 561/2814/566 531/2804/562 532/2815/563
f 1896/2813/1895 1994/2795/1994 2025/2811/2001
f 2006/2808/1999 531/2804/562 561/2814/566
f 2008/2809/2000 528/2805/561 2006/2808/1999
f 527/2810/560 2008/2809/2000 1112/2816/1379
f 1995/2796/1995 2022/2802/1997 2018/2817/2003
f 2020/2807/1998 1091/2806/1376 2019/2818/2004
f 1995/2796/1995 2018/2817/2003 2025/2811/2001
f 2018/2817/2003 2022/2802/1997 2017/2812/2002
f 2020/2807/1998 2019/2818/2004 2017/2812/2002
f 2011/2819/2005 1112/2816/1379 2008/2809/2000
f 1092/2820/1382 2019/2818/2004 1091/2806/1376
f 2018/2817/2003 2024/2821/2006 2025/2811/2001
f 2006/2808/1999 2007/2822/2007 2008/2809/2000
f 1112/2816/1379 2011/2819/2005 1326/2823/1383
f 2019/2818/2004 2015/2824/2008 2017/2812/2002
f 562/2825/567 2006/2808/1999 561/2814/566
f 2015/2824/2008 2016/2826/2009 2017/2812/2002
f 2024/2821/2006 1897/2827/1896 2025/2811/2001
f 2018/2817/2003 2017/2812/2002 2016/2826/2009
f 1896/2813/1895 2025/2811/2001 1897/2827/1896
f 2006/2808/1999 562/2825/567 2007/2822/2007
f 2010/2828/2010 2008/2809/2000 2007/2822/2007
f 2010/2828/2010 2011/2819/2005 2008/2809/2000
f 2018/2817/2003 2016/2826/2009 2024/2821/2006
f 2012/2829/2011 1326/2823/1383 2011/2819/2005
f 2012/2829/2011 1096/2830/1381 1326/2823/1383
f 2019/2818/2004 1092/2820/1382 2021/2831/2012
f 2015/2824/2008 2019/2818/2004 2021/2831/2012
f 2027/2832/2013 2028/2833/2014 2029/2834/2015
f 2028/2833/2014 2030/2835/2016 2029/2834/2015
f 2029/2834/2015 2031/2836/2017 2027/2832/2013
f 1092/2820/1382 1093/2837/1384 2021/2831/2012
f 2027/2832/2013 2032/2838/2018 2028/2833/2014
f 1095/2839/1380 2021/2831/2012 1093/2837/1384
f 2007/2822/2007 562/2825/567 564/2840/569
f 1095/2839/1380 1096/2830/1381 2012/2829/2011
f 2010/2828/2010 2012/2829/2011 2011/2819/2005
f 2027/2841/2013 2004/2842/2019 2032/2843/2018
f 2016/2826/2009 2023/2844/2020 2024/2821/2006
f 1095/2839/1380 2012/2829/2011 2013/2845/2021
f 2027/2841/2013 2031/2846/2017 2026/2847/2022
f 1897/2827/1896 2024/2821/2006 2023/2844/2020
f 2010/2828/2010 2013/2845/2021 2012/2829/2011
f 2026/2847/2022 2004/2842/2019 2027/2841/2013
f 2000/2848/2023 2015/2824/2008 2021/2831/2012
f 2007/2822/2007 564/2840/569 2005/2849/2024
f 1095/2839/1380 2013/2845/2021 2003/2850/2025
f 1095/2839/1380 2014/2851/2026 2021/2831/2012
f 2000/2848/2023 2016/2826/2009 2015/2824/2008
f 1095/2839/1380 2003/2850/2025 2014/2851/2026
f 2014/2851/2026 2000/2848/2023 2021/2831/2012
f 2014/2851/2026 2003/2850/2025 2004/2852/2019
f 2004/2852/2019 2026/2853/2022 2014/2851/2026
f 2000/2848/2023 2014/2851/2026 2026/2853/2022
f 2007/2822/2007 2005/2849/2024 2010/2828/2010
f 2010/2828/2010 1999/2854/2027 2013/2845/2021
f 2003/2850/2025 2013/2845/2021 1999/2854/2027
f 2004/2852/2019 2003/2850/2025 2002/2855/2028
f 2002/2855/2028 2003/2850/2025 1999/2854/2027
f 2000/2848/2023 2026/2853/2022 2001/2856/2029
f 2002/2855/2028 1999/2854/2027 2001/2856/2029
f 564/2840/569 565/2857/570 2005/2849/2024
f 2010/2828/2010 2005/2849/2024 1999/2854/2027
f 2000/2848/2023 2001/2856/2029 1999/2854/2027
f 1999/2854/2027 1998/2858/2030 2000/2848/2023
f 2000/2848/2023 1997/2859/2031 2016/2826/2009
f 2023/2844/2020 1899/2860/1898 1897/2827/1896
f 2023/2844/2020 2016/2826/2009 1997/2859/2031
f 2000/2848/2023 1998/2858/2030 1997/2859/2031
f 2005/2849/2024 1905/2861/1900 1999/2854/2027
f 1901/2862/1903 1997/2859/2031 1998/2858/2030
f 1997/2859/2031 1899/2860/1898 2023/2844/2020
f 565/2857/570 1905/2861/1900 2005/2849/2024
f 1902/2863/1902 1999/2854/2027 1905/2861/1900
f 1999/2854/2027 1902/2863/1902 1998/2858/2030
f 1902/2863/1902 1901/2862/1903 1998/2858/2030
f 1899/2860/1898 1997/2859/2031 1901/2862/1903
f 2033/2864/2032 854/2865/1310 851/2866/1287
f 855/2867/1283 1127/2868/1286 851/2866/1287
f 2033/2864/2032 851/2866/1287 1127/2868/1286
f 1127/2868/1286 1129/2869/1322 2033/2864/2032
f 987/2870/1300 1063/2871/1299 2034/2872/2033
f 2040/2873/2034 1063/2871/1299 1061/2874/1291
f 2035/2875/2035 1063/2871/1299 2040/2873/2034
f 2034/2872/2033 1063/2871/1299 2035/2875/2035
f 2038/2876/2036 2034/2872/2033 2035/2875/2035
f 2035/2875/2035 2040/2873/2034 2039/2877/2037
f 2038/2876/2036 2035/2875/2035 2039/2877/2037
f 987/2870/1300 2034/2872/2033 1077/2878/1316
f 2037/2879/2038 2034/2872/2033 2038/2876/2036
f 2040/2873/2034 1061/2874/1291 1062/2880/1307
f 2043/2881/2039 2040/2873/2034 1062/2880/1307
f 2037/2879/2038 2036/2882/2040 2034/2872/2033
f 2041/2883/2041 2039/2877/2037 2040/2873/2034
f 2036/2882/2040 1077/2878/1316 2034/2872/2033
f 1062/2880/1307 1065/2884/1324 2043/2881/2039
f 1074/2885/1335 1077/2878/1316 2036/2882/2040
f 2041/2883/2041 2040/2873/2034 2042/2886/2042
f 2042/2886/2042 2040/2873/2034 2043/2881/2039
f 2044/2887/2043 854/2888/1310 2033/2889/2032
f 853/2890/1311 854/2888/1310 2044/2887/2043
f 1117/2891/1315 848/2892/1298 852/2893/1314
f 2045/2894/2044 853/2890/1311 2044/2887/2043
f 1134/2895/1336 2045/2894/2044 2044/2887/2043
f 1133/2896/1328 2044/2887/2043 2033/2889/2032
f 1133/2896/1328 2033/2889/2032 1129/2897/1322
f 1133/2896/1328 1134/2895/1336 2044/2887/2043
f 853/2890/1311 2045/2894/2044 2046/2898/2045
f 853/2890/1311 2046/2898/2045 852/2893/1314
f 2046/2898/2045 1117/2891/1315 852/2893/1314
f 1117/2891/1315 2046/2898/2045 1115/2899/1337
f 1115/2899/1337 1134/2895/1336 1116/2900/1327
f 1115/2899/1337 2045/2894/2044 1134/2895/1336
f 1115/2899/1337 2046/2898/2045 2045/2894/2044
f 2039/2901/2037 2037/2902/2038 2038/2903/2036
f 2037/2902/2038 2039/2901/2037 2047/2904/2046
f 2039/2901/2037 2041/2905/2041 2047/2904/2046
f 2037/2902/2038 2047/2904/2046 2036/2906/2040
f 2036/2906/2040 2047/2904/2046 2048/2907/2047
f 2051/2908/2048 2043/2909/2039 1065/2910/1324
f 2036/2906/2040 2048/2907/2047 1074/2911/1335
f 1067/2912/1339 2051/2908/2048 1065/2910/1324
f 2051/2908/2048 2042/2913/2042 2043/2909/2039
f 2047/2904/2046 2041/2905/2041 2049/2914/2049
f 2049/2914/2049 2048/2907/2047 2047/2904/2046
f 2042/2913/2042 2049/2914/2049 2041/2905/2041
f 2051/2908/2048 2049/2914/2049 2042/2913/2042
f 1073/2915/1355 1074/2911/1335 2048/2907/2047
f 2049/2914/2049 2051/2908/2048 2050/2916/2050
f 2050/2916/2050 2051/2908/2048 1067/2912/1339
f 2049/2914/2049 2050/2916/2050 2048/2907/2047
f 1070/2917/1364 2048/2907/2047 2050/2916/2050
f 1070/2917/1364 1073/2915/1355 2048/2907/2047
f 2050/2916/2050 1067/2912/1339 1070/2917/1364
f 863/2918/1342 864/2919/1344 1985/2920/1984
f 1985/2920/1984 864/2919/1344 1327/2921/1352
f 1327/2921/1352 864/2919/1344 865/2922/1343
f 1066/2923/1338 1985/2920/1984 1327/2921/1352
f 1784/2924/1842 1786/2925/1843 2114/2926/2051
f 1772/2927/1846 2111/2928/2052 1774/2929/1845
f 1856/2930/1839 1855/2931/1835 2121/2932/2053
f 2096/2933/2054 1797/2934/1844 1799/2935/1831
f 1804/2936/1850 2096/2933/2054 1799/2935/1831
f 1797/2934/1844 2097/2937/2055 1796/2938/1840
f 1773/2939/1852 2112/2940/2056 1772/2927/1846
f 1855/2931/1835 701/2941/793 2121/2932/2053
f 1807/2942/1829 1857/2943/1854 2091/2944/2057
f 2278/2945/2058 1537/2946/1636 1539/2947/1645
f 1786/2925/1843 1798/2948/1855 2114/2926/2051
f 1783/2949/1847 2102/2950/2059 1773/2939/1852
f 2121/2932/2053 1857/2943/1854 1856/2930/1839
f 701/2941/793 704/2951/800 2121/2932/2053
f 1528/2952/1641 1537/2946/1636 2278/2945/2058
f 741/2953/796 1492/2954/1654 740/2955/802
f 2076/2956/2060 1798/2948/1855 1796/2938/1840
f 1797/2934/1844 2096/2933/2054 2097/2937/2055
f 2097/2937/2055 2076/2956/2060 1796/2938/1840
f 2114/2926/2051 2101/2957/2061 1784/2924/1842
f 1779/2958/1853 2052/2959/2062 1781/2960/1849
f 2112/2940/2056 1773/2939/1852 2103/2961/2063
f 1774/2929/1845 2110/2962/2064 1775/2963/1851
f 536/2964/559 1781/2960/1849 2052/2959/2062
f 1523/2965/1646 1526/2966/1643 2280/2967/2065
f 2276/2968/2066 1526/2966/1643 1528/2952/1641
f 2090/2969/2067 1804/2936/1850 1805/2970/1848
f 1784/2924/1842 2101/2957/2061 1783/2949/1847
f 2096/2933/2054 1804/2936/1850 2090/2969/2067
f 1805/2970/1848 1807/2942/1829 2091/2944/2057
f 2110/2962/2064 1774/2929/1845 2111/2928/2052
f 2278/2945/2058 2277/2971/2068 1528/2952/1641
f 2280/2967/2065 1522/2972/1658 1523/2965/1646
f 2090/2969/2067 1805/2970/1848 2088/2973/2069
f 2273/2974/2070 2280/2967/2065 1526/2966/1643
f 2277/2971/2068 2276/2968/2066 1528/2952/1641
f 2098/2975/2071 2102/2950/2059 1783/2949/1847
f 2105/2976/2072 2111/2928/2052 1772/2927/1846
f 2281/2977/2073 1515/2978/1649 1519/2979/1653
f 1777/2980/1856 2052/2959/2062 1779/2958/1853
f 1857/2943/1854 2092/2981/2074 2091/2944/2057
f 2096/2933/2054 2080/2982/2075 2097/2937/2055
f 2112/2940/2056 2105/2976/2072 1772/2927/1846
f 1495/2983/1657 1498/2984/1656 2270/2985/2076
f 1798/2948/1855 2078/2986/2077 2114/2926/2051
f 2102/2950/2059 2103/2961/2063 1773/2939/1852
f 2121/2932/2053 2094/2987/2078 1857/2943/1854
f 2072/2988/2079 1777/2980/1856 1775/2963/1851
f 2101/2957/2061 2098/2975/2071 1783/2949/1847
f 1503/2989/1659 1504/2990/1642 2275/2991/2080
f 1500/2992/1655 1503/2989/1659 2267/2993/2081
f 2076/2956/2060 2078/2986/2077 1798/2948/1855
f 2275/2991/2080 1504/2990/1642 1510/2994/1660
f 1512/2995/1652 1515/2978/1649 2258/2996/2082
f 1805/2970/1848 2091/2944/2057 2088/2973/2069
f 2110/2962/2064 2111/2928/2052 2108/2997/2083
f 1775/2963/1851 2110/2962/2064 2072/2988/2079
f 2094/2987/2078 2092/2981/2074 1857/2943/1854
f 2114/2926/2051 2082/2998/2084 2101/2957/2061
f 2273/2974/2070 1526/2966/1643 2276/2968/2066
f 2090/2969/2067 2085/2999/2085 2096/2933/2054
f 2105/2976/2072 2108/2997/2083 2111/2928/2052
f 1492/2954/1654 742/3000/808 740/2955/802
f 2078/2986/2077 2082/2998/2084 2114/2926/2051
f 2124/3001/2086 2121/2932/2053 704/2951/800
f 1500/2992/1655 2267/2993/2081 1498/2984/1656
f 2121/2932/2053 2124/3001/2086 2094/2987/2078
f 1511/3002/1661 1512/2995/1652 2269/3003/2087
f 2281/2977/2073 1519/2979/1653 2257/3004/2088
f 2268/3005/2089 1498/2984/1656 2267/2993/2081
f 2112/2940/2056 2103/2961/2063 2105/2976/2072
f 1511/3002/1661 2275/2991/2080 1510/2994/1660
f 1512/2995/1652 2258/2996/2082 2269/3003/2087
f 1495/2983/1657 2246/3006/2090 1491/3007/1644
f 2277/2971/2068 2278/2945/2058 2263/3008/2091
f 2278/2945/2058 1539/2947/1645 2279/3009/2092
f 2091/2944/2057 2089/3010/2093 2088/2973/2069
f 2090/2969/2067 2088/2973/2069 2085/2999/2085
f 1515/2978/1649 2281/2977/2073 2258/2996/2082
f 2097/2937/2055 2080/2982/2075 2076/2956/2060
f 2102/2950/2059 2100/3011/2094 2103/2961/2063
f 1495/2983/1657 2270/2985/2076 2246/3006/2090
f 1519/2979/1653 1522/2972/1658 2257/3004/2088
f 1503/2989/1659 2275/2991/2080 2266/3012/2095
f 2276/2968/2066 2277/2971/2068 2263/3008/2091
f 2052/2959/2062 534/3013/564 536/2964/559
f 2085/2999/2085 2084/3014/2096 2096/2933/2054
f 2098/2975/2071 2100/3011/2094 2102/2950/2059
f 2270/2985/2076 1498/2984/1656 2268/3005/2089
f 1503/2989/1659 2266/3012/2095 2267/2993/2081
f 2080/2982/2075 2096/2933/2054 2084/3014/2096
f 2101/2957/2061 2082/2998/2084 2098/2975/2071
f 2108/2997/2083 2109/3015/2097 2110/2962/2064
f 704/2951/800 707/3016/815 2124/3001/2086
f 2280/2967/2065 2259/3017/2098 1522/2972/1658
f 1491/3007/1644 2246/3006/2090 1492/2954/1654
f 2072/2988/2079 2110/2962/2064 2109/3015/2097
f 2255/3018/2099 742/3000/808 1492/2954/1654
f 2278/2945/2058 2279/3009/2092 2262/3019/2100
f 1492/2954/1654 2246/3006/2090 2255/3018/2099
f 2094/2987/2078 2093/3020/2101 2092/2981/2074
f 2092/2981/2074 2093/3020/2101 2091/2944/2057
f 2076/2956/2060 2080/2982/2075 2079/3021/2102
f 2257/3004/2088 1522/2972/1658 2259/3017/2098
f 2263/3008/2091 2278/2945/2058 2262/3019/2100
f 729/3022/803 742/3000/808 2272/3023/2103
f 2275/2991/2080 1511/3002/1661 2242/3024/2104
f 2248/3025/2105 2280/2967/2065 2273/2974/2070
f 2258/2996/2082 2281/2977/2073 2256/3026/2106
f 2279/3009/2092 1539/2947/1645 2302/3027/2107
f 1777/2980/1856 2072/2988/2079 2053/3028/2108
f 726/3029/813 729/3022/803 2272/3023/2103
f 2280/2967/2065 2248/3025/2105 2259/3017/2098
f 2089/3010/2093 2087/3030/2109 2088/2973/2069
f 2076/2956/2060 2077/3031/2110 2078/2986/2077
f 2052/2959/2062 2055/3032/2111 534/3013/564
f 2078/2986/2077 2081/3033/2112 2082/2998/2084
f 2100/3011/2094 2104/3034/2113 2103/2961/2063
f 2255/3018/2099 2272/3023/2103 742/3000/808
f 2275/2991/2080 2241/3035/2114 2266/3012/2095
f 2275/2991/2080 2242/3024/2104 2241/3035/2114
f 2279/3009/2092 2244/3036/2115 2262/3019/2100
f 2093/3020/2101 2089/3010/2093 2091/2944/2057
f 2076/2956/2060 2079/3021/2102 2077/3031/2110
f 2242/3024/2104 1511/3002/1661 2269/3003/2087
f 2302/3027/2107 2244/3036/2115 2279/3009/2092
f 1662/3037/1651 2302/3027/2107 1539/2947/1645
f 2085/2999/2085 2088/2973/2069 2087/3030/2109
f 2107/3038/2116 2108/2997/2083 2105/2976/2072
f 2281/2977/2073 2257/3004/2088 2256/3026/2106
f 2257/3004/2088 2259/3017/2098 2250/3039/2117
f 2276/2968/2066 2274/3040/2118 2273/2974/2070
f 1777/2980/1856 2053/3028/2108 2052/2959/2062
f 2103/2961/2063 2104/3034/2113 2105/2976/2072
f 2100/3011/2094 2098/2975/2071 2099/3041/2119
f 2263/3008/2091 2262/3019/2100 2261/3042/2120
f 2053/3028/2108 2055/3032/2111 2052/2959/2062
f 2078/2986/2077 2077/3031/2110 2081/3033/2112
f 2082/2998/2084 2081/3033/2112 2098/2975/2071
f 2087/3030/2109 2086/3043/2121 2085/2999/2085
f 2095/3044/2122 2094/2987/2078 2124/3001/2086
f 2259/3017/2098 2248/3025/2105 2239/3045/2123
f 2084/3014/2096 2083/3046/2124 2080/2982/2075
f 2098/2975/2071 2081/3033/2112 2099/3041/2119
f 2108/2997/2083 2107/3038/2116 2109/3015/2097
f 560/3047/565 534/3013/564 2055/3032/2111
f 2072/2988/2079 2109/3015/2097 2071/3048/2125
f 2085/2999/2085 2086/3043/2121 2084/3014/2096
f 2146/3049/2126 707/3016/815 708/3050/814
f 2235/3051/2127 2269/3003/2087 2258/2996/2082
f 2238/3052/2128 2266/3012/2095 2241/3035/2114
f 707/3016/815 2146/3049/2126 2124/3001/2086
f 2250/3039/2117 2259/3017/2098 2239/3045/2123
f 2246/3006/2090 2270/2985/2076 2245/3053/2129
f 2270/2985/2076 2268/3005/2089 2245/3053/2129
f 2234/3054/2130 2258/2996/2082 2256/3026/2106
f 2079/3021/2102 2080/2982/2075 2083/3046/2124
f 2238/3052/2128 2267/2993/2081 2266/3012/2095
f 2242/3024/2104 2269/3003/2087 2235/3051/2127
f 2274/3040/2118 2276/2968/2066 2263/3008/2091
f 2072/2988/2079 2071/3048/2125 2062/3055/2131
f 2105/2976/2072 2106/3056/2132 2107/3038/2116
f 2256/3026/2106 2257/3004/2088 2233/3057/2133
f 2236/3058/2134 2268/3005/2089 2267/2993/2081
f 2094/2987/2078 2095/3044/2122 2093/3020/2101
f 2084/3014/2096 2086/3043/2121 2083/3046/2124
f 2104/3034/2113 2106/3056/2132 2105/2976/2072
f 2257/3004/2088 2250/3039/2117 2233/3057/2133
f 2303/3059/2135 2244/3036/2115 2302/3027/2107
f 1895/3060/1894 2302/3027/2107 1662/3037/1651
f 2107/3038/2116 2113/3061/2136 2109/3015/2097
f 2272/3023/2103 2255/3018/2099 2228/3062/2137
f 2240/3063/2138 2273/2974/2070 2274/3040/2118
f 2062/3055/2131 2053/3028/2108 2072/2988/2079
f 2229/3064/2139 2239/3045/2123 2248/3025/2105
f 2055/3032/2111 2054/3065/2140 560/3047/565
f 2093/3020/2101 2095/3044/2122 2119/3066/2141
f 2255/3018/2099 2246/3006/2090 2228/3062/2137
f 2273/2974/2070 2240/3063/2138 2248/3025/2105
f 2087/3030/2109 2089/3010/2093 2116/3067/2142
f 2124/3001/2086 2146/3049/2126 2095/3044/2122
f 2282/3068/2143 2274/3040/2118 2271/3069/2144
f 2265/3070/2145 2263/3008/2091 2261/3042/2120
f 2226/3071/2146 2246/3006/2090 2245/3053/2129
f 2267/2993/2081 2238/3052/2128 2237/3072/2147
f 2261/3042/2120 2262/3019/2100 2243/3073/2148
f 2053/3028/2108 2054/3065/2140 2055/3032/2111
f 2054/3065/2140 2053/3028/2108 2062/3055/2131
f 2062/3055/2131 2071/3048/2125 2063/3074/2149
f 2081/3033/2112 2123/3075/2150 2099/3041/2119
f 2245/3053/2129 2268/3005/2089 2236/3058/2134
f 2229/3064/2139 2248/3025/2105 2240/3063/2138
f 2243/3073/2148 2262/3019/2100 2244/3036/2115
f 2263/3008/2091 2271/3069/2144 2274/3040/2118
f 2089/3010/2093 2117/3076/2151 2116/3067/2142
f 2087/3030/2109 2116/3067/2142 2086/3043/2121
f 2113/3061/2136 2071/3048/2125 2109/3015/2097
f 2282/3068/2143 2240/3063/2138 2274/3040/2118
f 2093/3020/2101 2118/3077/2152 2089/3010/2093
f 2079/3021/2102 2115/3078/2153 2077/3031/2110
f 708/3050/814 2154/3079/2154 2146/3049/2126
f 708/3050/814 712/3080/819 2154/3079/2154
f 2283/3081/2155 2240/3063/2138 2282/3068/2143
f 2235/3051/2127 2258/2996/2082 2234/3054/2130
f 2233/3057/2133 2250/3039/2117 2232/3082/2156
f 2083/3046/2124 2115/3078/2153 2079/3021/2102
f 2113/3061/2136 2126/3083/2157 2071/3048/2125
f 2146/3049/2126 2134/3084/2158 2095/3044/2122
f 2241/3035/2114 2242/3024/2104 2224/3085/2159
f 2224/3085/2159 2242/3024/2104 2235/3051/2127
f 2236/3058/2134 2267/2993/2081 2237/3072/2147
f 2235/3051/2127 2234/3054/2130 2180/3086/2160
f 2228/3062/2137 2246/3006/2090 2226/3071/2146
f 2233/3057/2133 2234/3054/2130 2256/3026/2106
f 2104/3034/2113 2100/3011/2094 2120/3087/2161
f 2119/3066/2141 2118/3077/2152 2093/3020/2101
f 2104/3034/2113 2122/3088/2162 2106/3056/2132
f 2099/3041/2119 2120/3087/2161 2100/3011/2094
f 2077/3031/2110 2115/3078/2153 2081/3033/2112
f 2134/3084/2158 2119/3066/2141 2095/3044/2122
f 2134/3084/2158 2146/3049/2126 2154/3079/2154
f 2232/3082/2156 2250/3039/2117 2239/3045/2123
f 2089/3010/2093 2118/3077/2152 2117/3076/2151
f 726/3029/813 2272/3023/2103 725/3089/823
f 2272/3023/2103 2228/3062/2137 2225/3090/2163
f 2226/3071/2146 2245/3053/2129 2227/3091/2164
f 2227/3091/2164 2245/3053/2129 2236/3058/2134
f 2236/3058/2134 2237/3072/2147 2189/3092/2165
f 2244/3036/2115 2217/3093/2166 2243/3073/2148
f 2283/3081/2155 2284/3094/2167 2240/3063/2138
f 2099/3041/2119 2128/3095/2168 2120/3087/2161
f 2265/3070/2145 2261/3042/2120 2264/3096/2169
f 2135/3097/2170 2071/3048/2125 2126/3083/2157
f 2086/3043/2121 2129/3098/2171 2083/3046/2124
f 2123/3075/2150 2128/3095/2168 2099/3041/2119
f 2223/3099/2172 2237/3072/2147 2238/3052/2128
f 2238/3052/2128 2241/3035/2114 2222/3100/2173
f 2302/3027/2107 1895/3060/1894 2303/3059/2135
f 2071/3048/2125 2064/3101/2174 2063/3074/2149
f 2116/3067/2142 2132/3102/2175 2086/3043/2121
f 2115/3078/2153 2125/3103/2176 2081/3033/2112
f 2083/3046/2124 2130/3104/2177 2115/3078/2153
f 2189/3092/2165 2237/3072/2147 2223/3099/2172
f 2241/3035/2114 2224/3085/2159 2222/3100/2173
f 2244/3036/2115 2303/3059/2135 2309/3105/2178
f 2062/3055/2131 2061/3106/2179 2054/3065/2140
f 2104/3034/2113 2127/3107/2180 2122/3088/2162
f 2071/3048/2125 2135/3097/2170 2064/3101/2174
f 2104/3034/2113 2120/3087/2161 2127/3107/2180
f 725/3089/823 2272/3023/2103 2225/3090/2163
f 2236/3058/2134 2191/3108/2181 2227/3091/2164
f 2236/3058/2134 2189/3092/2165 2191/3108/2181
f 2233/3057/2133 2232/3082/2156 2185/3109/2182
f 2132/3102/2175 2129/3098/2171 2086/3043/2121
f 2117/3076/2151 2133/3110/2183 2116/3067/2142
f 2129/3098/2171 2130/3104/2177 2083/3046/2124
f 2223/3099/2172 2238/3052/2128 2222/3100/2173
f 2224/3085/2159 2235/3051/2127 2182/3111/2184
f 2264/3096/2169 2261/3042/2120 2260/3112/2185
f 2243/3073/2148 2260/3112/2185 2261/3042/2120
f 2122/3088/2162 2127/3107/2180 2138/3113/2186
f 714/3114/822 2154/3079/2154 712/3080/819
f 2200/3115/2187 2239/3045/2123 2229/3064/2139
f 2229/3064/2139 2240/3063/2138 2207/3116/2188
f 2240/3063/2138 2284/3094/2167 2207/3116/2188
f 2200/3115/2187 2232/3082/2156 2239/3045/2123
f 2061/3106/2179 2062/3055/2131 2063/3074/2149
f 2054/3065/2140 2060/3117/2189 560/3047/565
f 2130/3104/2177 2131/3118/2190 2115/3078/2153
f 2182/3111/2184 2235/3051/2127 2180/3086/2160
f 2217/3093/2166 2244/3036/2115 2309/3105/2178
f 2120/3087/2161 2143/3119/2191 2127/3107/2180
f 2081/3033/2112 2125/3103/2176 2123/3075/2150
f 2136/3120/2192 2119/3066/2141 2134/3084/2158
f 2123/3075/2150 2140/3121/2193 2128/3095/2168
f 2180/3086/2160 2234/3054/2130 2178/3122/2194
f 2178/3122/2194 2234/3054/2130 2233/3057/2133
f 2184/3123/2195 2222/3100/2173 2224/3085/2159
f 2300/3124/2196 2207/3116/2188 2284/3094/2167
f 560/3047/565 2060/3117/2189 563/3125/568
f 2135/3097/2170 2126/3083/2157 2073/3126/2197
f 2115/3078/2153 2131/3118/2190 2125/3103/2176
f 2118/3077/2152 2133/3110/2183 2117/3076/2151
f 725/3089/823 2225/3090/2163 2220/3127/2198
f 2226/3071/2146 2227/3091/2164 2193/3128/2199
f 2215/3129/2200 2260/3112/2185 2243/3073/2148
f 2061/3106/2179 2060/3117/2189 2054/3065/2140
f 722/3130/820 725/3089/823 721/3131/825
f 2207/3116/2188 2204/3132/2201 2229/3064/2139
f 2185/3109/2182 2232/3082/2156 2200/3115/2187
f 2193/3128/2199 2227/3091/2164 2191/3108/2181
f 2215/3129/2200 2243/3073/2148 2217/3093/2166
f 2170/3133/2202 2126/3083/2157 2171/3134/2203
f 2127/3107/2180 2139/3135/2204 2138/3113/2186
f 2125/3103/2176 2140/3121/2193 2123/3075/2150
f 2119/3066/2141 2137/3136/2205 2118/3077/2152
f 2225/3090/2163 2228/3062/2137 2226/3071/2146
f 2223/3099/2172 2222/3100/2173 2187/3137/2206
f 2135/3097/2170 2066/3138/2207 2064/3101/2174
f 2116/3067/2142 2133/3110/2183 2132/3102/2175
f 2178/3122/2194 2233/3057/2133 2185/3109/2182
f 2200/3115/2187 2229/3064/2139 2201/3139/2208
f 2073/3126/2197 2126/3083/2157 2170/3133/2202
f 2073/3126/2197 2066/3138/2207 2135/3097/2170
f 714/3114/822 2175/3140/2209 2154/3079/2154
f 2229/3064/2139 2204/3132/2201 2201/3139/2208
f 2207/3116/2188 2208/3141/2210 2206/3142/2211
f 2184/3123/2195 2224/3085/2159 2182/3111/2184
f 2208/3141/2210 2207/3116/2188 2300/3124/2196
f 2170/3133/2202 2164/3143/2212 2073/3126/2197
f 2128/3095/2168 2142/3144/2213 2120/3087/2161
f 2120/3087/2161 2142/3144/2213 2143/3119/2191
f 2127/3107/2180 2143/3119/2191 2144/3145/2214
f 2137/3136/2205 2119/3066/2141 2136/3120/2192
f 2134/3084/2158 2154/3079/2154 2136/3120/2192
f 721/3131/825 725/3089/823 2220/3127/2198
f 2195/3146/2215 2225/3090/2163 2226/3071/2146
f 2301/3147/2216 2260/3112/2185 2215/3129/2200
f 2149/3148/2217 2131/3118/2190 2130/3104/2177
f 2139/3135/2204 2145/3149/2218 2163/3150/2219
f 2118/3077/2152 2137/3136/2205 2133/3110/2183
f 2175/3140/2209 714/3114/822 718/3151/824
f 718/3151/824 721/3131/825 2176/3152/2220
f 2290/3153/2221 2289/3154/2222 2211/3155/2223
f 2215/3129/2200 2289/3154/2222 2301/3147/2216
f 2164/3143/2212 2163/3150/2219 2074/3156/2224
f 2074/3156/2224 2163/3150/2219 2145/3149/2218
f 2074/3156/2224 2073/3126/2197 2164/3143/2212
f 2066/3138/2207 2073/3126/2197 2075/3157/2225
f 2129/3098/2171 2148/3158/2226 2130/3104/2177
f 2127/3107/2180 2145/3149/2218 2139/3135/2204
f 2175/3140/2209 2155/3159/2227 2154/3079/2154
f 2220/3127/2198 2225/3090/2163 2195/3146/2215
f 2193/3128/2199 2191/3108/2181 2192/3160/2228
f 2189/3092/2165 2223/3099/2172 2187/3137/2206
f 2207/3116/2188 2206/3142/2211 2204/3132/2201
f 2290/3161/2221 2209/3162/2229 2208/3163/2210
f 2211/3155/2223 2289/3154/2222 2215/3129/2200
f 2211/3164/2223 2209/3162/2229 2290/3161/2221
f 2300/3165/2196 2313/3166/2230 2208/3163/2210
f 2307/3167/2231 2217/3093/2166 2309/3105/2178
f 2303/3059/2135 2304/3168/2232 2309/3105/2178
f 2064/3101/2174 2066/3138/2207 2065/3169/2233
f 2073/3126/2197 2074/3156/2224 2075/3157/2225
f 2147/3170/2234 2129/3098/2171 2132/3102/2175
f 2140/3121/2193 2141/3171/2235 2128/3095/2168
f 2176/3152/2220 2175/3140/2209 718/3151/824
f 2220/3127/2198 2221/3172/2236 721/3131/825
f 2195/3146/2215 2226/3071/2146 2193/3128/2199
f 2178/3122/2194 2185/3109/2182 2179/3173/2237
f 2210/3174/2238 2209/3175/2229 2211/3155/2223
f 2184/3123/2195 2187/3137/2206 2222/3100/2173
f 2206/3142/2211 2208/3141/2210 2209/3175/2229
f 2217/3093/2166 2212/3176/2239 2215/3129/2200
f 2313/3166/2230 2290/3161/2221 2208/3163/2210
f 2303/3059/2135 1895/3060/1894 2304/3168/2232
f 2063/3074/2149 2064/3101/2174 2061/3106/2179
f 2154/3079/2154 2155/3159/2227 2136/3120/2192
f 2177/3177/2240 2180/3086/2160 2178/3122/2194
f 2203/3178/2241 2201/3139/2208 2204/3132/2201
f 2206/3142/2211 2209/3175/2229 2210/3174/2238
f 2181/3179/2242 2182/3111/2184 2180/3086/2160
f 2148/3158/2226 2149/3148/2217 2130/3104/2177
f 2131/3118/2190 2140/3121/2193 2125/3103/2176
f 2133/3110/2183 2151/3180/2243 2132/3102/2175
f 2141/3171/2235 2142/3144/2213 2128/3095/2168
f 2176/3152/2220 721/3131/825 2221/3172/2236
f 2190/3181/2244 2191/3108/2181 2189/3092/2165
f 2205/3182/2245 2204/3132/2201 2206/3142/2211
f 2216/3183/2246 2212/3176/2239 2217/3093/2166
f 2200/3115/2187 2199/3184/2247 2185/3109/2182
f 2199/3184/2247 2200/3115/2187 2201/3139/2208
f 2215/3129/2200 2212/3176/2239 2211/3155/2223
f 2147/3170/2234 2148/3158/2226 2129/3098/2171
f 2144/3145/2214 2145/3149/2218 2127/3107/2180
f 2184/3123/2195 2182/3111/2184 2183/3185/2248
f 2192/3160/2228 2191/3108/2181 2190/3181/2244
f 2188/3186/2249 2189/3092/2165 2187/3137/2206
f 2205/3182/2245 2203/3178/2241 2204/3132/2201
f 1895/3060/1894 1898/3187/1897 2304/3168/2232
f 2061/3106/2179 2058/3188/2250 2060/3117/2189
f 2137/3136/2205 2151/3180/2243 2133/3110/2183
f 2156/3189/2251 2141/3171/2235 2140/3121/2193
f 2175/3140/2209 2168/3190/2252 2155/3159/2227
f 2175/3140/2209 2176/3152/2220 2168/3190/2252
f 2186/3191/2253 2187/3137/2206 2184/3123/2195
f 2177/3177/2240 2178/3122/2194 2179/3173/2237
f 2181/3179/2242 2180/3086/2160 2177/3177/2240
f 2181/3179/2242 2183/3185/2248 2182/3111/2184
f 2210/3174/2238 2211/3155/2223 2212/3176/2239
f 566/3192/571 563/3125/568 2060/3117/2189
f 2058/3188/2250 2061/3106/2179 2064/3101/2174
f 2153/3193/2254 2148/3158/2226 2147/3170/2234
f 2075/3157/2225 2067/3194/2255 2066/3138/2207
f 2179/3173/2237 2185/3109/2182 2197/3195/2256
f 2213/3196/2257 2210/3174/2238 2212/3176/2239
f 2188/3186/2249 2187/3137/2206 2186/3191/2253
f 2194/3197/2258 2193/3128/2199 2192/3160/2228
f 2195/3146/2215 2193/3128/2199 2194/3197/2258
f 2290/3161/2221 2314/3198/2259 2316/3199/2260
f 2158/3200/2261 2143/3119/2191 2142/3144/2213
f 2137/3136/2205 2165/3201/2262 2151/3180/2243
f 2132/3102/2175 2152/3202/2263 2147/3170/2234
f 2074/3156/2224 2162/3203/2264 2075/3157/2225
f 2148/3158/2226 2153/3193/2254 2149/3148/2217
f 2206/3142/2211 2210/3174/2238 2213/3196/2257
f 2199/3184/2247 2201/3139/2208 2202/3204/2265
f 2214/3205/2266 2212/3176/2239 2216/3183/2246
f 2216/3183/2246 2217/3093/2166 2307/3167/2231
f 2312/3206/2267 2313/3166/2230 2300/3165/2196
f 2152/3202/2263 2132/3102/2175 2151/3180/2243
f 2149/3148/2217 2150/3207/2268 2131/3118/2190
f 2143/3119/2191 2158/3200/2261 2144/3145/2214
f 2153/3193/2254 2147/3170/2234 2152/3202/2263
f 2131/3118/2190 2150/3207/2268 2140/3121/2193
f 2156/3189/2251 2157/3208/2269 2141/3171/2235
f 2155/3159/2227 2168/3190/2252 2136/3120/2192
f 2176/3152/2220 2221/3172/2236 2286/3209/2270
f 2196/3210/2271 2221/3172/2236 2220/3127/2198
f 2220/3127/2198 2195/3146/2215 2196/3210/2271
f 2190/3181/2244 2189/3092/2165 2188/3186/2249
f 2066/3138/2207 2067/3194/2255 2065/3169/2233
f 2149/3148/2217 2161/3211/2272 2150/3207/2268
f 2074/3156/2224 2145/3149/2218 2160/3212/2273
f 2137/3136/2205 2136/3120/2192 2167/3213/2274
f 2183/3185/2248 2181/3179/2242 2230/3214/2275
f 2183/3185/2248 2186/3191/2253 2184/3123/2195
f 2201/3139/2208 2203/3178/2241 2202/3204/2265
f 2060/3117/2189 567/3215/572 566/3192/571
f 2064/3101/2174 2065/3169/2233 2056/3216/2276
f 2140/3121/2193 2169/3217/2277 2156/3189/2251
f 2141/3171/2235 2157/3208/2269 2142/3144/2213
f 2145/3149/2218 2159/3218/2278 2160/3212/2273
f 2137/3136/2205 2167/3213/2274 2165/3201/2262
f 2149/3148/2217 2153/3193/2254 2161/3211/2272
f 2075/3157/2225 2162/3203/2264 2067/3194/2255
f 2179/3173/2237 2197/3195/2256 2198/3219/2279
f 2206/3142/2211 2213/3196/2257 2218/3220/2280
f 2177/3177/2240 2179/3173/2237 2198/3219/2279
f 2185/3109/2182 2199/3184/2247 2197/3195/2256
f 2308/3221/2281 2309/3105/2178 2304/3168/2232
f 2304/3168/2232 1898/3187/1897 2308/3221/2281
f 2058/3188/2250 567/3215/572 2060/3117/2189
f 2152/3202/2263 2151/3180/2243 2166/3222/2282
f 2159/3218/2278 2145/3149/2218 2144/3145/2214
f 2150/3207/2268 2169/3217/2277 2140/3121/2193
f 2151/3180/2243 2165/3201/2262 2166/3222/2282
f 2136/3120/2192 2168/3190/2252 2167/3213/2274
f 2176/3152/2220 2286/3209/2270 2168/3190/2252
f 2286/3209/2270 2221/3172/2236 2196/3210/2271
f 2253/3223/2283 2186/3191/2253 2183/3185/2248
f 2205/3182/2245 2206/3142/2211 2218/3220/2280
f 2230/3214/2275 2181/3179/2242 2177/3177/2240
f 2231/3224/2284 2190/3181/2244 2188/3186/2249
f 2196/3210/2271 2195/3146/2215 2194/3197/2258
f 2309/3105/2178 2308/3221/2281 2307/3167/2231
f 2317/3225/2285 2315/3226/2286 2313/3166/2230
f 2064/3101/2174 2056/3216/2276 2058/3188/2250
f 2158/3200/2261 2159/3218/2278 2144/3145/2214
f 2156/3189/2251 2169/3217/2277 2157/3208/2269
f 2153/3193/2254 2173/3227/2287 2161/3211/2272
f 2142/3144/2213 2157/3208/2269 2158/3200/2261
f 2160/3212/2273 2162/3203/2264 2074/3156/2224
f 2174/3228/2288 2153/3193/2254 2152/3202/2263
f 2295/3229/2289 2169/3217/2277 2150/3207/2268
f 2298/3230/2290 2166/3222/2282 2165/3201/2262
f 2157/3208/2269 2291/3231/2291 2158/3200/2261
f 2158/3200/2261 2294/3232/2292 2159/3218/2278
f 2161/3211/2272 2296/3233/2293 2150/3207/2268
f 2296/3233/2293 2295/3229/2289 2150/3207/2268
f 2174/3228/2288 2173/3227/2287 2153/3193/2254
f 2168/3190/2252 2172/3234/2294 2167/3213/2274
f 2299/3235/2295 2165/3201/2262 2167/3213/2274
f 2286/3209/2270 2196/3210/2271 2254/3236/2296
f 2197/3195/2256 2247/3237/2297 2292/3238/2298
f 2186/3191/2253 2253/3223/2283 2174/3228/2288
f 2231/3224/2284 2188/3186/2249 2285/3239/2299
f 2252/3240/2300 2177/3177/2240 2198/3219/2279
f 2230/3214/2275 2177/3177/2240 2252/3240/2300
f 2247/3237/2297 2199/3184/2247 2202/3204/2265
f 2218/3220/2280 2213/3196/2257 2287/3241/2301
f 2213/3196/2257 2214/3205/2266 2287/3241/2301
f 2251/3242/2302 2205/3182/2245 2218/3220/2280
f 2254/3236/2296 2194/3197/2258 2249/3243/2303
f 2230/3214/2275 2253/3223/2283 2183/3185/2248
f 2249/3243/2303 2192/3160/2228 2231/3224/2284
f 2247/3237/2297 2197/3195/2256 2199/3184/2247
f 2202/3204/2265 2203/3178/2241 2251/3242/2302
f 2194/3197/2258 2192/3160/2228 2249/3243/2303
f 2219/3244/2304 2214/3205/2266 2216/3183/2246
f 2231/3224/2284 2192/3160/2228 2190/3181/2244
f 2306/3245/2305 2219/3244/2304 2216/3183/2246
f 2251/3242/2302 2203/3178/2241 2205/3182/2245
f 2212/3176/2239 2214/3205/2266 2213/3196/2257
f 2254/3236/2296 2196/3210/2271 2194/3197/2258
f 2306/3245/2305 2216/3183/2246 2307/3167/2231
f 2288/3246/2306 2067/3194/2255 2162/3203/2264
f 2297/3247/2307 2161/3211/2272 2173/3227/2287
f 2299/3235/2295 2298/3230/2290 2165/3201/2262
f 2157/3208/2269 2292/3238/2298 2291/3231/2291
f 2287/3241/2301 2162/3203/2264 2160/3212/2273
f 2070/3248/2308 2067/3194/2255 2288/3246/2306
f 2285/3239/2299 2152/3202/2263 2166/3222/2282
f 2161/3211/2272 2297/3247/2307 2296/3233/2293
f 2159/3218/2278 2293/3249/2309 2160/3212/2273
f 2152/3202/2263 2285/3239/2299 2174/3228/2288
f 2251/3242/2302 2294/3232/2292 2158/3200/2261
f 2169/3217/2277 2292/3238/2298 2157/3208/2269
f 2172/3234/2294 2299/3235/2295 2167/3213/2274
f 2286/3209/2270 2172/3234/2294 2168/3190/2252
f 2298/3230/2290 2285/3239/2299 2166/3222/2282
f 2159/3218/2278 2294/3232/2292 2293/3249/2309
f 2293/3249/2309 2287/3241/2301 2160/3212/2273
f 2158/3200/2261 2291/3231/2291 2251/3242/2302
f 2197/3195/2256 2292/3238/2298 2169/3217/2277
f 2286/3209/2270 2254/3236/2296 2172/3234/2294
f 2174/3228/2288 2253/3223/2283 2173/3227/2287
f 2249/3243/2303 2298/3230/2290 2299/3235/2295
f 2297/3247/2307 2230/3214/2275 2296/3233/2293
f 2295/3229/2289 2198/3219/2279 2169/3217/2277
f 2169/3217/2277 2198/3219/2279 2197/3195/2256
f 2292/3238/2298 2247/3237/2297 2291/3231/2291
f 2254/3236/2296 2249/3243/2303 2299/3235/2295
f 2298/3230/2290 2231/3224/2284 2285/3239/2299
f 2296/3233/2293 2230/3214/2275 2252/3240/2300
f 2285/3239/2299 2186/3191/2253 2174/3228/2288
f 2294/3232/2292 2218/3220/2280 2293/3249/2309
f 2252/3240/2300 2198/3219/2279 2295/3229/2289
f 2293/3249/2309 2218/3220/2280 2287/3241/2301
f 2070/3248/2308 2288/3246/2306 2219/3244/2304
f 2291/3231/2291 2202/3204/2265 2251/3242/2302
f 2287/3241/2301 2214/3205/2266 2288/3246/2306
f 2291/3231/2291 2247/3237/2297 2202/3204/2265
f 2251/3242/2302 2218/3220/2280 2294/3232/2292
f 2298/3230/2290 2249/3243/2303 2231/3224/2284
f 2253/3223/2283 2230/3214/2275 2297/3247/2307
f 2214/3205/2266 2219/3244/2304 2288/3246/2306
f 2186/3191/2253 2285/3239/2299 2188/3186/2249
f 2290/3161/2221 2313/3166/2230 2315/3226/2286
f 2067/3194/2255 2068/3250/2310 2065/3169/2233
f 2070/3248/2308 2068/3250/2310 2067/3194/2255
f 2288/3246/2306 2162/3203/2264 2287/3241/2301
f 2172/3234/2294 2254/3236/2296 2299/3235/2295
f 2253/3223/2283 2297/3247/2307 2173/3227/2287
f 2295/3229/2289 2296/3233/2293 2252/3240/2300
f 567/3215/572 2058/3188/2250 2056/3216/2276
f 2314/3198/2259 2290/3161/2221 2315/3226/2286
f 2322/3251/2311 2323/3252/2312 2327/3253/2313
f 2311/3254/2314 2070/3248/2308 2219/3244/2304
f 2065/3169/2233 2068/3250/2310 2056/3216/2276
f 2315/3226/2286 2317/3225/2285 2318/3255/2315
f 2305/3256/2316 2307/3167/2231 2308/3221/2281
f 2314/3198/2259 2315/3226/2286 2322/3251/2311
f 2322/3251/2311 2327/3253/2313 2314/3198/2259
f 2322/3251/2311 2320/3257/2317 2323/3252/2312
f 565/3258/570 567/3215/572 1906/3259/1899
f 2219/3244/2304 2306/3245/2305 2311/3254/2314
f 2305/3256/2316 2306/3245/2305 2307/3167/2231
f 2322/3251/2311 2315/3226/2286 2320/3257/2317
f 1898/3187/1897 2305/3256/2316 2308/3221/2281
f 2057/3260/2318 1906/3259/1899 567/3215/572
f 1906/3259/1899 2057/3260/2318 1904/3261/1901
f 2311/3254/2314 2069/3262/2319 2070/3248/2308
f 567/3215/572 2056/3216/2276 2057/3260/2318
f 2306/3245/2305 2310/3263/2320 2311/3254/2314
f 2305/3256/2316 1898/3187/1897 1900/3264/1904
f 2056/3216/2276 2068/3250/2310 2059/3265/2321
f 2306/3245/2305 2305/3256/2316 2310/3263/2320
f 2326/3266/2322 2325/3267/2323 2321/3268/2324
f 2059/3265/2321 2057/3260/2318 2056/3216/2276
f 1900/3264/1904 2310/3263/2320 2305/3256/2316
f 2324/3269/2325 2321/3268/2324 2325/3267/2323
f 2070/3248/2308 2069/3262/2319 2068/3250/2310
f 2319/3270/2326 2321/3268/2324 2324/3269/2325
f 2321/3268/2324 2315/3226/2286 2318/3255/2315
f 2323/3252/2312 2320/3257/2317 2319/3270/2326
f 2310/3263/2320 2069/3262/2319 2311/3254/2314
f 1903/3271/1905 2310/3263/2320 1900/3264/1904
f 2326/3266/2322 2321/3268/2324 2318/3255/2315
f 2059/3265/2321 1904/3261/1901 2057/3260/2318
f 1904/3261/1901 2059/3265/2321 1903/3271/1905
f 2059/3265/2321 2068/3250/2310 2069/3262/2319
f 2320/3257/2317 2315/3226/2286 2321/3268/2324
f 2059/3265/2321 2069/3262/2319 1903/3271/1905
f 2069/3262/2319 2310/3263/2320 1903/3271/1905
f 2319/3270/2326 2320/3257/2317 2321/3268/2324
f 2265/3070/2145 2271/3069/2144 2263/3008/2091
f 2107/3272/2116 2328/3273/2327 2113/3274/2136
f 2107/3272/2116 2106/3275/2132 2328/3273/2327
f 2329/3276/2328 2113/3274/2136 2328/3273/2327
f 2171/3277/2203 2113/3274/2136 2329/3276/2328
f 2328/3273/2327 2330/3278/2329 2329/3276/2328
f 2113/3274/2136 2171/3277/2203 2126/3279/2157
f 2356/3280/2330 2357/3281/2331 2333/3282/2332
f 2358/3283/2333 2359/3284/2334 2357/3281/2331
f 2359/3284/2334 2361/3285/2335 2357/3281/2331
f 2331/3286/2336 2329/3276/2328 2330/3278/2329
f 2330/3278/2329 2356/3280/2330 2333/3282/2332
f 2333/3282/2332 2332/3287/2337 2330/3278/2329
f 2331/3286/2336 2330/3278/2329 2332/3287/2337
f 2332/3287/2337 2333/3282/2332 2355/3288/2338
f 2357/3281/2331 2356/3280/2330 2358/3283/2333
f 2358/3283/2333 2360/3289/2339 2359/3284/2334
f 2361/3285/2335 2359/3284/2334 2362/3290/2340
f 2335/3291/2341 2331/3286/2336 2334/3292/2342
f 2334/3292/2342 2331/3286/2336 2332/3287/2337
f 2367/3293/2343 2332/3287/2337 2355/3288/2338
f 2332/3287/2337 2367/3293/2343 2368/3294/2344
f 2364/3295/2345 2361/3285/2335 2362/3290/2340
f 2355/3288/2338 2369/3296/2346 2367/3293/2343
f 2363/3297/2347 2359/3284/2334 2360/3289/2339
f 2359/3284/2334 2363/3297/2347 2362/3290/2340
f 2335/3291/2341 2334/3292/2342 2336/3298/2348
f 2334/3292/2342 2337/3299/2349 2336/3298/2348
f 2336/3298/2348 2338/3300/2350 2335/3291/2341
f 2365/3301/2351 2366/3302/2352 2364/3295/2345
f 2365/3301/2351 2364/3295/2345 2362/3290/2340
f 2338/3300/2350 2336/3298/2348 2339/3303/2353
f 2337/3299/2349 2340/3304/2354 2336/3298/2348
f 2341/3305/2355 2338/3300/2350 2339/3303/2353
f 2342/3306/2356 2338/3300/2350 2341/3305/2355
f 2339/3303/2353 2336/3298/2348 2340/3304/2354
f 2347/3307/2357 2339/3303/2353 2340/3304/2354
f 2343/3308/2358 2341/3305/2355 2339/3303/2353
f 2339/3303/2353 2347/3307/2357 2345/3309/2359
f 2341/3305/2355 2344/3310/2360 2342/3306/2356
f 2341/3305/2355 2343/3308/2358 2344/3310/2360
f 2345/3309/2359 2343/3308/2358 2339/3303/2353
f 2345/3309/2359 2347/3307/2357 2348/3311/2361
f 2348/3311/2361 2346/3312/2362 2345/3309/2359
f 2345/3309/2359 2346/3312/2362 2343/3308/2358
f 2351/3313/2363 2354/3314/2364 2344/3310/2360
f 2343/3308/2358 2351/3313/2363 2344/3310/2360
f 2346/3312/2362 2351/3313/2363 2343/3308/2358
f 2354/3314/2364 2351/3313/2363 2353/3315/2365
f 2346/3312/2362 2348/3311/2361 2349/3316/2366
f 2353/3315/2365 2351/3313/2363 2350/3317/2367
f 2351/3313/2363 2346/3312/2362 2350/3317/2367
f 2350/3317/2367 2346/3312/2362 2349/3316/2366
f 2352/3318/2368 2350/3317/2367 2349/3316/2366
f 2282/3319/2143 2271/3320/2144 2370/3321/2369
f 2371/3322/2370 2283/3323/2155 2282/3319/2143
f 2371/3322/2370 2282/3319/2143 2370/3321/2369
f 2284/3324/2167 2283/3323/2155 2372/3325/2371
f 2371/3322/2370 2372/3325/2371 2283/3323/2155
f 2373/3326/2372 2300/3327/2196 2284/3324/2167
f 2372/3325/2371 2373/3326/2372 2284/3324/2167
f 2300/3327/2196 2373/3326/2372 2312/3328/2267
f 2374/3329/2373 2271/3330/2144 2265/3331/2145
f 2370/3332/2369 2271/3330/2144 2374/3329/2373
f 2374/3329/2373 2265/3331/2145 2375/3333/2374
f 2382/3334/2375 2383/3335/2376 2374/3329/2373
f 2383/3335/2376 2382/3334/2375 2384/3336/2377
f 2376/3337/2378 2377/3338/2379 2374/3329/2373
f 2376/3337/2378 2374/3329/2373 2375/3333/2374
f 2377/3338/2379 2382/3334/2375 2374/3329/2373
f 2382/3334/2375 2377/3338/2379 2381/3339/2380
f 2376/3337/2378 2379/3340/2381 2377/3338/2379
f 2385/3341/2382 2375/3333/2374 2398/3342/2383
f 2376/3337/2378 2375/3333/2374 2327/3343/2313
f 2379/3340/2381 2380/3344/2384 2377/3338/2379
f 2380/3344/2384 2381/3339/2380 2377/3338/2379
f 2385/3341/2382 2378/3345/2385 2375/3333/2374
f 2375/3333/2374 2378/3345/2385 2327/3343/2313
f 2376/3337/2378 2323/3346/2312 2379/3340/2381
f 2323/3346/2312 2376/3337/2378 2327/3343/2313
f 2385/3341/2382 2398/3342/2383 2397/3347/2386
f 2379/3340/2381 2324/3348/2325 2380/3344/2384
f 2324/3348/2325 2381/3339/2380 2380/3344/2384
f 2396/3349/2387 2385/3341/2382 2397/3347/2386
f 2324/3348/2325 2325/3350/2323 2381/3339/2380
f 2378/3345/2385 2386/3351/2388 2327/3343/2313
f 2379/3340/2381 2323/3346/2312 2319/3352/2326
f 2319/3352/2326 2324/3348/2325 2379/3340/2381
f 2388/3353/2389 2378/3345/2385 2385/3341/2382
f 2378/3345/2385 2387/3354/2390 2386/3351/2388
f 2378/3345/2385 2388/3353/2389 2387/3354/2390
f 2385/3341/2382 2396/3349/2387 2390/3355/2391
f 2388/3353/2389 2385/3341/2382 2390/3355/2391
f 2393/3356/2392 2390/3355/2391 2396/3349/2387
f 2387/3354/2390 2388/3353/2389 2389/3357/2393
f 2388/3353/2389 2390/3355/2391 2389/3357/2393
f 2393/3356/2392 2392/3358/2394 2390/3355/2391
f 2390/3355/2391 2391/3359/2395 2389/3357/2393
f 2391/3359/2395 2390/3355/2391 2392/3358/2394
f 2394/3360/2396 2391/3359/2395 2392/3358/2394
f 2394/3360/2396 2395/3361/2397 2391/3359/2395
f 2328/3362/2327 2106/3363/2132 2330/3364/2329
f 2106/3363/2132 2122/3365/2162 2356/3366/2330
f 2356/3366/2330 2330/3364/2329 2106/3363/2132
f 2358/3367/2333 2356/3366/2330 2122/3365/2162
f 2360/3368/2339 2358/3367/2333 2122/3365/2162
f 2138/3369/2186 2360/3368/2339 2122/3365/2162
f 2360/3368/2339 2138/3369/2186 2363/3370/2347
f 2399/3371/2398 2029/3372/2015 2030/3373/2016
f 2029/3372/2015 2400/3374/2399 2031/3375/2017
f 2399/3371/2398 2400/3374/2399 2029/3372/2015
f 2400/3374/2399 2026/3376/2022 2031/3375/2017
f 2001/3377/2029 2400/3374/2399 2399/3371/2398
f 2026/3376/2022 2400/3374/2399 2001/3377/2029
f 2335/3378/2341 2171/3379/2203 2329/3380/2328
f 2265/3381/2145 2264/3382/2169 2375/3383/2374
f 2375/3383/2374 2264/3382/2169 2260/3384/2185
f 2329/3380/2328 2331/3385/2336 2335/3378/2341
f 2170/3386/2202 2171/3379/2203 2401/3387/2400
f 2260/3384/2185 2398/3388/2383 2375/3383/2374
f 2171/3379/2203 2335/3378/2341 2401/3387/2400
f 2402/3389/2401 2170/3386/2202 2401/3387/2400
f 2260/3384/2185 2301/3390/2216 2398/3388/2383
f 2401/3387/2400 2335/3378/2341 2338/3391/2350
f 2398/3388/2383 2301/3390/2216 2430/3392/2402
f 2430/3392/2402 2301/3390/2216 2432/3393/2403
f 2397/3394/2386 2398/3388/2383 2430/3392/2402
f 2342/3395/2356 2401/3387/2400 2338/3391/2350
f 2402/3389/2401 2401/3387/2400 2342/3395/2356
f 2429/3396/2404 2430/3392/2402 2432/3393/2403
f 2428/3397/2405 2430/3392/2402 2429/3396/2404
f 2428/3397/2405 2397/3394/2386 2430/3392/2402
f 2402/3389/2401 2342/3395/2356 2403/3398/2406
f 2405/3399/2407 2407/3400/2408 2402/3389/2401
f 2402/3389/2401 2403/3398/2406 2405/3399/2407
f 2426/3401/2409 2396/3402/2387 2397/3394/2386
f 2428/3397/2405 2426/3401/2409 2397/3394/2386
f 2428/3397/2405 2429/3396/2404 2427/3403/2410
f 2403/3398/2406 2406/3404/2411 2405/3399/2407
f 2342/3395/2356 2404/3405/2412 2403/3398/2406
f 2408/3406/2413 2405/3399/2407 2406/3404/2411
f 2406/3404/2411 2403/3398/2406 2404/3405/2412
f 2429/3396/2404 2431/3407/2414 2427/3403/2410
f 2426/3401/2409 2428/3397/2405 2427/3403/2410
f 2404/3405/2412 2342/3395/2356 2344/3408/2360
f 2393/3409/2392 2396/3402/2387 2426/3401/2409
f 2427/3403/2410 2425/3410/2415 2426/3401/2409
f 2410/3411/2416 2406/3404/2411 2404/3405/2412
f 2406/3404/2411 2409/3412/2417 2408/3406/2413
f 2406/3404/2411 2410/3411/2416 2409/3412/2417
f 2412/3413/2418 2433/3414/2419 2409/3412/2417
f 2344/3408/2360 2354/3415/2364 2404/3405/2412
f 2404/3405/2412 2354/3415/2364 2410/3411/2416
f 2425/3410/2415 2423/3416/2420 2426/3401/2409
f 2411/3417/2421 2412/3413/2418 2409/3412/2417
f 2417/3418/2422 2421/3419/2423 2422/3420/2424
f 2412/3413/2418 2411/3417/2421 2417/3418/2422
f 2421/3419/2423 2423/3416/2420 2425/3410/2415
f 2411/3417/2421 2416/3421/2425 2417/3418/2422
f 2417/3418/2422 2416/3421/2425 2421/3419/2423
f 2426/3401/2409 2423/3416/2420 2393/3409/2392
f 2411/3417/2421 2409/3412/2417 2410/3411/2416
f 2419/3422/2426 2421/3419/2423 2416/3421/2425
f 2416/3421/2425 2411/3417/2421 2414/3423/2427
f 2421/3419/2423 2420/3424/2428 2423/3416/2420
f 2353/3425/2365 2410/3411/2416 2354/3415/2364
f 2419/3422/2426 2420/3424/2428 2421/3419/2423
f 2392/3426/2394 2393/3409/2392 2423/3416/2420
f 2413/3427/2429 2411/3417/2421 2410/3411/2416
f 2411/3417/2421 2413/3427/2429 2414/3423/2427
f 2416/3421/2425 2418/3428/2430 2419/3422/2426
f 2414/3423/2427 2418/3428/2430 2416/3421/2425
f 2424/3429/2431 2392/3426/2394 2423/3416/2420
f 2420/3424/2428 2424/3429/2431 2423/3416/2420
f 2415/3430/2432 2410/3411/2416 2353/3425/2365
f 2410/3411/2416 2415/3430/2432 2413/3427/2429
f 2419/3422/2426 2418/3428/2430 2420/3424/2428
f 2002/3431/2028 2028/3432/2014 2032/3433/2018
f 2032/3433/2018 2004/3434/2019 2002/3431/2028
f 2028/3432/2014 2399/3435/2398 2030/3436/2016
f 2399/3435/2398 2028/3432/2014 2002/3431/2028
f 2001/3437/2029 2399/3435/2398 2002/3431/2028
f 2371/3438/2370 2383/3439/2376 2434/3440/2433
f 2383/3439/2376 2370/3441/2369 2374/3442/2373
f 2370/3441/2369 2383/3439/2376 2371/3438/2370
f 2373/3443/2372 2434/3440/2433 2435/3444/2434
f 2373/3443/2372 2372/3445/2371 2434/3440/2433
f 2434/3440/2433 2372/3445/2371 2371/3438/2370
f 2312/3446/2267 2373/3443/2372 2435/3444/2434
f 2313/3447/2230 2312/3446/2267 2435/3444/2434
f 2357/3448/2331 2436/3449/2435 2333/3450/2332
f 2333/3450/2332 2436/3449/2435 2355/3451/2338
f 2437/3452/2436 2369/3453/2346 2355/3451/2338
f 2436/3449/2435 2437/3452/2436 2355/3451/2338
f 2441/3454/2437 2367/3455/2343 2369/3453/2346
f 2439/3456/2438 2441/3454/2437 2369/3453/2346
f 2438/3457/2439 2369/3453/2346 2437/3452/2436
f 2369/3453/2346 2438/3457/2439 2439/3456/2438
f 2442/3458/2440 2439/3456/2438 2440/3459/2441
f 2439/3456/2438 2438/3457/2439 2440/3459/2441
f 2442/3458/2440 2440/3459/2441 2443/3460/2442
f 2383/3461/2376 2444/3462/2443 2434/3463/2433
f 2383/3461/2376 2445/3464/2444 2444/3462/2443
f 2435/3465/2434 2434/3463/2433 2444/3462/2443
f 2383/3461/2376 2384/3466/2377 2445/3464/2444
f 2435/3465/2434 2444/3462/2443 2317/3467/2285
f 2313/3468/2230 2435/3465/2434 2317/3467/2285
f 2317/3467/2285 2444/3462/2443 2445/3464/2444
f 2382/3469/2375 2445/3464/2444 2384/3466/2377
f 2446/3470/2445 2382/3469/2375 2381/3471/2380
f 2445/3464/2444 2382/3469/2375 2446/3470/2445
f 2446/3470/2445 2381/3471/2380 2447/3472/2446
f 2317/3467/2285 2445/3464/2444 2446/3470/2445
f 2446/3470/2445 2447/3472/2446 2318/3473/2315
f 2446/3470/2445 2318/3473/2315 2317/3467/2285
f 2326/3474/2322 2318/3473/2315 2447/3472/2446
f 2447/3472/2446 2381/3471/2380 2326/3474/2322
f 2325/3475/2323 2326/3474/2322 2381/3471/2380
f 2357/3476/2331 2361/3477/2335 2448/3478/2447
f 2357/3476/2331 2448/3478/2447 2436/3479/2435
f 2361/3477/2335 2364/3480/2345 2448/3478/2447
f 2449/3481/2448 2436/3479/2435 2448/3478/2447
f 2448/3478/2447 2364/3480/2345 2449/3481/2448
f 2316/3482/2260 2314/3483/2259 2477/3484/2449
f 2436/3479/2435 2449/3481/2448 2437/3485/2436
f 2455/3486/2450 2454/3487/2451 2366/3488/2352
f 2480/3489/2452 2316/3482/2260 2477/3484/2449
f 2437/3485/2436 2449/3481/2448 2450/3490/2453
f 2364/3480/2345 2366/3488/2352 2449/3481/2448
f 2366/3488/2352 2451/3491/2454 2450/3490/2453
f 2337/3492/2349 2454/3487/2451 2340/3493/2354
f 2366/3488/2352 2450/3490/2453 2449/3481/2448
f 2451/3491/2454 2454/3487/2451 2337/3492/2349
f 2454/3487/2451 2451/3491/2454 2366/3488/2352
f 2437/3485/2436 2450/3490/2453 2452/3494/2455
f 2450/3490/2453 2451/3491/2454 2452/3494/2455
f 2452/3494/2455 2451/3491/2454 2453/3495/2456
f 2454/3487/2451 2455/3486/2450 2340/3493/2354
f 2386/3496/2388 2314/3483/2259 2327/3497/2313
f 2452/3494/2455 2438/3498/2439 2437/3485/2436
f 2386/3496/2388 2477/3484/2449 2314/3483/2259
f 2453/3495/2456 2443/3499/2442 2452/3494/2455
f 2340/3493/2354 2455/3486/2450 2456/3500/2457
f 2438/3498/2439 2452/3494/2455 2440/3501/2441
f 2477/3484/2449 2386/3496/2388 2475/3502/2458
f 2440/3501/2441 2452/3494/2455 2443/3499/2442
f 2340/3493/2354 2456/3500/2457 2347/3503/2357
f 2475/3502/2458 2478/3504/2459 2477/3484/2449
f 2387/3505/2390 2475/3502/2458 2386/3496/2388
f 2457/3506/2460 2347/3503/2357 2456/3500/2457
f 2479/3507/2461 2478/3504/2459 2475/3502/2458
f 2348/3508/2361 2347/3503/2357 2457/3506/2460
f 2387/3505/2390 2474/3509/2462 2475/3502/2458
f 2474/3509/2462 2476/3510/2463 2475/3502/2458
f 2348/3508/2361 2457/3506/2460 2458/3511/2464
f 2389/3512/2393 2474/3509/2462 2387/3505/2390
f 2481/3513/2465 2476/3510/2463 2474/3509/2462
f 2459/3514/2466 2458/3511/2464 2457/3506/2460
f 2348/3508/2361 2458/3511/2464 2349/3515/2366
f 2473/3516/2467 2474/3509/2462 2389/3512/2393
f 2391/3517/2395 2395/3518/2397 2389/3512/2393
f 2459/3514/2466 2482/3519/2468 2461/3520/2469
f 2395/3518/2397 2473/3516/2467 2389/3512/2393
f 2458/3511/2464 2459/3514/2466 2461/3520/2469
f 2481/3513/2465 2466/3521/2470 2464/3522/2471
f 2460/3523/2472 2458/3511/2464 2461/3520/2469
f 2474/3509/2462 2470/3524/2473 2481/3513/2465
f 2460/3523/2472 2349/3515/2366 2458/3511/2464
f 2474/3509/2462 2473/3516/2467 2470/3524/2473
f 2463/3525/2474 2461/3520/2469 2464/3522/2471
f 2460/3523/2472 2352/3526/2368 2349/3515/2366
f 2462/3527/2475 2460/3523/2472 2461/3520/2469
f 2466/3521/2470 2463/3525/2474 2464/3522/2471
f 2461/3520/2469 2463/3525/2474 2462/3527/2475
f 2481/3513/2465 2470/3524/2473 2466/3521/2470
f 2470/3524/2473 2473/3516/2467 2472/3528/2476
f 2472/3528/2476 2473/3516/2467 2395/3518/2397
f 2466/3521/2470 2470/3524/2473 2465/3529/2477
f 2463/3525/2474 2466/3521/2470 2465/3529/2477
f 2462/3527/2475 2463/3525/2474 2465/3529/2477
f 2462/3527/2475 2352/3526/2368 2460/3523/2472
f 2462/3527/2475 2469/3530/2478 2352/3526/2368
f 2465/3529/2477 2470/3524/2473 2468/3531/2479
f 2470/3524/2473 2472/3528/2476 2471/3532/2480
f 2462/3527/2475 2465/3529/2477 2467/3533/2481
f 2471/3532/2480 2468/3531/2479 2470/3524/2473
f 2462/3527/2475 2467/3533/2481 2469/3530/2478
f 2467/3533/2481 2465/3529/2477 2468/3531/2479
f 2139/3534/2204 2363/3535/2347 2138/3536/2186
f 2483/3537/2482 2139/3534/2204 2163/3538/2219
f 2164/3539/2212 2170/3540/2202 2484/3541/2483
f 2455/3542/2450 2163/3538/2219 2164/3539/2212
f 2164/3539/2212 2484/3541/2483 2455/3542/2450
f 2170/3540/2202 2402/3543/2401 2484/3541/2483
f 2483/3537/2482 2163/3538/2219 2366/3544/2352
f 2363/3535/2347 2139/3534/2204 2362/3545/2340
f 2455/3542/2450 2366/3544/2352 2163/3538/2219
f 2362/3545/2340 2139/3534/2204 2483/3537/2482
f 2407/3546/2408 2484/3541/2483 2402/3543/2401
f 2483/3537/2482 2365/3547/2351 2362/3545/2340
f 2366/3544/2352 2365/3547/2351 2483/3537/2482
f 2485/3548/2484 2484/3541/2483 2407/3546/2408
f 2484/3541/2483 2456/3549/2457 2455/3542/2450
f 2485/3548/2484 2456/3549/2457 2484/3541/2483
f 2407/3546/2408 2405/3550/2407 2408/3551/2413
f 2408/3551/2413 2485/3548/2484 2407/3546/2408
f 2486/3552/2485 2456/3549/2457 2485/3548/2484
f 2457/3553/2460 2456/3549/2457 2486/3552/2485
f 2486/3552/2485 2485/3548/2484 2433/3554/2419
f 2485/3548/2484 2408/3551/2413 2433/3554/2419
f 2486/3552/2485 2433/3554/2419 2487/3555/2486
f 2486/3552/2485 2487/3555/2486 2457/3553/2460
f 2433/3554/2419 2408/3551/2413 2409/3556/2417
f 2459/3557/2466 2457/3553/2460 2487/3555/2486
f 2334/3558/2342 2332/3559/2337 2368/3560/2344
f 2368/3560/2344 2367/3561/2343 2441/3562/2437
f 2489/3563/2487 2368/3560/2344 2441/3562/2437
f 2489/3563/2487 2441/3562/2437 2439/3564/2438
f 2488/3565/2488 2368/3560/2344 2489/3563/2487
f 2488/3565/2488 2334/3558/2342 2368/3560/2344
f 2488/3565/2488 2337/3566/2349 2334/3558/2342
f 2453/3567/2456 2451/3568/2454 2337/3566/2349
f 2488/3565/2488 2453/3567/2456 2337/3566/2349
f 2442/3569/2440 2489/3563/2487 2439/3564/2438
f 2442/3569/2440 2488/3565/2488 2489/3563/2487
f 2488/3565/2488 2443/3570/2442 2453/3567/2456
f 2443/3570/2442 2488/3565/2488 2442/3569/2440
f 2289/3571/2222 2316/3572/2260 2301/3573/2216
f 2289/3571/2222 2290/3574/2221 2316/3572/2260
f 2432/3575/2403 2301/3573/2216 2316/3572/2260
f 2316/3572/2260 2480/3576/2452 2432/3575/2403
f 2480/3576/2452 2477/3577/2449 2478/3578/2459
f 2429/3579/2404 2432/3575/2403 2480/3576/2452
f 2431/3580/2414 2480/3576/2452 2478/3578/2459
f 2431/3580/2414 2429/3579/2404 2480/3576/2452
f 2478/3578/2459 2479/3581/2461 2431/3580/2414
f 2427/3582/2410 2431/3580/2414 2490/3583/2489
f 2425/3584/2415 2427/3582/2410 2490/3583/2489
f 2479/3581/2461 2490/3583/2489 2431/3580/2414
f 2479/3581/2461 2476/3585/2463 2490/3583/2489
f 2425/3584/2415 2490/3583/2489 2422/3586/2424
f 2479/3581/2461 2475/3587/2458 2476/3585/2463
f 2412/3588/2418 2494/3589/2490 2433/3590/2419
f 2491/3591/2491 2422/3586/2424 2490/3583/2489
f 2417/3592/2422 2494/3589/2490 2412/3588/2418
f 2422/3586/2424 2421/3593/2423 2425/3584/2415
f 2476/3585/2463 2491/3591/2491 2490/3583/2489
f 2494/3589/2490 2417/3592/2422 2493/3594/2492
f 2422/3586/2424 2493/3594/2492 2417/3592/2422
f 2487/3595/2486 2433/3590/2419 2494/3589/2490
f 2491/3591/2491 2492/3596/2493 2422/3586/2424
f 2492/3596/2493 2493/3594/2492 2422/3586/2424
f 2493/3594/2492 2482/3597/2468 2494/3589/2490
f 2482/3597/2468 2487/3595/2486 2494/3589/2490
f 2476/3585/2463 2481/3598/2465 2491/3591/2491
f 2492/3596/2493 2482/3597/2468 2493/3594/2492
f 2491/3591/2491 2481/3598/2465 2492/3596/2493
f 2482/3597/2468 2459/3599/2466 2487/3595/2486
f 2464/3600/2471 2482/3597/2468 2492/3596/2493
f 2482/3597/2468 2464/3600/2471 2461/3601/2469
f 2464/3600/2471 2492/3596/2493 2481/3598/2465
f 2495/3602/2494 2414/3603/2427 2413/3604/2429
f 2414/3603/2427 2495/3602/2494 2418/3605/2430
f 2413/3604/2429 2415/3606/2432 2495/3602/2494
f 2392/3607/2394 2424/3608/2431 2394/3609/2396
f 2353/3610/2365 2350/3611/2367 2415/3606/2432
f 2424/3608/2431 2420/3612/2428 2497/3613/2495
f 2498/3614/2496 2394/3609/2396 2424/3608/2431
f 2350/3611/2367 2469/3615/2478 2415/3606/2432
f 2496/3616/2497 2418/3605/2430 2495/3602/2494
f 2420/3612/2428 2418/3605/2430 2497/3613/2495
f 2498/3614/2496 2424/3608/2431 2497/3613/2495
f 2395/3617/2397 2394/3609/2396 2498/3614/2496
f 2352/3618/2368 2469/3615/2478 2350/3611/2367
f 2472/3619/2476 2395/3617/2397 2498/3614/2496
f 2415/3606/2432 2469/3615/2478 2495/3602/2494
f 2497/3613/2495 2418/3605/2430 2496/3616/2497
f 2498/3614/2496 2497/3613/2495 2471/3620/2480
f 2496/3616/2497 2471/3620/2480 2497/3613/2495
f 2498/3614/2496 2471/3620/2480 2472/3619/2476
f 2495/3602/2494 2467/3621/2481 2496/3616/2497
f 2467/3621/2481 2495/3602/2494 2469/3615/2478
f 2467/3621/2481 2468/3622/2479 2496/3616/2497
f 2496/3616/2497 2468/3622/2479 2471/3620/2480
