# Blender 5.0.1
# www.blender.org
mtllib SM_Skewer_Dish.mtl
o surface_7.012
v 0.014131 -0.011079 -0.034115
v -0.000000 -0.011079 -0.036926
v 0.026110 -0.011079 -0.026110
v 0.034115 -0.011079 -0.014131
v 0.036926 -0.011079 0.000000
v 0.034115 -0.011079 0.014131
v 0.026110 -0.011079 0.026110
v 0.014131 -0.011079 0.034115
v -0.000000 -0.011079 0.036926
v -0.014131 -0.011079 0.034115
v -0.026110 -0.011079 0.026110
v -0.034115 -0.011079 0.014131
v -0.036926 -0.011079 0.000000
v -0.034115 -0.011079 -0.014131
v -0.026110 -0.011079 -0.026110
v -0.014131 -0.011079 -0.034115
v -0.000000 -0.040166 -0.136498
v 0.052236 -0.040166 -0.126108
v 0.212361 0.034912 -0.512685
v -0.000000 0.034912 -0.554926
v 0.096519 -0.040166 -0.096519
v 0.392392 0.034912 -0.392392
v 0.126108 -0.040166 -0.052236
v 0.512685 0.034912 -0.212361
v 0.136498 -0.040166 0.000000
v 0.554926 0.034912 0.000000
v 0.126108 -0.040166 0.052236
v 0.512685 0.034912 0.212361
v 0.096519 -0.040166 0.096519
v 0.392392 0.034912 0.392392
v 0.052236 -0.040166 0.126108
v 0.212361 0.034912 0.512685
v -0.000000 -0.040166 0.136498
v -0.000000 0.034912 0.554926
v -0.052236 -0.040166 0.126108
v -0.212361 0.034912 0.512685
v -0.096519 -0.040166 0.096519
v -0.392392 0.034912 0.392392
v -0.126108 -0.040166 0.052236
v -0.512685 0.034912 0.212361
v -0.136498 -0.040166 0.000000
v -0.554926 0.034912 0.000000
v -0.126108 -0.040166 -0.052236
v -0.512685 0.034912 -0.212361
v -0.096519 -0.040166 -0.096519
v -0.392392 0.034912 -0.392392
v -0.052236 -0.040166 -0.126108
v -0.212361 0.034912 -0.512685
v 0.212768 0.040551 -0.513667
v -0.000000 0.040551 -0.555990
v 0.393144 0.040551 -0.393144
v 0.513667 0.040551 -0.212768
v 0.555990 0.040551 0.000000
v 0.513667 0.040551 0.212768
v 0.393144 0.040551 0.393144
v 0.212768 0.040551 0.513667
v -0.000000 0.040551 0.555990
v -0.212768 0.040551 0.513667
v -0.393144 0.040551 0.393144
v -0.513667 0.040551 0.212768
v -0.555990 0.040551 0.000000
v -0.513667 0.040551 -0.212768
v -0.393144 0.040551 -0.393144
v -0.212768 0.040551 -0.513667
v 0.207448 0.041773 -0.500824
v -0.000000 0.041773 -0.542088
v 0.383314 0.041773 -0.383314
v 0.500824 0.041773 -0.207448
v 0.542088 0.041773 0.000000
v 0.500824 0.041773 0.207448
v 0.383314 0.041773 0.383314
v 0.207448 0.041773 0.500824
v -0.000000 0.041773 0.542088
v -0.207448 0.041773 0.500824
v -0.383314 0.041773 0.383314
v -0.500824 0.041773 0.207448
v -0.542088 0.041773 0.000000
v -0.500824 0.041773 -0.207448
v -0.383314 0.041773 -0.383314
v -0.207448 0.041773 -0.500824
v 0.190619 0.038102 0.460196
v 0.186349 0.037287 0.449885
v 0.352219 0.038102 0.352219
v 0.344327 0.037287 0.344327
v 0.460196 0.038102 0.190619
v 0.449885 0.037287 0.186349
v 0.498113 0.038102 0.000000
v 0.486952 0.037287 0.000000
v 0.460196 0.038102 -0.190619
v 0.449885 0.037287 -0.186349
v 0.352219 0.038102 -0.352219
v 0.344327 0.037287 -0.344327
v -0.000000 0.037287 -0.486952
v -0.000000 0.038102 -0.498113
v 0.190619 0.038102 -0.460196
v 0.186349 0.037287 -0.449885
v 0.176677 0.036555 -0.426536
v 0.194725 0.041079 -0.470108
v -0.000000 0.041079 -0.508842
v -0.000000 0.036555 -0.461679
v 0.326457 0.036555 -0.326457
v 0.359805 0.041079 -0.359805
v 0.426536 0.036555 -0.176677
v 0.470108 0.041079 -0.194725
v 0.461679 0.036555 0.000000
v 0.508842 0.041079 0.000000
v 0.426536 0.036555 0.176677
v 0.470108 0.041079 0.194725
v 0.326457 0.036555 0.326457
v 0.359805 0.041079 0.359805
v 0.176677 0.036555 0.426536
v 0.194725 0.041079 0.470108
v -0.000000 0.036555 0.461679
v -0.000000 0.041079 0.508842
v -0.176677 0.036555 0.426536
v -0.194725 0.041079 0.470108
v -0.326457 0.036555 0.326457
v -0.359805 0.041079 0.359805
v -0.426536 0.036555 0.176677
v -0.470108 0.041079 0.194725
v -0.461679 0.036555 0.000000
v -0.508842 0.041079 0.000000
v -0.426536 0.036555 -0.176677
v -0.470108 0.041079 -0.194725
v -0.326457 0.036555 -0.326457
v -0.359805 0.041079 -0.359805
v -0.176677 0.036555 -0.426536
v -0.194725 0.041079 -0.470108
v -0.000000 0.037287 0.486952
v -0.000000 0.038102 0.498113
v -0.186349 0.037287 0.449885
v -0.190619 0.038102 0.460196
v -0.344327 0.037287 0.344327
v -0.352219 0.038102 0.352219
v -0.449885 0.037287 0.186349
v -0.460196 0.038102 0.190619
v -0.486952 0.037287 0.000000
v -0.498113 0.038102 0.000000
v -0.449885 0.037287 -0.186349
v -0.460196 0.038102 -0.190619
v -0.344327 0.037287 -0.344327
v -0.352219 0.038102 -0.352219
v -0.186349 0.037287 -0.449885
v -0.190619 0.038102 -0.460196
v -0.000000 -0.044939 0.000000
v -0.000000 0.024852 -0.524960
v 0.200893 0.024852 -0.485000
v 0.371203 0.024852 -0.371203
v 0.485000 0.024852 -0.200893
v 0.524960 0.024852 0.000000
v 0.485000 0.024852 0.200893
v 0.371203 0.024852 0.371203
v 0.200893 0.024852 0.485000
v -0.000000 0.024852 0.524960
v -0.200893 0.024852 0.485000
v -0.371203 0.024852 0.371203
v -0.485000 0.024852 0.200893
v -0.524960 0.024852 0.000000
v -0.485000 0.024852 -0.200893
v -0.371203 0.024852 -0.371203
v -0.200893 0.024852 -0.485000
v 0.131490 0.019818 -0.317444
v -0.000000 0.019818 -0.343599
v 0.242961 0.019818 -0.242961
v 0.317444 0.019818 -0.131490
v 0.343599 0.019818 0.000000
v 0.317444 0.019818 0.131490
v 0.242961 0.019818 0.242961
v 0.131490 0.019818 0.317444
v -0.000000 0.019818 0.343599
v -0.131490 0.019818 0.317444
v -0.242961 0.019818 0.242961
v -0.317444 0.019818 0.131490
v -0.343599 0.019818 0.000000
v -0.317444 0.019818 -0.131490
v -0.242961 0.019818 -0.242961
v -0.131490 0.019818 -0.317444
v 0.075255 -0.001464 -0.181682
v -0.000000 -0.001464 -0.196651
v 0.139053 -0.001464 -0.139053
v 0.181682 -0.001464 -0.075255
v 0.196651 -0.001464 0.000000
v 0.181682 -0.001464 0.075255
v 0.139053 -0.001464 0.139053
v 0.075255 -0.001464 0.181682
v -0.000000 -0.001464 0.196651
v -0.075255 -0.001464 0.181682
v -0.139053 -0.001464 0.139053
v -0.181682 -0.001464 0.075255
v -0.196651 -0.001464 0.000000
v -0.181682 -0.001464 -0.075255
v -0.139053 -0.001464 -0.139053
v -0.075255 -0.001464 -0.181682
v 0.040411 -0.010001 -0.097562
v -0.000000 -0.010001 -0.105600
v 0.074671 -0.010001 -0.074671
v 0.097562 -0.010001 -0.040411
v 0.105600 -0.010001 0.000000
v 0.097562 -0.010001 0.040411
v 0.074671 -0.010001 0.074671
v 0.040411 -0.010001 0.097562
v -0.000000 -0.010001 0.105600
v -0.040412 -0.010001 0.097562
v -0.074671 -0.010001 0.074671
v -0.097562 -0.010001 0.040412
v -0.105600 -0.010001 0.000000
v -0.097562 -0.010001 -0.040412
v -0.074671 -0.010001 -0.074671
v -0.040412 -0.010001 -0.097562
v 0.168570 -0.001080 -0.406964
v 0.311476 -0.001080 -0.311476
v 0.406964 -0.001080 -0.168570
v 0.440494 -0.001080 0.000000
v 0.406964 -0.001080 0.168570
v 0.311476 -0.001080 0.311476
v 0.168570 -0.001080 0.406964
v -0.000000 -0.001080 0.440494
v -0.168570 -0.001080 0.406964
v -0.311477 -0.001080 0.311476
v -0.406964 -0.001080 0.168570
v -0.440494 -0.001080 0.000000
v -0.406964 -0.001080 -0.168570
v -0.311476 -0.001080 -0.311476
v -0.168570 -0.001080 -0.406964
v -0.000000 -0.001080 -0.440494
v 0.136882 -0.019194 -0.330463
v 0.252925 -0.019194 -0.252925
v 0.330463 -0.019194 -0.136882
v 0.357690 -0.019194 0.000000
v 0.330463 -0.019194 0.136882
v 0.252925 -0.019194 0.252925
v 0.136882 -0.019194 0.330463
v -0.000000 -0.019194 0.357690
v -0.136882 -0.019194 0.330463
v -0.252925 -0.019194 0.252925
v -0.330463 -0.019194 0.136882
v -0.357690 -0.019194 0.000000
v -0.330463 -0.019194 -0.136882
v -0.252925 -0.019194 -0.252925
v -0.136882 -0.019194 -0.330463
v -0.000000 -0.019194 -0.357690
v 0.108461 0.040551 -0.545271
v 0.308871 0.040551 -0.462259
v 0.462259 0.040551 -0.308871
v 0.545271 0.040551 -0.108461
v 0.545271 0.040551 0.108461
v 0.462259 0.040551 0.308871
v 0.308871 0.040551 0.462259
v 0.108461 0.040551 0.545271
v -0.000000 0.038014 -0.556975
v -0.213145 0.038014 -0.514577
v -0.108461 0.040551 0.545271
v -0.393841 0.038014 0.393841
v 0.514577 0.038014 0.213145
v -0.308871 0.040551 0.462259
v -0.514577 0.038014 0.213145
v -0.556975 0.038014 0.000000
v -0.462259 0.040551 0.308871
v 0.393841 0.038014 0.393841
v 0.213145 0.038014 0.514577
v -0.545271 0.040551 0.108461
v 0.213145 0.038014 -0.514577
v 0.393840 0.038014 -0.393840
v -0.545271 0.040551 -0.108461
v -0.514577 0.038014 -0.213145
v -0.393841 0.038014 -0.393840
v -0.462259 0.040551 -0.308871
v -0.000000 0.038014 0.556975
v -0.213145 0.038014 0.514577
v -0.308871 0.040551 -0.462259
v 0.514577 0.038014 -0.213145
v 0.556975 0.038014 0.000000
v -0.108461 0.040551 -0.545271
v 0.026813 -0.040166 -0.134796
v 0.108254 0.034912 -0.544228
v -0.000000 0.031608 -0.547349
v 0.095967 -0.030385 -0.231685
v 0.076356 -0.040166 -0.114275
v 0.308280 0.034912 -0.461374
v 0.177324 -0.030385 -0.177324
v 0.114275 -0.040166 -0.076356
v 0.461374 0.034912 -0.308280
v 0.231685 -0.030385 -0.095967
v 0.134796 -0.040166 -0.026813
v 0.544228 0.034912 -0.108254
v 0.250774 -0.030385 0.000000
v 0.134796 -0.040166 0.026813
v 0.544228 0.034912 0.108254
v 0.231685 -0.030385 0.095967
v 0.114275 -0.040166 0.076356
v 0.461374 0.034912 0.308280
v 0.177324 -0.030385 0.177324
v 0.076356 -0.040166 0.114275
v 0.308280 0.034912 0.461374
v 0.095967 -0.030385 0.231685
v 0.026813 -0.040166 0.134796
v 0.108254 0.034912 0.544228
v -0.000000 -0.030385 0.250774
v -0.026813 -0.040166 0.134796
v -0.108254 0.034912 0.544228
v -0.095967 -0.030385 0.231685
v -0.076356 -0.040166 0.114275
v -0.308280 0.034912 0.461374
v -0.177324 -0.030385 0.177324
v -0.114275 -0.040166 0.076356
v -0.461374 0.034912 0.308280
v -0.231685 -0.030385 0.095967
v -0.134796 -0.040166 0.026813
v -0.544228 0.034912 0.108254
v -0.250774 -0.030385 0.000000
v -0.134796 -0.040166 -0.026813
v -0.544228 0.034912 -0.108254
v -0.231685 -0.030385 -0.095967
v -0.114275 -0.040166 -0.076356
v -0.461374 0.034912 -0.308280
v -0.177324 -0.030385 -0.177324
v -0.076356 -0.040166 -0.114275
v -0.308280 0.034912 -0.461374
v -0.095967 -0.030385 -0.231685
v -0.026813 -0.040167 -0.134796
v -0.108254 0.034912 -0.544228
v 0.105749 0.041773 -0.531638
v 0.301148 0.041773 -0.450700
v 0.450701 0.041773 -0.301148
v 0.531638 0.041773 -0.105749
v 0.531638 0.041773 0.105749
v 0.450701 0.041773 0.301149
v 0.301148 0.041773 0.450701
v 0.105749 0.041773 0.531638
v -0.105749 0.041773 0.531638
v -0.301148 0.041773 0.450701
v -0.450701 0.041773 0.301149
v -0.531638 0.041773 0.105749
v -0.531638 0.041773 -0.105749
v -0.450701 0.041773 -0.301148
v -0.301148 0.041773 -0.450700
v -0.105749 0.041773 -0.531638
v -0.000000 0.041620 -0.552016
v 0.211247 0.041620 -0.509996
v 0.390334 0.041620 -0.390334
v 0.509996 0.041620 -0.211247
v 0.552016 0.041620 0.000000
v 0.509996 0.041620 0.211247
v 0.390334 0.041620 0.390334
v 0.211247 0.041620 0.509996
v -0.000000 0.041620 0.552016
v -0.211247 0.041620 0.509996
v -0.390334 0.041620 0.390334
v -0.509996 0.041620 0.211247
v -0.552016 0.041620 0.000000
v -0.509996 0.041620 -0.211247
v -0.390334 0.041620 -0.390334
v -0.211247 0.041620 -0.509996
v -0.094994 0.037287 -0.477565
v -0.097171 0.038102 -0.488510
v -0.348273 0.037174 -0.348273
v -0.455041 0.037174 -0.188484
v -0.492533 0.037174 0.000000
v -0.455041 0.037174 0.188484
v -0.348273 0.037174 0.348273
v -0.188484 0.037174 0.455041
v -0.000000 0.037174 0.492533
v 0.188484 0.037174 0.455041
v 0.348273 0.037174 0.348273
v 0.455041 0.037174 0.188484
v 0.492533 0.037174 0.000000
v 0.455041 0.037174 -0.188484
v 0.348273 0.037174 -0.348273
v -0.188484 0.037174 -0.455041
v -0.404860 0.037287 -0.270519
v -0.270519 0.037287 -0.404860
v -0.477565 0.037287 -0.094994
v -0.477565 0.037287 0.094994
v -0.404860 0.037287 0.270519
v -0.270519 0.037287 0.404860
v -0.094994 0.037287 0.477565
v 0.094994 0.037287 0.477565
v 0.270519 0.037287 0.404860
v 0.404860 0.037287 0.270519
v 0.477565 0.037287 0.094994
v 0.477565 0.037287 -0.094994
v 0.404860 0.037287 -0.270519
v 0.270519 0.037287 -0.404860
v 0.094994 0.037287 -0.477565
v 0.097171 0.038102 -0.488510
v 0.067028 0.019818 -0.336975
v 0.190881 0.019818 -0.285674
v 0.285674 0.019818 -0.190881
v 0.336975 0.019818 -0.067028
v 0.336975 0.019818 0.067028
v 0.285674 0.019818 0.190881
v 0.190881 0.019818 0.285674
v 0.067028 0.019818 0.336975
v -0.067028 0.019818 0.336975
v -0.190881 0.019818 0.285674
v -0.285674 0.019818 0.190881
v -0.336975 0.019818 0.067029
v -0.336975 0.019818 -0.067028
v -0.285674 0.019818 -0.190881
v -0.190881 0.019818 -0.285674
v -0.067029 0.019818 -0.336975
v -0.414139 0.038102 -0.276719
v -0.276719 0.038102 -0.414139
v -0.488510 0.038102 -0.097171
v -0.488510 0.038102 0.097171
v -0.414139 0.038102 0.276719
v -0.276719 0.038102 0.414139
v -0.097171 0.038102 0.488510
v 0.097171 0.038102 0.488510
v 0.276719 0.038102 0.414139
v 0.414139 0.038102 0.276719
v 0.488510 0.038102 0.097171
v 0.488510 0.038102 -0.097171
v 0.414139 0.038102 -0.276719
v 0.276719 0.038102 -0.414139
v -0.000000 0.037174 -0.492533
v 0.188484 0.037174 -0.455041
v -0.354647 0.039667 -0.354647
v 0.099264 0.041079 -0.499032
v 0.463368 0.039667 0.191933
v 0.090063 0.036555 -0.452779
v -0.184339 0.038083 0.445034
v 0.282679 0.041079 -0.423059
v 0.256479 0.036555 -0.383848
v -0.191933 0.039667 0.463368
v 0.423059 0.041079 -0.282679
v 0.383848 0.036555 -0.256479
v -0.481701 0.038083 0.000000
v 0.499032 0.041079 -0.099264
v 0.452779 0.036555 -0.090063
v -0.445034 0.038083 -0.184339
v 0.499032 0.041079 0.099264
v 0.452779 0.036555 0.090063
v 0.445034 0.038083 -0.184339
v 0.423059 0.041079 0.282679
v 0.383848 0.036555 0.256479
v 0.481701 0.038083 0.000000
v 0.282679 0.041079 0.423059
v 0.256479 0.036555 0.383848
v -0.463368 0.039667 -0.191933
v 0.099264 0.041079 0.499032
v 0.090063 0.036555 0.452779
v -0.501546 0.039667 0.000000
v -0.099264 0.041079 0.499032
v -0.090063 0.036555 0.452779
v 0.501546 0.039667 0.000000
v -0.282679 0.041079 0.423059
v -0.256479 0.036555 0.383848
v 0.463368 0.039667 -0.191933
v -0.423059 0.041079 0.282679
v -0.383848 0.036555 0.256479
v 0.184339 0.038083 0.445034
v -0.499032 0.041079 0.099264
v -0.452779 0.036555 0.090063
v -0.000000 0.038083 0.481701
v -0.499032 0.041079 -0.099264
v -0.452779 0.036555 -0.090063
v -0.000000 0.039667 0.501546
v -0.423059 0.041079 -0.282679
v -0.383848 0.036555 -0.256479
v 0.191933 0.039667 0.463368
v -0.282679 0.041079 -0.423059
v -0.256479 0.036555 -0.383848
v -0.099264 0.041079 -0.499032
v -0.090063 0.036555 -0.452779
v -0.000000 0.030031 -0.413195
v 0.158123 0.030031 -0.381742
v 0.200873 0.041686 -0.484950
v 0.371164 0.041686 -0.371164
v -0.000000 0.041686 -0.524906
v 0.292173 0.030031 -0.292173
v -0.158123 0.030031 -0.381742
v -0.200873 0.041686 -0.484950
v 0.484950 0.041686 -0.200873
v 0.381742 0.030031 -0.158123
v 0.524906 0.041686 0.000000
v 0.413195 0.030031 0.000000
v 0.484950 0.041686 0.200873
v 0.381742 0.030031 0.158123
v 0.371164 0.041686 0.371164
v 0.292173 0.030031 0.292173
v 0.200873 0.041686 0.484950
v 0.158123 0.030031 0.381742
v -0.000000 0.041686 0.524906
v -0.000000 0.030031 0.413195
v -0.200873 0.041686 0.484950
v -0.158123 0.030031 0.381742
v -0.371164 0.041686 0.371164
v -0.292173 0.030031 0.292173
v -0.484950 0.041686 0.200873
v -0.381742 0.030031 0.158123
v -0.524906 0.041686 0.000000
v -0.413195 0.030031 0.000000
v -0.484950 0.041686 -0.200873
v -0.381742 0.030031 -0.158123
v -0.371164 0.041686 -0.371164
v -0.292173 0.030031 -0.292173
v -0.000000 0.039667 -0.501546
v 0.191933 0.039667 -0.463368
v 0.445033 0.038083 0.184339
v -0.340614 0.038083 -0.340614
v -0.354647 0.039667 0.354647
v 0.184339 0.038083 -0.445033
v -0.000000 0.038083 -0.481701
v -0.340614 0.038083 0.340614
v 0.354647 0.039667 0.354647
v -0.191933 0.039667 -0.463368
v 0.340614 0.038083 0.340614
v -0.184339 0.038083 -0.445033
v 0.354647 0.039667 -0.354647
v -0.463368 0.039667 0.191933
v 0.340614 0.038083 -0.340614
v -0.445034 0.038083 0.184339
v -0.000000 -0.044343 -0.063847
v 0.024433 -0.044343 -0.058987
v 0.045147 -0.044343 -0.045147
v 0.058987 -0.044343 -0.024433
v 0.063847 -0.044343 0.000000
v 0.058987 -0.044343 0.024433
v 0.045147 -0.044343 0.045147
v 0.024433 -0.044343 0.058987
v -0.000000 -0.044343 0.063847
v -0.024433 -0.044343 0.058987
v -0.045147 -0.044343 0.045147
v -0.058987 -0.044343 0.024433
v -0.063847 -0.044343 0.000000
v -0.058987 -0.044343 -0.024433
v -0.045147 -0.044343 -0.045147
v -0.024433 -0.044343 -0.058987
v -0.000000 0.012308 -0.482863
v 0.209461 0.031608 -0.505684
v 0.387034 0.031608 -0.387034
v 0.505684 0.031608 -0.209461
v 0.547348 0.031608 0.000000
v 0.505684 0.031608 0.209461
v 0.387034 0.031608 0.387034
v 0.209461 0.031608 0.505684
v -0.000000 0.031608 0.547348
v -0.209461 0.031608 0.505684
v -0.387034 0.031608 0.387034
v -0.505684 0.031608 0.209461
v -0.547348 0.031608 0.000000
v -0.505684 0.031608 -0.209461
v -0.387034 0.031608 -0.387034
v -0.209461 0.031608 -0.505684
v -0.102408 0.024852 -0.514840
v -0.291633 0.024852 -0.436460
v -0.436460 0.024852 -0.291633
v -0.514840 0.024852 -0.102408
v -0.514840 0.024852 0.102408
v -0.436460 0.024852 0.291633
v -0.291633 0.024852 0.436460
v -0.102408 0.024852 0.514840
v 0.102408 0.024852 0.514840
v 0.291633 0.024852 0.436460
v 0.436460 0.024852 0.291633
v 0.514840 0.024852 0.102408
v 0.514840 0.024852 -0.102408
v 0.436460 0.024852 -0.291633
v 0.291633 0.024852 -0.436460
v 0.102408 0.024852 -0.514840
v 0.038362 -0.001464 -0.192860
v 0.109246 -0.001464 -0.163499
v 0.163499 -0.001464 -0.109246
v 0.192860 -0.001464 -0.038362
v 0.192860 -0.001464 0.038362
v 0.163499 -0.001464 0.109246
v 0.109246 -0.001464 0.163499
v 0.038362 -0.001464 0.192860
v -0.038362 -0.001464 0.192860
v -0.109246 -0.001464 0.163499
v -0.163499 -0.001464 0.109246
v -0.192860 -0.001464 0.038362
v -0.192860 -0.001464 -0.038362
v -0.163499 -0.001464 -0.109246
v -0.109246 -0.001464 -0.163499
v -0.038362 -0.001464 -0.192860
v -0.000000 0.008343 -0.266146
v 0.101849 0.008343 -0.245886
v 0.188193 0.008343 -0.188193
v 0.245887 0.008343 -0.101849
v 0.266146 0.008343 0.000000
v 0.245886 0.008343 0.101849
v 0.188193 0.008343 0.188193
v 0.101849 0.008343 0.245887
v -0.000000 0.008343 0.266146
v -0.101850 0.008343 0.245887
v -0.188193 0.008343 0.188193
v -0.245887 0.008343 0.101850
v -0.266146 0.008343 0.000000
v -0.245887 0.008343 -0.101850
v -0.188193 0.008343 -0.188193
v -0.101850 0.008343 -0.245887
v 0.020600 -0.010001 -0.103565
v 0.058665 -0.010001 -0.087798
v 0.087798 -0.010001 -0.058665
v 0.103565 -0.010001 -0.020600
v 0.103565 -0.010001 0.020600
v 0.087798 -0.010001 0.058665
v 0.058665 -0.010001 0.087798
v 0.020600 -0.010001 0.103565
v -0.020600 -0.010001 0.103565
v -0.058665 -0.010001 0.087798
v -0.087798 -0.010001 0.058665
v -0.103565 -0.010001 0.020600
v -0.103565 -0.010001 -0.020600
v -0.087798 -0.010001 -0.058665
v -0.058665 -0.010001 -0.087798
v -0.020600 -0.010001 -0.103565
v -0.000000 -0.007317 -0.146351
v 0.056006 -0.007317 -0.135211
v 0.103486 -0.007317 -0.103486
v 0.135211 -0.007317 -0.056006
v 0.146351 -0.007317 0.000000
v 0.135211 -0.007317 0.056006
v 0.103486 -0.007317 0.103486
v 0.056006 -0.007317 0.135211
v -0.000000 -0.007317 0.146351
v -0.056006 -0.007317 0.135211
v -0.103486 -0.007317 0.103486
v -0.135211 -0.007317 0.056006
v -0.146351 -0.007317 0.000000
v -0.135211 -0.007317 -0.056006
v -0.103486 -0.007317 -0.103486
v -0.056006 -0.007317 -0.135211
v 0.005892 -0.011079 -0.029624
v 0.016780 -0.011079 -0.025114
v 0.025114 -0.011079 -0.016780
v 0.029624 -0.011079 -0.005892
v 0.029624 -0.011079 0.005892
v 0.025114 -0.011079 0.016780
v 0.016780 -0.011079 0.025114
v 0.005892 -0.011079 0.029624
v -0.005893 -0.011079 0.029624
v -0.016780 -0.011079 0.025114
v -0.025114 -0.011079 0.016780
v -0.029624 -0.011079 0.005893
v -0.029624 -0.011079 -0.005892
v -0.025114 -0.011079 -0.016780
v -0.016780 -0.011079 -0.025114
v -0.005893 -0.011079 -0.029624
v -0.000000 -0.010944 -0.064935
v 0.024850 -0.010944 -0.059992
v 0.045916 -0.010944 -0.045916
v 0.059992 -0.010944 -0.024850
v 0.064935 -0.010944 0.000000
v 0.059992 -0.010944 0.024850
v 0.045916 -0.010944 0.045916
v 0.024850 -0.010944 0.059992
v -0.000000 -0.010944 0.064935
v -0.024850 -0.010944 0.059992
v -0.045916 -0.010944 0.045916
v -0.059992 -0.010944 0.024850
v -0.064935 -0.010944 0.000000
v -0.059992 -0.010944 -0.024850
v -0.045916 -0.010944 -0.045916
v -0.024850 -0.010944 -0.059992
v 0.184784 0.012308 -0.446107
v 0.341436 0.012308 -0.341436
v 0.446107 0.012308 -0.184784
v 0.482863 0.012308 0.000000
v 0.446107 0.012308 0.184784
v 0.341436 0.012308 0.341436
v 0.184784 0.012308 0.446107
v -0.000000 0.012308 0.482863
v -0.184784 0.012308 0.446107
v -0.341436 0.012308 0.341436
v -0.446107 0.012308 0.184784
v -0.482863 0.012308 0.000000
v -0.446107 0.012308 -0.184784
v -0.341436 0.012308 -0.341436
v -0.184784 0.012308 -0.446107
v -0.000000 -0.010531 -0.410956
v 0.085931 -0.001080 -0.432003
v 0.244710 -0.001080 -0.366234
v 0.366234 -0.001080 -0.244710
v 0.432003 -0.001080 -0.085931
v 0.432003 -0.001080 0.085931
v 0.366234 -0.001080 0.244710
v 0.244710 -0.001080 0.366234
v 0.085931 -0.001080 0.432003
v -0.085931 -0.001080 0.432003
v -0.244710 -0.001080 0.366234
v -0.366234 -0.001080 0.244710
v -0.432003 -0.001080 0.085931
v -0.432003 -0.001080 -0.085931
v -0.366234 -0.001080 -0.244710
v -0.244710 -0.001080 -0.366234
v -0.085931 -0.001080 -0.432003
v 0.157266 -0.010531 -0.379674
v 0.290590 -0.010531 -0.290590
v 0.379674 -0.010531 -0.157266
v 0.410956 -0.010531 0.000000
v 0.379674 -0.010531 0.157266
v 0.290590 -0.010531 0.290590
v 0.157266 -0.010531 0.379674
v -0.000000 -0.010531 0.410956
v -0.157266 -0.010531 0.379674
v -0.290590 -0.010531 0.290590
v -0.379674 -0.010531 0.157266
v -0.410956 -0.010531 0.000000
v -0.379674 -0.010531 -0.157266
v -0.290590 -0.010531 -0.290590
v -0.157266 -0.010531 -0.379674
v -0.000000 -0.030385 -0.250774
v -0.069777 -0.019194 -0.350795
v -0.198709 -0.019194 -0.297389
v -0.297390 -0.019194 -0.198709
v -0.350795 -0.019194 -0.069777
v -0.350795 -0.019194 0.069777
v -0.297389 -0.019194 0.198709
v -0.198709 -0.019194 0.297389
v -0.069777 -0.019194 0.350795
v 0.069777 -0.019194 0.350795
v 0.198709 -0.019194 0.297389
v 0.297389 -0.019194 0.198709
v 0.350795 -0.019194 0.069777
v 0.350795 -0.019194 -0.069777
v 0.297389 -0.019194 -0.198709
v 0.198709 -0.019194 -0.297389
v 0.069777 -0.019194 -0.350795
v -0.108653 0.038014 -0.546237
v -0.463078 0.038014 0.309419
v 0.463078 0.038014 0.309419
v -0.546237 0.038014 -0.108653
v 0.108653 0.038014 -0.546237
v 0.108653 0.038014 0.546237
v 0.463078 0.038014 -0.309419
v -0.309419 0.038014 -0.463078
v -0.309419 0.038014 0.463078
v 0.546237 0.038014 0.108653
v -0.546237 0.038014 0.108653
v 0.309419 0.038014 0.463078
v 0.309419 0.038014 -0.463078
v -0.000000 -0.011079 0.000000
v -0.463078 0.038014 -0.309419
v -0.108653 0.038014 0.546237
v 0.546237 0.038014 -0.108653
v 0.106776 0.031609 -0.536797
v 0.304071 0.031609 -0.455074
v 0.455074 0.031608 -0.304071
v 0.536797 0.031609 -0.106776
v 0.536797 0.031609 0.106776
v 0.455074 0.031609 0.304071
v 0.304071 0.031608 0.455074
v 0.106776 0.031609 0.536797
v -0.106776 0.031609 0.536797
v -0.304071 0.031608 0.455074
v -0.455074 0.031609 0.304071
v -0.536797 0.031609 0.106776
v -0.536797 0.031609 -0.106776
v -0.455074 0.031608 -0.304071
v -0.304071 0.031609 -0.455074
v -0.106776 0.031609 -0.536797
v -0.094196 0.012308 -0.473555
v 0.107686 0.041620 -0.541374
v 0.306664 0.041620 -0.458955
v 0.458955 0.041620 -0.306664
v 0.541374 0.041620 -0.107686
v 0.541374 0.041620 0.107686
v 0.458955 0.041620 0.306664
v 0.306664 0.041620 0.458955
v 0.107686 0.041620 0.541374
v -0.107686 0.041620 0.541374
v -0.306664 0.041620 0.458955
v -0.458955 0.041620 0.306664
v -0.541374 0.041620 0.107686
v -0.541374 0.041620 -0.107686
v -0.458955 0.041620 -0.306664
v -0.306664 0.041620 -0.458955
v -0.107686 0.041620 -0.541374
v 0.267601 0.038083 0.400494
v 0.278626 0.039667 0.416994
v 0.267601 0.038083 -0.400494
v -0.416994 0.039667 0.278626
v -0.267601 0.038083 -0.400494
v -0.278626 0.039667 -0.416994
v -0.096082 0.037174 -0.483038
v -0.409500 0.037174 -0.273619
v -0.483038 0.037174 0.096082
v -0.273619 0.037174 0.409500
v 0.096082 0.037174 0.483038
v 0.409500 0.037174 0.273619
v 0.483038 0.037174 -0.096082
v 0.273619 0.037174 -0.409499
v 0.096082 0.037174 -0.483038
v -0.472415 0.038083 0.093969
v 0.400494 0.038083 -0.267601
v -0.491878 0.039667 0.097841
v 0.416994 0.039667 -0.278626
v -0.093969 0.038083 -0.472415
v -0.400494 0.038083 0.267601
v -0.097841 0.039667 -0.491878
v 0.278626 0.039667 -0.416994
v 0.400494 0.038083 0.267601
v 0.416994 0.039667 0.278626
v -0.273619 0.037174 -0.409500
v -0.483038 0.037174 -0.096082
v -0.409500 0.037174 0.273619
v -0.096082 0.037174 0.483038
v 0.273619 0.037174 0.409500
v 0.483038 0.037174 0.096082
v 0.409500 0.037174 -0.273619
v -0.267601 0.038083 0.400494
v 0.093969 0.038083 -0.472415
v -0.278626 0.039667 0.416994
v -0.400494 0.038083 -0.267601
v 0.472415 0.038083 0.093969
v 0.097841 0.039667 -0.491878
v -0.416994 0.039667 -0.278626
v 0.491878 0.039667 0.097841
v -0.093969 0.038083 0.472415
v -0.097841 0.039667 0.491878
v -0.472415 0.038083 -0.093969
v 0.472415 0.038083 -0.093969
v -0.491878 0.039667 -0.097841
v 0.491878 0.039667 -0.097841
v 0.093969 0.038083 0.472415
v 0.097841 0.039667 0.491878
v 0.080605 0.030031 -0.405229
v 0.291603 0.041686 -0.436415
v 0.102397 0.041686 -0.514787
v 0.229544 0.030031 -0.343537
v -0.080605 0.030031 -0.405229
v -0.102397 0.041686 -0.514787
v 0.436415 0.041686 -0.291603
v 0.343537 0.030031 -0.229544
v 0.514787 0.041686 -0.102397
v 0.405229 0.030031 -0.080605
v 0.514787 0.041686 0.102397
v 0.405229 0.030031 0.080605
v 0.436415 0.041686 0.291603
v 0.343537 0.030031 0.229544
v 0.291603 0.041686 0.436415
v 0.229544 0.030031 0.343537
v 0.102397 0.041686 0.514787
v 0.080605 0.030031 0.405229
v -0.102397 0.041686 0.514787
v -0.080605 0.030031 0.405229
v -0.291603 0.041686 0.436415
v -0.229544 0.030031 0.343537
v -0.436415 0.041686 0.291603
v -0.343537 0.030031 0.229544
v -0.514787 0.041686 0.102397
v -0.405229 0.030031 0.080605
v -0.514787 0.041686 -0.102397
v -0.405229 0.030031 -0.080605
v -0.436415 0.041686 -0.291603
v -0.343537 0.030031 -0.229544
v -0.291603 0.041686 -0.436415
v -0.229544 0.030031 -0.343537
v 0.014676 -0.044045 -0.073783
v 0.041795 -0.044045 -0.062550
v 0.062550 -0.044045 -0.041795
v 0.073783 -0.044045 -0.014676
v 0.073783 -0.044045 0.014676
v 0.062550 -0.044045 0.041795
v 0.041795 -0.044045 0.062550
v 0.014676 -0.044045 0.073783
v -0.014676 -0.044045 0.073783
v -0.041795 -0.044045 0.062550
v -0.062550 -0.044045 0.041795
v -0.073783 -0.044045 0.014676
v -0.073783 -0.044045 -0.014676
v -0.062550 -0.044045 -0.041795
v -0.041795 -0.044045 -0.062550
v -0.014676 -0.044045 -0.073783
v -0.268247 0.012308 -0.401460
v -0.401460 0.012308 -0.268247
v -0.473555 0.012308 -0.094196
v -0.473555 0.012308 0.094196
v -0.401460 0.012308 0.268247
v -0.268247 0.012308 0.401460
v -0.094196 0.012308 0.473555
v 0.094196 0.012308 0.473555
v 0.268247 0.012308 0.401460
v 0.401460 0.012308 0.268247
v 0.473555 0.012308 0.094196
v 0.473555 0.012308 -0.094196
v 0.401460 0.012308 -0.268247
v 0.268247 0.012308 -0.401460
v 0.094196 0.012308 -0.473555
v 0.051919 0.008343 -0.261015
v 0.147853 0.008343 -0.221278
v 0.221278 0.008343 -0.147853
v 0.261015 0.008343 -0.051919
v 0.261015 0.008343 0.051919
v 0.221278 0.008343 0.147853
v 0.147853 0.008343 0.221278
v 0.051919 0.008343 0.261015
v -0.051919 0.008343 0.261015
v -0.147853 0.008343 0.221278
v -0.221278 0.008343 0.147853
v -0.261015 0.008343 0.051919
v -0.261015 0.008343 -0.051919
v -0.221278 0.008343 -0.147853
v -0.147853 0.008343 -0.221278
v -0.051919 0.008343 -0.261015
v 0.028550 -0.007317 -0.143530
v 0.081303 -0.007317 -0.121679
v 0.121679 -0.007317 -0.081303
v 0.143530 -0.007317 -0.028550
v 0.143530 -0.007317 0.028550
v 0.121679 -0.007317 0.081303
v 0.081303 -0.007317 0.121679
v 0.028550 -0.007317 0.143530
v -0.028550 -0.007317 0.143530
v -0.081303 -0.007317 0.121679
v -0.121679 -0.007317 0.081303
v -0.143530 -0.007317 0.028550
v -0.143530 -0.007317 -0.028550
v -0.121679 -0.007317 -0.081303
v -0.081303 -0.007317 -0.121679
v -0.028550 -0.007317 -0.143530
v 0.012543 -0.010944 -0.063060
v 0.035720 -0.010944 -0.053459
v 0.053459 -0.010944 -0.035720
v 0.063060 -0.010944 -0.012543
v 0.063060 -0.010944 0.012543
v 0.053459 -0.010944 0.035720
v 0.035720 -0.010944 0.053459
v 0.012543 -0.010944 0.063060
v -0.012543 -0.010944 0.063060
v -0.035720 -0.010944 0.053459
v -0.053459 -0.010944 0.035720
v -0.063060 -0.010944 0.012543
v -0.063060 -0.010944 -0.012543
v -0.053459 -0.010944 -0.035720
v -0.035720 -0.010944 -0.053459
v -0.012543 -0.010944 -0.063060
v 0.080168 -0.010531 -0.403034
v 0.228300 -0.010531 -0.341676
v 0.341676 -0.010531 -0.228300
v 0.403034 -0.010531 -0.080168
v 0.403034 -0.010531 0.080168
v 0.341676 -0.010531 0.228300
v 0.228300 -0.010531 0.341676
v 0.080168 -0.010531 0.403034
v -0.080168 -0.010531 0.403034
v -0.228300 -0.010531 0.341676
v -0.341676 -0.010531 0.228300
v -0.403034 -0.010531 0.080168
v -0.403034 -0.010531 -0.080168
v -0.341676 -0.010531 -0.228300
v -0.228300 -0.010531 -0.341676
v -0.080168 -0.010531 -0.403034
v -0.048944 -0.030385 -0.246056
v -0.139380 -0.030385 -0.208596
v -0.208596 -0.030385 -0.139380
v -0.246056 -0.030385 -0.048944
v -0.246056 -0.030385 0.048944
v -0.208596 -0.030385 0.139380
v -0.139380 -0.030385 0.208596
v -0.048944 -0.030385 0.246056
v 0.048944 -0.030385 0.246056
v 0.139380 -0.030385 0.208596
v 0.208596 -0.030385 0.139380
v 0.246056 -0.030385 0.048944
v 0.246056 -0.030385 -0.048944
v 0.208596 -0.030385 -0.139380
v 0.139380 -0.030385 -0.208596
v 0.048944 -0.030385 -0.246056
vn -0.2614 0.7303 -0.6311
vn -0.1333 0.7304 -0.6699
vn -0.1940 -0.1036 -0.9755
vn -0.3806 -0.1035 -0.9189
vn -0.0000 0.7303 -0.6831
vn -0.0000 -0.1035 -0.9946
vn -0.0000 -0.7567 -0.6537
vn -0.1275 -0.7568 -0.6411
vn -0.2502 -0.7567 -0.6040
vn -0.4831 0.7303 0.4831
vn -0.5679 0.7304 0.3795
vn -0.8270 -0.1035 0.5526
vn -0.7033 -0.1035 0.7033
vn -0.6311 0.7303 0.2614
vn -0.9189 -0.1035 0.3806
vn -0.6040 -0.7567 0.2502
vn -0.5435 -0.7568 0.3632
vn -0.4623 -0.7567 0.4623
vn 0.6312 0.7303 0.2614
vn 0.5680 0.7304 0.3795
vn 0.8270 -0.1036 0.5526
vn 0.9189 -0.1035 0.3806
vn 0.4831 0.7303 0.4831
vn 0.7033 -0.1035 0.7033
vn 0.4623 -0.7567 0.4623
vn 0.5435 -0.7568 0.3632
vn 0.6040 -0.7567 0.2502
vn -0.6831 0.7303 -0.0000
vn -0.6699 0.7304 -0.1333
vn -0.9755 -0.1035 -0.1940
vn -0.9946 -0.1035 -0.0000
vn -0.6311 0.7303 -0.2614
vn -0.9189 -0.1035 -0.3806
vn -0.6040 -0.7567 -0.2502
vn -0.6411 -0.7568 -0.1275
vn -0.6537 -0.7567 -0.0000
vn 0.1333 0.7304 -0.6699
vn 0.1940 -0.1035 -0.9755
vn 0.2614 0.7303 -0.6311
vn 0.3806 -0.1035 -0.9189
vn 0.2502 -0.7567 -0.6040
vn 0.1275 -0.7568 -0.6411
vn 0.2614 0.7303 0.6311
vn 0.1333 0.7304 0.6699
vn 0.1940 -0.1036 0.9755
vn 0.3806 -0.1035 0.9189
vn -0.0000 0.7303 0.6831
vn -0.0000 -0.1035 0.9946
vn -0.0000 -0.7567 0.6537
vn 0.1275 -0.7568 0.6411
vn 0.2502 -0.7567 0.6040
vn 0.4831 0.7303 -0.4831
vn 0.5679 0.7304 -0.3795
vn 0.8270 -0.1036 -0.5526
vn 0.7033 -0.1035 -0.7033
vn 0.6311 0.7303 -0.2614
vn 0.9189 -0.1035 -0.3806
vn 0.6040 -0.7567 -0.2502
vn 0.5435 -0.7568 -0.3632
vn 0.4623 -0.7567 -0.4623
vn -0.4831 0.7303 -0.4831
vn -0.3795 0.7304 -0.5679
vn -0.5526 -0.1035 -0.8270
vn -0.7033 -0.1035 -0.7033
vn -0.3632 -0.7568 -0.5435
vn -0.4623 -0.7567 -0.4623
vn -0.2614 0.7303 0.6311
vn -0.3795 0.7304 0.5679
vn -0.5526 -0.1035 0.8270
vn -0.3806 -0.1035 0.9189
vn -0.3632 -0.7568 0.5435
vn -0.2502 -0.7567 0.6040
vn 0.6831 0.7303 -0.0000
vn 0.6699 0.7304 0.1333
vn 0.9755 -0.1035 0.1940
vn 0.9946 -0.1035 -0.0000
vn 0.6411 -0.7567 0.1275
vn 0.6537 -0.7567 -0.0000
vn -0.6699 0.7304 0.1333
vn -0.9755 -0.1036 0.1940
vn -0.6411 -0.7568 0.1275
vn 0.3795 0.7304 0.5679
vn 0.5526 -0.1035 0.8270
vn 0.3632 -0.7568 0.5435
vn 0.3795 0.7304 -0.5679
vn 0.5526 -0.1035 -0.8270
vn 0.3632 -0.7568 -0.5435
vn -0.0012 1.0000 0.0030
vn -0.0002 1.0000 0.0012
vn -0.0000 1.0000 -0.0000
vn -0.0007 1.0000 0.0010
vn -0.0000 1.0000 0.0033
vn 0.0002 1.0000 0.0012
vn 0.0012 1.0000 0.0030
vn 0.0007 1.0000 0.0010
vn 0.0023 1.0000 0.0023
vn 0.0010 1.0000 0.0007
vn 0.0030 1.0000 0.0012
vn 0.0012 1.0000 0.0002
vn 0.0033 1.0000 -0.0000
vn 0.0012 1.0000 -0.0002
vn 0.0030 1.0000 -0.0012
vn 0.0010 1.0000 -0.0007
vn 0.0023 1.0000 -0.0023
vn 0.0007 1.0000 -0.0010
vn 0.0012 1.0000 -0.0030
vn 0.0002 1.0000 -0.0012
vn -0.0000 1.0000 -0.0033
vn -0.0002 1.0000 -0.0012
vn -0.0012 1.0000 -0.0030
vn -0.0007 1.0000 -0.0010
vn -0.0023 1.0000 -0.0023
vn -0.0010 1.0000 -0.0007
vn -0.0030 1.0000 -0.0012
vn -0.0012 1.0000 -0.0002
vn -0.0033 1.0000 -0.0000
vn -0.0012 1.0000 0.0002
vn -0.0030 1.0000 0.0012
vn -0.0010 1.0000 0.0007
vn -0.0023 1.0000 0.0023
vn -0.5679 0.7304 -0.3795
vn -0.8270 -0.1035 -0.5526
vn -0.5435 -0.7568 -0.3632
vn -0.1333 0.7304 0.6699
vn -0.1940 -0.1035 0.9755
vn -0.1275 -0.7568 0.6411
vn 0.6699 0.7304 -0.1333
vn 0.9755 -0.1036 -0.1940
vn 0.6411 -0.7568 -0.1275
vn -0.0000 -0.9578 -0.2873
vn -0.0000 -0.9374 -0.3481
vn 0.0679 -0.9374 -0.3414
vn 0.0561 -0.9578 -0.2818
vn 0.1332 -0.9374 -0.3216
vn 0.1100 -0.9578 -0.2655
vn 0.1934 -0.9374 -0.2895
vn 0.1596 -0.9578 -0.2389
vn 0.2462 -0.9374 -0.2462
vn 0.2032 -0.9578 -0.2032
vn 0.2895 -0.9374 -0.1934
vn 0.2389 -0.9578 -0.1596
vn 0.3216 -0.9374 -0.1332
vn 0.2655 -0.9578 -0.1100
vn 0.3414 -0.9374 -0.0679
vn 0.2818 -0.9578 -0.0561
vn 0.3481 -0.9374 -0.0000
vn 0.2873 -0.9578 -0.0000
vn 0.3414 -0.9374 0.0679
vn 0.2818 -0.9578 0.0561
vn 0.3216 -0.9374 0.1332
vn 0.2655 -0.9578 0.1100
vn 0.2895 -0.9374 0.1934
vn 0.2389 -0.9578 0.1596
vn 0.2462 -0.9374 0.2462
vn 0.2032 -0.9578 0.2032
vn 0.1934 -0.9374 0.2895
vn 0.1596 -0.9578 0.2389
vn 0.1332 -0.9374 0.3216
vn 0.1100 -0.9578 0.2655
vn 0.0679 -0.9374 0.3414
vn 0.0561 -0.9578 0.2818
vn -0.0000 -0.9374 0.3481
vn -0.0000 -0.9578 0.2873
vn -0.0679 -0.9374 0.3414
vn -0.0561 -0.9578 0.2818
vn -0.1332 -0.9374 0.3216
vn -0.1100 -0.9578 0.2655
vn -0.1934 -0.9374 0.2895
vn -0.1596 -0.9578 0.2389
vn -0.2462 -0.9374 0.2462
vn -0.2032 -0.9578 0.2032
vn -0.2895 -0.9374 0.1934
vn -0.2389 -0.9578 0.1596
vn -0.3216 -0.9374 0.1332
vn -0.2655 -0.9578 0.1100
vn -0.3414 -0.9374 0.0679
vn -0.2818 -0.9578 0.0561
vn -0.3481 -0.9374 -0.0000
vn -0.2873 -0.9578 -0.0000
vn -0.3414 -0.9374 -0.0679
vn -0.2818 -0.9578 -0.0561
vn -0.3216 -0.9374 -0.1332
vn -0.2655 -0.9578 -0.1100
vn -0.2895 -0.9374 -0.1934
vn -0.2389 -0.9578 -0.1596
vn -0.2462 -0.9374 -0.2462
vn -0.2032 -0.9578 -0.2032
vn -0.1934 -0.9374 -0.2895
vn -0.1596 -0.9578 -0.2389
vn -0.1332 -0.9374 -0.3216
vn -0.1100 -0.9578 -0.2655
vn -0.0679 -0.9374 -0.3414
vn -0.0561 -0.9578 -0.2818
vn -0.1159 -0.9530 -0.2799
vn -0.1121 -0.9561 -0.2707
vn -0.0572 -0.9561 -0.2874
vn -0.0591 -0.9530 -0.2971
vn -0.0000 -0.9561 -0.2930
vn -0.0000 -0.9530 -0.3029
vn -0.0000 1.0000 -0.0058
vn 0.0011 1.0000 -0.0057
vn 0.0285 0.9893 -0.1433
vn -0.0000 0.9893 -0.1462
vn 0.0022 1.0000 -0.0054
vn 0.0559 0.9893 -0.1351
vn 0.0032 1.0000 -0.0048
vn 0.0812 0.9893 -0.1215
vn 0.0041 1.0000 -0.0041
vn 0.1034 0.9893 -0.1034
vn 0.0048 1.0000 -0.0032
vn 0.1215 0.9893 -0.0812
vn 0.0054 1.0000 -0.0022
vn 0.1351 0.9893 -0.0559
vn 0.0057 1.0000 -0.0011
vn 0.1433 0.9893 -0.0285
vn 0.0058 1.0000 -0.0000
vn 0.1462 0.9893 -0.0000
vn 0.0057 1.0000 0.0011
vn 0.1433 0.9893 0.0285
vn 0.0054 1.0000 0.0022
vn 0.1351 0.9893 0.0559
vn 0.0048 1.0000 0.0032
vn 0.1215 0.9893 0.0812
vn 0.0041 1.0000 0.0041
vn 0.1034 0.9893 0.1034
vn 0.0032 1.0000 0.0048
vn 0.0812 0.9893 0.1215
vn 0.0022 1.0000 0.0054
vn 0.0559 0.9893 0.1351
vn 0.0011 1.0000 0.0057
vn 0.0285 0.9893 0.1433
vn -0.0000 1.0000 0.0058
vn -0.0000 0.9893 0.1462
vn -0.0011 1.0000 0.0057
vn -0.0285 0.9893 0.1433
vn -0.0022 1.0000 0.0054
vn -0.0559 0.9893 0.1351
vn -0.0032 1.0000 0.0048
vn -0.0812 0.9893 0.1215
vn -0.0041 1.0000 0.0041
vn -0.1034 0.9893 0.1034
vn -0.0048 1.0000 0.0032
vn -0.1215 0.9893 0.0812
vn -0.0054 1.0000 0.0022
vn -0.1351 0.9893 0.0559
vn -0.0057 1.0000 0.0011
vn -0.1433 0.9893 0.0285
vn -0.0058 1.0000 -0.0000
vn -0.1462 0.9893 -0.0000
vn -0.0057 1.0000 -0.0011
vn -0.1433 0.9893 -0.0285
vn -0.0054 1.0000 -0.0022
vn -0.1351 0.9893 -0.0559
vn -0.0048 1.0000 -0.0032
vn -0.1215 0.9893 -0.0812
vn -0.0041 1.0000 -0.0041
vn -0.1034 0.9893 -0.1034
vn -0.0032 1.0000 -0.0048
vn -0.0812 0.9893 -0.1215
vn -0.0022 1.0000 -0.0054
vn -0.0559 0.9893 -0.1351
vn -0.0011 1.0000 -0.0057
vn -0.0285 0.9893 -0.1433
vn -0.0728 0.9947 -0.0728
vn -0.0572 0.9947 -0.0856
vn 0.0245 0.9990 0.0367
vn 0.0312 0.9990 0.0312
vn -0.0394 0.9947 -0.0951
vn 0.0169 0.9990 0.0408
vn 0.0310 0.9967 0.0750
vn 0.0451 0.9967 0.0675
vn 0.0574 0.9967 0.0574
vn -0.0419 0.9940 -0.1012
vn -0.0609 0.9940 -0.0911
vn -0.1655 0.9546 -0.2477
vn -0.1140 0.9546 -0.2751
vn -0.0774 0.9940 -0.0774
vn -0.2106 0.9546 -0.2106
vn -0.2117 0.9541 -0.2117
vn -0.1663 0.9541 -0.2489
vn -0.1146 0.9541 -0.2766
vn -0.0394 0.9947 0.0951
vn -0.0572 0.9947 0.0856
vn 0.0245 0.9990 -0.0367
vn 0.0169 0.9990 -0.0408
vn -0.0728 0.9947 0.0728
vn 0.0312 0.9990 -0.0312
vn 0.0574 0.9967 -0.0574
vn 0.0451 0.9967 -0.0675
vn 0.0310 0.9967 -0.0750
vn 0.1012 0.9940 -0.0419
vn 0.0911 0.9940 -0.0609
vn 0.2477 0.9546 -0.1655
vn 0.2751 0.9546 -0.1140
vn 0.0774 0.9940 -0.0774
vn 0.2106 0.9546 -0.2106
vn 0.2117 0.9541 -0.2117
vn 0.2489 0.9541 -0.1663
vn 0.2766 0.9541 -0.1146
vn 0.0728 0.9947 0.0728
vn 0.0572 0.9947 0.0856
vn -0.0245 0.9990 -0.0367
vn -0.0312 0.9990 -0.0312
vn 0.0394 0.9947 0.0951
vn -0.0169 0.9990 -0.0408
vn -0.0310 0.9967 -0.0750
vn -0.0451 0.9967 -0.0675
vn -0.0574 0.9967 -0.0574
vn 0.0419 0.9940 0.1012
vn 0.0609 0.9940 0.0911
vn 0.1655 0.9546 0.2477
vn 0.1140 0.9546 0.2751
vn 0.0774 0.9940 0.0774
vn 0.2106 0.9546 0.2106
vn 0.2117 0.9541 0.2117
vn 0.1663 0.9541 0.2489
vn 0.1146 0.9541 0.2766
vn -0.0000 0.9541 0.2994
vn 0.0584 0.9541 0.2936
vn 0.0152 0.9970 0.0764
vn -0.0000 0.9970 0.0780
vn 0.0298 0.9970 0.0720
vn -0.0158 0.9967 -0.0796
vn -0.0000 0.9967 -0.0811
vn 0.2489 0.9541 0.1663
vn 0.0648 0.9970 0.0433
vn 0.0551 0.9970 0.0551
vn 0.2766 0.9541 0.1146
vn 0.0720 0.9970 0.0298
vn -0.0750 0.9967 -0.0310
vn -0.0675 0.9967 -0.0451
vn 0.2994 0.9541 -0.0000
vn 0.2936 0.9541 -0.0584
vn 0.0764 0.9970 -0.0152
vn 0.0780 0.9970 -0.0000
vn 0.0720 0.9970 -0.0298
vn -0.0750 0.9967 0.0310
vn -0.0796 0.9967 0.0158
vn -0.0811 0.9967 -0.0000
vn 0.1663 0.9541 -0.2489
vn 0.0433 0.9970 -0.0648
vn 0.0551 0.9970 -0.0551
vn 0.1146 0.9541 -0.2766
vn 0.0298 0.9970 -0.0720
vn -0.0310 0.9967 0.0750
vn -0.0451 0.9967 0.0675
vn -0.0574 0.9967 0.0574
vn -0.0000 0.9541 -0.2994
vn -0.0584 0.9541 -0.2936
vn -0.0152 0.9970 -0.0764
vn -0.0000 0.9970 -0.0780
vn -0.0298 0.9970 -0.0720
vn 0.0158 0.9967 0.0796
vn -0.0000 0.9967 0.0811
vn -0.2489 0.9541 -0.1663
vn -0.0648 0.9970 -0.0433
vn -0.0551 0.9970 -0.0551
vn -0.2766 0.9541 -0.1146
vn -0.0720 0.9970 -0.0298
vn 0.0750 0.9967 0.0310
vn 0.0675 0.9967 0.0451
vn -0.2994 0.9541 -0.0000
vn -0.2936 0.9541 0.0584
vn -0.0764 0.9970 0.0152
vn -0.0780 0.9970 -0.0000
vn -0.2766 0.9541 0.1146
vn -0.0720 0.9970 0.0298
vn 0.0750 0.9967 -0.0310
vn 0.0796 0.9967 -0.0158
vn 0.0811 0.9967 -0.0000
vn -0.2117 0.9541 0.2117
vn -0.1663 0.9541 0.2489
vn -0.0433 0.9970 0.0648
vn -0.0551 0.9970 0.0551
vn -0.1146 0.9541 0.2766
vn -0.0298 0.9970 0.0720
vn -0.0584 0.9541 0.2936
vn -0.0152 0.9970 0.0764
vn 0.0158 0.9967 -0.0796
vn 0.0951 0.9947 -0.0394
vn 0.1010 0.9947 -0.0201
vn -0.0433 0.9990 0.0086
vn -0.0408 0.9990 0.0169
vn 0.1030 0.9947 -0.0000
vn -0.0442 0.9990 -0.0000
vn -0.0856 0.9947 0.0572
vn 0.0367 0.9990 -0.0245
vn -0.0951 0.9947 0.0394
vn 0.0408 0.9990 -0.0169
vn 0.0675 0.9967 -0.0451
vn 0.1095 0.9940 -0.0000
vn 0.1074 0.9940 -0.0214
vn 0.2922 0.9546 -0.0581
vn 0.2978 0.9546 -0.0000
vn -0.1012 0.9940 0.0419
vn -0.0911 0.9940 0.0609
vn -0.2477 0.9546 0.1655
vn -0.2751 0.9546 0.1140
vn -0.0774 0.9940 0.0774
vn -0.2106 0.9546 0.2106
vn -0.2489 0.9541 0.1663
vn 0.0201 0.9947 0.1010
vn -0.0086 0.9990 -0.0433
vn -0.0000 0.9947 0.1030
vn -0.0000 0.9990 -0.0442
vn 0.0728 0.9947 -0.0728
vn 0.0856 0.9947 -0.0572
vn -0.0367 0.9990 0.0245
vn -0.0312 0.9990 0.0312
vn -0.0675 0.9967 0.0451
vn -0.0000 0.9940 0.1095
vn 0.0214 0.9940 0.1074
vn 0.0581 0.9546 0.2922
vn -0.0000 0.9546 0.2978
vn -0.0609 0.9940 0.0911
vn -0.1655 0.9546 0.2477
vn -0.0419 0.9940 0.1012
vn -0.1140 0.9546 0.2751
vn -0.0951 0.9947 -0.0394
vn -0.0856 0.9947 -0.0572
vn 0.0367 0.9990 0.0245
vn 0.0408 0.9990 0.0169
vn -0.0911 0.9940 -0.0609
vn -0.2477 0.9546 -0.1655
vn -0.1012 0.9940 -0.0419
vn -0.2751 0.9546 -0.1140
vn 0.0433 0.9970 0.0648
vn 0.2936 0.9541 0.0584
vn 0.0764 0.9970 0.0152
vn -0.0796 0.9967 -0.0158
vn 0.0648 0.9970 -0.0433
vn 0.0584 0.9541 -0.2936
vn 0.0152 0.9970 -0.0764
vn -0.0158 0.9967 0.0796
vn -0.0433 0.9970 -0.0648
vn -0.2936 0.9541 -0.0584
vn -0.0764 0.9970 -0.0152
vn 0.0796 0.9967 0.0158
vn -0.0648 0.9970 0.0433
vn 0.0394 0.9947 -0.0951
vn 0.0572 0.9947 -0.0856
vn -0.0245 0.9990 0.0367
vn -0.0169 0.9990 0.0408
vn -0.0201 0.9947 0.1010
vn 0.0086 0.9990 -0.0433
vn 0.0609 0.9940 -0.0911
vn 0.1655 0.9546 -0.2477
vn 0.0419 0.9940 -0.1012
vn 0.1140 0.9546 -0.2751
vn 0.0951 0.9947 0.0394
vn 0.0856 0.9947 0.0572
vn -0.0367 0.9990 -0.0245
vn -0.0408 0.9990 -0.0169
vn -0.1030 0.9947 -0.0000
vn -0.1010 0.9947 -0.0201
vn 0.0433 0.9990 0.0086
vn 0.0442 0.9990 -0.0000
vn -0.0214 0.9940 0.1074
vn -0.0581 0.9546 0.2922
vn 0.0911 0.9940 0.0609
vn 0.2477 0.9546 0.1655
vn 0.1012 0.9940 0.0419
vn 0.2751 0.9546 0.1140
vn -0.1074 0.9940 -0.0214
vn -0.2922 0.9546 -0.0581
vn -0.1095 0.9940 -0.0000
vn -0.2978 0.9546 -0.0000
vn -0.0000 0.9947 -0.1030
vn 0.0201 0.9947 -0.1010
vn -0.0086 0.9990 0.0433
vn -0.0000 0.9990 0.0442
vn 0.0214 0.9940 -0.1074
vn 0.0581 0.9546 -0.2922
vn -0.0000 0.9940 -0.1095
vn -0.0000 0.9546 -0.2978
vn 0.1010 0.9947 0.0201
vn -0.0433 0.9990 -0.0086
vn -0.1010 0.9947 0.0201
vn 0.0433 0.9990 -0.0086
vn 0.1074 0.9940 0.0214
vn 0.2922 0.9546 0.0581
vn -0.1074 0.9940 0.0214
vn -0.2922 0.9546 0.0581
vn -0.0201 0.9947 -0.1010
vn 0.0086 0.9990 0.0433
vn -0.0214 0.9940 -0.1074
vn -0.0581 0.9546 -0.2922
vn -0.0000 0.9893 0.1458
vn -0.0285 0.9893 0.1430
vn -0.0271 0.9903 0.1363
vn -0.0000 0.9903 0.1389
vn -0.0558 0.9893 0.1347
vn -0.0532 0.9903 0.1283
vn -0.0113 0.9998 0.0169
vn -0.0078 0.9998 0.0188
vn -0.0144 0.9998 0.0144
vn -0.0040 0.9998 0.0200
vn -0.0000 0.9998 0.0204
vn -0.0810 0.9893 0.1213
vn -0.0772 0.9903 0.1155
vn -0.1031 0.9893 0.1031
vn -0.0982 0.9903 0.0982
vn 0.0558 0.9893 0.1347
vn 0.0285 0.9893 0.1430
vn 0.0271 0.9903 0.1363
vn 0.0532 0.9903 0.1283
vn 0.0040 0.9998 0.0200
vn 0.0078 0.9998 0.0188
vn -0.0169 0.9998 0.0113
vn -0.0188 0.9998 0.0078
vn -0.1213 0.9893 0.0810
vn -0.1155 0.9903 0.0772
vn -0.1347 0.9893 0.0558
vn -0.1283 0.9903 0.0532
vn -0.0200 0.9998 0.0040
vn -0.0204 0.9998 -0.0000
vn -0.1430 0.9893 0.0285
vn -0.1363 0.9903 0.0271
vn -0.1458 0.9893 -0.0000
vn -0.1389 0.9903 -0.0000
vn -0.0200 0.9998 -0.0040
vn -0.0188 0.9998 -0.0078
vn -0.1430 0.9893 -0.0285
vn -0.1363 0.9903 -0.0271
vn -0.1347 0.9893 -0.0558
vn -0.1283 0.9903 -0.0532
vn -0.0169 0.9998 -0.0113
vn -0.0144 0.9998 -0.0144
vn -0.1213 0.9893 -0.0810
vn -0.1155 0.9903 -0.0772
vn -0.1031 0.9893 -0.1031
vn -0.0982 0.9903 -0.0982
vn -0.0113 0.9998 -0.0169
vn -0.0078 0.9998 -0.0188
vn -0.0810 0.9893 -0.1213
vn -0.0772 0.9903 -0.1155
vn -0.0558 0.9893 -0.1347
vn -0.0532 0.9903 -0.1283
vn -0.0040 0.9998 -0.0200
vn -0.0000 0.9998 -0.0204
vn -0.0285 0.9893 -0.1430
vn -0.0271 0.9903 -0.1363
vn -0.0000 0.9893 -0.1458
vn -0.0000 0.9903 -0.1389
vn 0.0040 0.9998 -0.0200
vn 0.0078 0.9998 -0.0188
vn 0.0285 0.9893 -0.1430
vn 0.0271 0.9903 -0.1363
vn 0.0558 0.9893 -0.1347
vn 0.0532 0.9903 -0.1283
vn 0.0113 0.9998 -0.0169
vn 0.0144 0.9998 -0.0144
vn 0.0810 0.9893 -0.1213
vn 0.0772 0.9903 -0.1155
vn 0.1031 0.9893 -0.1031
vn 0.0982 0.9903 -0.0982
vn 0.0169 0.9998 -0.0113
vn 0.0188 0.9998 -0.0078
vn 0.1213 0.9893 -0.0810
vn 0.1155 0.9903 -0.0772
vn 0.1347 0.9893 -0.0558
vn 0.1283 0.9903 -0.0532
vn 0.0200 0.9998 -0.0040
vn 0.0204 0.9998 -0.0000
vn 0.1430 0.9893 -0.0285
vn 0.1363 0.9903 -0.0271
vn 0.1458 0.9893 -0.0000
vn 0.1389 0.9903 -0.0000
vn 0.0200 0.9998 0.0040
vn 0.0188 0.9998 0.0078
vn 0.1430 0.9893 0.0285
vn 0.1363 0.9903 0.0271
vn 0.1347 0.9893 0.0558
vn 0.1283 0.9903 0.0532
vn 0.0169 0.9998 0.0113
vn 0.0144 0.9998 0.0144
vn 0.1213 0.9893 0.0810
vn 0.1155 0.9903 0.0772
vn 0.1031 0.9893 0.1031
vn 0.0982 0.9903 0.0982
vn 0.0113 0.9998 0.0169
vn 0.0810 0.9893 0.1213
vn 0.0772 0.9903 0.1155
vn -0.0000 -0.9973 -0.0737
vn 0.0143 -0.9973 -0.0717
vn 0.0092 -0.9989 -0.0460
vn -0.0000 -0.9996 -0.0269
vn 0.0282 -0.9973 -0.0681
vn 0.0103 -0.9996 -0.0248
vn -0.0000 -1.0000 -0.0000
vn 0.0406 -0.9973 -0.0608
vn 0.0261 -0.9989 -0.0390
vn 0.0521 -0.9973 -0.0521
vn 0.0190 -0.9996 -0.0190
vn 0.0608 -0.9973 -0.0406
vn 0.0390 -0.9989 -0.0261
vn 0.0681 -0.9973 -0.0282
vn 0.0248 -0.9996 -0.0103
vn 0.0717 -0.9973 -0.0143
vn 0.0460 -0.9989 -0.0092
vn 0.0737 -0.9973 -0.0000
vn 0.0269 -0.9996 -0.0000
vn 0.0717 -0.9973 0.0143
vn 0.0460 -0.9989 0.0092
vn 0.0681 -0.9973 0.0282
vn 0.0248 -0.9996 0.0103
vn 0.0608 -0.9973 0.0406
vn 0.0390 -0.9989 0.0261
vn 0.0521 -0.9973 0.0521
vn 0.0190 -0.9996 0.0190
vn 0.0406 -0.9973 0.0608
vn 0.0261 -0.9989 0.0390
vn 0.0282 -0.9973 0.0681
vn 0.0103 -0.9996 0.0248
vn 0.0143 -0.9973 0.0717
vn 0.0092 -0.9989 0.0460
vn -0.0000 -0.9973 0.0737
vn -0.0000 -0.9996 0.0269
vn -0.0143 -0.9973 0.0717
vn -0.0092 -0.9989 0.0460
vn -0.0282 -0.9973 0.0681
vn -0.0103 -0.9996 0.0248
vn -0.0406 -0.9973 0.0608
vn -0.0261 -0.9989 0.0390
vn -0.0521 -0.9973 0.0521
vn -0.0190 -0.9996 0.0190
vn -0.0608 -0.9973 0.0406
vn -0.0390 -0.9989 0.0261
vn -0.0681 -0.9973 0.0282
vn -0.0248 -0.9996 0.0103
vn -0.0717 -0.9973 0.0143
vn -0.0460 -0.9989 0.0092
vn -0.0737 -0.9973 -0.0000
vn -0.0269 -0.9996 -0.0000
vn -0.0717 -0.9973 -0.0143
vn -0.0460 -0.9989 -0.0092
vn -0.0681 -0.9973 -0.0282
vn -0.0248 -0.9996 -0.0103
vn -0.0608 -0.9973 -0.0406
vn -0.0390 -0.9989 -0.0261
vn -0.0521 -0.9973 -0.0521
vn -0.0190 -0.9996 -0.0190
vn -0.0406 -0.9973 -0.0608
vn -0.0261 -0.9989 -0.0390
vn -0.0282 -0.9973 -0.0681
vn -0.0103 -0.9996 -0.0248
vn -0.0143 -0.9973 -0.0717
vn -0.0092 -0.9989 -0.0460
vn -0.2142 -0.9530 -0.2142
vn -0.2072 -0.9561 -0.2072
vn -0.1628 -0.9561 -0.2436
vn -0.1683 -0.9530 -0.2519
vn -0.2799 -0.9530 -0.1159
vn -0.2707 -0.9561 -0.1121
vn -0.2436 -0.9561 -0.1628
vn -0.2519 -0.9530 -0.1683
vn -0.3029 -0.9530 -0.0000
vn -0.2930 -0.9561 -0.0000
vn -0.2874 -0.9561 -0.0572
vn -0.2971 -0.9530 -0.0591
vn -0.2799 -0.9530 0.1159
vn -0.2707 -0.9561 0.1121
vn -0.2874 -0.9561 0.0572
vn -0.2971 -0.9530 0.0591
vn -0.2142 -0.9530 0.2142
vn -0.2072 -0.9561 0.2072
vn -0.2436 -0.9561 0.1628
vn -0.2519 -0.9530 0.1683
vn -0.1159 -0.9530 0.2799
vn -0.1121 -0.9561 0.2707
vn -0.1628 -0.9561 0.2436
vn -0.1683 -0.9530 0.2519
vn -0.0000 -0.9530 0.3029
vn -0.0000 -0.9561 0.2930
vn -0.0572 -0.9561 0.2874
vn -0.0591 -0.9530 0.2971
vn 0.1159 -0.9530 0.2799
vn 0.1121 -0.9561 0.2707
vn 0.0572 -0.9561 0.2874
vn 0.0591 -0.9530 0.2971
vn 0.2142 -0.9530 0.2142
vn 0.2072 -0.9561 0.2072
vn 0.1628 -0.9561 0.2436
vn 0.1683 -0.9530 0.2519
vn 0.2799 -0.9530 0.1159
vn 0.2707 -0.9561 0.1121
vn 0.2436 -0.9561 0.1628
vn 0.2519 -0.9530 0.1683
vn 0.3029 -0.9530 -0.0000
vn 0.2930 -0.9561 -0.0000
vn 0.2874 -0.9561 0.0572
vn 0.2971 -0.9530 0.0591
vn 0.2799 -0.9530 -0.1159
vn 0.2707 -0.9561 -0.1121
vn 0.2874 -0.9561 -0.0572
vn 0.2971 -0.9530 -0.0591
vn 0.2142 -0.9530 -0.2142
vn 0.2072 -0.9561 -0.2072
vn 0.2436 -0.9561 -0.1628
vn 0.2519 -0.9530 -0.1683
vn 0.1159 -0.9530 -0.2799
vn 0.1121 -0.9561 -0.2707
vn 0.1628 -0.9561 -0.2436
vn 0.1683 -0.9530 -0.2519
vn 0.0572 -0.9561 -0.2874
vn 0.0591 -0.9530 -0.2971
vn -0.0000 0.9917 0.1284
vn -0.0251 0.9917 0.1260
vn -0.0280 0.9897 0.1406
vn -0.0000 0.9897 0.1434
vn -0.0491 0.9917 0.1186
vn -0.0549 0.9897 0.1324
vn -0.0713 0.9917 0.1068
vn -0.0796 0.9897 0.1192
vn -0.0908 0.9917 0.0908
vn -0.1014 0.9897 0.1014
vn -0.1068 0.9917 0.0713
vn -0.1192 0.9897 0.0796
vn -0.1186 0.9917 0.0491
vn -0.1324 0.9897 0.0549
vn -0.1260 0.9917 0.0251
vn -0.1406 0.9897 0.0280
vn -0.1284 0.9917 -0.0000
vn -0.1434 0.9897 -0.0000
vn -0.1260 0.9917 -0.0251
vn -0.1406 0.9897 -0.0280
vn -0.1186 0.9917 -0.0491
vn -0.1324 0.9897 -0.0549
vn -0.1068 0.9917 -0.0713
vn -0.1192 0.9897 -0.0796
vn -0.0908 0.9917 -0.0908
vn -0.1014 0.9897 -0.1014
vn -0.0713 0.9917 -0.1068
vn -0.0796 0.9897 -0.1192
vn -0.0491 0.9917 -0.1186
vn -0.0549 0.9897 -0.1324
vn -0.0251 0.9917 -0.1260
vn -0.0280 0.9897 -0.1406
vn -0.0000 0.9917 -0.1284
vn -0.0000 0.9897 -0.1434
vn 0.0251 0.9917 -0.1260
vn 0.0280 0.9897 -0.1406
vn 0.0491 0.9917 -0.1186
vn 0.0549 0.9897 -0.1324
vn 0.0713 0.9917 -0.1068
vn 0.0796 0.9897 -0.1192
vn 0.0908 0.9917 -0.0908
vn 0.1014 0.9897 -0.1014
vn 0.1068 0.9917 -0.0713
vn 0.1192 0.9897 -0.0796
vn 0.1186 0.9917 -0.0491
vn 0.1324 0.9897 -0.0549
vn 0.1260 0.9917 -0.0251
vn 0.1406 0.9897 -0.0280
vn 0.1284 0.9917 -0.0000
vn 0.1434 0.9897 -0.0000
vn 0.1260 0.9917 0.0251
vn 0.1406 0.9897 0.0280
vn 0.1186 0.9917 0.0491
vn 0.1324 0.9897 0.0549
vn 0.1068 0.9917 0.0713
vn 0.1192 0.9897 0.0796
vn 0.0908 0.9917 0.0908
vn 0.1014 0.9897 0.1014
vn 0.0713 0.9917 0.1068
vn 0.0796 0.9897 0.1192
vn 0.0491 0.9917 0.1186
vn 0.0549 0.9897 0.1324
vn 0.0251 0.9917 0.1260
vn 0.0280 0.9897 0.1406
vn -0.0000 0.9990 0.0457
vn -0.0089 0.9990 0.0448
vn -0.0180 0.9957 0.0905
vn -0.0000 0.9957 0.0922
vn -0.0175 0.9990 0.0422
vn -0.0353 0.9957 0.0852
vn -0.0254 0.9990 0.0380
vn -0.0512 0.9957 0.0767
vn -0.0323 0.9990 0.0323
vn -0.0652 0.9957 0.0652
vn -0.0380 0.9990 0.0254
vn -0.0767 0.9957 0.0512
vn -0.0422 0.9990 0.0175
vn -0.0852 0.9957 0.0353
vn -0.0448 0.9990 0.0089
vn -0.0905 0.9957 0.0180
vn -0.0457 0.9990 -0.0000
vn -0.0922 0.9957 -0.0000
vn -0.0448 0.9990 -0.0089
vn -0.0905 0.9957 -0.0180
vn -0.0422 0.9990 -0.0175
vn -0.0852 0.9957 -0.0353
vn -0.0380 0.9990 -0.0254
vn -0.0767 0.9957 -0.0512
vn -0.0323 0.9990 -0.0323
vn -0.0652 0.9957 -0.0652
vn -0.0254 0.9990 -0.0380
vn -0.0512 0.9957 -0.0767
vn -0.0175 0.9990 -0.0422
vn -0.0353 0.9957 -0.0852
vn -0.0089 0.9990 -0.0448
vn -0.0180 0.9957 -0.0905
vn -0.0000 0.9990 -0.0457
vn -0.0000 0.9957 -0.0922
vn 0.0089 0.9990 -0.0448
vn 0.0180 0.9957 -0.0905
vn 0.0175 0.9990 -0.0422
vn 0.0353 0.9957 -0.0852
vn 0.0254 0.9990 -0.0380
vn 0.0512 0.9957 -0.0767
vn 0.0323 0.9990 -0.0323
vn 0.0652 0.9957 -0.0652
vn 0.0380 0.9990 -0.0254
vn 0.0767 0.9957 -0.0512
vn 0.0422 0.9990 -0.0175
vn 0.0852 0.9957 -0.0353
vn 0.0448 0.9990 -0.0089
vn 0.0905 0.9957 -0.0180
vn 0.0457 0.9990 -0.0000
vn 0.0922 0.9957 -0.0000
vn 0.0448 0.9990 0.0089
vn 0.0905 0.9957 0.0180
vn 0.0422 0.9990 0.0175
vn 0.0852 0.9957 0.0353
vn 0.0380 0.9990 0.0254
vn 0.0767 0.9957 0.0512
vn 0.0323 0.9990 0.0323
vn 0.0652 0.9957 0.0652
vn 0.0254 0.9990 0.0380
vn 0.0512 0.9957 0.0767
vn 0.0175 0.9990 0.0422
vn 0.0353 0.9957 0.0852
vn 0.0089 0.9990 0.0448
vn 0.0180 0.9957 0.0905
vn -0.0027 0.9999 0.0138
vn -0.0000 0.9999 0.0144
vn -0.0055 0.9999 0.0133
vn -0.0078 0.9999 0.0117
vn -0.0102 0.9999 0.0102
vn -0.0117 0.9999 0.0078
vn -0.0133 0.9999 0.0055
vn -0.0138 0.9999 0.0027
vn -0.0144 0.9999 -0.0000
vn -0.0138 0.9999 -0.0027
vn -0.0133 0.9999 -0.0055
vn -0.0117 0.9999 -0.0078
vn -0.0102 0.9999 -0.0102
vn -0.0078 0.9999 -0.0117
vn -0.0055 0.9999 -0.0133
vn -0.0027 0.9999 -0.0138
vn -0.0000 0.9999 -0.0144
vn 0.0027 0.9999 -0.0138
vn 0.0055 0.9999 -0.0133
vn 0.0078 0.9999 -0.0117
vn 0.0102 0.9999 -0.0102
vn 0.0117 0.9999 -0.0078
vn 0.0133 0.9999 -0.0055
vn 0.0138 0.9999 -0.0027
vn 0.0144 0.9999 -0.0000
vn 0.0138 0.9999 0.0027
vn 0.0133 0.9999 0.0055
vn 0.0117 0.9999 0.0078
vn 0.0102 0.9999 0.0102
vn 0.0078 0.9999 0.0117
vn 0.0055 0.9999 0.0134
vn 0.0027 0.9999 0.0138
vn -0.0000 -0.9910 -0.1341
vn -0.0000 -0.9713 -0.2377
vn 0.0464 -0.9714 -0.2331
vn 0.0262 -0.9910 -0.1316
vn 0.0910 -0.9713 -0.2196
vn 0.0513 -0.9910 -0.1239
vn 0.1320 -0.9714 -0.1976
vn 0.0745 -0.9910 -0.1115
vn 0.1681 -0.9713 -0.1681
vn 0.0949 -0.9910 -0.0949
vn 0.1976 -0.9714 -0.1320
vn 0.1115 -0.9910 -0.0745
vn 0.2196 -0.9713 -0.0910
vn 0.1239 -0.9910 -0.0513
vn 0.2331 -0.9714 -0.0464
vn 0.1316 -0.9910 -0.0262
vn 0.2377 -0.9713 -0.0000
vn 0.1341 -0.9910 -0.0000
vn 0.2331 -0.9714 0.0464
vn 0.1316 -0.9910 0.0262
vn 0.2196 -0.9713 0.0910
vn 0.1239 -0.9910 0.0513
vn 0.1976 -0.9714 0.1320
vn 0.1115 -0.9910 0.0745
vn 0.1681 -0.9713 0.1681
vn 0.0949 -0.9910 0.0949
vn 0.1320 -0.9714 0.1976
vn 0.0745 -0.9910 0.1115
vn 0.0910 -0.9713 0.2196
vn 0.0513 -0.9910 0.1239
vn 0.0464 -0.9714 0.2331
vn 0.0262 -0.9910 0.1316
vn -0.0000 -0.9713 0.2377
vn -0.0000 -0.9910 0.1341
vn -0.0464 -0.9714 0.2331
vn -0.0262 -0.9910 0.1316
vn -0.0910 -0.9713 0.2196
vn -0.0513 -0.9910 0.1239
vn -0.1320 -0.9714 0.1976
vn -0.0745 -0.9910 0.1115
vn -0.1681 -0.9713 0.1681
vn -0.0949 -0.9910 0.0949
vn -0.1976 -0.9714 0.1320
vn -0.1115 -0.9910 0.0745
vn -0.2196 -0.9713 0.0910
vn -0.1239 -0.9910 0.0513
vn -0.2331 -0.9714 0.0464
vn -0.1316 -0.9910 0.0262
vn -0.2377 -0.9713 -0.0000
vn -0.1341 -0.9910 -0.0000
vn -0.2331 -0.9714 -0.0464
vn -0.1316 -0.9910 -0.0262
vn -0.2196 -0.9713 -0.0910
vn -0.1239 -0.9910 -0.0513
vn -0.1976 -0.9714 -0.1320
vn -0.1115 -0.9910 -0.0745
vn -0.1681 -0.9713 -0.1681
vn -0.0949 -0.9910 -0.0949
vn -0.1320 -0.9714 -0.1976
vn -0.0745 -0.9910 -0.1115
vn -0.0910 -0.9713 -0.2196
vn -0.0513 -0.9910 -0.1239
vn -0.0464 -0.9714 -0.2331
vn -0.0262 -0.9910 -0.1316
vn -0.0365 -0.9954 -0.0882
vn -0.0186 -0.9954 -0.0936
vn -0.0000 -0.9954 -0.0955
vn -0.0675 -0.9954 -0.0675
vn -0.0530 -0.9954 -0.0793
vn -0.0882 -0.9954 -0.0365
vn -0.0793 -0.9954 -0.0530
vn -0.0955 -0.9954 -0.0000
vn -0.0936 -0.9954 -0.0186
vn -0.0882 -0.9954 0.0365
vn -0.0936 -0.9954 0.0186
vn -0.0675 -0.9954 0.0675
vn -0.0793 -0.9954 0.0530
vn -0.0365 -0.9954 0.0882
vn -0.0530 -0.9954 0.0793
vn -0.0000 -0.9954 0.0955
vn -0.0186 -0.9954 0.0936
vn 0.0365 -0.9954 0.0882
vn 0.0186 -0.9954 0.0936
vn 0.0675 -0.9954 0.0675
vn 0.0530 -0.9954 0.0793
vn 0.0882 -0.9954 0.0365
vn 0.0793 -0.9954 0.0530
vn 0.0955 -0.9954 -0.0000
vn 0.0936 -0.9954 0.0186
vn 0.0882 -0.9954 -0.0365
vn 0.0936 -0.9954 -0.0186
vn 0.0675 -0.9954 -0.0675
vn 0.0793 -0.9954 -0.0530
vn 0.0365 -0.9954 -0.0882
vn 0.0530 -0.9954 -0.0793
vn 0.0186 -0.9954 -0.0936
vt 0.609214 0.115925
vt 0.525212 0.106641
vt 0.525256 0.105282
vt 0.609651 0.114167
vt 0.440723 0.112601
vt 0.440399 0.110829
vt 0.438658 0.101317
vt 0.525328 0.103026
vt 0.611998 0.104735
vt 0.864454 0.732845
vt 0.906536 0.664809
vt 0.907881 0.665356
vt 0.866046 0.733877
vt 0.933523 0.590638
vt 0.935427 0.591027
vt 0.945643 0.593114
vt 0.910115 0.666264
vt 0.874586 0.739414
vt 0.146353 0.718682
vt 0.198147 0.780038
vt 0.197074 0.780978
vt 0.144698 0.719649
vt 0.261980 0.830845
vt 0.260847 0.832320
vt 0.254769 0.840235
vt 0.195292 0.782539
vt 0.135814 0.724843
vt 0.938492 0.435339
vt 0.916282 0.360198
vt 0.917660 0.359705
vt 0.940418 0.435025
vt 0.878604 0.290589
vt 0.880260 0.289621
vt 0.889143 0.284427
vt 0.919949 0.358886
vt 0.950755 0.433344
vt 0.359001 0.133677
vt 0.358477 0.132411
vt 0.283157 0.168962
vt 0.282120 0.167444
vt 0.276556 0.159299
vt 0.357607 0.130308
vt 0.415743 0.893346
vt 0.499745 0.902629
vt 0.499701 0.903988
vt 0.415306 0.895103
vt 0.584234 0.896669
vt 0.584558 0.898441
vt 0.586299 0.907954
vt 0.499629 0.906244
vt 0.412959 0.904535
vt 0.160503 0.276425
vt 0.118422 0.344461
vt 0.117077 0.343914
vt 0.158911 0.275393
vt 0.091434 0.418632
vt 0.089530 0.418243
vt 0.079314 0.416156
vt 0.114843 0.343006
vt 0.150371 0.269856
vt 0.762977 0.178425
vt 0.689485 0.140195
vt 0.690090 0.138952
vt 0.764110 0.176950
vt 0.691093 0.136885
vt 0.770188 0.169035
vt 0.741800 0.840309
vt 0.808802 0.792082
vt 0.809814 0.793063
vt 0.742837 0.841826
vt 0.811494 0.794692
vt 0.748401 0.849971
vt 0.086465 0.573932
vt 0.108676 0.649073
vt 0.107297 0.649566
vt 0.084539 0.574245
vt 0.105008 0.650384
vt 0.074202 0.575926
vt 0.944278 0.513152
vt 0.945751 0.513181
vt 0.948199 0.513229
vt 0.335472 0.869075
vt 0.334868 0.870319
vt 0.333864 0.872385
vt 0.216155 0.217188
vt 0.215144 0.216207
vt 0.213464 0.214578
vt 0.497248 0.482342
vt 0.504140 0.484482
vt 0.512478 0.504635
vt 0.496380 0.489019
vt 0.507713 0.478599
vt 0.513170 0.483013
vt 0.518903 0.478819
vt 0.522095 0.484836
vt 0.529115 0.482970
vt 0.529556 0.489673
vt 0.536794 0.490419
vt 0.534416 0.496788
vt 0.540772 0.500033
vt 0.535937 0.505098
vt 0.540442 0.510347
vt 0.533887 0.513337
vt 0.535855 0.519791
vt 0.528577 0.520251
vt 0.527709 0.526928
vt 0.520817 0.524788
vt 0.517244 0.530672
vt 0.511787 0.526257
vt 0.506054 0.530451
vt 0.502862 0.524434
vt 0.495842 0.526300
vt 0.495402 0.519597
vt 0.488163 0.518851
vt 0.490541 0.512482
vt 0.484185 0.509237
vt 0.489020 0.504172
vt 0.484515 0.498923
vt 0.491070 0.495933
vt 0.489102 0.489479
vt 0.826811 0.229233
vt 0.827883 0.228293
vt 0.829666 0.226731
vt 0.665956 0.875593
vt 0.666480 0.876859
vt 0.667350 0.878962
vt 0.080680 0.496119
vt 0.079206 0.496089
vt 0.076758 0.496041
vt 0.733204 0.343901
vt 0.744211 0.336537
vt 0.771087 0.387480
vt 0.759157 0.392429
vt 0.754672 0.329526
vt 0.777603 0.384774
vt 0.800535 0.440022
vt 0.788173 0.442498
vt 0.775178 0.445090
vt 0.793497 0.499881
vt 0.780572 0.499885
vt 0.800558 0.499876
vt 0.800582 0.559730
vt 0.788205 0.557286
vt 0.775199 0.554702
vt 0.771132 0.612376
vt 0.759189 0.607424
vt 0.777663 0.615082
vt 0.754744 0.670433
vt 0.744227 0.663408
vt 0.733204 0.656031
vt 0.707301 0.707753
vt 0.698169 0.698599
vt 0.712293 0.712761
vt 0.669842 0.755088
vt 0.662863 0.744554
vt 0.655513 0.733516
vt 0.611792 0.771316
vt 0.606866 0.759368
vt 0.614477 0.777848
vt 0.559112 0.800609
vt 0.556705 0.788242
vt 0.554145 0.775242
vt 0.499341 0.793400
vt 0.499365 0.780488
vt 0.499322 0.800452
vt 0.439531 0.800295
vt 0.442031 0.787968
vt 0.444635 0.774990
vt 0.387111 0.770818
vt 0.392063 0.758907
vt 0.384401 0.777319
vt 0.329270 0.754344
vt 0.336281 0.743924
vt 0.343642 0.732937
vt 0.292126 0.707130
vt 0.301253 0.698024
vt 0.287141 0.712102
vt 0.245013 0.669859
vt 0.255455 0.662873
vt 0.266458 0.655539
vt 0.228709 0.611963
vt 0.240630 0.607043
vt 0.222199 0.614654
vt 0.199385 0.559449
vt 0.211733 0.556989
vt 0.224713 0.554421
vt 0.206498 0.499667
vt 0.219401 0.499676
vt 0.199450 0.499660
vt 0.199515 0.439871
vt 0.211844 0.442360
vt 0.224822 0.444948
vt 0.228911 0.387431
vt 0.240829 0.392373
vt 0.222404 0.384729
vt 0.245293 0.329587
vt 0.255745 0.336567
vt 0.266742 0.343924
vt 0.292521 0.292337
vt 0.301637 0.301463
vt 0.287540 0.287353
vt 0.329788 0.245119
vt 0.336788 0.255579
vt 0.344135 0.266581
vt 0.387716 0.228766
vt 0.392654 0.240683
vt 0.385022 0.222255
vt 0.440255 0.199392
vt 0.442683 0.211731
vt 0.445269 0.224707
vt 0.499947 0.206436
vt 0.499954 0.219335
vt 0.499945 0.199392
vt 0.559635 0.199392
vt 0.557206 0.211719
vt 0.554633 0.224695
vt 0.612162 0.228724
vt 0.607231 0.240645
vt 0.614854 0.222211
vt 0.670072 0.245031
vt 0.663092 0.255511
vt 0.655746 0.266520
vt 0.707390 0.292270
vt 0.698267 0.301403
vt 0.712372 0.287279
vt 0.629677 0.305580
vt 0.642797 0.285922
vt 0.681779 0.317910
vt 0.665077 0.334633
vt 0.713804 0.356880
vt 0.694155 0.370025
vt 0.442517 0.122403
vt 0.362838 0.142952
vt 0.360098 0.136328
vt 0.441236 0.115403
vt 0.288891 0.177355
vt 0.284796 0.171361
vt 0.223564 0.224376
vt 0.218273 0.219243
vt 0.169303 0.282131
vt 0.163018 0.278056
vt 0.128274 0.348466
vt 0.121238 0.345606
vt 0.101961 0.420782
vt 0.094443 0.419246
vt 0.091476 0.496331
vt 0.083766 0.496179
vt 0.097117 0.572199
vt 0.089510 0.573436
vt 0.118772 0.645461
vt 0.111562 0.648040
vt 0.155507 0.713329
vt 0.148970 0.717152
vt 0.206006 0.773151
vt 0.200393 0.778069
vt 0.268243 0.822688
vt 0.263770 0.828513
vt 0.339898 0.859963
vt 0.336737 0.866470
vt 0.418162 0.883627
vt 0.416435 0.890567
vt 0.500063 0.892678
vt 0.499836 0.899785
vt 0.582440 0.886867
vt 0.583721 0.893867
vt 0.662119 0.866318
vt 0.664859 0.872942
vt 0.736066 0.831915
vt 0.740161 0.837909
vt 0.801393 0.784895
vt 0.806684 0.790027
vt 0.855654 0.727139
vt 0.861939 0.731214
vt 0.896683 0.660804
vt 0.903719 0.663665
vt 0.922996 0.588488
vt 0.930514 0.590024
vt 0.933481 0.512939
vt 0.941191 0.513091
vt 0.927840 0.437071
vt 0.935447 0.435834
vt 0.906185 0.363809
vt 0.913396 0.361230
vt 0.869450 0.295941
vt 0.875987 0.292119
vt 0.818951 0.236119
vt 0.824564 0.231201
vt 0.756714 0.186582
vt 0.761187 0.180757
vt 0.685060 0.149308
vt 0.688220 0.142800
vt 0.606795 0.125644
vt 0.608522 0.118703
vt 0.524894 0.116592
vt 0.525121 0.109485
vt 0.304471 0.775511
vt 0.365497 0.807256
vt 0.359123 0.820380
vt 0.295451 0.787258
vt 0.432152 0.827410
vt 0.428669 0.841408
vt 0.427755 0.845080
vt 0.357451 0.823823
vt 0.293084 0.790339
vt 0.423947 0.860383
vt 0.350482 0.838170
vt 0.352804 0.833388
vt 0.425216 0.855283
vt 0.283222 0.803182
vt 0.286509 0.798902
vt 0.288056 0.796887
vt 0.353898 0.831138
vt 0.425813 0.852882
vt 0.322056 0.225900
vt 0.266419 0.265947
vt 0.255748 0.255596
vt 0.313798 0.213813
vt 0.220207 0.315135
vt 0.207532 0.306918
vt 0.204207 0.304762
vt 0.252949 0.252881
vt 0.311632 0.210642
vt 0.897819 0.583345
vt 0.873120 0.651227
vt 0.867949 0.649125
vt 0.892294 0.582217
vt 0.834607 0.713493
vt 0.829988 0.710499
vt 0.827815 0.709089
vt 0.865516 0.648136
vt 0.889694 0.581686
vt 0.720486 0.233759
vt 0.659460 0.202014
vt 0.665834 0.188890
vt 0.729506 0.222012
vt 0.592805 0.181860
vt 0.596288 0.167862
vt 0.597202 0.164191
vt 0.667506 0.185448
vt 0.731873 0.218931
vt 0.601010 0.148887
vt 0.674475 0.171100
vt 0.672153 0.175882
vt 0.599741 0.153988
vt 0.741735 0.206088
vt 0.738448 0.210368
vt 0.736901 0.212383
vt 0.671059 0.178132
vt 0.599144 0.156388
vt 0.448193 0.153411
vt 0.523887 0.148071
vt 0.523759 0.152065
vt 0.448913 0.157345
vt 0.598173 0.160289
vt 0.523631 0.156060
vt 0.449633 0.161280
vt 0.794090 0.257901
vt 0.790935 0.260665
vt 0.734387 0.215657
vt 0.840492 0.312870
vt 0.836817 0.315019
vt 0.833143 0.317167
vt 0.787780 0.263429
vt 0.894146 0.442552
vt 0.899329 0.512265
vt 0.894995 0.512180
vt 0.889870 0.443248
vt 0.885468 0.580823
vt 0.881242 0.579959
vt 0.890661 0.512094
vt 0.885594 0.443943
vt 0.777956 0.762160
vt 0.774982 0.759274
vt 0.824282 0.706799
vt 0.717928 0.805366
vt 0.715627 0.801997
vt 0.713325 0.798628
vt 0.772008 0.756390
vt 0.820750 0.704508
vt 0.576764 0.855859
vt 0.501070 0.861200
vt 0.501198 0.857205
vt 0.576044 0.851925
vt 0.426784 0.848981
vt 0.501326 0.853211
vt 0.575324 0.847990
vt 0.230867 0.751369
vt 0.234022 0.748605
vt 0.290570 0.793613
vt 0.184465 0.696400
vt 0.188140 0.694252
vt 0.191815 0.692103
vt 0.237177 0.745841
vt 0.130812 0.566718
vt 0.125629 0.497005
vt 0.129962 0.497091
vt 0.135087 0.566023
vt 0.135263 0.427584
vt 0.139489 0.428448
vt 0.143715 0.429311
vt 0.134296 0.497176
vt 0.139363 0.565327
vt 0.197142 0.300181
vt 0.247001 0.247111
vt 0.249975 0.249996
vt 0.200675 0.302472
vt 0.307029 0.203904
vt 0.309330 0.207273
vt 0.374977 0.172293
vt 0.376518 0.176016
vt 0.378058 0.179739
vt 0.862103 0.576050
vt 0.871033 0.511707
vt 0.886583 0.512014
vt 0.877265 0.579147
vt 0.866229 0.447093
vt 0.881570 0.444598
vt 0.185264 0.371631
vt 0.171073 0.365863
vt 0.162854 0.433220
vt 0.147692 0.430123
vt 0.167351 0.364350
vt 0.902366 0.441215
vt 0.907661 0.512430
vt 0.901995 0.512318
vt 0.896776 0.442124
vt 0.127138 0.425925
vt 0.151837 0.358044
vt 0.157008 0.360145
vt 0.132663 0.427053
vt 0.190350 0.295777
vt 0.194969 0.298772
vt 0.159442 0.361135
vt 0.523052 0.174151
vt 0.523511 0.159819
vt 0.452895 0.179100
vt 0.450311 0.164983
vt 0.804750 0.694135
vt 0.839694 0.637640
vt 0.853884 0.643408
vt 0.817425 0.702353
vt 0.857606 0.644921
vt 0.446808 0.145846
vt 0.524132 0.140391
vt 0.523965 0.145613
vt 0.447749 0.150990
vt 0.241283 0.241564
vt 0.245171 0.245336
vt 0.302603 0.197427
vt 0.305612 0.201831
vt 0.208457 0.682374
vt 0.251465 0.733322
vt 0.240146 0.743240
vt 0.195273 0.690082
vt 0.224802 0.756683
vt 0.228926 0.753070
vt 0.177400 0.700530
vt 0.182204 0.697722
vt 0.669283 0.181790
vt 0.874247 0.375233
vt 0.870194 0.376683
vt 0.866142 0.378132
vt 0.861561 0.646528
vt 0.649980 0.836978
vt 0.648439 0.833255
vt 0.646899 0.829532
vt 0.355674 0.827480
vt 0.150710 0.634037
vt 0.154763 0.632587
vt 0.158816 0.631138
vt 0.163396 0.362742
vt 0.702901 0.783370
vt 0.758538 0.743324
vt 0.769209 0.753675
vt 0.711159 0.795457
vt 0.385035 0.196601
vt 0.379508 0.183243
vt 0.783674 0.767706
vt 0.779786 0.763935
vt 0.722354 0.811843
vt 0.719345 0.807439
vt 0.816500 0.326896
vt 0.773492 0.275948
vt 0.784811 0.266031
vt 0.829684 0.319189
vt 0.158728 0.562177
vt 0.177171 0.624572
vt 0.162630 0.629774
vt 0.143387 0.564672
vt 0.372016 0.165134
vt 0.374029 0.170002
vt 0.800155 0.252587
vt 0.796031 0.256200
vt 0.847557 0.308740
vt 0.842753 0.311548
vt 0.142918 0.636824
vt 0.148216 0.634929
vt 0.122591 0.568055
vt 0.128181 0.567146
vt 0.572062 0.830170
vt 0.639922 0.812669
vt 0.645449 0.826028
vt 0.574646 0.844287
vt 0.652942 0.844136
vt 0.650928 0.839268
vt 0.578149 0.863424
vt 0.577208 0.858281
vt 0.847786 0.384698
vt 0.862328 0.379497
vt 0.153924 0.497563
vt 0.138375 0.497256
vt 0.882039 0.372446
vt 0.876741 0.374341
vt 0.117296 0.496841
vt 0.122962 0.496953
vt 0.501905 0.835120
vt 0.501446 0.849451
vt 0.500825 0.868880
vt 0.500992 0.863657
vt 0.468134 0.262360
vt 0.417630 0.275385
vt 0.398418 0.228950
vt 0.459152 0.213287
vt 0.370759 0.297191
vt 0.342054 0.255173
vt 0.232721 0.233259
vt 0.295978 0.187728
vt 0.180181 0.289184
vt 0.367581 0.154416
vt 0.444735 0.134519
vt 0.329352 0.326994
vt 0.292260 0.291013
vt 0.294959 0.363603
vt 0.250901 0.335036
vt 0.572260 0.264414
vt 0.520348 0.258676
vt 0.521942 0.208858
vt 0.584369 0.215757
vt 0.524500 0.128891
vt 0.603805 0.137656
vt 0.140452 0.353416
vt 0.114973 0.423440
vt 0.268953 0.405648
vt 0.219627 0.385598
vt 0.252275 0.451485
vt 0.199571 0.440720
vt 0.104820 0.496595
vt 0.110282 0.570057
vt 0.245629 0.499372
vt 0.191579 0.498306
vt 0.249204 0.547460
vt 0.195878 0.556134
vt 0.131251 0.640997
vt 0.166822 0.706715
vt 0.262930 0.593897
vt 0.212384 0.611977
vt 0.286215 0.636915
vt 0.240385 0.663708
vt 0.215720 0.764641
vt 0.275985 0.812607
vt 0.318223 0.674832
vt 0.278877 0.709306
vt 0.357672 0.706231
vt 0.326316 0.747064
vt 0.345368 0.848700
vt 0.421152 0.871614
vt 0.403089 0.729857
vt 0.380932 0.775476
vt 0.452697 0.744856
vt 0.440588 0.793513
vt 0.500457 0.880379
vt 0.580222 0.874751
vt 0.504609 0.750594
vt 0.503015 0.800413
vt 0.556823 0.746910
vt 0.565805 0.795983
vt 0.657376 0.854854
vt 0.728979 0.821542
vt 0.607327 0.733885
vt 0.626539 0.780320
vt 0.654198 0.712080
vt 0.682903 0.754098
vt 0.792236 0.776012
vt 0.844776 0.720086
vt 0.695605 0.682276
vt 0.732697 0.718257
vt 0.729998 0.645668
vt 0.774056 0.674234
vt 0.884505 0.655854
vt 0.909984 0.585830
vt 0.756004 0.603622
vt 0.805330 0.623672
vt 0.772682 0.557785
vt 0.825386 0.568550
vt 0.920137 0.512676
vt 0.914675 0.439213
vt 0.779328 0.509898
vt 0.833379 0.510964
vt 0.775753 0.461810
vt 0.829079 0.453136
vt 0.893706 0.368273
vt 0.858135 0.302555
vt 0.762027 0.415373
vt 0.812573 0.397293
vt 0.738742 0.372355
vt 0.784572 0.345562
vt 0.809237 0.244630
vt 0.748972 0.196663
vt 0.706734 0.334438
vt 0.746081 0.299964
vt 0.667285 0.303039
vt 0.698641 0.262206
vt 0.679589 0.160570
vt 0.621868 0.279413
vt 0.644025 0.233794
vt 0.559577 0.459904
vt 0.566671 0.472142
vt 0.536430 0.484665
vt 0.527784 0.481142
vt 0.570299 0.485822
vt 0.532806 0.493274
vt 0.499806 0.499841
vt 0.572182 0.499851
vt 0.539449 0.499840
vt 0.570313 0.513878
vt 0.532811 0.506407
vt 0.566676 0.527556
vt 0.536436 0.515017
vt 0.559564 0.539800
vt 0.527786 0.518544
vt 0.550961 0.551052
vt 0.527837 0.527888
vt 0.539704 0.559643
vt 0.518496 0.527832
vt 0.527453 0.566732
vt 0.514964 0.536478
vt 0.513769 0.570346
vt 0.506356 0.532846
vt 0.499742 0.572205
vt 0.499785 0.539482
vt 0.485722 0.570315
vt 0.493225 0.532837
vt 0.472055 0.566671
vt 0.484616 0.536456
vt 0.459829 0.559568
vt 0.481099 0.527809
vt 0.448601 0.550984
vt 0.471762 0.527860
vt 0.440033 0.539749
vt 0.471824 0.518525
vt 0.432961 0.527514
vt 0.463184 0.515000
vt 0.429355 0.513839
vt 0.466815 0.506396
vt 0.427496 0.499815
vt 0.460186 0.499832
vt 0.429377 0.485797
vt 0.466826 0.493273
vt 0.433005 0.472139
vt 0.463207 0.484672
vt 0.440095 0.459920
vt 0.471846 0.481155
vt 0.448680 0.448694
vt 0.471792 0.471823
vt 0.459920 0.440113
vt 0.481123 0.471876
vt 0.472156 0.433013
vt 0.484645 0.463230
vt 0.485822 0.429372
vt 0.493244 0.466849
vt 0.499830 0.427488
vt 0.499805 0.460207
vt 0.513837 0.429358
vt 0.506365 0.466844
vt 0.527500 0.432991
vt 0.514971 0.463219
vt 0.539737 0.440088
vt 0.518496 0.471863
vt 0.550985 0.448669
vt 0.527837 0.471805
vt 0.545497 0.270732
vt 0.550095 0.247568
vt 0.598317 0.262195
vt 0.589285 0.284023
vt 0.454458 0.270743
vt 0.449834 0.247576
vt 0.499970 0.242651
vt 0.499985 0.266266
vt 0.370202 0.305625
vt 0.357083 0.285974
vt 0.401582 0.262225
vt 0.410628 0.284053
vt 0.305755 0.370026
vt 0.286125 0.356892
vt 0.318115 0.317961
vt 0.334806 0.334676
vt 0.270875 0.454119
vt 0.247700 0.449504
vt 0.262373 0.401305
vt 0.284192 0.410351
vt 0.270770 0.545318
vt 0.247589 0.549899
vt 0.242726 0.499691
vt 0.266359 0.499706
vt 0.305498 0.629529
vt 0.285854 0.642616
vt 0.262178 0.598152
vt 0.284008 0.589149
vt 0.369751 0.693945
vt 0.356612 0.713566
vt 0.317750 0.681562
vt 0.334458 0.664891
vt 0.453867 0.728938
vt 0.449220 0.752113
vt 0.401012 0.737371
vt 0.410079 0.715557
vt 0.545055 0.729124
vt 0.549628 0.752332
vt 0.499403 0.757147
vt 0.499445 0.733503
vt 0.629429 0.694373
vt 0.642555 0.714072
vt 0.597959 0.737775
vt 0.588938 0.715901
vt 0.694107 0.629858
vt 0.713784 0.643031
vt 0.681662 0.682058
vt 0.664938 0.665297
vt 0.729070 0.545531
vt 0.752281 0.550146
vt 0.737604 0.598475
vt 0.715740 0.589407
vt 0.729067 0.454283
vt 0.752274 0.449657
vt 0.757212 0.499893
vt 0.733548 0.499903
vt 0.737592 0.401375
vt 0.715746 0.410435
vt 0.487099 0.365974
vt 0.458194 0.373429
vt 0.439011 0.327062
vt 0.478130 0.316973
vt 0.431369 0.385909
vt 0.402705 0.343952
vt 0.407670 0.402966
vt 0.370632 0.367038
vt 0.387986 0.423918
vt 0.343992 0.395394
vt 0.373102 0.447982
vt 0.323848 0.427962
vt 0.363557 0.474216
vt 0.310929 0.463466
vt 0.359753 0.501623
vt 0.305782 0.500558
vt 0.361799 0.529145
vt 0.308551 0.537806
vt 0.369655 0.555722
vt 0.319183 0.573776
vt 0.382982 0.580342
vt 0.337219 0.607097
vt 0.401301 0.602044
vt 0.362012 0.636467
vt 0.423878 0.620014
vt 0.392568 0.660788
vt 0.449872 0.633536
vt 0.427748 0.679088
vt 0.478264 0.642120
vt 0.466173 0.690706
vt 0.507975 0.645404
vt 0.506383 0.695150
vt 0.537858 0.643296
vt 0.546827 0.692297
vt 0.566763 0.635841
vt 0.585947 0.682208
vt 0.593589 0.623361
vt 0.622252 0.665318
vt 0.617287 0.606304
vt 0.654325 0.642232
vt 0.636971 0.585352
vt 0.680965 0.613877
vt 0.651855 0.561288
vt 0.701109 0.581309
vt 0.661400 0.535054
vt 0.714028 0.545804
vt 0.665204 0.507647
vt 0.719176 0.508712
vt 0.663158 0.480125
vt 0.716406 0.471464
vt 0.655302 0.453548
vt 0.705774 0.435494
vt 0.641976 0.428928
vt 0.687739 0.402174
vt 0.623656 0.407226
vt 0.662946 0.372803
vt 0.601079 0.389256
vt 0.632389 0.348482
vt 0.575085 0.375734
vt 0.597210 0.330182
vt 0.546693 0.367150
vt 0.558784 0.318564
vt 0.516982 0.363866
vt 0.518574 0.314120
vt 0.498850 0.430175
vt 0.483328 0.434178
vt 0.472079 0.406989
vt 0.493591 0.401441
vt 0.468923 0.440880
vt 0.452115 0.416277
vt 0.456197 0.450040
vt 0.434478 0.428971
vt 0.445627 0.461291
vt 0.419829 0.444564
vt 0.437634 0.474213
vt 0.408752 0.462473
vt 0.432509 0.488300
vt 0.401648 0.481997
vt 0.430466 0.503018
vt 0.398818 0.502393
vt 0.431565 0.517797
vt 0.400341 0.522876
vt 0.435783 0.532068
vt 0.406187 0.542655
vt 0.442939 0.545289
vt 0.416105 0.560978
vt 0.452777 0.556943
vt 0.429738 0.577128
vt 0.464901 0.566593
vt 0.446541 0.590502
vt 0.478859 0.573854
vt 0.465886 0.600565
vt 0.494106 0.578464
vt 0.487015 0.606954
vt 0.510060 0.580227
vt 0.509127 0.609398
vt 0.526107 0.579095
vt 0.531367 0.607829
vt 0.541629 0.575092
vt 0.552878 0.602281
vt 0.556034 0.568390
vt 0.572842 0.592993
vt 0.568760 0.559231
vt 0.590479 0.580299
vt 0.579330 0.547979
vt 0.605128 0.564706
vt 0.587323 0.535057
vt 0.616205 0.546797
vt 0.592449 0.520970
vt 0.623309 0.527273
vt 0.594491 0.506253
vt 0.626139 0.506877
vt 0.593392 0.491473
vt 0.624617 0.486394
vt 0.589174 0.477202
vt 0.618770 0.466615
vt 0.582018 0.463981
vt 0.608853 0.448292
vt 0.572180 0.452327
vt 0.595219 0.432142
vt 0.560056 0.442677
vt 0.578416 0.418768
vt 0.546098 0.435416
vt 0.559071 0.408705
vt 0.530852 0.430806
vt 0.537942 0.402316
vt 0.514897 0.429043
vt 0.515831 0.399872
vt 0.494729 0.461734
vt 0.504098 0.458849
vt 0.485696 0.465431
vt 0.478209 0.471392
vt 0.471371 0.477982
vt 0.466907 0.486111
vt 0.463304 0.494591
vt 0.462542 0.503650
vt 0.462724 0.512728
vt 0.465780 0.521339
vt 0.469718 0.529634
vt 0.476127 0.536485
vt 0.483222 0.542734
vt 0.492008 0.546782
vt 0.501181 0.550033
vt 0.511006 0.550662
vt 0.520859 0.550422
vt 0.530228 0.547536
vt 0.539262 0.543839
vt 0.546748 0.537878
vt 0.553586 0.531288
vt 0.558050 0.523159
vt 0.561653 0.514680
vt 0.562415 0.505620
vt 0.562234 0.496542
vt 0.559178 0.487931
vt 0.555239 0.479636
vt 0.548830 0.472785
vt 0.541735 0.466536
vt 0.532949 0.462488
vt 0.523776 0.459237
vt 0.513951 0.458608
vt 0.656536 0.395159
vt 0.680363 0.379246
vt 0.700404 0.416789
vt 0.673921 0.427747
vt 0.712766 0.457529
vt 0.684642 0.463115
vt 0.716935 0.499909
vt 0.688270 0.499903
vt 0.712784 0.542290
vt 0.684675 0.536685
vt 0.700392 0.583035
vt 0.673913 0.572043
vt 0.680285 0.620602
vt 0.656451 0.604644
vt 0.653192 0.653523
vt 0.632940 0.633220
vt 0.620217 0.680538
vt 0.604329 0.656673
vt 0.582612 0.700540
vt 0.571696 0.674039
vt 0.541851 0.712828
vt 0.536318 0.684708
vt 0.499482 0.716901
vt 0.499541 0.688249
vt 0.457138 0.712667
vt 0.462785 0.684579
vt 0.416454 0.700242
vt 0.427468 0.673799
vt 0.378981 0.680173
vt 0.394934 0.656383
vt 0.346187 0.653191
vt 0.366457 0.632966
vt 0.319286 0.620345
vt 0.343103 0.604456
vt 0.299339 0.582827
vt 0.325801 0.571885
vt 0.287059 0.542099
vt 0.315153 0.536527
vt 0.282962 0.499719
vt 0.311594 0.499741
vt 0.287145 0.457364
vt 0.315213 0.462975
vt 0.299501 0.416701
vt 0.325927 0.427674
vt 0.319526 0.379244
vt 0.343306 0.395159
vt 0.346522 0.346415
vt 0.366747 0.366672
vt 0.379417 0.319437
vt 0.395309 0.343263
vt 0.416978 0.299391
vt 0.427910 0.325860
vt 0.457695 0.287012
vt 0.463248 0.315103
vt 0.499987 0.282840
vt 0.499959 0.311469
vt 0.542262 0.286986
vt 0.536655 0.315066
vt 0.582933 0.299348
vt 0.571955 0.325808
vt 0.620455 0.319388
vt 0.604524 0.343213
vt 0.653348 0.346376
vt 0.633083 0.366634
vt 0.573146 0.390130
vt 0.593196 0.406490
vt 0.609580 0.426512
vt 0.525602 0.370413
vt 0.550355 0.377880
vt 0.474177 0.370443
vt 0.499894 0.367833
vt 0.426599 0.390170
vt 0.449405 0.377921
vt 0.390176 0.426522
vt 0.406551 0.406523
vt 0.370501 0.474030
vt 0.377946 0.449277
vt 0.370463 0.525541
vt 0.367906 0.499779
vt 0.390043 0.573123
vt 0.377864 0.550330
vt 0.426364 0.609499
vt 0.406365 0.593140
vt 0.473898 0.629243
vt 0.449134 0.621754
vt 0.525402 0.629322
vt 0.499644 0.631870
vt 0.573034 0.609678
vt 0.550205 0.621902
vt 0.609527 0.573236
vt 0.593111 0.593295
vt 0.629291 0.525638
vt 0.621812 0.550426
vt 0.629263 0.474112
vt 0.631868 0.499877
vt 0.621813 0.449315
s 1
usemtl Material
f 64/1/1 273/2/2 722/3/3 251/4/4
f 273/2/2 50/5/5 250/6/6 722/3/3
f 722/3/3 250/6/6 20/7/7 321/8/8
f 251/4/4 722/3/3 321/8/8 48/9/9
f 59/10/10 258/11/11 723/12/12 253/13/13
f 258/11/11 60/14/14 256/15/15 723/12/12
f 723/12/12 256/15/15 40/16/16 306/17/17
f 253/13/13 723/12/12 306/17/17 38/18/18
f 54/19/19 247/20/20 724/21/21 254/22/22
f 247/20/20 55/23/23 259/24/24 724/21/21
f 724/21/21 259/24/24 30/25/25 291/26/26
f 254/22/22 724/21/21 291/26/26 28/27/27
f 61/28/28 264/29/29 725/30/30 257/31/31
f 264/29/29 62/32/32 265/33/33 725/30/30
f 725/30/30 265/33/33 44/34/34 312/35/35
f 257/31/31 725/30/30 312/35/35 42/36/36
f 50/5/5 242/37/37 726/38/38 250/6/6
f 242/37/37 49/39/39 262/40/40 726/38/38
f 726/38/38 262/40/40 19/41/41 275/42/42
f 250/6/6 726/38/38 275/42/42 20/7/7
f 56/43/43 249/44/44 727/45/45 260/46/46
f 249/44/44 57/47/47 268/48/48 727/45/45
f 727/45/45 268/48/48 34/49/49 297/50/50
f 260/46/46 727/45/45 297/50/50 32/51/51
f 51/52/52 244/53/53 728/54/54 263/55/55
f 244/53/53 52/56/56 271/57/57 728/54/54
f 728/54/54 271/57/57 24/58/58 282/59/59
f 263/55/55 728/54/54 282/59/59 22/60/60
f 63/61/61 270/62/62 729/63/63 266/64/64
f 270/62/62 64/1/1 251/4/4 729/63/63
f 729/63/63 251/4/4 48/9/9 318/65/65
f 266/64/64 729/63/63 318/65/65 46/66/66
f 58/67/67 255/68/68 730/69/69 269/70/70
f 255/68/68 59/10/10 253/13/13 730/69/69
f 730/69/69 253/13/13 38/18/18 303/71/71
f 269/70/70 730/69/69 303/71/71 36/72/72
f 53/73/73 246/74/74 731/75/75 272/76/76
f 246/74/74 54/19/19 254/22/22 731/75/75
f 731/75/75 254/22/22 28/27/27 288/77/77
f 272/76/76 731/75/75 288/77/77 26/78/78
f 60/14/14 261/79/79 732/80/80 256/15/15
f 261/79/79 61/28/28 257/31/31 732/80/80
f 732/80/80 257/31/31 42/36/36 309/81/81
f 256/15/15 732/80/80 309/81/81 40/16/16
f 55/23/23 248/82/82 733/83/83 259/24/24
f 248/82/82 56/43/43 260/46/46 733/83/83
f 733/83/83 260/46/46 32/51/51 294/84/84
f 259/24/24 733/83/83 294/84/84 30/25/25
f 49/39/39 243/85/85 734/86/86 262/40/40
f 243/85/85 51/52/52 263/55/55 734/86/86
f 734/86/86 263/55/55 22/60/60 279/87/87
f 262/40/40 734/86/86 279/87/87 19/41/41
f 1/88/88 626/89/89 735/90/90 627/91/91
f 2/92/92 641/93/93 735/90/90 626/89/89
f 16/94/94 640/95/95 735/90/90 641/93/93
f 15/96/96 639/97/97 735/90/90 640/95/95
f 14/98/98 638/99/99 735/90/90 639/97/97
f 13/100/100 637/101/101 735/90/90 638/99/99
f 12/102/102 636/103/103 735/90/90 637/101/101
f 11/104/104 635/105/105 735/90/90 636/103/103
f 10/106/106 634/107/107 735/90/90 635/105/105
f 9/108/108 633/109/109 735/90/90 634/107/107
f 8/110/110 632/111/111 735/90/90 633/109/109
f 7/112/112 631/113/113 735/90/90 632/111/111
f 6/114/114 630/115/115 735/90/90 631/113/113
f 5/116/116 629/117/117 735/90/90 630/115/115
f 4/118/118 628/119/119 735/90/90 629/117/117
f 3/120/120 627/91/91 735/90/90 628/119/119
f 62/32/32 267/121/121 736/122/122 265/33/33
f 267/121/121 63/61/61 266/64/64 736/122/122
f 736/122/122 266/64/64 46/66/66 315/123/123
f 265/33/33 736/122/122 315/123/123 44/34/34
f 57/47/47 252/124/124 737/125/125 268/48/48
f 252/124/124 58/67/67 269/70/70 737/125/125
f 737/125/125 269/70/70 36/72/72 300/126/126
f 268/48/48 737/125/125 300/126/126 34/49/49
f 52/56/56 245/127/127 738/128/128 271/57/57
f 245/127/127 53/73/73 272/76/76 738/128/128
f 738/128/128 272/76/76 26/78/78 285/129/129
f 271/57/57 738/128/128 285/129/129 24/58/58
f 146/130/130 276/131/131 739/132/132 561/133/133
f 276/131/131 20/134/7 275/135/42 739/132/132
f 739/132/132 275/135/42 19/136/41 531/137/134
f 561/133/133 739/132/132 531/137/134 147/138/135
f 147/138/135 531/137/134 740/139/136 560/140/137
f 531/137/134 19/136/41 279/141/87 740/139/136
f 740/139/136 279/141/87 22/142/60 532/143/138
f 560/140/137 740/139/136 532/143/138 148/144/139
f 148/144/139 532/143/138 741/145/140 559/146/141
f 532/143/138 22/142/60 282/147/59 741/145/140
f 741/145/140 282/147/59 24/148/58 533/149/142
f 559/146/141 741/145/140 533/149/142 149/150/143
f 149/150/143 533/149/142 742/151/144 558/152/145
f 533/149/142 24/148/58 285/153/129 742/151/144
f 742/151/144 285/153/129 26/154/78 534/155/146
f 558/152/145 742/151/144 534/155/146 150/156/147
f 150/156/147 534/155/146 743/157/148 557/158/149
f 534/155/146 26/154/78 288/159/77 743/157/148
f 743/157/148 288/159/77 28/160/27 535/161/150
f 557/158/149 743/157/148 535/161/150 151/162/151
f 151/162/151 535/161/150 744/163/152 556/164/153
f 535/161/150 28/160/27 291/165/26 744/163/152
f 744/163/152 291/165/26 30/166/25 536/167/154
f 556/164/153 744/163/152 536/167/154 152/168/155
f 152/168/155 536/167/154 745/169/156 555/170/157
f 536/167/154 30/166/25 294/171/84 745/169/156
f 745/169/156 294/171/84 32/172/51 537/173/158
f 555/170/157 745/169/156 537/173/158 153/174/159
f 153/174/159 537/173/158 746/175/160 554/176/161
f 537/173/158 32/172/51 297/177/50 746/175/160
f 746/175/160 297/177/50 34/178/49 538/179/162
f 554/176/161 746/175/160 538/179/162 154/180/163
f 154/180/163 538/179/162 747/181/164 553/182/165
f 538/179/162 34/178/49 300/183/126 747/181/164
f 747/181/164 300/183/126 36/184/72 539/185/166
f 553/182/165 747/181/164 539/185/166 155/186/167
f 155/186/167 539/185/166 748/187/168 552/188/169
f 539/185/166 36/184/72 303/189/71 748/187/168
f 748/187/168 303/189/71 38/190/18 540/191/170
f 552/188/169 748/187/168 540/191/170 156/192/171
f 156/192/171 540/191/170 749/193/172 551/194/173
f 540/191/170 38/190/18 306/195/17 749/193/172
f 749/193/172 306/195/17 40/196/16 541/197/174
f 551/194/173 749/193/172 541/197/174 157/198/175
f 157/198/175 541/197/174 750/199/176 550/200/177
f 541/197/174 40/196/16 309/201/81 750/199/176
f 750/199/176 309/201/81 42/202/36 542/203/178
f 550/200/177 750/199/176 542/203/178 158/204/179
f 158/204/179 542/203/178 751/205/180 549/206/181
f 542/203/178 42/202/36 312/207/35 751/205/180
f 751/205/180 312/207/35 44/208/34 543/209/182
f 549/206/181 751/205/180 543/209/182 159/210/183
f 159/210/183 543/209/182 752/211/184 548/212/185
f 543/209/182 44/208/34 315/213/123 752/211/184
f 752/211/184 315/213/123 46/214/66 544/215/186
f 548/212/185 752/211/184 544/215/186 160/216/187
f 160/216/187 544/215/186 753/217/188 547/218/189
f 544/215/186 46/214/66 318/219/65 753/217/188
f 753/217/188 318/219/65 48/220/9 545/221/190
f 547/218/189 753/217/188 545/221/190 161/222/191
f 161/222/191 545/221/190 754/223/192 546/224/193
f 545/221/190 48/220/9 321/225/8 754/223/192
f 754/223/192 321/225/8 20/134/7 276/131/131
f 546/224/193 754/223/192 276/131/131 146/130/130
f 224/226/194 672/227/195 755/228/196 689/229/197
f 672/227/195 161/222/191 546/224/193 755/228/196
f 755/228/196 546/224/193 146/130/130 530/230/198
f 689/229/197 755/228/196 530/230/198 225/231/199
f 66/232/200 322/233/201 756/234/202 338/235/203
f 322/233/201 65/236/204 339/237/205 756/234/202
f 756/234/202 339/237/205 49/39/39 242/37/37
f 338/235/203 756/234/202 242/37/37 50/5/5
f 65/236/204 323/238/206 757/239/207 339/237/205
f 323/238/206 67/240/208 340/241/209 757/239/207
f 757/239/207 340/241/209 51/52/52 243/85/85
f 339/237/205 757/239/207 243/85/85 49/39/39
f 67/240/208 324/242/210 758/243/211 340/241/209
f 324/242/210 68/244/212 341/245/213 758/243/211
f 758/243/211 341/245/213 52/56/56 244/53/53
f 340/241/209 758/243/211 244/53/53 51/52/52
f 68/244/212 325/246/214 759/247/215 341/245/213
f 325/246/214 69/248/216 342/249/217 759/247/215
f 759/247/215 342/249/217 53/73/73 245/127/127
f 341/245/213 759/247/215 245/127/127 52/56/56
f 69/248/216 326/250/218 760/251/219 342/249/217
f 326/250/218 70/252/220 343/253/221 760/251/219
f 760/251/219 343/253/221 54/19/19 246/74/74
f 342/249/217 760/251/219 246/74/74 53/73/73
f 70/252/220 327/254/222 761/255/223 343/253/221
f 327/254/222 71/256/224 344/257/225 761/255/223
f 761/255/223 344/257/225 55/23/23 247/20/20
f 343/253/221 761/255/223 247/20/20 54/19/19
f 71/256/224 328/258/226 762/259/227 344/257/225
f 328/258/226 72/260/228 345/261/229 762/259/227
f 762/259/227 345/261/229 56/43/43 248/82/82
f 344/257/225 762/259/227 248/82/82 55/23/23
f 72/260/228 329/262/230 763/263/231 345/261/229
f 329/262/230 73/264/232 346/265/233 763/263/231
f 763/263/231 346/265/233 57/47/47 249/44/44
f 345/261/229 763/263/231 249/44/44 56/43/43
f 73/264/232 330/266/234 764/267/235 346/265/233
f 330/266/234 74/268/236 347/269/237 764/267/235
f 764/267/235 347/269/237 58/67/67 252/124/124
f 346/265/233 764/267/235 252/124/124 57/47/47
f 74/268/236 331/270/238 765/271/239 347/269/237
f 331/270/238 75/272/240 348/273/241 765/271/239
f 765/271/239 348/273/241 59/10/10 255/68/68
f 347/269/237 765/271/239 255/68/68 58/67/67
f 75/272/240 332/274/242 766/275/243 348/273/241
f 332/274/242 76/276/244 349/277/245 766/275/243
f 766/275/243 349/277/245 60/14/14 258/11/11
f 348/273/241 766/275/243 258/11/11 59/10/10
f 76/276/244 333/278/246 767/279/247 349/277/245
f 333/278/246 77/280/248 350/281/249 767/279/247
f 767/279/247 350/281/249 61/28/28 261/79/79
f 349/277/245 767/279/247 261/79/79 60/14/14
f 77/280/248 334/282/250 768/283/251 350/281/249
f 334/282/250 78/284/252 351/285/253 768/283/251
f 768/283/251 351/285/253 62/32/32 264/29/29
f 350/281/249 768/283/251 264/29/29 61/28/28
f 78/284/252 335/286/254 769/287/255 351/285/253
f 335/286/254 79/288/256 352/289/257 769/287/255
f 769/287/255 352/289/257 63/61/61 267/121/121
f 351/285/253 769/287/255 267/121/121 62/32/32
f 79/288/256 336/290/258 770/291/259 352/289/257
f 336/290/258 80/292/260 353/293/261 770/291/259
f 770/291/259 353/293/261 64/1/1 270/62/62
f 352/289/257 770/291/259 270/62/62 63/61/61
f 80/292/260 337/294/262 771/295/263 353/293/261
f 337/294/262 66/232/200 338/235/203 771/295/263
f 771/295/263 338/235/203 50/5/5 273/2/2
f 353/293/261 771/295/263 273/2/2 64/1/1
f 109/296/264 439/297/265 772/298/266 508/299/267
f 439/297/265 111/300/268 452/301/269 772/298/266
f 772/298/266 452/301/269 82/302/270 378/303/271
f 508/299/267 772/298/266 378/303/271 84/304/272
f 112/305/273 438/306/274 773/307/275 461/308/276
f 438/306/274 110/309/277 506/310/278 773/307/275
f 773/307/275 506/310/278 83/311/279 410/312/280
f 461/308/276 773/307/275 410/312/280 81/313/281
f 97/314/282 424/315/283 774/316/284 503/317/285
f 424/315/283 101/318/286 512/319/287 774/316/284
f 774/316/284 512/319/287 92/320/288 383/321/289
f 503/317/285 774/316/284 383/321/289 96/322/290
f 120/323/291 450/324/292 775/325/293 511/326/294
f 450/324/292 118/327/295 502/328/296 775/325/293
f 775/325/293 502/328/296 134/329/297 406/330/298
f 511/326/294 775/325/293 406/330/298 136/331/299
f 125/332/300 463/333/301 776/334/302 501/335/303
f 463/333/301 127/336/304 509/337/305 776/334/302
f 776/334/302 509/337/305 143/338/306 371/339/307
f 501/335/303 776/334/302 371/339/307 141/340/308
f 128/341/309 462/342/310 777/343/311 507/344/312
f 462/342/310 126/345/313 418/346/314 777/343/311
f 777/343/311 418/346/314 142/347/315 403/348/316
f 507/344/312 777/343/311 403/348/316 144/349/317
f 94/350/318 355/351/319 778/352/320 416/353/321
f 355/351/319 144/349/317 369/354/322 778/352/320
f 778/352/320 369/354/322 143/338/306 354/355/323
f 416/353/321 778/352/320 354/355/323 93/356/324
f 142/347/315 402/357/325 779/358/326 356/359/327
f 402/357/325 140/360/328 357/361/329 779/358/326
f 779/358/326 357/361/329 139/362/330 370/363/331
f 356/359/327 779/358/326 370/363/331 141/340/308
f 138/364/332 405/365/333 780/366/334 358/367/335
f 405/365/333 136/331/299 359/368/336 780/366/334
f 780/366/334 359/368/336 135/369/337 373/370/338
f 358/367/335 780/366/334 373/370/338 137/371/339
f 134/329/297 407/372/340 781/373/341 360/374/342
f 407/372/340 132/375/343 361/376/344 781/373/341
f 781/373/341 361/376/344 131/377/345 375/378/346
f 360/374/342 781/373/341 375/378/346 133/379/347
f 130/380/348 409/381/349 782/382/350 362/383/351
f 409/381/349 81/313/281 363/384/352 782/382/350
f 782/382/350 363/384/352 82/302/270 377/385/353
f 362/383/351 782/382/350 377/385/353 129/386/354
f 83/311/279 411/387/355 783/388/356 364/389/357
f 411/387/355 85/390/358 365/391/359 783/388/356
f 783/388/356 365/391/359 86/392/360 379/393/361
f 364/389/357 783/388/356 379/393/361 84/304/272
f 87/394/362 413/395/363 784/396/364 366/397/365
f 413/395/363 89/398/366 367/399/367 784/396/364
f 784/396/364 367/399/367 90/400/368 381/401/369
f 366/397/365 784/396/364 381/401/369 88/402/370
f 91/403/371 415/404/372 785/405/373 368/406/374
f 415/404/372 95/407/375 417/408/376 785/405/373
f 785/405/373 417/408/376 96/322/290 383/321/289
f 368/406/374 785/405/373 383/321/289 92/320/288
f 95/407/375 385/409/377 786/410/378 417/408/376
f 385/409/377 94/350/318 416/353/321 786/410/378
f 786/410/378 416/353/321 93/356/324 384/411/379
f 417/408/376 786/410/378 384/411/379 96/322/290
f 119/412/380 454/413/381 787/414/382 513/415/383
f 454/413/381 121/416/384 428/417/385 787/414/382
f 787/414/382 428/417/385 137/371/339 373/370/338
f 513/415/383 787/414/382 373/370/338 135/369/337
f 101/318/286 427/418/386 788/419/387 512/319/287
f 427/418/386 103/420/388 434/421/389 788/419/387
f 788/419/387 434/421/389 90/400/368 382/422/390
f 512/319/287 788/419/387 382/422/390 92/320/288
f 122/423/391 453/424/392 789/425/393 443/426/394
f 453/424/392 120/323/291 511/326/294 789/425/393
f 789/425/393 511/326/294 136/331/299 405/365/333
f 443/426/394 789/425/393 405/365/333 138/364/332
f 104/427/395 426/428/396 790/429/397 449/430/398
f 426/428/396 102/431/399 510/432/400 790/429/397
f 790/429/397 510/432/400 91/403/371 414/433/401
f 449/430/398 790/429/397 414/433/401 89/398/366
f 127/336/304 465/434/402 791/435/403 509/337/305
f 465/434/402 100/436/404 504/437/405 791/435/403
f 791/435/403 504/437/405 93/356/324 354/355/323
f 509/337/305 791/435/403 354/355/323 143/338/306
f 117/438/406 451/439/407 792/440/408 505/441/409
f 451/439/407 119/412/380 513/415/383 792/440/408
f 792/440/408 513/415/383 135/369/337 374/442/410
f 505/441/409 792/440/408 374/442/410 133/379/347
f 99/443/411 464/444/412 793/445/413 498/446/414
f 464/444/412 128/341/309 507/344/312 793/445/413
f 793/445/413 507/344/312 144/349/317 355/351/319
f 498/446/414 793/445/413 355/351/319 94/350/318
f 102/431/399 423/447/415 794/448/416 510/432/400
f 423/447/415 98/449/417 499/450/418 794/448/416
f 794/448/416 499/450/418 95/407/375 415/404/372
f 510/432/400 794/448/416 415/404/372 91/403/371
f 107/451/419 436/452/420 795/453/421 500/454/422
f 436/452/420 109/296/264 508/299/267 795/453/421
f 795/453/421 508/299/267 84/304/272 379/393/361
f 500/454/422 795/453/421 379/393/361 86/392/360
f 110/309/277 435/455/423 796/456/424 506/310/278
f 435/455/423 108/457/425 420/458/426 796/456/424
f 796/456/424 420/458/426 85/390/358 411/387/355
f 506/310/278 796/456/424 411/387/355 83/311/279
f 144/349/317 403/348/316 797/459/427 369/354/322
f 403/348/316 142/347/315 356/359/327 797/459/427
f 797/459/427 356/359/327 141/340/308 371/339/307
f 369/354/322 797/459/427 371/339/307 143/338/306
f 140/360/328 404/460/428 798/461/429 357/361/329
f 404/460/428 138/364/332 358/367/335 798/461/429
f 798/461/429 358/367/335 137/371/339 372/462/430
f 357/361/329 798/461/429 372/462/430 139/362/330
f 136/331/299 406/330/298 799/463/431 359/368/336
f 406/330/298 134/329/297 360/374/342 799/463/431
f 799/463/431 360/374/342 133/379/347 374/442/410
f 359/368/336 799/463/431 374/442/410 135/369/337
f 132/375/343 408/464/432 800/465/433 361/376/344
f 408/464/432 130/380/348 362/383/351 800/465/433
f 800/465/433 362/383/351 129/386/354 376/466/434
f 361/376/344 800/465/433 376/466/434 131/377/345
f 81/313/281 410/312/280 801/467/435 363/384/352
f 410/312/280 83/311/279 364/389/357 801/467/435
f 801/467/435 364/389/357 84/304/272 378/303/271
f 363/384/352 801/467/435 378/303/271 82/302/270
f 85/390/358 412/468/436 802/469/437 365/391/359
f 412/468/436 87/394/362 366/397/365 802/469/437
f 802/469/437 366/397/365 88/402/370 380/470/438
f 365/391/359 802/469/437 380/470/438 86/392/360
f 89/398/366 414/433/401 803/471/439 367/399/367
f 414/433/401 91/403/371 368/406/374 803/471/439
f 803/471/439 368/406/374 92/320/288 382/422/390
f 367/399/367 803/471/439 382/422/390 90/400/368
f 115/472/440 448/473/441 804/474/442 422/475/443
f 448/473/441 117/438/406 505/441/409 804/474/442
f 804/474/442 505/441/409 133/379/347 375/378/346
f 422/475/443 804/474/442 375/378/346 131/377/345
f 100/436/404 421/476/444 805/477/445 504/437/405
f 421/476/444 97/314/282 503/317/285 805/477/445
f 805/477/445 503/317/285 96/322/290 384/411/379
f 504/437/405 805/477/445 384/411/379 93/356/324
f 118/327/295 447/478/446 806/479/447 502/328/296
f 447/478/446 116/480/448 425/481/449 806/479/447
f 806/479/447 425/481/449 132/375/343 407/372/340
f 502/328/296 806/479/447 407/372/340 134/329/297
f 123/482/450 460/483/451 807/484/452 431/485/453
f 460/483/451 125/332/300 501/335/303 807/484/452
f 807/484/452 501/335/303 141/340/308 370/363/331
f 431/485/453 807/484/452 370/363/331 139/362/330
f 105/486/454 433/487/455 808/488/456 437/489/457
f 433/487/455 107/451/419 500/454/422 808/488/456
f 808/488/456 500/454/422 86/392/360 380/470/438
f 437/489/457 808/488/456 380/470/438 88/402/370
f 98/449/417 419/490/458 809/491/459 499/450/418
f 419/490/458 99/443/411 498/446/414 809/491/459
f 809/491/459 498/446/414 94/350/318 385/409/377
f 499/450/418 809/491/459 385/409/377 95/407/375
f 126/345/313 459/492/460 810/493/461 418/346/314
f 459/492/460 124/494/462 440/495/463 810/493/461
f 810/493/461 440/495/463 140/360/328 402/357/325
f 418/346/314 810/493/461 402/357/325 142/347/315
f 108/457/425 432/496/464 811/497/465 420/458/426
f 432/496/464 106/498/466 446/499/467 811/497/465
f 811/497/465 446/499/467 87/394/362 412/468/436
f 420/458/426 811/497/465 412/468/436 85/390/358
f 113/500/468 445/501/469 812/502/470 455/503/471
f 445/501/469 115/472/440 422/475/443 812/502/470
f 812/502/470 422/475/443 131/377/345 376/466/434
f 455/503/471 812/502/470 376/466/434 129/386/354
f 116/480/448 444/504/472 813/505/473 425/481/449
f 444/504/472 114/506/474 458/507/475 813/505/473
f 813/505/473 458/507/475 130/380/348 408/464/432
f 425/481/449 813/505/473 408/464/432 132/375/343
f 121/416/384 457/508/476 814/509/477 428/417/385
f 457/508/476 123/482/450 431/485/453 814/509/477
f 814/509/477 431/485/453 139/362/330 372/462/430
f 428/417/385 814/509/477 372/462/430 137/371/339
f 103/420/388 430/510/478 815/511/479 434/421/389
f 430/510/478 105/486/454 437/489/457 815/511/479
f 815/511/479 437/489/457 88/402/370 381/401/369
f 434/421/389 815/511/479 381/401/369 90/400/368
f 124/494/462 456/512/480 816/513/481 440/495/463
f 456/512/480 122/423/391 443/426/394 816/513/481
f 816/513/481 443/426/394 138/364/332 404/460/428
f 440/495/463 816/513/481 404/460/428 140/360/328
f 106/498/466 429/514/482 817/515/483 446/499/467
f 429/514/482 104/427/395 449/430/398 817/515/483
f 817/515/483 449/430/398 89/398/366 413/395/363
f 446/499/467 817/515/483 413/395/363 87/394/362
f 111/300/268 442/516/484 818/517/485 452/301/269
f 442/516/484 113/500/468 455/503/471 818/517/485
f 818/517/485 455/503/471 129/386/354 377/385/353
f 452/301/269 818/517/485 377/385/353 82/302/270
f 114/506/474 441/518/486 819/519/487 458/507/475
f 441/518/486 112/305/273 461/308/276 819/519/487
f 819/519/487 461/308/276 81/313/281 409/381/349
f 458/507/475 819/519/487 409/381/349 130/380/348
f 163/520/488 386/521/489 820/522/490 466/523/491
f 386/521/489 162/524/492 467/525/493 820/522/490
f 820/522/490 467/525/493 97/314/282 421/476/444
f 466/523/491 820/522/490 421/476/444 100/436/404
f 98/449/417 423/447/415 821/526/494 468/527/495
f 423/447/415 102/431/399 469/528/496 821/526/494
f 821/526/494 469/528/496 67/240/208 323/238/206
f 468/527/495 821/526/494 323/238/206 65/236/204
f 99/443/411 419/490/458 822/529/497 470/530/498
f 419/490/458 98/449/417 468/527/495 822/529/497
f 822/529/497 468/527/495 65/236/204 322/233/201
f 470/530/498 822/529/497 322/233/201 66/232/200
f 162/524/492 387/531/499 823/532/500 467/525/493
f 387/531/499 164/533/501 471/534/502 823/532/500
f 823/532/500 471/534/502 101/318/286 424/315/283
f 467/525/493 823/532/500 424/315/283 97/314/282
f 177/535/503 401/536/504 824/537/505 472/538/506
f 401/536/504 163/520/488 466/523/491 824/537/505
f 824/537/505 466/523/491 100/436/404 465/434/402
f 472/538/506 824/537/505 465/434/402 127/336/304
f 128/341/309 464/444/412 825/539/507 473/540/508
f 464/444/412 99/443/411 470/530/498 825/539/507
f 825/539/507 470/530/498 66/232/200 337/294/262
f 473/540/508 825/539/507 337/294/262 80/292/260
f 102/431/399 426/428/396 826/541/509 469/528/496
f 426/428/396 104/427/395 474/542/510 826/541/509
f 826/541/509 474/542/510 68/244/212 324/242/210
f 469/528/496 826/541/509 324/242/210 67/240/208
f 164/533/501 388/543/511 827/544/512 471/534/502
f 388/543/511 165/545/513 475/546/514 827/544/512
f 827/544/512 475/546/514 103/420/388 427/418/386
f 471/534/502 827/544/512 427/418/386 101/318/286
f 104/427/395 429/514/482 828/547/515 474/542/510
f 429/514/482 106/498/466 476/548/516 828/547/515
f 828/547/515 476/548/516 69/248/216 325/246/214
f 474/542/510 828/547/515 325/246/214 68/244/212
f 165/545/513 389/549/517 829/550/518 475/546/514
f 389/549/517 166/551/519 477/552/520 829/550/518
f 829/550/518 477/552/520 105/486/454 430/510/478
f 475/546/514 829/550/518 430/510/478 103/420/388
f 106/498/466 432/496/464 830/553/521 476/548/516
f 432/496/464 108/457/425 478/554/522 830/553/521
f 830/553/521 478/554/522 70/252/220 326/250/218
f 476/548/516 830/553/521 326/250/218 69/248/216
f 166/551/519 390/555/523 831/556/524 477/552/520
f 390/555/523 167/557/525 479/558/526 831/556/524
f 831/556/524 479/558/526 107/451/419 433/487/455
f 477/552/520 831/556/524 433/487/455 105/486/454
f 108/457/425 435/455/423 832/559/527 478/554/522
f 435/455/423 110/309/277 480/560/528 832/559/527
f 832/559/527 480/560/528 71/256/224 327/254/222
f 478/554/522 832/559/527 327/254/222 70/252/220
f 167/557/525 391/561/529 833/562/530 479/558/526
f 391/561/529 168/563/531 481/564/532 833/562/530
f 833/562/530 481/564/532 109/296/264 436/452/420
f 479/558/526 833/562/530 436/452/420 107/451/419
f 110/309/277 438/306/274 834/565/533 480/560/528
f 438/306/274 112/305/273 482/566/534 834/565/533
f 834/565/533 482/566/534 72/260/228 328/258/226
f 480/560/528 834/565/533 328/258/226 71/256/224
f 168/563/531 392/567/535 835/568/536 481/564/532
f 392/567/535 169/569/537 483/570/538 835/568/536
f 835/568/536 483/570/538 111/300/268 439/297/265
f 481/564/532 835/568/536 439/297/265 109/296/264
f 112/305/273 441/518/486 836/571/539 482/566/534
f 441/518/486 114/506/474 484/572/540 836/571/539
f 836/571/539 484/572/540 73/264/232 329/262/230
f 482/566/534 836/571/539 329/262/230 72/260/228
f 169/569/537 393/573/541 837/574/542 483/570/538
f 393/573/541 170/575/543 485/576/544 837/574/542
f 837/574/542 485/576/544 113/500/468 442/516/484
f 483/570/538 837/574/542 442/516/484 111/300/268
f 114/506/474 444/504/472 838/577/545 484/572/540
f 444/504/472 116/480/448 486/578/546 838/577/545
f 838/577/545 486/578/546 74/268/236 330/266/234
f 484/572/540 838/577/545 330/266/234 73/264/232
f 170/575/543 394/579/547 839/580/548 485/576/544
f 394/579/547 171/581/549 487/582/550 839/580/548
f 839/580/548 487/582/550 115/472/440 445/501/469
f 485/576/544 839/580/548 445/501/469 113/500/468
f 116/480/448 447/478/446 840/583/551 486/578/546
f 447/478/446 118/327/295 488/584/552 840/583/551
f 840/583/551 488/584/552 75/272/240 331/270/238
f 486/578/546 840/583/551 331/270/238 74/268/236
f 171/581/549 395/585/553 841/586/554 487/582/550
f 395/585/553 172/587/555 489/588/556 841/586/554
f 841/586/554 489/588/556 117/438/406 448/473/441
f 487/582/550 841/586/554 448/473/441 115/472/440
f 118/327/295 450/324/292 842/589/557 488/584/552
f 450/324/292 120/323/291 490/590/558 842/589/557
f 842/589/557 490/590/558 76/276/244 332/274/242
f 488/584/552 842/589/557 332/274/242 75/272/240
f 172/587/555 396/591/559 843/592/560 489/588/556
f 396/591/559 173/593/561 491/594/562 843/592/560
f 843/592/560 491/594/562 119/412/380 451/439/407
f 489/588/556 843/592/560 451/439/407 117/438/406
f 120/323/291 453/424/392 844/595/563 490/590/558
f 453/424/392 122/423/391 492/596/564 844/595/563
f 844/595/563 492/596/564 77/280/248 333/278/246
f 490/590/558 844/595/563 333/278/246 76/276/244
f 173/593/561 397/597/565 845/598/566 491/594/562
f 397/597/565 174/599/567 493/600/568 845/598/566
f 845/598/566 493/600/568 121/416/384 454/413/381
f 491/594/562 845/598/566 454/413/381 119/412/380
f 122/423/391 456/512/480 846/601/569 492/596/564
f 456/512/480 124/494/462 494/602/570 846/601/569
f 846/601/569 494/602/570 78/284/252 334/282/250
f 492/596/564 846/601/569 334/282/250 77/280/248
f 174/599/567 398/603/571 847/604/572 493/600/568
f 398/603/571 175/605/573 495/606/574 847/604/572
f 847/604/572 495/606/574 123/482/450 457/508/476
f 493/600/568 847/604/572 457/508/476 121/416/384
f 124/494/462 459/492/460 848/607/575 494/602/570
f 459/492/460 126/345/313 496/608/576 848/607/575
f 848/607/575 496/608/576 79/288/256 335/286/254
f 494/602/570 848/607/575 335/286/254 78/284/252
f 175/605/573 399/609/577 849/610/578 495/606/574
f 399/609/577 176/611/579 497/612/580 849/610/578
f 849/610/578 497/612/580 125/332/300 460/483/451
f 495/606/574 849/610/578 460/483/451 123/482/450
f 126/345/313 462/342/310 850/613/581 496/608/576
f 462/342/310 128/341/309 473/540/508 850/613/581
f 850/613/581 473/540/508 80/292/260 336/290/258
f 496/608/576 850/613/581 336/290/258 79/288/256
f 176/611/579 400/614/582 851/615/583 497/612/580
f 400/614/582 177/535/503 472/538/506 851/615/583
f 851/615/583 472/538/506 127/336/304 463/333/301
f 497/612/580 851/615/583 463/333/301 125/332/300
f 17/616/584 274/617/585 852/618/586 514/619/587
f 18/620/588 515/621/589 852/618/586 274/617/585
f 145/622/590 514/619/587 852/618/586 515/621/589
f 18/620/588 278/623/591 853/624/592 515/621/589
f 21/625/593 516/626/594 853/624/592 278/623/591
f 145/622/590 515/621/589 853/624/592 516/626/594
f 21/625/593 281/627/595 854/628/596 516/626/594
f 23/629/597 517/630/598 854/628/596 281/627/595
f 145/622/590 516/626/594 854/628/596 517/630/598
f 23/629/597 284/631/599 855/632/600 517/630/598
f 25/633/601 518/634/602 855/632/600 284/631/599
f 145/622/590 517/630/598 855/632/600 518/634/602
f 25/633/601 287/635/603 856/636/604 518/634/602
f 27/637/605 519/638/606 856/636/604 287/635/603
f 145/622/590 518/634/602 856/636/604 519/638/606
f 27/637/605 290/639/607 857/640/608 519/638/606
f 29/641/609 520/642/610 857/640/608 290/639/607
f 145/622/590 519/638/606 857/640/608 520/642/610
f 29/641/609 293/643/611 858/644/612 520/642/610
f 31/645/613 521/646/614 858/644/612 293/643/611
f 145/622/590 520/642/610 858/644/612 521/646/614
f 31/645/613 296/647/615 859/648/616 521/646/614
f 33/649/617 522/650/618 859/648/616 296/647/615
f 145/622/590 521/646/614 859/648/616 522/650/618
f 33/649/617 299/651/619 860/652/620 522/650/618
f 35/653/621 523/654/622 860/652/620 299/651/619
f 145/622/590 522/650/618 860/652/620 523/654/622
f 35/653/621 302/655/623 861/656/624 523/654/622
f 37/657/625 524/658/626 861/656/624 302/655/623
f 145/622/590 523/654/622 861/656/624 524/658/626
f 37/657/625 305/659/627 862/660/628 524/658/626
f 39/661/629 525/662/630 862/660/628 305/659/627
f 145/622/590 524/658/626 862/660/628 525/662/630
f 39/661/629 308/663/631 863/664/632 525/662/630
f 41/665/633 526/666/634 863/664/632 308/663/631
f 145/622/590 525/662/630 863/664/632 526/666/634
f 41/665/633 311/667/635 864/668/636 526/666/634
f 43/669/637 527/670/638 864/668/636 311/667/635
f 145/622/590 526/666/634 864/668/636 527/670/638
f 43/669/637 314/671/639 865/672/640 527/670/638
f 45/673/641 528/674/642 865/672/640 314/671/639
f 145/622/590 527/670/638 865/672/640 528/674/642
f 45/673/641 317/675/643 866/676/644 528/674/642
f 47/677/645 529/678/646 866/676/644 317/675/643
f 145/622/590 528/674/642 866/676/644 529/678/646
f 47/677/645 320/679/647 867/680/648 529/678/646
f 17/616/584 514/619/587 867/680/648 320/679/647
f 145/622/590 529/678/646 867/680/648 514/619/587
f 223/681/649 671/682/650 868/683/651 688/684/652
f 671/682/650 160/216/187 547/218/189 868/683/651
f 868/683/651 547/218/189 161/222/191 672/227/195
f 688/684/652 868/683/651 672/227/195 224/226/194
f 222/685/653 670/686/654 869/687/655 687/688/656
f 670/686/654 159/210/183 548/212/185 869/687/655
f 869/687/655 548/212/185 160/216/187 671/682/650
f 687/688/656 869/687/655 671/682/650 223/681/649
f 221/689/657 669/690/658 870/691/659 686/692/660
f 669/690/658 158/204/179 549/206/181 870/691/659
f 870/691/659 549/206/181 159/210/183 670/686/654
f 686/692/660 870/691/659 670/686/654 222/685/653
f 220/693/661 668/694/662 871/695/663 685/696/664
f 668/694/662 157/198/175 550/200/177 871/695/663
f 871/695/663 550/200/177 158/204/179 669/690/658
f 685/696/664 871/695/663 669/690/658 221/689/657
f 219/697/665 667/698/666 872/699/667 684/700/668
f 667/698/666 156/192/171 551/194/173 872/699/667
f 872/699/667 551/194/173 157/198/175 668/694/662
f 684/700/668 872/699/667 668/694/662 220/693/661
f 218/701/669 666/702/670 873/703/671 683/704/672
f 666/702/670 155/186/167 552/188/169 873/703/671
f 873/703/671 552/188/169 156/192/171 667/698/666
f 683/704/672 873/703/671 667/698/666 219/697/665
f 217/705/673 665/706/674 874/707/675 682/708/676
f 665/706/674 154/180/163 553/182/165 874/707/675
f 874/707/675 553/182/165 155/186/167 666/702/670
f 682/708/676 874/707/675 666/702/670 218/701/669
f 216/709/677 664/710/678 875/711/679 681/712/680
f 664/710/678 153/174/159 554/176/161 875/711/679
f 875/711/679 554/176/161 154/180/163 665/706/674
f 681/712/680 875/711/679 665/706/674 217/705/673
f 215/713/681 663/714/682 876/715/683 680/716/684
f 663/714/682 152/168/155 555/170/157 876/715/683
f 876/715/683 555/170/157 153/174/159 664/710/678
f 680/716/684 876/715/683 664/710/678 216/709/677
f 214/717/685 662/718/686 877/719/687 679/720/688
f 662/718/686 151/162/151 556/164/153 877/719/687
f 877/719/687 556/164/153 152/168/155 663/714/682
f 679/720/688 877/719/687 663/714/682 215/713/681
f 213/721/689 661/722/690 878/723/691 678/724/692
f 661/722/690 150/156/147 557/158/149 878/723/691
f 878/723/691 557/158/149 151/162/151 662/718/686
f 678/724/692 878/723/691 662/718/686 214/717/685
f 212/725/693 660/726/694 879/727/695 677/728/696
f 660/726/694 149/150/143 558/152/145 879/727/695
f 879/727/695 558/152/145 150/156/147 661/722/690
f 677/728/696 879/727/695 661/722/690 213/721/689
f 211/729/697 659/730/698 880/731/699 676/732/700
f 659/730/698 148/144/139 559/146/141 880/731/699
f 880/731/699 559/146/141 149/150/143 660/726/694
f 676/732/700 880/731/699 660/726/694 212/725/693
f 210/733/701 658/734/702 881/735/703 675/736/704
f 658/734/702 147/138/135 560/140/137 881/735/703
f 881/735/703 560/140/137 148/144/139 659/730/698
f 675/736/704 881/735/703 659/730/698 211/729/697
f 225/231/199 530/230/198 882/737/705 674/738/706
f 530/230/198 146/130/130 561/133/133 882/737/705
f 882/737/705 561/133/133 147/138/135 658/734/702
f 674/738/706 882/737/705 658/734/702 210/733/701
f 179/739/707 562/740/708 883/741/709 578/742/710
f 562/740/708 178/743/711 579/744/712 883/741/709
f 883/741/709 579/744/712 162/524/492 386/521/489
f 578/742/710 883/741/709 386/521/489 163/520/488
f 178/743/711 563/745/713 884/746/714 579/744/712
f 563/745/713 180/747/715 580/748/716 884/746/714
f 884/746/714 580/748/716 164/533/501 387/531/499
f 579/744/712 884/746/714 387/531/499 162/524/492
f 180/747/715 564/749/717 885/750/718 580/748/716
f 564/749/717 181/751/719 581/752/720 885/750/718
f 885/750/718 581/752/720 165/545/513 388/543/511
f 580/748/716 885/750/718 388/543/511 164/533/501
f 181/751/719 565/753/721 886/754/722 581/752/720
f 565/753/721 182/755/723 582/756/724 886/754/722
f 886/754/722 582/756/724 166/551/519 389/549/517
f 581/752/720 886/754/722 389/549/517 165/545/513
f 182/755/723 566/757/725 887/758/726 582/756/724
f 566/757/725 183/759/727 583/760/728 887/758/726
f 887/758/726 583/760/728 167/557/525 390/555/523
f 582/756/724 887/758/726 390/555/523 166/551/519
f 183/759/727 567/761/729 888/762/730 583/760/728
f 567/761/729 184/763/731 584/764/732 888/762/730
f 888/762/730 584/764/732 168/563/531 391/561/529
f 583/760/728 888/762/730 391/561/529 167/557/525
f 184/763/731 568/765/733 889/766/734 584/764/732
f 568/765/733 185/767/735 585/768/736 889/766/734
f 889/766/734 585/768/736 169/569/537 392/567/535
f 584/764/732 889/766/734 392/567/535 168/563/531
f 185/767/735 569/769/737 890/770/738 585/768/736
f 569/769/737 186/771/739 586/772/740 890/770/738
f 890/770/738 586/772/740 170/575/543 393/573/541
f 585/768/736 890/770/738 393/573/541 169/569/537
f 186/771/739 570/773/741 891/774/742 586/772/740
f 570/773/741 187/775/743 587/776/744 891/774/742
f 891/774/742 587/776/744 171/581/549 394/579/547
f 586/772/740 891/774/742 394/579/547 170/575/543
f 187/775/743 571/777/745 892/778/746 587/776/744
f 571/777/745 188/779/747 588/780/748 892/778/746
f 892/778/746 588/780/748 172/587/555 395/585/553
f 587/776/744 892/778/746 395/585/553 171/581/549
f 188/779/747 572/781/749 893/782/750 588/780/748
f 572/781/749 189/783/751 589/784/752 893/782/750
f 893/782/750 589/784/752 173/593/561 396/591/559
f 588/780/748 893/782/750 396/591/559 172/587/555
f 189/783/751 573/785/753 894/786/754 589/784/752
f 573/785/753 190/787/755 590/788/756 894/786/754
f 894/786/754 590/788/756 174/599/567 397/597/565
f 589/784/752 894/786/754 397/597/565 173/593/561
f 190/787/755 574/789/757 895/790/758 590/788/756
f 574/789/757 191/791/759 591/792/760 895/790/758
f 895/790/758 591/792/760 175/605/573 398/603/571
f 590/788/756 895/790/758 398/603/571 174/599/567
f 191/791/759 575/793/761 896/794/762 591/792/760
f 575/793/761 192/795/763 592/796/764 896/794/762
f 896/794/762 592/796/764 176/611/579 399/609/577
f 591/792/760 896/794/762 399/609/577 175/605/573
f 192/795/763 576/797/765 897/798/766 592/796/764
f 576/797/765 193/799/767 593/800/768 897/798/766
f 897/798/766 593/800/768 177/535/503 400/614/582
f 592/796/764 897/798/766 400/614/582 176/611/579
f 193/799/767 577/801/769 898/802/770 593/800/768
f 577/801/769 179/739/707 578/742/710 898/802/770
f 898/802/770 578/742/710 163/520/488 401/536/504
f 593/800/768 898/802/770 401/536/504 177/535/503
f 195/803/771 594/804/772 899/805/773 610/806/774
f 594/804/772 194/807/775 611/808/776 899/805/773
f 899/805/773 611/808/776 178/743/711 562/740/708
f 610/806/774 899/805/773 562/740/708 179/739/707
f 194/807/775 595/809/777 900/810/778 611/808/776
f 595/809/777 196/811/779 612/812/780 900/810/778
f 900/810/778 612/812/780 180/747/715 563/745/713
f 611/808/776 900/810/778 563/745/713 178/743/711
f 196/811/779 596/813/781 901/814/782 612/812/780
f 596/813/781 197/815/783 613/816/784 901/814/782
f 901/814/782 613/816/784 181/751/719 564/749/717
f 612/812/780 901/814/782 564/749/717 180/747/715
f 197/815/783 597/817/785 902/818/786 613/816/784
f 597/817/785 198/819/787 614/820/788 902/818/786
f 902/818/786 614/820/788 182/755/723 565/753/721
f 613/816/784 902/818/786 565/753/721 181/751/719
f 198/819/787 598/821/789 903/822/790 614/820/788
f 598/821/789 199/823/791 615/824/792 903/822/790
f 903/822/790 615/824/792 183/759/727 566/757/725
f 614/820/788 903/822/790 566/757/725 182/755/723
f 199/823/791 599/825/793 904/826/794 615/824/792
f 599/825/793 200/827/795 616/828/796 904/826/794
f 904/826/794 616/828/796 184/763/731 567/761/729
f 615/824/792 904/826/794 567/761/729 183/759/727
f 200/827/795 600/829/797 905/830/798 616/828/796
f 600/829/797 201/831/799 617/832/800 905/830/798
f 905/830/798 617/832/800 185/767/735 568/765/733
f 616/828/796 905/830/798 568/765/733 184/763/731
f 201/831/799 601/833/801 906/834/802 617/832/800
f 601/833/801 202/835/803 618/836/804 906/834/802
f 906/834/802 618/836/804 186/771/739 569/769/737
f 617/832/800 906/834/802 569/769/737 185/767/735
f 202/835/803 602/837/805 907/838/806 618/836/804
f 602/837/805 203/839/807 619/840/808 907/838/806
f 907/838/806 619/840/808 187/775/743 570/773/741
f 618/836/804 907/838/806 570/773/741 186/771/739
f 203/839/807 603/841/809 908/842/810 619/840/808
f 603/841/809 204/843/811 620/844/812 908/842/810
f 908/842/810 620/844/812 188/779/747 571/777/745
f 619/840/808 908/842/810 571/777/745 187/775/743
f 204/843/811 604/845/813 909/846/814 620/844/812
f 604/845/813 205/847/815 621/848/816 909/846/814
f 909/846/814 621/848/816 189/783/751 572/781/749
f 620/844/812 909/846/814 572/781/749 188/779/747
f 205/847/815 605/849/817 910/850/818 621/848/816
f 605/849/817 206/851/819 622/852/820 910/850/818
f 910/850/818 622/852/820 190/787/755 573/785/753
f 621/848/816 910/850/818 573/785/753 189/783/751
f 206/851/819 606/853/821 911/854/822 622/852/820
f 606/853/821 207/855/823 623/856/824 911/854/822
f 911/854/822 623/856/824 191/791/759 574/789/757
f 622/852/820 911/854/822 574/789/757 190/787/755
f 207/855/823 607/857/825 912/858/826 623/856/824
f 607/857/825 208/859/827 624/860/828 912/858/826
f 912/858/826 624/860/828 192/795/763 575/793/761
f 623/856/824 912/858/826 575/793/761 191/791/759
f 208/859/827 608/861/829 913/862/830 624/860/828
f 608/861/829 209/863/831 625/864/832 913/862/830
f 913/862/830 625/864/832 193/799/767 576/797/765
f 624/860/828 913/862/830 576/797/765 192/795/763
f 209/863/831 609/865/833 914/866/834 625/864/832
f 609/865/833 195/803/771 610/806/774 914/866/834
f 914/866/834 610/806/774 179/739/707 577/801/769
f 625/864/832 914/866/834 577/801/769 193/799/767
f 2/92/92 626/89/89 915/867/835 642/868/836
f 626/89/89 1/88/88 643/869/837 915/867/835
f 915/867/835 643/869/837 194/807/775 594/804/772
f 642/868/836 915/867/835 594/804/772 195/803/771
f 1/88/88 627/91/91 916/870/838 643/869/837
f 627/91/91 3/120/120 644/871/839 916/870/838
f 916/870/838 644/871/839 196/811/779 595/809/777
f 643/869/837 916/870/838 595/809/777 194/807/775
f 3/120/120 628/119/119 917/872/840 644/871/839
f 628/119/119 4/118/118 645/873/841 917/872/840
f 917/872/840 645/873/841 197/815/783 596/813/781
f 644/871/839 917/872/840 596/813/781 196/811/779
f 4/118/118 629/117/117 918/874/842 645/873/841
f 629/117/117 5/116/116 646/875/843 918/874/842
f 918/874/842 646/875/843 198/819/787 597/817/785
f 645/873/841 918/874/842 597/817/785 197/815/783
f 5/116/116 630/115/115 919/876/844 646/875/843
f 630/115/115 6/114/114 647/877/845 919/876/844
f 919/876/844 647/877/845 199/823/791 598/821/789
f 646/875/843 919/876/844 598/821/789 198/819/787
f 6/114/114 631/113/113 920/878/846 647/877/845
f 631/113/113 7/112/112 648/879/847 920/878/846
f 920/878/846 648/879/847 200/827/795 599/825/793
f 647/877/845 920/878/846 599/825/793 199/823/791
f 7/112/112 632/111/111 921/880/848 648/879/847
f 632/111/111 8/110/110 649/881/849 921/880/848
f 921/880/848 649/881/849 201/831/799 600/829/797
f 648/879/847 921/880/848 600/829/797 200/827/795
f 8/110/110 633/109/109 922/882/850 649/881/849
f 633/109/109 9/108/108 650/883/851 922/882/850
f 922/882/850 650/883/851 202/835/803 601/833/801
f 649/881/849 922/882/850 601/833/801 201/831/799
f 9/108/108 634/107/107 923/884/852 650/883/851
f 634/107/107 10/106/106 651/885/853 923/884/852
f 923/884/852 651/885/853 203/839/807 602/837/805
f 650/883/851 923/884/852 602/837/805 202/835/803
f 10/106/106 635/105/105 924/886/854 651/885/853
f 635/105/105 11/104/104 652/887/855 924/886/854
f 924/886/854 652/887/855 204/843/811 603/841/809
f 651/885/853 924/886/854 603/841/809 203/839/807
f 11/104/104 636/103/103 925/888/856 652/887/855
f 636/103/103 12/102/102 653/889/857 925/888/856
f 925/888/856 653/889/857 205/847/815 604/845/813
f 652/887/855 925/888/856 604/845/813 204/843/811
f 12/102/102 637/101/101 926/890/858 653/889/857
f 637/101/101 13/100/100 654/891/859 926/890/858
f 926/890/858 654/891/859 206/851/819 605/849/817
f 653/889/857 926/890/858 605/849/817 205/847/815
f 13/100/100 638/99/99 927/892/860 654/891/859
f 638/99/99 14/98/98 655/893/861 927/892/860
f 927/892/860 655/893/861 207/855/823 606/853/821
f 654/891/859 927/892/860 606/853/821 206/851/819
f 14/98/98 639/97/97 928/894/862 655/893/861
f 639/97/97 15/96/96 656/895/863 928/894/862
f 928/894/862 656/895/863 208/859/827 607/857/825
f 655/893/861 928/894/862 607/857/825 207/855/823
f 15/96/96 640/95/95 929/896/864 656/895/863
f 640/95/95 16/94/94 657/897/865 929/896/864
f 929/896/864 657/897/865 209/863/831 608/861/829
f 656/895/863 929/896/864 608/861/829 208/859/827
f 16/94/94 641/93/93 930/898/866 657/897/865
f 641/93/93 2/92/92 642/868/836 930/898/866
f 930/898/866 642/868/836 195/803/771 609/865/833
f 657/897/865 930/898/866 609/865/833 209/863/831
f 241/899/867 673/900/868 931/901/869 721/902/870
f 673/900/868 225/231/199 674/738/706 931/901/869
f 931/901/869 674/738/706 210/733/701 690/903/871
f 721/902/870 931/901/869 690/903/871 226/904/872
f 226/904/872 690/903/871 932/905/873 720/906/874
f 690/903/871 210/733/701 675/736/704 932/905/873
f 932/905/873 675/736/704 211/729/697 691/907/875
f 720/906/874 932/905/873 691/907/875 227/908/876
f 227/908/876 691/907/875 933/909/877 719/910/878
f 691/907/875 211/729/697 676/732/700 933/909/877
f 933/909/877 676/732/700 212/725/693 692/911/879
f 719/910/878 933/909/877 692/911/879 228/912/880
f 228/912/880 692/911/879 934/913/881 718/914/882
f 692/911/879 212/725/693 677/728/696 934/913/881
f 934/913/881 677/728/696 213/721/689 693/915/883
f 718/914/882 934/913/881 693/915/883 229/916/884
f 229/916/884 693/915/883 935/917/885 717/918/886
f 693/915/883 213/721/689 678/724/692 935/917/885
f 935/917/885 678/724/692 214/717/685 694/919/887
f 717/918/886 935/917/885 694/919/887 230/920/888
f 230/920/888 694/919/887 936/921/889 716/922/890
f 694/919/887 214/717/685 679/720/688 936/921/889
f 936/921/889 679/720/688 215/713/681 695/923/891
f 716/922/890 936/921/889 695/923/891 231/924/892
f 231/924/892 695/923/891 937/925/893 715/926/894
f 695/923/891 215/713/681 680/716/684 937/925/893
f 937/925/893 680/716/684 216/709/677 696/927/895
f 715/926/894 937/925/893 696/927/895 232/928/896
f 232/928/896 696/927/895 938/929/897 714/930/898
f 696/927/895 216/709/677 681/712/680 938/929/897
f 938/929/897 681/712/680 217/705/673 697/931/899
f 714/930/898 938/929/897 697/931/899 233/932/900
f 233/932/900 697/931/899 939/933/901 713/934/902
f 697/931/899 217/705/673 682/708/676 939/933/901
f 939/933/901 682/708/676 218/701/669 698/935/903
f 713/934/902 939/933/901 698/935/903 234/936/904
f 234/936/904 698/935/903 940/937/905 712/938/906
f 698/935/903 218/701/669 683/704/672 940/937/905
f 940/937/905 683/704/672 219/697/665 699/939/907
f 712/938/906 940/937/905 699/939/907 235/940/908
f 235/940/908 699/939/907 941/941/909 711/942/910
f 699/939/907 219/697/665 684/700/668 941/941/909
f 941/941/909 684/700/668 220/693/661 700/943/911
f 711/942/910 941/941/909 700/943/911 236/944/912
f 236/944/912 700/943/911 942/945/913 710/946/914
f 700/943/911 220/693/661 685/696/664 942/945/913
f 942/945/913 685/696/664 221/689/657 701/947/915
f 710/946/914 942/945/913 701/947/915 237/948/916
f 237/948/916 701/947/915 943/949/917 709/950/918
f 701/947/915 221/689/657 686/692/660 943/949/917
f 943/949/917 686/692/660 222/685/653 702/951/919
f 709/950/918 943/949/917 702/951/919 238/952/920
f 238/952/920 702/951/919 944/953/921 708/954/922
f 702/951/919 222/685/653 687/688/656 944/953/921
f 944/953/921 687/688/656 223/681/649 703/955/923
f 708/954/922 944/953/921 703/955/923 239/956/924
f 239/956/924 703/955/923 945/957/925 707/958/926
f 703/955/923 223/681/649 688/684/652 945/957/925
f 945/957/925 688/684/652 224/226/194 704/959/927
f 707/958/926 945/957/925 704/959/927 240/960/928
f 240/960/928 704/959/927 946/961/929 706/962/930
f 704/959/927 224/226/194 689/229/197 946/961/929
f 946/961/929 689/229/197 225/231/199 673/900/868
f 706/962/930 946/961/929 673/900/868 241/899/867
f 47/677/645 319/963/931 947/964/932 320/679/647
f 319/963/931 240/960/928 706/962/930 947/964/932
f 947/964/932 706/962/930 241/899/867 705/965/933
f 320/679/647 947/964/932 705/965/933 17/616/584
f 45/673/641 316/966/934 948/967/935 317/675/643
f 316/966/934 239/956/924 707/958/926 948/967/935
f 948/967/935 707/958/926 240/960/928 319/963/931
f 317/675/643 948/967/935 319/963/931 47/677/645
f 43/669/637 313/968/936 949/969/937 314/671/639
f 313/968/936 238/952/920 708/954/922 949/969/937
f 949/969/937 708/954/922 239/956/924 316/966/934
f 314/671/639 949/969/937 316/966/934 45/673/641
f 41/665/633 310/970/938 950/971/939 311/667/635
f 310/970/938 237/948/916 709/950/918 950/971/939
f 950/971/939 709/950/918 238/952/920 313/968/936
f 311/667/635 950/971/939 313/968/936 43/669/637
f 39/661/629 307/972/940 951/973/941 308/663/631
f 307/972/940 236/944/912 710/946/914 951/973/941
f 951/973/941 710/946/914 237/948/916 310/970/938
f 308/663/631 951/973/941 310/970/938 41/665/633
f 37/657/625 304/974/942 952/975/943 305/659/627
f 304/974/942 235/940/908 711/942/910 952/975/943
f 952/975/943 711/942/910 236/944/912 307/972/940
f 305/659/627 952/975/943 307/972/940 39/661/629
f 35/653/621 301/976/944 953/977/945 302/655/623
f 301/976/944 234/936/904 712/938/906 953/977/945
f 953/977/945 712/938/906 235/940/908 304/974/942
f 302/655/623 953/977/945 304/974/942 37/657/625
f 33/649/617 298/978/946 954/979/947 299/651/619
f 298/978/946 233/932/900 713/934/902 954/979/947
f 954/979/947 713/934/902 234/936/904 301/976/944
f 299/651/619 954/979/947 301/976/944 35/653/621
f 31/645/613 295/980/948 955/981/949 296/647/615
f 295/980/948 232/928/896 714/930/898 955/981/949
f 955/981/949 714/930/898 233/932/900 298/978/946
f 296/647/615 955/981/949 298/978/946 33/649/617
f 29/641/609 292/982/950 956/983/951 293/643/611
f 292/982/950 231/924/892 715/926/894 956/983/951
f 956/983/951 715/926/894 232/928/896 295/980/948
f 293/643/611 956/983/951 295/980/948 31/645/613
f 27/637/605 289/984/952 957/985/953 290/639/607
f 289/984/952 230/920/888 716/922/890 957/985/953
f 957/985/953 716/922/890 231/924/892 292/982/950
f 290/639/607 957/985/953 292/982/950 29/641/609
f 25/633/601 286/986/954 958/987/955 287/635/603
f 286/986/954 229/916/884 717/918/886 958/987/955
f 958/987/955 717/918/886 230/920/888 289/984/952
f 287/635/603 958/987/955 289/984/952 27/637/605
f 23/629/597 283/988/956 959/989/957 284/631/599
f 283/988/956 228/912/880 718/914/882 959/989/957
f 959/989/957 718/914/882 229/916/884 286/986/954
f 284/631/599 959/989/957 286/986/954 25/633/601
f 21/625/593 280/990/958 960/991/959 281/627/595
f 280/990/958 227/908/876 719/910/878 960/991/959
f 960/991/959 719/910/878 228/912/880 283/988/956
f 281/627/595 960/991/959 283/988/956 23/629/597
f 18/620/588 277/992/960 961/993/961 278/623/591
f 277/992/960 226/904/872 720/906/874 961/993/961
f 961/993/961 720/906/874 227/908/876 280/990/958
f 278/623/591 961/993/961 280/990/958 21/625/593
f 17/616/584 705/965/933 962/994/962 274/617/585
f 705/965/933 241/899/867 721/902/870 962/994/962
f 962/994/962 721/902/870 226/904/872 277/992/960
f 274/617/585 962/994/962 277/992/960 18/620/588
