# Blender 5.0.1
# www.blender.org
mtllib SM_Skewer_Onion.mtl
o surface_8.002
v -0.129524 0.003756 -0.006350
v -0.129203 0.002164 0.005880
v -0.132453 0.004048 -0.002320
v -0.131518 0.006014 -0.014447
v -0.125063 0.003821 -0.014084
v -0.129119 0.008252 -0.023454
v -0.126714 0.001500 0.018692
v -0.130914 0.002763 0.013764
v -0.126673 0.001822 0.025173
v -0.128579 0.001235 -0.002668
v -0.123143 0.000220 0.003391
v -0.123857 -0.000478 0.014832
v -0.127765 -0.000312 0.010436
v -0.125215 -0.000589 0.018810
v -0.125632 0.005942 -0.025233
v -0.126667 0.009850 -0.032189
v -0.124237 0.009411 -0.032260
v -0.122608 0.002587 0.028982
v -0.121400 0.003582 0.034796
v -0.121872 0.006590 -0.028071
v -0.118927 0.002629 0.035350
v -0.120550 0.000258 0.029294
v -0.119008 -0.000365 0.022792
v -0.122291 0.011434 -0.042760
v -0.122829 0.007703 -0.032931
v -0.119625 0.004575 -0.020537
v -0.117777 0.008001 -0.036881
v -0.116714 0.001536 0.042393
v -0.119421 0.008800 -0.041703
v -0.118584 0.001437 0.044007
v -0.116154 0.001477 0.012988
v -0.117165 0.003302 -0.001994
v -0.110711 0.000399 0.035887
v -0.116759 0.005310 -0.013563
v -0.116490 0.000075 0.039835
v -0.115585 0.001293 0.022002
v -0.116941 0.010768 -0.051756
v -0.115946 0.010380 -0.049507
v -0.113479 -0.001462 0.042787
v -0.115840 0.008139 -0.031566
v -0.114484 0.007666 -0.046694
v -0.114078 -0.001770 0.050321
v -0.112556 0.008364 -0.025371
v -0.112079 -0.004248 0.052243
v -0.109308 0.002469 0.027882
v -0.112597 0.008117 -0.053668
v -0.106920 -0.005722 0.056358
v -0.105184 0.004642 -0.008844
v -0.109834 0.007518 -0.044670
v -0.098500 0.000616 0.026605
v -0.109806 -0.001694 0.041425
v -0.108758 0.007762 -0.053426
v -0.106255 0.021789 -0.066154
v -0.102578 -0.003155 0.049888
v -0.104468 0.009715 -0.040124
v -0.108564 -0.004268 0.059643
v -0.104460 0.009183 -0.035254
v -0.105002 0.001476 0.037393
v -0.106957 0.008935 -0.061686
v -0.105122 0.001130 0.031850
v -0.099448 0.009482 -0.054097
v -0.099674 -0.000877 0.041398
v -0.101010 -0.005988 0.057299
v -0.100474 0.009417 -0.066648
v -0.095001 -0.008974 0.073201
v -0.098031 -0.007775 0.065746
v -0.097543 -0.001728 0.047009
v -0.096488 0.008370 -0.030328
v -0.096035 -0.000288 0.037843
v -0.092872 0.009058 -0.066634
v -0.093194 0.010753 -0.061169
v -0.091773 -0.004128 0.060749
v -0.083461 0.000234 0.032163
v -0.091265 0.004206 -0.001673
v -0.093418 -0.007625 0.065478
v -0.086018 0.011256 -0.055745
v -0.094886 0.009920 -0.074495
v -0.090582 -0.008869 0.072823
v -0.086745 0.008864 -0.041896
v -0.083647 -0.002892 0.050509
v -0.087727 -0.004057 0.055820
v -0.088680 0.010758 -0.080236
v -0.086839 0.010283 -0.078098
v -0.078035 -0.005927 0.073220
v -0.083154 0.000687 0.021247
v -0.087877 0.009374 -0.028106
v -0.087866 -0.002204 0.042559
v -0.085905 -0.008567 0.072469
v -0.083965 0.005724 -0.015430
v -0.087186 0.002724 0.000169
v -0.084124 0.011627 -0.069900
v -0.079161 -0.009883 0.082013
v -0.081706 -0.009990 0.084666
v -0.082046 -0.004397 0.064838
v -0.076696 0.011014 -0.043991
v -0.084438 -0.000794 0.041668
v -0.082793 0.003328 0.003423
v -0.078311 0.011015 -0.077601
v -0.078571 0.012000 -0.087413
v -0.079856 -0.002734 0.047183
v -0.078776 -0.000791 0.044292
v -0.081242 0.007639 -0.032252
v -0.068567 -0.004390 0.066725
v -0.077882 0.012276 -0.069679
v -0.078817 0.011065 -0.083862
v -0.073703 0.007654 -0.034051
v -0.076383 0.005738 -0.000781
v -0.080151 0.003440 0.011088
v -0.076091 -0.009408 0.079784
v -0.077888 0.009383 -0.039638
v -0.064990 0.012412 -0.068414
v -0.074259 0.003693 0.019345
v -0.066598 -0.003935 0.056234
v -0.068994 -0.010274 0.091700
v -0.065930 0.007399 -0.024025
v -0.072391 0.013184 -0.076377
v -0.067303 -0.010142 0.089107
v -0.069536 0.011234 -0.084952
v -0.068722 0.011823 -0.090006
v -0.072926 0.003149 0.009257
v -0.070830 -0.000538 0.036108
v -0.060045 0.013551 -0.083895
v -0.068658 0.001558 0.014234
v -0.068974 -0.003269 0.045661
v -0.057612 -0.003778 0.055241
v -0.066433 -0.009583 0.085422
v -0.062209 0.000969 0.038782
v -0.069968 0.002378 0.002717
v -0.049865 0.012011 -0.066669
v -0.064319 0.000446 0.025477
v -0.067767 0.004024 -0.009644
v -0.054797 -0.007131 0.086894
v -0.066099 0.003955 0.002126
v -0.064779 0.012815 -0.095000
v -0.059971 0.011156 -0.039177
v -0.059165 -0.010026 0.093959
v -0.061795 0.009343 -0.045306
v -0.060780 0.003829 0.015074
v -0.063590 0.006369 -0.007858
v -0.065012 0.005763 -0.011675
v -0.062289 -0.003449 0.048538
v -0.061462 0.007261 -0.017332
v -0.062056 0.004903 0.003300
v -0.054296 0.012557 -0.094254
v -0.060309 0.004676 -0.004458
v -0.058415 0.006298 -0.015732
v -0.056651 0.009072 -0.036931
v -0.053903 -0.008746 0.098287
v -0.054682 -0.000698 0.039134
v -0.056544 -0.009399 0.089799
v -0.049161 -0.002232 0.053794
v -0.051994 0.002680 0.027647
v -0.056764 0.002485 0.014888
v -0.033994 -0.004564 0.073070
v -0.055530 0.000278 0.030084
v -0.057087 0.003990 -0.009708
v -0.057508 0.002484 0.006394
v -0.056528 0.006980 -0.027307
v -0.054051 -0.001478 0.034657
v -0.053285 0.010872 -0.050309
v -0.049832 0.000178 0.048436
v -0.052340 0.013376 -0.100365
v -0.056958 0.003242 -0.001183
v -0.052823 0.008338 -0.026934
v -0.054736 0.005086 -0.018011
v -0.055081 0.003086 0.005445
v -0.053706 0.005433 -0.006218
v -0.053421 0.005142 -0.000315
v -0.049485 -0.009374 0.095275
v -0.053705 0.005563 -0.012498
v -0.049776 0.001132 0.024861
v -0.042754 -0.006619 0.087940
v -0.052627 0.000807 0.015742
v -0.051003 0.002868 0.008329
v -0.050607 0.012158 -0.047480
v -0.049440 0.007255 -0.037133
v -0.049914 0.007141 -0.020088
v -0.049479 0.009189 -0.042531
v -0.031716 -0.004964 0.084570
v -0.049245 0.007844 -0.015465
v -0.050864 0.004296 -0.002731
v -0.049037 0.006720 -0.026909
v -0.044235 0.011423 -0.058498
v -0.049332 0.005805 -0.010791
v -0.043513 -0.002646 0.044587
v -0.037200 -0.002746 0.051177
v -0.042986 0.014703 -0.092732
v -0.044817 0.000390 0.038580
v -0.047170 0.001423 0.020541
v -0.047012 0.003665 0.000906
v -0.032299 -0.004826 0.065774
v -0.047302 0.003788 -0.008578
v -0.046733 0.013882 -0.079345
v -0.045979 -0.000428 0.024969
v -0.041105 -0.010192 0.104231
v -0.044059 0.007515 -0.021199
v -0.043049 0.007434 -0.034088
v -0.044767 0.012449 -0.053135
v -0.046161 0.003702 0.011652
v -0.041571 0.005335 -0.011392
v -0.044209 0.009360 -0.036654
v -0.043098 0.000240 0.031248
v -0.040261 0.013022 -0.097407
v -0.043239 0.009361 -0.026385
v -0.038627 0.012103 -0.054207
v -0.043798 0.014806 -0.086500
v -0.041307 0.000326 0.026647
v -0.044601 0.002840 0.020182
v -0.043841 0.005529 -0.016538
v -0.040024 0.008373 -0.046304
v -0.039546 0.011925 -0.066023
v -0.041281 0.013702 -0.103391
v -0.039603 -0.010120 0.096540
v -0.042368 0.003563 -0.000061
v -0.040350 -0.007375 0.092906
v -0.037043 0.001318 0.040045
v -0.038954 0.001107 0.014673
v -0.039951 0.008347 -0.032720
v -0.039611 -0.011796 0.103302
v -0.041106 0.001322 0.020278
v -0.033716 -0.012973 0.103008
v -0.040766 0.009223 -0.041566
v -0.040217 0.001449 0.002633
v -0.039352 -0.000966 0.056919
v -0.038971 0.001922 0.026067
v -0.040745 0.003392 -0.010691
v -0.037113 0.006018 -0.022841
v -0.037772 0.007462 -0.026864
v -0.034820 0.012843 -0.071323
v -0.035466 0.008588 -0.040889
v -0.033333 0.013334 -0.064818
v -0.031098 0.015621 -0.077461
v -0.036974 -0.001246 0.032460
v -0.038345 0.007420 -0.018520
v -0.032130 -0.007167 0.089511
v -0.036875 0.000075 0.037661
v -0.038852 0.002321 -0.006545
v -0.030881 0.010246 -0.048204
v -0.036788 0.014410 -0.083922
v -0.036394 0.000869 0.025934
v -0.035452 0.010577 -0.043206
v -0.030685 0.015020 -0.096175
v -0.034032 -0.001732 0.047529
v -0.037920 0.002455 0.002182
v -0.035191 0.005078 -0.013550
v -0.036624 0.011936 -0.061006
v -0.033930 0.014599 -0.090797
v -0.034602 0.009916 -0.032628
v -0.031721 -0.002694 0.056888
v -0.030469 0.013645 -0.103609
v -0.032100 -0.010403 0.097944
v -0.034561 0.000672 0.031118
v -0.035144 0.004619 -0.007125
v -0.027299 -0.002166 0.062538
v -0.035526 0.003320 0.005946
v -0.034363 0.015874 -0.087405
v -0.030317 0.007336 -0.031129
v -0.031213 0.000911 0.017130
v -0.033493 0.000044 0.024299
v -0.030154 0.009189 -0.052337
v -0.032333 -0.007498 0.094372
v -0.033066 0.001743 0.000956
v -0.031933 0.005258 -0.018160
v -0.030366 0.007161 -0.022677
v -0.033981 0.001713 0.007152
v -0.029060 0.013852 -0.084141
v -0.031822 0.014234 -0.106525
v -0.030027 0.005821 -0.028807
v -0.032132 0.010892 -0.054696
v -0.028848 0.012887 -0.060861
v -0.031144 0.013776 -0.068321
v -0.030775 0.003793 -0.008963
v -0.025085 -0.000653 0.044133
v -0.028501 0.008932 -0.041118
v -0.028275 -0.001627 0.036755
v -0.030758 0.000720 0.031787
v -0.030285 0.006775 -0.014690
v -0.029548 -0.001624 0.039238
v -0.027316 0.011839 -0.064427
v -0.031137 0.002356 -0.003063
v -0.029425 -0.014253 0.107556
v -0.027964 0.014073 -0.075492
v -0.029226 0.001968 0.003428
v -0.027488 0.010729 -0.036988
v -0.028275 0.013214 -0.099901
v -0.029000 -0.000594 0.009560
v -0.028255 0.007065 -0.018896
v -0.026860 0.015708 -0.090328
v -0.028910 0.003540 -0.001506
v -0.025445 0.008225 -0.044762
v -0.026156 0.009796 -0.046261
v -0.024529 -0.000380 0.029242
v -0.025557 -0.001698 0.030974
v -0.024624 -0.010261 0.099117
v -0.025642 0.005282 -0.009489
v -0.026485 0.007086 -0.028673
v -0.022068 -0.000005 0.048883
v -0.027630 -0.001252 0.015651
v -0.015268 -0.006646 0.083655
v -0.018534 -0.008301 0.093641
v -0.025082 0.011711 -0.048411
v -0.021902 0.006654 -0.025150
v -0.025171 0.000797 0.011419
v -0.026058 0.006075 -0.016697
v -0.020116 0.000875 0.021687
v -0.028587 -0.000193 0.019303
v -0.028503 0.001817 0.018388
v -0.021666 0.014348 -0.107805
v -0.017425 -0.003242 0.054307
v -0.024154 -0.000727 0.033991
v -0.025788 0.002601 -0.003026
v -0.021671 0.015199 -0.093880
v -0.024973 0.000026 0.008835
v -0.020213 0.000358 0.006037
v -0.024973 0.000026 0.008835
v -0.029226 0.001968 0.003428
v -0.025490 0.013320 -0.072026
v -0.021606 0.012585 -0.075109
v -0.025788 0.002601 -0.003026
v -0.025003 0.012208 -0.059667
v -0.021394 0.000202 0.037543
v -0.021804 0.014656 -0.070351
v -0.024029 0.004278 -0.013961
v -0.018987 0.010939 -0.059858
v -0.021026 -0.004756 0.056708
v -0.017404 -0.002198 0.041159
v -0.023206 0.006431 -0.032495
v -0.022099 0.009927 -0.055168
v -0.019332 0.015583 -0.098237
v -0.023253 0.003546 -0.003476
v -0.022294 0.003205 0.001499
v -0.020406 0.008299 -0.035898
v -0.018137 0.012056 -0.052315
v -0.017619 0.013312 -0.064562
v -0.020213 0.000358 0.006037
v -0.021656 0.008230 -0.021846
v -0.016438 0.014298 -0.078474
v -0.019106 -0.000063 0.015806
v -0.017092 -0.003482 0.061847
v -0.018829 -0.014334 0.106863
v -0.015472 -0.009004 0.097855
v -0.018392 -0.003362 0.075667
v -0.020053 0.012498 -0.068197
v -0.017040 0.007490 -0.033037
v -0.017967 0.011212 -0.040488
v -0.017941 0.014884 -0.089303
v -0.021125 -0.013247 0.102541
v -0.015901 0.013765 -0.102460
v -0.020149 0.004789 -0.009550
v -0.017092 0.004969 -0.018689
v -0.018803 0.008850 -0.029633
v -0.014411 0.016431 -0.092449
v -0.015649 0.010128 -0.044924
v -0.012061 -0.005564 0.072470
v -0.018014 0.001247 0.029603
v -0.019597 0.005150 -0.005210
v -0.018310 -0.001632 0.024538
v -0.018509 0.010414 -0.049395
v -0.013834 0.014369 -0.086979
v -0.016055 -0.014512 0.109561
v -0.019106 -0.000063 0.015806
v -0.017000 -0.001096 0.019428
v -0.025320 0.001139 0.017515
v -0.025171 0.000797 0.011419
v -0.016690 -0.000672 0.012970
v -0.016826 0.013623 -0.073881
v -0.025642 0.005282 -0.009489
v -0.024029 0.004278 -0.013961
v -0.014849 0.005600 -0.012247
v -0.017883 0.003213 -0.003086
v -0.014849 0.005600 -0.012247
v -0.015007 -0.001801 0.037185
v -0.017092 0.004969 -0.018689
v -0.013528 -0.001462 0.035270
v -0.014621 0.008303 -0.023769
v -0.009166 0.012561 -0.068991
v -0.013770 0.007395 -0.029642
v -0.009876 0.006377 -0.028063
v -0.012698 0.011024 -0.057314
v -0.010282 -0.006091 0.090821
v -0.013199 -0.006617 0.087401
v -0.012419 -0.001623 0.047219
v -0.012208 -0.000644 0.025920
v -0.010582 -0.010841 0.101508
v -0.013409 0.002399 -0.004803
v -0.010768 0.008978 -0.049187
v -0.014007 0.009932 -0.059592
v -0.008560 0.013843 -0.105679
v -0.014744 -0.002605 0.066260
v -0.011442 -0.000217 0.040545
v -0.005096 0.007127 -0.036766
v -0.009563 0.015690 -0.095673
v -0.011550 0.014520 -0.072372
v -0.010043 -0.012967 0.103158
v -0.008552 0.016271 -0.082537
v -0.007459 -0.004713 0.069151
v -0.006990 -0.000644 0.052170
v -0.008852 0.015801 -0.099849
v -0.009302 0.012609 -0.077001
v -0.005966 0.010884 -0.041574
v -0.007609 0.011257 -0.052190
v -0.007565 0.005109 -0.019996
v -0.010977 0.014854 -0.109089
v -0.005313 -0.002701 0.045960
v -0.010388 0.011886 -0.043054
v -0.008071 0.000751 0.026074
v -0.013409 0.002399 -0.004803
v -0.011207 0.002697 -0.004199
v -0.011950 0.000967 0.002759
v -0.006623 0.008902 -0.031708
v -0.002641 0.000129 0.011529
v -0.009754 0.000536 0.033567
v -0.008409 -0.004950 0.059376
v -0.004271 -0.002318 0.043227
v -0.010287 0.003568 -0.001415
v -0.008217 0.015339 -0.091244
v -0.009314 -0.014001 0.106942
v -0.006875 0.002496 -0.009181
v -0.004365 0.007813 -0.024350
v -0.009043 0.012907 -0.054638
v -0.003724 0.015440 -0.085626
v -0.008825 -0.002213 0.028324
v -0.009308 0.002539 0.002607
v -0.007451 -0.002073 0.038808
v 0.002054 -0.001911 0.020992
v -0.003857 0.013676 -0.073980
v -0.006058 -0.004012 0.078667
v -0.005017 -0.008765 0.095061
v -0.004517 0.010547 -0.062184
v -0.003851 0.000351 0.005677
v -0.003587 0.006628 -0.030381
v -0.004654 0.013008 -0.065782
v -0.002628 -0.002372 0.067231
v -0.004248 -0.004145 0.062770
v -0.003469 0.001921 0.000023
v -0.002762 0.004677 -0.013754
v -0.006719 0.005111 -0.015701
v -0.004108 0.008176 -0.034319
v -0.005405 0.004403 -0.006618
v 0.001810 0.014238 -0.102996
v -0.005196 -0.000790 0.036409
v -0.007565 0.005109 -0.019996
v -0.000539 -0.000469 0.041074
v -0.001010 0.014884 -0.080780
v -0.004051 0.014296 -0.089508
v -0.004840 0.011548 -0.058949
v 0.000922 0.013104 -0.055139
v -0.001549 0.011485 -0.044887
v 0.002030 -0.007820 0.086290
v -0.002109 -0.001588 0.029302
v -0.001264 0.016479 -0.093784
v 0.004150 -0.004245 0.058515
v -0.002305 0.000345 0.034837
v 0.001781 -0.006409 0.082141
v 0.001212 -0.009407 0.098763
v -0.002048 0.001953 0.004008
v 0.004014 0.002683 -0.012876
v -0.003085 -0.013798 0.110245
v -0.001632 0.009811 -0.047638
v 0.002222 0.005970 -0.021146
v 0.002436 0.016168 -0.099384
v 0.000664 0.003548 -0.005346
v 0.000875 -0.013950 0.107179
v 0.002496 0.008161 -0.038912
v -0.001099 0.003224 -0.009671
v 0.000325 0.012581 -0.077095
v 0.004801 -0.005582 0.073652
v 0.000483 0.015739 -0.096131
v 0.000891 0.014840 -0.109601
v 0.003057 0.009217 -0.049986
v 0.003985 0.015225 -0.091771
v 0.003390 0.006148 -0.026732
v 0.003203 -0.006384 0.091199
v 0.003166 0.000104 0.028082
v 0.002301 -0.000887 0.036459
v 0.003321 -0.001974 0.038842
v 0.003605 0.011422 -0.059315
v 0.003062 0.014143 -0.107770
v 0.003465 0.004243 -0.003924
v 0.007373 -0.002921 0.044705
v 0.005126 0.008454 -0.032834
v 0.003544 0.014184 -0.069679
v 0.003450 -0.012193 0.103003
v 0.004000 0.014503 -0.088262
v 0.013834 -0.005389 0.069170
v 0.006807 0.004638 -0.017428
v 0.006199 0.002044 0.006378
v 0.007149 0.003226 -0.009752
v 0.003499 0.005146 -0.029032
v 0.006562 0.006721 -0.030378
v 0.006575 0.016258 -0.082900
v -0.005186 -0.001231 0.031535
v 0.003696 -0.002144 0.030660
v 0.007288 0.011378 -0.043468
v 0.004321 0.011666 -0.052970
v 0.007555 -0.013844 0.109697
v 0.005439 -0.001288 0.050173
v 0.004400 -0.000095 0.034171
v 0.017086 -0.003036 0.062638
v 0.012821 -0.001466 0.053076
v 0.015775 0.002233 0.006521
v 0.005799 -0.008903 0.094947
v 0.006552 -0.003827 0.078248
v 0.007283 0.001518 -0.000922
v 0.006249 0.013028 -0.074357
v 0.002222 0.005970 -0.021146
v 0.008708 0.010993 -0.062462
v 0.007060 0.006468 -0.035898
v 0.009965 -0.001881 0.036247
v 0.014425 0.002155 0.015480
v 0.005333 0.004284 -0.005925
v 0.008542 0.013202 -0.078096
v 0.006864 0.009627 -0.047197
v 0.007036 -0.001585 0.042422
v 0.011880 0.013929 -0.065770
v 0.011507 0.007267 -0.022925
v 0.010465 -0.002173 0.029219
v 0.011640 0.016364 -0.093788
v 0.012456 -0.006655 0.091481
v 0.015916 0.003410 -0.004455
v 0.008400 0.002129 -0.006548
v 0.011282 0.007052 -0.033468
v 0.017342 0.010817 -0.050658
v 0.013829 0.013985 -0.106371
v 0.012611 0.014730 -0.109207
v 0.014260 -0.007309 0.082304
v 0.012370 0.012974 -0.054383
v 0.011662 -0.013872 0.107135
v 0.014726 -0.000376 0.038573
v 0.012633 0.015694 -0.096529
v 0.011343 0.001113 0.014541
v 0.006158 0.001811 -0.003808
v 0.012002 0.008749 -0.038667
v 0.015386 0.014266 -0.088878
v 0.013596 -0.013358 0.103569
v 0.013227 0.014424 -0.102452
v 0.016143 -0.001269 0.047361
v 0.012002 0.004800 -0.028114
v 0.014858 0.014610 -0.068019
v 0.010844 -0.001960 0.031295
v 0.014314 0.004844 -0.018912
v 0.013905 -0.011703 0.112501
v -0.006256 -0.012120 0.112139
v 0.002152 -0.012120 0.110997
v 0.015866 -0.010227 0.100307
v 0.013861 0.008123 -0.030178
v 0.014425 0.002155 0.015480
v -0.002641 0.000129 0.011529
v 0.011343 0.001113 0.014541
v 0.017113 -0.001273 0.026816
v 0.018300 0.014883 -0.084481
v 0.016896 -0.002368 0.042136
v 0.017823 -0.009061 0.094810
v 0.016493 -0.000487 0.032122
v 0.014520 -0.002744 0.023392
v 0.017853 -0.001857 0.019495
v 0.018313 0.009528 -0.044623
v 0.015938 -0.012019 0.110148
v 0.020039 -0.004665 0.057561
v 0.017309 0.005316 -0.024251
v 0.015166 -0.000281 0.050069
v 0.016478 0.016050 -0.098995
v 0.014314 0.004844 -0.018912
v 0.017082 0.011254 -0.041328
v 0.016526 0.005996 -0.034151
v 0.014115 0.008612 -0.048018
v 0.016934 0.012469 -0.073855
v 0.017482 -0.002536 0.028840
v 0.017375 0.011747 -0.056109
v 0.016346 0.006323 -0.028203
v 0.020532 0.015965 -0.080418
v 0.020668 -0.007029 0.086737
v 0.017683 0.002788 -0.011873
v 0.018163 0.014051 -0.077998
v 0.031440 -0.004808 0.073607
v 0.019999 0.006995 -0.030672
v 0.016205 0.004763 -0.015643
v 0.019408 0.006839 -0.019148
v 0.019199 -0.001790 0.034719
v 0.022575 0.008182 -0.035300
v 0.019816 -0.013584 0.108204
v 0.026281 0.010969 -0.058321
v 0.023914 0.005377 -0.023931
v 0.023985 -0.004367 0.066083
v 0.027170 0.013665 -0.101881
v 0.022325 0.016190 -0.092304
v 0.025568 0.015363 -0.094619
v 0.021916 0.007699 -0.027065
v 0.026220 -0.012895 0.102397
v 0.028950 -0.001557 0.037030
v 0.022865 0.008429 -0.046113
v 0.024231 0.012435 -0.051137
v 0.022022 0.005118 -0.016391
v 0.022022 0.005118 -0.016391
v 0.028618 0.014110 -0.062972
v 0.022079 0.004537 -0.010879
v 0.025063 -0.002196 0.025192
v 0.024273 0.000324 0.012917
v 0.026216 0.000258 0.046821
v 0.024360 -0.001012 0.022677
v 0.017113 -0.001273 0.026816
v 0.025548 0.015597 -0.098994
v 0.027636 0.014611 -0.107093
v 0.028369 -0.006061 0.088753
v 0.035776 -0.006329 0.081337
v 0.027530 -0.000620 0.043749
v 0.027208 0.005860 -0.030131
v 0.024764 0.012308 -0.073753
v 0.028023 0.000488 0.034255
v 0.024901 0.003651 0.006468
v 0.025063 -0.002196 0.025192
v 0.029468 0.010008 -0.053475
v 0.027583 0.012337 -0.069122
v 0.025450 0.005185 -0.019513
v 0.029883 0.009564 -0.038742
v 0.029469 -0.008695 0.092319
v 0.028896 -0.000516 0.026173
v 0.030094 0.010483 -0.035555
v 0.024667 0.005346 -0.003951
v 0.025001 -0.011413 0.110826
v 0.026740 0.004362 -0.009771
v 0.031969 0.013448 -0.083973
v 0.028333 -0.001547 0.030536
v 0.028599 0.014715 -0.081655
v 0.027625 0.014976 -0.088721
v 0.027158 -0.011599 0.108273
v 0.031401 -0.009529 0.097424
v 0.028524 0.010825 -0.047192
v 0.030424 0.007000 -0.025286
v 0.031183 0.004576 -0.017856
v 0.028553 0.006437 -0.012360
v 0.030642 0.007921 -0.022136
v 0.030757 -0.002428 0.049957
v 0.029822 -0.000331 0.013026
v 0.028098 0.004577 -0.001126
v 0.029984 0.013728 -0.074723
v 0.031653 0.008010 -0.031215
v 0.031359 0.000448 0.017018
v 0.030938 -0.012695 0.106735
v 0.028553 0.006437 -0.012360
v 0.032254 -0.004114 0.052642
v 0.032814 0.011593 -0.069867
v 0.044190 -0.003765 0.063496
v 0.031528 0.005790 -0.006686
v 0.033270 0.004909 -0.010951
v 0.031197 0.008185 -0.041745
v 0.031765 0.001853 0.005657
v 0.032413 0.016070 -0.089740
v 0.042013 -0.002036 0.056401
v 0.032305 -0.001025 0.020388
v 0.033907 -0.011039 0.108798
v 0.032846 0.003907 -0.000308
v 0.028896 -0.000516 0.026173
v 0.036279 0.012421 -0.063105
v 0.035092 0.011181 -0.044500
v 0.032572 0.015234 -0.076740
v 0.031528 0.005790 -0.006686
v 0.035094 0.006094 -0.026290
v 0.035141 -0.012434 0.102498
v 0.034775 -0.001372 0.025688
v 0.040568 0.014150 -0.102562
v 0.038350 0.014591 -0.085080
v 0.037342 0.000046 0.038607
v 0.037455 0.015352 -0.095950
v 0.036426 -0.003108 0.054304
v 0.037179 0.000695 0.026887
v 0.039010 -0.000613 0.029811
v 0.037603 -0.000383 0.015272
v 0.035197 0.003940 -0.012399
v 0.040167 -0.006927 0.086533
v 0.036356 0.000369 0.020820
v 0.038563 0.014059 -0.077912
v 0.036356 0.000369 0.020820
v 0.038781 0.007533 -0.037266
v 0.044637 0.009156 -0.047601
v 0.039515 0.013244 -0.070359
v 0.037563 -0.010509 0.105610
v 0.040021 -0.008720 0.097167
v 0.037025 0.006978 -0.019395
v 0.036522 0.002488 0.008309
v 0.037759 0.007166 -0.015252
v 0.040694 0.008605 -0.030913
v 0.036464 0.005033 -0.001867
v 0.043451 0.013619 -0.097283
v 0.038072 0.000781 0.041475
v 0.039216 0.005245 -0.009936
v 0.038445 0.009648 -0.029687
v 0.036464 0.005033 -0.001867
v 0.040971 -0.011458 0.103324
v 0.047995 0.011500 -0.052447
v 0.039244 0.014795 -0.090534
v 0.041360 -0.007879 0.091715
v 0.041815 0.005058 -0.018808
v 0.041478 0.014894 -0.072589
v 0.044849 0.015565 -0.085016
v 0.039226 0.003875 -0.006324
v 0.041920 -0.000703 0.031534
v 0.041221 0.009903 -0.043862
v 0.039552 0.003219 0.003211
v 0.041336 0.007461 -0.024053
v 0.046289 -0.008597 0.096987
v 0.043846 -0.003304 0.046884
v 0.043678 -0.001595 0.042603
v 0.042712 0.000609 0.020662
v 0.047972 -0.001943 0.048409
v 0.041531 0.000827 0.010105
v 0.039552 0.003219 0.003211
v 0.041956 0.002561 0.002324
v 0.042846 0.009893 -0.038153
v 0.042714 0.010806 -0.064304
v 0.042709 -0.000117 0.017739
v 0.042950 0.005819 -0.013532
v 0.047331 0.012780 -0.077964
v 0.042502 0.006535 -0.008604
v 0.047013 0.011115 -0.057878
v 0.046408 0.001151 0.033988
v 0.048985 0.015694 -0.092330
v 0.042495 0.001842 0.013887
v 0.042495 0.001842 0.013887
v 0.043379 0.004480 -0.001754
v 0.046810 0.007871 -0.032184
v 0.048873 0.013398 -0.072226
v 0.045582 -0.009382 0.104751
v 0.041531 0.000827 0.010105
v 0.045894 0.008278 -0.022413
v 0.044522 0.003346 0.005872
v 0.049828 0.001536 0.016839
v 0.046984 0.006556 -0.017091
v 0.046771 0.001172 0.009213
v 0.050228 0.014865 -0.087352
v 0.047919 -0.008436 0.101535
v 0.047492 0.006566 -0.026470
v 0.050228 0.012198 -0.063405
v 0.046308 0.005127 -0.005433
v 0.048268 -0.000331 0.021795
v 0.047746 0.001612 0.012421
v 0.045494 0.005316 -0.000285
v 0.062609 -0.002672 0.049484
v 0.049561 0.008846 -0.037279
v 0.053280 -0.005811 0.083438
v 0.049473 0.000929 0.028349
v 0.047111 0.002931 0.004197
v 0.050527 -0.005313 0.079376
v 0.051173 0.007597 -0.040050
v 0.054666 0.014648 -0.095840
v 0.050319 -0.008728 0.098782
v 0.049850 0.010253 -0.059422
v 0.048474 0.003987 -0.009578
v 0.052709 0.000143 0.033498
v 0.048749 0.002772 0.014546
v 0.053654 -0.003528 0.066768
v 0.050428 0.014107 -0.067035
v 0.054481 0.014455 -0.078622
v 0.048679 -0.004894 0.072158
v 0.053171 -0.004619 0.073988
v 0.048934 0.002648 -0.000797
v 0.051679 0.006213 -0.016236
v 0.051087 0.003361 0.003018
v 0.052664 0.009095 -0.030459
v 0.053803 0.001545 0.020188
v 0.051895 0.005233 -0.007401
v 0.057199 0.014452 -0.081394
v 0.050105 0.007366 -0.015871
v 0.050923 -0.007685 0.090237
v 0.054152 0.006490 -0.022504
v 0.056996 0.014645 -0.091412
v 0.051745 0.003321 0.008653
v 0.056605 0.015977 -0.087848
v 0.054994 0.016378 -0.098960
v 0.056625 -0.001762 0.038913
v 0.055465 0.011348 -0.045761
v 0.058591 0.011167 -0.056652
v 0.054034 0.004655 -0.017153
v 0.053827 0.002195 0.026977
v 0.054774 -0.005906 0.097755
v 0.059947 0.008675 -0.036989
v 0.054754 0.002684 0.005326
v 0.053927 0.004583 0.000122
v 0.060717 0.009474 -0.051477
v 0.058832 0.007780 -0.020673
v 0.058672 0.011637 -0.070820
v 0.056278 0.003860 -0.005176
v 0.058586 -0.003936 0.073736
v 0.060883 -0.004081 0.075486
v 0.061061 -0.000104 0.043248
v 0.059774 0.001296 0.024165
v 0.062348 0.003820 0.003065
v 0.054394 -0.006045 0.097708
v 0.058568 0.005206 -0.011415
v 0.058951 0.003230 0.016885
v 0.059794 0.006812 -0.031186
v 0.061178 0.012570 -0.063499
v 0.059029 0.013661 -0.061397
v 0.063233 0.013708 -0.073868
v 0.059038 -0.007790 0.090116
v 0.060569 0.015511 -0.088280
v 0.060644 -0.001102 0.030702
v 0.064041 0.008984 -0.045212
v 0.065966 0.000776 0.035835
v 0.063400 -0.005483 0.081654
v 0.062957 -0.003471 0.065827
v 0.063143 0.010453 -0.038803
v 0.060447 -0.007254 0.096054
v 0.066438 0.013664 -0.079704
v 0.067186 0.014616 -0.083832
v 0.066899 0.013673 -0.090231
v 0.062807 -0.002761 0.061883
v 0.063984 -0.004259 0.077186
v 0.060885 -0.003489 0.070584
v 0.062738 0.006263 -0.008522
v 0.057219 -0.007886 0.096218
v 0.063940 0.006203 -0.016241
v 0.065133 0.005669 -0.024525
v 0.066550 -0.000049 0.028754
v 0.065417 0.012542 -0.055276
v 0.067366 0.011442 -0.066297
v 0.066316 0.014915 -0.092952
v 0.067570 0.000973 0.015464
v 0.068119 -0.000377 0.054826
v 0.067154 0.007563 -0.028549
v 0.067418 0.004168 -0.005975
v 0.066128 -0.006741 0.092955
v 0.066919 -0.002659 0.068288
v 0.067226 0.002647 0.007128
v 0.067281 -0.000249 0.022503
v 0.068281 0.011749 -0.057478
v 0.068972 0.012671 -0.085092
v 0.068567 0.009694 -0.032567
v 0.070033 0.008567 -0.036882
v 0.071142 -0.002666 0.070439
v 0.070519 -0.005128 0.084559
v 0.070168 -0.003477 0.074938
v 0.072228 0.006812 -0.020418
v 0.071215 0.010564 -0.047062
v 0.075392 0.011993 -0.070578
v 0.070986 -0.001914 0.057042
v 0.069815 0.004479 -0.015119
v 0.072363 0.011773 -0.051464
v 0.071966 -0.000528 0.035066
v 0.071426 0.008066 -0.040675
v 0.062749 -0.007612 0.094701
v 0.071389 0.001481 0.008337
v 0.071505 0.002842 -0.002718
v 0.075283 0.010020 -0.056562
v 0.069445 -0.004799 0.081238
v 0.076969 0.012874 -0.076515
v 0.072318 0.001370 0.016296
v 0.073503 0.013062 -0.066529
v 0.073740 0.002040 0.023950
v 0.075081 -0.001923 0.058090
v 0.073713 0.008629 -0.024416
v 0.073766 0.004915 -0.010870
v 0.074818 -0.000105 0.046788
v 0.076502 0.007426 -0.027171
v 0.077393 0.012488 -0.087508
v 0.077905 -0.003603 0.076131
v 0.076370 0.006987 -0.033011
v 0.079022 0.011661 -0.060938
v 0.075138 0.002852 0.007335
v 0.073785 -0.003547 0.075516
v 0.078986 -0.001052 0.049307
v 0.078789 -0.000531 0.038343
v 0.076005 0.004204 -0.001144
v 0.081450 0.010476 -0.077295
v 0.076740 0.011621 -0.085222
v 0.076810 -0.001515 0.034168
v 0.078131 0.009485 -0.038597
v 0.077140 0.003514 0.014550
v 0.077752 -0.001473 0.061518
v 0.080337 -0.001683 0.064178
v 0.076663 0.011462 -0.044899
v 0.080960 0.009968 -0.045958
v 0.077706 -0.002586 0.069625
v 0.078098 0.006082 -0.006536
v 0.076486 0.007507 -0.015954
v 0.080357 -0.000451 0.025995
v 0.080052 0.001395 0.018915
v 0.080498 0.005812 -0.013760
v 0.075204 -0.003264 0.083511
v 0.081557 0.003561 0.003506
v 0.078568 0.004841 0.003640
v 0.083618 0.007968 -0.028783
v 0.082105 0.000553 0.042115
v 0.082559 0.010697 -0.038356
v 0.083217 -0.003407 0.076048
v 0.082410 0.006018 -0.024083
v 0.084974 0.000259 0.027062
v 0.087022 0.008621 -0.045686
v 0.085222 -0.000644 0.052191
v 0.086281 0.001499 0.008727
v 0.084651 0.010342 -0.052388
v 0.087328 0.011421 -0.067141
v 0.087272 0.010490 -0.059277
v 0.078467 -0.002157 0.082745
v 0.084972 -0.001919 0.046966
v 0.084730 0.004635 -0.014844
v 0.087263 0.010771 -0.080307
v 0.086906 -0.001166 0.056525
v 0.085961 0.002926 -0.002971
v 0.087418 0.009610 -0.029857
v 0.082956 -0.002907 0.069422
v 0.086533 -0.003269 0.070313
v 0.085128 0.000259 0.018024
v 0.087496 0.011201 -0.052884
v 0.088283 0.008582 -0.038191
v 0.084196 -0.002828 0.078065
v 0.087155 -0.001374 0.062475
v 0.087253 0.001472 0.033697
v 0.088143 -0.000188 0.037815
v 0.088536 0.007486 -0.020679
v 0.090410 0.002323 0.013966
v 0.091335 0.009678 -0.073532
v 0.090999 0.005746 -0.008645
v 0.091760 0.003820 0.004756
v 0.094886 0.008712 -0.063665
v 0.092139 0.010901 -0.059568
v 0.091012 -0.000006 0.047506
v 0.090940 0.002437 0.024900
v 0.092371 0.000386 0.030543
v 0.091773 0.008412 -0.019670
v 0.091459 0.008294 -0.028634
v 0.092887 0.003215 0.017146
v 0.093362 -0.001220 0.037946
v 0.096025 0.009831 -0.041116
v 0.099037 0.005114 -0.015234
v 0.097007 0.008947 -0.045205
v 0.095525 -0.001204 0.047588
v 0.091608 -0.002281 0.071743
v 0.096588 0.001689 0.018500
v 0.095814 0.010683 -0.073441
v 0.093941 0.007066 -0.033919
v 0.089624 -0.002304 0.075819
v 0.100116 0.008461 -0.063827
v 0.096008 0.008246 -0.036568
v 0.094384 0.005564 0.000691
v 0.095721 0.006416 -0.010494
v 0.097676 0.009759 -0.057950
v 0.093319 -0.002422 0.061728
v 0.093436 -0.002455 0.067272
v 0.096126 0.004180 0.006804
v 0.098916 -0.000212 0.027024
v 0.097205 0.010109 -0.053001
v 0.095580 -0.000965 0.055004
v 0.097227 0.005171 -0.003652
v 0.101213 0.009263 -0.067164
v 0.098313 -0.000170 0.038795
v 0.100536 0.006631 -0.025442
v 0.101573 0.001369 0.010771
v 0.096588 -0.001076 0.068937
v 0.103698 0.007409 -0.035297
v 0.099969 -0.002925 0.053301
v 0.101966 0.000809 0.030220
v 0.104814 0.007279 -0.052454
v 0.102233 0.002576 0.001444
v 0.101935 0.000783 0.017839
v 0.102628 -0.001231 0.044237
v 0.101859 0.008396 -0.030087
v 0.103442 0.008937 -0.044026
v 0.103526 0.012052 -0.069064
v 0.103674 0.011182 -0.065718
v 0.106136 -0.004209 0.054729
v 0.103946 0.008757 -0.049102
v 0.104490 -0.000973 0.033881
v 0.098046 -0.000441 0.064863
v 0.100505 -0.001718 0.041269
v 0.105876 0.005684 -0.012338
v 0.106824 0.006672 -0.026885
v 0.107277 0.002713 0.010027
v 0.106843 0.004318 -0.001871
v 0.105814 -0.002342 0.044516
v 0.101970 -0.003009 0.060849
v 0.105588 0.006904 -0.020113
v 0.107133 0.007868 -0.058503
v 0.105234 0.001693 0.022193
v 0.107709 -0.000045 0.024546
v 0.107158 0.007993 -0.035545
v 0.107086 -0.004356 0.046115
v 0.103274 -0.001235 0.063378
v 0.109924 0.006741 -0.041126
v 0.110493 0.011001 -0.061135
v 0.104461 -0.001558 0.059905
v 0.110980 0.000943 0.017315
v 0.108894 0.005581 -0.019785
v 0.111146 0.009730 -0.056288
v 0.111369 0.004626 -0.010520
v 0.110743 -0.004606 0.047749
v 0.110393 -0.001286 0.034678
v 0.112915 0.003359 -0.001353
v 0.113368 0.006483 -0.028517
v 0.113331 0.006081 -0.020170
v 0.113745 0.006276 -0.045525
v 0.112567 -0.003441 0.035234
v 0.114215 -0.000010 0.023554
v 0.116870 -0.003972 0.035860
v 0.110871 -0.002511 0.056670
v 0.113177 -0.002718 0.050945
v 0.113612 0.007233 -0.050472
v 0.114070 0.002150 0.007740
v 0.114556 0.004885 -0.032781
v 0.117012 -0.002693 0.027137
v 0.116681 0.001334 0.013848
v 0.115049 0.009920 -0.054818
v 0.116859 0.004502 -0.009172
v 0.115780 -0.004797 0.044845
v 0.117437 -0.001916 0.049524
v 0.118751 0.008358 -0.044330
v 0.117921 0.004239 -0.015585
v 0.119249 0.004407 -0.031256
v 0.119289 0.005982 -0.040997
v 0.119425 0.009435 -0.047740
v 0.117605 0.003867 -0.022143
v 0.118162 -0.001621 0.018906
v 0.117785 0.002753 0.002866
v 0.119274 -0.000044 0.009616
v 0.119450 0.002170 -0.005322
v 0.119696 -0.002375 0.040745
v 0.122029 -0.001989 0.018412
v 0.123184 0.002829 -0.018945
v 0.124462 -0.002497 0.023440
v 0.121962 -0.003465 0.033952
v 0.120878 0.002005 -0.011838
v 0.123821 -0.000678 0.008609
v 0.120314 0.000425 0.000751
v 0.124527 0.000633 -0.001469
v 0.122929 0.007101 -0.035552
v 0.123666 -0.001694 0.038374
v 0.123253 0.004669 -0.031383
v 0.124173 -0.001185 0.032291
v 0.123945 0.008083 -0.038775
v 0.125934 0.005941 -0.025993
v 0.126217 0.003635 -0.021511
v 0.126771 -0.000215 0.023484
v 0.127068 0.002019 -0.010799
v 0.127186 0.007561 -0.030315
v 0.127216 -0.000909 0.030319
v 0.127521 -0.001175 0.013924
v 0.128015 0.004745 -0.015129
v 0.128452 0.000909 0.014041
v 0.128012 0.000078 0.002815
v 0.129489 0.005917 -0.020360
v 0.129826 0.000414 0.020595
v 0.129246 0.001599 0.006077
v 0.129029 0.003001 -0.004112
v 0.131281 0.004320 -0.008675
v 0.131990 0.002956 0.001101
v 0.131441 0.001583 0.010307
v -0.127984 0.065547 0.026532
v -0.125962 0.068274 0.021706
v -0.130861 0.070474 0.009798
v -0.125083 0.070997 0.013791
v -0.120984 0.062100 0.034099
v -0.127984 0.065547 0.026532
v -0.121294 0.059465 0.042846
v -0.130240 0.072585 -0.010054
v -0.123940 0.073954 -0.002556
v -0.126112 0.075211 -0.013919
v -0.120984 0.062100 0.034099
v -0.125060 0.075907 -0.026159
v -0.123060 0.076197 -0.021372
v -0.119283 0.064005 0.031442
v -0.120779 0.070163 0.012812
v -0.119630 0.076784 -0.034501
v -0.120984 0.066999 0.023549
v -0.115445 0.061237 0.046557
v -0.117400 0.067024 0.022518
v -0.118731 0.063339 0.029798
v -0.116904 0.063915 0.029236
v -0.116401 0.062425 0.037511
v -0.119346 0.075380 -0.017267
v -0.120395 0.074036 -0.009805
v -0.115438 0.061081 0.035912
v -0.110188 0.057457 0.058389
v -0.119000 0.073202 -0.000603
v -0.115527 0.077214 -0.029410
v -0.117366 0.070735 0.002105
v -0.115815 0.067471 0.015957
v -0.115445 0.061237 0.046557
v -0.112710 0.062942 0.034803
v -0.116846 0.072205 -0.008562
v -0.116859 0.074580 -0.012482
v -0.115628 0.075662 -0.024904
v -0.110978 0.060919 0.046351
v -0.112933 0.063165 0.028882
v -0.112440 0.071021 -0.000279
v -0.113959 0.073233 -0.018657
v -0.114674 0.075870 -0.020165
v -0.106993 0.077317 -0.046712
v -0.113737 0.077145 -0.047546
v -0.110188 0.057457 0.058389
v -0.107348 0.059342 0.056005
v -0.108295 0.065503 0.019935
v -0.109062 0.061426 0.038114
v -0.110549 0.073554 -0.018511
v -0.111562 0.075591 -0.025864
v -0.103150 0.058431 0.065569
v -0.109741 0.076673 -0.033246
v -0.107014 0.061640 0.045637
v -0.103739 0.074709 -0.033481
v -0.107924 0.068653 0.000037
v -0.106038 0.074501 -0.027168
v -0.103147 0.058460 0.058055
v -0.106004 0.059896 0.051527
v -0.106142 0.076096 -0.058303
v -0.101475 0.056961 0.070831
v -0.106022 0.062281 0.038023
v -0.106906 0.070667 -0.011801
v -0.100096 0.068382 0.012392
v -0.101489 0.059726 0.062507
v -0.100526 0.060119 0.056612
v -0.100349 0.060311 0.049629
v -0.094288 0.073350 -0.025266
v -0.102830 0.070868 -0.006198
v -0.100073 0.076193 -0.061140
v -0.099191 0.076577 -0.046406
v -0.093553 0.056940 0.074679
v -0.096764 0.060370 0.041172
v -0.099191 0.076577 -0.046406
v -0.103739 0.074709 -0.033481
v -0.099664 0.074476 -0.043261
v -0.096674 0.058195 0.066225
v -0.092347 0.063315 0.031694
v -0.099498 0.075955 -0.065347
v -0.093917 0.058867 0.066034
v -0.090427 0.054992 0.079491
v -0.091402 0.058847 0.060339
v -0.099216 0.076129 -0.052705
v -0.094172 0.058974 0.070169
v -0.095277 0.059855 0.062048
v -0.090176 0.073620 -0.050748
v -0.099664 0.074476 -0.043261
v -0.096413 0.065818 0.018530
v -0.090235 0.066571 0.016133
v -0.086062 0.070788 -0.009958
v -0.088269 0.057024 0.072953
v -0.091854 0.075706 -0.065866
v -0.088668 0.058407 0.067542
v -0.092881 0.076802 -0.071110
v -0.094124 0.074929 -0.056307
v -0.083533 0.055796 0.080917
v -0.089277 0.074143 -0.064788
v -0.082974 0.057129 0.078290
v -0.089742 0.074368 -0.061703
v -0.078910 0.059070 0.059631
v -0.083891 0.057998 0.073698
v -0.081930 0.055310 0.087139
v -0.086471 0.076905 -0.067433
v -0.089242 0.074853 -0.058701
v -0.084370 0.064686 0.031521
v -0.080245 0.079094 -0.075928
v -0.083439 0.078118 -0.077607
v -0.092881 0.076802 -0.071110
v -0.080245 0.079094 -0.075928
v -0.079404 0.056370 0.074329
v -0.092347 0.063315 0.031694
v -0.078910 0.059070 0.059631
v -0.085745 0.063157 0.044199
v -0.077895 0.056963 0.078778
v -0.085745 0.063157 0.044199
v -0.085655 0.061754 0.038205
v -0.082610 0.057535 0.060508
v -0.083395 0.069645 0.003969
v -0.074273 0.071895 -0.039389
v -0.077522 0.057455 0.070671
v -0.082607 0.067107 0.025918
v -0.082030 0.076571 -0.066524
v -0.080642 0.061255 0.046561
v -0.081546 0.076249 -0.063333
v -0.084163 0.068639 0.014634
v -0.076213 0.056628 0.089330
v -0.075562 0.072852 -0.054041
v -0.074764 0.061965 0.056750
v -0.078674 0.062522 0.043236
v -0.080892 0.069772 -0.003049
v -0.066596 0.076637 -0.066705
v -0.074421 0.057858 0.087538
v -0.074561 0.074148 -0.046240
v -0.075536 0.055830 0.093670
v -0.078514 0.065364 0.020004
v -0.078477 0.079391 -0.072471
v -0.072089 0.056569 0.086964
v -0.080476 0.066393 0.012505
v -0.079472 0.067434 0.003226
v -0.078379 0.066155 0.033286
v -0.078420 0.070955 -0.012026
v -0.077993 0.073157 -0.017757
v -0.076864 0.064816 0.030077
v -0.077783 0.066748 0.009651
v -0.077272 0.068487 -0.005223
v -0.074640 0.073846 -0.027404
v -0.066786 0.074414 -0.084531
v -0.067984 0.056088 0.081979
v -0.071321 0.057495 0.083903
v -0.072983 0.060283 0.053818
v -0.075095 0.064304 0.027205
v -0.075027 0.068891 0.003956
v -0.076608 0.077798 -0.072588
v -0.072348 0.062617 0.048881
v -0.073618 0.067968 0.015772
v -0.073706 0.069902 -0.007787
v -0.069358 0.078839 -0.073847
v -0.073360 0.065137 0.042347
v -0.070482 0.071326 -0.024236
v -0.073067 0.064614 0.039228
v -0.073180 0.065950 0.024852
v -0.072678 0.078397 -0.068786
v -0.066742 0.056998 0.097047
v -0.074684 0.069455 -0.013787
v -0.067815 0.055952 0.075775
v -0.067039 0.075067 -0.053834
v -0.069555 0.079697 -0.076719
v -0.067811 0.073433 -0.040320
v -0.071426 0.063133 0.035396
v -0.071001 0.071183 -0.001296
v -0.067829 0.066504 0.029419
v -0.070460 0.070433 -0.018128
v -0.068638 0.079174 -0.081488
v -0.065463 0.057019 0.089630
v -0.065925 0.055669 0.101887
v -0.064925 0.057232 0.093731
v -0.065656 0.055645 0.074091
v -0.070924 0.070170 0.006663
v -0.070006 0.068890 0.015855
v -0.061864 0.059672 0.062838
v -0.068427 0.058981 0.067577
v -0.068201 0.067919 0.008451
v -0.066382 0.072638 -0.012774
v -0.066965 0.074248 -0.033053
v -0.066614 0.069801 -0.003944
v -0.066914 0.064143 0.050146
v -0.066875 0.066440 0.017362
v -0.065097 0.062934 0.048117
v -0.065907 0.061969 0.042279
v -0.063624 0.077741 -0.072822
v -0.067829 0.066504 0.029419
v -0.071426 0.063133 0.035396
v -0.065907 0.061969 0.042279
v -0.062263 0.079725 -0.080821
v -0.062063 0.075553 -0.059187
v -0.064510 0.067371 0.002439
v -0.061552 0.072405 -0.027411
v -0.058330 0.060288 0.071050
v -0.061844 0.073451 -0.021259
v -0.059238 0.075787 -0.041680
v -0.063757 0.065350 0.027618
v -0.063613 0.071340 -0.012670
v -0.057717 0.055447 0.083611
v -0.064466 0.065649 0.012168
v -0.060511 0.073277 -0.052128
v -0.059283 0.056998 0.076372
v -0.064107 0.066827 0.031507
v -0.063757 0.065350 0.027618
v -0.055151 0.062597 0.059527
v -0.062036 0.079552 -0.075596
v -0.059398 0.078218 -0.079694
v -0.058834 0.056694 0.087332
v -0.053545 0.055670 0.093744
v -0.061911 0.064295 0.023805
v -0.058860 0.057872 0.099281
v -0.062470 0.068739 -0.007818
v -0.060222 0.071824 -0.034615
v -0.064466 0.065649 0.012168
v -0.061479 0.068189 0.008715
v -0.064510 0.067371 0.002439
v -0.056122 0.063322 0.045718
v -0.060895 0.069877 -0.000315
v -0.055829 0.057166 0.096191
v -0.061911 0.064295 0.023805
v -0.060653 0.066034 0.018558
v -0.058891 0.072543 -0.020598
v -0.047011 0.056016 0.106735
v -0.057462 0.064779 0.036147
v -0.056709 0.054966 0.081335
v -0.058116 0.074418 -0.048116
v -0.060802 0.078545 -0.087101
v -0.053960 0.077203 -0.087309
v -0.059709 0.069677 -0.008697
v -0.057196 0.074539 -0.065639
v -0.061479 0.068189 0.008715
v -0.056052 0.060474 0.052585
v -0.056799 0.074448 -0.040831
v -0.034362 0.051723 0.110064
v -0.058700 0.066011 0.038758
v -0.057366 0.063453 0.031019
v -0.056863 0.056481 0.098739
v -0.058622 0.070545 0.003226
v -0.058622 0.070545 0.003226
v -0.058772 0.069283 0.013516
v -0.052188 0.059441 0.077014
v -0.056052 0.060474 0.052585
v -0.058002 0.069555 -0.016283
v -0.057212 0.077317 -0.058595
v -0.055822 0.071857 -0.007618
v -0.057311 0.068174 0.009582
v -0.054665 0.074458 -0.027943
v -0.053152 0.073631 -0.035541
v -0.049532 0.056837 0.101514
v -0.056504 0.066750 0.024030
v -0.055287 0.068883 0.000805
v -0.055263 0.067893 0.016157
v -0.048450 0.056460 0.093558
v -0.052591 0.072654 -0.041539
v -0.054252 0.071335 -0.016783
v -0.053573 0.067988 0.023771
v -0.053860 0.077427 -0.078830
v -0.047635 0.077231 -0.091647
v -0.055822 0.071857 -0.007618
v -0.052791 0.075722 -0.058486
v -0.052051 0.065974 0.016396
v -0.053224 0.070714 -0.022812
v -0.047432 0.064835 0.046176
v -0.053088 0.076634 -0.063085
v -0.053639 0.066630 0.007317
v -0.049241 0.065414 0.034145
v -0.052946 0.078913 -0.084099
v -0.047475 0.055063 0.089704
v -0.050582 0.073785 -0.056532
v -0.048083 0.060291 0.061275
v -0.048497 0.062696 0.040485
v -0.045111 0.056633 0.084433
v -0.047508 0.060110 0.056720
v -0.047244 0.058650 0.076332
v -0.049806 0.068924 -0.008608
v -0.049724 0.073270 -0.018172
v -0.047515 0.074999 -0.072463
v -0.047356 0.054532 0.086810
v -0.049557 0.066049 0.025116
v -0.048778 0.071591 -0.015352
v -0.047860 0.073296 -0.032109
v -0.046255 0.077238 -0.077268
v -0.046306 0.077126 -0.085218
v -0.050212 0.068539 -0.000442
v -0.049442 0.075098 -0.046441
v -0.050004 0.077594 -0.061798
v -0.046240 0.075930 -0.053920
v -0.035916 0.059370 0.074205
v -0.047530 0.066963 0.030683
v -0.049588 0.068314 0.008799
v -0.047508 0.060110 0.056720
v -0.049724 0.073270 -0.018172
v -0.046483 0.071328 -0.029113
v -0.047223 0.078083 -0.083200
v -0.046071 0.076861 -0.050749
v -0.046439 0.064170 0.050211
v -0.037215 0.055253 0.101849
v -0.045668 0.075511 -0.036931
v -0.046282 0.066432 0.020581
v -0.046361 0.070644 0.000839
v -0.044360 0.073516 -0.024521
v -0.044928 0.075562 -0.069860
v -0.042067 0.077031 -0.090571
v -0.039186 0.060508 0.068015
v -0.044354 0.077466 -0.065701
v -0.040387 0.055780 0.104309
v -0.043169 0.073219 -0.048262
v -0.044272 0.076171 -0.082672
v -0.044611 0.070725 -0.008372
v -0.045402 0.073800 -0.043569
v -0.045033 0.076065 -0.062547
v -0.043281 0.074170 -0.059273
v -0.037027 0.058161 0.084510
v -0.042851 0.078285 -0.087825
v -0.040884 0.065075 0.029253
v -0.044913 0.069145 0.015866
v -0.037044 0.054305 0.098910
v -0.043606 0.070426 0.004811
v -0.041720 0.069614 -0.018174
v -0.044360 0.073516 -0.024521
v -0.040409 0.062268 0.056578
v -0.038295 0.064573 0.035945
v -0.040817 0.074224 -0.063130
v -0.041435 0.067637 0.022864
v -0.039556 0.064214 0.042435
v -0.039542 0.066508 0.038643
v -0.039338 0.075924 -0.042354
v -0.039717 0.061865 0.048055
v -0.041285 0.068582 0.014097
v -0.042599 0.071927 -0.002339
v -0.039026 0.074347 -0.052646
v -0.036239 0.070882 -0.026059
v -0.035322 0.053662 0.094032
v -0.036801 0.075157 -0.078790
v -0.037318 0.058414 0.065134
v -0.037950 0.068426 0.023198
v -0.029165 0.055962 0.082527
v -0.036321 0.054030 0.090176
v -0.035822 0.063972 0.054827
v -0.039091 0.071642 -0.036808
v -0.038194 0.073903 -0.039989
v -0.036349 0.075990 -0.086840
v -0.040628 0.069044 0.001964
v -0.036657 0.072626 -0.034082
v -0.032698 0.075032 -0.062621
v -0.036038 0.071171 -0.018375
v -0.037318 0.058414 0.065134
v -0.038127 0.070340 -0.005728
v -0.034505 0.076902 -0.058073
v -0.033547 0.075957 -0.084023
v -0.034612 0.074077 -0.030858
v -0.029593 0.070700 -0.093143
v -0.037556 0.070438 0.008338
v -0.036541 0.072869 -0.012259
v -0.035927 0.075044 -0.047880
v -0.034133 0.074272 -0.077014
v -0.037780 0.076040 -0.066395
v -0.032356 0.075937 -0.072864
v -0.033051 0.060888 0.061945
v -0.037476 0.069545 0.015561
v -0.034612 0.074077 -0.030858
v -0.031977 0.073311 -0.091267
v -0.037527 0.067530 0.020634
v -0.035352 0.069781 -0.002168
v -0.029990 0.074394 -0.090401
v -0.026336 0.052942 0.105958
v -0.034113 0.073494 -0.064653
v -0.032888 0.073472 -0.086990
v -0.032609 0.068464 0.021441
v -0.029189 0.060797 0.073952
v -0.033609 0.069603 -0.024108
v -0.032251 0.071759 -0.041098
v -0.035219 0.069868 0.011311
v -0.032971 0.076538 -0.069810
v -0.031313 0.070669 -0.012999
v -0.032900 0.074274 -0.089101
v -0.031182 0.065707 0.042325
v -0.032630 0.068864 0.004170
v -0.036639 0.066001 0.028208
v -0.032411 0.066958 0.026244
v -0.031040 0.070835 -0.002634
v -0.031247 0.073667 -0.068265
v -0.030378 0.075635 -0.046715
v -0.031673 0.073311 -0.054281
v -0.023711 0.052060 0.102475
v -0.029744 0.062514 0.049825
v -0.030556 0.062117 0.055752
v -0.029031 0.068833 -0.011468
v -0.029003 0.063981 0.037946
v -0.030287 0.067348 0.030979
v -0.027580 0.052840 0.092835
v -0.028321 0.058744 0.066574
v -0.026493 0.064964 0.047767
v -0.028105 0.060737 0.054401
v -0.028868 0.067917 0.012844
v -0.029742 0.064774 0.033636
v -0.029917 0.072875 -0.018303
v -0.026797 0.058193 0.071335
v -0.026446 0.073742 -0.089352
v -0.028467 0.063603 0.041628
v -0.024702 0.074652 -0.054050
v -0.028321 0.058744 0.066574
v -0.027290 0.069304 -0.028931
v -0.027133 0.070879 -0.031840
v -0.027183 0.074226 -0.059279
v -0.025753 0.074760 -0.082643
v -0.027673 0.069069 0.002960
v -0.026535 0.063224 0.060436
v -0.025841 0.071521 -0.023632
v -0.025200 0.067531 0.028295
v -0.025188 0.072044 -0.092387
v -0.025662 0.072338 -0.040528
v -0.025335 0.073106 -0.068988
v -0.024970 0.070306 -0.009463
v -0.020448 0.077546 -0.074289
v -0.025162 0.067912 -0.003799
v -0.021202 0.070369 -0.019797
v -0.020564 0.070593 -0.046880
v -0.030378 0.075635 -0.046715
v -0.032251 0.071759 -0.041098
v -0.026279 0.072723 -0.046520
v -0.026149 0.053046 0.099781
v -0.022520 0.056596 0.089351
v -0.022662 0.075544 -0.071753
v -0.019565 0.066696 0.022705
v -0.020564 0.070593 -0.046880
v -0.024005 0.075754 -0.051405
v -0.025143 0.076401 -0.062762
v -0.023950 0.073478 -0.091023
v -0.024746 0.052068 0.096074
v -0.025000 0.065544 0.032164
v -0.021921 0.068719 -0.008677
v -0.020540 0.058947 0.074868
v -0.023319 0.073973 -0.037039
v -0.019508 0.073997 -0.089722
v -0.021055 0.062091 0.064226
v -0.024620 0.068775 0.009278
v -0.019298 0.067462 -0.016255
v -0.023537 0.067902 0.016424
v -0.021805 0.072878 -0.058932
v -0.022479 0.072537 -0.021822
v -0.023319 0.073973 -0.037039
v -0.019653 0.052986 0.099542
v -0.020012 0.060711 0.059670
v -0.021937 0.074901 -0.066725
v -0.021366 0.066756 0.036557
v -0.020013 0.074945 -0.080396
v -0.015575 0.078808 -0.096576
v -0.018946 0.064574 0.038972
v -0.018730 0.069176 -0.001408
v -0.018505 0.063957 0.042368
v -0.018965 0.073836 -0.050864
v -0.017979 0.077681 -0.098485
v -0.020453 0.066346 0.016040
v -0.018909 0.052443 0.094283
v -0.017750 0.076212 -0.087355
v -0.020000 0.057513 0.070453
v -0.018493 0.063917 0.046764
v -0.016337 0.068536 -0.033149
v -0.017858 0.076499 -0.091761
v -0.016924 0.061500 0.054960
v -0.020538 0.066039 0.006982
v -0.020311 0.067979 0.003543
v -0.017740 0.069805 -0.028945
v -0.016782 0.066639 -0.007025
v -0.017261 0.052690 0.105582
v -0.020000 0.057513 0.070453
v -0.014300 0.059850 0.068399
v -0.018581 0.065125 0.049615
v -0.024005 0.075754 -0.051405
v -0.017186 0.078653 -0.093192
v -0.013361 0.051950 0.098508
v -0.017228 0.065345 0.035533
v -0.012678 0.070866 -0.037377
v -0.014065 0.052941 0.104664
v -0.018420 0.066029 0.032667
v -0.017614 0.068818 -0.014149
v -0.013949 0.062738 0.063883
v -0.012604 0.074164 -0.063614
v -0.016998 0.075988 -0.065582
v -0.014734 0.069166 -0.013550
v -0.013286 0.059922 0.078392
v -0.015111 0.066647 0.019445
v -0.015087 0.072133 -0.043419
v -0.012121 0.056371 0.082913
v -0.015161 0.067341 0.029918
v -0.018566 0.065618 0.012204
v -0.015268 0.073579 -0.039223
v -0.010812 0.064674 0.008038
v -0.014794 0.071598 -0.025318
v -0.014665 0.074269 -0.057577
v -0.010949 0.076238 -0.083897
v -0.013468 0.055924 0.088466
v -0.015593 0.075665 -0.053734
v -0.013768 0.072759 -0.061217
v -0.011547 0.057227 0.074714
v -0.013806 0.065791 -0.011675
v -0.015636 0.074378 -0.071011
v -0.005772 0.055306 0.087879
v -0.012010 0.063334 -0.000574
v -0.009764 0.077367 -0.079661
v -0.005831 0.053132 0.102633
v -0.012581 0.065671 0.018061
v -0.014207 0.066041 -0.001359
v -0.015593 0.075665 -0.053734
v -0.013451 0.052991 0.109228
v -0.013403 0.067664 -0.020855
v -0.012762 0.053474 0.107589
v -0.007129 0.055734 0.092481
v -0.011100 0.076089 -0.069297
v -0.010999 0.059999 0.059344
v -0.011927 0.066849 0.014218
v -0.008492 0.066960 -0.007333
v -0.009118 0.070059 -0.024429
v -0.011343 0.051840 0.104046
v -0.011964 0.066335 0.039345
v -0.010377 0.065699 0.026654
v -0.015087 0.072133 -0.043419
v -0.011432 0.072018 -0.051041
v -0.011588 0.053974 0.093919
v -0.001633 0.067533 0.021903
v -0.008331 0.057529 0.072214
v -0.006593 0.059954 0.062088
v -0.008492 0.071369 -0.048624
v -0.008331 0.057529 0.072214
v -0.009231 0.077488 -0.073902
v -0.007715 0.063095 0.048130
v -0.009326 0.064845 -0.010360
v -0.008670 0.065038 0.049734
v -0.009215 0.066108 0.033355
v -0.008511 0.065545 -0.005317
v -0.009107 0.064226 0.052547
v -0.004010 0.052086 0.097738
v -0.009820 0.064455 0.035945
v -0.008020 0.078343 -0.087149
v -0.008305 0.063620 0.041516
v -0.009270 0.068272 -0.017312
v -0.005513 0.063725 0.044080
v -0.009496 0.063374 0.003360
v -0.007276 0.079139 -0.076015
v -0.008539 0.074847 -0.052897
v -0.007426 0.065676 0.038221
v -0.005976 0.067451 -0.020973
v -0.006008 0.078056 -0.066758
v -0.006206 0.074539 -0.040683
v -0.005804 0.079010 -0.089914
v -0.006498 0.066791 0.017756
v -0.006112 0.062670 -0.000315
v -0.002213 0.072491 -0.027097
v -0.010462 0.051593 0.111138
v -0.007919 0.059016 0.077529
v -0.004161 0.060799 0.057939
v -0.007632 0.081547 -0.100852
v -0.005045 0.066662 0.030474
v -0.000783 0.073726 -0.045129
v -0.007674 0.076554 -0.055101
v -0.007674 0.076554 -0.055101
v -0.005432 0.054381 0.108018
v -0.004410 0.070869 -0.030767
v -0.006691 0.065993 0.019758
v -0.001670 0.061999 0.064313
v -0.000387 0.055007 0.107436
v -0.003706 0.065161 -0.013411
v -0.001675 0.070486 -0.036752
v -0.004249 0.082636 -0.094918
v -0.000724 0.065120 0.011879
v -0.005848 0.062191 0.005875
v -0.003358 0.075707 -0.058040
v -0.005031 0.063991 0.003157
v -0.002839 0.069131 -0.015818
v -0.004254 0.062560 -0.004885
v -0.005359 0.076037 -0.072416
v -0.002820 0.060802 0.068560
v 0.000203 0.073628 -0.039410
v -0.004431 0.078477 -0.091660
v -0.001850 0.054928 0.086480
v -0.002749 0.059398 0.081041
v -0.000459 0.074803 -0.062218
v -0.002279 0.073441 -0.051572
v -0.003445 0.082460 -0.099492
v -0.001279 0.065555 0.039862
v -0.000476 0.064369 0.037206
v 0.003567 0.080557 -0.088397
v 0.003491 0.059869 0.078876
v -0.002373 0.077102 -0.065108
v 0.000838 0.077867 -0.082319
v -0.000794 0.062029 0.008478
v -0.002195 0.067483 -0.015204
v 0.000648 0.062883 0.004762
v -0.000038 0.064054 0.049712
v -0.000127 0.065475 0.027291
v 0.002926 0.065257 0.018706
v 0.000123 0.065250 -0.007274
v -0.000250 0.068857 -0.018757
v 0.002677 0.077391 -0.070104
v 0.002133 0.078885 -0.085308
v -0.000329 0.065826 0.033866
v 0.002973 0.057106 0.074530
v 0.005026 0.070486 -0.023476
v 0.004424 0.077317 -0.053833
v 0.002424 0.064788 0.051933
v 0.006489 0.066775 0.014642
v -0.000185 0.063065 0.000691
v 0.002265 0.057403 0.091820
v -0.001780 0.061737 0.002370
v 0.004138 0.059222 0.070514
v 0.000420 0.078858 -0.078754
v 0.004029 0.083164 -0.101386
v -0.003651 0.054991 0.110111
v -0.000529 0.065954 -0.010643
v 0.006519 0.084006 -0.098820
v 0.003404 0.072668 -0.049261
v 0.001913 0.057047 0.083737
v 0.004540 0.063292 0.041014
v 0.004424 0.077317 -0.053833
v 0.003413 0.079090 -0.075081
v 0.003770 0.063960 0.044724
v 0.004254 0.075654 -0.041233
v -0.000612 0.052967 0.105904
v 0.001939 0.062605 -0.002605
v 0.003850 0.066790 -0.008956
v 0.003090 0.062804 -0.005498
v 0.005941 0.077278 -0.072510
v 0.005450 0.057886 0.116182
v 0.005056 0.065848 0.028470
v 0.002325 0.061941 0.001323
v 0.006797 0.066622 -0.014372
v 0.004962 0.062537 0.048715
v 0.002973 0.057106 0.074530
v 0.001324 0.061356 0.004086
v 0.007046 0.078746 -0.066503
v 0.010262 0.054948 0.105457
v 0.009868 0.066698 0.030104
v 0.006343 0.068870 -0.021022
v 0.006254 0.062472 0.054682
v 0.005001 0.061837 0.003137
v 0.007438 0.072555 -0.029247
v 0.006571 0.065250 -0.011910
v 0.007194 0.057482 0.111320
v 0.004974 0.060342 0.058900
v 0.008711 0.066085 0.024015
v 0.006520 0.054687 0.102370
v 0.007999 0.055357 0.086173
v 0.007838 0.084220 -0.094691
v 0.007466 0.063836 0.000864
v 0.005390 0.070027 -0.016988
v 0.008501 0.076121 -0.057834
v 0.010806 0.059920 0.061522
v 0.008836 0.064263 0.049355
v 0.012562 0.065468 0.033798
v 0.007956 0.055347 0.095080
v 0.008454 0.064075 0.009159
v 0.006511 0.062734 0.065535
v 0.007447 0.062136 0.007680
v 0.008246 0.063516 0.004424
v 0.009568 0.072317 -0.037096
v 0.011836 0.053778 0.100264
v 0.007870 0.077263 -0.063948
v 0.008134 0.080329 -0.091480
v 0.011328 0.058585 0.076282
v 0.008833 0.054875 0.108022
v 0.011741 0.080498 -0.086139
v 0.011378 0.065969 0.037291
v 0.010783 0.066786 -0.005685
v 0.007422 0.070788 -0.034711
v 0.011461 0.074734 -0.050396
v 0.011099 0.075420 -0.060685
v 0.010681 0.079069 -0.078641
v 0.010502 0.059466 0.081025
v 0.008532 0.062828 -0.002888
v 0.012423 0.066730 -0.008303
v 0.014464 0.073650 -0.024752
v 0.013251 0.075582 -0.039042
v 0.012643 0.074751 -0.043300
v 0.013042 0.057163 0.108722
v 0.014228 0.062049 0.062686
v 0.011120 0.064811 -0.003561
v 0.012719 0.057764 0.090469
v 0.013788 0.058329 0.070800
v 0.013120 0.062970 0.046775
v 0.012816 0.070437 -0.015030
v 0.010629 0.069892 -0.018494
v 0.011945 0.065764 0.016366
v 0.014764 0.079238 -0.082078
v 0.014106 0.053700 0.097595
v 0.018073 0.084025 -0.096815
v 0.015862 0.081039 -0.088389
v 0.015373 0.061792 0.066101
v 0.014424 0.064771 0.041739
v 0.016506 0.077554 -0.069244
v 0.018966 0.079429 -0.074119
v 0.016471 0.060357 0.057227
v 0.014162 0.078440 -0.072622
v 0.018625 0.057745 0.072500
v 0.017746 0.065131 0.048559
v 0.013884 0.066284 0.009209
v 0.015883 0.083225 -0.100074
v 0.018625 0.057745 0.072500
v 0.014540 0.065217 0.024796
v 0.018998 0.071846 -0.029039
v 0.014727 0.056746 0.119417
v 0.017103 0.077345 -0.062072
v 0.015584 0.066351 -0.010321
v 0.017077 0.077639 -0.051470
v 0.013106 0.062866 0.005898
v 0.018353 0.069815 -0.018964
v 0.017311 0.073117 -0.046083
v 0.015993 0.067447 0.017334
v 0.015532 0.083405 -0.092819
v 0.003682 0.083042 -0.094145
v 0.017731 0.083364 -0.092346
v 0.021044 0.056470 0.093391
v 0.019078 0.061938 0.052666
v 0.018445 0.063818 0.037054
v 0.018000 0.066001 0.009285
v 0.015160 0.063939 0.002742
v 0.015666 0.071112 -0.033768
v 0.021527 0.055959 0.084882
v 0.020740 0.060701 0.077731
v 0.019947 0.057335 0.082410
v 0.017077 0.077639 -0.051470
v 0.017714 0.076884 -0.054403
v 0.017269 0.068956 -0.011734
v 0.022145 0.072836 -0.033866
v 0.019099 0.055678 0.107363
v 0.016591 0.066935 -0.000728
v 0.022638 0.070377 -0.014765
v 0.018174 0.078677 -0.064775
v 0.018989 0.056728 0.115784
v 0.017459 0.058227 0.111648
v 0.019082 0.065827 0.019274
v 0.019060 0.071932 -0.021103
v 0.021623 0.064334 0.042150
v 0.022828 0.080390 -0.084220
v 0.022164 0.063338 0.044693
v 0.020682 0.065236 0.011723
v 0.025737 0.077742 -0.064419
v 0.017754 0.066082 0.004028
v 0.025168 0.075503 -0.056936
v 0.021179 0.074293 -0.041405
v 0.025525 0.056395 0.101611
v 0.025364 0.057130 0.086246
v 0.022738 0.066580 0.031078
v 0.021753 0.066836 0.026607
v 0.019562 0.067038 -0.004196
v 0.020388 0.063258 0.062427
v 0.022976 0.060469 0.058182
v 0.020886 0.058627 0.089952
v 0.026980 0.075377 -0.035020
v 0.019066 0.080888 -0.089785
v 0.021671 0.056898 0.110360
v 0.023754 0.059175 0.067737
v 0.020561 0.071433 -0.012165
v 0.016709 0.084242 -0.093357
v 0.025897 0.059551 0.073250
v 0.025782 0.075660 -0.046273
v 0.025443 0.055772 0.104770
v 0.021374 0.066024 0.001543
v 0.026235 0.054377 0.096315
v 0.021046 0.079253 -0.077502
v 0.025761 0.065130 0.044334
v 0.024805 0.078310 -0.069865
v 0.024024 0.070950 -0.029948
v 0.023976 0.065061 0.018849
v 0.024496 0.069669 -0.006640
v 0.027607 0.083272 -0.097798
v 0.026675 0.066800 0.010876
v 0.026239 0.056125 0.117080
v 0.026556 0.065537 0.034997
v 0.027706 0.072936 -0.042342
v 0.026719 0.062380 0.058201
v 0.029228 0.081123 -0.086928
v 0.026760 0.061898 0.063065
v 0.025280 0.064379 0.031556
v 0.022094 0.067246 -0.006597
v 0.029037 0.077983 -0.059291
v 0.022575 0.083582 -0.091594
v 0.028038 0.061168 0.051686
v 0.025814 0.063542 0.048418
v 0.024987 0.073693 -0.021356
v 0.032122 0.071667 -0.022966
v 0.027053 0.077033 -0.048593
v 0.027523 0.066772 0.019329
v 0.027037 0.075267 -0.053403
v 0.024744 0.057802 0.108031
v 0.026110 0.066646 -0.000221
v 0.030278 0.083535 -0.093497
v 0.026814 0.058208 0.110795
v 0.033562 0.058918 0.086202
v 0.030975 0.079435 -0.077363
v 0.032550 0.058727 0.067526
v 0.027053 0.077033 -0.048593
v 0.032690 0.058698 0.077710
v 0.032550 0.058727 0.067526
v 0.025531 0.065319 0.004768
v 0.029550 0.064934 0.037986
v 0.031181 0.057512 0.089811
v 0.026927 0.071465 -0.006915
v 0.029041 0.071895 -0.017521
v 0.031503 0.079184 -0.069887
v 0.028071 0.079427 -0.073957
v 0.031018 0.077086 -0.065131
v 0.031140 0.063543 0.058892
v 0.025091 0.083402 -0.090799
v 0.033539 0.057089 0.112538
v 0.028000 0.067686 0.005993
v 0.029911 0.067807 0.021963
v 0.034366 0.080456 -0.081569
v 0.030533 0.070811 -0.007426
v 0.029720 0.069856 -0.015540
v 0.030296 0.065288 0.025507
v 0.032432 0.071719 -0.028379
v 0.033700 0.061400 0.052524
v 0.031161 0.064452 0.040710
v 0.032830 0.075353 -0.048955
v 0.033305 0.066472 0.029144
v 0.032224 0.056722 0.108449
v 0.030814 0.069785 0.001329
v 0.035335 0.072836 -0.015351
v 0.036363 0.072565 -0.034719
v 0.036579 0.055346 0.096389
v 0.033067 0.061413 0.072767
v 0.031461 0.066063 0.042621
v 0.036563 0.077090 -0.059440
v 0.036554 0.077878 -0.065317
v 0.037229 0.058156 0.108144
v 0.036246 0.062110 0.045949
v 0.036980 0.074025 -0.049798
v 0.033188 0.056625 0.081197
v 0.036351 0.060300 0.061666
v 0.038258 0.079027 -0.070336
v 0.039612 0.081138 -0.082909
v 0.034245 0.057363 0.105020
v 0.039207 0.054445 0.091774
v 0.034751 0.066664 0.018177
v 0.037407 0.075030 -0.039766
v 0.031518 0.083383 -0.088617
v 0.038562 0.071949 -0.036523
v 0.036297 0.064473 0.042163
v 0.041396 0.079778 -0.076600
v 0.039140 0.055676 0.114393
v 0.035052 0.067943 0.011679
v 0.038759 0.055500 0.100939
v 0.036554 0.076197 -0.053360
v 0.037016 0.057931 0.082085
v 0.037310 0.067756 0.021510
v 0.037994 0.069828 -0.009901
v 0.037367 0.064818 0.033411
v 0.037969 0.064027 0.052739
v 0.036265 0.068592 0.003324
v 0.038925 0.070208 -0.001692
v 0.040560 0.083436 -0.087978
v 0.038181 0.066856 0.036498
v 0.044030 0.057527 0.075848
v 0.039943 0.071308 -0.018155
v 0.038794 0.056222 0.098913
v 0.040609 0.061218 0.067200
v 0.042140 0.074236 -0.042720
v 0.039848 0.082908 -0.094516
v 0.039070 0.074341 -0.028367
v 0.037407 0.075030 -0.039766
v 0.042934 0.078572 -0.064851
v 0.042980 0.061893 0.068786
v 0.040911 0.072193 -0.024416
v 0.042283 0.077022 -0.052730
v 0.045655 0.083254 -0.090096
v 0.042515 0.063319 0.054071
v 0.043317 0.080534 -0.078850
v 0.039809 0.066439 0.025832
v 0.042439 0.062835 0.046700
v 0.042579 0.056435 0.087029
v 0.040464 0.068945 0.012097
v 0.044073 0.070486 -0.019425
v 0.047017 0.078624 -0.070329
v 0.041757 0.057079 0.101487
v 0.047814 0.056398 0.100799
v 0.046360 0.059937 0.060603
v 0.045172 0.055587 0.104226
v 0.047449 0.059506 0.077357
v 0.043054 0.067001 0.030016
v 0.046015 0.072000 -0.027333
v 0.045924 0.071063 -0.010224
v 0.044677 0.074568 -0.047694
v 0.043576 0.056337 0.109306
v 0.045425 0.065114 0.033840
v 0.042268 0.076213 -0.059847
v 0.047383 0.074482 -0.035685
v 0.044001 0.083150 -0.083383
v 0.045897 0.062830 0.039660
v 0.047739 0.076971 -0.059488
v 0.044972 0.060276 0.057749
v 0.053206 0.058444 0.079286
v 0.043932 0.068636 0.006123
v 0.044861 0.072196 -0.007030
v 0.050508 0.055381 0.094529
v 0.043749 0.066374 0.021387
v 0.046712 0.057170 0.104885
v 0.046360 0.059937 0.060603
v 0.050968 0.071864 -0.030126
v 0.046991 0.056346 0.094513
v 0.047346 0.054986 0.090908
v 0.045613 0.074019 -0.023252
v 0.049697 0.072055 -0.042017
v 0.047012 0.070321 -0.030312
v 0.050437 0.080605 -0.077627
v 0.047555 0.059017 0.070979
v 0.044851 0.069118 -0.001107
v 0.046434 0.075694 -0.054560
v 0.047636 0.069690 -0.013460
v 0.049173 0.065488 0.045321
v 0.056043 0.083229 -0.084204
v 0.047383 0.074482 -0.035685
v 0.052808 0.082583 -0.090057
v 0.047400 0.068230 0.021630
v 0.046539 0.067246 0.010837
v 0.052132 0.079551 -0.073070
v 0.051878 0.054806 0.086129
v 0.053129 0.074529 -0.052903
v 0.049177 0.054760 0.110170
v 0.052380 0.062448 0.050759
v 0.053586 0.071631 -0.019086
v 0.048458 0.078195 -0.065198
v 0.049948 0.066616 0.023297
v 0.053493 0.054267 0.105475
v 0.049401 0.068551 0.013682
v 0.053821 0.083060 -0.081778
v 0.051450 0.074714 -0.044380
v 0.052151 0.056652 0.096400
v 0.048835 0.069941 0.005396
v 0.050016 0.070688 -0.002445
v 0.050470 0.073149 -0.017042
v 0.054002 0.074580 -0.046791
v 0.054008 0.071292 -0.035693
v 0.053299 0.060380 0.054222
v 0.052611 0.062866 0.061545
v 0.052840 0.064403 0.045383
v 0.054681 0.077114 -0.058539
v 0.055281 0.073045 -0.029953
v 0.050632 0.063711 0.033402
v 0.054559 0.058318 0.068510
v 0.057060 0.082981 -0.086736
v 0.052175 0.065311 0.036360
v 0.052286 0.068776 0.005464
v 0.056500 0.055131 0.098984
v 0.053777 0.070593 -0.008389
v 0.055281 0.073045 -0.029953
v 0.055639 0.056538 0.088358
v 0.054729 0.060206 0.065515
v 0.052726 0.064476 0.026172
v 0.053263 0.069946 -0.025858
v 0.059226 0.060994 0.070968
v 0.053519 0.068584 -0.004356
v 0.055499 0.082344 -0.077594
v 0.058807 0.059693 0.068244
v 0.055128 0.065994 0.038475
v 0.054655 0.065407 0.027639
v 0.054192 0.065973 0.015506
v 0.059127 0.077698 -0.066077
v 0.060454 0.062288 0.052399
v 0.056483 0.075612 -0.053983
v 0.057885 0.056437 0.096560
v 0.055728 0.067284 0.005761
v 0.056414 0.072716 -0.009770
v 0.055104 0.056714 0.101258
v 0.053299 0.060380 0.054222
v 0.060503 0.072718 -0.038017
v 0.061214 0.079275 -0.071492
v 0.057723 0.065151 0.043311
v 0.057327 0.076945 -0.062140
v 0.057776 0.053575 0.105343
v 0.059980 0.055727 0.081226
v 0.057486 0.067502 0.028491
v 0.059920 0.070186 -0.012884
v 0.059546 0.069547 -0.017778
v 0.057319 0.066671 0.019904
v 0.056752 0.069652 -0.000734
v 0.059667 0.071219 -0.021369
v 0.060124 0.072534 -0.046258
v 0.062500 0.078405 -0.067901
v 0.060955 0.069492 -0.032883
v 0.060250 0.063759 0.056107
v 0.060451 0.061285 0.048971
v 0.063094 0.082464 -0.078895
v 0.061685 0.072559 -0.041044
v 0.060451 0.061285 0.048971
v 0.059788 0.063772 0.037730
v 0.062571 0.057383 0.086847
v 0.059929 0.065474 0.032840
v 0.058885 0.069318 0.009704
v 0.058904 0.071302 0.000353
v 0.065743 0.074870 -0.053359
v 0.066461 0.082338 -0.081760
v 0.065431 0.081598 -0.084424
v 0.061979 0.071893 -0.026215
v 0.068300 0.082148 -0.078203
v 0.059362 0.056066 0.091114
v 0.062008 0.073057 -0.021898
v 0.062343 0.075200 -0.051557
v 0.062445 0.065800 0.036914
v 0.059788 0.063772 0.037730
v 0.057723 0.065151 0.043311
v 0.062303 0.073347 -0.048453
v 0.062126 0.070153 -0.003383
v 0.062081 0.061061 0.059440
v 0.063854 0.057868 0.090973
v 0.061546 0.066710 0.026428
v 0.064610 0.081697 -0.075508
v 0.065190 0.063961 0.039940
v 0.062591 0.068096 0.013509
v 0.062008 0.073057 -0.021898
v 0.063137 0.055761 0.100404
v 0.064794 0.071004 -0.031833
v 0.065664 0.057089 0.074543
v 0.065636 0.059479 0.060528
v 0.067932 0.060803 0.067254
v 0.066227 0.080853 -0.071184
v 0.065351 0.058249 0.096374
v 0.065632 0.065778 0.030425
v 0.068236 0.056889 0.092827
v 0.065583 0.057484 0.081893
v 0.066746 0.056819 0.086174
v 0.066306 0.063739 0.051861
v 0.067661 0.071274 -0.042125
v 0.066962 0.075514 -0.058617
v 0.068639 0.063076 0.041971
v 0.065730 0.068286 -0.003085
v 0.068639 0.063076 0.041971
v 0.065190 0.063961 0.039940
v 0.066132 0.064887 0.024508
v 0.068100 0.072400 -0.012877
v 0.067665 0.076773 -0.062638
v 0.066132 0.064887 0.024508
v 0.065107 0.065847 0.019669
v 0.069158 0.061573 0.061813
v 0.068560 0.072549 -0.030415
v 0.067644 0.072068 -0.019001
v 0.069218 0.071348 -0.035530
v 0.071120 0.077550 -0.065195
v 0.071679 0.061295 0.051528
v 0.069554 0.070270 -0.020750
v 0.068626 0.066739 0.030736
v 0.067822 0.064472 0.046888
v 0.067860 0.066518 0.011922
v 0.073394 0.055839 0.098751
v 0.073668 0.057491 0.072609
v 0.070193 0.072993 -0.045270
v 0.072220 0.057139 0.095962
v 0.068699 0.070368 -0.004727
v 0.073259 0.073484 -0.051798
v 0.068100 0.072400 -0.012877
v 0.071839 0.071104 -0.022902
v 0.071365 0.068048 0.022582
v 0.074940 0.079615 -0.068711
v 0.073616 0.080613 -0.072745
v 0.072714 0.058575 0.079251
v 0.071008 0.068788 0.013711
v 0.072707 0.057773 0.069037
v 0.070908 0.070411 0.002677
v 0.077312 0.074380 -0.054170
v 0.071365 0.068048 0.022582
v 0.075011 0.070497 -0.035057
v 0.074521 0.061069 0.053549
v 0.070869 0.071833 -0.005938
v 0.073207 0.070509 -0.011600
v 0.073138 0.065251 0.042193
v 0.074065 0.072813 -0.046870
v 0.074377 0.081354 -0.076763
v 0.072830 0.064166 0.031015
v 0.070869 0.071833 -0.005938
v 0.076760 0.060957 0.060929
v 0.076469 0.072923 -0.021033
v 0.076910 0.071571 -0.037222
v 0.076429 0.079105 -0.064022
v 0.076579 0.080757 -0.073558
v 0.075948 0.057787 0.079646
v 0.072830 0.064166 0.031015
v 0.070908 0.070411 0.002677
v 0.074335 0.069591 0.004606
v 0.077266 0.071638 -0.027065
v 0.071008 0.068788 0.013711
v 0.075619 0.058065 0.085389
v 0.072787 0.058663 0.084425
v 0.074709 0.064172 0.034166
v 0.075044 0.059329 0.090468
v 0.074654 0.066194 0.023376
v 0.077771 0.080105 -0.077495
v 0.078684 0.063318 0.053795
v 0.075958 0.066884 0.015988
v 0.077657 0.069192 -0.010350
v 0.079578 0.072378 -0.039956
v 0.077361 0.064713 0.024793
v 0.078641 0.068071 -0.001518
v 0.080758 0.064574 0.036254
v 0.079717 0.066770 0.030868
v 0.077970 0.071277 -0.014755
v 0.081632 0.061842 0.041841
v 0.079310 0.066370 0.010859
v 0.082186 0.079872 -0.072040
v 0.080283 0.057740 0.089498
v 0.081037 0.059822 0.070092
v 0.080542 0.057667 0.084572
v 0.082396 0.058745 0.062803
v 0.085147 0.062072 0.051662
v 0.080402 0.072157 -0.045602
v 0.084365 0.060439 0.075832
v 0.081777 0.058968 0.074988
v 0.081023 0.062291 0.047575
v 0.083811 0.071745 -0.040192
v 0.083478 0.058872 0.079546
v 0.081672 0.070887 -0.005784
v 0.084171 0.077716 -0.061645
v 0.082033 0.059468 0.085132
v 0.081589 0.067578 0.021311
v 0.081493 0.075132 -0.055632
v 0.081905 0.068345 0.011562
v 0.083369 0.079176 -0.068351
v 0.083095 0.070012 0.003225
v 0.081378 0.072586 -0.014197
v 0.084350 0.070953 -0.018729
v 0.082789 0.070770 -0.028666
v 0.079898 0.075986 -0.058932
v 0.087061 0.059538 0.055686
v 0.083355 0.078388 -0.065394
v 0.085795 0.064067 0.046370
v 0.085732 0.072407 -0.045490
v 0.086017 0.070839 -0.006394
v 0.086570 0.077350 -0.055751
v 0.086473 0.072580 -0.031096
v 0.084865 0.067206 0.023452
v 0.089564 0.073540 -0.046610
v 0.089722 0.061384 0.063287
v 0.086955 0.064607 0.028068
v 0.084928 0.068974 0.013534
v 0.086445 0.057204 0.087134
v 0.089522 0.078247 -0.069940
v 0.088236 0.063447 0.038082
v 0.088515 0.069761 -0.020744
v 0.088233 0.069023 0.003961
v 0.087879 0.074687 -0.052513
v 0.088763 0.071544 -0.025749
v 0.088386 0.071871 -0.034867
v 0.090267 0.060432 0.066977
v 0.087762 0.071414 -0.040063
v 0.091020 0.078367 -0.065340
v 0.088659 0.063055 0.031037
v 0.093173 0.072016 -0.039019
v 0.091129 0.064759 0.021419
v 0.092845 0.066247 0.009736
v 0.092174 0.076446 -0.054670
v 0.092081 0.063212 0.041809
v 0.090753 0.059648 0.076012
v 0.093702 0.065492 0.033034
v 0.091636 0.077676 -0.061413
v 0.091144 0.076963 -0.058671
v 0.089064 0.060411 0.079643
v 0.092364 0.068497 -0.009523
v 0.094821 0.071807 -0.026323
v 0.092895 0.072451 -0.023840
v 0.091617 0.060938 0.056584
v 0.093780 0.070937 -0.018938
v 0.095465 0.073075 -0.039850
v 0.092965 0.064102 0.027345
v 0.094307 0.070938 -0.033218
v 0.095521 0.073659 -0.045406
v 0.093965 0.060432 0.045753
v 0.096193 0.075867 -0.046792
v 0.094213 0.067200 -0.000192
v 0.096075 0.061170 0.048075
v 0.096883 0.060247 0.077479
v 0.095169 0.061300 0.069376
v 0.094665 0.062687 0.065823
v 0.095836 0.069742 -0.011447
v 0.095624 0.065736 0.016230
v 0.099297 0.062482 0.050800
v 0.098558 0.062774 0.034488
v 0.100711 0.077326 -0.056558
v 0.095026 0.058389 0.082410
v 0.098335 0.076096 -0.049503
v 0.099102 0.061899 0.056214
v 0.096774 0.066975 0.006928
v 0.097579 0.069463 -0.004146
v 0.099655 0.072958 -0.037662
v 0.096024 0.066162 0.023732
v 0.098507 0.071604 -0.013815
v 0.097357 0.063005 0.071889
v 0.098837 0.077162 -0.062667
v 0.098050 0.065774 0.027606
v 0.098397 0.076868 -0.054190
v 0.096350 0.076374 -0.053405
v 0.100066 0.070752 -0.029955
v 0.100565 0.062111 0.037443
v 0.100616 0.070543 -0.019804
v 0.099223 0.070208 -0.026178
v 0.098377 0.061237 0.068944
v 0.099315 0.068130 0.013449
v 0.099503 0.072387 -0.034446
v 0.100756 0.069922 -0.001020
v 0.103042 0.072764 -0.037455
v 0.105956 0.062115 0.068493
v 0.100039 0.063442 0.058557
v 0.100901 0.065939 0.021077
v 0.101373 0.062457 0.061760
v 0.103600 0.063824 0.026063
v 0.104961 0.076080 -0.042887
v 0.102673 0.063440 0.041627
v 0.104859 0.069278 -0.018716
v 0.102706 0.067967 0.006153
v 0.101347 0.076502 -0.049159
v 0.104325 0.068776 -0.010059
v 0.103190 0.060135 0.075622
v 0.103707 0.062006 0.062586
v 0.104956 0.067553 -0.001152
v 0.105790 0.064204 0.061492
v 0.104066 0.065158 0.015571
v 0.106645 0.062612 0.052824
v 0.107874 0.076884 -0.046006
v 0.107050 0.071425 -0.025367
v 0.105988 0.062645 0.043644
v 0.104808 0.074840 -0.037587
v 0.105602 0.063615 0.049421
v 0.105562 0.064701 0.033027
v 0.106437 0.066162 0.006626
v 0.105850 0.071894 -0.032301
v 0.107339 0.065913 0.014566
v 0.108136 0.067813 -0.005140
v 0.105667 0.076616 -0.055879
v 0.108246 0.062410 0.055051
v 0.109429 0.066583 0.022141
v 0.110808 0.070048 -0.011038
v 0.110474 0.068428 0.003077
v 0.110159 0.064707 0.031171
v 0.110096 0.071633 -0.028440
v 0.112792 0.062547 0.054783
v 0.111767 0.062192 0.064671
v 0.111168 0.067995 0.012050
v 0.110571 0.063908 0.051420
v 0.110111 0.075389 -0.036169
v 0.113387 0.076186 -0.035754
v 0.111013 0.063105 0.044384
v 0.111181 0.074130 -0.028760
v 0.114821 0.074408 -0.027910
v 0.113268 0.070664 -0.016581
v 0.110881 0.077019 -0.049240
v 0.111081 0.064987 0.039167
v 0.112830 0.066186 0.021276
v 0.114749 0.070130 -0.019036
v 0.111770 0.062249 0.046773
v 0.113652 0.067206 0.013370
v 0.116452 0.069170 -0.009178
v 0.114821 0.068322 0.005829
v 0.115286 0.069204 -0.002805
v 0.114962 0.076573 -0.038967
v 0.115985 0.076581 -0.041775
v 0.112017 0.065771 0.032894
v 0.115992 0.066074 0.032085
v 0.116643 0.073104 -0.018169
v 0.114624 0.067730 0.025101
v 0.116723 0.063394 0.044554
v 0.116039 0.064541 0.037042
v 0.118887 0.075302 -0.026508
v 0.115760 0.065299 0.040981
v 0.117691 0.067660 0.023736
v 0.115841 0.061440 0.056288
v 0.119183 0.068754 0.013900
v 0.115851 0.069389 0.011355
v 0.120075 0.070319 0.000792
v 0.117255 0.071132 -0.004354
v 0.119492 0.072597 -0.018686
v 0.120403 0.074114 -0.018483
v 0.120805 0.075373 -0.033453
v 0.121738 0.070470 -0.009935
v 0.119977 0.066824 0.024732
v 0.122280 0.066622 0.033374
v 0.123789 0.073620 -0.019782
v 0.118814 0.061017 0.047493
v 0.121256 0.067850 0.028071
v 0.124539 0.071528 -0.009864
v 0.123425 0.070354 -0.000973
v 0.122730 0.068941 0.007318
v 0.122386 0.068290 0.015907
v 0.125745 0.068125 0.017410
v 0.125929 0.070594 0.004050
v 0.125618 0.073021 -0.024963
v 0.127900 0.066702 0.023509
v 0.127887 0.069014 0.009621
v 0.122993 0.063191 0.041065
v 0.129623 0.070466 -0.011982
v 0.126346 0.065769 0.032773
v 0.130948 0.068679 0.002027
v 0.129858 0.067309 0.013178
v -0.031213 0.000911 0.017130
v -0.027630 -0.001252 0.015651
v -0.028587 -0.000193 0.019303
v -0.021796 0.000433 0.025597
v -0.025320 0.001139 0.017515
v -0.028503 0.001817 0.018388
v -0.020116 0.000875 0.021687
v -0.019106 -0.000063 0.015806
v -0.017000 -0.001096 0.019428
v -0.018014 0.001247 0.029603
v -0.018310 -0.001632 0.024538
v -0.006812 -0.000679 0.024150
v -0.012173 -0.000443 0.030097
v -0.008071 0.000751 0.026074
v -0.009754 0.000536 0.033567
v -0.008825 -0.002213 0.028324
v -0.005186 -0.001231 0.031535
v 0.002054 -0.001911 0.020992
v -0.002305 0.000345 0.034837
v -0.002109 -0.001588 0.029302
v 0.003166 0.000104 0.028082
v 0.004400 -0.000095 0.034171
v 0.003696 -0.002144 0.030660
v 0.010844 -0.001960 0.031295
v 0.016493 -0.000487 0.032122
v 0.017113 -0.001273 0.026816
v 0.014520 -0.002744 0.023392
v 0.017482 -0.002536 0.028840
v 0.028896 -0.000516 0.026173
v 0.025063 -0.002196 0.025192
v 0.003465 0.004243 -0.003924
v 0.006158 0.001811 -0.003808
v 0.007283 0.001518 -0.000922
v 0.005333 0.004284 -0.005925
v 0.000664 0.003548 -0.005346
v 0.008400 0.002129 -0.006548
v 0.021671 0.056898 0.110360
v 0.007194 0.057482 0.111320
v 0.017459 0.058227 0.111648
v 0.026814 0.058208 0.110795
v 0.032224 0.056722 0.108449
v 0.037229 0.058156 0.108144
v 0.045172 0.055587 0.104226
v 0.046712 0.057170 0.104885
v 0.056500 0.055131 0.098984
v 0.055104 0.056714 0.101258
v 0.065351 0.058249 0.096374
v 0.068236 0.056889 0.092827
v 0.075044 0.059329 0.090468
v 0.080542 0.057667 0.084572
v 0.082033 0.059468 0.085132
v 0.089064 0.060411 0.079643
v 0.090753 0.059648 0.076012
v 0.097357 0.063005 0.071889
v 0.098377 0.061237 0.068944
v 0.103707 0.062006 0.062586
v 0.105790 0.064204 0.061492
v 0.108246 0.062410 0.055051
v 0.110571 0.063908 0.051420
v 0.111770 0.062249 0.046773
v 0.115760 0.065299 0.040981
v 0.116039 0.064541 0.037042
v 0.121256 0.067850 0.028071
v 0.119977 0.066824 0.024732
v 0.122386 0.068290 0.015907
v -0.133728 0.024500 -0.001985
v -0.130427 0.021231 0.024531
v -0.133607 0.048125 0.004225
v -0.131111 0.045922 0.023279
v -0.131434 0.008813 0.015563
v -0.132131 0.059020 0.015114
v -0.132838 0.006564 0.001727
v -0.130914 0.002763 0.013764
v -0.132453 0.004048 -0.002320
v -0.127631 0.059354 0.028985
v -0.130634 0.064622 0.020121
v -0.127984 0.065547 0.026532
v -0.129337 0.031538 0.031734
v -0.126845 0.004660 0.027233
v -0.126355 0.050715 0.035226
v -0.126673 0.001822 0.025173
v -0.127024 0.039338 0.037642
v -0.123528 0.023421 0.044607
v -0.122115 0.007898 0.037289
v -0.121294 0.059465 0.042846
v -0.128579 0.001235 -0.002668
v -0.129203 0.002164 0.005880
v -0.129524 0.003756 -0.006350
v -0.121400 0.003582 0.034796
v -0.123270 0.058478 0.037773
v -0.127765 -0.000312 0.010436
v -0.126714 0.001500 0.018692
v -0.119197 0.045027 0.050910
v -0.125215 -0.000589 0.018810
v -0.120550 0.000258 0.029294
v -0.122608 0.002587 0.028982
v -0.115783 0.016538 0.058021
v -0.118927 0.002629 0.035350
v -0.118584 0.001437 0.044007
v -0.111598 0.053283 0.058615
v -0.116490 0.000075 0.039835
v -0.115578 0.000581 0.053135
v -0.116714 0.001536 0.042393
v -0.110188 0.057457 0.058389
v -0.114078 -0.001770 0.050321
v -0.112079 -0.004248 0.052243
v -0.108564 -0.004268 0.059643
v -0.098635 0.046518 0.075126
v -0.108493 0.001864 0.066026
v -0.099021 0.032909 0.078281
v -0.108008 -0.003819 0.065199
v -0.104207 0.018114 0.074225
v -0.101475 0.056961 0.070831
v -0.099608 0.052094 0.073109
v -0.101368 -0.002749 0.073360
v -0.098366 -0.006318 0.072962
v -0.098462 0.005695 0.078362
v -0.095001 -0.008974 0.073201
v -0.090427 0.054992 0.079491
v -0.094623 0.022446 0.083362
v -0.093755 0.012686 0.083569
v -0.095390 -0.006424 0.078305
v -0.088596 0.041672 0.083945
v -0.083772 0.048899 0.084821
v -0.089700 -0.003750 0.083766
v -0.083007 0.030558 0.091124
v -0.085151 0.009512 0.089600
v -0.086020 -0.007700 0.085025
v -0.087624 0.020910 0.088741
v -0.085820 -0.007987 0.082597
v -0.081930 0.055310 0.087139
v -0.080557 0.039526 0.090423
v -0.074864 0.049571 0.091448
v -0.081706 -0.009990 0.084666
v -0.081213 -0.005534 0.089291
v -0.079509 0.002497 0.092342
v -0.075536 0.055830 0.093670
v -0.075527 -0.008310 0.089674
v -0.073643 -0.007709 0.093092
v -0.073066 -0.004957 0.094110
v -0.068426 0.016119 0.100451
v -0.067927 0.036104 0.100521
v -0.068994 -0.010274 0.091700
v -0.065614 -0.000895 0.098630
v -0.069175 0.052572 0.099493
v -0.065925 0.055669 0.101887
v -0.063612 -0.007657 0.096691
v -0.054830 0.042788 0.107478
v -0.054711 0.016420 0.106559
v -0.043880 -0.004182 0.106156
v -0.053903 -0.008746 0.098287
v -0.034362 0.051723 0.110064
v -0.046483 0.035609 0.110210
v -0.041105 -0.010192 0.104231
v -0.035333 0.011398 0.111996
v -0.029610 0.036360 0.112261
v -0.133728 0.024500 -0.001985
v -0.133607 0.048125 0.004225
v -0.133500 0.041301 -0.006145
v -0.131877 0.058410 -0.010619
v -0.131640 0.037627 -0.018161
v -0.132119 0.068377 0.007225
v -0.132131 0.059020 0.015114
v -0.132624 0.011348 -0.010592
v -0.130766 0.023756 -0.022553
v -0.130634 0.064622 0.020121
v -0.130861 0.070474 0.009798
v -0.132838 0.006564 0.001727
v -0.132453 0.004048 -0.002320
v -0.131820 0.069808 -0.001726
v -0.131332 0.013591 -0.019382
v -0.131518 0.006014 -0.014447
v -0.127984 0.065547 0.026532
v -0.130240 0.072585 -0.010054
v -0.129119 0.008252 -0.023454
v -0.128620 0.013590 -0.028756
v -0.127352 0.070717 -0.023178
v -0.128513 0.055620 -0.025109
v -0.123655 0.048915 -0.037886
v -0.127686 0.020149 -0.032199
v -0.126667 0.009850 -0.032189
v -0.125060 0.075907 -0.026159
v -0.121014 0.024175 -0.046333
v -0.121773 0.067835 -0.037656
v -0.124385 0.016496 -0.039908
v -0.122291 0.011434 -0.042760
v -0.119630 0.076784 -0.034501
v -0.117158 0.044534 -0.050885
v -0.114641 0.015315 -0.056249
v -0.116941 0.010768 -0.051756
v -0.116103 0.064661 -0.048640
v -0.115121 0.055520 -0.052167
v -0.113737 0.077145 -0.047546
v -0.106255 0.021789 -0.066154
v -0.112922 0.073994 -0.050447
v -0.112597 0.008117 -0.053668
v -0.119421 0.008800 -0.041703
v -0.115946 0.010380 -0.049507
v -0.107626 0.060673 -0.061039
v -0.108468 0.070536 -0.057643
v -0.107300 0.010991 -0.062180
v -0.106142 0.076096 -0.058303
v -0.106957 0.008935 -0.061686
v -0.097920 0.051555 -0.072628
v -0.100474 0.009417 -0.066648
v -0.099833 0.070761 -0.067261
v -0.099498 0.075955 -0.065347
v -0.095787 0.012091 -0.074648
v -0.092163 0.072110 -0.073528
v -0.092881 0.076802 -0.071110
v -0.085474 0.043434 -0.083448
v -0.088876 0.013209 -0.081683
v -0.094886 0.009920 -0.074495
v -0.077544 0.025607 -0.090490
v -0.085636 0.062061 -0.080229
v -0.088680 0.010758 -0.080236
v -0.075335 0.065060 -0.084631
v -0.083439 0.078118 -0.077607
v -0.082975 0.075669 -0.078519
v -0.078571 0.012000 -0.087413
v -0.073353 0.016587 -0.093169
v -0.072812 0.072231 -0.083836
v -0.066786 0.074414 -0.084531
v -0.075337 0.037217 -0.091038
v -0.067249 0.047651 -0.093746
v -0.064790 0.034257 -0.096954
v -0.064779 0.012815 -0.095000
v -0.060428 0.015103 -0.097772
v -0.054594 0.022440 -0.102300
v -0.062077 0.016576 -0.099293
v -0.052340 0.013376 -0.100365
v -0.068638 0.079174 -0.081488
v -0.066786 0.074414 -0.084531
v -0.080245 0.079094 -0.075928
v -0.075335 0.065060 -0.084631
v -0.072812 0.072231 -0.083836
v -0.060802 0.078545 -0.087101
v -0.064790 0.034257 -0.096954
v -0.067249 0.047651 -0.093746
v -0.053169 0.054343 -0.098213
v -0.049111 0.070187 -0.092172
v -0.047706 0.038053 -0.103326
v -0.062077 0.016576 -0.099293
v -0.054594 0.022440 -0.102300
v -0.053727 0.016219 -0.102430
v -0.047635 0.077231 -0.091647
v -0.060428 0.015103 -0.097772
v -0.046599 0.015534 -0.102840
v -0.052340 0.013376 -0.100365
v -0.040630 0.017831 -0.106932
v -0.036868 0.066992 -0.096651
v -0.031261 0.053804 -0.104720
v -0.039936 0.027180 -0.106677
v -0.041281 0.013702 -0.103391
v -0.035717 0.071710 -0.094293
v -0.029593 0.070700 -0.093143
v -0.032263 0.015885 -0.106843
v -0.030349 0.020505 -0.109306
v -0.026891 0.040721 -0.108274
v -0.024164 0.067703 -0.095263
v -0.031822 0.014234 -0.106525
v -0.026550 0.028770 -0.109598
v -0.023602 0.062325 -0.101983
v -0.025203 0.017345 -0.110360
v -0.021666 0.014348 -0.107805
v -0.019691 0.016538 -0.109100
v -0.017979 0.077681 -0.098485
v -0.013822 0.038296 -0.110268
v -0.016777 0.021080 -0.111328
v -0.011036 0.017628 -0.111630
v -0.006123 0.053897 -0.107967
v -0.013364 0.068565 -0.101726
v -0.012579 0.075570 -0.100444
v -0.010977 0.014854 -0.109089
v -0.003941 0.065901 -0.104958
v -0.007771 0.016675 -0.109658
v -0.007632 0.081547 -0.100852
v -0.006535 0.040873 -0.110525
v -0.002662 0.076037 -0.102420
v 0.001808 0.022201 -0.112290
v 0.005155 0.017572 -0.111174
v 0.004029 0.083164 -0.101386
v 0.004812 0.033239 -0.111401
v 0.000891 0.014840 -0.109601
v 0.015584 0.072211 -0.102554
v 0.019012 0.051534 -0.106981
v 0.006942 0.062556 -0.106199
v 0.012611 0.014730 -0.109207
v 0.017681 0.024629 -0.111182
v 0.015883 0.083225 -0.100074
v 0.020977 0.017381 -0.110130
v 0.017724 0.034220 -0.110345
v 0.033518 0.035426 -0.107296
v 0.027636 0.014611 -0.107093
v 0.026901 0.079746 -0.098888
v 0.027607 0.083272 -0.097798
v 0.047519 0.023393 -0.103822
v 0.034220 0.064261 -0.101126
v 0.038180 0.050859 -0.103480
v 0.035027 0.075173 -0.098175
v 0.039848 0.082908 -0.094516
v 0.040568 0.014150 -0.102562
v 0.040493 0.044548 -0.104430
v 0.049116 0.043651 -0.101382
v 0.047550 0.077598 -0.094170
v 0.044942 0.070607 -0.096937
v 0.049736 0.060038 -0.097958
v 0.052809 0.082582 -0.090057
v 0.054994 0.016378 -0.098960
v 0.056989 0.071905 -0.092263
v 0.060801 0.052644 -0.095314
v 0.057962 0.017978 -0.099401
v 0.062100 0.062134 -0.092756
v 0.055797 0.078968 -0.090736
v 0.061595 0.018629 -0.095481
v 0.062794 0.020636 -0.096891
v 0.071720 0.041387 -0.091273
v 0.066316 0.014915 -0.092952
v 0.072421 0.023947 -0.092963
v 0.071967 0.067797 -0.085671
v 0.069511 0.016734 -0.093043
v 0.069906 0.056454 -0.089999
v 0.080545 0.074805 -0.077974
v 0.077393 0.012488 -0.087508
v 0.081568 0.013781 -0.085280
v 0.078406 0.015261 -0.089652
v 0.081199 0.057236 -0.082395
v 0.085752 0.026751 -0.084894
v 0.084390 0.016315 -0.086175
v 0.086380 0.066954 -0.076399
v 0.086660 0.038206 -0.082638
v 0.088506 0.048438 -0.079169
v 0.088039 0.013792 -0.083309
v 0.087263 0.010771 -0.080307
v 0.090084 0.072596 -0.072103
v 0.090512 0.012778 -0.078926
v 0.093341 0.017262 -0.079397
v 0.097150 0.059050 -0.070338
v 0.095108 0.028323 -0.077274
v 0.095814 0.010683 -0.073441
v 0.095988 0.040086 -0.075082
v 0.097357 0.066628 -0.068148
v 0.097683 0.072748 -0.065823
v 0.096872 0.050186 -0.072536
v 0.099236 0.016267 -0.073929
v 0.103526 0.012052 -0.069064
v -0.059398 0.078218 -0.079694
v -0.052946 0.078913 -0.084099
v -0.062263 0.079725 -0.080821
v -0.044272 0.076171 -0.082672
v -0.047223 0.078083 -0.083200
v -0.053860 0.077427 -0.078830
v -0.046306 0.077126 -0.085218
v -0.042851 0.078285 -0.087825
v -0.036349 0.075990 -0.086840
v -0.032900 0.074274 -0.089101
v -0.029990 0.074394 -0.090401
v -0.026444 0.073741 -0.089351
v -0.032888 0.073472 -0.086990
v -0.023924 0.073503 -0.091045
v -0.019663 0.073946 -0.089763
v -0.017453 0.078373 -0.093080
v -0.018359 0.076296 -0.091644
v -0.009524 0.079657 -0.093207
v -0.002670 0.082778 -0.094844
v -0.002606 0.079543 -0.092261
v 0.006265 0.082787 -0.093674
v 0.008904 0.084050 -0.094493
v 0.009589 0.081721 -0.092242
v 0.015456 0.082277 -0.091721
v 0.015237 0.083925 -0.093615
v 0.020340 0.082023 -0.090545
v 0.017618 0.084120 -0.093490
v 0.025384 0.082106 -0.089384
v 0.030184 0.082056 -0.087912
v 0.035087 0.082140 -0.086258
v 0.040041 0.082152 -0.084264
v 0.045153 0.082175 -0.082060
v 0.050435 0.081941 -0.079391
v 0.055824 0.081553 -0.076515
v 0.061223 0.080781 -0.073247
v 0.066263 0.080065 -0.070220
v 0.071192 0.078918 -0.066727
v 0.075056 0.078493 -0.064225
v 0.080727 0.077009 -0.059819
v 0.080458 0.076882 -0.059594
v 0.086882 0.076206 -0.054726
v 0.089648 0.075379 -0.052132
v 0.096161 0.074654 -0.046053
v 0.095959 0.074386 -0.046128
v 0.102485 0.073648 -0.039185
v 0.105899 0.073873 -0.035857
v 0.110524 0.072250 -0.028624
v 0.111436 0.073722 -0.028138
v 0.114015 0.072659 -0.022004
v 0.116879 0.073142 -0.018284
v 0.114907 0.070088 -0.019068
v 0.027983 0.083532 -0.091603
v -0.010220 0.052245 0.104516
v -0.023711 0.052060 0.102475
v -0.013941 0.052790 0.104611
v -0.001744 0.053900 0.106346
v -0.000657 0.053109 0.106009
v 0.008833 0.054875 0.108022
v 0.013042 0.057163 0.108722
v 0.019099 0.055678 0.107363
v 0.024744 0.057802 0.108031
v 0.034245 0.057363 0.105020
v 0.025443 0.055772 0.104770
v 0.038759 0.055500 0.100939
v 0.041757 0.057079 0.101487
v 0.052151 0.056652 0.096400
v 0.050508 0.055381 0.094529
v 0.059362 0.056066 0.091114
v 0.063854 0.057868 0.090973
v 0.066746 0.056819 0.086174
v 0.072787 0.058663 0.084425
v 0.075948 0.057787 0.079646
v 0.084365 0.060439 0.075832
v 0.081777 0.058968 0.074988
v 0.090267 0.060432 0.066977
v 0.094665 0.062687 0.065823
v 0.099102 0.061899 0.056214
v 0.100039 0.063442 0.058557
v 0.105602 0.063615 0.049421
v 0.105988 0.062645 0.043644
v 0.111081 0.064987 0.039167
v 0.110159 0.064707 0.031171
v 0.112017 0.065771 0.032894
v 0.114624 0.067730 0.025101
v 0.112830 0.066186 0.021276
v 0.115851 0.069389 0.011355
v 0.113652 0.067206 0.013370
v 0.114479 0.072533 -0.021019
v 0.114958 0.070185 -0.018633
v 0.116345 0.071435 -0.014418
v 0.117255 0.071132 -0.004354
v 0.115286 0.069204 -0.002805
v 0.114821 0.068322 0.005829
v 0.116785 0.073040 -0.017835
v 0.116452 0.069170 -0.009178
v -0.026406 -0.012511 0.110777
v -0.043880 -0.004182 0.106156
v -0.041105 -0.010192 0.104231
v -0.039611 -0.011796 0.103302
v -0.029425 -0.014253 0.107556
v -0.035333 0.011398 0.111996
v -0.021409 -0.002517 0.113632
v -0.014475 0.007876 0.115463
v -0.029610 0.036360 0.112261
v -0.016055 -0.014512 0.109561
v -0.012146 0.044312 0.111495
v -0.034362 0.051723 0.110064
v -0.006256 -0.012120 0.112139
v -0.010813 0.039507 0.113491
v -0.004925 0.020969 0.116903
v -0.012806 -0.011569 0.113371
v -0.004611 -0.005734 0.114767
v -0.004074 0.032444 0.116269
v -0.010462 0.051593 0.111138
v -0.003085 -0.013798 0.110245
v 0.002152 -0.012120 0.110997
v 0.000841 0.041759 0.116489
v 0.006969 0.004770 0.116040
v 0.006178 -0.006010 0.114618
v 0.007555 -0.013844 0.109697
v 0.009773 0.051514 0.120497
v 0.011452 0.034387 0.117508
v 0.016586 0.015000 0.116533
v 0.013905 -0.011703 0.112501
v 0.017309 0.023613 0.117223
v 0.015938 -0.012019 0.110148
v 0.019927 -0.004652 0.113504
v 0.014727 0.056746 0.119417
v 0.024730 0.004375 0.114173
v 0.019816 -0.013584 0.108204
v 0.022701 0.043956 0.117559
v 0.025001 -0.011413 0.110826
v 0.020961 0.053752 0.118152
v 0.026851 0.031745 0.116479
v 0.027158 -0.011599 0.108273
v 0.026239 0.056125 0.117080
v 0.033366 0.014881 0.113986
v 0.035053 0.041742 0.115232
v 0.030938 -0.012695 0.106735
v 0.034379 0.051306 0.115893
v 0.033468 -0.006630 0.110380
v 0.033907 -0.011039 0.108798
v 0.040014 0.003958 0.110685
v 0.039140 0.055676 0.114393
v 0.037563 -0.010509 0.105610
v 0.043306 0.027139 0.112261
v 0.040984 -0.011442 0.103332
v 0.047123 0.012422 0.109636
v 0.044760 0.050265 0.112218
v 0.046839 -0.008908 0.101268
v 0.048250 0.040669 0.110407
v 0.045721 -0.009350 0.104741
v 0.048119 -0.004906 0.105260
v 0.052858 0.031482 0.108696
v 0.049177 0.054760 0.110170
v 0.051227 -0.007878 0.098409
v 0.052510 0.020439 0.108479
v 0.055782 0.048239 0.105252
v 0.055814 0.002810 0.104069
v 0.056488 -0.005948 0.097545
v 0.058121 0.040647 0.105652
v 0.055145 -0.007207 0.096752
v 0.055753 -0.003239 0.100373
v 0.057776 0.053575 0.105343
v 0.063686 0.025357 0.103547
v 0.063226 -0.001681 0.097645
v 0.060715 -0.008066 0.094748
v 0.063226 -0.007900 0.093650
v 0.073741 0.048166 0.098206
v 0.065869 0.006152 0.099247
v 0.069380 -0.005414 0.090861
v 0.070102 0.014731 0.098557
v 0.073394 0.055839 0.098751
v 0.071869 -0.005440 0.087936
v 0.079502 0.022416 0.093600
v 0.072180 0.003993 0.093232
v 0.077445 0.012561 0.092552
v 0.077766 0.035124 0.095761
v 0.078578 0.004500 0.086084
v 0.087174 0.052589 0.087504
v 0.082904 0.044080 0.091585
v 0.079089 -0.001983 0.082507
v 0.085741 0.032491 0.090189
v 0.086253 0.009833 0.084361
v 0.086445 0.057204 0.087134
v 0.089395 0.004174 0.078783
v 0.093104 0.042251 0.083451
v 0.093494 0.014389 0.080538
v 0.096026 0.033413 0.081968
v 0.095026 0.058389 0.082410
v 0.095118 0.053981 0.081960
v 0.089752 -0.002251 0.075758
v 0.096447 0.024225 0.080933
v 0.094594 0.001042 0.073115
v 0.101582 0.020429 0.075195
v 0.102365 0.009168 0.069778
v 0.096684 -0.000991 0.068864
v 0.105548 0.028123 0.072742
v 0.102038 0.001985 0.065875
v 0.103190 0.060135 0.075622
v 0.105376 0.051757 0.073371
v 0.106068 0.041971 0.072641
v 0.103274 -0.001235 0.063378
v 0.099236 0.016267 -0.073929
v 0.090512 0.012778 -0.078926
v 0.088039 0.013792 -0.083309
v 0.093341 0.017262 -0.079397
v 0.103681 0.070575 -0.060328
v 0.101796 0.038471 -0.069615
v 0.105245 0.027521 -0.067251
v 0.105307 0.063409 -0.060385
v 0.106265 0.055033 -0.061316
v 0.107533 0.045598 -0.061978
v 0.108946 0.036274 -0.062000
v 0.110279 0.018463 0.065329
v 0.101582 0.020429 0.075195
v 0.102365 0.009168 0.069778
v 0.105548 0.028123 0.072742
v 0.111808 0.034429 0.065831
v 0.106068 0.041971 0.072641
v 0.109736 0.015388 -0.062682
v 0.103526 0.012052 -0.069064
v 0.110493 0.011001 -0.061135
v 0.111403 0.059664 0.065603
v 0.103190 0.060135 0.075622
v 0.105376 0.051757 0.073371
v 0.111767 0.062192 0.064671
v 0.113399 0.059300 -0.051570
v 0.111187 0.067852 -0.051986
v 0.114470 0.026394 -0.055954
v 0.103274 -0.001235 0.063378
v 0.110986 0.002148 0.058737
v 0.102038 0.001985 0.065875
v 0.114396 0.050559 -0.052209
v 0.112907 0.012040 0.060151
v 0.115766 0.072622 -0.044032
v 0.114003 0.050626 0.061512
v 0.114874 0.040816 -0.053426
v 0.110871 -0.002511 0.056670
v 0.116244 0.012282 -0.053526
v 0.115988 0.076580 -0.041773
v 0.116335 0.021831 0.058326
v 0.115049 0.009920 -0.054818
v 0.119405 0.018881 -0.048732
v 0.117437 -0.001916 0.049524
v 0.119136 0.043041 0.053146
v 0.118386 0.011071 0.052771
v 0.115841 0.061440 0.056288
v 0.118601 0.031489 0.055810
v 0.119425 0.009435 -0.047740
v 0.119532 0.002166 0.048339
v 0.119574 0.063108 -0.041378
v 0.119291 0.054628 -0.044151
v 0.120867 0.033705 -0.045098
v 0.122438 0.020666 0.048090
v 0.120805 0.075373 -0.033453
v 0.121937 0.070254 -0.034792
v 0.121749 0.045742 -0.041495
v 0.117941 0.054629 0.050069
v 0.124264 0.013033 -0.038956
v 0.124088 0.054275 -0.035286
v 0.125159 0.026281 -0.037288
v 0.118814 0.061017 0.047493
v 0.123953 0.030811 0.045830
v 0.121882 0.047180 0.046284
v 0.124052 0.001048 0.039703
v 0.125728 0.063153 -0.029518
v 0.123666 -0.001694 0.038374
v 0.126254 0.011895 0.038319
v 0.123945 0.008083 -0.038775
v 0.125618 0.073021 -0.024963
v 0.126904 0.034966 -0.032226
v 0.125949 0.037017 0.040517
v 0.121042 0.057008 0.044210
v 0.122993 0.063191 0.041065
v 0.126862 0.024453 0.039040
v 0.127924 0.002157 0.030477
v 0.127351 0.047754 -0.029268
v 0.127186 0.007561 -0.030315
v 0.126775 0.061036 0.033142
v 0.128265 0.067903 -0.021316
v 0.128948 0.056824 -0.022812
v 0.128331 0.015231 -0.029103
v 0.127216 -0.000909 0.030319
v 0.127609 0.044460 0.034547
v 0.129442 0.030536 0.031961
v 0.126346 0.065769 0.032773
v 0.129623 0.070466 -0.011982
v 0.129628 0.024574 -0.025187
v 0.130016 0.037601 -0.023011
v 0.129801 0.019092 0.030012
v 0.130677 0.012622 -0.020288
v 0.130822 0.047947 -0.018156
v 0.129826 0.000414 0.020595
v 0.131322 0.063059 -0.011112
v 0.130340 0.010997 0.026146
v 0.131588 0.006145 0.016780
v 0.127900 0.066702 0.023509
v 0.129489 0.005917 -0.020360
v 0.129555 0.054895 0.025169
v 0.131546 0.029143 0.024206
v 0.129484 0.062644 0.019713
v 0.131695 0.008371 -0.013424
v 0.131441 0.001583 0.010307
v 0.129858 0.067309 0.013178
v 0.131281 0.004320 -0.008675
v 0.132065 0.035508 -0.014890
v 0.132830 0.019684 0.014743
v 0.131623 0.043304 0.020641
v 0.132430 0.057391 -0.004417
v 0.132698 0.020783 -0.010938
v 0.132803 0.008447 0.006661
v 0.132443 0.054776 0.006003
v 0.130948 0.068679 0.002027
v 0.132623 0.008361 -0.005030
v 0.131488 0.053474 0.015673
v 0.131990 0.002956 0.001101
v 0.133451 0.030828 -0.003865
v 0.133092 0.044739 -0.005397
v 0.133593 0.019548 0.001994
v 0.133430 0.031197 0.010600
v 0.133148 0.041523 0.010612
v 0.133572 0.040083 0.002162
vn -0.4644 -0.8648 -0.1910
vn -0.6687 -0.7436 -0.0014
vn -0.8476 -0.5262 -0.0686
vn -0.8072 -0.5397 -0.2392
vn -0.0341 -0.9779 -0.2062
vn -0.7478 -0.5823 -0.3189
vn -0.6079 -0.7678 0.2025
vn -0.8563 -0.4945 0.1490
vn -0.5388 -0.7937 0.2823
vn -0.3558 -0.9157 -0.1870
vn 0.1850 -0.9727 -0.1400
vn 0.1535 -0.9865 -0.0572
vn -0.4376 -0.8991 0.0070
vn -0.3152 -0.9393 0.1354
vn -0.4349 -0.8594 -0.2690
vn -0.8152 -0.4302 -0.3879
vn -0.5348 -0.7768 -0.3325
vn -0.4169 -0.8551 0.3084
vn -0.7380 -0.5770 0.3500
vn 0.0337 -0.9769 -0.2110
vn -0.6425 -0.7512 0.1510
vn -0.3215 -0.9323 0.1657
vn 0.1674 -0.9855 -0.0264
vn -0.8193 -0.3605 -0.4458
vn -0.3892 -0.8661 -0.3136
vn 0.2213 -0.9661 -0.1329
vn -0.0275 -0.9988 -0.0401
vn -0.4783 -0.8734 -0.0913
vn -0.5139 -0.8131 -0.2735
vn -0.8258 -0.5493 0.1277
vn 0.0823 -0.9939 -0.0738
vn 0.1534 -0.9755 -0.1578
vn 0.1320 -0.9682 -0.2124
vn 0.1349 -0.9784 -0.1568
vn -0.4344 -0.9006 -0.0137
vn 0.3404 -0.9317 -0.1263
vn -0.4655 -0.6552 -0.5950
vn -0.6810 -0.4549 -0.5739
vn -0.0928 -0.9570 -0.2750
vn 0.2017 -0.9783 -0.0467
vn -0.1473 -0.9872 -0.0608
vn -0.7224 -0.6894 0.0528
vn 0.0729 -0.9835 -0.1657
vn -0.4386 -0.8985 -0.0208
vn 0.0169 -0.9996 -0.0243
vn -0.6016 -0.6900 -0.4024
vn -0.1134 -0.9790 -0.1695
vn 0.0331 -0.9865 -0.1604
vn 0.1632 -0.9835 0.0778
vn -0.0292 -0.9957 -0.0875
vn 0.0207 -0.9671 -0.2535
vn 0.0860 -0.9955 -0.0406
vn -0.7328 0.0211 -0.6801
vn 0.0869 -0.9548 -0.2842
vn 0.0980 -0.9952 0.0042
vn -0.5535 -0.8026 0.2225
vn -0.0344 -0.9926 -0.1165
vn -0.0254 -0.9779 -0.2074
vn -0.3099 -0.8710 -0.3812
vn -0.1559 -0.9856 -0.0653
vn 0.1667 -0.9850 0.0439
vn -0.1834 -0.9768 -0.1103
vn 0.1716 -0.9195 -0.3537
vn -0.1011 -0.9784 -0.1802
vn -0.3523 -0.9143 0.1999
vn -0.0348 -0.9857 -0.1651
vn 0.0339 -0.9646 -0.2614
vn 0.0125 -0.9899 -0.1414
vn -0.1123 -0.9894 -0.0921
vn 0.1368 -0.9887 0.0617
vn 0.1971 -0.9782 0.0649
vn 0.1762 -0.9401 -0.2918
vn -0.0202 -0.9929 -0.1170
vn -0.0036 -0.9898 -0.1423
vn 0.2442 -0.8893 -0.3866
vn 0.0188 -0.9962 -0.0855
vn -0.2033 -0.9428 -0.2642
vn 0.0314 -0.9864 -0.1611
vn 0.0629 -0.9968 -0.0490
vn -0.0282 -0.9926 -0.1184
vn 0.0120 -0.9901 -0.1396
vn -0.3861 -0.7280 -0.5665
vn 0.0292 -0.9937 -0.1082
vn 0.1618 -0.9257 -0.3420
vn 0.0841 -0.9876 -0.1325
vn -0.0121 -0.9912 -0.1320
vn -0.0108 -0.9866 -0.1628
vn 0.1809 -0.9248 -0.3347
vn 0.0131 -0.9931 -0.1162
vn -0.0174 -0.9899 -0.1408
vn 0.1976 -0.9736 0.1145
vn 0.0243 -0.9938 -0.1089
vn -0.2910 -0.8898 0.3516
vn 0.0143 -0.9933 -0.1147
vn -0.0395 -0.9907 -0.1300
vn 0.1064 -0.9683 -0.2262
vn 0.2805 -0.9515 -0.1264
vn 0.1864 -0.9701 0.1557
vn -0.3104 -0.7413 -0.5951
vn 0.0930 -0.9561 -0.2778
vn -0.0828 -0.9897 -0.1167
vn -0.2353 -0.9465 -0.2207
vn 0.0355 -0.9911 -0.1279
vn 0.0431 -0.9969 -0.0657
vn 0.0034 -0.9948 -0.1022
vn -0.0009 -0.9892 -0.1463
vn -0.0507 -0.9925 -0.1115
vn 0.2800 -0.9509 -0.1318
vn 0.2197 -0.9021 -0.3714
vn -0.0516 -0.9558 -0.2893
vn 0.0290 -0.9965 -0.0788
vn 0.0049 -0.9909 -0.1346
vn 0.0052 -0.9941 -0.1085
vn -0.1589 -0.9192 0.3602
vn -0.0130 -0.9896 -0.1429
vn 0.0904 -0.9952 0.0370
vn 0.0565 -0.9937 -0.0964
vn 0.1189 -0.9900 0.0764
vn -0.0218 -0.9838 -0.1777
vn -0.4199 -0.9068 -0.0365
vn 0.1543 -0.9535 -0.2588
vn 0.1117 -0.9909 0.0755
vn 0.0355 -0.9963 -0.0780
vn -0.1049 -0.9926 -0.0608
vn -0.0138 -0.9957 -0.0914
vn 0.2022 -0.9055 -0.3731
vn 0.0468 -0.9803 -0.1921
vn -0.1551 -0.9803 -0.1225
vn -0.0141 -0.9922 -0.1238
vn -0.0581 -0.9945 -0.0877
vn -0.0290 -0.9827 -0.1829
vn 0.1078 -0.9539 -0.2802
vn 0.3433 -0.9328 -0.1095
vn -0.2229 -0.8019 -0.5543
vn 0.0902 -0.9907 -0.1019
vn 0.0341 -0.9969 0.0710
vn 0.1866 -0.9817 0.0375
vn 0.1655 -0.9765 -0.1381
vn 0.0971 -0.9884 -0.1169
vn 0.4808 -0.8763 0.0307
vn 0.1981 -0.9273 -0.3177
vn 0.1089 -0.9924 -0.0569
vn -0.1980 -0.9776 -0.0708
vn 0.0833 -0.9957 0.0396
vn -0.3799 -0.9167 -0.1237
vn -0.3483 -0.9056 -0.2421
vn -0.2708 -0.9046 -0.3291
vn -0.2075 -0.7623 0.6131
vn -0.2517 -0.9532 0.1677
vn 0.1506 -0.9553 -0.2543
vn 0.2041 -0.8900 -0.4078
vn 0.0093 -0.9927 -0.1201
vn -0.3857 -0.9191 0.0809
vn -0.0070 -0.9979 -0.0645
vn 0.2866 -0.8564 -0.4296
vn -0.0284 -0.9920 -0.1233
vn -0.2374 -0.9676 -0.0860
vn 0.0790 -0.9957 0.0486
vn 0.0780 -0.9720 -0.2216
vn 0.1577 -0.9859 0.0555
vn -0.1060 -0.9943 0.0073
vn -0.1562 -0.8413 -0.5175
vn 0.1838 -0.9774 -0.1043
vn -0.0723 -0.9869 -0.1444
vn -0.0500 -0.9803 -0.1912
vn 0.2853 -0.9369 -0.2020
vn 0.2067 -0.9713 -0.1177
vn 0.1015 -0.9820 -0.1594
vn -0.0338 -0.9944 -0.1004
vn 0.4305 -0.9026 0.0055
vn -0.3834 -0.9041 0.1887
vn 0.0583 -0.9781 -0.1997
vn -0.0531 -0.9943 -0.0919
vn 0.1101 -0.9780 -0.1772
vn -0.0944 -0.9695 -0.2260
vn 0.0156 -0.9973 -0.0715
vn 0.4177 -0.9052 0.0785
vn -0.2579 -0.8749 -0.4098
vn -0.0028 -0.9888 -0.1491
vn 0.0595 -0.9854 -0.1596
vn -0.2406 -0.9615 -0.1324
vn 0.1632 -0.9866 -0.0011
vn 0.0629 -0.9980 0.0025
vn -0.3835 -0.8662 -0.3203
vn 0.0848 -0.9753 -0.2038
vn -0.1444 -0.9890 0.0333
vn 0.0996 -0.9824 0.1580
vn 0.2645 -0.8694 -0.4174
vn 0.3524 -0.8836 -0.3083
vn 0.0538 -0.9974 -0.0476
vn 0.0428 -0.9819 -0.1843
vn -0.0455 -0.9895 -0.1372
vn -0.0080 -0.9898 -0.1420
vn -0.0633 -0.9960 -0.0627
vn -0.3966 -0.6475 0.6507
vn -0.3606 -0.8651 -0.3487
vn -0.1505 -0.9539 -0.2598
vn 0.1221 -0.9833 0.1346
vn -0.0811 -0.9934 -0.0814
vn -0.0867 -0.9689 -0.2317
vn 0.0043 -0.9913 -0.1317
vn -0.3465 -0.8908 0.2938
vn 0.0568 -0.9899 0.1296
vn 0.1111 -0.9935 -0.0252
vn -0.1365 -0.9479 -0.2877
vn 0.0488 -0.9978 -0.0457
vn 0.3474 -0.8044 -0.4820
vn -0.0336 -0.9916 -0.1245
vn -0.0435 -0.9795 -0.1969
vn -0.0487 -0.9787 -0.1995
vn 0.0956 -0.9945 -0.0433
vn -0.0645 -0.9391 -0.3375
vn 0.0173 -0.9047 -0.4257
vn -0.3741 -0.9240 -0.0794
vn 0.0967 -0.9055 -0.4131
vn -0.0380 -0.9954 -0.0876
vn -0.1131 -0.9901 -0.0831
vn 0.2384 -0.9495 0.2042
vn -0.2305 -0.9728 -0.0255
vn -0.3045 -0.9520 0.0315
vn -0.1028 -0.9524 -0.2870
vn 0.2998 -0.9218 0.2457
vn -0.2406 -0.9690 -0.0560
vn -0.0782 -0.9950 -0.0628
vn 0.0494 -0.9759 -0.2126
vn -0.4369 -0.8428 -0.3143
vn 0.0160 -0.9997 0.0205
vn -0.3004 -0.8601 -0.4124
vn -0.0190 -0.9730 -0.2299
vn -0.1075 -0.9543 -0.2788
vn -0.0118 -0.9575 -0.2883
vn 0.0717 -0.9974 -0.0074
vn -0.0407 -0.9966 -0.0710
vn 0.1178 -0.9930 -0.0098
vn -0.0066 -0.9669 -0.2552
vn -0.2942 -0.8925 0.3419
vn 0.1308 -0.9838 -0.1226
vn 0.2418 -0.9241 0.2959
vn -0.0379 -0.9778 -0.2061
vn -0.1841 -0.9809 0.0628
vn -0.0426 -0.9675 -0.2491
vn 0.0780 -0.9781 0.1928
vn 0.1503 -0.8988 -0.4119
vn 0.4438 -0.8943 -0.0567
vn 0.2690 -0.9555 -0.1213
vn 0.0390 -0.9983 -0.0430
vn 0.0523 -0.9938 0.0979
vn -0.1183 -0.9516 -0.2838
vn -0.1743 -0.9559 0.2362
vn 0.0014 -0.9908 -0.1353
vn 0.0579 -0.8197 -0.5699
vn 0.1796 -0.8951 -0.4080
vn 0.0504 -0.9848 -0.1665
vn 0.0613 -0.9671 -0.2468
vn -0.0842 -0.9885 -0.1253
vn 0.0098 -0.9945 -0.1039
vn -0.2414 -0.8008 -0.5481
vn -0.1293 -0.9895 -0.0642
vn -0.0872 -0.9954 -0.0400
vn -0.0510 -0.9718 -0.2302
vn -0.0187 -0.9548 -0.2968
vn -0.3282 -0.9263 -0.1851
vn -0.0194 -0.9872 -0.1581
vn -0.0664 -0.9780 -0.1976
vn -0.5264 -0.8501 0.0156
vn 0.0660 -0.9976 -0.0188
vn -0.0925 -0.8405 -0.5338
vn -0.0800 -0.9847 -0.1550
vn -0.1674 -0.8845 -0.4355
vn 0.0134 -0.9985 -0.0528
vn 0.1509 -0.9823 0.1106
vn -0.1583 -0.9446 -0.2876
vn -0.1778 -0.9420 0.2848
vn 0.1744 -0.9484 0.2648
vn 0.1545 -0.8929 -0.4229
vn -0.1393 -0.9902 0.0109
vn -0.0622 -0.9637 -0.2595
vn -0.1505 -0.9668 0.2065
vn 0.0255 -0.9996 -0.0108
vn 0.3104 -0.9411 -0.1344
vn -0.1659 -0.9657 0.1996
vn -0.1369 -0.8397 -0.5255
vn -0.0177 -0.9744 -0.2239
vn 0.0157 -0.9878 -0.1549
vn 0.0800 -0.9658 0.2468
vn -0.0737 -0.9813 -0.1780
vn 0.2767 -0.9441 0.1794
vn -0.0004 -0.9952 -0.0980
vn 0.0472 -0.9716 -0.2317
vn -0.0000 -0.9959 -0.0908
vn -0.2614 -0.6974 -0.6673
vn 0.1632 -0.9322 -0.3231
vn -0.1062 -0.9943 -0.0105
vn 0.0348 -0.8530 -0.5207
vn 0.0814 -0.9925 -0.0915
vn 0.2312 -0.9330 0.2758
vn 0.0346 -0.9691 -0.2444
vn 0.0019 -0.9779 0.2090
vn -0.0220 -0.9792 -0.2018
vn 0.0328 -0.9296 -0.3672
vn -0.0486 -0.9613 -0.2712
vn 0.0188 -0.9993 -0.0308
vn -0.0391 -0.9912 -0.1265
vn -0.2141 -0.8734 -0.4375
vn -0.0041 -0.9919 -0.1270
vn -0.0690 -0.9863 -0.1496
vn 0.3637 -0.9262 -0.0997
vn -0.0341 -0.9192 -0.3923
vn 0.0773 -0.8709 -0.4853
vn -0.2837 -0.8578 0.4286
vn -0.0237 -0.9521 -0.3047
vn 0.0635 -0.9942 0.0870
vn -0.1180 -0.9903 -0.0733
vn -0.0322 -0.9764 -0.2137
vn -0.1703 -0.9835 -0.0615
vn 0.0359 -0.9728 -0.2290
vn 0.1061 -0.9370 0.3329
vn -0.0446 -0.9819 -0.1839
vn -0.0079 -0.9547 -0.2976
vn -0.1354 -0.8978 -0.4191
vn 0.0359 -0.9801 -0.1955
vn -0.0192 -0.9904 -0.1368
vn 0.0417 -0.9990 -0.0177
vn -0.1183 -0.8785 -0.4629
vn -0.0756 -0.9971 -0.0052
vn -0.0050 -0.9896 -0.1435
vn 0.0233 -0.9764 -0.2148
vn 0.1386 -0.9710 0.1950
vn 0.0779 -0.9719 0.2221
vn 0.3622 -0.9300 -0.0633
vn 0.0747 -0.9198 -0.3852
vn -0.1091 -0.8424 -0.5277
vn 0.1126 -0.9919 0.0594
vn -0.0099 -0.9958 -0.0908
vn -0.0344 -0.9768 -0.2116
vn -0.0400 -0.9650 -0.2593
vn -0.0897 -0.8198 -0.5656
vn -0.0273 -0.9921 -0.1224
vn -0.0894 -0.9537 0.2872
vn 0.0100 -0.9845 -0.1751
vn 0.0202 -0.9522 -0.3047
vn -0.0433 -0.9893 0.1396
vn -0.0617 -0.9396 -0.3368
vn 0.0793 -0.9752 0.2065
vn 0.0391 -0.9907 -0.1301
vn -0.0312 -0.9450 -0.3256
vn 0.0298 -0.8655 -0.5001
vn 0.0417 -0.9864 0.1589
vn 0.1264 -0.9751 -0.1823
vn -0.0613 -0.9606 -0.2709
vn 0.0237 -0.9952 -0.0954
vn 0.0207 -0.9970 -0.0742
vn 0.1308 -0.9093 0.3951
vn -0.0589 -0.9906 0.1236
vn 0.0756 -0.9825 -0.1702
vn -0.1155 -0.9647 -0.2366
vn -0.0903 -0.9957 -0.0198
vn -0.1462 -0.7908 -0.5944
vn 0.0519 -0.9859 0.1592
vn -0.0165 -0.9012 0.4332
vn 0.0129 -0.9934 -0.1137
vn -0.1233 -0.9867 0.1060
vn -0.1366 -0.9278 0.3473
vn 0.0491 -0.9913 -0.1221
vn -0.0053 -0.9997 -0.0238
vn 0.0558 -0.9162 0.3969
vn 0.1030 -0.9901 -0.0950
vn 0.0245 -0.9994 -0.0260
vn -0.0601 -0.9922 -0.1092
vn -0.3499 -0.8542 -0.3847
vn -0.0552 -0.9919 -0.1142
vn -0.1454 -0.9373 0.3167
vn -0.0612 -0.9599 -0.2737
vn 0.1581 -0.8797 -0.4485
vn -0.0283 -0.9874 -0.1556
vn 0.0191 -0.9952 -0.0963
vn -0.1455 -0.7925 -0.5922
vn -0.0517 -0.9808 0.1883
vn 0.1685 -0.9129 0.3717
vn 0.0025 -0.9803 -0.1977
vn -0.0909 -0.9861 0.1388
vn -0.1134 -0.9648 0.2372
vn 0.2347 -0.6312 -0.7393
vn 0.0273 -0.7942 -0.6070
vn -0.1447 -0.9360 -0.3209
vn -0.0023 -0.9875 -0.1577
vn 0.0385 -0.9988 -0.0311
vn 0.0021 -0.9921 -0.1252
vn 0.0579 -0.9237 -0.3786
vn -0.0086 -0.9886 -0.1506
vn -0.0607 -0.9724 -0.2253
vn 0.0325 -0.9967 0.0745
vn -0.0645 -0.9676 -0.2441
vn 0.0406 -0.8967 -0.4408
vn 0.0143 -0.9980 -0.0619
vn 0.0204 -0.8996 -0.4362
vn 0.0040 -0.9741 -0.2259
vn 0.0376 -0.9495 0.3116
vn -0.0197 -0.9836 -0.1795
vn -0.0646 -0.8461 -0.5290
vn -0.0384 -0.8083 -0.5875
vn -0.0253 -0.9358 -0.3515
vn -0.0297 -0.7537 -0.6565
vn -0.0317 -0.9830 0.1811
vn 0.0464 -0.9940 0.0993
vn 0.0243 -0.9729 -0.2299
vn -0.2023 -0.9194 -0.3374
vn 0.3977 -0.9108 0.1112
vn 0.0887 -0.9804 -0.1759
vn -0.0200 -0.9617 -0.2734
vn 0.0545 -0.9886 -0.1402
vn -0.0192 -0.9961 -0.0866
vn 0.0064 -0.9990 -0.0437
vn 0.0298 -0.8744 -0.4842
vn 0.0973 -0.9762 -0.1940
vn -0.0431 -0.9089 -0.4147
vn 0.0297 -0.9897 -0.1404
vn 0.0069 -0.9963 -0.0862
vn -0.0362 -0.9965 -0.0754
vn 0.0784 -0.9955 0.0523
vn 0.0181 -0.9552 0.2954
vn -0.0435 -0.9979 0.0482
vn 0.0205 -0.9189 -0.3939
vn -0.0093 -0.9949 0.1000
vn -0.0075 -0.9944 -0.1054
vn -0.0063 -0.9912 0.1320
vn 0.0235 -0.9834 -0.1801
vn -0.0034 -0.9291 -0.3699
vn 0.0033 -0.9816 -0.1908
vn 0.1159 -0.9449 -0.3063
vn -0.0639 -0.7414 -0.6680
vn 0.0066 -0.9242 -0.3819
vn -0.0471 -0.9874 -0.1514
vn 0.0203 -0.9628 0.2693
vn -0.0525 -0.9824 -0.1795
vn -0.1528 -0.9095 -0.3867
vn -0.0265 -0.9996 0.0022
vn 0.0399 -0.9390 0.3417
vn 0.0145 -0.9999 -0.0033
vn 0.0160 -0.9688 0.2472
vn 0.0754 -0.8594 -0.5057
vn -0.0196 -0.9389 -0.3436
vn -0.0022 -0.9999 0.0157
vn -0.0235 -0.8358 -0.5485
vn 0.0039 -0.9988 -0.0492
vn 0.0550 -0.9359 0.3478
vn -0.0036 -0.9998 -0.0212
vn -0.0022 -0.9518 0.3068
vn -0.0196 -0.9991 0.0374
vn 0.1068 -0.8536 -0.5099
vn -0.0066 -0.9940 -0.1090
vn 0.0185 -0.9621 -0.2720
vn -0.0426 -0.9991 -0.0014
vn -0.0311 -0.8849 -0.4647
vn -0.0139 -0.9420 -0.3354
vn 0.0338 -0.9639 -0.2642
vn -0.0417 -0.9745 -0.2205
vn 0.0292 -0.9311 0.3635
vn 0.0288 -0.9227 0.3844
vn 0.0124 -0.8872 -0.4612
vn 0.0003 -0.9843 0.1764
vn -0.0293 -0.9955 -0.0899
vn 0.0203 -0.9794 -0.2008
vn -0.0081 -0.8245 -0.5659
vn 0.0624 -0.9344 0.3506
vn 0.0011 -0.9891 -0.1472
vn 0.0076 -0.9923 0.1236
vn -0.0014 -0.9951 0.0986
vn -0.0260 -0.7444 -0.6672
vn 0.0176 -0.9184 -0.3953
vn -0.0010 -0.9278 -0.3731
vn -0.0880 -0.9062 0.4136
vn -0.0138 -0.9782 -0.2071
vn -0.0631 -0.9978 -0.0218
vn -0.0518 -0.8961 -0.4408
vn 0.0454 -0.9692 0.2422
vn -0.0180 -0.9579 0.2866
vn 0.0020 -0.9928 -0.1200
vn -0.2015 -0.8930 -0.4025
vn 0.0334 -0.9979 0.0561
vn -0.0588 -0.9890 0.1354
vn 0.0536 -0.9986 -0.0043
vn -0.0050 -0.8562 -0.5165
vn -0.0282 -0.9872 0.1571
vn -0.0106 -0.9768 -0.2140
vn -0.0101 -0.9577 -0.2877
vn 0.0827 -0.9934 -0.0797
vn -0.0260 -0.9995 0.0198
vn -0.0560 -0.9812 -0.1847
vn 0.0490 -0.6869 -0.7251
vn -0.0085 -0.9980 -0.0624
vn -0.0909 -0.9113 0.4016
vn -0.0438 -0.9984 0.0359
vn -0.0181 -0.9855 -0.1689
vn 0.0244 -0.8061 -0.5913
vn 0.0403 -0.8791 0.4749
vn 0.0296 -0.9757 0.2171
vn -0.0501 -0.9817 0.1839
vn 0.0220 -0.9992 0.0334
vn -0.0666 -0.9002 -0.4304
vn 0.1163 -0.9875 -0.1066
vn -0.0095 -0.9127 -0.4086
vn -0.0482 -0.9809 -0.1883
vn 0.0389 -0.9972 -0.0638
vn -0.0304 -0.9821 0.1857
vn 0.0123 -0.8867 -0.4621
vn 0.0359 -0.9606 -0.2756
vn -0.0229 -0.9929 -0.1171
vn -0.0277 -0.9878 -0.1530
vn -0.0099 -0.9273 -0.3742
vn -0.1342 -0.8406 0.5247
vn 0.0434 -0.9114 -0.4093
vn -0.0800 -0.9189 0.3862
vn -0.0445 -0.8709 -0.4894
vn 0.0893 -0.8872 -0.4528
vn -0.0338 -0.9977 -0.0592
vn -0.0946 -0.8951 -0.4356
vn 0.0100 -0.9876 -0.1568
vn -0.0053 -0.9869 -0.1611
vn 0.1495 -0.9884 -0.0256
vn -0.0167 -0.9859 -0.1666
vn -0.1411 -0.8963 0.4203
vn 0.1036 -0.8012 -0.5894
vn 0.0010 -0.9978 -0.0667
vn 0.0489 -0.7529 -0.6564
vn -0.0245 -0.9607 -0.2766
vn -0.0099 -0.9979 -0.0642
vn -0.0027 -0.9871 -0.1599
vn 0.0028 -0.9975 -0.0707
vn -0.0213 -0.9990 0.0391
vn 0.1008 -0.9949 0.0080
vn -0.5269 -0.8291 -0.1869
vn 0.1003 -0.8209 -0.5621
vn 0.0046 -0.9800 -0.1990
vn -0.0202 -0.9170 -0.3984
vn -0.0360 -0.9363 0.3495
vn 0.1201 -0.9490 0.2914
vn 0.0280 -0.9820 -0.1866
vn -0.0668 -0.9803 0.1859
vn 0.0453 -0.8805 0.4719
vn 0.0762 -0.9140 -0.3985
vn 0.0659 -0.5087 0.8584
vn 0.0034 -0.6241 0.7813
vn 0.0495 -0.8305 0.5548
vn -0.0316 -0.8784 -0.4769
vn 0.0064 -0.9848 -0.1733
vn -0.0412 -0.9341 -0.3547
vn 0.0483 -0.9880 -0.1470
vn 0.1099 -0.9939 -0.0024
vn -0.0797 -0.9956 0.0483
vn -0.0752 -0.9597 0.2708
vn 0.0375 -0.9969 -0.0698
vn -0.0310 -0.9389 -0.3428
vn 0.0257 -0.9978 0.0611
vn 0.0294 -0.9969 0.0732
vn -0.0396 -0.9269 -0.3731
vn -0.1306 -0.9153 0.3810
vn 0.0819 -0.8431 0.5314
vn -0.0431 -0.9760 -0.2133
vn -0.1333 -0.9430 0.3048
vn 0.0771 -0.9969 0.0170
vn -0.0249 -0.9908 0.1328
vn 0.0742 -0.9121 -0.4031
vn 0.0275 -0.9862 -0.1635
vn 0.0560 -0.9605 -0.2726
vn -0.0085 -0.9900 -0.1405
vn -0.0533 -0.9972 0.0524
vn 0.1239 -0.9565 0.2641
vn -0.0906 -0.9734 0.2105
vn 0.2318 -0.6334 -0.7383
vn 0.0241 -0.9745 -0.2229
vn 0.0585 -0.9944 0.0877
vn 0.0855 -0.9857 -0.1451
vn 0.0817 -0.8822 -0.4638
vn 0.0027 -0.9906 -0.1366
vn -0.1505 -0.9271 0.3433
vn 0.1221 -0.9549 -0.2705
vn -0.0364 -0.9977 -0.0572
vn 0.0364 -0.9959 0.0829
vn 0.1916 -0.7994 -0.5694
vn 0.0774 -0.9763 0.2019
vn 0.0883 -0.9281 -0.3617
vn 0.2305 -0.8751 -0.4254
vn -0.0173 -0.9618 -0.2731
vn -0.0393 -0.9920 0.1198
vn 0.0077 -0.9915 -0.1297
vn -0.0483 -0.9977 0.0483
vn 0.1060 -0.9662 -0.2350
vn 0.0043 -0.9208 -0.3900
vn 0.0105 -0.9932 -0.1162
vn 0.0297 -0.9827 -0.1828
vn -0.0900 -0.9959 -0.0031
vn 0.2226 -0.9098 -0.3504
vn 0.2169 -0.9092 -0.3553
vn -0.0113 -0.9857 -0.1683
vn 0.1695 -0.9852 -0.0257
vn 0.0617 -0.9957 -0.0692
vn -0.2298 -0.8618 -0.4521
vn -0.0152 -0.9839 -0.1782
vn 0.0931 -0.9933 -0.0683
vn -0.1107 -0.9911 0.0743
vn -0.0633 -0.9580 0.2796
vn 0.2003 -0.6808 -0.7045
vn -0.0489 -0.9644 -0.2598
vn 0.0320 -0.9964 -0.0784
vn 0.1508 -0.9638 0.2200
vn 0.0683 -0.9832 -0.1691
vn 0.0261 -0.9617 -0.2730
vn 0.0454 -0.9990 -0.0057
vn -0.0834 -0.9685 -0.2346
vn 0.0476 -0.9937 -0.1015
vn -0.1617 -0.9779 0.1328
vn -0.1365 -0.9629 0.2329
vn -0.1993 -0.9621 0.1861
vn -0.2145 -0.9290 0.3015
vn -0.0230 -0.9529 -0.3025
vn 0.0748 -0.9960 0.0497
vn 0.0525 -0.9717 -0.2303
vn 0.1143 -0.9905 -0.0766
vn 0.1702 -0.5003 0.8489
vn 0.1011 -0.9866 -0.1279
vn -0.0359 -0.9990 -0.0261
vn 0.1861 -0.9560 0.2270
vn -0.1280 -0.9552 0.2670
vn 0.0791 -0.9152 -0.3952
vn 0.1402 -0.8600 0.4906
vn 0.0486 -0.9453 -0.3227
vn 0.2219 -0.7975 -0.5610
vn -0.2027 -0.9418 0.2682
vn 0.2757 -0.8946 -0.3518
vn 0.0328 -0.9965 -0.0769
vn 0.2467 -0.9068 -0.3419
vn -0.1638 -0.8634 -0.4772
vn 0.1345 -0.9832 -0.1234
vn -0.0658 -0.9884 -0.1371
vn 0.1397 -0.8552 -0.4991
vn 0.2707 -0.7967 -0.5403
vn 0.0378 -0.9800 -0.1954
vn 0.1618 -0.9427 0.2919
vn -0.0348 -0.9989 -0.0327
vn 0.0069 -0.9988 -0.0491
vn 0.0111 -0.9867 -0.1621
vn 0.0392 -0.9939 -0.1034
vn 0.0812 -0.9843 -0.1570
vn -0.2673 -0.9533 0.1407
vn 0.0974 -0.9583 -0.2686
vn -0.0715 -0.9445 -0.3205
vn -0.0234 -0.9992 -0.0316
vn -0.0132 -0.9869 -0.1606
vn 0.0869 -0.9940 -0.0665
vn 0.2551 -0.7199 0.6455
vn 0.1554 -0.9585 -0.2392
vn 0.0189 -0.9990 0.0412
vn -0.1873 -0.9651 0.1829
vn 0.0061 -0.9867 -0.1624
vn 0.0021 -0.9924 -0.1230
vn 0.1511 -0.9671 -0.2045
vn 0.1773 -0.9339 -0.3105
vn 0.0950 -0.9582 -0.2698
vn 0.1094 -0.9940 0.0066
vn 0.2136 -0.7269 -0.6527
vn 0.1193 -0.9072 -0.4034
vn 0.1808 -0.9586 0.2202
vn -0.0563 -0.9817 0.1820
vn 0.1392 -0.9665 0.2158
vn 0.1339 -0.9860 0.0997
vn -0.1770 -0.9390 -0.2947
vn 0.0452 -0.9889 -0.1415
vn 0.0757 -0.9898 -0.1203
vn -0.0211 -0.9749 -0.2214
vn 0.0371 -0.9902 -0.1346
vn -0.1557 -0.9611 0.2283
vn 0.0771 -0.9929 -0.0908
vn 0.0201 -0.9861 -0.1648
vn 0.0976 -0.9613 -0.2578
vn 0.1921 -0.8675 -0.4588
vn 0.2511 -0.8692 0.4258
vn 0.0351 -0.9229 -0.3834
vn -0.3108 -0.9210 0.2350
vn 0.0440 -0.9679 -0.2473
vn 0.2114 -0.9382 -0.2739
vn -0.3303 -0.9129 0.2400
vn -0.1836 -0.9803 -0.0724
vn -0.0173 -0.9839 0.1779
vn -0.1372 -0.9383 -0.3176
vn 0.4728 -0.7976 -0.3747
vn 0.1832 -0.9211 -0.3435
vn -0.1236 -0.9866 -0.1064
vn 0.2743 -0.9577 0.0864
vn -0.0222 -0.9896 -0.1419
vn -0.0281 -0.9986 0.0443
vn 0.0867 -0.9935 -0.0743
vn -0.0132 -0.9959 -0.0895
vn -0.0495 -0.9985 -0.0251
vn 0.0199 -0.9924 -0.1215
vn -0.0397 -0.9968 -0.0691
vn 0.1681 -0.9775 0.1270
vn -0.1881 -0.9749 0.1189
vn -0.2499 -0.9413 -0.2268
vn 0.3386 -0.8349 -0.4339
vn 0.0492 -0.9751 -0.2163
vn 0.0681 -0.9966 -0.0469
vn -0.1723 -0.9097 -0.3778
vn 0.3584 -0.9183 0.1684
vn 0.1973 -0.9672 0.1601
vn 0.1540 -0.9726 -0.1739
vn -0.2313 -0.9449 -0.2318
vn 0.0428 -0.9836 -0.1752
vn 0.0771 -0.9683 -0.2377
vn 0.0069 -0.9894 -0.1447
vn -0.0247 -0.9857 -0.1668
vn -0.3663 -0.9206 0.1356
vn 0.0215 -0.9854 -0.1690
vn 0.0448 -0.9896 -0.1368
vn -0.1829 -0.9733 0.1385
vn -0.0027 -0.9947 -0.1032
vn -0.0212 -0.9873 0.1577
vn 0.1106 -0.9844 -0.1368
vn -0.0150 -0.9895 -0.1436
vn 0.4742 -0.8386 -0.2682
vn 0.2561 -0.8976 -0.3587
vn -0.1903 -0.9643 0.1843
vn 0.4592 -0.7103 0.5335
vn 0.0375 -0.9855 -0.1653
vn -0.1914 -0.9814 -0.0133
vn 0.1862 -0.9571 -0.2221
vn 0.0084 -0.9874 -0.1583
vn 0.3821 -0.8506 -0.3612
vn -0.0747 -0.9789 -0.1903
vn 0.0309 -0.9969 -0.0721
vn 0.4182 -0.8657 0.2752
vn -0.2050 -0.9787 0.0067
vn 0.2234 -0.8720 -0.4355
vn -0.4902 -0.8713 -0.0238
vn 0.1199 -0.9909 -0.0616
vn 0.4462 -0.8909 0.0844
vn -0.1446 -0.9681 -0.2047
vn 0.0244 -0.9979 -0.0604
vn -0.2512 -0.9546 0.1599
vn 0.0248 -0.9830 -0.1820
vn 0.3039 -0.9417 0.1441
vn -0.5715 -0.7900 -0.2220
vn 0.0811 -0.9874 -0.1356
vn -0.0531 -0.9950 -0.0845
vn 0.1118 -0.9642 -0.2405
vn 0.1885 -0.9715 0.1439
vn 0.0867 -0.9759 -0.2005
vn 0.0243 -0.9882 -0.1513
vn -0.1852 -0.9385 -0.2915
vn 0.1907 -0.9764 -0.1018
vn 0.0330 -0.9894 -0.1413
vn 0.0020 -0.9924 -0.1231
vn 0.1027 -0.9448 -0.3112
vn -0.0174 -0.9888 -0.1481
vn 0.0790 -0.9947 -0.0656
vn 0.0180 -0.9896 -0.1429
vn -0.4640 -0.8836 0.0623
vn 0.3857 -0.9195 -0.0755
vn -0.0228 -0.9944 -0.1029
vn 0.2945 -0.9555 -0.0180
vn 0.1535 -0.9721 -0.1772
vn -0.0377 -0.9939 -0.1033
vn -0.0364 -0.9824 -0.1833
vn -0.0150 -0.9695 -0.2445
vn 0.2999 -0.9057 -0.2995
vn -0.1226 -0.9693 0.2132
vn -0.0224 -0.9897 -0.1417
vn 0.0374 -0.9910 -0.1288
vn 0.2206 -0.5969 -0.7714
vn 0.0942 -0.9951 -0.0304
vn 0.0721 -0.9845 -0.1600
vn 0.2389 -0.8797 -0.4112
vn -0.0288 -0.9931 -0.1140
vn -0.0036 -0.9912 -0.1320
vn 0.3006 -0.2169 0.9288
vn 0.2466 -0.8987 -0.3627
vn -0.0636 -0.9907 -0.1202
vn -0.1720 -0.9766 -0.1288
vn 0.0381 -0.9890 -0.1430
vn -0.0697 -0.9947 -0.0749
vn -0.0128 -0.9941 -0.1073
vn -0.0749 -0.9929 -0.0922
vn 0.1839 -0.9829 0.0125
vn 0.0528 -0.9874 -0.1494
vn -0.0195 -0.9900 -0.1397
vn -0.2610 -0.9306 -0.2566
vn 0.0641 -0.9940 -0.0886
vn 0.4180 -0.7836 0.4596
vn 0.3207 -0.9271 -0.1939
vn -0.0545 -0.9929 -0.1062
vn -0.1275 -0.9908 -0.0448
vn -0.2002 -0.9693 0.1428
vn 0.1046 -0.9641 -0.2442
vn -0.0035 -0.9872 -0.1597
vn 0.1107 -0.9874 -0.1131
vn -0.2831 -0.8855 0.3685
vn -0.1205 -0.9758 -0.1825
vn -0.1430 -0.9890 0.0381
vn 0.1118 -0.9934 -0.0273
vn 0.0558 -0.9714 -0.2307
vn 0.0728 -0.9952 -0.0649
vn -0.1224 -0.9921 -0.0283
vn 0.3371 0.6831 0.6478
vn -0.0599 -0.9869 -0.1497
vn -0.2080 -0.9762 0.0609
vn -0.0420 -0.9638 -0.2632
vn 0.0556 -0.9830 -0.1751
vn 0.0476 -0.9789 -0.1987
vn 0.1346 -0.9904 0.0302
vn -0.0524 -0.9863 -0.1564
vn 0.2443 -0.9119 0.3298
vn -0.3004 -0.9533 -0.0309
vn -0.0564 -0.9914 -0.1183
vn 0.2815 -0.9552 0.0911
vn 0.0751 -0.9720 -0.2228
vn 0.0517 -0.9788 -0.1984
vn 0.2327 -0.6854 -0.6900
vn -0.1899 -0.9659 -0.1759
vn 0.0866 -0.9945 -0.0595
vn 0.2799 -0.9063 -0.3167
vn -0.2491 -0.9613 -0.1173
vn 0.4711 -0.8045 0.3617
vn 0.1005 -0.9943 -0.0363
vn -0.2085 -0.9693 -0.1307
vn 0.0582 -0.9936 -0.0968
vn -0.2270 -0.9627 0.1475
vn -0.2888 -0.9443 0.1576
vn -0.0098 -0.9919 -0.1269
vn -0.2832 -0.9527 0.1101
vn 0.0098 -0.9849 -0.1726
vn 0.1736 -0.9785 -0.1116
vn 0.0480 -0.9808 -0.1891
vn 0.3416 -0.9033 -0.2595
vn 0.2032 -0.9277 -0.3132
vn -0.0993 -0.9939 -0.0481
vn -0.0688 -0.9671 -0.2451
vn -0.0097 -0.9902 -0.1391
vn -0.1635 -0.9851 0.0534
vn -0.2534 -0.9275 -0.2748
vn 0.0957 -0.9671 -0.2356
vn 0.3728 -0.7836 0.4970
vn 0.0468 -0.9936 -0.1032
vn 0.0650 -0.9895 -0.1289
vn -0.0934 -0.9949 -0.0371
vn 0.0891 -0.9831 -0.1598
vn -0.2036 -0.9760 0.0778
vn 0.2950 -0.9550 -0.0304
vn -0.0001 -0.9902 -0.1395
vn -0.0038 -0.9920 -0.1262
vn 0.0681 -0.9973 -0.0284
vn -0.0490 -0.9913 -0.1223
vn 0.3669 -0.9105 -0.1909
vn 0.1314 -0.9893 0.0633
vn -0.3009 -0.9529 0.0387
vn 0.2770 -0.6987 -0.6597
vn 0.0439 -0.9978 -0.0503
vn 0.0641 -0.9845 -0.1630
vn 0.0071 -0.9906 -0.1366
vn 0.3718 -0.9252 -0.0765
vn 0.0071 -0.9809 -0.1944
vn -0.1549 -0.9634 -0.2188
vn 0.2372 -0.9647 0.1143
vn 0.3786 -0.9163 -0.1304
vn -0.2143 -0.9733 0.0817
vn -0.0704 -0.9843 -0.1620
vn 0.0594 -0.9970 -0.0492
vn 0.2903 -0.9017 -0.3205
vn -0.0001 -0.9921 -0.1255
vn -0.0131 -0.9904 -0.1374
vn 0.0211 -0.9949 -0.0982
vn 0.0296 -0.9927 -0.1167
vn -0.2767 -0.9526 0.1266
vn 0.0163 -0.9932 -0.1149
vn -0.0182 -0.9901 -0.1392
vn 0.1326 -0.9750 -0.1782
vn -0.1551 -0.9694 -0.1905
vn -0.2895 -0.9376 -0.1924
vn -0.3135 -0.9470 -0.0707
vn 0.3825 -0.8975 0.2197
vn -0.3268 -0.9363 -0.1283
vn 0.1055 -0.9878 -0.1145
vn 0.3167 -0.9026 -0.2915
vn -0.0764 -0.9840 -0.1607
vn -0.1509 -0.9884 -0.0170
vn 0.0934 -0.9942 0.0536
vn 0.0292 -0.9890 -0.1453
vn 0.2938 -0.9554 0.0286
vn 0.0614 -0.9841 -0.1666
vn 0.1880 -0.9754 0.1148
vn 0.0024 -0.9910 -0.1338
vn 0.1737 -0.9444 -0.2793
vn -0.2033 -0.9753 0.0865
vn -0.0765 -0.9963 -0.0403
vn 0.5122 -0.1121 0.8515
vn -0.0494 -0.9952 -0.0847
vn 0.1541 -0.9742 -0.1646
vn 0.2328 -0.8713 -0.4321
vn -0.0129 -0.9967 -0.0804
vn 0.0372 -0.9901 -0.1352
vn 0.0322 -0.9912 -0.1287
vn -0.1047 -0.9671 -0.2319
vn 0.0332 -0.9981 -0.0518
vn 0.0869 -0.9920 -0.0918
vn -0.0442 -0.9968 -0.0666
vn -0.3072 -0.9484 0.0788
vn 0.2252 -0.9289 0.2940
vn -0.0604 -0.9866 -0.1514
vn 0.0727 -0.9956 -0.0588
vn -0.2648 -0.9290 -0.2584
vn 0.3463 -0.9097 -0.2293
vn 0.3045 -0.9510 -0.0546
vn 0.0256 -0.9865 -0.1616
vn 0.2926 -0.9414 -0.1678
vn 0.3032 -0.9425 -0.1405
vn -0.2482 -0.9614 0.1189
vn -0.0633 -0.9968 -0.0481
vn -0.0189 -0.9988 -0.0443
vn -0.0513 -0.9907 -0.1258
vn -0.2570 -0.9447 -0.2038
vn -0.1573 -0.9831 -0.0935
vn -0.3771 -0.9253 0.0401
vn 0.1126 -0.9916 -0.0640
vn 0.0909 -0.9959 0.0047
vn -0.0167 -0.9926 -0.1200
vn -0.1381 -0.9866 -0.0869
vn -0.1302 -0.9910 -0.0315
vn -0.1077 -0.9918 -0.0688
vn 0.2999 -0.9372 0.1778
vn -0.2725 -0.9463 -0.1740
vn 0.4808 -0.6295 -0.6103
vn -0.1111 -0.9903 -0.0837
vn 0.5321 -0.5397 0.6524
vn -0.0026 -0.9924 -0.1232
vn 0.2753 -0.9214 -0.2743
vn 0.0664 -0.9888 -0.1334
vn -0.1727 -0.9802 -0.0965
vn -0.3797 -0.8990 0.2180
vn -0.1142 -0.9873 -0.1105
vn 0.1773 -0.9836 0.0331
vn -0.2025 -0.9675 -0.1514
vn 0.0206 -0.9956 -0.0912
vn -0.0497 -0.9953 -0.0835
vn -0.1704 -0.9783 -0.1180
vn -0.3784 -0.9208 -0.0949
vn 0.3926 -0.8000 -0.4538
vn -0.1165 -0.9861 -0.1183
vn 0.1917 -0.9651 -0.1782
vn -0.1323 -0.9819 -0.1358
vn 0.5713 -0.6815 0.4573
vn -0.1530 -0.9874 -0.0395
vn -0.3396 -0.9187 -0.2017
vn -0.0044 -0.9948 -0.1018
vn -0.1711 -0.9851 0.0145
vn -0.0741 -0.9875 -0.1392
vn 0.1062 -0.9915 -0.0746
vn -0.1424 -0.9837 -0.1096
vn -0.0467 -0.9928 -0.1099
vn -0.1028 -0.9915 -0.0793
vn 0.6232 -0.4088 -0.6667
vn 0.4289 -0.7881 -0.4415
vn 0.0585 -0.9803 0.1887
vn -0.3587 -0.9274 0.1058
vn -0.1338 -0.9822 -0.1318
vn 0.3220 -0.8559 0.4047
vn -0.1235 -0.9875 -0.0975
vn 0.0100 -0.9919 -0.1266
vn -0.1113 -0.9900 -0.0865
vn 0.0208 -0.9929 -0.1170
vn 0.0479 -0.9888 -0.1416
vn -0.4919 -0.8007 -0.3419
vn 0.1637 -0.9199 0.3564
vn -0.0806 -0.9883 -0.1296
vn 0.1920 -0.9442 -0.2675
vn 0.0146 -0.9950 -0.0984
vn -0.1430 -0.9751 -0.1695
vn -0.1373 -0.9887 -0.0601
vn -0.2402 -0.9620 -0.1295
vn 0.4278 -0.6556 0.6222
vn -0.3240 -0.9449 0.0464
vn 0.6429 -0.4989 -0.5812
vn 0.2274 -0.8956 0.3824
vn -0.1204 -0.9803 -0.1567
vn -0.1145 -0.9876 -0.1075
vn 0.4558 -0.7816 -0.4259
vn -0.0615 -0.9912 -0.1168
vn -0.0383 -0.9992 -0.0101
vn -0.2502 -0.9496 -0.1889
vn -0.0791 -0.9887 -0.1270
vn -0.3341 -0.9424 0.0135
vn -0.0740 -0.9929 -0.0936
vn -0.0576 -0.9916 -0.1156
vn -0.3889 -0.8783 -0.2782
vn -0.2521 -0.9495 -0.1869
vn -0.0297 -0.9937 -0.1084
vn 0.4704 -0.7102 0.5238
vn 0.3554 -0.8781 0.3203
vn 0.3298 -0.8869 -0.3235
vn -0.0708 -0.9882 -0.1360
vn -0.2832 -0.9588 -0.0208
vn -0.2498 -0.9498 -0.1885
vn -0.3149 -0.9329 -0.1747
vn 0.6072 -0.6337 -0.4794
vn -0.1929 -0.9743 -0.1165
vn 0.3612 -0.9073 0.2151
vn 0.6781 -0.5681 0.4663
vn 0.5107 -0.7650 -0.3923
vn -0.5021 -0.8647 -0.0141
vn -0.0003 -0.9923 -0.1237
vn 0.3688 -0.8810 -0.2962
vn 0.7469 -0.4773 -0.4630
vn -0.3187 -0.9473 -0.0319
vn -0.3800 -0.9044 -0.1944
vn -0.3645 -0.9221 -0.1299
vn -0.4724 -0.8678 -0.1540
vn -0.4770 -0.8727 -0.1039
vn 0.5248 -0.8169 0.2392
vn -0.0220 -0.9921 -0.1236
vn -0.0064 -0.9918 -0.1274
vn 0.2657 -0.9627 -0.0511
vn 0.5049 -0.8563 0.1091
vn -0.1793 -0.9788 -0.0986
vn -0.0507 -0.9902 -0.1304
vn -0.3244 -0.9354 -0.1403
vn -0.0490 -0.9900 -0.1325
vn 0.5814 -0.7490 -0.3177
vn 0.6810 -0.6763 0.2810
vn 0.4741 -0.8394 -0.2658
vn 0.4318 -0.8996 0.0648
vn 0.7735 -0.4912 -0.4005
vn 0.6237 -0.7382 -0.2569
vn 0.4448 -0.8686 -0.2184
vn 0.4936 -0.8696 0.0149
vn 0.3284 -0.9323 -0.1518
vn 0.8940 -0.3157 -0.3181
vn 0.6540 -0.7437 0.1388
vn 0.3901 -0.9193 -0.0525
vn 0.5841 -0.7911 -0.1816
vn 0.5501 -0.8350 0.0143
vn 0.3914 -0.9105 -0.1337
vn 0.8367 -0.4907 -0.2432
vn 0.8561 -0.5024 0.1212
vn 0.5764 -0.8134 -0.0783
vn 0.5691 -0.8078 -0.1539
vn 0.7851 -0.5968 -0.1657
vn 0.8792 -0.4718 -0.0668
vn 0.8967 -0.4409 0.0400
vn -0.6588 0.5491 0.5143
vn -0.1705 0.9205 0.3517
vn -0.6656 0.7231 0.1847
vn -0.0246 0.9673 0.2523
vn 0.2207 0.9563 0.1919
vn -0.1789 0.9261 0.3323
vn -0.7733 0.4489 0.4478
vn -0.8540 0.5113 -0.0958
vn -0.0973 0.9843 0.1472
vn -0.2231 0.9692 0.1042
vn -0.3849 0.8134 0.4362
vn -0.7405 0.6355 -0.2188
vn -0.0743 0.9943 0.0768
vn 0.1023 0.9396 0.3268
vn 0.2825 0.9322 0.2261
vn -0.5980 0.7541 -0.2717
vn 0.1732 0.9211 0.3486
vn -0.2331 0.9141 0.3318
vn 0.2951 0.9245 0.2412
vn 0.4219 0.8855 0.1947
vn -0.2230 0.8657 0.4481
vn 0.2075 0.9765 0.0584
vn 0.0882 0.9851 0.1477
vn 0.0763 0.9897 0.1215
vn -0.0067 0.9843 0.1767
vn -0.5954 0.5533 0.5825
vn 0.3541 0.9151 0.1927
vn 0.0417 0.9955 0.0853
vn 0.3160 0.9291 0.1920
vn 0.2059 0.9511 0.2300
vn -0.3036 0.9122 0.2753
vn -0.0140 0.9806 0.1956
vn 0.2897 0.9422 0.1685
vn 0.4507 0.8613 0.2346
vn 0.1293 0.9792 0.1565
vn 0.0185 0.9891 0.1460
vn 0.1609 0.9675 0.1948
vn 0.2152 0.9596 0.1814
vn 0.3840 0.8826 0.2712
vn 0.3309 0.9234 0.1947
vn 0.0310 0.9993 -0.0199
vn -0.6239 0.7052 -0.3369
vn -0.7033 0.5034 0.5020
vn -0.1378 0.9655 0.2210
vn 0.0459 0.9731 0.2258
vn 0.1219 0.9904 0.0647
vn 0.1354 0.9739 0.1824
vn 0.3734 0.8850 0.2782
vn -0.3498 0.8789 0.3243
vn 0.1656 0.9735 0.1580
vn 0.0766 0.9930 0.0901
vn 0.1870 0.9753 0.1171
vn 0.0120 0.9887 0.1494
vn 0.0140 0.9967 0.0804
vn -0.0184 0.9960 0.0880
vn -0.1952 0.9378 0.2870
vn -0.5065 0.7095 -0.4900
vn -0.6531 0.3403 0.6765
vn 0.0194 0.9856 0.1681
vn 0.1118 0.9731 0.2016
vn -0.0195 0.9787 0.2043
vn 0.0562 0.9975 -0.0433
vn -0.0567 0.9865 0.1534
vn 0.1195 0.9910 0.0606
vn 0.0809 0.9917 0.0996
vn -0.1147 0.9858 0.1229
vn 0.0556 0.9984 -0.0137
vn 0.3015 0.9424 0.1447
vn -0.1973 0.8822 0.4276
vn -0.0180 0.9820 0.1879
vn 0.2056 0.9650 0.1627
vn 0.1561 0.9849 0.0745
vn 0.3242 0.9116 0.2527
vn 0.2217 0.9645 -0.1435
vn -0.1196 0.9668 0.2259
vn -0.4249 0.7810 -0.4577
vn -0.1752 0.9393 0.2950
vn -0.5812 0.2313 0.7802
vn 0.1414 0.9899 0.0048
vn 0.1940 0.9810 0.0011
vn 0.0025 0.9893 0.1462
vn 0.0787 0.9941 0.0748
vn 0.1292 0.9868 0.0980
vn 0.4649 0.8346 0.2955
vn 0.0990 0.9751 0.1984
vn -0.0924 0.9784 0.1846
vn -0.0021 0.9945 0.1050
vn 0.0320 0.9962 0.0813
vn 0.0341 0.9848 0.1700
vn 0.1167 0.9917 0.0538
vn -0.3248 0.9288 -0.1783
vn 0.1050 0.9923 -0.0658
vn -0.2573 0.9219 0.2898
vn 0.1005 0.9412 0.3225
vn -0.0434 0.9873 0.1526
vn -0.1472 0.9842 -0.0988
vn -0.2202 0.9285 0.2990
vn 0.0642 0.9933 0.0956
vn -0.6547 0.4511 0.6066
vn 0.1073 0.7482 0.6547
vn -0.0120 0.9977 0.0660
vn -0.2849 0.9170 0.2790
vn -0.2126 0.9602 -0.1812
vn -0.3916 0.5680 -0.7239
vn -0.4240 0.8402 -0.3381
vn -0.1327 0.9504 -0.2812
vn 0.0944 0.9948 0.0394
vn -0.1716 0.9544 0.2442
vn -0.2665 0.9195 0.2890
vn -0.1377 0.9797 0.1457
vn 0.0532 0.9971 -0.0535
vn -0.1035 0.9863 0.1287
vn 0.0054 0.9907 0.1358
vn 0.0270 0.9921 0.1223
vn 0.0569 0.9911 0.1205
vn -0.0105 0.9988 0.0468
vn 0.0167 0.9929 0.1178
vn 0.0144 0.9910 0.1334
vn -0.2446 0.9696 -0.0110
vn 0.1284 0.9915 -0.0202
vn 0.0080 0.9571 0.2897
vn 0.1372 0.9858 0.0965
vn -0.2987 0.9247 0.2361
vn 0.0067 0.9935 0.1132
vn 0.0076 0.9962 0.0872
vn -0.3247 0.8918 0.3151
vn 0.2425 0.9563 0.1636
vn 0.1241 0.9327 0.3387
vn -0.1013 0.9934 0.0530
vn 0.0373 0.9925 0.1161
vn -0.5841 0.5138 0.6283
vn 0.1128 0.9896 0.0891
vn 0.0163 0.9228 0.3849
vn 0.0546 0.9976 -0.0428
vn 0.4168 0.9040 0.0955
vn 0.1656 0.9734 0.1582
vn 0.0538 0.9949 0.0851
vn 0.3089 0.9094 0.2785
vn 0.1937 0.9513 0.2397
vn 0.3890 0.9180 -0.0768
vn -0.3097 0.9420 0.1290
vn 0.0263 0.9909 0.1318
vn -0.1925 0.9809 -0.0286
vn -0.2579 0.2238 -0.9399
vn 0.0994 0.9918 -0.0801
vn 0.0463 0.9973 -0.0575
vn 0.0265 0.9976 0.0641
vn -0.1842 0.9564 0.2266
vn -0.3861 0.9183 0.0870
vn 0.0188 0.9149 0.4031
vn -0.2987 0.8766 0.3774
vn -0.3320 0.9287 0.1655
vn -0.3773 0.9259 -0.0194
vn -0.0542 0.9973 0.0495
vn -0.1622 0.9607 0.2254
vn 0.2438 0.9349 0.2580
vn 0.4028 0.9009 -0.1615
vn -0.3191 0.9136 0.2519
vn 0.0041 0.9641 0.2655
vn -0.1680 0.9551 0.2442
vn 0.1029 0.9803 0.1685
vn 0.1251 0.9919 0.0230
vn -0.0403 0.9833 0.1774
vn 0.0423 0.9919 0.1197
vn -0.2373 0.9596 -0.1511
vn -0.0590 0.9878 0.1444
vn -0.1343 0.9858 0.1005
vn -0.1564 0.9541 0.2554
vn -0.2973 0.9537 -0.0459
vn -0.2019 0.8773 -0.4354
vn 0.1250 0.9816 -0.1447
vn -0.3651 0.3389 0.8671
vn 0.0607 0.9953 -0.0756
vn -0.1792 0.9183 0.3531
vn 0.0897 0.9857 0.1423
vn 0.2835 0.9521 0.1146
vn -0.0682 0.9782 0.1963
vn -0.3076 0.8309 0.4637
vn 0.5103 0.8504 0.1283
vn -0.0964 0.9919 0.0832
vn 0.1482 0.9520 0.2679
vn 0.4502 0.8645 0.2234
vn -0.1158 0.9581 0.2621
vn 0.4558 0.8896 0.0301
vn 0.3677 0.9006 -0.2317
vn -0.0858 0.9708 0.2241
vn 0.2801 0.8575 0.4317
vn -0.2008 0.9342 0.2948
vn 0.0584 0.9876 0.1460
vn -0.0177 0.9853 0.1699
vn 0.0414 0.9975 -0.0569
vn -0.2816 0.9164 -0.2845
vn -0.0501 0.9862 0.1577
vn -0.2466 0.9640 -0.0990
vn -0.0267 0.9878 0.1535
vn -0.2312 0.9715 -0.0530
vn -0.1018 0.9946 0.0187
vn 0.3662 0.9216 -0.1290
vn 0.4226 0.8432 0.3323
vn 0.1335 0.9763 -0.1707
vn -0.0808 0.9840 0.1589
vn 0.0738 0.9715 0.2254
vn -0.3085 0.8081 0.5018
vn 0.2985 0.9375 -0.1788
vn 0.3546 0.9246 -0.1393
vn 0.0575 0.9923 0.1095
vn 0.1619 0.9753 0.1501
vn 0.1515 0.9810 0.1208
vn 0.0076 0.9985 -0.0538
vn 0.0953 0.9896 -0.1073
vn -0.0801 0.9902 0.1147
vn -0.0341 0.9874 0.1547
vn 0.1672 0.9611 0.2200
vn 0.1008 0.9743 0.2013
vn 0.0505 0.9883 0.1436
vn -0.5266 0.8345 0.1619
vn 0.0203 0.9902 0.1383
vn -0.2502 0.8852 0.3923
vn -0.4586 0.8884 0.0213
vn 0.0836 0.9894 -0.1188
vn 0.0450 0.9918 0.1195
vn -0.5067 0.8301 0.2327
vn 0.4030 0.8320 0.3812
vn -0.0892 0.7031 0.7055
vn 0.3670 0.8863 -0.2824
vn -0.0982 0.9655 0.2414
vn -0.2390 0.9444 -0.2257
vn -0.1372 0.8583 -0.4945
vn 0.0437 0.9945 -0.0947
vn -0.4279 0.8980 -0.1024
vn -0.0132 0.9993 0.0340
vn -0.5279 0.8343 0.1590
vn 0.1136 0.9935 0.0110
vn 0.3655 0.7750 0.5156
vn -0.0694 0.2121 0.9748
vn -0.0734 0.9752 0.2086
vn -0.0932 0.9822 0.1632
vn 0.0803 0.9897 -0.1183
vn 0.1586 0.9715 0.1763
vn 0.0229 0.9910 0.1315
vn -0.2342 0.9560 0.1765
vn -0.1463 0.9260 0.3481
vn 0.1447 0.9892 -0.0236
vn 0.0336 0.9855 0.1664
vn -0.0707 0.9829 0.1698
vn 0.1214 0.9782 0.1682
vn 0.5117 0.8575 0.0539
vn 0.0575 0.9847 0.1647
vn -0.2635 0.9489 -0.1739
vn 0.0829 0.9964 -0.0170
vn -0.3971 0.8594 0.3221
vn 0.3923 0.8945 0.2146
vn 0.4755 0.8713 -0.1215
vn 0.1086 0.9931 0.0435
vn 0.0535 0.9807 0.1878
vn -0.4380 0.8886 -0.1363
vn 0.0367 0.9917 0.1233
vn 0.1050 0.9900 0.0947
vn -0.2012 0.5025 -0.8409
vn 0.0105 0.9923 0.1232
vn 0.2135 0.7852 0.5813
vn 0.0469 0.9976 0.0507
vn 0.0232 0.9902 0.1380
vn 0.1938 0.9714 -0.1371
vn -0.2222 0.9081 -0.3550
vn 0.0210 0.9898 0.1409
vn -0.2968 0.8753 0.3818
vn 0.0541 0.9949 -0.0848
vn 0.1956 0.9493 -0.2461
vn -0.0149 0.9977 0.0661
vn 0.2681 0.9250 -0.2692
vn 0.0313 0.9978 0.0586
vn -0.1999 0.8237 0.5306
vn -0.1436 0.9313 0.3348
vn 0.0746 0.9960 0.0496
vn 0.1669 0.9690 0.1819
vn -0.1272 0.9919 -0.0010
vn 0.1513 0.9481 0.2797
vn -0.0074 0.9914 0.1310
vn 0.2477 0.9652 -0.0833
vn 0.3906 0.8405 0.3756
vn 0.3952 0.7793 0.4863
vn 0.1431 0.9749 0.1704
vn 0.1251 0.9915 0.0354
vn -0.2781 0.9587 0.0601
vn 0.3646 0.7340 0.5730
vn 0.1360 0.9504 0.2797
vn -0.2294 0.9100 -0.3454
vn -0.0677 0.9271 0.3688
vn 0.1805 0.9807 -0.0746
vn -0.3667 0.9187 0.1467
vn -0.1633 0.9163 0.3657
vn -0.2123 0.9755 -0.0584
vn -0.1214 0.9917 -0.0426
vn 0.1055 0.9906 0.0874
vn 0.0465 0.9888 0.1419
vn -0.2127 0.8962 0.3893
vn 0.2022 0.9650 -0.1669
vn -0.0178 0.9968 0.0773
vn -0.2367 0.9407 0.2431
vn -0.3703 0.9278 0.0454
vn -0.0050 0.9989 0.0460
vn -0.1304 0.9365 -0.3254
vn 0.1287 0.8276 -0.5464
vn 0.1803 0.9562 -0.2307
vn -0.0165 0.9943 -0.1053
vn 0.1688 0.9841 0.0558
vn 0.0070 0.9977 0.0680
vn 0.1402 0.9896 0.0314
vn -0.3430 0.9295 -0.1357
vn -0.2513 0.9371 -0.2424
vn 0.3134 0.7645 0.5633
vn -0.1645 0.9299 -0.3290
vn 0.0090 0.9659 0.2589
vn 0.1062 0.9914 -0.0769
vn -0.0081 0.9886 0.1507
vn -0.2107 0.9602 0.1834
vn 0.1588 0.9850 -0.0673
vn 0.0387 0.9880 0.1495
vn 0.0112 0.9982 0.0591
vn -0.0593 0.9981 -0.0168
vn -0.2035 0.8658 0.4571
vn 0.2413 0.9497 -0.1998
vn 0.2785 0.8472 0.4525
vn -0.3400 0.8312 0.4399
vn -0.2166 0.8794 0.4239
vn -0.0232 0.9890 0.1460
vn -0.0453 0.9990 0.0012
vn 0.1422 0.9880 -0.0596
vn 0.0287 0.9975 0.0640
vn 0.0840 0.9858 0.1452
vn 0.3502 0.7446 0.5682
vn 0.3472 0.8258 0.4445
vn 0.1490 0.9864 -0.0688
vn 0.1926 0.9321 0.3068
vn 0.0056 0.9916 0.1292
vn 0.0232 0.9899 0.1397
vn 0.0662 0.9936 0.0916
vn -0.0520 0.8974 0.4381
vn 0.0777 0.9961 0.0419
vn 0.1858 0.9459 0.2659
vn 0.3740 0.7338 0.5671
vn 0.1861 0.9578 -0.2191
vn 0.0796 0.9928 0.0889
vn -0.1887 0.9464 -0.2623
vn -0.1929 0.8676 -0.4583
vn -0.2725 0.9146 -0.2988
vn 0.0182 0.9928 0.1187
vn 0.3357 0.8975 0.2860
vn 0.1282 0.9767 0.1720
vn 0.0215 0.9806 -0.1947
vn 0.1551 0.9467 0.2823
vn -0.0969 0.4102 -0.9068
vn -0.1217 0.9920 0.0341
vn -0.0047 0.9988 0.0495
vn -0.1751 0.9412 -0.2890
vn -0.0118 0.9964 -0.0837
vn 0.3448 0.7293 0.5909
vn -0.1234 0.9394 -0.3198
vn -0.1722 0.8537 0.4915
vn -0.1505 0.9647 0.2161
vn 0.1884 0.9226 0.3367
vn 0.1274 0.5983 -0.7911
vn -0.0781 0.9777 0.1952
vn -0.1348 0.9847 -0.1103
vn 0.0062 0.7971 -0.6038
vn 0.0624 0.9910 0.1185
vn -0.0294 0.9815 -0.1894
vn 0.0301 0.9884 -0.1491
vn 0.0864 0.9923 0.0892
vn 0.0846 0.9843 -0.1548
vn -0.0928 0.9811 -0.1700
vn 0.1669 0.9603 0.2235
vn 0.2379 0.9706 0.0372
vn 0.1852 0.9016 0.3909
vn 0.3494 0.8277 0.4392
vn 0.1325 0.9682 -0.2120
vn 0.1272 0.9811 -0.1459
vn 0.2701 0.9563 0.1121
vn -0.2842 0.8431 0.4565
vn 0.0350 0.9914 0.1260
vn 0.2599 0.9508 0.1684
vn 0.2303 0.7982 0.5567
vn 0.2894 0.8523 0.4356
vn -0.0380 0.9928 -0.1136
vn 0.0751 0.9956 0.0555
vn -0.1595 0.8592 0.4861
vn 0.3140 0.8436 -0.4355
vn 0.0770 0.9965 -0.0324
vn -0.0226 0.9905 0.1358
vn -0.0903 0.9605 0.2633
vn -0.0372 0.8638 0.5024
vn -0.1044 0.8848 0.4542
vn -0.1837 0.8903 0.4168
vn 0.0078 0.9939 0.1099
vn 0.1012 0.9933 0.0550
vn -0.2273 0.8520 0.4717
vn 0.0875 0.9929 0.0801
vn 0.1705 0.9391 -0.2983
vn 0.0923 0.9707 0.2220
vn 0.1339 0.9699 -0.2034
vn -0.1243 0.9192 -0.3736
vn -0.1072 0.8751 0.4719
vn 0.0272 0.9972 -0.0692
vn 0.2904 0.7575 0.5847
vn 0.2596 0.8055 0.5327
vn 0.0217 0.9751 0.2208
vn -0.0668 0.9975 -0.0239
vn 0.0454 0.9989 -0.0070
vn -0.1446 0.9211 -0.3615
vn -0.0100 0.9860 0.1663
vn -0.4179 0.8358 -0.3560
vn -0.0907 0.9484 -0.3038
vn -0.0831 0.9965 0.0022
vn -0.0572 0.9802 -0.1897
vn -0.1178 0.9923 -0.0382
vn 0.1594 0.9869 0.0248
vn 0.3162 0.7873 0.5293
vn 0.1282 0.9903 0.0545
vn 0.2661 0.8711 0.4128
vn 0.1713 0.9592 0.2251
vn 0.3600 0.6813 0.6373
vn 0.1050 0.9943 -0.0157
vn -0.0056 0.9476 0.3194
vn 0.1002 0.6854 0.7213
vn 0.0681 0.9973 0.0264
vn 0.0647 0.9858 0.1550
vn 0.0060 0.9999 0.0132
vn 0.0893 0.9791 0.1827
vn -0.2786 0.9314 -0.2342
vn 0.0666 0.9963 -0.0536
vn 0.0888 0.9956 0.0303
vn 0.4312 0.7544 0.4949
vn 0.1880 0.8085 -0.5577
vn 0.0836 0.9848 0.1525
vn -0.1694 0.9586 -0.2288
vn -0.1360 0.8252 0.5482
vn 0.2116 0.9710 0.1109
vn 0.1161 0.9932 0.0057
vn 0.1073 0.9920 0.0665
vn 0.0129 0.9999 0.0067
vn 0.0682 0.9954 -0.0677
vn 0.0604 0.9914 0.1163
vn 0.0198 0.9963 -0.0835
vn 0.1359 0.9487 -0.2856
vn -0.1571 0.8962 -0.4148
vn -0.0919 0.9583 0.2704
vn -0.1748 0.9529 -0.2477
vn -0.3871 0.9197 -0.0659
vn -0.1428 0.8562 0.4966
vn 0.1570 0.9875 -0.0109
vn 0.0007 0.9963 0.0858
vn 0.2199 0.6893 0.6903
vn -0.5187 0.5519 -0.6529
vn 0.3623 0.9228 -0.1312
vn -0.0571 0.8926 0.4471
vn -0.1452 0.9857 -0.0853
vn -0.0215 0.9560 0.2925
vn 0.1248 0.9383 -0.3224
vn 0.0227 0.9943 0.1045
vn -0.3777 0.8952 -0.2367
vn -0.0807 0.8932 0.4424
vn 0.3428 0.9369 0.0686
vn 0.5729 0.7084 0.4122
vn -0.0650 0.9350 -0.3486
vn 0.0344 0.9434 -0.3298
vn -0.0059 0.9875 -0.1575
vn -0.0187 0.9577 0.2872
vn -0.0993 0.8064 0.5830
vn -0.0519 0.9506 0.3062
vn 0.0219 0.9996 0.0203
vn -0.4831 0.8737 0.0571
vn 0.0177 0.9909 -0.1335
vn 0.1025 0.9631 -0.2490
vn 0.0868 0.7525 0.6529
vn -0.0015 0.7581 -0.6521
vn -0.0347 0.9216 0.3865
vn -0.0874 0.8995 -0.4280
vn 0.0531 0.9978 -0.0385
vn 0.0112 0.7986 0.6018
vn -0.0315 0.9932 0.1117
vn 0.2062 0.8280 0.5215
vn -0.0404 0.9713 0.2343
vn 0.0786 0.9685 -0.2364
vn 0.0064 0.9314 -0.3639
vn -0.0648 0.8721 0.4850
vn 0.0575 0.9982 0.0179
vn 0.0032 0.9988 -0.0483
vn 0.0364 0.9770 0.2102
vn 0.1482 0.9465 -0.2868
vn 0.0542 0.9956 0.0765
vn -0.1209 0.9105 -0.3955
vn -0.1430 0.9688 0.2025
vn 0.0629 0.9904 -0.1231
vn -0.0358 0.9983 0.0453
vn -0.0734 0.9905 -0.1165
vn 0.0641 0.9517 -0.3004
vn 0.2756 0.8685 0.4121
vn -0.1050 0.9729 0.2062
vn -0.0396 0.9930 -0.1114
vn 0.3597 0.9119 0.1977
vn -0.1499 0.9357 -0.3193
vn -0.1008 0.9949 0.0037
vn -0.0535 0.9980 0.0346
vn 0.5273 0.6735 0.5180
vn -0.0622 0.9963 0.0597
vn -0.1241 0.8882 0.4423
vn 0.1890 0.8481 0.4950
vn -0.1570 0.9795 0.1262
vn -0.0577 0.9281 0.3679
vn -0.1775 0.9235 -0.3400
vn 0.0202 0.9815 0.1902
vn -0.0110 0.9895 -0.1442
vn 0.0499 0.9905 -0.1285
vn 0.0636 0.7555 0.6521
vn -0.0057 0.9999 -0.0088
vn -0.0204 0.9155 0.4019
vn 0.0454 0.9972 0.0590
vn -0.1323 0.9421 -0.3080
vn 0.0477 0.7787 0.6256
vn -0.1123 0.7589 0.6414
vn -0.0154 0.9998 0.0146
vn -0.0461 0.8760 0.4802
vn 0.0424 0.9521 -0.3028
vn -0.1211 0.9893 -0.0820
vn -0.0457 0.8836 0.4660
vn -0.0179 0.7572 0.6530
vn 0.0546 0.9951 -0.0819
vn -0.0074 0.9814 -0.1917
vn 0.0488 0.9611 -0.2720
vn -0.0105 0.9205 0.3906
vn 0.3770 0.6651 0.6446
vn -0.0521 0.8617 0.5048
vn -0.0840 0.9761 0.2006
vn 0.0360 0.9922 0.1192
vn -0.1796 0.9277 0.3272
vn 0.0046 0.8798 0.4754
vn -0.0893 0.9430 -0.3206
vn -0.0031 0.9998 0.0184
vn 0.1409 0.9878 -0.0666
vn -0.0791 0.9957 -0.0485
vn -0.0141 0.6680 0.7440
vn 0.0916 0.9028 -0.4201
vn -0.0793 0.9759 0.2032
vn -0.1252 0.9902 0.0624
vn -0.1028 0.9860 0.1312
vn -0.2110 0.9456 -0.2477
vn 0.0199 0.9977 0.0646
vn 0.0285 0.9898 -0.1399
vn -0.1105 0.9912 0.0730
vn -0.2805 -0.1968 0.9395
vn 0.0128 0.8270 -0.5621
vn -0.0168 0.8828 0.4695
vn -0.2829 0.6422 -0.7124
vn 0.0287 0.9969 -0.0733
vn -0.1007 0.9361 -0.3370
vn -0.0980 0.9937 -0.0537
vn -0.1016 0.9921 -0.0732
vn -0.1451 0.9854 -0.0893
vn -0.1305 0.9626 -0.2376
vn 0.0330 0.9552 -0.2941
vn -0.0336 0.9305 -0.3647
vn -0.0282 0.6815 -0.7313
vn 0.0575 0.8464 0.5294
vn -0.0892 0.9770 0.1937
vn -0.2169 0.9539 0.2074
vn 0.0341 0.9009 -0.4326
vn 0.1113 0.9824 0.1499
vn -0.0900 0.9415 -0.3247
vn 0.0537 0.9942 0.0932
vn 0.0209 0.8777 0.4787
vn 0.1481 0.8859 0.4397
vn -0.0923 0.9500 0.2983
vn -0.0355 0.8678 0.4957
vn -0.0760 0.6824 0.7270
vn -0.1822 0.9693 0.1653
vn 0.0060 0.9401 0.3409
vn -0.0427 0.8332 0.5513
vn -0.0945 0.9748 0.2022
vn -0.1029 0.7274 0.6785
vn -0.1979 0.9667 -0.1621
vn 0.0454 0.9142 0.4028
vn -0.0307 0.9989 0.0366
vn -0.1149 0.9899 0.0828
vn -0.0263 0.9912 -0.1294
vn -0.0914 0.7794 0.6198
vn -0.0970 0.9791 -0.1790
vn 0.0460 0.9161 -0.3984
vn -0.0053 0.5268 0.8500
vn 0.0210 0.9992 0.0350
vn 0.0345 0.7793 -0.6257
vn 0.0176 0.9921 0.1245
vn 0.0501 0.9970 0.0590
vn 0.0169 0.6335 0.7736
vn -0.1161 0.9585 -0.2605
vn -0.0592 0.9578 -0.2813
vn -0.1087 0.9143 0.3903
vn 0.0179 0.9497 0.3127
vn -0.0143 0.9919 -0.1261
vn -0.1216 0.7707 0.6255
vn -0.0654 0.9637 0.2587
vn 0.0286 0.9387 0.3436
vn -0.0165 0.9978 -0.0643
vn 0.0106 0.9926 0.1213
vn -0.0929 0.9864 0.1357
vn 0.3555 0.9272 0.1175
vn 0.0210 0.8253 0.5643
vn -0.0498 0.9774 -0.2056
vn 0.0259 0.3577 -0.9335
vn -0.3063 0.9493 0.0707
vn -0.0466 0.9336 -0.3553
vn -0.0477 0.9858 -0.1608
vn -0.0757 0.9965 -0.0342
vn -0.0385 0.8058 0.5909
vn 0.0209 0.9653 0.2604
vn -0.0730 0.9653 0.2508
vn -0.0609 0.9350 0.3494
vn -0.0112 0.9881 0.1536
vn -0.0592 0.9972 -0.0458
vn -0.1052 0.9910 -0.0831
vn -0.0510 0.9945 -0.0918
vn -0.0107 0.9977 -0.0676
vn -0.1554 0.7718 0.6167
vn -0.0756 0.9067 0.4149
vn -0.2922 0.7458 0.5986
vn 0.0019 0.9825 -0.1865
vn -0.0857 0.8057 0.5862
vn -0.1596 0.6557 0.7380
vn 0.0023 0.9939 -0.1099
vn -0.0191 0.9944 -0.1039
vn 0.0809 0.9196 -0.3845
vn -0.0336 0.9994 0.0116
vn -0.0899 0.9955 0.0306
vn -0.0116 0.9999 0.0056
vn -0.0995 0.9947 0.0268
vn 0.0819 0.8562 0.5102
vn -0.2348 0.9708 -0.0494
vn -0.0143 0.9692 -0.2457
vn -0.0454 0.9938 -0.1010
vn -0.1043 0.9314 -0.3486
vn 0.0244 0.9561 0.2921
vn 0.0912 0.9598 0.2655
vn -0.1122 0.9627 -0.2462
vn -0.0246 0.9913 0.1290
vn -0.0603 0.9449 0.3219
vn -0.1108 0.9938 -0.0076
vn -0.1045 0.9693 0.2228
vn -0.0065 0.9664 -0.2571
vn -0.0495 0.9359 -0.3487
vn -0.1109 0.7952 -0.5962
vn -0.0242 0.9888 0.1472
vn -0.0477 0.8237 0.5650
vn -0.1584 0.7890 -0.5936
vn 0.0103 0.9519 0.3064
vn -0.0476 0.9931 0.1076
vn -0.0781 0.9797 0.1847
vn -0.1437 0.7243 0.6744
vn -0.0979 0.9316 -0.3501
vn -0.0887 0.8225 0.5618
vn -0.0962 0.9498 0.2977
vn -0.1051 0.8695 -0.4826
vn -0.0371 0.6625 -0.7481
vn -0.0965 0.9470 0.3062
vn 0.0611 0.9484 0.3111
vn -0.1954 0.8884 0.4154
vn -0.0084 0.9945 -0.1048
vn -0.1740 0.7282 0.6629
vn -0.0437 0.9942 0.0982
vn -0.0330 0.9972 -0.0670
vn 0.0225 0.8453 0.5338
vn -0.1609 0.9842 0.0746
vn -0.0124 0.9819 -0.1888
vn -0.0066 0.9990 0.0437
vn -0.0754 0.9356 0.3448
vn 0.0429 0.9450 -0.3243
vn -0.0086 0.7584 -0.6517
vn -0.1313 0.8625 -0.4888
vn -0.4513 0.7060 0.5459
vn -0.0683 0.9905 -0.1190
vn 0.0611 0.8648 0.4984
vn -0.0224 0.9991 0.0364
vn -0.1742 0.9331 0.3147
vn 0.0002 0.9789 -0.2044
vn -0.0187 0.9825 -0.1855
vn -0.0870 0.9668 0.2404
vn -0.0286 0.9280 0.3716
vn 0.0423 0.9887 -0.1439
vn -0.0202 0.9980 0.0605
vn 0.0792 0.8597 0.5047
vn -0.0632 0.9978 0.0179
vn 0.0852 0.9584 -0.2724
vn -0.0521 0.9971 0.0556
vn 0.0488 0.9604 0.2744
vn -0.0826 0.9051 0.4172
vn -0.0736 0.9940 -0.0805
vn 0.0388 0.9764 0.2127
vn -0.3330 0.8605 -0.3857
vn 0.1012 0.4512 -0.8867
vn -0.0732 0.9938 -0.0842
vn -0.0185 0.9932 -0.1148
vn 0.0926 0.9596 -0.2657
vn -0.0300 0.5923 0.8051
vn -0.1246 0.8536 0.5058
vn -0.2298 0.9279 0.2935
vn -0.0980 0.9116 0.3992
vn -0.3212 0.9163 -0.2392
vn -0.1253 0.9314 0.3417
vn -0.0524 0.9897 0.1331
vn 0.0132 0.9997 -0.0205
vn -0.1280 0.5307 0.8378
vn -0.0753 0.4422 0.8937
vn -0.1291 0.2010 0.9710
vn 0.0271 0.8550 0.5179
vn 0.1276 0.8603 0.4935
vn 0.0589 0.9737 0.2200
vn 0.1191 0.9895 0.0820
vn -0.3800 0.9212 0.0837
vn -0.0843 0.9677 0.2377
vn -0.0236 0.9996 0.0139
vn 0.0088 0.9881 0.1536
vn 0.0872 0.8186 0.5677
vn -0.1122 0.9114 0.3960
vn 0.0873 0.9611 -0.2620
vn -0.3850 0.6376 0.6672
vn -0.2052 0.7499 0.6289
vn -0.1329 0.8276 -0.5454
vn -0.2535 0.9296 0.2674
vn 0.0759 0.9811 -0.1778
vn 0.0418 0.9964 -0.0732
vn 0.0654 0.9757 0.2090
vn 0.0052 1.0000 0.0067
vn 0.1885 0.9357 0.2981
vn -0.1945 0.7620 0.6177
vn 0.0451 0.9621 0.2688
vn -0.0749 0.9472 0.3119
vn -0.1270 0.9783 -0.1634
vn -0.1007 0.9764 -0.1909
vn 0.1133 0.9826 -0.1473
vn -0.2068 0.9784 -0.0021
vn -0.0839 0.9547 0.2855
vn 0.1586 0.9450 -0.2861
vn -0.0561 0.9865 -0.1537
vn -0.1630 0.8806 -0.4449
vn 0.1890 0.9257 0.3276
vn -0.1247 0.9880 -0.0910
vn -0.0076 0.9995 0.0313
vn -0.0385 0.9956 0.0857
vn -0.1600 0.9458 -0.2827
vn -0.0373 0.9929 0.1132
vn 0.0044 0.9915 0.1299
vn -0.1731 0.6435 0.7456
vn -0.0321 0.9833 -0.1792
vn 0.0903 0.8648 0.4939
vn -0.2166 0.9541 0.2067
vn -0.0085 0.9717 0.2359
vn -0.1930 0.8835 -0.4269
vn -0.2158 0.7760 0.5927
vn -0.0648 0.9936 -0.0930
vn 0.0529 0.9873 0.1501
vn -0.0124 0.9979 0.0643
vn -0.0036 0.9977 -0.0674
vn -0.1310 0.9799 -0.1503
vn -0.0931 0.9310 0.3531
vn -0.0468 0.9949 0.0893
vn -0.1339 0.9901 -0.0419
vn -0.5244 0.6734 0.5211
vn 0.1076 0.9393 -0.3258
vn -0.1263 0.9899 0.0636
vn 0.1564 0.6417 0.7508
vn -0.1098 0.9938 -0.0197
vn -0.0804 0.9556 0.2835
vn -0.2902 0.8048 -0.5178
vn -0.1536 0.8793 0.4509
vn 0.1480 0.8525 0.5013
vn -0.0415 0.9933 0.1081
vn -0.2825 0.9141 0.2910
vn -0.0628 0.9616 0.2671
vn -0.0679 0.9165 0.3943
vn 0.0632 0.9595 0.2746
vn 0.1854 0.8488 0.4952
vn 0.0087 0.9973 0.0727
vn 0.1237 0.9711 -0.2041
vn 0.1137 0.9931 -0.0292
vn -0.2378 0.9683 -0.0759
vn 0.1935 0.9548 -0.2256
vn -0.0135 0.9958 -0.0908
vn -0.4054 0.8793 0.2500
vn 0.0385 0.9983 -0.0427
vn 0.0071 0.9993 0.0366
vn 0.0373 0.9909 0.1291
vn -0.0237 0.9867 0.1608
vn -0.0897 0.9956 -0.0282
vn 0.1195 0.9912 -0.0574
vn 0.1537 0.8513 0.5017
vn -0.0801 0.9968 -0.0013
vn -0.1447 0.9878 0.0573
vn 0.0673 0.9760 0.2072
vn 0.1465 0.8579 0.4924
vn -0.0337 0.9974 0.0637
vn -0.2499 0.7057 0.6630
vn -0.0865 0.9592 0.2692
vn 0.0230 0.9992 -0.0325
vn 0.0632 0.9979 -0.0105
vn 0.1015 0.9499 0.2956
vn -0.2349 -0.7395 0.6309
vn 0.1018 0.9389 0.3288
vn -0.7164 0.6960 -0.0480
vn 0.1327 0.9779 0.1613
vn -0.0902 0.9607 0.2627
vn 0.0903 0.9957 0.0213
vn -0.1636 0.9310 0.3262
vn 0.0594 0.9731 0.2227
vn -0.1666 0.9003 0.4021
vn -0.2455 0.9408 -0.2338
vn -0.2830 0.9211 -0.2675
vn 0.2492 0.9308 -0.2675
vn -0.0535 0.9932 0.1038
vn -0.0145 0.9793 -0.2017
vn -0.1542 0.9514 0.2665
vn -0.0153 0.9931 0.1167
vn 0.2672 0.9161 -0.2989
vn -0.0978 0.9517 -0.2912
vn -0.0813 0.9965 -0.0166
vn 0.0298 0.9701 0.2408
vn 0.1397 0.9836 -0.1139
vn -0.1266 0.9159 0.3808
vn 0.0340 0.9938 -0.1061
vn 0.0869 0.9538 0.2877
vn 0.0376 0.9893 0.1411
vn -0.0340 0.9973 0.0657
vn 0.1851 0.8885 0.4200
vn 0.0457 0.9985 0.0305
vn -0.1806 0.8636 0.4706
vn 0.0161 0.9916 -0.1284
vn 0.0797 0.9730 0.2168
vn -0.0457 0.9871 0.1535
vn -0.1482 0.8923 0.4264
vn -0.1682 0.8984 0.4056
vn -0.1967 0.8369 0.5108
vn 0.2847 0.8344 0.4719
vn -0.0637 0.9664 0.2492
vn 0.2910 0.5129 0.8076
vn -0.1093 0.9920 0.0636
vn -0.0760 0.9812 -0.1776
vn -0.2004 0.8354 0.5117
vn -0.2628 0.8767 -0.4029
vn -0.0706 0.9924 0.1007
vn -0.0837 0.9883 0.1277
vn -0.1121 0.9933 0.0277
vn -0.2353 0.9497 -0.2067
vn -0.0713 0.9850 0.1574
vn 0.0449 0.9966 0.0687
vn -0.0037 0.9983 0.0585
vn -0.0166 0.9967 0.0788
vn -0.0592 0.9973 0.0440
vn 0.2271 0.9603 -0.1620
vn 0.0354 0.9982 0.0484
vn -0.2681 0.8945 -0.3577
vn 0.2571 0.9517 -0.1680
vn 0.2502 0.6622 -0.7063
vn 0.0381 0.9964 0.0754
vn -0.1544 0.8795 0.4502
vn -0.0085 0.9807 0.1951
vn 0.1807 0.9067 0.3810
vn -0.3737 0.7678 0.5204
vn 0.0616 0.9906 0.1218
vn 0.0612 0.9925 -0.1055
vn 0.1983 0.8860 0.4190
vn -0.0494 0.9773 0.2061
vn 0.1755 0.9550 0.2389
vn -0.3046 0.9247 -0.2282
vn 0.1957 0.8520 0.4856
vn 0.0234 0.9931 0.1150
vn -0.1444 0.9647 0.2201
vn 0.0193 0.9907 0.1350
vn -0.0506 0.9790 -0.1974
vn 0.1628 0.9423 0.2926
vn -0.2242 0.9500 -0.2175
vn -0.0059 0.9841 -0.1775
vn -0.1658 0.9775 -0.1301
vn -0.0633 0.9959 0.0653
vn 0.3546 0.8675 -0.3488
vn 0.3386 0.9222 -0.1866
vn -0.2272 0.8094 0.5415
vn 0.2257 0.9244 0.3074
vn 0.3080 0.9000 0.3086
vn -0.0080 0.9790 0.2039
vn 0.1578 0.9874 0.0098
vn -0.1819 0.9198 0.3478
vn -0.0788 0.9922 0.0970
vn -0.1197 0.9096 0.3978
vn 0.1882 0.9001 0.3930
vn 0.1928 0.8844 0.4250
vn 0.2236 0.9701 0.0940
vn -0.1995 0.9473 0.2506
vn 0.0174 0.9919 0.1259
vn -0.0555 0.9965 0.0628
vn 0.2057 0.9645 0.1656
vn -0.2048 0.9589 -0.1965
vn -0.3147 0.7827 0.5370
vn -0.0722 0.9915 -0.1086
vn -0.1683 0.9501 -0.2626
vn 0.1399 0.9886 -0.0566
vn -0.0384 0.9440 0.3276
vn 0.0859 0.9952 0.0459
vn -0.1724 0.8932 0.4152
vn 0.2267 0.8383 0.4958
vn -0.1927 0.9606 0.2003
vn 0.2129 0.9728 -0.0910
vn -0.1068 0.9785 0.1764
vn -0.1787 0.9838 -0.0131
vn 0.0405 0.9902 -0.1340
vn 0.1336 0.9909 0.0156
vn 0.2717 0.7265 -0.6311
vn -0.0639 0.9951 0.0757
vn -0.0639 0.9884 0.1378
vn -0.0708 0.9508 0.3015
vn 0.0403 0.9731 0.2267
vn 0.0287 0.9718 0.2342
vn 0.4562 0.4502 0.7676
vn 0.2207 0.8709 0.4390
vn 0.3667 0.8995 -0.2377
vn 0.0889 0.9942 0.0611
vn 0.3944 0.8903 0.2278
vn 0.2367 0.9084 0.3446
vn 0.0952 0.9897 0.1065
vn 0.0804 0.9953 -0.0541
vn -0.1121 0.8996 0.4221
vn -0.1246 0.9719 -0.1998
vn -0.1918 0.9582 0.2122
vn 0.3832 0.9237 -0.0006
vn -0.2887 0.9034 0.3171
vn 0.2402 0.9703 -0.0285
vn 0.3419 0.9131 -0.2221
vn -0.0393 0.9935 0.1067
vn -0.1407 0.9874 -0.0719
vn 0.1985 0.9385 0.2825
vn 0.1007 0.9884 0.1140
vn 0.1763 0.9738 -0.1439
vn -0.1174 0.9917 0.0520
vn -0.0324 0.9971 0.0684
vn 0.1567 0.9533 -0.2583
vn -0.4161 0.9020 -0.1151
vn 0.3711 0.9161 0.1519
vn -0.0393 0.9976 0.0572
vn -0.5076 0.7823 0.3610
vn 0.0959 0.9947 -0.0373
vn -0.1815 0.9746 -0.1314
vn 0.2668 0.8303 0.4893
vn 0.1072 0.9829 0.1498
vn 0.0102 0.9983 0.0570
vn -0.0427 0.9945 0.0955
vn 0.1200 0.9914 0.0525
vn -0.1935 0.8169 0.5434
vn -0.3363 0.8747 -0.3490
vn 0.1932 0.9595 0.2050
vn -0.5294 0.8439 -0.0875
vn 0.2302 0.9624 0.1445
vn -0.0122 0.9537 0.3004
vn -0.3553 0.8890 -0.2889
vn -0.0889 0.9050 0.4159
vn 0.0954 0.9206 0.3786
vn -0.1528 0.9800 0.1278
vn 0.1894 0.9818 -0.0117
vn 0.0228 0.9809 0.1934
vn -0.0149 0.9893 0.1451
vn -0.1292 0.9313 0.3405
vn -0.1682 0.8348 0.5242
vn 0.0616 0.9723 0.2255
vn 0.1663 0.9860 0.0138
vn 0.3834 0.3544 0.8529
vn -0.0575 0.9960 0.0684
vn -0.1242 0.9909 0.0517
vn 0.4676 0.8699 -0.1568
vn -0.1616 0.9777 0.1340
vn -0.3713 0.9261 0.0671
vn -0.6303 0.7421 0.2279
vn -0.4765 0.7626 0.4375
vn 0.2165 0.9762 0.0105
vn -0.0248 0.9535 0.3002
vn -0.0118 0.9954 0.0948
vn 0.1148 0.9625 0.2458
vn 0.0035 0.9810 0.1942
vn 0.0720 0.9896 0.1242
vn 0.2360 0.9702 -0.0541
vn 0.0497 0.9693 0.2406
vn -0.0882 0.9961 -0.0073
vn -0.0258 0.9862 0.1638
vn 0.4138 0.8686 0.2726
vn -0.3881 0.9012 0.1929
vn -0.0062 0.9850 0.1725
vn 0.1464 0.9838 0.1034
vn 0.1859 0.9691 -0.1625
vn 0.4456 0.4891 -0.7498
vn 0.3641 0.8657 -0.3436
vn 0.0824 0.9956 -0.0455
vn -0.1382 0.9840 -0.1125
vn -0.1152 0.9822 0.1487
vn -0.0477 0.9327 0.3576
vn -0.1177 0.9918 0.0497
vn 0.0146 0.9993 0.0355
vn 0.0459 0.9769 0.2087
vn -0.1279 0.8864 0.4450
vn 0.4502 0.8928 0.0164
vn 0.3163 0.8269 0.4649
vn -0.0877 0.9952 0.0442
vn 0.3761 0.9109 0.1696
vn 0.0398 0.9839 0.1745
vn 0.2635 0.8896 0.3730
vn 0.2716 0.9556 0.1143
vn -0.1617 0.9745 0.1557
vn 0.1121 0.8456 0.5219
vn -0.4558 0.7777 0.4328
vn 0.2135 0.8922 0.3980
vn -0.1091 0.9940 0.0083
vn 0.2367 0.8829 0.4055
vn -0.1653 0.8600 0.4828
vn -0.0942 0.9889 0.1150
vn -0.4800 0.8636 -0.1544
vn -0.1166 0.9921 -0.0461
vn -0.2228 0.9576 -0.1824
vn -0.1159 0.9931 -0.0176
vn 0.2165 0.9228 0.3187
vn 0.0484 0.9907 0.1269
vn 0.0411 0.9692 0.2427
vn -0.2019 0.9780 -0.0526
vn -0.0751 0.9865 0.1453
vn -0.2427 0.9664 -0.0852
vn 0.2482 0.8985 0.3621
vn -0.2672 0.9627 0.0415
vn -0.2264 0.9544 0.1946
vn -0.0349 0.9501 0.3099
vn -0.1665 0.9827 0.0815
vn 0.3770 0.9138 0.1510
vn -0.1866 0.9787 -0.0856
vn -0.0529 0.9985 0.0107
vn 0.3659 0.9112 -0.1893
vn 0.1782 0.9764 -0.1220
vn -0.1167 0.9069 0.4048
vn 0.2914 0.8852 0.3626
vn 0.2136 0.9689 -0.1247
vn 0.2391 0.9284 0.2843
vn -0.3385 0.9293 -0.1475
vn -0.2174 0.9677 0.1276
vn 0.4463 0.3041 0.8416
vn -0.2115 0.9732 -0.0901
vn -0.0751 0.9473 0.3115
vn 0.1745 0.8858 0.4299
vn -0.4813 0.8545 0.1954
vn 0.1485 0.9816 0.1198
vn -0.3156 0.9210 0.2285
vn -0.3653 0.8895 0.2743
vn -0.0026 0.9931 0.1169
vn 0.0910 0.9848 0.1481
vn 0.0814 0.9835 0.1616
vn -0.0779 0.9947 0.0673
vn -0.1448 0.9829 0.1139
vn 0.1968 0.9096 0.3660
vn -0.3615 0.9185 0.1603
vn -0.0506 0.9502 0.3075
vn 0.0941 0.9865 0.1338
vn 0.1095 0.9892 -0.0973
vn -0.2681 0.9535 -0.1376
vn 0.2358 0.9702 0.0557
vn 0.3993 0.9155 -0.0483
vn 0.0631 0.9821 0.1773
vn 0.1098 0.9918 0.0647
vn 0.1873 0.9798 -0.0699
vn 0.2801 0.9256 0.2545
vn 0.1184 0.9892 0.0869
vn 0.2407 0.8964 0.3721
vn -0.0057 0.9997 0.0243
vn -0.1926 0.9462 0.2601
vn -0.0975 0.9179 0.3846
vn 0.2233 0.9737 -0.0449
vn -0.1773 0.9835 -0.0350
vn 0.2814 0.9252 0.2546
vn -0.4430 0.8834 0.1527
vn 0.3628 0.9262 0.1022
vn 0.1732 0.9711 -0.1643
vn -0.2607 0.9588 0.1126
vn 0.1327 0.9434 0.3039
vn -0.1749 0.9814 -0.0789
vn -0.3900 0.9150 -0.1036
vn -0.0305 0.9994 0.0180
vn 0.4012 0.8831 0.2435
vn 0.3922 0.7915 -0.4688
vn -0.0703 0.9951 0.0692
vn 0.3649 0.9187 0.1512
vn -0.2052 0.9612 0.1843
vn 0.1019 0.9918 -0.0766
vn -0.2354 0.9700 0.0603
vn -0.0098 0.9936 0.1124
vn 0.3589 0.8672 0.3452
vn -0.0767 0.9907 0.1120
vn -0.4811 0.8239 0.2995
vn 0.0495 0.9885 0.1431
vn -0.1502 0.9821 0.1141
vn 0.1673 0.9856 0.0251
vn 0.2719 0.8685 0.4145
vn -0.2207 0.9737 -0.0565
vn -0.1854 0.9757 -0.1165
vn -0.1393 0.9901 0.0150
vn 0.3492 0.8602 0.3716
vn 0.0181 0.9920 0.1249
vn -0.1055 0.9861 0.1280
vn -0.0598 0.9918 0.1134
vn -0.3604 0.9123 -0.1944
vn 0.1160 0.9914 -0.0606
vn 0.1092 0.9350 0.3373
vn -0.3506 0.9167 0.1915
vn 0.1101 0.9906 0.0813
vn 0.0973 0.9679 0.2319
vn -0.3876 0.9207 0.0459
vn -0.0826 0.9485 0.3059
vn -0.4549 0.8869 0.0800
vn 0.1121 0.9836 0.1411
vn -0.2272 0.9654 0.1280
vn 0.0878 0.9943 0.0607
vn 0.2873 0.9557 -0.0635
vn -0.0262 0.9963 0.0817
vn -0.2912 0.7797 0.5543
vn 0.0763 0.9836 0.1635
vn 0.0920 0.9883 0.1214
vn -0.0410 0.9964 0.0743
vn -0.1221 0.9535 0.2756
vn 0.2888 0.9561 0.0491
vn -0.1394 0.9330 0.3318
vn -0.1085 0.9873 0.1163
vn 0.3013 0.9299 0.2110
vn -0.1386 0.9566 0.2562
vn -0.1333 0.9909 0.0197
vn 0.3850 0.8769 0.2878
vn 0.2530 0.9588 0.1294
vn 0.3452 0.7389 0.5787
vn 0.4558 0.6829 -0.5709
vn -0.3743 0.9174 -0.1352
vn -0.0585 0.9871 0.1493
vn 0.3072 0.9448 0.1136
vn -0.3463 0.7884 0.5085
vn -0.2948 0.9086 0.2960
vn 0.1516 0.9818 -0.1147
vn -0.2908 0.9517 -0.0987
vn 0.0189 0.9986 0.0494
vn 0.0099 0.9877 0.1559
vn 0.0898 0.9815 0.1692
vn -0.2189 0.9351 0.2786
vn 0.2644 0.9485 0.1745
vn 0.2468 0.9602 0.1306
vn 0.0656 0.9961 0.0597
vn 0.3535 0.8775 0.3242
vn -0.1866 0.9819 0.0329
vn -0.0214 0.9932 0.1144
vn 0.0778 0.9922 0.0974
vn -0.0254 0.9864 0.1622
vn -0.0732 0.9777 0.1970
vn 0.0706 0.9936 0.0885
vn 0.2536 0.9605 -0.1142
vn -0.1455 0.9753 0.1663
vn -0.2865 0.9498 -0.1258
vn -0.3078 0.9188 0.2471
vn -0.2293 0.9328 0.2779
vn -0.3654 0.9307 -0.0146
vn 0.1509 0.9876 -0.0430
vn -0.2284 0.9154 0.3315
vn 0.1891 0.9454 0.2655
vn -0.3165 0.8597 0.4010
vn 0.1496 0.9836 0.1007
vn -0.3120 0.9467 -0.0804
vn 0.1401 0.8983 0.4164
vn 0.1189 0.9464 0.3002
vn -0.2370 0.9687 -0.0740
vn -0.3461 0.9210 0.1788
vn -0.3176 0.9459 0.0658
vn -0.1257 0.9921 0.0013
vn 0.3233 0.9089 0.2634
vn -0.1025 0.9860 0.1312
vn 0.4693 0.4382 0.7667
vn -0.0467 0.9923 0.1143
vn -0.2640 0.9603 -0.0898
vn -0.3669 0.9236 0.1108
vn -0.3588 0.9184 0.1667
vn -0.0019 0.9939 0.1102
vn -0.3875 0.9216 0.0208
vn 0.0969 0.9927 0.0719
vn -0.1585 0.9847 0.0718
vn 0.3738 0.7091 -0.5979
vn 0.2692 0.9325 0.2407
vn 0.0514 0.9979 0.0388
vn 0.0297 0.9995 0.0147
vn -0.1985 0.9443 0.2624
vn -0.1786 0.9796 0.0918
vn 0.3389 0.9399 -0.0413
vn 0.2005 0.9788 -0.0418
vn -0.3072 0.9394 -0.1520
vn -0.0224 0.9917 0.1269
vn -0.2757 0.9033 0.3289
vn 0.1033 0.9879 0.1160
vn -0.4526 0.7401 0.4973
vn 0.2336 0.9270 0.2935
vn -0.0027 0.9988 0.0492
vn 0.4172 0.8940 0.1635
vn 0.1453 0.9706 0.1919
vn -0.1089 0.9866 0.1212
vn -0.1543 0.9698 0.1891
vn -0.1549 0.9859 0.0633
vn -0.1562 0.9756 0.1541
vn 0.4320 0.8890 0.1516
vn -0.1951 0.9666 0.1659
vn 0.3610 0.9309 0.0552
vn 0.6376 0.3452 0.6887
vn -0.4301 0.8665 -0.2533
vn 0.3556 0.9286 0.1061
vn 0.0243 0.9995 0.0219
vn 0.2985 0.9430 0.1468
vn 0.2071 0.9687 0.1371
vn -0.0237 0.9980 0.0586
vn -0.0907 0.9858 0.1415
vn -0.1485 0.9878 0.0471
vn -0.4210 0.7954 0.4360
vn -0.1194 0.9927 -0.0159
vn -0.2806 0.9573 0.0696
vn -0.0848 0.9895 0.1170
vn 0.0433 0.9939 0.1013
vn -0.3771 0.9239 0.0647
vn -0.2478 0.9613 0.1205
vn 0.7473 0.3690 -0.5526
vn -0.5195 0.8176 -0.2484
vn -0.2124 0.9725 0.0955
vn -0.1758 0.9742 0.1416
vn -0.2763 0.9575 0.0831
vn -0.1840 0.9781 0.0977
vn -0.4479 0.8155 0.3665
vn 0.3178 0.9387 0.1335
vn 0.4250 0.8579 0.2889
vn -0.1219 0.9874 0.1006
vn -0.0660 0.9978 -0.0000
vn -0.1430 0.9855 0.0911
vn -0.0113 0.9901 0.1396
vn 0.2850 0.9097 0.3019
vn -0.6059 0.6472 0.4625
vn -0.2425 0.9475 0.2086
vn 0.1085 0.9911 0.0773
vn 0.4030 0.8636 -0.3031
vn -0.1274 0.9795 0.1562
vn -0.3218 0.9430 0.0844
vn -0.3906 0.8883 0.2415
vn -0.2697 0.9626 -0.0262
vn -0.3137 0.9451 0.0914
vn -0.3260 0.9422 0.0769
vn -0.3797 0.9227 0.0675
vn -0.1666 0.9843 0.0577
vn 0.0720 0.9950 0.0696
vn 0.5611 0.7692 -0.3059
vn -0.2645 0.9561 0.1258
vn 0.1600 0.9576 0.2394
vn -0.0932 0.9747 0.2033
vn -0.2627 0.9594 0.1027
vn 0.3819 0.8482 0.3670
vn -0.2270 0.9664 0.1207
vn 0.0410 0.9910 0.1273
vn -0.1452 0.9750 0.1679
vn 0.1737 0.9699 0.1704
vn 0.8999 0.2438 0.3615
vn 0.1310 0.9821 0.1351
vn -0.3138 0.9459 0.0823
vn 0.1096 0.9893 0.0959
vn -0.3170 0.9454 0.0758
vn -0.2679 0.9141 0.3044
vn -0.2513 0.9212 0.2970
vn 0.5393 0.8275 -0.1561
vn -0.0128 0.9874 0.1578
vn -0.1110 0.9863 0.1218
vn 0.2026 0.9414 0.2696
vn 0.3190 0.9421 0.1036
vn 0.7989 0.4048 0.4448
vn -0.1285 0.9891 0.0715
vn 0.0967 0.9871 0.1280
vn -0.1917 0.9773 0.0905
vn -0.0635 0.9904 0.1231
vn -0.1055 0.9897 0.0963
vn 0.1783 0.9753 0.1304
vn 0.1405 0.9832 0.1164
vn 0.8231 0.5113 -0.2470
vn 0.7010 0.6883 0.1864
vn 0.3819 0.9096 0.1638
vn 0.7020 0.4997 0.5074
vn 0.7246 0.6889 -0.0189
vn 0.7517 0.5809 0.3122
vn 0.9521 0.3033 0.0390
vn 0.9502 0.2766 0.1433
vn -0.0642 -0.9975 -0.0293
vn -0.0056 -0.9770 0.2129
vn -0.0738 -0.9834 -0.1655
vn -0.4100 -0.7285 0.5487
vn -0.1652 -0.9264 0.3383
vn 0.3964 -0.9163 -0.0568
vn 0.0095 -0.9877 -0.1562
vn -0.0082 -0.9937 -0.1117
vn -0.1186 -0.9856 0.1208
vn 0.0936 -0.9760 -0.1964
vn -0.0762 -0.9960 -0.0461
vn -0.1028 -0.9281 0.3580
vn -0.2535 -0.8546 0.4532
vn 0.0287 -0.9703 -0.2401
vn -0.0123 -0.9948 -0.1007
vn -0.0351 -0.9985 0.0419
vn -0.0781 -0.9142 0.3978
vn -0.0093 -0.9935 -0.1135
vn -0.0405 -0.9992 0.0012
vn 0.1084 -0.8457 -0.5225
vn -0.0634 -0.9975 -0.0312
vn -0.0469 -0.9823 0.1813
vn -0.0442 -0.9972 0.0600
vn 0.0434 -0.8771 0.4784
vn 0.0235 -0.9985 0.0500
vn -0.1008 -0.9937 0.0492
vn 0.0439 -0.9963 0.0738
vn 0.1277 -0.9571 0.2600
vn 0.0179 -0.9989 0.0432
vn 0.0219 -0.9962 -0.0838
vn -0.1021 -0.9147 -0.3909
vn -0.4600 -0.8679 -0.1872
vn 0.1194 -0.9875 -0.1032
vn -0.0192 -0.8413 0.5402
vn -0.0125 -0.9954 -0.0946
vn 0.0846 -0.9844 -0.1544
vn -0.0022 0.9816 -0.1910
vn 0.0288 0.9978 -0.0593
vn -0.0110 0.9955 0.0946
vn 0.0039 0.9983 0.0576
vn 0.0040 0.9791 -0.2032
vn 0.0230 0.9943 -0.1042
vn -0.0392 0.9687 -0.2451
vn 0.1158 0.9900 0.0803
vn -0.1693 0.9633 -0.2085
vn -0.0169 0.9997 0.0168
vn -0.1284 0.9917 0.0061
vn -0.1551 0.9830 -0.0980
vn -0.0954 0.9943 -0.0482
vn -0.2840 0.9285 -0.2391
vn -0.0001 0.9909 0.1344
vn -0.0675 0.9850 0.1588
vn -0.2304 0.9729 -0.0192
vn -0.1450 0.9871 0.0683
vn -0.2926 0.9495 -0.1136
vn -0.3957 0.8891 -0.2301
vn 0.0223 0.9981 0.0577
vn -0.5189 0.8176 -0.2495
vn -0.0716 0.9970 0.0292
vn -0.3858 0.9198 -0.0716
vn -0.2079 0.9746 0.0829
vn -0.2320 0.9661 0.1134
vn -0.0847 0.9906 0.1077
vn -0.0865 0.9890 0.1203
vn -0.1191 0.9902 0.0724
vn -0.9989 -0.0201 0.0413
vn -0.9712 -0.0859 0.2223
vn -0.9969 0.0136 0.0773
vn -0.9737 0.0437 0.2234
vn -0.9789 -0.0715 0.1912
vn -0.9776 0.0685 0.1991
vn -0.9932 -0.0979 0.0630
vn -0.8768 -0.4523 0.1634
vn -0.8404 -0.5409 -0.0337
vn -0.9321 0.0843 0.3523
vn -0.9535 0.1162 0.2781
vn -0.7516 0.4951 0.4359
vn -0.9544 -0.0373 0.2963
vn -0.8904 -0.1774 0.4192
vn -0.8994 0.1502 0.4104
vn -0.5610 -0.7798 0.2778
vn -0.9101 0.0637 0.4095
vn -0.9042 -0.1079 0.4133
vn -0.9023 -0.2003 0.3817
vn -0.8259 0.3107 0.4704
vn -0.3638 -0.9176 -0.1600
vn -0.6193 -0.7850 -0.0162
vn -0.5121 -0.8455 -0.1513
vn -0.6943 -0.6507 0.3075
vn -0.8267 -0.3332 0.4533
vn -0.4414 -0.8971 0.0168
vn -0.6016 -0.7752 0.1929
vn -0.8122 0.0985 0.5749
vn -0.2612 -0.9569 0.1271
vn -0.2742 -0.9389 0.2078
vn -0.4201 -0.8664 0.2700
vn -0.8568 -0.0495 0.5133
vn -0.8153 -0.4858 0.3153
vn -0.8433 -0.5164 0.1491
vn -0.7827 0.1438 0.6056
vn -0.4459 -0.8942 -0.0392
vn -0.9065 -0.2338 0.3515
vn -0.6703 -0.7415 -0.0276
vn -0.5394 0.7165 0.4423
vn -0.7364 -0.6640 0.1297
vn -0.5142 -0.8572 0.0304
vn -0.5804 -0.7875 0.2074
vn -0.6914 0.1527 0.7061
vn -0.8091 -0.1244 0.5743
vn -0.7301 0.1418 0.6685
vn -0.7375 -0.5075 0.4456
vn -0.7653 -0.0048 0.6436
vn -0.6537 0.4104 0.6359
vn -0.6941 0.1125 0.7111
vn -0.7106 -0.2451 0.6595
vn -0.4944 -0.8002 0.3394
vn -0.6851 -0.1371 0.7154
vn -0.3193 -0.9298 0.1831
vn -0.5540 0.3069 0.7739
vn -0.6472 0.0399 0.7613
vn -0.6418 -0.0853 0.7621
vn -0.6295 -0.4791 0.6117
vn -0.5785 0.2327 0.7818
vn -0.6080 0.0994 0.7877
vn -0.6140 -0.1771 0.7692
vn -0.5612 0.1103 0.8203
vn -0.5559 -0.0931 0.8260
vn -0.4211 -0.7377 0.5277
vn -0.5447 -0.0014 0.8386
vn -0.4540 -0.7504 0.4805
vn -0.6389 0.2208 0.7369
vn -0.5661 0.2401 0.7886
vn -0.6839 -0.0600 0.7272
vn -0.2869 -0.8897 0.3551
vn -0.5421 -0.2244 0.8098
vn -0.4886 -0.1468 0.8601
vn -0.6972 0.2375 0.6764
vn -0.3172 -0.7927 0.5205
vn -0.3627 -0.5329 0.7645
vn -0.4579 -0.1985 0.8665
vn -0.4799 -0.0622 0.8751
vn -0.5340 0.0405 0.8445
vn -0.1579 -0.9212 0.3555
vn -0.3741 -0.2162 0.9019
vn -0.6424 -0.0672 0.7634
vn -0.4098 0.2967 0.8626
vn -0.2765 -0.5225 0.8066
vn -0.3178 0.0767 0.9450
vn -0.3289 -0.0911 0.9400
vn -0.3151 -0.2839 0.9056
vn -0.1454 -0.8807 0.4508
vn -0.0979 0.3415 0.9348
vn -0.1844 -0.0036 0.9828
vn -0.3495 -0.6461 0.6785
vn -0.2000 -0.0731 0.9771
vn -0.0853 0.0252 0.9960
vn -0.9997 -0.0165 -0.0201
vn -0.9990 0.0191 0.0402
vn -0.9946 0.0281 -0.0997
vn -0.9825 0.0835 -0.1666
vn -0.9691 0.0280 -0.2452
vn -0.9904 0.1277 0.0536
vn -0.9845 0.0573 0.1658
vn -0.9934 -0.0405 -0.1071
vn -0.9585 0.0248 -0.2839
vn -0.9404 0.2314 0.2493
vn -0.6285 0.7541 0.1907
vn -0.9977 -0.0671 0.0137
vn -0.8698 -0.4852 -0.0891
vn -0.9832 0.1763 -0.0462
vn -0.9702 -0.0762 -0.2300
vn -0.8181 -0.5256 -0.2333
vn -0.6731 0.6130 0.4137
vn -0.8644 0.4915 -0.1058
vn -0.7839 -0.5406 -0.3054
vn -0.9473 -0.0909 -0.3071
vn -0.9348 0.1656 -0.3143
vn -0.9423 0.0799 -0.3250
vn -0.9100 0.0601 -0.4102
vn -0.9288 0.0418 -0.3683
vn -0.8836 -0.2724 -0.3810
vn -0.7492 0.6218 -0.2282
vn -0.8743 0.0345 -0.4842
vn -0.8876 0.1798 -0.4240
vn -0.9075 -0.0524 -0.4167
vn -0.8362 -0.2726 -0.4759
vn -0.5986 0.7575 -0.2605
vn -0.8297 0.0530 -0.5556
vn -0.8103 -0.0331 -0.5850
vn -0.4365 -0.6771 -0.5924
vn -0.8418 0.1306 -0.5237
vn -0.8078 0.0829 -0.5836
vn -0.6360 0.6900 -0.3456
vn -0.7202 0.0010 -0.6937
vn -0.8148 0.2188 -0.5368
vn -0.5953 -0.6945 -0.4040
vn -0.5457 -0.7875 -0.2866
vn -0.6948 -0.4666 -0.5473
vn -0.7579 0.0934 -0.6457
vn -0.7683 0.1779 -0.6149
vn -0.7516 -0.2214 -0.6213
vn -0.5614 0.6612 -0.4976
vn -0.3177 -0.8646 -0.3892
vn -0.6702 0.0860 -0.7372
vn -0.0812 -0.9828 -0.1661
vn -0.6922 0.1792 -0.6991
vn -0.5358 0.6471 -0.5423
vn -0.6902 -0.2634 -0.6740
vn -0.5803 0.1923 -0.7914
vn -0.4246 0.8135 -0.3975
vn -0.5917 0.0877 -0.8013
vn -0.6314 -0.0724 -0.7721
vn -0.1807 -0.9514 -0.2492
vn -0.5861 0.0291 -0.8097
vn -0.5249 0.1739 -0.8332
vn -0.3674 -0.7483 -0.5523
vn -0.3823 0.2073 -0.9005
vn -0.3725 0.5586 -0.7410
vn -0.4650 0.1569 -0.8713
vn -0.3041 -0.7500 -0.5873
vn -0.4931 -0.1424 -0.8583
vn -0.2985 0.3174 -0.9001
vn -0.2031 0.4132 -0.8877
vn -0.5086 0.1106 -0.8539
vn -0.4561 0.1900 -0.8694
vn -0.4063 0.0905 -0.9092
vn -0.2186 -0.8074 -0.5480
vn -0.2940 -0.5969 -0.7465
vn -0.3796 0.0535 -0.9236
vn -0.4115 -0.2232 -0.8837
vn -0.1432 -0.8466 -0.5126
vn -0.2758 0.8054 -0.5246
vn -0.3326 0.2522 -0.9087
vn -0.1976 0.8712 -0.4494
vn -0.3868 0.3014 -0.8715
vn -0.3173 0.3067 -0.8973
vn -0.3452 0.5478 -0.7621
vn -0.4109 0.1088 -0.9052
vn -0.4574 0.1975 -0.8670
vn -0.3261 0.2944 -0.8983
vn -0.3059 0.2681 -0.9135
vn -0.3023 0.1430 -0.9424
vn -0.4193 -0.2171 -0.8815
vn -0.3948 0.0520 -0.9173
vn -0.2952 -0.3838 -0.8750
vn -0.1839 0.3864 -0.9038
vn -0.3216 -0.6161 -0.7190
vn -0.2052 -0.6322 -0.7471
vn -0.1451 -0.8408 -0.5216
vn -0.2633 -0.1866 -0.9465
vn -0.1396 0.4694 -0.8719
vn -0.1984 0.3158 -0.9278
vn -0.2579 0.0835 -0.9625
vn -0.0646 -0.9414 -0.3310
vn 0.0583 0.5726 -0.8178
vn 0.1037 0.9248 -0.3661
vn -0.1710 -0.6143 -0.7703
vn -0.1962 0.0417 -0.9797
vn -0.2046 0.1565 -0.9663
vn -0.2725 0.4226 -0.8644
vn -0.0918 -0.8395 -0.5356
vn -0.1617 0.0803 -0.9836
vn -0.1793 0.5328 -0.8270
vn -0.1415 -0.3909 -0.9095
vn -0.0342 -0.9188 -0.3932
vn -0.0592 -0.6989 -0.7128
vn -0.4797 0.2965 -0.8258
vn -0.0934 0.1351 -0.9864
vn -0.0891 0.0527 -0.9946
vn -0.0238 -0.3932 -0.9191
vn -0.0536 0.2275 -0.9723
vn -0.3223 0.3439 -0.8820
vn -0.3020 0.1243 -0.9452
vn -0.0330 -0.7512 -0.6592
vn -0.1029 0.2860 -0.9527
vn -0.0363 -0.6167 -0.7864
vn -0.2419 0.5310 -0.8121
vn -0.0207 0.1486 -0.9887
vn -0.0804 0.1659 -0.9829
vn -0.0148 0.0230 -0.9996
vn 0.0476 -0.3170 -0.9472
vn 0.0071 0.3777 -0.9259
vn 0.0378 0.1380 -0.9897
vn -0.0229 -0.7416 -0.6705
vn 0.1340 0.2133 -0.9678
vn 0.1302 0.1994 -0.9712
vn 0.0340 0.2155 -0.9759
vn 0.0515 -0.7481 -0.6616
vn 0.1631 -0.0039 -0.9866
vn 0.1302 0.5011 -0.8556
vn 0.1955 -0.2188 -0.9560
vn 0.1334 0.1385 -0.9813
vn 0.2227 0.1093 -0.9687
vn 0.2036 -0.6644 -0.7191
vn 0.2086 0.0951 -0.9734
vn 0.1652 0.7003 -0.6945
vn 0.3627 -0.0336 -0.9313
vn 0.1760 0.2362 -0.9556
vn 0.2210 0.2113 -0.9521
vn 0.1993 0.2458 -0.9486
vn 0.2031 0.6574 -0.7256
vn 0.2017 -0.7390 -0.6428
vn 0.2877 0.1439 -0.9469
vn 0.3648 0.1209 -0.9232
vn 0.2916 0.2743 -0.9163
vn 0.2816 0.2327 -0.9309
vn 0.3100 0.2097 -0.9273
vn 0.2287 0.8400 -0.4920
vn 0.3344 -0.5373 -0.7743
vn 0.3832 0.2492 -0.8894
vn 0.3999 0.1448 -0.9050
vn 0.4494 -0.3340 -0.8286
vn 0.4195 0.2255 -0.8793
vn 0.3954 0.2535 -0.8828
vn 0.4307 -0.4608 -0.7760
vn 0.3996 -0.1925 -0.8962
vn 0.4628 0.1115 -0.8794
vn 0.1152 -0.6980 -0.7068
vn 0.4215 0.0474 -0.9056
vn 0.5030 0.2471 -0.8282
vn 0.3233 -0.3404 -0.8830
vn 0.4909 0.1819 -0.8520
vn 0.5366 0.2848 -0.7944
vn 0.2733 -0.6735 -0.6868
vn 0.3557 -0.6603 -0.6614
vn 0.3630 -0.3430 -0.8664
vn 0.5434 0.1813 -0.8196
vn 0.5507 0.0806 -0.8308
vn 0.5484 -0.0091 -0.8362
vn 0.5603 0.2138 -0.8002
vn 0.5700 0.1374 -0.8101
vn 0.5639 0.1686 -0.8085
vn 0.5266 -0.5144 -0.6768
vn 0.2167 -0.8821 -0.4181
vn 0.5764 0.2561 -0.7760
vn 0.5149 -0.5731 -0.6376
vn 0.6331 0.0145 -0.7739
vn 0.6220 0.1821 -0.7615
vn 0.6680 0.0695 -0.7409
vn 0.4766 -0.6320 -0.6111
vn 0.6264 0.1246 -0.7695
vn 0.6851 0.1679 -0.7088
vn 0.6609 0.2006 -0.7232
vn 0.6967 0.1372 -0.7041
vn 0.6912 -0.1094 -0.7143
vn 0.6296 -0.3950 -0.6690
vn 0.2052 0.9489 0.2399
vn 0.1452 0.9736 0.1759
vn 0.0504 0.9987 0.0016
vn 0.2085 0.9638 0.1659
vn 0.2094 0.9214 0.3275
vn 0.2003 0.9686 0.1471
vn 0.2260 0.8967 0.3806
vn 0.2353 0.9477 0.2158
vn 0.3163 0.8324 0.4550
vn 0.2919 0.8438 0.4504
vn 0.0269 0.9988 -0.0407
vn -0.0364 0.9982 -0.0484
vn 0.1976 0.9196 0.3397
vn -0.0215 0.7096 0.7042
vn -0.1598 0.9500 0.2683
vn -0.2337 0.8866 0.3992
vn -0.1529 0.6841 0.7132
vn -0.1017 0.6110 0.7851
vn -0.1902 0.9577 0.2161
vn -0.1814 0.8771 0.4447
vn -0.0958 0.7110 0.6967
vn -0.0979 0.9923 0.0764
vn -0.0995 0.9650 0.2426
vn -0.0949 0.9427 0.3199
vn -0.0636 0.9583 0.2787
vn -0.1491 0.7427 0.6528
vn 0.0113 0.9999 0.0114
vn 0.0015 0.9947 0.1028
vn -0.3238 0.0421 0.9452
vn 0.0342 0.9992 0.0186
vn -0.1702 -0.9139 0.3686
vn -0.0882 0.9531 0.2894
vn 0.2215 -0.8378 -0.4991
vn -0.1555 0.9031 0.4002
vn 0.1724 0.9839 -0.0475
vn -0.0648 0.9288 0.3648
vn -0.3421 0.6577 0.6711
vn -0.1723 0.8879 0.4264
vn -0.5148 0.4500 0.7297
vn 0.2722 0.9614 -0.0396
vn -0.2495 0.8428 0.4770
vn -0.5929 0.3659 0.7174
vn -0.5090 0.6572 0.5559
vn -0.4447 0.7211 0.5312
vn -0.4781 0.7015 0.5285
vn -0.2450 0.9216 0.3009
vn -0.3886 0.8280 0.4042
vn -0.3720 0.8946 0.2476
vn -0.8173 0.4228 0.3915
vn -0.0017 0.9979 0.0645
vn -0.3275 0.9323 0.1531
vn -0.0493 0.9909 0.1255
vn -0.0510 0.9959 -0.0752
vn 0.0256 0.9944 0.1026
vn -0.0173 0.9191 -0.3937
vn -0.0135 0.8277 -0.5610
vn -0.0861 0.9714 -0.2211
vn 0.0261 0.6350 -0.7721
vn -0.0950 0.9030 -0.4191
vn -0.1304 0.8521 -0.5069
vn -0.0210 0.9912 -0.1307
vn -0.0419 0.9852 -0.1659
vn -0.0371 0.9983 -0.0458
vn -0.0897 0.9654 -0.2449
vn -0.1274 0.9330 -0.3365
vn -0.1491 0.9572 -0.2481
vn -0.0258 0.9997 0.0055
vn -0.1991 0.9537 -0.2254
vn -0.1076 0.9939 -0.0246
vn -0.1498 0.9864 -0.0671
vn -0.2316 0.9583 -0.1674
vn -0.2662 0.9491 -0.1681
vn -0.1440 0.9888 0.0391
vn -0.1193 0.9911 0.0585
vn -0.2830 0.9539 -0.1001
vn -0.2661 0.9601 -0.0856
vn -0.2384 0.9671 -0.0882
vn -0.0047 0.9977 0.0678
vn -0.1476 0.9890 -0.0107
vn -0.2219 0.9750 0.0103
vn -0.1344 0.9843 0.1145
vn -0.1705 0.9787 0.1147
vn -0.2387 0.9616 0.1354
vn -0.2526 0.9612 0.1108
vn -0.3002 0.9500 0.0858
vn -0.3081 0.9479 0.0811
vn -0.2861 0.9532 0.0979
vn -0.8450 0.3713 0.3848
vn -0.2813 0.9361 0.2113
vn -0.9145 0.3598 0.1848
vn -0.3220 0.9445 0.0657
vn -0.1494 0.9868 0.0620
vn -0.3434 0.9373 0.0597
vn -0.1383 0.9718 0.1910
vn -0.4336 0.8964 0.0918
vn -0.2435 -0.4516 0.8584
vn -0.4236 -0.2002 0.8834
vn -0.4359 -0.6383 0.6345
vn -0.2540 -0.9672 -0.0071
vn -0.2583 -0.9057 0.3362
vn -0.2785 -0.0478 0.9592
vn -0.2013 -0.1259 0.9714
vn -0.1252 -0.0381 0.9914
vn -0.1514 0.1097 0.9824
vn -0.0133 -0.9014 0.4329
vn -0.2187 0.1566 0.9631
vn -0.1004 0.3032 0.9476
vn 0.0150 -0.5768 0.8168
vn -0.1785 0.2674 0.9469
vn -0.0820 -0.0054 0.9966
vn -0.0804 -0.3153 0.9456
vn -0.0368 -0.1598 0.9865
vn -0.1643 0.0864 0.9826
vn -0.3002 0.5142 0.8034
vn 0.0283 -0.9258 0.3769
vn 0.0489 -0.8133 0.5797
vn -0.2569 -0.0264 0.9661
vn 0.0202 -0.1008 0.9947
vn 0.0421 -0.2364 0.9707
vn 0.0469 -0.8761 0.4799
vn -0.1508 0.1226 0.9809
vn -0.0182 -0.0608 0.9980
vn 0.0842 -0.0920 0.9922
vn 0.0637 -0.4804 0.8747
vn 0.0281 -0.0503 0.9983
vn 0.0723 -0.8592 0.5065
vn 0.1338 -0.1851 0.9736
vn 0.0076 0.6260 0.7798
vn 0.1617 -0.1430 0.9764
vn 0.0823 -0.9764 0.1995
vn 0.1443 -0.0670 0.9873
vn 0.1703 -0.4905 0.8547
vn 0.1847 -0.0646 0.9807
vn 0.1570 -0.0554 0.9860
vn 0.1404 -0.8653 0.4811
vn 0.1686 0.5306 0.8307
vn 0.2144 -0.1011 0.9715
vn 0.2637 -0.0450 0.9635
vn 0.1592 -0.9295 0.3327
vn 0.2339 -0.0113 0.9722
vn 0.2628 -0.2200 0.9394
vn 0.2649 -0.6827 0.6810
vn 0.2973 -0.1815 0.9374
vn 0.2983 0.4755 0.8276
vn 0.2444 -0.9024 0.3549
vn 0.2939 -0.0469 0.9547
vn 0.3490 -0.9062 0.2387
vn 0.3603 -0.1321 0.9234
vn 0.4105 -0.0426 0.9109
vn 0.3686 -0.9012 0.2280
vn 0.4080 0.0270 0.9126
vn 0.4060 -0.6050 0.6849
vn 0.4517 -0.3187 0.8333
vn 0.4053 0.0079 0.9141
vn 0.4872 0.3167 0.8139
vn -0.1896 -0.6575 -0.7292
vn 0.3876 -0.0865 0.9178
vn 0.4493 -0.0131 0.8933
vn 0.4464 -0.2661 0.8543
vn 0.3618 -0.8044 0.4713
vn 0.4290 0.0898 0.8988
vn 0.3814 -0.0881 0.9202
vn 0.4799 -0.4827 0.7326
vn 0.4044 0.3532 0.8436
vn 0.4624 -0.0579 0.8848
vn 0.4675 -0.4367 0.7686
vn 0.3586 -0.3686 0.8576
vn -0.3575 -0.3663 -0.8591
vn 0.4944 -0.0166 0.8691
vn 0.5265 -0.2433 0.8146
vn 0.5585 -0.6105 0.5617
vn 0.5364 -0.1705 0.8266
vn 0.4664 0.2956 0.8337
vn -0.4257 -0.4084 -0.8074
vn 0.5883 -0.1349 0.7973
vn 0.6392 -0.3344 0.6925
vn 0.6070 -0.2974 0.7369
vn 0.5358 -0.0180 0.8442
vn 0.6005 -0.3833 0.7018
vn 0.5907 -0.0276 0.8064
vn 0.6146 0.0514 0.7871
vn 0.5400 -0.5377 0.6476
vn 0.6078 -0.0180 0.7939
vn 0.5491 -0.3647 0.7520
vn 0.4129 0.6250 0.6625
vn 0.5766 -0.3510 0.7378
vn 0.6278 0.0452 0.7771
vn 0.6166 -0.2859 0.7335
vn 0.6411 -0.0055 0.7675
vn 0.4753 0.3757 0.7955
vn 0.6239 -0.0655 0.7788
vn 0.4747 -0.6570 0.5857
vn 0.6281 -0.1327 0.7668
vn 0.6577 -0.3661 0.6583
vn 0.6979 -0.2127 0.6839
vn 0.6865 -0.3265 0.6497
vn 0.4900 -0.7567 0.4328
vn 0.7193 -0.0669 0.6915
vn 0.6609 -0.3416 0.6682
vn 0.5997 0.2395 0.7635
vn 0.6727 -0.0172 0.7397
vn 0.6957 0.0069 0.7183
vn 0.5593 -0.5829 0.5894
vn 0.6937 -0.0830 -0.7155
vn 0.5131 -0.5757 -0.6367
vn 0.5234 -0.5395 -0.6596
vn 0.6417 -0.0051 -0.7669
vn 0.7428 0.1747 -0.6463
vn 0.7178 0.1009 -0.6889
vn 0.7384 0.0501 -0.6725
vn 0.7477 0.1643 -0.6434
vn 0.7476 0.1491 -0.6471
vn 0.7564 0.1322 -0.6406
vn 0.7716 0.0885 -0.6299
vn 0.7374 -0.1790 0.6513
vn 0.6818 -0.2161 0.6989
vn 0.6236 -0.3056 0.7195
vn 0.7268 -0.0887 0.6811
vn 0.8065 -0.0092 0.5912
vn 0.7490 0.0130 0.6625
vn 0.7702 -0.0032 -0.6378
vn 0.6337 -0.3842 -0.6715
vn 0.6443 -0.4969 -0.5814
vn 0.8331 0.0206 0.5527
vn 0.6951 0.3172 0.6451
vn 0.7628 -0.0079 0.6466
vn 0.5102 0.7863 0.3485
vn 0.7895 0.1561 -0.5936
vn 0.7774 0.1786 -0.6032
vn 0.8126 0.0467 -0.5810
vn 0.4755 -0.6100 0.6339
vn 0.6853 -0.2591 0.6806
vn 0.5393 -0.4011 0.7405
vn 0.8025 0.1192 -0.5846
vn 0.7385 -0.2139 0.6394
vn 0.8154 0.2107 -0.5392
vn 0.8677 0.0410 0.4955
vn 0.8212 0.0928 -0.5630
vn 0.4802 -0.7048 0.5222
vn 0.8386 -0.0329 -0.5438
vn 0.6086 0.7411 -0.2836
vn 0.8139 -0.1000 0.5724
vn 0.6068 -0.6335 -0.4801
vn 0.8705 0.0035 -0.4921
vn 0.6887 -0.5359 0.4884
vn 0.8779 0.1136 0.4652
vn 0.8247 -0.1612 0.5420
vn 0.9155 0.1951 0.3519
vn 0.8566 0.0110 0.5158
vn 0.7561 -0.4592 -0.4663
vn 0.8313 -0.1736 0.5281
vn 0.8485 0.1557 -0.5058
vn 0.8452 0.1157 -0.5218
vn 0.8696 0.0618 -0.4899
vn 0.8784 -0.0802 0.4712
vn 0.6443 0.7224 -0.2509
vn 0.8720 0.1784 -0.4558
vn 0.8758 0.0795 -0.4762
vn 0.8996 0.0953 0.4262
vn 0.9048 -0.0388 -0.4241
vn 0.8990 0.1005 -0.4263
vn 0.9135 0.0171 -0.4064
vn 0.7695 0.4502 0.4530
vn 0.8971 0.0226 0.4412
vn 0.8884 0.1605 0.4301
vn 0.8833 -0.1926 0.4274
vn 0.9038 0.1343 -0.4063
vn 0.6811 -0.6782 0.2759
vn 0.9099 -0.1044 0.4014
vn 0.7786 -0.4802 -0.4039
vn 0.8535 0.4311 -0.2929
vn 0.9220 0.0470 -0.3843
vn 0.9151 0.0719 0.3967
vn 0.8618 0.0887 0.4994
vn 0.7199 0.4538 0.5251
vn 0.9266 -0.0289 0.3749
vn 0.9427 -0.1593 0.2932
vn 0.9295 0.0651 -0.3630
vn 0.9044 -0.2820 -0.3202
vn 0.9373 0.0663 0.3421
vn 0.9434 0.1742 -0.2821
vn 0.9482 0.0834 -0.3065
vn 0.9428 -0.0329 -0.3318
vn 0.6378 -0.7584 0.1341
vn 0.9381 0.0843 0.3359
vn 0.9548 0.0315 0.2956
vn 0.7745 0.5469 0.3180
vn 0.7607 0.6483 -0.0342
vn 0.9620 0.0027 -0.2729
vn 0.9569 0.0367 -0.2881
vn 0.9622 -0.0500 0.2678
vn 0.9706 -0.0646 -0.2317
vn 0.9750 0.0559 -0.2153
vn 0.8554 -0.5030 0.1233
vn 0.9812 0.1197 -0.1513
vn 0.9673 -0.0868 0.2383
vn 0.9810 -0.1226 0.1506
vn 0.7502 0.6319 0.1946
vn 0.8396 -0.4846 -0.2453
vn 0.9675 0.1019 0.2313
vn 0.9819 0.0044 0.1894
vn 0.9798 0.1207 0.1597
vn 0.9788 -0.1277 -0.1601
vn 0.8957 -0.4429 0.0401
vn 0.9365 0.3182 0.1472
vn 0.7838 -0.5990 -0.1639
vn 0.9836 0.0162 -0.1794
vn 0.9908 -0.0428 0.1286
vn 0.9766 0.0635 0.2057
vn 0.9949 0.0808 -0.0598
vn 0.9895 -0.0219 -0.1427
vn 0.9944 -0.0955 0.0443
vn 0.9925 0.1027 0.0666
vn 0.9443 0.3259 0.0458
vn 0.9931 -0.0977 -0.0654
vn 0.9829 0.1132 0.1454
vn 0.8848 -0.4617 -0.0637
vn 0.9981 0.0024 -0.0609
vn 0.9947 0.0507 -0.0894
vn 0.9994 -0.0330 -0.0061
vn 0.9969 0.0060 0.0780
vn 0.9941 0.0558 0.0925
vn 0.9994 0.0353 0.0025
vt 0.587636 0.213114
vt 0.576563 0.191974
vt 0.588801 0.203744
vt 0.598486 0.225377
vt 0.587540 0.230386
vt 0.604961 0.242607
vt 0.562841 0.170853
vt 0.573400 0.176437
vt 0.558075 0.158499
vt 0.581071 0.207618
vt 0.567526 0.202329
vt 0.557823 0.182498
vt 0.567396 0.186351
vt 0.556285 0.174253
vt 0.599378 0.249310
vt 0.611187 0.260254
vt 0.607238 0.262679
vt 0.549302 0.154091
vt 0.543255 0.142289
vt 0.596764 0.257631
vt 0.538071 0.143586
vt 0.540561 0.158984
vt 0.543863 0.172730
vt 0.616294 0.283543
vt 0.603235 0.265411
vt 0.586233 0.246390
vt 0.600197 0.277387
vt 0.526927 0.131607
vt 0.608435 0.284135
vt 0.528243 0.127097
vt 0.548253 0.193463
vt 0.563917 0.217852
vt 0.518336 0.156401
vt 0.574646 0.237700
vt 0.523277 0.142184
vt 0.539175 0.178190
vt 0.617280 0.303564
vt 0.613447 0.300651
vt 0.514569 0.140618
vt 0.591348 0.269843
vt 0.606051 0.296857
vt 0.513489 0.120896
vt 0.579807 0.262318
vt 0.501476 0.126917
vt 0.524009 0.173879
vt 0.610562 0.310040
vt 0.489607 0.125443
vt 0.553658 0.240385
vt 0.597257 0.297628
vt 0.508869 0.186413
vt 0.510448 0.147068
vt 0.604774 0.312942
vt 0.616886 0.344345
vt 0.490239 0.141068
vt 0.583971 0.295365
vt 0.489343 0.117634
vt 0.578734 0.287053
vt 0.507618 0.160985
vt 0.610769 0.328210
vt 0.513328 0.170851
vt 0.592058 0.322646
vt 0.495165 0.159292
vt 0.480270 0.129655
vt 0.606704 0.342093
vt 0.455979 0.108690
vt 0.467645 0.118384
vt 0.486309 0.151658
vt 0.562789 0.285476
vt 0.493693 0.169104
vt 0.596224 0.348841
vt 0.590141 0.339836
vt 0.463906 0.134474
vt 0.481668 0.191163
vt 0.527291 0.241112
vt 0.461554 0.123100
vt 0.574845 0.337207
vt 0.606962 0.360028
vt 0.450277 0.113374
vt 0.561554 0.313347
vt 0.463367 0.159155
vt 0.463497 0.146351
vt 0.604109 0.375143
vt 0.599365 0.373138
vt 0.432804 0.126118
vt 0.492415 0.209886
vt 0.548750 0.289618
vt 0.477171 0.168647
vt 0.444240 0.118304
vt 0.530136 0.271067
vt 0.519363 0.241470
vt 0.586404 0.362063
vt 0.425315 0.107910
vt 0.426131 0.101144
vt 0.446665 0.136822
vt 0.549633 0.325849
vt 0.473297 0.174165
vt 0.510007 0.240210
vt 0.587010 0.379974
vt 0.597441 0.396175
vt 0.461523 0.168151
vt 0.463031 0.174942
vt 0.542763 0.302016
vt 0.426290 0.145856
vt 0.577550 0.367292
vt 0.594054 0.389895
vt 0.534513 0.311549
vt 0.505161 0.253524
vt 0.498351 0.230316
vt 0.423381 0.114491
vt 0.546153 0.317306
vt 0.558429 0.376697
vt 0.481721 0.222416
vt 0.434123 0.165346
vt 0.401599 0.099826
vt 0.513617 0.301733
vt 0.576769 0.383284
vt 0.401878 0.105793
vt 0.582401 0.400018
vt 0.586403 0.409133
vt 0.489419 0.240439
vt 0.460108 0.196202
vt 0.567614 0.406901
vt 0.478201 0.236200
vt 0.447720 0.181422
vt 0.422684 0.175163
vt 0.404402 0.113131
vt 0.445482 0.200541
vt 0.491494 0.253755
vt 0.535623 0.387440
vt 0.460919 0.221404
vt 0.501063 0.275608
vt 0.386758 0.121879
vt 0.486579 0.258769
vt 0.586135 0.421039
vt 0.520839 0.333049
vt 0.385639 0.103658
vt 0.530306 0.340953
vt 0.466302 0.242713
vt 0.492911 0.277603
vt 0.499006 0.282014
vt 0.435796 0.182278
vt 0.500262 0.294760
vt 0.479816 0.260829
vt 0.570942 0.429262
vt 0.484665 0.275030
vt 0.494097 0.294772
vt 0.513331 0.331744
vt 0.373676 0.099436
vt 0.434491 0.206658
vt 0.386140 0.113510
vt 0.412517 0.185867
vt 0.441963 0.229856
vt 0.460595 0.246771
vt 0.371335 0.166408
vt 0.444313 0.221524
vt 0.485093 0.286277
vt 0.469538 0.260233
vt 0.503627 0.315665
vt 0.437743 0.214704
vt 0.523690 0.356917
vt 0.418933 0.195336
vt 0.574726 0.441155
vt 0.476591 0.272745
vt 0.497545 0.318371
vt 0.490309 0.301549
vt 0.467244 0.264139
vt 0.476505 0.284407
vt 0.470528 0.275310
vt 0.370074 0.108949
vt 0.483124 0.294075
vt 0.441288 0.236850
vt 0.368236 0.131097
vt 0.453594 0.249349
vt 0.458881 0.263168
vt 0.516785 0.354752
vt 0.503062 0.337995
vt 0.485364 0.309599
vt 0.508976 0.346994
vt 0.356251 0.148550
vt 0.479658 0.303238
vt 0.469039 0.281249
vt 0.491246 0.321150
vt 0.519289 0.378618
vt 0.474813 0.295328
vt 0.413712 0.208034
vt 0.398490 0.203019
vt 0.553429 0.437122
vt 0.421510 0.218198
vt 0.441583 0.247274
vt 0.460572 0.278489
vt 0.376513 0.180467
vt 0.469125 0.293208
vt 0.544567 0.411559
vt 0.435784 0.240445
vt 0.348546 0.101857
vt 0.477237 0.316369
vt 0.489748 0.338042
vt 0.514414 0.369080
vt 0.449084 0.262522
vt 0.463983 0.302440
vt 0.494699 0.341831
vt 0.426108 0.232729
vt 0.555328 0.447642
vt 0.481730 0.325570
vt 0.506993 0.376226
vt 0.547953 0.426216
vt 0.428103 0.242410
vt 0.438502 0.250904
vt 0.471844 0.308754
vt 0.499461 0.361031
vt 0.520374 0.395445
vt 0.563060 0.456452
vt 0.354037 0.116896
vt 0.455379 0.283725
vt 0.359408 0.124119
vt 0.409789 0.223052
vt 0.436150 0.264473
vt 0.484068 0.338533
vt 0.347084 0.106121
vt 0.433487 0.254059
vt 0.339222 0.113446
vt 0.495249 0.352801
vt 0.448929 0.281804
vt 0.396063 0.191066
vt 0.425659 0.246509
vt 0.460653 0.301443
vt 0.468855 0.324349
vt 0.473862 0.330377
vt 0.518874 0.408477
vt 0.485815 0.355530
vt 0.510312 0.399128
vt 0.520486 0.422666
vt 0.416618 0.236553
vt 0.466048 0.316549
vt 0.351281 0.138404
vt 0.411652 0.227789
vt 0.455013 0.296416
vt 0.488692 0.372206
vt 0.535649 0.428167
vt 0.422081 0.249126
vt 0.489283 0.360160
vt 0.540449 0.454027
vt 0.397976 0.212190
vt 0.446233 0.284524
vt 0.456858 0.310587
vt 0.510835 0.389485
vt 0.539340 0.442396
vt 0.476260 0.342824
vt 0.385301 0.198098
vt 0.548704 0.466894
vt 0.342196 0.123397
vt 0.414890 0.242193
vt 0.450208 0.301164
vt 0.373560 0.192202
vt 0.439680 0.281036
vt 0.536162 0.436391
vt 0.467849 0.342904
vt 0.424020 0.267204
vt 0.419645 0.254284
vt 0.492202 0.379524
vt 0.346577 0.129993
vt 0.439492 0.290792
vt 0.456824 0.320411
vt 0.459362 0.329198
vt 0.435626 0.280804
vt 0.525262 0.435355
vt 0.553647 0.470489
vt 0.464795 0.339137
vt 0.497840 0.382216
vt 0.499609 0.395616
vt 0.510683 0.406725
vt 0.445790 0.307065
vt 0.389530 0.227547
vt 0.476588 0.361539
vt 0.400831 0.237219
vt 0.409150 0.244275
vt 0.451251 0.316642
vt 0.400152 0.232175
vt 0.501103 0.402829
vt 0.441001 0.298072
vt 0.328907 0.110649
vt 0.513940 0.421600
vt 0.432617 0.290711
vt 0.470711 0.355603
vt 0.541865 0.462865
vt 0.426478 0.281003
vt 0.451880 0.324496
vt 0.528951 0.447742
vt 0.436641 0.298335
vt 0.476023 0.369870
vt 0.479137 0.372307
vt 0.403262 0.255173
vt 0.402680 0.250987
vt 0.330951 0.129637
vt 0.439756 0.311847
vt 0.459663 0.341576
vt 0.380893 0.222210
vt 0.419516 0.272680
vt 0.334311 0.165257
vt 0.328096 0.143973
vt 0.480832 0.377528
vt 0.449912 0.339123
vt 0.419828 0.282681
vt 0.447131 0.322476
vt 0.666065 0.147960
vt 0.680909 0.147633
vt 0.680879 0.151921
vt 0.541062 0.481928
vt 0.368597 0.215857
vt 0.398153 0.247047
vt 0.433640 0.302617
vt 0.525864 0.458413
vt 0.421576 0.287069
vt 0.725795 0.064168
vt 0.733887 0.058797
vt 0.740973 0.070071
vt 0.506774 0.417580
vt 0.504524 0.425864
vt 0.734842 0.082587
vt 0.493120 0.396679
vt 0.391211 0.243360
vt 0.499937 0.417699
vt 0.441886 0.319319
vt 0.484512 0.401437
vt 0.370693 0.208166
vt 0.381971 0.239250
vt 0.459377 0.350073
vt 0.483967 0.391029
vt 0.527143 0.467683
vt 0.431537 0.305708
vt 0.426143 0.301353
vt 0.459200 0.358322
vt 0.474994 0.389474
vt 0.487931 0.410911
vt 0.420043 0.296346
vt 0.446158 0.333981
vt 0.501462 0.436298
vt 0.408542 0.279267
vt 0.360261 0.202832
vt 0.314790 0.120980
vt 0.319681 0.139890
vt 0.347281 0.176847
vt 0.494659 0.414680
vt 0.451994 0.356270
vt 0.461362 0.368825
vt 0.515543 0.453731
vt 0.322083 0.125863
vt 0.527587 0.478366
vt 0.433693 0.315844
vt 0.436663 0.330999
vt 0.450432 0.349258
vt 0.514338 0.462580
vt 0.462849 0.377887
vt 0.342012 0.188279
vt 0.394732 0.261256
vt 0.429301 0.311055
vt 0.662091 0.141088
vt 0.472145 0.383781
vt 0.507556 0.453504
vt 0.308330 0.118835
vt 0.723976 0.040789
vt 0.718347 0.032892
vt 0.736114 0.035352
vt 0.734615 0.053563
vt 0.720115 0.050357
vt 0.496824 0.427578
vt 0.737440 0.092511
vt 0.736149 0.101349
vt 0.720962 0.099889
vt 0.425000 0.309609
vt 0.430252 0.323279
vt 0.383266 0.250423
vt 0.726062 0.111411
vt 0.383198 0.254716
vt 0.438865 0.341829
vt 0.481169 0.425385
vt 0.443159 0.352254
vt 0.436589 0.352503
vt 0.473085 0.402318
vt 0.320190 0.157533
vt 0.327663 0.160808
vt 0.369413 0.233571
vt 0.651549 0.142053
vt 0.309234 0.137921
vt 0.421393 0.314783
vt 0.460927 0.388896
vt 0.477310 0.404946
vt 0.520857 0.490437
vt 0.352662 0.197650
vt 0.375234 0.247023
vt 0.439651 0.371618
vt 0.511232 0.472368
vt 0.488236 0.429254
vt 0.306078 0.134128
vt 0.495540 0.450550
vt 0.339208 0.197853
vt 0.357235 0.229810
vt 0.514547 0.479843
vt 0.489811 0.439116
vt 0.446638 0.380124
vt 0.460408 0.397491
vt 0.425846 0.339992
vt 0.527878 0.494055
vt 0.361053 0.241961
vt 0.453830 0.378940
vt 0.644715 0.144757
vt 0.716057 0.085329
vt 0.712393 0.084543
vt 0.712917 0.071119
vt 0.436959 0.362159
vt 0.696436 0.052975
vt 0.380176 0.261773
vt 0.351219 0.214965
vt 0.362328 0.247313
vt 0.709170 0.079913
vt 0.504385 0.465711
vt 0.301406 0.128665
vt 0.706476 0.094532
vt 0.426257 0.350149
vt 0.465080 0.400900
vt 0.492183 0.460023
vt 0.645188 0.137411
vt 0.707852 0.072117
vt 0.371846 0.254149
vt 0.680230 0.035415
vt 0.479273 0.438462
vt 0.327466 0.182923
vt 0.308087 0.153804
vt 0.467284 0.417330
vt 0.701412 0.062927
vt 0.430728 0.360935
vt 0.471838 0.424251
vt 0.335598 0.206817
vt 0.342343 0.213122
vt 0.697762 0.075134
vt 0.701949 0.105181
vt 0.708782 0.107987
vt 0.436046 0.368273
vt 0.702465 0.089768
vt 0.503805 0.495583
vt 0.371275 0.260301
vt 0.711192 0.115788
vt 0.359957 0.255083
vt 0.483065 0.453594
vt 0.496711 0.466293
vt 0.464237 0.411669
vt 0.452582 0.410281
vt 0.444216 0.389059
vt 0.308028 0.176074
vt 0.633933 0.138439
vt 0.497833 0.476596
vt 0.334818 0.227256
vt 0.369099 0.265695
vt 0.312710 0.182985
vt 0.295833 0.153124
vt 0.697413 0.066247
vt 0.690347 0.104122
vt 0.289530 0.128686
vt 0.447372 0.394022
vt 0.414782 0.349552
vt 0.498661 0.489427
vt 0.691928 0.088447
vt 0.287015 0.137228
vt 0.432277 0.381622
vt 0.697328 0.096695
vt 0.476899 0.447644
vt 0.318188 0.201111
vt 0.497962 0.482236
vt 0.512104 0.505861
vt 0.443510 0.401856
vt 0.488196 0.477519
vt 0.418453 0.360023
vt 0.301426 0.168716
vt 0.625781 0.143525
vt 0.361100 0.266089
vt 0.357364 0.262680
vt 0.453467 0.419764
vt 0.507064 0.504642
vt 0.685914 0.086544
vt 0.345032 0.254720
vt 0.422770 0.372914
vt 0.464771 0.438256
vt 0.287814 0.146897
vt 0.484468 0.471598
vt 0.310029 0.216280
vt 0.687606 0.114065
vt 0.684020 0.063399
vt 0.684345 0.099195
vt 0.420274 0.363953
vt 0.418286 0.369470
vt 0.475205 0.464519
vt 0.638468 0.133482
vt 0.624045 0.137060
vt 0.431384 0.394295
vt 0.445560 0.409078
vt 0.275186 0.138943
vt 0.342017 0.243708
vt 0.360429 0.271634
vt 0.312408 0.230806
vt 0.328909 0.244942
vt 0.666390 0.069808
vt 0.293377 0.163628
vt 0.311052 0.194709
vt 0.681712 0.078134
vt 0.466017 0.448597
vt 0.695900 0.120431
vt 0.449812 0.429312
vt 0.423256 0.380113
vt 0.350486 0.272071
vt 0.664942 0.052939
vt 0.683482 0.091606
vt 0.466794 0.456817
vt 0.435755 0.400536
vt 0.348045 0.258724
vt 0.449547 0.439227
vt 0.404864 0.359860
vt 0.613099 0.140646
vt 0.480066 0.488407
vt 0.288560 0.176569
vt 0.670492 0.091093
vt 0.680398 0.093934
vt 0.415613 0.379459
vt 0.426009 0.416388
vt 0.490702 0.512340
vt 0.495484 0.516079
vt 0.295346 0.193370
vt 0.436726 0.419085
vt 0.271976 0.146819
vt 0.341390 0.271775
vt 0.481608 0.494022
vt 0.670525 0.053559
vt 0.685053 0.085891
vt 0.420137 0.389634
vt 0.469355 0.482986
vt 0.272719 0.154384
vt 0.487382 0.505205
vt 0.330279 0.257716
vt 0.408973 0.368901
vt 0.447801 0.445591
vt 0.612195 0.136648
vt 0.675979 0.118391
vt 0.262466 0.137262
vt 0.291237 0.119370
vt 0.280633 0.128992
vt 0.274174 0.163697
vt 0.409296 0.376100
vt 0.626854 0.185475
vt 0.656360 0.186061
vt 0.632501 0.183884
vt 0.602715 0.146780
vt 0.460821 0.478202
vt 0.334529 0.266974
vt 0.277041 0.174695
vt 0.346040 0.284452
vt 0.659922 0.036079
vt 0.656357 0.044571
vt 0.418336 0.406224
vt 0.262074 0.143139
vt 0.313570 0.242310
vt 0.398881 0.367420
vt 0.328656 0.252255
vt 0.478932 0.501731
vt 0.397366 0.354809
vt 0.416683 0.399360
vt 0.409578 0.385015
vt 0.427101 0.408269
vt 0.450975 0.457587
vt 0.601586 0.142252
vt 0.431856 0.426702
vt 0.403930 0.373621
vt 0.453558 0.473146
vt 0.282186 0.191752
vt 0.669110 0.105685
vt 0.453827 0.465950
vt 0.280688 0.223909
vt 0.401893 0.382121
vt 0.672168 0.112707
vt 0.391478 0.360832
vt 0.339749 0.282225
vt 0.403371 0.393201
vt 0.259487 0.152327
vt 0.422244 0.438375
vt 0.390344 0.372640
vt 0.299004 0.230634
vt 0.467478 0.517507
vt 0.463755 0.495852
vt 0.461744 0.502927
vt 0.395982 0.377928
vt 0.256490 0.167662
vt 0.322855 0.285246
vt 0.413909 0.412758
vt 0.417836 0.424202
vt 0.663046 0.115333
vt 0.385622 0.357212
vt 0.424381 0.449570
vt 0.661652 0.105039
vt 0.589524 0.150107
vt 0.649411 0.059641
vt 0.316744 0.266942
vt 0.644608 0.041436
vt 0.654085 0.031615
vt 0.466399 0.510152
vt 0.472472 0.526760
vt 0.269595 0.195130
vt 0.266352 0.212807
vt 0.318248 0.273160
vt 0.392280 0.387948
vt 0.440185 0.464383
vt 0.327516 0.289716
vt 0.651818 0.073064
vt 0.642594 0.036781
vt 0.412883 0.433507
vt 0.431740 0.459316
vt 0.384156 0.367172
vt 0.397562 0.406938
vt 0.263445 0.188980
vt 0.334886 0.303789
vt 0.394291 0.401701
vt 0.656017 0.092529
vt 0.248354 0.150155
vt 0.653944 0.103895
vt 0.441440 0.490050
vt 0.331570 0.296287
vt 0.443699 0.482728
vt 0.452545 0.494334
vt 0.247962 0.156435
vt 0.255643 0.181834
vt 0.407989 0.421082
vt 0.383357 0.383054
vt 0.375347 0.369586
vt 0.373598 0.358595
vt 0.380037 0.378095
vt 0.306461 0.264603
vt 0.640521 0.061164
vt 0.649590 0.088130
vt 0.434390 0.471570
vt 0.387781 0.394806
vt 0.635938 0.054480
vt 0.245454 0.164582
vt 0.650955 0.110080
vt 0.301178 0.260860
vt 0.425258 0.465230
vt 0.272918 0.252617
vt 0.644651 0.100190
vt 0.366144 0.361119
vt 0.398657 0.413462
vt 0.640461 0.075948
vt 0.447285 0.500891
vt 0.283453 0.263115
vt 0.632805 0.048108
vt 0.237714 0.161513
vt 0.641517 0.087846
vt 0.635414 0.036137
vt 0.413873 0.456859
vt 0.396610 0.423358
vt 0.433201 0.478035
vt 0.364198 0.353195
vt 0.378354 0.389024
vt 0.243973 0.174931
vt 0.327291 0.308878
vt 0.450093 0.531512
vt 0.434102 0.498178
vt 0.309759 0.289687
vt 0.447057 0.516317
vt 0.293538 0.261690
vt 0.321722 0.308722
vt 0.316208 0.305304
vt 0.626365 0.059352
vt 0.365037 0.365172
vt 0.251902 0.206534
vt 0.625711 0.048630
vt 0.426120 0.485784
vt 0.329895 0.318108
vt 0.383998 0.412951
vt 0.386222 0.437442
vt 0.416866 0.473054
vt 0.235686 0.169806
vt 0.241004 0.189449
vt 0.369224 0.379459
vt 0.630771 0.072940
vt 0.364295 0.373756
vt 0.375469 0.403904
vt 0.635834 0.091754
vt 0.440595 0.525374
vt 0.305882 0.285625
vt 0.357395 0.366045
vt 0.377519 0.399676
vt 0.353373 0.350635
vt 0.234407 0.178144
vt 0.386842 0.449517
vt 0.438838 0.508931
vt 0.242300 0.200932
vt 0.362101 0.383512
vt 0.416681 0.479352
vt 0.425377 0.504533
vt 0.354045 0.359905
vt 0.310642 0.304999
vt 0.387355 0.428030
vt 0.627116 0.083847
vt 0.367990 0.392375
vt 0.229790 0.197530
vt 0.291056 0.280487
vt 0.295956 0.287819
vt 0.320552 0.323274
vt 0.283519 0.281741
vt 0.621327 0.070076
vt 0.344067 0.346266
vt 0.341714 0.349653
vt 0.379504 0.419825
vt 0.406041 0.464905
vt 0.323913 0.327665
vt 0.355701 0.375999
vt 0.413976 0.494221
vt 0.351719 0.367868
vt 0.393700 0.457862
vt 0.301514 0.304896
vt 0.427749 0.521326
vt 0.328669 0.333729
vt 0.617927 0.063342
vt 0.344162 0.357579
vt 0.368088 0.412391
vt 0.405953 0.485859
vt 0.224038 0.177672
vt 0.334453 0.337575
vt 0.360368 0.394589
vt 0.334433 0.347657
vt 0.314367 0.335332
vt 0.353689 0.386520
vt 0.327076 0.344420
vt 0.420408 0.513778
vt 0.224826 0.184202
vt 0.361341 0.403391
vt 0.394949 0.471149
vt 0.343400 0.366570
vt 0.311559 0.325630
vt 0.322438 0.340514
vt 0.339980 0.357922
vt 0.261270 0.292724
vt 0.369253 0.424280
vt 0.236221 0.224037
vt 0.303220 0.316641
vt 0.332509 0.352508
vt 0.247111 0.225891
vt 0.369426 0.430672
vt 0.424053 0.534753
vt 0.221681 0.197103
vt 0.391231 0.463263
vt 0.344041 0.375257
vt 0.292979 0.310952
vt 0.318352 0.338456
vt 0.255313 0.255825
vt 0.398561 0.478345
vt 0.404950 0.502848
vt 0.253090 0.245375
vt 0.246982 0.241767
vt 0.334244 0.362005
vt 0.346198 0.390048
vt 0.327235 0.358467
vt 0.358384 0.415678
vt 0.305708 0.333412
vt 0.336862 0.376150
vt 0.404001 0.510137
vt 0.348477 0.387869
vt 0.230497 0.213201
vt 0.348395 0.403160
vt 0.415412 0.529213
vt 0.320449 0.350396
vt 0.411946 0.520997
vt 0.427561 0.541667
vt 0.281754 0.305183
vt 0.369530 0.445490
vt 0.376375 0.467415
vt 0.343248 0.393968
vt 0.298520 0.322850
vt 0.211425 0.196025
vt 0.354371 0.434084
vt 0.319114 0.358446
vt 0.326437 0.365931
vt 0.367940 0.460134
vt 0.340109 0.405206
vt 0.390703 0.492877
vt 0.328164 0.376777
vt 0.238383 0.243883
vt 0.233989 0.240575
vt 0.270793 0.302299
vt 0.292872 0.332441
vt 0.311149 0.369288
vt 0.215796 0.198027
vt 0.331419 0.389213
vt 0.301773 0.343643
vt 0.348727 0.423690
vt 0.379830 0.482680
vt 0.380873 0.476889
vt 0.387610 0.503018
vt 0.217103 0.219566
vt 0.406501 0.525887
vt 0.284353 0.322285
vt 0.356624 0.453020
vt 0.271402 0.318979
vt 0.219560 0.235342
vt 0.241607 0.265377
vt 0.351834 0.440911
vt 0.207045 0.210634
vt 0.389039 0.515952
vt 0.392257 0.523892
vt 0.398973 0.536927
vt 0.245435 0.271874
vt 0.225950 0.242366
vt 0.238065 0.258973
vt 0.322675 0.388938
vt 0.210284 0.212958
vt 0.328419 0.402605
vt 0.334638 0.417356
vt 0.278208 0.330899
vt 0.365535 0.472518
vt 0.373939 0.493230
vt 0.402943 0.542052
vt 0.290575 0.353484
vt 0.247253 0.288851
vt 0.335966 0.426464
vt 0.313032 0.388849
vt 0.196344 0.222198
vt 0.231349 0.262441
vt 0.300074 0.366907
vt 0.283745 0.341551
vt 0.363572 0.479019
vt 0.390627 0.529284
vt 0.338026 0.435370
vt 0.339901 0.444218
vt 0.221766 0.261300
vt 0.202989 0.234036
vt 0.217343 0.250174
vt 0.320706 0.417786
vt 0.348652 0.463407
vt 0.367028 0.508994
vt 0.239671 0.287996
vt 0.318806 0.406039
vt 0.351656 0.472321
vt 0.263238 0.325355
vt 0.341609 0.451875
vt 0.199952 0.228565
vt 0.292784 0.368608
vt 0.303847 0.387062
vt 0.352360 0.484303
vt 0.210420 0.238580
vt 0.371116 0.520561
vt 0.283217 0.356551
vt 0.365736 0.500190
vt 0.272797 0.345734
vt 0.232012 0.284798
vt 0.322628 0.426473
vt 0.308950 0.403019
vt 0.246044 0.308363
vt 0.321048 0.433824
vt 0.381373 0.541540
vt 0.203330 0.251658
vt 0.326894 0.443588
vt 0.351881 0.495786
vt 0.288408 0.374110
vt 0.208105 0.256343
vt 0.236723 0.307595
vt 0.249540 0.326084
vt 0.295752 0.389158
vt 0.365016 0.527295
vt 0.379833 0.536650
vt 0.256908 0.331004
vt 0.330162 0.455473
vt 0.277844 0.364551
vt 0.224648 0.288014
vt 0.216624 0.280423
vt 0.338717 0.465346
vt 0.333434 0.471424
vt 0.210052 0.266223
vt 0.298079 0.400662
vt 0.310047 0.414973
vt 0.260384 0.347915
vt 0.268540 0.359687
vt 0.301638 0.415080
vt 0.193940 0.242182
vt 0.282244 0.387026
vt 0.286942 0.384054
vt 0.312433 0.443887
vt 0.240622 0.323087
vt 0.323778 0.459750
vt 0.192205 0.260452
vt 0.309391 0.434105
vt 0.252743 0.350483
vt 0.324370 0.476689
vt 0.222986 0.308303
vt 0.269693 0.382382
vt 0.334807 0.486272
vt 0.346596 0.514374
vt 0.338256 0.500886
vt 0.184926 0.252890
vt 0.229786 0.316884
vt 0.296417 0.420789
vt 0.360107 0.537981
vt 0.214536 0.301223
vt 0.282211 0.401957
vt 0.308157 0.450005
vt 0.200749 0.275847
vt 0.193799 0.272759
vt 0.261881 0.365565
vt 0.331351 0.490131
vt 0.314962 0.465187
vt 0.187813 0.256861
vt 0.204299 0.293360
vt 0.242161 0.341951
vt 0.235771 0.335582
vt 0.297095 0.435120
vt 0.258225 0.377736
vt 0.347028 0.530258
vt 0.280763 0.417187
vt 0.265754 0.394876
vt 0.331432 0.516815
vt 0.331774 0.506080
vt 0.219937 0.321987
vt 0.246019 0.360074
vt 0.237343 0.351665
vt 0.291449 0.436947
vt 0.300854 0.451852
vt 0.251139 0.374958
vt 0.227667 0.339902
vt 0.306915 0.478395
vt 0.275244 0.436488
vt 0.309413 0.486534
vt 0.212563 0.325843
vt 0.183566 0.277053
vt 0.243822 0.375928
vt 0.340633 0.534943
vt 0.302275 0.463366
vt 0.180427 0.270723
vt 0.324234 0.521976
vt 0.302190 0.470122
vt 0.266218 0.404694
vt 0.276024 0.424906
vt 0.322093 0.508669
vt 0.194886 0.297360
vt 0.185993 0.287060
vt 0.257380 0.395586
vt 0.231348 0.363363
vt 0.317632 0.499867
vt 0.202692 0.313064
vt 0.266431 0.414641
vt 0.326358 0.528740
vt 0.219405 0.343251
vt 0.284083 0.455365
vt 0.244247 0.393696
vt 0.177916 0.286620
vt 0.289374 0.475975
vt 0.197026 0.319884
vt 0.223332 0.361106
vt 0.305367 0.507198
vt 0.253026 0.410462
vt 0.236544 0.381788
vt 0.206201 0.337972
vt 0.287043 0.465141
vt 0.299139 0.490717
vt 0.324789 0.537097
vt 0.320733 0.531474
vt 0.185937 0.322785
vt 0.303793 0.499813
vt 0.215075 0.356907
vt 0.179613 0.296131
vt 0.212672 0.340888
vt 0.262370 0.438295
vt 0.276085 0.464422
vt 0.236652 0.400603
vt 0.249818 0.421003
vt 0.200897 0.340238
vt 0.183082 0.307780
vt 0.271206 0.451437
vt 0.308615 0.519708
vt 0.227039 0.377684
vt 0.220210 0.375755
vt 0.284764 0.479802
vt 0.195465 0.338470
vt 0.175478 0.304576
vt 0.286066 0.492353
vt 0.306161 0.530160
vt 0.178917 0.312370
vt 0.223309 0.391229
vt 0.265577 0.454002
vt 0.300001 0.522026
vt 0.252258 0.440217
vt 0.188434 0.338873
vt 0.205662 0.360762
vt 0.240282 0.425616
vt 0.268386 0.473275
vt 0.259671 0.458909
vt 0.285123 0.503614
vt 0.200010 0.361567
vt 0.211877 0.383404
vt 0.193072 0.364214
vt 0.175150 0.323968
vt 0.179317 0.335986
vt 0.290722 0.512191
vt 0.229033 0.410776
vt 0.269976 0.482582
vt 0.202341 0.379591
vt 0.218787 0.402570
vt 0.292821 0.523413
vt 0.242860 0.443025
vt 0.184924 0.348080
vt 0.174728 0.342311
vt 0.275818 0.508865
vt 0.247651 0.455390
vt 0.261594 0.484365
vt 0.272269 0.501243
vt 0.278646 0.515737
vt 0.254246 0.467014
vt 0.209234 0.395244
vt 0.228813 0.422711
vt 0.217665 0.412739
vt 0.233491 0.439171
vt 0.181504 0.359235
vt 0.203992 0.399579
vt 0.242582 0.466746
vt 0.195079 0.392889
vt 0.187697 0.372051
vt 0.238071 0.452147
vt 0.211773 0.418640
vt 0.225048 0.429388
vt 0.221425 0.437272
vt 0.260026 0.497575
vt 0.178276 0.366941
vt 0.256053 0.488493
vt 0.184156 0.378041
vt 0.262166 0.504460
vt 0.244899 0.483934
vt 0.241079 0.474279
vt 0.189752 0.396151
vt 0.227912 0.456364
vt 0.247775 0.493338
vt 0.181803 0.384310
vt 0.200780 0.412654
vt 0.229712 0.467025
vt 0.196911 0.414898
vt 0.211664 0.432909
vt 0.233358 0.477891
vt 0.188103 0.404276
vt 0.204595 0.429854
vt 0.216195 0.448116
vt 0.217810 0.458814
vt 0.205898 0.441864
vt 0.196526 0.424523
vt 0.348258 0.540965
vt 0.339688 0.549169
vt 0.314859 0.550712
vt 0.325158 0.557365
vt 0.617761 0.154073
vt 0.598022 0.150940
vt 0.634923 0.145332
vt 0.278360 0.565514
vt 0.295407 0.570969
vt 0.272887 0.574988
vt 0.368761 0.543927
vt 0.250591 0.584574
vt 0.260556 0.584812
vt 0.363678 0.550309
vt 0.326036 0.565169
vt 0.238178 0.598588
vt 0.346307 0.555786
vt 0.644908 0.154613
vt 0.346567 0.562927
vt 0.360805 0.552913
vt 0.360694 0.557070
vt 0.378752 0.550290
vt 0.270490 0.588173
vt 0.284021 0.581545
vt 0.376373 0.553089
vt 0.671816 0.150982
vt 0.301954 0.577699
vt 0.249920 0.602115
vt 0.308417 0.578349
vt 0.335318 0.570875
vt 0.397051 0.545287
vt 0.375127 0.560036
vt 0.288761 0.586380
vt 0.280950 0.589091
vt 0.258498 0.599047
vt 0.399274 0.553827
vt 0.362746 0.564773
vt 0.306800 0.588061
vt 0.271533 0.597651
vt 0.267718 0.597647
vt 0.223586 0.626540
vt 0.217580 0.616094
vt 0.425201 0.542494
vt 0.421052 0.551377
vt 0.347807 0.580574
vt 0.384198 0.564256
vt 0.273698 0.603138
vt 0.259167 0.606239
vt 0.442052 0.550725
vt 0.246587 0.613802
vt 0.399890 0.562251
vt 0.250366 0.623628
vt 0.310538 0.595057
vt 0.260359 0.615968
vt 0.427453 0.557698
vt 0.412455 0.558547
vt 0.202313 0.635406
vt 0.453628 0.547740
vt 0.385435 0.570324
vt 0.288808 0.604578
vt 0.338019 0.599807
vt 0.436518 0.557220
vt 0.425268 0.564678
vt 0.411530 0.571196
vt 0.270978 0.634009
vt 0.301419 0.607642
vt 0.200836 0.647753
vt 0.229716 0.639367
vt 0.465723 0.557743
vt 0.396955 0.584551
vt 0.628466 0.190048
vt 0.654000 0.190555
vt 0.635453 0.186213
vt 0.446509 0.561874
vt 0.380374 0.599375
vt 0.192662 0.651737
vt 0.447209 0.567467
vt 0.478354 0.557130
vt 0.437154 0.577894
vt 0.218159 0.643418
vt 0.455365 0.562510
vt 0.438408 0.569366
vt 0.228696 0.658052
vt 0.235577 0.636444
vt 0.352324 0.601620
vt 0.351254 0.613410
vt 0.303985 0.637472
vt 0.464797 0.569472
vt 0.196997 0.666046
vt 0.452886 0.575448
vt 0.184422 0.667510
vt 0.215401 0.655020
vt 0.485462 0.568622
vt 0.201346 0.670013
vt 0.479131 0.573548
vt 0.207482 0.667090
vt 0.441808 0.600949
vt 0.468232 0.577410
vt 0.499171 0.567806
vt 0.196028 0.676745
vt 0.213932 0.665995
vt 0.384138 0.612821
vt 0.180116 0.691610
vt 0.636427 0.183394
vt 0.615565 0.182232
vt 0.638614 0.176626
vt 0.472442 0.584860
vt 0.605265 0.157799
vt 0.664278 0.158971
vt 0.631736 0.154919
vt 0.482701 0.583460
vt 0.407822 0.601757
vt 0.396832 0.605929
vt 0.442061 0.593379
vt 0.331658 0.632692
vt 0.257264 0.676767
vt 0.465121 0.592828
vt 0.373932 0.619576
vt 0.200302 0.683738
vt 0.415443 0.608376
vt 0.207483 0.682615
vt 0.351435 0.624462
vt 0.505448 0.579069
vt 0.229731 0.685637
vt 0.437681 0.610813
vt 0.409904 0.614093
vt 0.319937 0.641346
vt 0.207372 0.708612
vt 0.502114 0.584323
vt 0.244388 0.681567
vt 0.514755 0.577678
vt 0.365515 0.629897
vt 0.188341 0.692823
vt 0.502636 0.588716
vt 0.350078 0.631645
vt 0.333014 0.639387
vt 0.390423 0.621566
vt 0.304402 0.651335
vt 0.293640 0.655968
vt 0.385535 0.626000
vt 0.346166 0.637909
vt 0.318222 0.648569
vt 0.277928 0.667959
vt 0.667754 0.184017
vt 0.494179 0.600331
vt 0.496317 0.592659
vt 0.433474 0.615787
vt 0.381233 0.630693
vt 0.336534 0.646284
vt 0.189402 0.695795
vt 0.423918 0.620612
vt 0.359698 0.640819
vt 0.315110 0.656187
vt 0.190014 0.708184
vt 0.410469 0.623648
vt 0.286386 0.672441
vt 0.404893 0.626150
vt 0.377480 0.635470
vt 0.199450 0.700238
vt 0.524227 0.593387
vt 0.303579 0.658478
vt 0.480938 0.606188
vt 0.233331 0.699411
vt 0.183353 0.709351
vt 0.258362 0.688201
vt 0.398949 0.631209
vt 0.328418 0.656470
vt 0.388907 0.641240
vt 0.297708 0.668332
vt 0.172890 0.713221
vt 0.510688 0.599847
vt 0.533924 0.591754
vt 0.518745 0.598486
vt 0.478472 0.611664
vt 0.343604 0.651318
vt 0.361662 0.646721
vt 0.456870 0.627808
vt 0.462879 0.612722
vt 0.349026 0.654408
vt 0.309280 0.671652
vt 0.271670 0.684493
vt 0.326251 0.665251
vt 0.428891 0.628831
vt 0.366832 0.650637
vt 0.426369 0.633071
vt 0.415196 0.635556
vt 0.195599 0.716874
vt 0.974292 0.220619
vt 0.974218 0.234921
vt 0.958881 0.242707
vt 0.178077 0.723689
vt 0.225126 0.710923
vt 0.339958 0.664314
vt 0.285081 0.689280
vt 0.474583 0.627827
vt 0.295934 0.684752
vt 0.259435 0.703238
vt 0.388075 0.648941
vt 0.311308 0.676000
vt 0.501767 0.618385
vt 0.358633 0.657889
vt 0.239998 0.708329
vt 0.485717 0.621578
vt 0.966421 0.221395
vt 0.969334 0.213903
vt 0.453473 0.641661
vt 0.190115 0.721149
vt 0.182570 0.727761
vt 0.508622 0.613677
vt 0.523974 0.617964
vt 0.382210 0.654349
vt 0.531586 0.605559
vt 0.321584 0.674465
vt 0.272772 0.696335
vt 0.986253 0.188343
vt 0.984469 0.178855
vt 0.996663 0.171890
vt 0.939987 0.240227
vt 0.336225 0.672221
vt 0.527302 0.612574
vt 0.969807 0.205625
vt 0.973245 0.195272
vt 0.298951 0.689049
vt 0.552449 0.618718
vt 0.950866 0.223266
vt 0.497629 0.621925
vt 0.248397 0.709423
vt 0.164496 0.729842
vt 0.167692 0.741731
vt 0.321258 0.679623
vt 0.214966 0.722552
vt 0.353226 0.665229
vt 0.440385 0.644685
vt 0.262499 0.706424
vt 0.571372 0.633728
vt 0.950763 0.229127
vt 0.955265 0.214053
vt 0.531955 0.608970
vt 0.343973 0.673671
vt 0.985054 0.166440
vt 0.974414 0.183541
vt 0.489690 0.633770
vt 0.933279 0.253124
vt 0.308113 0.687384
vt 0.228243 0.718232
vt 0.324916 0.685428
vt 0.975018 0.175589
vt 0.287239 0.701001
vt 0.274244 0.708533
vt 0.540613 0.618899
vt 0.960588 0.200075
vt 0.980798 0.159549
vt 0.965855 0.185049
vt 0.525545 0.626827
vt 0.263695 0.713453
vt 0.308819 0.693961
vt 0.956042 0.196628
vt 0.188368 0.736481
vt 0.161983 0.755285
vt 0.992172 0.145847
vt 0.231096 0.724845
vt 0.959632 0.182390
vt 0.298344 0.699575
vt 0.925680 0.233521
vt 0.221765 0.727469
vt 0.970862 0.168993
vt 0.939065 0.211615
vt 0.176725 0.741460
vt 0.518683 0.631322
vt 0.236440 0.726794
vt 0.461251 0.651913
vt 0.931973 0.223179
vt 0.508729 0.639705
vt 0.915553 0.253968
vt 0.491055 0.642521
vt 0.981803 0.139509
vt 0.308247 0.702374
vt 0.206401 0.742277
vt 0.513045 0.633768
vt 0.947480 0.195119
vt 0.988869 0.127204
vt 0.283394 0.714642
vt 0.196803 0.747775
vt 0.178846 0.753037
vt 0.974069 0.153403
vt 0.255631 0.721980
vt 0.225707 0.731455
vt 0.243140 0.731967
vt 0.492792 0.662922
vt 0.939618 0.203790
vt 0.962776 0.167410
vt 0.453016 0.655913
vt 0.994238 0.123016
vt 0.290131 0.714669
vt 0.183019 0.750292
vt 0.248930 0.730244
vt 0.920120 0.239717
vt 0.549559 0.637461
vt 0.275083 0.721556
vt 0.946591 0.184930
vt 0.965830 0.151483
vt 0.299275 0.715204
vt 0.213056 0.744531
vt 0.168335 0.762829
vt 0.478882 0.661968
vt 0.221209 0.742698
vt 0.552203 0.630560
vt 0.255921 0.732802
vt 0.186418 0.754451
vt 0.973034 0.135408
vt 0.263325 0.726266
vt 0.227333 0.739428
vt 0.235048 0.739827
vt 0.512652 0.653283
vt 0.175043 0.760094
vt 0.929781 0.195621
vt 0.948229 0.174566
vt 0.543770 0.640212
vt 0.957583 0.155702
vt 0.979576 0.117286
vt 0.992217 0.108018
vt 0.904306 0.246868
vt 0.919482 0.204778
vt 0.229014 0.746144
vt 0.936548 0.184099
vt 0.915926 0.218806
vt 0.919516 0.211201
vt 0.268230 0.735134
vt 0.910694 0.229277
vt 0.944205 0.168978
vt 0.963335 0.143170
vt 0.249740 0.742163
vt 0.979844 0.099706
vt 0.534632 0.647397
vt 0.199902 0.763587
vt 0.474971 0.666816
vt 0.930795 0.181759
vt 0.513711 0.667615
vt 0.525811 0.649228
vt 0.898779 0.239531
vt 0.279671 0.731496
vt 0.273696 0.735187
vt 0.181988 0.769234
vt 0.954706 0.148928
vt 0.285802 0.733612
vt 0.234503 0.758641
vt 0.970512 0.112505
vt 0.890739 0.261105
vt 0.958484 0.134771
vt 0.241562 0.752929
vt 0.190770 0.772182
vt 0.984630 0.089081
vt 0.164024 0.785002
vt 0.943490 0.156465
vt 0.964101 0.122708
vt 0.260026 0.743980
vt 0.205287 0.766630
vt 0.223936 0.753205
vt 0.214176 0.766722
vt 0.887115 0.250964
vt 0.936768 0.168041
vt 0.292560 0.734856
vt 0.171072 0.779073
vt 0.932092 0.176926
vt 0.950973 0.138519
vt 0.176029 0.782392
vt 0.569211 0.650498
vt 0.230146 0.757634
vt 0.183981 0.774692
vt 0.923875 0.174125
vt 0.495678 0.674333
vt 0.973553 0.101158
vt 0.275315 0.745058
vt 0.937275 0.159731
vt 0.219807 0.763431
vt 0.956133 0.118121
vt 0.177941 0.776057
vt 0.903173 0.211559
vt 0.939210 0.146682
vt 0.924197 0.190411
vt 0.919025 0.182231
vt 0.944630 0.134761
vt 0.224735 0.764903
vt 0.265005 0.752033
vt 0.250969 0.754701
vt 0.562708 0.658472
vt 0.893457 0.224290
vt 0.889122 0.236095
vt 0.950515 0.119299
vt 0.903465 0.201340
vt 0.911725 0.188716
vt 0.537079 0.661306
vt 0.874643 0.256541
vt 0.890608 0.216787
vt 0.886337 0.231319
vt 0.925865 0.157997
vt 0.908593 0.194825
vt 0.960346 0.108111
vt 0.492679 0.679840
vt 0.182134 0.788173
vt 0.899294 0.206870
vt 0.254887 0.766070
vt 0.482640 0.680629
vt 0.968619 0.088626
vt 0.971896 0.083171
vt 0.244069 0.765382
vt 0.199178 0.784339
vt 0.933070 0.141597
vt 0.878340 0.241805
vt 0.960237 0.096451
vt 0.906437 0.179666
vt 0.172189 0.793837
vt 0.279850 0.755281
vt 0.226723 0.775526
vt 0.941923 0.119958
vt 0.218061 0.787921
vt 0.935884 0.129571
vt 0.948198 0.099899
vt 0.271309 0.767860
vt 0.999024 0.053018
vt 0.995151 0.066946
vt 0.989724 0.052616
vt 0.553912 0.657130
vt 0.531279 0.673516
vt 0.222083 0.782305
vt 0.902868 0.167269
vt 0.979055 0.048875
vt 0.259823 0.765577
vt 0.238113 0.771398
vt 0.179067 0.794735
vt 0.546439 0.663027
vt 0.902396 0.186280
vt 0.936365 0.119507
vt 0.502783 0.687796
vt 0.287221 0.757032
vt 0.186901 0.800703
vt 0.865700 0.244498
vt 0.922795 0.149380
vt 0.941056 0.104760
vt 0.914569 0.159890
vt 0.247985 0.774146
vt 0.952997 0.096924
vt 0.972895 0.069628
vt 0.557318 0.668986
vt 0.868564 0.233892
vt 0.232481 0.779686
vt 0.893371 0.191321
vt 0.207318 0.792676
vt 0.173449 0.813495
vt 0.887276 0.195571
vt 0.924074 0.129328
vt 0.883377 0.200914
vt 0.981321 0.038134
vt 0.166433 0.811715
vt 0.909823 0.157077
vt 0.545606 0.674991
vt 0.193884 0.801712
vt 0.494987 0.691571
vt 0.879230 0.208191
vt 0.955246 0.073179
vt 0.183225 0.805880
vt 0.868332 0.223466
vt 0.916973 0.143631
vt 0.921244 0.138127
vt 0.953150 0.081628
vt 0.926540 0.119397
vt 0.573358 0.667206
vt 0.856973 0.257345
vt 0.850180 0.247772
vt 0.876669 0.213574
vt 0.991605 0.040050
vt 0.180348 0.808342
vt 0.558643 0.681145
vt 0.888137 0.186242
vt 0.953575 0.061993
vt 0.572726 0.673485
vt 0.892435 0.182418
vt 0.935914 0.107247
vt 0.854694 0.238225
vt 0.243968 0.793609
vt 0.237119 0.787453
vt 0.930915 0.106120
vt 0.513427 0.697491
vt 0.899160 0.159488
vt 0.280713 0.775365
vt 0.523981 0.695948
vt 0.890320 0.175548
vt 0.909983 0.150291
vt 0.961293 0.059049
vt 0.902397 0.140032
vt 0.944241 0.085701
vt 0.254143 0.785832
vt 0.205938 0.810316
vt 0.534744 0.689610
vt 0.260292 0.781755
vt 0.248227 0.789749
vt 0.507972 0.702608
vt 0.926043 0.109921
vt 0.227767 0.793542
vt 0.537828 0.703071
vt 0.910717 0.128113
vt 0.214329 0.809021
vt 0.571525 0.691809
vt 0.896714 0.155621
vt 0.916257 0.127474
vt 0.978301 0.029162
vt 0.587072 0.676527
vt 0.936116 0.093414
vt 0.580800 0.678016
vt 0.546685 0.697542
vt 0.233203 0.800118
vt 0.854577 0.226609
vt 0.898746 0.149274
vt 0.914039 0.113903
vt 0.933736 0.083140
vt 0.575011 0.681386
vt 0.877212 0.189147
vt 0.885999 0.167376
vt 0.965134 0.051456
vt 0.966215 0.033483
vt 0.548176 0.688442
vt 0.877633 0.154408
vt 0.504881 0.709602
vt 0.845024 0.227805
vt 0.958689 0.035839
vt 0.835957 0.251045
vt 0.225450 0.806976
vt 0.861488 0.202052
vt 0.918310 0.108943
vt 0.861036 0.206840
vt 0.878686 0.176952
vt 0.911856 0.117670
vt 0.859032 0.211926
vt 0.561132 0.698647
vt 0.876958 0.181944
vt 0.200013 0.815620
vt 0.868703 0.191963
vt 0.926451 0.095956
vt 0.862135 0.193901
vt 0.904125 0.132297
vt 0.222343 0.810651
vt 0.964270 0.025642
vt 0.871498 0.184383
vt 0.925071 0.087448
vt 0.240544 0.806892
vt 0.946972 0.048978
vt 0.195659 0.824104
vt 0.888426 0.150769
vt 0.902890 0.124801
vt 0.925795 0.072472
vt 0.599926 0.687332
vt 0.514969 0.706881
vt 0.845359 0.218829
vt 0.170250 0.827668
vt 0.875187 0.169856
vt 0.942403 0.036614
vt 0.965312 0.020032
vt 0.262040 0.796353
vt 0.583532 0.688622
vt 0.932779 0.067683
vt 0.886887 0.154052
vt 0.834253 0.229497
vt 0.581334 0.694298
vt 0.912855 0.100339
vt 0.934126 0.055372
vt 0.184552 0.829870
vt 0.885313 0.139389
vt 0.896994 0.134010
vt 0.259134 0.805317
vt 0.898295 0.128672
vt 0.915695 0.093477
vt 0.904000 0.117290
vt 0.230423 0.810822
vt 0.831600 0.238164
vt 0.934762 0.047384
vt 0.191840 0.828656
vt 0.537115 0.710591
vt 0.524552 0.713141
vt 0.252952 0.812664
vt 0.951304 0.025337
vt 0.175644 0.833905
vt 0.861150 0.182531
vt 0.862658 0.177559
vt 0.203670 0.835160
vt 0.523602 0.724877
vt 0.245747 0.811307
vt 0.213024 0.826752
vt 0.888506 0.134048
vt 0.913153 0.095322
vt 0.889872 0.127983
vt 0.848108 0.200006
vt 0.870810 0.161807
vt 0.874706 0.146469
vt 0.901667 0.109179
vt 0.914439 0.086782
vt 0.239333 0.824426
vt 0.210256 0.833265
vt 0.865521 0.171944
vt 0.515668 0.726611
vt 0.911141 0.074358
vt 0.270836 0.815121
vt 0.842150 0.202002
vt 0.873510 0.138149
vt 0.894554 0.122232
vt 0.549396 0.714181
vt 0.894257 0.125814
vt 0.817590 0.237161
vt 0.221478 0.826344
vt 0.175958 0.845705
vt 0.588600 0.697650
vt 0.906121 0.102895
vt 0.182915 0.849683
vt 0.939670 0.025911
vt 0.532997 0.718868
vt 0.850381 0.181559
vt 0.943563 0.013550
vt 0.229555 0.827070
vt 0.847947 0.187907
vt 0.930577 0.040329
vt 0.580905 0.699679
vt 0.894650 0.116406
vt 0.898428 0.103291
vt 0.895579 0.111755
vt 0.235895 0.828948
vt 0.598617 0.704609
vt 0.862526 0.159980
vt 0.890553 0.122245
vt 0.899308 0.091240
vt 0.842352 0.193587
vt 0.814751 0.246091
vt 0.889738 0.125841
vt 0.247559 0.827094
vt 0.582346 0.718419
vt 0.854168 0.159327
vt 0.906817 0.078030
vt 0.832794 0.204765
vt 0.886495 0.122978
vt 0.913193 0.061576
vt 0.897507 0.095507
vt 0.590779 0.710232
vt 0.830082 0.213512
vt 0.861191 0.151049
vt 0.574578 0.714112
vt 0.541453 0.727153
vt 0.192779 0.849244
vt 0.885149 0.117797
vt 0.904317 0.085853
vt 0.266123 0.824702
vt 0.818394 0.213407
vt 0.835102 0.192859
vt 0.847000 0.163269
vt 0.559487 0.721323
vt 0.875974 0.129415
vt 0.819969 0.224916
vt 0.879378 0.127692
vt 0.881512 0.122369
vt 0.917421 0.045974
vt 0.572458 0.724216
vt 0.253655 0.828222
vt 0.200682 0.847945
vt 0.523220 0.739257
vt 0.586758 0.714521
vt 0.211527 0.845983
vt 0.845471 0.169297
vt 0.885998 0.103338
vt 0.918262 0.051947
vt 0.928078 0.017221
vt 0.261315 0.829331
vt 0.227908 0.843848
vt 0.531635 0.734923
vt 0.886825 0.111739
vt 0.885998 0.097804
vt 0.898573 0.064252
vt 0.914375 0.037475
vt 0.919287 0.030375
vt 0.589056 0.721146
vt 0.810465 0.213959
vt 0.883894 0.107872
vt 0.551711 0.732309
vt 0.801235 0.230259
vt 0.831989 0.184814
vt 0.891453 0.083591
vt 0.897946 0.079335
vt 0.864339 0.137288
vt 0.223466 0.853318
vt 0.567933 0.729611
vt 0.191669 0.863786
vt 0.209012 0.857475
vt 0.805056 0.219016
vt 0.835016 0.175404
vt 0.246654 0.845993
vt 0.239340 0.850084
vt 0.813959 0.201892
vt 0.240612 0.844319
vt 0.520269 0.753528
vt 0.822276 0.184936
vt 0.868116 0.125490
vt 0.185622 0.867709
vt 0.791511 0.229368
vt 0.852132 0.148282
vt 0.895595 0.053433
vt 0.608699 0.717440
vt 0.262809 0.841420
vt 0.883392 0.091992
vt 0.920296 0.008712
vt 0.874493 0.121668
vt 0.886913 0.072867
vt 0.914443 0.021486
vt 0.857353 0.136183
vt 0.199232 0.860559
vt 0.192718 0.840925
vt 0.203798 0.861193
vt 0.562036 0.743717
vt 0.814777 0.191981
vt 0.834067 0.164997
vt 0.862249 0.122576
vt 0.874077 0.115480
vt 0.904928 0.047872
vt 0.545851 0.750013
vt 0.530593 0.753807
vt 0.539907 0.749187
vt 0.282216 0.833932
vt 0.277380 0.836753
vt 0.882068 0.087098
vt 0.895302 0.042125
vt 0.589291 0.731536
vt 0.873866 0.107136
vt 0.876747 0.076916
vt 0.256768 0.843130
vt 0.605080 0.726136
vt 0.596153 0.726451
vt 0.850650 0.137198
vt 0.888085 0.067805
vt 0.823905 0.170858
vt 0.220921 0.867039
vt 0.820516 0.174725
vt 0.855748 0.124348
vt 0.259764 0.854834
vt 0.867953 0.114450
vt 0.276410 0.850488
vt 0.903892 0.027376
vt 0.580594 0.745421
vt 0.550234 0.755412
vt 0.834821 0.151845
vt 0.840108 0.145917
vt 0.872552 0.099104
vt 0.800835 0.208442
vt 0.803072 0.198368
vt 0.554626 0.745896
vt 0.888920 0.034930
vt 0.208379 0.865900
vt 0.595901 0.733765
vt 0.788562 0.216570
vt 0.877488 0.082981
vt 0.201924 0.868978
vt 0.525269 0.765034
vt 0.900991 0.013009
vt 0.586999 0.743162
vt 0.864797 0.107318
vt 0.571066 0.749875
vt 0.234601 0.861069
vt 0.813952 0.172071
vt 0.250403 0.858409
vt 0.888788 0.048209
vt 0.844000 0.133206
vt 0.867161 0.089959
vt 0.196536 0.883535
vt 0.847100 0.118178
vt 0.611136 0.736488
vt 0.823350 0.155870
vt 0.894163 0.020619
vt 0.795813 0.196074
vt 0.216539 0.877057
vt 0.789637 0.204981
vt 0.828824 0.151623
vt 0.871117 0.093388
vt 0.274050 0.858845
vt 0.209566 0.878227
vt 0.801634 0.183700
vt 0.809317 0.179124
vt 0.879563 0.062509
vt 0.869871 0.054331
vt 0.292892 0.848050
vt 0.838216 0.130871
vt 0.283739 0.850819
vt 0.592434 0.740137
vt 0.859423 0.100607
vt 0.206520 0.888799
vt 0.598703 0.741601
vt 0.554196 0.768862
vt 0.239406 0.873683
vt 0.774648 0.208995
vt 0.901373 0.007010
vt 0.537646 0.773099
vt 0.518440 0.779579
vt 0.855202 0.109451
vt 0.816078 0.158374
vt 0.560184 0.762442
vt 0.863668 0.087002
vt 0.869781 0.066790
vt 0.255491 0.870178
vt 0.245716 0.864451
vt 0.265279 0.868456
vt 0.787760 0.193821
vt 0.212995 0.876173
vt 0.606052 0.750785
vt 0.849523 0.108466
vt 0.832456 0.132957
vt 0.229599 0.879832
vt 0.858583 0.083640
vt 0.866898 0.071018
vt 0.827013 0.138667
vt 0.874297 0.045084
vt 0.792039 0.180691
vt 0.811081 0.161504
vt 0.295992 0.857312
vt 0.818971 0.141525
vt 0.597529 0.751380
vt 0.850361 0.097973
vt 0.858156 0.065303
vt 0.873283 0.027999
vt 0.576769 0.766426
vt 0.527900 0.777204
vt 0.807334 0.164429
vt 0.278669 0.871163
vt 0.264170 0.873301
vt 0.599463 0.759572
vt 0.794460 0.167759
vt 0.296886 0.864627
vt 0.545038 0.771418
vt 0.774866 0.195536
vt 0.258006 0.880726
vt 0.231270 0.890944
vt 0.591797 0.756903
vt 0.569495 0.773866
vt 0.827708 0.123637
vt 0.876025 0.015531
vt 0.221308 0.888776
vt 0.871372 0.023211
vt 0.799304 0.160712
vt 0.248809 0.889869
vt 0.613516 0.758222
vt 0.833713 0.112598
vt 0.587139 0.766742
vt 0.289906 0.867205
vt 0.548546 0.777183
vt 0.820429 0.126309
vt 0.849567 0.074510
vt 0.808636 0.145447
vt 0.783134 0.177941
vt 0.839848 0.097635
vt 0.840811 0.087213
vt 0.221789 0.897359
vt 0.803069 0.149627
vt 0.540821 0.792790
vt 0.853186 0.057350
vt 0.582876 0.768307
vt 0.521738 0.793164
vt 0.312982 0.868120
vt 0.205283 0.900060
vt 0.863546 0.038368
vt 0.315821 0.858517
vt 0.271038 0.884532
vt 0.525874 0.796058
vt 0.857251 0.045466
vt 0.292636 0.875007
vt 0.217841 0.907820
vt 0.774422 0.176627
vt 0.243894 0.894064
vt 0.812384 0.131356
vt 0.784010 0.163964
vt 0.561652 0.782858
vt 0.825288 0.108661
vt 0.847720 0.052512
vt 0.261910 0.895014
vt 0.589652 0.771382
vt 0.592734 0.781959
vt 0.759902 0.185662
vt 0.598171 0.774893
vt 0.545128 0.797573
vt 0.802151 0.135350
vt 0.850982 0.034771
vt 0.836830 0.066475
vt 0.305419 0.875955
vt 0.606714 0.768759
vt 0.793733 0.139909
vt 0.280400 0.880952
vt 0.329139 0.871647
vt 0.234617 0.901839
vt 0.786151 0.149483
vt 0.282970 0.888964
vt 0.765073 0.181931
vt 0.552440 0.805719
vt 0.825550 0.096205
vt 0.836187 0.072740
vt 0.581950 0.790979
vt 0.810418 0.121194
vt 0.599951 0.777179
vt 0.512916 0.806769
vt 0.844845 0.024409
vt 0.579250 0.785058
vt 0.572647 0.788044
vt 0.848354 0.042672
vt 0.318621 0.879478
vt 0.851846 0.028407
vt 0.246973 0.905671
vt 0.533272 0.801876
vt 0.831193 0.083856
vt 0.293008 0.884667
vt 0.836409 0.059646
vt 0.773463 0.155819
vt 0.233031 0.912760
vt 0.856175 0.015490
vt 0.219368 0.916735
vt 0.804007 0.118166
vt 0.816578 0.101817
vt 0.257003 0.904735
vt 0.566007 0.798823
vt 0.299468 0.893265
vt 0.613394 0.777355
vt 0.761468 0.163266
vt 0.830878 0.043575
vt 0.276298 0.895661
vt 0.797693 0.118982
vt 0.608112 0.788366
vt 0.808789 0.103512
vt 0.239955 0.914694
vt 0.315287 0.884644
vt 0.586452 0.792630
vt 0.818167 0.090042
vt 0.823934 0.076528
vt 0.834597 0.049439
vt 0.311782 0.890245
vt 0.333615 0.882310
vt 0.755606 0.169143
vt 0.517474 0.816609
vt 0.766887 0.153067
vt 0.289717 0.899490
vt 0.837101 0.020573
vt 0.785445 0.135230
vt 0.532771 0.814904
vt 0.230943 0.921719
vt 0.778703 0.138334
vt 0.812317 0.087514
vt 0.595655 0.798492
vt 0.821943 0.062699
vt 0.345493 0.880750
vt 0.572269 0.803832
vt 0.526758 0.817277
vt 0.789458 0.121648
vt 0.837203 0.032096
vt 0.539406 0.821185
vt 0.819096 0.070474
vt 0.250379 0.915411
vt 0.534342 0.822156
vt 0.771646 0.139197
vt 0.784732 0.122212
vt 0.797957 0.102619
vt 0.279999 0.913935
vt 0.504879 0.835353
vt 0.299993 0.899649
vt 0.590701 0.802522
vt 0.806007 0.085260
vt 0.818626 0.057269
vt 0.598788 0.794507
vt 0.504744 0.822310
vt 0.332703 0.895129
vt 0.265038 0.919463
vt 0.760909 0.145547
vt 0.284044 0.908589
vt 0.611514 0.796393
vt 0.561089 0.815494
vt 0.778288 0.120614
vt 0.814493 0.048924
vt 0.819145 0.041016
vt 0.788116 0.106857
vt 0.810258 0.072971
vt 0.821831 0.033786
vt 0.316742 0.900090
vt 0.271815 0.917424
vt 0.343707 0.892053
vt 0.511354 0.832721
vt 0.749376 0.154602
vt 0.249865 0.926133
vt 0.327889 0.897911
vt 0.498697 0.837503
vt 0.763503 0.134222
vt 0.573380 0.816416
vt 0.769281 0.125927
vt 0.795661 0.087649
vt 0.805034 0.071801
vt 0.306033 0.912684
vt 0.247337 0.934900
vt 0.240292 0.938087
vt 0.357169 0.889657
vt 0.254004 0.930707
vt 0.580430 0.808378
vt 0.817922 0.029619
vt 0.307795 0.907493
vt 0.476140 0.849008
vt 0.476667 0.843969
vt 0.485636 0.837061
vt 0.314424 0.905640
vt 0.802767 0.063139
vt 0.519285 0.833338
vt 0.582377 0.816085
vt 0.773881 0.113984
vt 0.259747 0.927730
vt 0.750727 0.134863
vt 0.785858 0.091523
vt 0.364850 0.887028
vt 0.602524 0.809220
vt 0.347938 0.897926
vt 0.551113 0.829250
vt 0.523734 0.838349
vt 0.537430 0.837921
vt 0.268997 0.927292
vt 0.594231 0.815390
vt 0.465766 0.858455
vt 0.589428 0.822213
vt 0.565396 0.824488
vt 0.574959 0.823727
vt 0.506811 0.845389
vt 0.326964 0.908945
vt 0.295089 0.919444
vt 0.489752 0.855592
vt 0.795776 0.060741
vt 0.743069 0.136020
vt 0.483794 0.851359
vt 0.767583 0.107039
vt 0.800191 0.040736
vt 0.286032 0.923078
vt 0.455170 0.863069
vt 0.774446 0.099776
vt 0.527641 0.843480
vt 0.352081 0.903061
vt 0.373564 0.894437
vt 0.344109 0.908372
vt 0.288758 0.932887
vt 0.509830 0.854211
vt 0.371862 0.898602
vt 0.467797 0.863219
vt 0.498174 0.851163
vt 0.778281 0.084703
vt 0.605071 0.827093
vt 0.552109 0.843905
vt 0.326038 0.916423
vt 0.598244 0.826902
vt 0.791977 0.054696
vt 0.313390 0.926602
vt 0.384865 0.891238
vt 0.369072 0.903914
vt 0.453733 0.873130
vt 0.278907 0.940832
vt 0.270564 0.941566
vt 0.564357 0.838145
vt 0.770089 0.083837
vt 0.544480 0.844542
vt 0.780921 0.065071
vt 0.308958 0.933789
vt 0.760198 0.098188
vt 0.346998 0.917529
vt 0.515312 0.857557
vt 0.789243 0.050253
vt 0.390446 0.898554
vt 0.492183 0.862973
vt 0.325464 0.923011
vt 0.265029 0.945135
vt 0.746302 0.113861
vt 0.399248 0.891200
vt 0.530547 0.856567
vt 0.374438 0.910104
vt 0.344803 0.921492
vt 0.290268 0.940622
vt 0.275191 0.945463
vt 0.567566 0.843354
vt 0.471294 0.869695
vt 0.415620 0.885547
vt 0.421340 0.889783
vt 0.365055 0.915651
vt 0.436733 0.878391
vt 0.578950 0.839106
vt 0.574798 0.834978
vt 0.478262 0.870704
vt 0.588221 0.834971
vt 0.457506 0.877827
vt 0.264970 0.955451
vt 0.517639 0.864406
vt 0.444231 0.884812
vt 0.395477 0.904801
vt 0.340452 0.925591
vt 0.462036 0.881205
vt 0.412656 0.900580
vt 0.485505 0.879281
vt 0.474258 0.881264
vt 0.387083 0.908328
vt 0.497208 0.876864
vt 0.436622 0.893533
vt 0.279322 0.954082
vt 0.590746 0.844350
vt 0.550998 0.858063
vt 0.580968 0.848097
vt 0.538082 0.864677
vt 0.517793 0.876342
vt 0.331586 0.934175
vt 0.564264 0.860346
vt 0.561457 0.856365
vt 0.507558 0.872172
vt 0.341853 0.933298
vt 0.571949 0.856536
vt 0.405721 0.908406
vt 0.298352 0.950465
vt 0.582267 0.850340
vt 0.457196 0.890592
vt 0.313927 0.942978
vt 0.438924 0.897438
vt 0.289844 0.954486
vt 0.423552 0.904836
vt 0.389617 0.913501
vt 0.383261 0.921144
vt 0.363736 0.925570
vt 0.306075 0.943492
vt 0.527252 0.876836
vt 0.292218 0.953638
vt 0.507656 0.880945
vt 0.332813 0.942110
vt 0.407005 0.915704
vt 0.309029 0.950171
vt 0.360977 0.932987
vt 0.463139 0.894535
vt 0.331326 0.948341
vt 0.542849 0.876766
vt 0.473612 0.894803
vt 0.444171 0.901119
vt 0.590753 0.856812
vt 0.283928 0.966652
vt 0.493535 0.890354
vt 0.382068 0.928771
vt 0.428057 0.912528
vt 0.318281 0.950010
vt 0.371608 0.932697
vt 0.357262 0.939539
vt 0.550525 0.875524
vt 0.344480 0.941186
vt 0.297161 0.967030
vt 0.480552 0.895594
vt 0.348419 0.948545
vt 0.463472 0.905917
vt 0.442183 0.916119
vt 0.312091 0.958586
vt 0.502976 0.894340
vt 0.568925 0.871323
vt 0.486626 0.902879
vt 0.306217 0.962971
vt 0.309400 0.961557
vt 0.575024 0.866239
vt 0.405271 0.927537
vt 0.374586 0.942744
vt 0.377737 0.938201
vt 0.531494 0.883953
vt 0.387701 0.936303
vt 0.347657 0.953388
vt 0.475810 0.905172
vt 0.360991 0.947404
vt 0.337437 0.957182
vt 0.512459 0.894799
vt 0.334175 0.960256
vt 0.424072 0.924543
vt 0.518107 0.896919
vt 0.575301 0.880851
vt 0.557987 0.882411
vt 0.550456 0.883584
vt 0.403338 0.934304
vt 0.456087 0.916586
vt 0.525172 0.900709
vt 0.492961 0.910034
vt 0.319539 0.977440
vt 0.585257 0.875029
vt 0.332736 0.964829
vt 0.535575 0.896824
vt 0.438972 0.924242
vt 0.418004 0.932485
vt 0.355384 0.959401
vt 0.470277 0.912646
vt 0.400038 0.940195
vt 0.563615 0.884628
vt 0.306418 0.977328
vt 0.478832 0.913608
vt 0.323827 0.969089
vt 0.324037 0.966908
vt 0.370477 0.953786
vt 0.500049 0.911619
vt 0.390050 0.947422
vt 0.377377 0.949412
vt 0.559232 0.887995
vt 0.452418 0.924479
vt 0.362803 0.956756
vt 0.425567 0.935645
vt 0.356273 0.965146
vt 0.562981 0.900755
vt 0.540166 0.896957
vt 0.468199 0.922370
vt 0.547391 0.897190
vt 0.479708 0.923833
vt 0.348483 0.972241
vt 0.509177 0.912710
vt 0.394933 0.953480
vt 0.440686 0.934361
vt 0.336429 0.971416
vt 0.410875 0.946816
vt 0.575313 0.892199
vt 0.550680 0.900597
vt 0.428290 0.942289
vt 0.549372 0.904812
vt 0.459920 0.930889
vt 0.534369 0.912226
vt 0.344140 0.979802
vt 0.383442 0.961817
vt 0.515637 0.917366
vt 0.362654 0.970626
vt 0.526579 0.912743
vt 0.493882 0.923120
vt 0.444193 0.940084
vt 0.370293 0.965863
vt 0.459794 0.936992
vt 0.422499 0.949785
vt 0.325531 0.985007
vt 0.539892 0.913478
vt 0.475172 0.936184
vt 0.412284 0.957916
vt 0.439291 0.948850
vt 0.493163 0.932241
vt 0.379761 0.970528
vt 0.542767 0.921849
vt 0.559850 0.912784
vt 0.456825 0.944985
vt 0.534083 0.920326
vt 0.361899 0.976710
vt 0.366114 0.980527
vt 0.520467 0.926217
vt 0.375943 0.971741
vt 0.381498 0.977651
vt 0.403031 0.965949
vt 0.338291 0.987354
vt 0.509203 0.929344
vt 0.475773 0.942528
vt 0.399437 0.970300
vt 0.526355 0.926179
vt 0.461045 0.948469
vt 0.419137 0.965757
vt 0.447123 0.954617
vt 0.430726 0.960066
vt 0.362390 0.986741
vt 0.353179 0.989973
vt 0.497305 0.934541
vt 0.498155 0.941980
vt 0.401140 0.973380
vt 0.483679 0.943478
vt 0.524612 0.936894
vt 0.508247 0.939499
vt 0.386745 0.983245
vt 0.515723 0.936816
vt 0.483107 0.949611
vt 0.548153 0.926156
vt 0.465084 0.957892
vt 0.457992 0.953443
vt 0.440182 0.966257
vt 0.428428 0.964288
vt 0.401923 0.978183
vt 0.402361 0.979602
vt 0.375078 0.991238
vt 0.420292 0.974982
vt 0.486691 0.953053
vt 0.504336 0.952214
vt 0.402005 0.986325
vt 0.533668 0.939636
vt 0.493411 0.953335
vt 0.421768 0.979725
vt 0.438804 0.972919
vt 0.454550 0.967617
vt 0.471126 0.962544
vt 0.476280 0.967813
vt 0.449783 0.974880
vt 0.392408 0.993691
vt 0.489549 0.967711
vt 0.462040 0.975702
vt 0.521058 0.949839
vt 0.420809 0.990322
vt 0.505918 0.959495
vt 0.449290 0.984674
vt 0.470739 0.977674
vt 0.700954 0.170088
vt 0.693472 0.172081
vt 0.696702 0.165342
vt 0.691559 0.149627
vt 0.688195 0.167559
vt 0.692657 0.164090
vt 0.677428 0.162926
vt 0.679424 0.174174
vt 0.673545 0.169588
vt 0.689407 0.139825
vt 0.684303 0.149802
vt 0.655021 0.165277
vt 0.680187 0.135484
vt 0.656069 0.160342
vt 0.679774 0.127494
vt 0.672989 0.136761
vt 0.670694 0.128257
vt 0.642595 0.175273
vt 0.669912 0.119806
vt 0.664194 0.129708
vt 0.637229 0.162058
vt 0.659514 0.115824
vt 0.656767 0.123227
vt 0.647064 0.116456
vt 0.640311 0.109285
vt 0.615790 0.170911
vt 0.621611 0.176856
vt 0.635224 0.114937
vt 0.617061 0.106945
vt 0.621032 0.113116
vt 0.642337 0.194660
vt 0.635957 0.195989
vt 0.632994 0.190706
vt 0.641329 0.199676
vt 0.648645 0.202937
vt 0.635285 0.202672
vt 0.847842 0.013050
vt 0.869392 0.006374
vt 0.855124 0.014195
vt 0.841279 0.018074
vt 0.831729 0.016771
vt 0.824984 0.022229
vt 0.810299 0.021611
vt 0.808956 0.025952
vt 0.788455 0.025240
vt 0.793055 0.029140
vt 0.773228 0.031168
vt 0.765648 0.026836
vt 0.754164 0.032256
vt 0.740289 0.028108
vt 0.738797 0.032163
vt 0.722514 0.031554
vt 0.715923 0.026691
vt 0.702378 0.029819
vt 0.698043 0.024544
vt 0.683924 0.022802
vt 0.679511 0.026699
vt 0.668316 0.020948
vt 0.659537 0.022568
vt 0.651328 0.017226
vt 0.636918 0.017792
vt 0.630880 0.012060
vt 0.611692 0.011294
vt 0.607952 0.005221
vt 0.591354 0.000851
vt 0.068515 0.508017
vt 0.068988 0.460112
vt 0.119216 0.503769
vt 0.122126 0.469169
vt 0.040317 0.473055
vt 0.146663 0.487886
vt 0.032494 0.496629
vt 0.027163 0.474496
vt 0.025984 0.502956
vt 0.157019 0.462267
vt 0.161479 0.480605
vt 0.168676 0.468871
vt 0.093639 0.449711
vt 0.031777 0.450064
vt 0.139663 0.447600
vt 0.025395 0.452933
vt 0.113172 0.440541
vt 0.079976 0.422539
vt 0.039062 0.429786
vt 0.166411 0.433524
vt 0.003584 0.499393
vt 0.011771 0.485915
vt 0.006012 0.507184
vt 0.027029 0.432815
vt 0.162493 0.443463
vt 0.009240 0.476505
vt 0.016992 0.463241
vt 0.132506 0.414996
vt 0.012065 0.461321
vt 0.015543 0.440969
vt 0.021478 0.443785
vt 0.070096 0.393680
vt 0.022000 0.429557
vt 0.027975 0.413282
vt 0.160049 0.398348
vt 0.019291 0.418604
vt 0.033240 0.396148
vt 0.024784 0.414649
vt 0.171907 0.398583
vt 0.025057 0.398705
vt 0.020955 0.393626
vt 0.025028 0.379614
vt 0.145013 0.361016
vt 0.042928 0.372019
vt 0.112361 0.353773
vt 0.031099 0.371403
vt 0.079431 0.360837
vt 0.171150 0.372293
vt 0.159636 0.366076
vt 0.036289 0.354339
vt 0.027573 0.351075
vt 0.055408 0.346834
vt 0.020932 0.346794
vt 0.170820 0.348202
vt 0.091362 0.340073
vt 0.071357 0.336812
vt 0.031036 0.341063
vt 0.136073 0.336823
vt 0.156992 0.331264
vt 0.037873 0.328802
vt 0.111376 0.318830
vt 0.066692 0.319372
vt 0.029828 0.322438
vt 0.089873 0.325331
vt 0.025682 0.324985
vt 0.172283 0.326959
vt 0.132743 0.318143
vt 0.160514 0.310898
vt 0.021727 0.317318
vt 0.035573 0.312435
vt 0.052978 0.308474
vt 0.172832 0.310151
vt 0.027053 0.304511
vt 0.031726 0.298855
vt 0.037661 0.297531
vt 0.083560 0.288342
vt 0.126862 0.290132
vt 0.022947 0.293468
vt 0.046840 0.284057
vt 0.165080 0.294482
vt 0.171906 0.288430
vt 0.031193 0.282188
vt 0.144152 0.267632
vt 0.086230 0.264458
vt 0.042081 0.246206
vt 0.026857 0.266731
vt 0.171931 0.237730
vt 0.129619 0.252997
vt 0.028205 0.242740
vt 0.077677 0.231772
vt 0.134732 0.226220
vt 0.101750 0.520059
vt 0.135339 0.532927
vt 0.090387 0.540416
vt 0.162363 0.504481
vt 0.038226 0.519350
vt 0.059703 0.544299
vt 0.168307 0.500567
vt 0.161693 0.520539
vt 0.039224 0.535536
vt 0.025462 0.524707
vt 0.164701 0.536224
vt 0.025498 0.541695
vt 0.034653 0.552841
vt 0.156837 0.559393
vt 0.125231 0.558252
vt 0.107776 0.580193
vt 0.048077 0.561223
vt 0.024267 0.558747
vt 0.166948 0.566724
vt 0.053306 0.589800
vt 0.147169 0.585283
vt 0.037590 0.575396
vt 0.025738 0.580356
vt 0.167258 0.583636
vt 0.095113 0.604043
vt 0.032530 0.607893
vt 0.023472 0.598399
vt 0.138490 0.605385
vt 0.118090 0.609701
vt 0.165861 0.608065
vt 0.043496 0.630811
vt 0.158770 0.612384
vt 0.016128 0.605047
vt 0.016383 0.581462
vt 0.020985 0.596512
vt 0.127885 0.630056
vt 0.151031 0.626117
vt 0.021437 0.622380
vt 0.164007 0.630399
vt 0.017097 0.621534
vt 0.104077 0.653996
vt 0.015590 0.634618
vt 0.151357 0.648799
vt 0.164494 0.647578
vt 0.020862 0.650639
vt 0.151922 0.666489
vt 0.164452 0.663660
vt 0.082759 0.679293
vt 0.021274 0.667185
vt 0.016089 0.650927
vt 0.043817 0.692909
vt 0.124427 0.679672
vt 0.015903 0.665090
vt 0.129311 0.697810
vt 0.161983 0.683146
vt 0.156204 0.684155
vt 0.015770 0.685616
vt 0.024509 0.699222
vt 0.146912 0.701758
vt 0.153883 0.711381
vt 0.067205 0.698341
vt 0.087444 0.713262
vt 0.059081 0.716829
vt 0.013454 0.711223
vt 0.017260 0.720119
vt 0.033286 0.732944
vt 0.022491 0.719563
vt 0.012083 0.733230
vt 0.165032 0.706229
vt 0.166199 0.685926
vt 0.162418 0.722699
vt 0.099559 0.737432
vt 0.144192 0.742913
vt 0.064181 0.745589
vt 0.020601 0.733304
vt 0.161264 0.745473
vt 0.015886 0.743573
vt 0.021842 0.755086
vt 0.134455 0.761317
vt 0.095408 0.772298
vt 0.040939 0.757155
vt 0.010998 0.751520
vt 0.153632 0.762207
vt 0.161248 0.772224
vt 0.014999 0.767162
vt 0.026290 0.771686
vt 0.067202 0.778586
vt 0.148883 0.783191
vt 0.011386 0.767465
vt 0.042766 0.778282
vt 0.117272 0.784083
vt 0.019427 0.779436
vt 0.009954 0.783601
vt 0.014788 0.787297
vt 0.158818 0.796248
vt 0.061120 0.798390
vt 0.026293 0.792666
vt 0.018819 0.801082
vt 0.094461 0.810995
vt 0.130653 0.801266
vt 0.149718 0.803982
vt 0.010223 0.800739
vt 0.117444 0.814799
vt 0.014054 0.805864
vt 0.158856 0.811038
vt 0.065828 0.809551
vt 0.147964 0.818937
vt 0.027327 0.821015
vt 0.017403 0.825989
vt 0.157136 0.827950
vt 0.049504 0.826205
vt 0.010660 0.819415
vt 0.137250 0.846016
vt 0.084914 0.850212
vt 0.117604 0.834535
vt 0.010558 0.837735
vt 0.031784 0.845213
vt 0.156327 0.849311
vt 0.017051 0.850278
vt 0.050735 0.845522
vt 0.050861 0.870356
vt 0.010481 0.861319
vt 0.152274 0.869302
vt 0.157274 0.866433
vt 0.028250 0.891837
vt 0.120922 0.880620
vt 0.095670 0.880633
vt 0.142191 0.880379
vt 0.155217 0.883028
vt 0.008362 0.882274
vt 0.077265 0.881628
vt 0.067307 0.895555
vt 0.149255 0.899551
vt 0.133610 0.893448
vt 0.106157 0.899826
vt 0.155065 0.902591
vt 0.010356 0.904939
vt 0.137614 0.915460
vt 0.086493 0.915125
vt 0.014487 0.909120
vt 0.111926 0.918181
vt 0.150422 0.914532
vt 0.151513 0.929111
vt 0.011978 0.917749
vt 0.018709 0.918280
vt 0.066414 0.934290
vt 0.006500 0.927642
vt 0.029517 0.935238
vt 0.129484 0.935778
vt 0.012452 0.932004
vt 0.089295 0.934513
vt 0.142262 0.949636
vt 0.004929 0.947347
vt 0.007873 0.954756
vt 0.012903 0.946592
vt 0.104765 0.957731
vt 0.152213 0.956038
vt 0.037466 0.959689
vt 0.016021 0.957165
vt 0.122728 0.964715
vt 0.063197 0.960000
vt 0.086701 0.967792
vt 0.011205 0.964646
vt 0.001619 0.966787
vt 0.151765 0.975655
vt 0.140124 0.972690
vt 0.006006 0.972255
vt 0.018936 0.975099
vt 0.110444 0.987028
vt 0.042470 0.978811
vt 0.000851 0.984790
vt 0.068004 0.979763
vt 0.129577 0.989615
vt 0.145913 0.989039
vt 0.088749 0.989682
vt 0.013264 0.988453
vt 0.151748 0.997876
vt 0.003988 0.999031
vt 0.779089 0.233295
vt 0.764524 0.234468
vt 0.779860 0.227114
vt 0.759343 0.250851
vt 0.760313 0.244583
vt 0.774704 0.242864
vt 0.756560 0.242705
vt 0.748357 0.242052
vt 0.744433 0.253338
vt 0.737015 0.252730
vt 0.730081 0.252881
vt 0.728356 0.261618
vt 0.741866 0.259525
vt 0.721698 0.261817
vt 0.720187 0.271903
vt 0.709391 0.266905
vt 0.713179 0.269191
vt 0.701629 0.276951
vt 0.692012 0.278490
vt 0.697353 0.286414
vt 0.685596 0.290076
vt 0.677235 0.291907
vt 0.682839 0.300332
vt 0.670491 0.305881
vt 0.670372 0.302489
vt 0.669666 0.313335
vt 0.662180 0.305995
vt 0.658584 0.317531
vt 0.660164 0.322415
vt 0.648077 0.327275
vt 0.648262 0.337423
vt 0.637379 0.341234
vt 0.635920 0.353563
vt 0.626200 0.357317
vt 0.625062 0.371953
vt 0.616817 0.375783
vt 0.614262 0.395087
vt 0.605781 0.396567
vt 0.605219 0.405578
vt 0.606000 0.412187
vt 0.597810 0.414528
vt 0.600003 0.423684
vt 0.589605 0.438383
vt 0.594207 0.441826
vt 0.588117 0.459830
vt 0.581254 0.465245
vt 0.582083 0.481322
vt 0.577886 0.477205
vt 0.577721 0.493864
vt 0.574054 0.500250
vt 0.581741 0.499565
vt 0.655909 0.315519
vt 0.746465 0.804236
vt 0.768126 0.817804
vt 0.751275 0.811540
vt 0.732394 0.800059
vt 0.730812 0.793778
vt 0.717034 0.786259
vt 0.708870 0.785969
vt 0.702816 0.777198
vt 0.693032 0.775683
vt 0.681071 0.764536
vt 0.695477 0.768323
vt 0.677461 0.754027
vt 0.670913 0.754586
vt 0.656237 0.739776
vt 0.661183 0.736350
vt 0.648265 0.725317
vt 0.639820 0.723555
vt 0.638821 0.712750
vt 0.628462 0.707578
vt 0.626427 0.696776
vt 0.612566 0.686438
vt 0.618376 0.685509
vt 0.608068 0.667080
vt 0.599780 0.663967
vt 0.596740 0.644966
vt 0.593102 0.649334
vt 0.585637 0.631025
vt 0.587540 0.619414
vt 0.578479 0.609423
vt 0.583566 0.594250
vt 0.578912 0.597108
vt 0.575520 0.582102
vt 0.581106 0.575424
vt 0.575431 0.556274
vt 0.580820 0.560532
vt 0.577007 0.507772
vt 0.575019 0.526929
vt 0.580067 0.530231
vt 0.579884 0.546341
vt 0.580062 0.518218
vt 0.879376 0.286843
vt 0.869145 0.257838
vt 0.882587 0.261875
vt 0.886798 0.263866
vt 0.886057 0.281324
vt 0.834070 0.271831
vt 0.860340 0.294350
vt 0.840050 0.304622
vt 0.778088 0.278522
vt 0.886430 0.301870
vt 0.749420 0.313469
vt 0.740859 0.268886
vt 0.880883 0.316909
vt 0.766212 0.310160
vt 0.812509 0.319198
vt 0.877628 0.307297
vt 0.866794 0.319571
vt 0.787415 0.320779
vt 0.739362 0.322633
vt 0.886598 0.321327
vt 0.883776 0.329472
vt 0.765417 0.330407
vt 0.846163 0.337112
vt 0.867790 0.335889
vt 0.889174 0.337258
vt 0.750444 0.343098
vt 0.784224 0.344957
vt 0.825332 0.351828
vt 0.880301 0.347821
vt 0.807459 0.353142
vt 0.886898 0.350221
vt 0.865807 0.356934
vt 0.739079 0.350582
vt 0.847611 0.364265
vt 0.892474 0.355819
vt 0.764308 0.362067
vt 0.880644 0.365125
vt 0.743486 0.359802
vt 0.790725 0.367848
vt 0.890315 0.367300
vt 0.738591 0.367760
vt 0.826343 0.377615
vt 0.769307 0.380518
vt 0.894634 0.372761
vt 0.748759 0.379576
vt 0.871207 0.378144
vt 0.880930 0.379203
vt 0.849614 0.388211
vt 0.739065 0.387306
vt 0.893621 0.383238
vt 0.801145 0.393532
vt 0.899207 0.388216
vt 0.832668 0.399607
vt 0.749333 0.396248
vt 0.898408 0.398739
vt 0.770609 0.402220
vt 0.880704 0.398287
vt 0.870935 0.401745
vt 0.792059 0.409797
vt 0.738437 0.404428
vt 0.906220 0.408051
vt 0.816258 0.408633
vt 0.748250 0.417877
vt 0.854860 0.414423
vt 0.880516 0.418357
vt 0.770106 0.420447
vt 0.903059 0.412839
vt 0.874859 0.416443
vt 0.738276 0.421530
vt 0.807015 0.428413
vt 0.873040 0.431519
vt 0.910334 0.425368
vt 0.906340 0.426177
vt 0.756077 0.449448
vt 0.850110 0.432227
vt 0.879110 0.445490
vt 0.831783 0.439866
vt 0.739571 0.449485
vt 0.914100 0.441842
vt 0.816480 0.458152
vt 0.859789 0.446540
vt 0.839045 0.455032
vt 0.787189 0.455355
vt 0.869435 0.461901
vt 0.745367 0.478514
vt 0.766319 0.467141
vt 0.880380 0.474720
vt 0.794722 0.470958
vt 0.848660 0.475335
vt 0.736258 0.478882
vt 0.866207 0.484775
vt 0.772996 0.489615
vt 0.838390 0.489163
vt 0.795226 0.493201
vt 0.737826 0.495926
vt 0.746402 0.496086
vt 0.881002 0.491104
vt 0.816080 0.493458
vt 0.874398 0.496380
vt 0.826015 0.505870
vt 0.853332 0.512480
vt 0.881274 0.505452
vt 0.809947 0.514422
vt 0.872883 0.516824
vt 0.739091 0.513745
vt 0.757728 0.517554
vt 0.779666 0.517506
vt 0.880959 0.521534
vt 0.871332 0.796303
vt 0.881680 0.811323
vt 0.879258 0.820011
vt 0.870708 0.809874
vt 0.846561 0.807184
vt 0.748303 0.777924
vt 0.757531 0.798022
vt 0.740913 0.798604
vt 0.820514 0.807116
vt 0.823685 0.791744
vt 0.846038 0.782995
vt 0.799086 0.797493
vt 0.735151 0.789560
vt 0.777044 0.800493
vt 0.767325 0.777710
vt 0.787412 0.777120
vt 0.807832 0.776670
vt 0.826548 0.773688
vt 0.740104 0.771016
vt 0.832720 0.527870
vt 0.798348 0.530949
vt 0.870274 0.770235
vt 0.878877 0.784633
vt 0.879053 0.766539
vt 0.742967 0.534755
vt 0.737703 0.536836
vt 0.775191 0.756038
vt 0.756964 0.755462
vt 0.845972 0.757855
vt 0.870653 0.536285
vt 0.794027 0.755353
vt 0.847873 0.537001
vt 0.735107 0.759172
vt 0.745035 0.745596
vt 0.763232 0.541510
vt 0.812911 0.757114
vt 0.881475 0.538692
vt 0.874447 0.750417
vt 0.735105 0.745436
vt 0.827094 0.543901
vt 0.879727 0.752931
vt 0.859600 0.741721
vt 0.879732 0.554868
vt 0.782279 0.557578
vt 0.851160 0.552454
vt 0.738629 0.552817
vt 0.807258 0.551036
vt 0.878937 0.738384
vt 0.870926 0.558833
vt 0.765880 0.737273
vt 0.784522 0.740062
vt 0.827629 0.737660
vt 0.831941 0.564138
vt 0.735168 0.725513
vt 0.745916 0.727147
vt 0.802024 0.732995
vt 0.752674 0.563852
vt 0.869272 0.721593
vt 0.784197 0.723916
vt 0.841584 0.720824
vt 0.738301 0.570617
vt 0.811243 0.570584
vt 0.774100 0.571824
vt 0.874715 0.575318
vt 0.762649 0.713926
vt 0.880891 0.576795
vt 0.852423 0.580756
vt 0.879521 0.720521
vt 0.738908 0.709742
vt 0.822531 0.713070
vt 0.799345 0.581835
vt 0.749631 0.577323
vt 0.738829 0.585260
vt 0.826292 0.582245
vt 0.874397 0.592895
vt 0.794726 0.710509
vt 0.878501 0.704361
vt 0.747728 0.600056
vt 0.747972 0.700672
vt 0.773650 0.700356
vt 0.862274 0.703303
vt 0.880888 0.592275
vt 0.784734 0.594462
vt 0.815463 0.596638
vt 0.737616 0.601450
vt 0.737560 0.683802
vt 0.842117 0.697884
vt 0.814739 0.696570
vt 0.839608 0.597788
vt 0.865447 0.686620
vt 0.791635 0.689950
vt 0.880492 0.610422
vt 0.755194 0.680308
vt 0.857179 0.603016
vt 0.869510 0.618780
vt 0.737359 0.618015
vt 0.879514 0.685735
vt 0.764099 0.613353
vt 0.820372 0.610449
vt 0.746753 0.624227
vt 0.872490 0.673388
vt 0.880676 0.629331
vt 0.738092 0.637270
vt 0.879919 0.664138
vt 0.817016 0.681388
vt 0.842219 0.625394
vt 0.791379 0.619564
vt 0.766665 0.666986
vt 0.846365 0.671343
vt 0.867316 0.637422
vt 0.769748 0.647848
vt 0.739193 0.657608
vt 0.870431 0.658304
vt 0.769907 0.630209
vt 0.880162 0.646197
vt 0.823949 0.660749
vt 0.795103 0.666256
vt 0.845681 0.648051
vt 0.819574 0.635139
vt 0.797872 0.637129
vt 0.803102 0.651873
s 1
usemtl material_0.009
f 1/1/1 2/2/2 3/3/3
f 4/4/4 1/1/1 3/3/3
f 5/5/5 1/1/1 4/4/4
f 6/6/6 5/5/5 4/4/4
f 7/7/7 8/8/8 2/2/2
f 9/9/9 8/8/8 7/7/7
f 10/10/10 1/1/1 5/5/5
f 5/5/5 11/11/11 10/10/10
f 11/11/11 12/12/12 13/13/13
f 13/13/13 10/10/10 11/11/11
f 13/13/13 12/12/12 14/14/14
f 6/6/6 15/15/15 5/5/5
f 6/6/6 16/16/16 17/17/17
f 18/18/18 9/9/9 7/7/7
f 19/19/19 9/9/9 18/18/18
f 15/15/15 6/6/6 17/17/17
f 20/20/20 5/5/5 15/15/15
f 18/18/18 21/21/21 19/19/19
f 22/22/22 14/14/14 23/23/23
f 14/14/14 12/12/12 23/23/23
f 24/24/24 17/17/17 16/16/16
f 25/25/25 15/15/15 17/17/17
f 20/20/20 15/15/15 25/25/25
f 26/26/26 5/5/5 20/20/20
f 20/20/20 25/25/25 27/27/27
f 21/21/21 28/28/28 19/19/19
f 17/17/17 24/24/24 29/29/29
f 30/30/30 19/19/19 28/28/28
f 11/11/11 31/31/31 12/12/12
f 32/32/32 11/11/11 5/5/5
f 25/25/25 17/17/17 29/29/29
f 32/32/32 31/31/31 11/11/11
f 27/27/27 25/25/25 29/29/29
f 22/22/22 23/23/23 33/33/33
f 31/31/31 23/23/23 12/12/12
f 34/34/34 5/5/5 26/26/26
f 35/35/35 22/22/22 33/33/33
f 23/23/23 31/31/31 36/36/36
f 24/24/24 37/37/37 38/38/38
f 32/32/32 5/5/5 34/34/34
f 38/38/38 29/29/29 24/24/24
f 33/33/33 39/39/39 35/35/35
f 40/40/40 26/26/26 20/20/20
f 27/27/27 29/29/29 41/41/41
f 36/36/36 33/33/33 23/23/23
f 42/42/42 30/30/30 28/28/28
f 34/34/34 26/26/26 43/43/43
f 20/20/20 27/27/27 40/40/40
f 26/26/26 40/40/40 43/43/43
f 39/39/39 44/44/44 35/35/35
f 33/33/33 36/36/36 45/45/45
f 41/41/41 29/29/29 46/46/46
f 39/39/39 47/47/47 44/44/44
f 48/48/48 32/32/32 34/34/34
f 48/48/48 34/34/34 43/43/43
f 27/27/27 41/41/41 49/49/49
f 31/31/31 32/32/32 48/48/48
f 36/36/36 31/31/31 45/45/45
f 50/50/50 31/31/31 48/48/48
f 33/33/33 51/51/51 39/39/39
f 45/45/45 31/31/31 50/50/50
f 49/49/49 40/40/40 27/27/27
f 41/41/41 46/46/46 52/52/52
f 38/38/38 37/37/37 53/53/53
f 39/39/39 54/54/54 47/47/47
f 51/51/51 54/54/54 39/39/39
f 49/49/49 41/41/41 52/52/52
f 40/40/40 49/49/49 55/55/55
f 43/43/43 40/40/40 55/55/55
f 33/33/33 54/54/54 51/51/51
f 56/56/56 44/44/44 47/47/47
f 43/43/43 55/55/55 57/57/57
f 33/33/33 45/45/45 58/58/58
f 43/43/43 57/57/57 48/48/48
f 59/59/59 52/52/52 46/46/46
f 58/58/58 45/45/45 60/60/60
f 55/55/55 49/49/49 61/61/61
f 50/50/50 60/60/60 45/45/45
f 58/58/58 60/60/60 62/62/62
f 47/47/47 54/54/54 63/63/63
f 61/61/61 49/49/49 52/52/52
f 64/64/64 61/61/61 52/52/52
f 65/65/65 47/47/47 66/66/66
f 64/64/64 52/52/52 59/59/59
f 67/67/67 33/33/33 58/58/58
f 58/58/58 62/62/62 67/67/67
f 48/48/48 57/57/57 68/68/68
f 69/69/69 62/62/62 60/60/60
f 66/66/66 47/47/47 63/63/63
f 54/54/54 33/33/33 67/67/67
f 60/60/60 50/50/50 69/69/69
f 70/70/70 61/61/61 64/64/64
f 71/71/71 61/61/61 70/70/70
f 54/54/54 72/72/72 63/63/63
f 50/50/50 48/48/48 73/73/73
f 68/68/68 57/57/57 55/55/55
f 74/74/74 48/48/48 68/68/68
f 75/75/75 66/66/66 63/63/63
f 75/75/75 63/63/63 72/72/72
f 67/67/67 62/62/62 69/69/69
f 76/76/76 68/68/68 55/55/55
f 64/64/64 77/77/77 70/70/70
f 78/78/78 65/65/65 66/66/66
f 74/74/74 73/73/73 48/48/48
f 55/55/55 61/61/61 76/76/76
f 79/79/79 68/68/68 76/76/76
f 67/67/67 69/69/69 80/80/80
f 54/54/54 67/67/67 81/81/81
f 75/75/75 78/78/78 66/66/66
f 82/82/82 83/83/83 77/77/77
f 72/72/72 84/84/84 75/75/75
f 77/77/77 83/83/83 70/70/70
f 81/81/81 67/67/67 80/80/80
f 74/74/74 85/85/85 73/73/73
f 68/68/68 79/79/79 86/86/86
f 81/81/81 72/72/72 54/54/54
f 86/86/86 74/74/74 68/68/68
f 50/50/50 87/87/87 69/69/69
f 78/78/78 75/75/75 88/88/88
f 74/74/74 89/89/89 90/90/90
f 89/89/89 74/74/74 86/86/86
f 61/61/61 71/71/71 76/76/76
f 84/84/84 88/88/88 75/75/75
f 71/71/71 70/70/70 91/91/91
f 92/92/92 65/65/65 78/78/78
f 80/80/80 69/69/69 87/87/87
f 92/92/92 93/93/93 65/65/65
f 81/81/81 94/94/94 72/72/72
f 86/86/86 79/79/79 95/95/95
f 71/71/71 91/91/91 76/76/76
f 87/87/87 50/50/50 96/96/96
f 85/85/85 74/74/74 90/90/90
f 97/97/97 85/85/85 90/90/90
f 83/83/83 98/98/98 70/70/70
f 92/92/92 78/78/78 88/88/88
f 84/84/84 72/72/72 94/94/94
f 50/50/50 73/73/73 96/96/96
f 98/98/98 91/91/91 70/70/70
f 99/99/99 83/83/83 82/82/82
f 80/80/80 87/87/87 100/100/100
f 96/96/96 73/73/73 101/101/101
f 86/86/86 95/95/95 102/102/102
f 81/81/81 103/103/103 94/94/94
f 87/87/87 96/96/96 100/100/100
f 89/89/89 86/86/86 102/102/102
f 76/76/76 91/91/91 104/104/104
f 105/105/105 83/83/83 99/99/99
f 90/90/90 89/89/89 97/97/97
f 106/106/106 89/89/89 102/102/102
f 107/107/107 97/97/97 89/89/89
f 103/103/103 81/81/81 80/80/80
f 85/85/85 97/97/97 108/108/108
f 88/88/88 109/109/109 92/92/92
f 96/96/96 101/101/101 100/100/100
f 110/110/110 102/102/102 95/95/95
f 76/76/76 111/111/111 79/79/79
f 84/84/84 109/109/109 88/88/88
f 107/107/107 108/108/108 97/97/97
f 85/85/85 108/108/108 112/112/112
f 110/110/110 106/106/106 102/102/102
f 105/105/105 98/98/98 83/83/83
f 103/103/103 84/84/84 94/94/94
f 80/80/80 100/100/100 113/113/113
f 107/107/107 112/112/112 108/108/108
f 92/92/92 114/114/114 93/93/93
f 89/89/89 115/115/115 107/107/107
f 95/95/95 79/79/79 111/111/111
f 89/89/89 106/106/106 115/115/115
f 104/104/104 91/91/91 116/116/116
f 98/98/98 116/116/116 91/91/91
f 117/117/117 114/114/114 92/92/92
f 98/98/98 105/105/105 118/118/118
f 103/103/103 80/80/80 113/113/113
f 105/105/105 99/99/99 119/119/119
f 112/112/112 107/107/107 120/120/120
f 73/73/73 85/85/85 121/121/121
f 121/121/121 85/85/85 112/112/112
f 110/110/110 95/95/95 106/106/106
f 118/118/118 122/122/122 98/98/98
f 105/105/105 119/119/119 118/118/118
f 101/101/101 113/113/113 100/100/100
f 112/112/112 120/120/120 123/123/123
f 101/101/101 73/73/73 124/124/124
f 111/111/111 76/76/76 104/104/104
f 125/125/125 113/113/113 101/101/101
f 101/101/101 124/124/124 125/125/125
f 117/117/117 92/92/92 126/126/126
f 126/126/126 92/92/92 109/109/109
f 84/84/84 126/126/126 109/109/109
f 121/121/121 124/124/124 73/73/73
f 121/121/121 112/112/112 127/127/127
f 128/128/128 120/120/120 107/107/107
f 104/104/104 116/116/116 111/111/111
f 129/129/129 95/95/95 111/111/111
f 127/127/127 112/112/112 130/130/130
f 107/107/107 131/131/131 128/128/128
f 132/132/132 126/126/126 84/84/84
f 123/123/123 120/120/120 128/128/128
f 133/133/133 128/128/128 131/131/131
f 115/115/115 131/131/131 107/107/107
f 98/98/98 122/122/122 116/116/116
f 123/123/123 128/128/128 133/133/133
f 99/99/99 134/134/134 119/119/119
f 106/106/106 95/95/95 129/129/129
f 130/130/130 112/112/112 123/123/123
f 106/106/106 135/135/135 115/115/115
f 122/122/122 111/111/111 116/116/116
f 136/136/136 114/114/114 117/117/117
f 106/106/106 137/137/137 135/135/135
f 106/106/106 129/129/129 137/137/137
f 130/130/130 123/123/123 138/138/138
f 139/139/139 133/133/133 131/131/131
f 131/131/131 140/140/140 139/139/139
f 132/132/132 84/84/84 103/103/103
f 141/141/141 125/125/125 124/124/124
f 141/141/141 124/124/124 121/121/121
f 142/142/142 131/131/131 115/115/115
f 121/121/121 127/127/127 141/141/141
f 123/123/123 133/133/133 138/138/138
f 133/133/133 139/139/139 143/143/143
f 119/119/119 134/134/134 144/144/144
f 143/143/143 139/139/139 145/145/145
f 131/131/131 142/142/142 140/140/140
f 138/138/138 133/133/133 143/143/143
f 146/146/146 145/145/145 139/139/139
f 139/139/139 140/140/140 142/142/142
f 118/118/118 119/119/119 144/144/144
f 147/147/147 115/115/115 135/135/135
f 148/148/148 114/114/114 136/136/136
f 139/139/139 142/142/142 146/146/146
f 144/144/144 122/122/122 118/118/118
f 149/149/149 127/127/127 130/130/130
f 126/126/126 150/150/150 117/117/117
f 127/127/127 151/151/151 141/141/141
f 138/138/138 152/152/152 130/130/130
f 138/138/138 143/143/143 153/153/153
f 150/150/150 126/126/126 132/132/132
f 103/103/103 113/113/113 154/154/154
f 130/130/130 152/152/152 155/155/155
f 117/117/117 150/150/150 136/136/136
f 145/145/145 146/146/146 156/156/156
f 153/153/153 143/143/143 157/157/157
f 142/142/142 115/115/115 158/158/158
f 159/159/159 130/130/130 155/155/155
f 145/145/145 157/157/157 143/143/143
f 137/137/137 129/129/129 160/160/160
f 151/151/151 127/127/127 161/161/161
f 149/149/149 130/130/130 159/159/159
f 162/162/162 144/144/144 134/134/134
f 163/163/163 157/157/157 145/145/145
f 142/142/142 158/158/158 164/164/164
f 163/163/163 145/145/145 156/156/156
f 164/164/164 146/146/146 142/142/142
f 165/165/165 146/146/146 164/164/164
f 161/161/161 127/127/127 149/149/149
f 157/157/157 163/163/163 166/166/166
f 167/167/167 163/163/163 156/156/156
f 151/151/151 125/125/125 141/141/141
f 153/153/153 152/152/152 138/138/138
f 137/137/137 160/160/160 135/135/135
f 166/166/166 163/163/163 168/168/168
f 169/169/169 148/148/148 136/136/136
f 169/169/169 136/136/136 150/150/150
f 165/165/165 156/156/156 146/146/146
f 163/163/163 167/167/167 168/168/168
f 165/165/165 170/170/170 156/156/156
f 171/171/171 152/152/152 153/153/153
f 132/132/132 103/103/103 172/172/172
f 173/173/173 153/153/153 157/157/157
f 156/156/156 170/170/170 167/167/167
f 157/157/157 166/166/166 174/174/174
f 175/175/175 135/135/135 160/160/160
f 174/174/174 173/173/173 157/157/157
f 169/169/169 150/150/150 132/132/132
f 176/176/176 115/115/115 147/147/147
f 177/177/177 170/170/170 165/165/165
f 176/176/176 158/158/158 115/115/115
f 178/178/178 147/147/147 135/135/135
f 172/172/172 103/103/103 179/179/179
f 175/175/175 178/178/178 135/135/135
f 125/125/125 154/154/154 113/113/113
f 180/180/180 167/167/167 170/170/170
f 166/166/166 168/168/168 174/174/174
f 174/174/174 168/168/168 181/181/181
f 181/181/181 168/168/168 167/167/167
f 182/182/182 165/165/165 164/164/164
f 160/160/160 129/129/129 183/183/183
f 182/182/182 177/177/177 165/165/165
f 173/173/173 171/171/171 153/153/153
f 184/184/184 167/167/167 180/180/180
f 159/159/159 185/185/185 149/149/149
f 147/147/147 178/178/178 176/176/176
f 149/149/149 186/186/186 161/161/161
f 180/180/180 170/170/170 177/177/177
f 164/164/164 158/158/158 176/176/176
f 122/122/122 144/144/144 187/187/187
f 188/188/188 159/159/159 155/155/155
f 174/174/174 189/189/189 173/173/173
f 174/174/174 181/181/181 190/190/190
f 186/186/186 149/149/149 185/185/185
f 154/154/154 125/125/125 191/191/191
f 155/155/155 152/152/152 188/188/188
f 190/190/190 181/181/181 192/192/192
f 129/129/129 111/111/111 193/193/193
f 173/173/173 194/194/194 171/171/171
f 181/181/181 184/184/184 192/192/192
f 169/169/169 195/195/195 148/148/148
f 189/189/189 194/194/194 173/173/173
f 196/196/196 184/184/184 180/180/180
f 164/164/164 197/197/197 182/182/182
f 160/160/160 183/183/183 198/198/198
f 159/159/159 188/188/188 185/185/185
f 189/189/189 174/174/174 199/199/199
f 179/179/179 103/103/103 154/154/154
f 200/200/200 190/190/190 192/192/192
f 164/164/164 201/201/201 197/197/197
f 175/175/175 160/160/160 198/198/198
f 171/171/171 202/202/202 152/152/152
f 187/187/187 144/144/144 203/203/203
f 204/204/204 196/196/196 180/180/180
f 204/204/204 180/180/180 177/177/177
f 201/201/201 164/164/164 176/176/176
f 178/178/178 175/175/175 205/205/205
f 187/187/187 206/206/206 122/122/122
f 199/199/199 174/174/174 190/190/190
f 177/177/177 182/182/182 204/204/204
f 206/206/206 111/111/111 122/122/122
f 207/207/207 194/194/194 189/189/189
f 189/189/189 199/199/199 208/208/208
f 184/184/184 196/196/196 209/209/209
f 209/209/209 192/192/192 184/184/184
f 210/210/210 176/176/176 178/178/178
f 183/183/183 129/129/129 211/211/211
f 212/212/212 203/203/203 144/144/144
f 169/169/169 132/132/132 213/213/213
f 199/199/199 190/190/190 214/214/214
f 111/111/111 206/206/206 193/193/193
f 212/212/212 144/144/144 162/162/162
f 132/132/132 172/172/172 215/215/215
f 216/216/216 188/188/188 152/152/152
f 199/199/199 214/214/214 217/217/217
f 192/192/192 209/209/209 200/200/200
f 204/204/204 182/182/182 218/218/218
f 151/151/151 191/191/191 125/125/125
f 218/218/218 182/182/182 197/197/197
f 205/205/205 175/175/175 198/198/198
f 215/215/215 213/213/213 132/132/132
f 219/219/219 169/169/169 213/213/213
f 202/202/202 171/171/171 194/194/194
f 178/178/178 205/205/205 210/210/210
f 208/208/208 199/199/199 220/220/220
f 214/214/214 190/190/190 200/200/200
f 221/221/221 219/219/219 213/213/213
f 201/201/201 176/176/176 222/222/222
f 202/202/202 216/216/216 152/152/152
f 217/217/217 214/214/214 223/223/223
f 224/224/224 151/151/151 161/161/161
f 199/199/199 217/217/217 220/220/220
f 189/189/189 225/225/225 207/207/207
f 189/189/189 208/208/208 225/225/225
f 214/214/214 200/200/200 226/226/226
f 209/209/209 196/196/196 227/227/227
f 196/196/196 204/204/204 228/228/228
f 211/211/211 129/129/129 229/229/229
f 161/161/161 186/186/186 224/224/224
f 225/225/225 208/208/208 220/220/220
f 197/197/197 201/201/201 230/230/230
f 222/222/222 176/176/176 210/210/210
f 205/205/205 198/198/198 183/183/183
f 183/183/183 211/211/211 231/231/231
f 229/229/229 129/129/129 232/232/232
f 233/233/233 202/202/202 194/194/194
f 207/207/207 233/233/233 194/194/194
f 234/234/234 200/200/200 209/209/209
f 209/209/209 227/227/227 234/234/234
f 179/179/179 235/235/235 172/172/172
f 216/216/216 202/202/202 236/236/236
f 226/226/226 237/237/237 214/214/214
f 222/222/222 210/210/210 238/238/238
f 193/193/193 206/206/206 239/239/239
f 240/240/240 225/225/225 220/220/220
f 196/196/196 228/228/228 227/227/227
f 241/241/241 230/230/230 201/201/201
f 187/187/187 203/203/203 242/242/242
f 185/185/185 188/188/188 243/243/243
f 244/244/244 217/217/217 223/223/223
f 214/214/214 237/237/237 223/223/223
f 241/241/241 201/201/201 222/222/222
f 226/226/226 200/200/200 245/245/245
f 183/183/183 231/231/231 246/246/246
f 206/206/206 187/187/187 247/247/247
f 236/236/236 202/202/202 233/233/233
f 244/244/244 223/223/223 237/237/237
f 226/226/226 245/245/245 237/237/237
f 129/129/129 193/193/193 239/239/239
f 228/228/228 204/204/204 248/248/248
f 230/230/230 218/218/218 197/197/197
f 224/224/224 186/186/186 249/249/249
f 212/212/212 250/250/250 203/203/203
f 251/251/251 213/213/213 215/215/215
f 233/233/233 207/207/207 252/252/252
f 244/244/244 237/237/237 253/253/253
f 218/218/218 248/248/248 204/204/204
f 254/254/254 151/151/151 224/224/224
f 225/225/225 252/252/252 207/207/207
f 255/255/255 217/217/217 244/244/244
f 191/191/191 151/151/151 254/254/254
f 240/240/240 220/220/220 217/217/217
f 253/253/253 237/237/237 245/245/245
f 238/238/238 241/241/241 222/222/222
f 256/256/256 206/206/206 247/247/247
f 206/206/206 256/256/256 239/239/239
f 257/257/257 228/228/228 248/248/248
f 255/255/255 258/258/258 217/217/217
f 259/259/259 240/240/240 217/217/217
f 210/210/210 205/205/205 260/260/260
f 246/246/246 205/205/205 183/183/183
f 254/254/254 224/224/224 249/249/249
f 216/216/216 243/243/243 188/188/188
f 217/217/217 258/258/258 259/259/259
f 210/210/210 260/260/260 238/238/238
f 215/215/215 172/172/172 261/261/261
f 243/243/243 186/186/186 185/185/185
f 252/252/252 225/225/225 240/240/240
f 244/244/244 253/253/253 255/255/255
f 261/261/261 251/251/251 215/215/215
f 253/253/253 262/262/262 255/255/255
f 263/263/263 245/245/245 200/200/200
f 264/264/264 200/200/200 234/234/234
f 172/172/172 235/235/235 261/261/261
f 258/258/258 255/255/255 265/265/265
f 234/234/234 227/227/227 264/264/264
f 262/262/262 265/265/265 255/255/255
f 266/266/266 232/232/232 129/129/129
f 266/266/266 129/129/129 239/239/239
f 267/267/267 250/250/250 212/212/212
f 268/268/268 227/227/227 228/228/228
f 260/260/260 205/205/205 269/269/269
f 205/205/205 246/246/246 270/270/270
f 211/211/211 229/229/229 271/271/271
f 253/253/253 272/272/272 262/262/262
f 216/216/216 236/236/236 273/273/273
f 218/218/218 230/230/230 274/274/274
f 252/252/252 275/275/275 233/233/233
f 252/252/252 240/240/240 276/276/276
f 277/277/277 253/253/253 245/245/245
f 263/263/263 200/200/200 264/264/264
f 231/231/231 211/211/211 271/271/271
f 187/187/187 242/242/242 247/247/247
f 278/278/278 236/236/236 233/233/233
f 277/277/277 272/272/272 253/253/253
f 246/246/246 231/231/231 279/279/279
f 262/262/262 272/272/272 280/280/280
f 270/270/270 246/246/246 279/279/279
f 221/221/221 281/281/281 219/219/219
f 269/269/269 205/205/205 270/270/270
f 282/282/282 229/229/229 232/232/232
f 283/283/283 262/262/262 280/280/280
f 228/228/228 257/257/257 268/268/268
f 248/248/248 218/218/218 284/284/284
f 285/285/285 242/242/242 203/203/203
f 203/203/203 250/250/250 285/285/285
f 239/239/239 256/256/256 266/266/266
f 273/273/273 236/236/236 278/278/278
f 233/233/233 275/275/275 278/278/278
f 240/240/240 259/259/259 276/276/276
f 262/262/262 286/286/286 265/265/265
f 245/245/245 263/263/263 287/287/287
f 256/256/256 247/247/247 288/288/288
f 221/221/221 213/213/213 251/251/251
f 283/283/283 286/286/286 262/262/262
f 280/280/280 289/289/289 283/283/283
f 245/245/245 287/287/287 277/277/277
f 230/230/230 290/290/290 274/274/274
f 291/291/291 230/230/230 241/241/241
f 292/292/292 293/293/293 259/259/259
f 293/293/293 276/276/276 259/259/259
f 286/286/286 258/258/258 265/265/265
f 294/294/294 251/251/251 261/261/261
f 280/280/280 272/272/272 295/295/295
f 227/227/227 296/296/296 264/264/264
f 290/290/290 230/230/230 291/291/291
f 216/216/216 297/297/297 243/243/243
f 258/258/258 286/286/286 298/298/298
f 227/227/227 268/268/268 296/296/296
f 218/218/218 274/274/274 284/284/284
f 179/179/179 154/154/154 299/299/299
f 275/275/275 252/252/252 276/276/276
f 294/294/294 261/261/261 300/300/300
f 261/261/261 235/235/235 300/300/300
f 301/301/301 291/291/291 241/241/241
f 238/238/238 301/301/301 241/241/241
f 263/263/263 264/264/264 302/302/302
f 216/216/216 273/273/273 297/297/297
f 283/283/283 303/303/303 286/286/286
f 288/288/288 266/266/266 256/256/256
f 259/259/259 258/258/258 292/292/292
f 295/295/295 289/289/289 280/280/280
f 304/304/304 277/277/277 287/287/287
f 263/263/263 302/302/302 287/287/287
f 284/284/284 257/257/257 248/248/248
f 305/305/305 306/306/306 307/307/307
f 272/272/272 277/277/277 304/304/304
f 308/308/308 250/250/250 267/267/267
f 309/309/309 186/186/186 243/243/243
f 276/276/276 293/293/293 310/310/310
f 295/295/295 311/311/311 289/289/289
f 312/312/312 247/247/247 242/242/242
f 283/283/283 313/313/313 303/303/303
f 314/314/314 315/315/315 316/316/316
f 289/289/289 311/311/311 283/283/283
f 317/317/317 271/271/271 229/229/229
f 318/318/318 229/229/229 282/282/282
f 319/319/319 314/314/314 316/316/316
f 269/269/269 270/270/270 320/320/320
f 247/247/247 312/312/312 288/288/288
f 321/321/321 276/276/276 310/310/310
f 322/322/322 271/271/271 317/317/317
f 323/323/323 295/295/295 272/272/272
f 272/272/272 304/304/304 323/323/323
f 320/320/320 324/324/324 269/269/269
f 271/271/271 322/322/322 231/231/231
f 229/229/229 318/318/318 317/317/317
f 249/249/249 186/186/186 325/325/325
f 325/325/325 186/186/186 309/309/309
f 326/326/326 278/278/278 275/275/275
f 257/257/257 327/327/327 268/268/268
f 260/260/260 269/269/269 324/324/324
f 276/276/276 321/321/321 275/275/275
f 327/327/327 296/296/296 268/268/268
f 238/238/238 260/260/260 328/328/328
f 242/242/242 329/329/329 312/312/312
f 309/309/309 243/243/243 297/297/297
f 311/311/311 330/330/330 331/331/331
f 257/257/257 284/284/284 332/332/332
f 238/238/238 328/328/328 333/333/333
f 270/270/270 279/279/279 334/334/334
f 311/311/311 331/331/331 335/335/335
f 287/287/287 302/302/302 336/336/336
f 318/318/318 282/282/282 337/337/337
f 232/232/232 337/337/337 282/282/282
f 338/338/338 298/298/298 286/286/286
f 286/286/286 303/303/303 338/338/338
f 249/249/249 325/325/325 339/339/339
f 340/340/340 281/281/281 221/221/221
f 294/294/294 300/300/300 341/341/341
f 342/342/342 154/154/154 191/191/191
f 336/336/336 304/304/304 287/287/287
f 231/231/231 343/343/343 279/279/279
f 249/249/249 339/339/339 254/254/254
f 344/344/344 296/296/296 327/327/327
f 345/345/345 284/284/284 274/274/274
f 266/266/266 288/288/288 346/346/346
f 221/221/221 251/251/251 347/347/347
f 278/278/278 326/326/326 273/273/273
f 257/257/257 332/332/332 327/327/327
f 320/320/320 270/270/270 334/334/334
f 329/329/329 242/242/242 285/285/285
f 285/285/285 250/250/250 348/348/348
f 294/294/294 347/347/347 251/251/251
f 301/301/301 238/238/238 333/333/333
f 260/260/260 324/324/324 328/328/328
f 235/235/235 179/179/179 300/300/300
f 311/311/311 295/295/295 349/349/349
f 350/350/350 323/323/323 304/304/304
f 343/343/343 231/231/231 322/322/322
f 302/302/302 264/264/264 351/351/351
f 264/264/264 296/296/296 351/351/351
f 350/350/350 304/304/304 336/336/336
f 320/320/320 334/334/334 324/324/324
f 288/288/288 352/352/352 346/346/346
f 348/348/348 329/329/329 285/285/285
f 340/340/340 221/221/221 347/347/347
f 345/345/345 274/274/274 353/353/353
f 274/274/274 290/290/290 353/353/353
f 343/343/343 334/334/334 279/279/279
f 342/342/342 191/191/191 354/354/354
f 355/355/355 292/292/292 258/258/258
f 356/356/356 331/331/331 330/330/330
f 330/330/330 311/311/311 349/349/349
f 305/305/305 357/357/357 306/306/306
f 345/345/345 332/332/332 284/284/284
f 352/352/352 288/288/288 312/312/312
f 326/326/326 275/275/275 321/321/321
f 358/358/358 291/291/291 301/301/301
f 359/359/359 232/232/232 266/266/266
f 340/340/340 360/360/360 281/281/281
f 361/361/361 362/362/362 363/363/363
f 361/361/361 364/364/364 365/365/365
f 308/308/308 348/348/348 250/250/250
f 317/317/317 366/366/366 322/322/322
f 365/365/365 364/364/364 315/315/315
f 315/315/315 314/314/314 365/365/365
f 367/367/367 368/368/368 369/369/369
f 317/317/317 318/318/318 366/366/366
f 331/331/331 356/356/356 370/370/370
f 349/349/349 295/295/295 371/371/371
f 351/351/351 296/296/296 344/344/344
f 310/310/310 293/293/293 372/372/372
f 344/344/344 327/327/327 332/332/332
f 368/368/368 373/373/373 369/369/369
f 291/291/291 358/358/358 290/290/290
f 333/333/333 358/358/358 301/301/301
f 356/356/356 330/330/330 349/349/349
f 370/370/370 335/335/335 331/331/331
f 321/321/321 310/310/310 372/372/372
f 293/293/293 292/292/292 374/374/374
f 375/375/375 336/336/336 302/302/302
f 375/375/375 350/350/350 336/336/336
f 376/376/376 334/334/334 343/343/343
f 302/302/302 351/351/351 377/377/377
f 372/372/372 293/293/293 374/374/374
f 302/302/302 378/378/378 375/375/375
f 333/333/333 328/328/328 379/379/379
f 380/380/380 300/300/300 179/179/179
f 381/381/381 179/179/179 299/299/299
f 273/273/273 326/326/326 382/382/382
f 305/305/305 383/383/383 357/357/357
f 294/294/294 384/384/384 347/347/347
f 384/384/384 294/294/294 341/341/341
f 380/380/380 179/179/179 381/381/381
f 382/382/382 297/297/297 273/273/273
f 370/370/370 356/356/356 385/385/385
f 386/386/386 353/353/353 290/290/290
f 386/386/386 290/290/290 358/358/358
f 387/387/387 379/379/379 328/328/328
f 387/387/387 328/328/328 324/324/324
f 388/388/388 348/348/348 308/308/308
f 356/356/356 349/349/349 371/371/371
f 191/191/191 254/254/254 389/389/389
f 372/372/372 390/390/390 321/321/321
f 391/391/391 344/344/344 332/332/332
f 266/266/266 346/346/346 359/359/359
f 312/312/312 329/329/329 392/392/392
f 390/390/390 326/326/326 321/321/321
f 335/335/335 370/370/370 385/385/385
f 393/393/393 322/322/322 366/366/366
f 340/340/340 347/347/347 394/394/394
f 384/384/384 394/394/394 347/347/347
f 356/356/356 371/371/371 385/385/385
f 232/232/232 359/359/359 395/395/395
f 354/354/354 191/191/191 396/396/396
f 254/254/254 339/339/339 389/389/389
f 297/297/297 397/397/397 309/309/309
f 374/374/374 292/292/292 355/355/355
f 392/392/392 329/329/329 398/398/398
f 377/377/377 378/378/378 302/302/302
f 343/343/343 322/322/322 393/393/393
f 366/366/366 318/318/318 399/399/399
f 337/337/337 399/399/399 318/318/318
f 332/332/332 345/345/345 400/400/400
f 358/358/358 333/333/333 401/401/401
f 191/191/191 389/389/389 396/396/396
f 350/350/350 375/375/375 402/402/402
f 386/386/386 358/358/358 401/401/401
f 312/312/312 392/392/392 352/352/352
f 388/388/388 308/308/308 403/403/403
f 404/404/404 382/382/382 326/326/326
f 391/391/391 332/332/332 400/400/400
f 345/345/345 405/405/405 400/400/400
f 405/405/405 345/345/345 353/353/353
f 406/406/406 383/383/383 305/305/305
f 407/407/407 408/408/408 409/409/409
f 377/377/377 351/351/351 410/410/410
f 410/410/410 351/351/351 344/344/344
f 411/411/411 314/314/314 409/409/409
f 314/314/314 407/407/407 409/409/409
f 376/376/376 343/343/343 393/393/393
f 397/397/397 297/297/297 382/382/382
f 412/412/412 374/374/374 355/355/355
f 348/348/348 398/398/398 329/329/329
f 413/413/413 339/339/339 325/325/325
f 404/404/404 326/326/326 414/414/414
f 409/409/409 408/408/408 415/415/415
f 395/395/395 337/337/337 232/232/232
f 413/413/413 325/325/325 309/309/309
f 359/359/359 346/346/346 416/416/416
f 346/346/346 352/352/352 416/416/416
f 340/340/340 394/394/394 417/417/417
f 408/408/408 407/407/407 418/418/418
f 417/417/417 360/360/360 340/340/340
f 326/326/326 390/390/390 414/414/414
f 375/375/375 378/378/378 419/419/419
f 420/420/420 401/401/401 333/333/333
f 379/379/379 420/420/420 333/333/333
f 395/395/395 359/359/359 421/421/421
f 383/383/383 422/422/422 357/357/357
f 365/365/365 314/314/314 411/411/411
f 409/409/409 415/415/415 423/423/423
f 374/374/374 424/424/424 372/372/372
f 361/361/361 425/425/425 362/362/362
f 393/393/393 366/366/366 426/426/426
f 372/372/372 424/424/424 390/390/390
f 427/427/427 154/154/154 342/342/342
f 300/300/300 380/380/380 428/428/428
f 427/427/427 299/299/299 154/154/154
f 429/429/429 379/379/379 387/387/387
f 387/387/387 324/324/324 429/429/429
f 366/366/366 399/399/399 426/426/426
f 411/411/411 409/409/409 430/430/430
f 402/402/402 375/375/375 419/419/419
f 431/431/431 377/377/377 410/410/410
f 324/324/324 334/334/334 432/432/432
f 376/376/376 432/432/432 334/334/334
f 396/396/396 389/389/389 433/433/433
f 389/389/389 339/339/339 433/433/433
f 429/429/429 324/324/324 432/432/432
f 342/342/342 354/354/354 427/427/427
f 339/339/339 413/413/413 434/434/434
f 423/423/423 415/415/415 435/435/435
f 436/436/436 407/407/407 369/369/369
f 437/437/437 436/436/436 369/369/369
f 433/433/433 339/339/339 434/434/434
f 430/430/430 409/409/409 423/423/423
f 344/344/344 438/438/438 410/410/410
f 428/428/428 341/341/341 300/300/300
f 378/378/378 377/377/377 431/431/431
f 438/438/438 344/344/344 391/391/391
f 415/415/415 408/408/408 439/439/439
f 348/348/348 440/440/440 398/398/398
f 374/374/374 412/412/412 441/441/441
f 437/437/437 369/369/369 373/373/373
f 373/373/373 442/442/442 437/437/437
f 382/382/382 404/404/404 397/397/397
f 414/414/414 390/390/390 443/443/443
f 443/443/443 390/390/390 424/424/424
f 337/337/337 395/395/395 444/444/444
f 359/359/359 445/445/445 421/421/421
f 359/359/359 416/416/416 445/445/445
f 408/408/408 418/418/418 439/439/439
f 379/379/379 429/429/429 446/446/446
f 424/424/424 374/374/374 441/441/441
f 365/365/365 411/411/411 361/361/361
f 447/447/447 401/401/401 420/420/420
f 420/420/420 379/379/379 446/446/446
f 435/435/435 415/415/415 439/439/439
f 405/405/405 353/353/353 448/448/448
f 407/407/407 436/436/436 418/418/418
f 399/399/399 337/337/337 444/444/444
f 440/440/440 348/348/348 388/388/388
f 381/381/381 299/299/299 449/449/449
f 450/450/450 422/422/422 383/383/383
f 352/352/352 392/392/392 451/451/451
f 413/413/413 309/309/309 452/452/452
f 441/441/441 412/412/412 453/453/453
f 450/450/450 383/383/383 406/406/406
f 352/352/352 451/451/451 416/416/416
f 299/299/299 427/427/427 454/454/454
f 341/341/341 428/428/428 455/455/455
f 456/456/456 423/423/423 435/435/435
f 418/418/418 436/436/436 457/457/457
f 458/458/458 360/360/360 417/417/417
f 459/459/459 353/353/353 386/386/386
f 420/420/420 446/446/446 447/447/447
f 402/402/402 419/419/419 460/460/460
f 461/461/461 392/392/392 398/398/398
f 452/452/452 309/309/309 397/397/397
f 462/462/462 435/435/435 439/439/439
f 417/417/417 463/463/463 458/458/458
f 464/464/464 391/391/391 400/400/400
f 405/405/405 448/448/448 400/400/400
f 439/439/439 418/418/418 465/465/465
f 353/353/353 459/459/459 448/448/448
f 381/381/381 449/449/449 380/380/380
f 425/425/425 361/361/361 411/411/411
f 376/376/376 393/393/393 426/426/426
f 444/444/444 466/466/466 399/399/399
f 396/396/396 467/467/467 354/354/354
f 426/426/426 399/399/399 466/466/466
f 468/468/468 451/451/451 392/392/392
f 440/440/440 461/461/461 398/398/398
f 469/469/469 388/388/388 403/403/403
f 463/463/463 417/417/417 394/394/394
f 470/470/470 459/459/459 386/386/386
f 401/401/401 470/470/470 386/386/386
f 445/445/445 416/416/416 471/471/471
f 416/416/416 451/451/451 471/471/471
f 384/384/384 341/341/341 455/455/455
f 378/378/378 472/472/472 419/419/419
f 473/473/473 428/428/428 380/380/380
f 474/474/474 450/450/450 406/406/406
f 441/441/441 475/475/475 424/424/424
f 476/476/476 443/443/443 424/424/424
f 447/447/447 446/446/446 477/477/477
f 469/469/469 478/478/478 388/388/388
f 449/449/449 299/299/299 454/454/454
f 435/435/435 462/462/462 479/479/479
f 476/476/476 424/424/424 475/475/475
f 392/392/392 461/461/461 468/468/468
f 480/480/480 404/404/404 414/414/414
f 380/380/380 449/449/449 473/473/473
f 441/441/441 453/453/453 475/475/475
f 438/438/438 391/391/391 481/481/481
f 376/376/376 426/426/426 482/482/482
f 463/463/463 394/394/394 483/483/483
f 483/483/483 394/394/394 384/384/384
f 432/432/432 376/376/376 482/482/482
f 440/440/440 388/388/388 478/478/478
f 384/384/384 455/455/455 483/483/483
f 434/434/434 413/413/413 452/452/452
f 445/445/445 484/484/484 421/421/421
f 396/396/396 433/433/433 485/485/485
f 442/442/442 486/486/486 437/437/437
f 456/456/456 435/435/435 487/487/487
f 488/488/488 462/462/462 439/439/439
f 465/465/465 488/488/488 439/439/439
f 378/378/378 431/431/431 489/489/489
f 431/431/431 410/410/410 490/490/490
f 472/472/472 378/378/378 489/489/489
f 410/410/410 438/438/438 481/481/481
f 446/446/446 429/429/429 477/477/477
f 395/395/395 421/421/421 491/491/491
f 427/427/427 354/354/354 467/467/467
f 492/492/492 450/450/450 493/493/493
f 400/400/400 448/448/448 494/494/494
f 401/401/401 447/447/447 495/495/495
f 457/457/457 465/465/465 418/418/418
f 401/401/401 495/495/495 470/470/470
f 491/491/491 444/444/444 395/395/395
f 458/458/458 463/463/463 496/496/496
f 404/404/404 497/497/497 397/397/397
f 475/475/475 453/453/453 498/498/498
f 486/486/486 436/436/436 437/437/437
f 484/484/484 445/445/445 471/471/471
f 434/434/434 499/499/499 433/433/433
f 500/500/500 452/452/452 397/397/397
f 501/501/501 411/411/411 487/487/487
f 456/456/456 487/487/487 430/430/430
f 502/502/502 455/455/455 428/428/428
f 503/503/503 427/427/427 467/467/467
f 467/467/467 396/396/396 485/485/485
f 487/487/487 411/411/411 430/430/430
f 504/504/504 487/487/487 435/435/435
f 488/488/488 465/465/465 457/457/457
f 505/505/505 426/426/426 466/466/466
f 428/428/428 473/473/473 502/502/502
f 434/434/434 452/452/452 499/499/499
f 486/486/486 442/442/442 506/506/506
f 507/507/507 429/429/429 432/432/432
f 427/427/427 503/503/503 454/454/454
f 480/480/480 497/497/497 404/404/404
f 391/391/391 508/508/508 481/481/481
f 475/475/475 509/509/509 476/476/476
f 425/425/425 411/411/411 510/510/510
f 511/511/511 479/479/479 462/462/462
f 489/489/489 431/431/431 490/490/490
f 444/444/444 512/512/512 466/466/466
f 490/490/490 410/410/410 481/481/481
f 397/397/397 497/497/497 500/500/500
f 507/507/507 477/477/477 429/429/429
f 435/435/435 479/479/479 504/504/504
f 464/464/464 400/400/400 494/494/494
f 470/470/470 513/513/513 459/459/459
f 414/414/414 443/443/443 514/514/514
f 474/474/474 493/493/493 450/450/450
f 459/459/459 513/513/513 448/448/448
f 432/432/432 515/515/515 507/507/507
f 514/514/514 480/480/480 414/414/414
f 436/436/436 486/486/486 457/457/457
f 432/432/432 482/482/482 515/515/515
f 482/482/482 426/426/426 505/505/505
f 491/491/491 421/421/421 484/484/484
f 472/472/472 516/516/516 419/419/419
f 433/433/433 499/499/499 485/485/485
f 505/505/505 466/466/466 512/512/512
f 474/474/474 517/517/517 493/493/493
f 451/451/451 468/468/468 518/518/518
f 519/519/519 502/502/502 473/473/473
f 520/520/520 487/487/487 504/504/504
f 521/521/521 462/462/462 488/488/488
f 460/460/460 419/419/419 516/516/516
f 481/481/481 508/508/508 522/522/522
f 448/448/448 513/513/513 494/494/494
f 495/495/495 523/523/523 470/470/470
f 512/512/512 444/444/444 491/491/491
f 440/440/440 478/478/478 524/524/524
f 525/525/525 478/478/478 469/469/469
f 454/454/454 526/526/526 449/449/449
f 447/447/447 477/477/477 527/527/527
f 496/496/496 463/463/463 528/528/528
f 529/529/529 514/514/514 443/443/443
f 476/476/476 529/529/529 443/443/443
f 530/530/530 468/468/468 461/461/461
f 509/509/509 475/475/475 498/498/498
f 531/531/531 411/411/411 501/501/501
f 521/521/521 504/504/504 532/532/532
f 518/518/518 471/471/471 451/451/451
f 463/463/463 483/483/483 528/528/528
f 464/464/464 494/494/494 533/533/533
f 534/534/534 484/484/484 471/471/471
f 535/535/535 528/528/528 483/483/483
f 461/461/461 440/440/440 536/536/536
f 497/497/497 480/480/480 537/537/537
f 529/529/529 476/476/476 509/509/509
f 538/538/538 472/472/472 489/489/489
f 482/482/482 505/505/505 539/539/539
f 473/473/473 449/449/449 519/519/519
f 489/489/489 490/490/490 538/538/538
f 530/530/530 518/518/518 468/468/468
f 493/493/493 517/517/517 540/540/540
f 541/541/541 486/486/486 506/506/506
f 495/495/495 447/447/447 527/527/527
f 542/542/542 543/543/543 544/544/544
f 545/545/545 483/483/483 455/455/455
f 546/546/546 490/490/490 481/481/481
f 495/495/495 527/527/527 523/523/523
f 440/440/440 524/524/524 536/536/536
f 547/547/547 548/548/548 549/549/549
f 515/515/515 482/482/482 539/539/539
f 483/483/483 545/545/545 535/535/535
f 454/454/454 503/503/503 526/526/526
f 550/550/550 517/517/517 474/474/474
f 491/491/491 484/484/484 551/551/551
f 514/514/514 529/529/529 552/552/552
f 504/504/504 521/521/521 520/520/520
f 524/524/524 478/478/478 525/525/525
f 455/455/455 502/502/502 553/553/553
f 554/554/554 509/509/509 498/498/498
f 555/555/555 425/425/425 556/556/556
f 494/494/494 513/513/513 557/557/557
f 551/551/551 484/484/484 534/534/534
f 542/542/542 544/544/544 558/558/558
f 508/508/508 464/464/464 533/533/533
f 553/553/553 545/545/545 455/455/455
f 499/499/499 452/452/452 559/559/559
f 452/452/452 500/500/500 559/559/559
f 425/425/425 510/510/510 556/556/556
f 538/538/538 560/560/560 472/472/472
f 480/480/480 514/514/514 552/552/552
f 561/561/561 500/500/500 497/497/497
f 461/461/461 536/536/536 562/562/562
f 516/516/516 563/563/563 460/460/460
f 546/546/546 481/481/481 522/522/522
f 564/564/564 533/533/533 494/494/494
f 497/497/497 537/537/537 561/561/561
f 521/521/521 488/488/488 520/520/520
f 565/565/565 522/522/522 508/508/508
f 533/533/533 565/565/565 508/508/508
f 566/566/566 513/513/513 470/470/470
f 523/523/523 566/566/566 470/470/470
f 567/567/567 505/505/505 512/512/512
f 530/530/530 461/461/461 562/562/562
f 517/517/517 568/568/568 540/540/540
f 472/472/472 560/560/560 516/516/516
f 557/557/557 564/564/564 494/494/494
f 477/477/477 507/507/507 569/569/569
f 539/539/539 505/505/505 567/567/567
f 538/538/538 490/490/490 570/570/570
f 477/477/477 569/569/569 527/527/527
f 491/491/491 571/571/571 512/512/512
f 572/572/572 519/519/519 449/449/449
f 457/457/457 486/486/486 573/573/573
f 512/512/512 571/571/571 574/574/574
f 518/518/518 534/534/534 471/471/471
f 526/526/526 503/503/503 575/575/575
f 503/503/503 467/467/467 575/575/575
f 480/480/480 552/552/552 537/537/537
f 522/522/522 576/576/576 546/546/546
f 519/519/519 553/553/553 502/502/502
f 557/557/557 513/513/513 566/566/566
f 572/572/572 449/449/449 526/526/526
f 488/488/488 457/457/457 573/573/573
f 573/573/573 486/486/486 577/577/577
f 578/578/578 563/563/563 516/516/516
f 512/512/512 574/574/574 567/567/567
f 509/509/509 554/554/554 579/579/579
f 520/520/520 488/488/488 573/573/573
f 529/529/529 509/509/509 579/579/579
f 487/487/487 520/520/520 501/501/501
f 570/570/570 490/490/490 546/546/546
f 580/580/580 565/565/565 533/533/533
f 496/496/496 528/528/528 581/581/581
f 522/522/522 565/565/565 576/576/576
f 569/569/569 507/507/507 582/582/582
f 467/467/467 485/485/485 575/575/575
f 538/538/538 570/570/570 583/583/583
f 517/517/517 550/550/550 568/568/568
f 499/499/499 584/584/584 485/485/485
f 536/536/536 524/524/524 585/585/585
f 577/577/577 486/486/486 541/541/541
f 510/510/510 531/531/531 501/501/501
f 571/571/571 491/491/491 551/551/551
f 583/583/583 560/560/560 538/538/538
f 528/528/528 535/535/535 581/581/581
f 507/507/507 515/515/515 582/582/582
f 530/530/530 586/586/586 518/518/518
f 587/587/587 530/530/530 562/562/562
f 546/546/546 588/588/588 570/570/570
f 576/576/576 588/588/588 546/546/546
f 581/581/581 535/535/535 589/589/589
f 552/552/552 529/529/529 590/590/590
f 516/516/516 560/560/560 578/578/578
f 533/533/533 564/564/564 580/580/580
f 591/591/591 557/557/557 566/566/566
f 523/523/523 591/591/591 566/566/566
f 592/592/592 523/523/523 527/527/527
f 527/527/527 569/569/569 592/592/592
f 545/545/545 589/589/589 535/535/535
f 530/530/530 587/587/587 586/586/586
f 586/586/586 534/534/534 518/518/518
f 577/577/577 541/541/541 593/593/593
f 578/578/578 594/594/594 563/563/563
f 539/539/539 595/595/595 515/515/515
f 577/577/577 596/596/596 573/573/573
f 577/577/577 593/593/593 596/596/596
f 597/597/597 568/568/568 550/550/550
f 598/598/598 556/556/556 510/510/510
f 595/595/595 582/582/582 515/515/515
f 599/599/599 561/561/561 537/537/537
f 555/555/555 600/600/600 601/601/601
f 600/600/600 555/555/555 556/556/556
f 583/583/583 570/570/570 588/588/588
f 602/602/602 562/562/562 536/536/536
f 500/500/500 561/561/561 599/599/599
f 585/585/585 524/524/524 603/603/603
f 604/604/604 553/553/553 519/519/519
f 519/519/519 572/572/572 604/604/604
f 526/526/526 605/605/605 572/572/572
f 537/537/537 552/552/552 606/606/606
f 596/596/596 520/520/520 573/573/573
f 580/580/580 607/607/607 565/565/565
f 607/607/607 576/576/576 565/565/565
f 608/608/608 567/567/567 574/574/574
f 606/606/606 552/552/552 590/590/590
f 609/609/609 590/590/590 529/529/529
f 529/529/529 579/579/579 609/609/609
f 610/610/610 510/510/510 501/501/501
f 525/525/525 603/603/603 524/524/524
f 601/601/601 600/600/600 611/611/611
f 610/610/610 598/598/598 510/510/510
f 569/569/569 582/582/582 612/612/612
f 567/567/567 613/613/613 539/539/539
f 602/602/602 536/536/536 585/585/585
f 614/614/614 578/578/578 560/560/560
f 613/613/613 567/567/567 608/608/608
f 560/560/560 583/583/583 614/614/614
f 564/564/564 557/557/557 615/615/615
f 553/553/553 604/604/604 616/616/616
f 617/617/617 579/579/579 554/554/554
f 564/564/564 618/618/618 580/580/580
f 612/612/612 592/592/592 569/569/569
f 526/526/526 575/575/575 605/605/605
f 619/619/619 520/520/520 596/596/596
f 587/587/587 562/562/562 602/602/602
f 542/542/542 558/558/558 620/620/620
f 593/593/593 621/621/621 596/596/596
f 551/551/551 534/534/534 622/622/622
f 599/599/599 537/537/537 606/606/606
f 564/564/564 615/615/615 618/618/618
f 579/579/579 623/623/623 609/609/609
f 619/619/619 501/501/501 520/520/520
f 571/571/571 551/551/551 624/624/624
f 595/595/595 539/539/539 613/613/613
f 586/586/586 625/625/625 534/534/534
f 620/620/620 558/558/558 626/626/626
f 627/627/627 553/553/553 616/616/616
f 615/615/615 557/557/557 591/591/591
f 591/591/591 523/523/523 628/628/628
f 579/579/579 617/617/617 623/623/623
f 596/596/596 621/621/621 619/619/619
f 588/588/588 576/576/576 629/629/629
f 630/630/630 614/614/614 583/583/583
f 627/627/627 545/545/545 553/553/553
f 614/614/614 631/631/631 578/578/578
f 631/631/631 594/594/594 578/578/578
f 583/583/583 588/588/588 632/632/632
f 500/500/500 599/599/599 633/633/633
f 634/634/634 556/556/556 598/598/598
f 501/501/501 619/619/619 635/635/635
f 629/629/629 632/632/632 588/588/588
f 574/574/574 636/636/636 608/608/608
f 574/574/574 571/571/571 636/636/636
f 551/551/551 622/622/622 624/624/624
f 622/622/622 534/534/534 625/625/625
f 556/556/556 634/634/634 600/600/600
f 607/607/607 580/580/580 637/637/637
f 559/559/559 500/500/500 633/633/633
f 501/501/501 635/635/635 610/610/610
f 635/635/635 619/619/619 621/621/621
f 638/638/638 600/600/600 634/634/634
f 523/523/523 592/592/592 628/628/628
f 639/639/639 581/581/581 589/589/589
f 593/593/593 640/640/640 621/621/621
f 580/580/580 618/618/618 637/637/637
f 627/627/627 589/589/589 545/545/545
f 499/499/499 559/559/559 641/641/641
f 559/559/559 633/633/633 641/641/641
f 642/642/642 613/613/613 608/608/608
f 604/604/604 572/572/572 605/605/605
f 643/643/643 575/575/575 485/485/485
f 643/643/643 485/485/485 584/584/584
f 621/621/621 640/640/640 644/644/644
f 645/645/645 631/631/631 614/614/614
f 576/576/576 607/607/607 629/629/629
f 646/646/646 591/591/591 628/628/628
f 647/647/647 598/598/598 610/610/610
f 648/648/648 625/625/625 586/586/586
f 591/591/591 646/646/646 615/615/615
f 587/587/587 648/648/648 586/586/586
f 499/499/499 649/649/649 584/584/584
f 650/650/650 611/611/611 600/600/600
f 650/650/650 600/600/600 638/638/638
f 651/651/651 620/620/620 626/626/626
f 647/647/647 610/610/610 635/635/635
f 635/635/635 621/621/621 652/652/652
f 643/643/643 584/584/584 649/649/649
f 650/650/650 653/653/653 611/611/611
f 634/634/634 598/598/598 647/647/647
f 644/644/644 652/652/652 621/621/621
f 613/613/613 654/654/654 595/595/595
f 608/608/608 636/636/636 642/642/642
f 630/630/630 645/645/645 614/614/614
f 632/632/632 630/630/630 583/583/583
f 655/655/655 592/592/592 612/612/612
f 656/656/656 636/636/636 571/571/571
f 571/571/571 624/624/624 656/656/656
f 645/645/645 657/657/657 631/631/631
f 607/607/607 637/637/637 658/658/658
f 639/639/639 589/589/589 659/659/659
f 660/660/660 623/623/623 617/617/617
f 646/646/646 628/628/628 655/655/655
f 655/655/655 628/628/628 592/592/592
f 661/661/661 585/585/585 603/603/603
f 622/622/622 625/625/625 662/662/662
f 606/606/606 590/590/590 663/663/663
f 647/647/647 635/635/635 652/652/652
f 648/648/648 662/662/662 625/625/625
f 664/664/664 587/587/587 602/602/602
f 665/665/665 499/499/499 641/641/641
f 599/599/599 606/606/606 663/663/663
f 666/666/666 623/623/623 660/660/660
f 664/664/664 602/602/602 585/585/585
f 667/667/667 590/590/590 609/609/609
f 609/609/609 623/623/623 666/666/666
f 650/650/650 638/638/638 668/668/668
f 645/645/645 630/630/630 669/669/669
f 616/616/616 604/604/604 670/670/670
f 629/629/629 607/607/607 658/658/658
f 671/671/671 653/653/653 650/650/650
f 656/656/656 624/624/624 672/672/672
f 617/617/617 673/673/673 660/660/660
f 674/674/674 646/646/646 655/655/655
f 582/582/582 675/675/675 612/612/612
f 676/676/676 642/642/642 636/636/636
f 677/677/677 651/651/651 626/626/626
f 589/589/589 627/627/627 678/678/678
f 629/629/629 679/679/679 632/632/632
f 638/638/638 634/634/634 680/680/680
f 634/634/634 647/647/647 680/680/680
f 630/630/630 632/632/632 681/681/681
f 618/618/618 615/615/615 682/682/682
f 642/642/642 654/654/654 613/613/613
f 659/659/659 589/589/589 678/678/678
f 605/605/605 670/670/670 604/604/604
f 649/649/649 499/499/499 665/665/665
f 652/652/652 644/644/644 683/683/683
f 684/684/684 585/585/585 661/661/661
f 685/685/685 633/633/633 599/599/599
f 599/599/599 663/663/663 685/685/685
f 630/630/630 686/686/686 669/669/669
f 636/636/636 656/656/656 676/676/676
f 666/666/666 667/667/667 609/609/609
f 652/652/652 680/680/680 647/647/647
f 679/679/679 681/681/681 632/632/632
f 637/637/637 618/618/618 687/687/687
f 650/650/650 668/668/668 671/671/671
f 645/645/645 688/688/688 657/657/657
f 624/624/624 622/622/622 672/672/672
f 674/674/674 615/615/615 646/646/646
f 689/689/689 639/639/639 659/659/659
f 686/686/686 630/630/630 681/681/681
f 687/687/687 618/618/618 682/682/682
f 664/664/664 585/585/585 684/684/684
f 595/595/595 690/690/690 582/582/582
f 587/587/587 664/664/664 691/691/691
f 627/627/627 616/616/616 692/692/692
f 629/629/629 693/693/693 679/679/679
f 690/690/690 595/595/595 654/654/654
f 656/656/656 672/672/672 694/694/694
f 691/691/691 648/648/648 587/587/587
f 637/637/637 687/687/687 658/658/658
f 695/695/695 662/662/662 648/648/648
f 691/691/691 695/695/695 648/648/648
f 669/669/669 696/696/696 645/645/645
f 658/658/658 693/693/693 629/629/629
f 652/652/652 683/683/683 680/680/680
f 688/688/688 645/645/645 696/696/696
f 686/686/686 696/696/696 669/669/669
f 690/690/690 675/675/675 582/582/582
f 697/697/697 590/590/590 667/667/667
f 682/682/682 615/615/615 674/674/674
f 698/698/698 655/655/655 612/612/612
f 656/656/656 694/694/694 676/676/676
f 680/680/680 668/668/668 638/638/638
f 699/699/699 680/680/680 683/683/683
f 693/693/693 658/658/658 700/700/700
f 659/659/659 678/678/678 701/701/701
f 665/665/665 641/641/641 702/702/702
f 641/641/641 633/633/633 703/703/703
f 633/633/633 685/685/685 703/703/703
f 590/590/590 697/697/697 663/663/663
f 698/698/698 612/612/612 675/675/675
f 703/703/703 702/702/702 641/641/641
f 666/666/666 660/660/660 704/704/704
f 616/616/616 670/670/670 692/692/692
f 665/665/665 702/702/702 705/705/705
f 706/706/706 668/668/668 680/680/680
f 707/707/707 688/688/688 708/708/708
f 708/708/708 688/688/688 696/696/696
f 709/709/709 674/674/674 655/655/655
f 676/676/676 710/710/710 642/642/642
f 659/659/659 701/701/701 689/689/689
f 658/658/658 687/687/687 700/700/700
f 654/654/654 642/642/642 710/710/710
f 711/711/711 704/704/704 660/660/660
f 681/681/681 679/679/679 712/712/712
f 711/711/711 660/660/660 673/673/673
f 706/706/706 680/680/680 699/699/699
f 649/649/649 665/665/665 705/705/705
f 713/713/713 672/672/672 622/622/622
f 662/662/662 713/713/713 622/622/622
f 686/686/686 681/681/681 714/714/714
f 715/715/715 690/690/690 654/654/654
f 685/685/685 663/663/663 716/716/716
f 679/679/679 693/693/693 712/712/712
f 691/691/691 664/664/664 717/717/717
f 718/718/718 711/711/711 673/673/673
f 719/719/719 671/671/671 668/668/668
f 714/714/714 681/681/681 712/712/712
f 678/678/678 627/627/627 692/692/692
f 720/720/720 708/708/708 696/696/696
f 674/674/674 709/709/709 721/721/721
f 709/709/709 655/655/655 698/698/698
f 694/694/694 672/672/672 722/722/722
f 651/651/651 677/677/677 723/723/723
f 708/708/708 724/724/724 707/707/707
f 725/725/725 687/687/687 682/682/682
f 708/708/708 726/726/726 724/724/724
f 725/725/725 700/700/700 687/687/687
f 667/667/667 666/666/666 727/727/727
f 696/696/696 686/686/686 720/720/720
f 685/685/685 716/716/716 703/703/703
f 706/706/706 719/719/719 668/668/668
f 693/693/693 700/700/700 728/728/728
f 711/711/711 718/718/718 729/729/729
f 720/720/720 726/726/726 708/708/708
f 691/691/691 730/730/730 695/695/695
f 677/677/677 731/731/731 723/723/723
f 663/663/663 697/697/697 716/716/716
f 718/718/718 724/724/724 726/726/726
f 686/686/686 714/714/714 720/720/720
f 674/674/674 732/732/732 682/682/682
f 733/733/733 710/710/710 676/676/676
f 727/727/727 666/666/666 704/704/704
f 726/726/726 729/729/729 718/718/718
f 734/734/734 714/714/714 712/712/712
f 725/725/725 682/682/682 732/732/732
f 721/721/721 732/732/732 674/674/674
f 667/667/667 727/727/727 735/735/735
f 736/736/736 704/704/704 711/711/711
f 720/720/720 714/714/714 737/737/737
f 725/725/725 728/728/728 700/700/700
f 697/697/697 667/667/667 735/735/735
f 738/738/738 643/643/643 649/649/649
f 739/739/739 709/709/709 698/698/698
f 715/715/715 654/654/654 710/710/710
f 692/692/692 670/670/670 740/740/740
f 697/697/697 735/735/735 741/741/741
f 742/742/742 729/729/729 726/726/726
f 605/605/605 743/743/743 670/670/670
f 726/726/726 720/720/720 737/737/737
f 737/737/737 714/714/714 734/734/734
f 722/722/722 672/672/672 713/713/713
f 717/717/717 730/730/730 691/691/691
f 717/717/717 664/664/664 684/684/684
f 698/698/698 675/675/675 744/744/744
f 661/661/661 745/745/745 684/684/684
f 716/716/716 697/697/697 741/741/741
f 736/736/736 711/711/711 729/729/729
f 713/713/713 662/662/662 695/695/695
f 746/746/746 689/689/689 701/701/701
f 742/742/742 726/726/726 737/737/737
f 737/737/737 734/734/734 742/742/742
f 747/747/747 715/715/715 710/710/710
f 733/733/733 747/747/747 710/710/710
f 693/693/693 748/748/748 712/712/712
f 716/716/716 749/749/749 703/703/703
f 727/727/727 704/704/704 750/750/750
f 704/704/704 736/736/736 750/750/750
f 748/748/748 734/734/734 712/712/712
f 670/670/670 743/743/743 740/740/740
f 643/643/643 751/751/751 575/575/575
f 752/752/752 676/676/676 694/694/694
f 733/733/733 676/676/676 752/752/752
f 728/728/728 748/748/748 693/693/693
f 753/753/753 713/713/713 695/695/695
f 754/754/754 755/755/755 605/605/605
f 754/754/754 605/605/605 575/575/575
f 756/756/756 742/742/742 734/734/734
f 732/732/732 757/757/757 725/725/725
f 722/722/722 752/752/752 694/694/694
f 758/758/758 736/736/736 729/729/729
f 709/709/709 759/759/759 721/721/721
f 754/754/754 575/575/575 751/751/751
f 741/741/741 735/735/735 760/760/760
f 756/756/756 729/729/729 742/742/742
f 748/748/748 728/728/728 761/761/761
f 759/759/759 709/709/709 739/739/739
f 762/762/762 695/695/695 730/730/730
f 763/763/763 728/728/728 725/725/725
f 698/698/698 744/744/744 739/739/739
f 764/764/764 678/678/678 692/692/692
f 729/729/729 756/756/756 758/758/758
f 748/748/748 756/756/756 734/734/734
f 732/732/732 721/721/721 765/765/765
f 761/761/761 756/756/756 748/748/748
f 757/757/757 763/763/763 725/725/725
f 717/717/717 684/684/684 766/766/766
f 758/758/758 756/756/756 761/761/761
f 745/745/745 766/766/766 684/684/684
f 605/605/605 755/755/755 743/743/743
f 764/764/764 701/701/701 678/678/678
f 767/767/767 750/750/750 736/736/736
f 761/761/761 728/728/728 763/763/763
f 717/717/717 768/768/768 730/730/730
f 769/769/769 745/745/745 661/661/661
f 770/770/770 703/703/703 749/749/749
f 675/675/675 690/690/690 771/771/771
f 772/772/772 747/747/747 733/733/733
f 764/764/764 692/692/692 740/740/740
f 702/702/702 703/703/703 770/770/770
f 727/727/727 750/750/750 767/767/767
f 767/767/767 736/736/736 758/758/758
f 757/757/757 732/732/732 773/773/773
f 702/702/702 770/770/770 705/705/705
f 757/757/757 761/761/761 763/763/763
f 773/773/773 732/732/732 765/765/765
f 759/759/759 765/765/765 721/721/721
f 774/774/774 749/749/749 716/716/716
f 774/774/774 716/716/716 741/741/741
f 753/753/753 695/695/695 762/762/762
f 775/775/775 723/723/723 731/731/731
f 776/776/776 744/744/744 675/675/675
f 727/727/727 760/760/760 735/735/735
f 777/777/777 727/727/727 767/767/767
f 777/777/777 767/767/767 778/778/778
f 758/758/758 761/761/761 778/778/778
f 779/779/779 715/715/715 747/747/747
f 772/772/772 779/779/779 747/747/747
f 741/741/741 760/760/760 774/774/774
f 780/780/780 765/765/765 759/759/759
f 713/713/713 781/781/781 722/722/722
f 753/753/753 781/781/781 713/713/713
f 757/757/757 782/782/782 761/761/761
f 779/779/779 690/690/690 715/715/715
f 743/743/743 755/755/755 783/783/783
f 675/675/675 771/771/771 776/776/776
f 740/740/740 743/743/743 784/784/784
f 770/770/770 785/785/785 705/705/705
f 749/749/749 774/774/774 786/786/786
f 784/784/784 743/743/743 783/783/783
f 727/727/727 777/777/777 787/787/787
f 775/775/775 731/731/731 788/788/788
f 649/649/649 705/705/705 785/785/785
f 778/778/778 761/761/761 782/782/782
f 765/765/765 789/789/789 773/773/773
f 790/790/790 774/774/774 760/760/760
f 773/773/773 782/782/782 757/757/757
f 739/739/739 791/791/791 759/759/759
f 752/752/752 722/722/722 792/792/792
f 774/774/774 790/790/790 786/786/786
f 752/752/752 793/793/793 733/733/733
f 792/792/792 793/793/793 752/752/752
f 781/781/781 753/753/753 794/794/794
f 701/701/701 795/795/795 746/746/746
f 785/785/785 738/738/738 649/649/649
f 790/790/790 760/760/760 727/727/727
f 777/777/777 782/782/782 787/787/787
f 777/777/777 778/778/778 782/782/782
f 782/782/782 773/773/773 789/789/789
f 796/796/796 768/768/768 717/717/717
f 766/766/766 796/796/796 717/717/717
f 768/768/768 762/762/762 730/730/730
f 795/795/795 701/701/701 764/764/764
f 727/727/727 787/787/787 790/790/790
f 791/791/791 780/780/780 759/759/759
f 789/789/789 765/765/765 780/780/780
f 733/733/733 793/793/793 772/772/772
f 770/770/770 749/749/749 797/797/797
f 744/744/744 791/791/791 739/739/739
f 797/797/797 749/749/749 786/786/786
f 744/744/744 776/776/776 791/791/791
f 798/798/798 690/690/690 779/779/779
f 785/785/785 770/770/770 799/799/799
f 690/690/690 798/798/798 771/771/771
f 800/800/800 764/764/764 740/740/740
f 801/801/801 754/754/754 751/751/751
f 802/802/802 776/776/776 771/771/771
f 775/775/775 788/788/788 803/803/803
f 789/789/789 787/787/787 782/782/782
f 755/755/755 754/754/754 801/801/801
f 798/798/798 802/802/802 771/771/771
f 762/762/762 768/768/768 804/804/804
f 722/722/722 781/781/781 792/792/792
f 794/794/794 753/753/753 762/762/762
f 805/805/805 768/768/768 796/796/796
f 766/766/766 745/745/745 806/806/806
f 751/751/751 807/807/807 801/801/801
f 804/804/804 768/768/768 805/805/805
f 795/795/795 764/764/764 800/800/800
f 740/740/740 784/784/784 808/808/808
f 807/807/807 751/751/751 643/643/643
f 755/755/755 801/801/801 809/809/809
f 789/789/789 780/780/780 810/810/810
f 811/811/811 746/746/746 795/795/795
f 810/810/810 780/780/780 812/812/812
f 813/813/813 780/780/780 791/791/791
f 740/740/740 808/808/808 800/800/800
f 814/814/814 770/770/770 797/797/797
f 772/772/772 793/793/793 815/815/815
f 781/781/781 794/794/794 816/816/816
f 817/817/817 745/745/745 769/769/769
f 783/783/783 755/755/755 809/809/809
f 818/818/818 786/786/786 790/790/790
f 815/815/815 793/793/793 792/792/792
f 643/643/643 738/738/738 819/819/819
f 812/812/812 780/780/780 813/813/813
f 820/820/820 813/813/813 791/791/791
f 776/776/776 820/820/820 791/791/791
f 810/810/810 787/787/787 789/789/789
f 816/816/816 792/792/792 781/781/781
f 819/819/819 807/807/807 643/643/643
f 794/794/794 762/762/762 804/804/804
f 821/821/821 787/787/787 810/810/810
f 779/779/779 772/772/772 815/815/815
f 806/806/806 745/745/745 817/817/817
f 775/775/775 803/803/803 822/822/822
f 783/783/783 823/823/823 784/784/784
f 790/790/790 787/787/787 824/824/824
f 812/812/812 821/821/821 810/810/810
f 783/783/783 809/809/809 823/823/823
f 814/814/814 799/799/799 770/770/770
f 797/797/797 786/786/786 825/825/825
f 792/792/792 826/826/826 815/815/815
f 796/796/796 766/766/766 827/827/827
f 806/806/806 827/827/827 766/766/766
f 814/814/814 797/797/797 825/825/825
f 824/824/824 787/787/787 821/821/821
f 828/828/828 776/776/776 802/802/802
f 798/798/798 829/829/829 802/802/802
f 830/830/830 808/808/808 784/784/784
f 818/818/818 790/790/790 824/824/824
f 831/831/831 811/811/811 795/795/795
f 808/808/808 832/832/832 800/800/800
f 776/776/776 828/828/828 820/820/820
f 829/829/829 828/828/828 802/802/802
f 830/830/830 784/784/784 823/823/823
f 813/813/813 820/820/820 833/833/833
f 798/798/798 779/779/779 834/834/834
f 794/794/794 804/804/804 835/835/835
f 805/805/805 796/796/796 827/827/827
f 836/836/836 807/807/807 819/819/819
f 813/813/813 837/837/837 812/812/812
f 815/815/815 826/826/826 838/838/838
f 799/799/799 839/839/839 785/785/785
f 833/833/833 837/837/837 813/813/813
f 834/834/834 840/840/840 798/798/798
f 822/822/822 803/803/803 841/841/841
f 823/823/823 809/809/809 801/801/801
f 786/786/786 818/818/818 825/825/825
f 815/815/815 834/834/834 779/779/779
f 831/831/831 841/841/841 811/811/811
f 818/818/818 824/824/824 842/842/842
f 843/843/843 824/824/824 821/821/821
f 808/808/808 830/830/830 832/832/832
f 844/844/844 792/792/792 816/816/816
f 795/795/795 845/845/845 831/831/831
f 826/826/826 792/792/792 844/844/844
f 845/845/845 795/795/795 800/800/800
f 846/846/846 804/804/804 805/805/805
f 785/785/785 839/839/839 738/738/738
f 825/825/825 818/818/818 847/847/847
f 829/829/829 798/798/798 840/840/840
f 848/848/848 816/816/816 794/794/794
f 821/821/821 812/812/812 837/837/837
f 838/838/838 834/834/834 815/815/815
f 835/835/835 848/848/848 794/794/794
f 849/849/849 825/825/825 847/847/847
f 801/801/801 807/807/807 836/836/836
f 814/814/814 825/825/825 849/849/849
f 801/801/801 850/850/850 823/823/823
f 821/821/821 837/837/837 843/843/843
f 835/835/835 804/804/804 846/846/846
f 836/836/836 850/850/850 801/801/801
f 842/842/842 847/847/847 818/818/818
f 851/851/851 820/820/820 828/828/828
f 799/799/799 814/814/814 849/849/849
f 852/852/852 843/843/843 837/837/837
f 833/833/833 820/820/820 851/851/851
f 853/853/853 819/819/819 738/738/738
f 839/839/839 799/799/799 849/849/849
f 843/843/843 842/842/842 824/824/824
f 851/851/851 828/828/828 854/854/854
f 828/828/828 829/829/829 854/854/854
f 855/855/855 806/806/806 817/817/817
f 845/845/845 856/856/856 831/831/831
f 857/857/857 829/829/829 840/840/840
f 827/827/827 846/846/846 805/805/805
f 844/844/844 838/838/838 826/826/826
f 835/835/835 858/858/858 848/848/848
f 837/837/837 833/833/833 852/852/852
f 859/859/859 847/847/847 842/842/842
f 842/842/842 843/843/843 859/859/859
f 800/800/800 832/832/832 860/860/860
f 819/819/819 853/853/853 861/861/861
f 860/860/860 845/845/845 800/800/800
f 836/836/836 819/819/819 861/861/861
f 853/853/853 738/738/738 862/862/862
f 857/857/857 854/854/854 829/829/829
f 858/858/858 844/844/844 816/816/816
f 843/843/843 852/852/852 863/863/863
f 846/846/846 827/827/827 864/864/864
f 806/806/806 865/865/865 827/827/827
f 738/738/738 839/839/839 866/866/866
f 859/859/859 843/843/843 863/863/863
f 840/840/840 867/867/867 857/857/857
f 868/868/868 849/849/849 847/847/847
f 865/865/865 806/806/806 855/855/855
f 823/823/823 869/869/869 830/830/830
f 823/823/823 850/850/850 869/869/869
f 862/862/862 738/738/738 866/866/866
f 840/840/840 834/834/834 867/867/867
f 865/865/865 864/864/864 827/827/827
f 860/860/860 856/856/856 845/845/845
f 870/870/870 830/830/830 869/869/869
f 867/867/867 834/834/834 871/871/871
f 872/872/872 871/871/871 838/838/838
f 858/858/858 816/816/816 848/848/848
f 860/860/860 832/832/832 873/873/873
f 832/832/832 830/830/830 873/873/873
f 852/852/852 874/874/874 863/863/863
f 833/833/833 851/851/851 875/875/875
f 847/847/847 859/859/859 868/868/868
f 839/839/839 849/849/849 876/876/876
f 849/849/849 868/868/868 877/877/877
f 852/852/852 833/833/833 875/875/875
f 875/875/875 851/851/851 878/878/878
f 851/851/851 854/854/854 878/878/878
f 841/841/841 879/879/879 822/822/822
f 870/870/870 873/873/873 830/830/830
f 850/850/850 836/836/836 861/861/861
f 875/875/875 874/874/874 852/852/852
f 839/839/839 876/876/876 866/866/866
f 879/879/879 841/841/841 831/831/831
f 880/880/880 877/877/877 868/868/868
f 868/868/868 859/859/859 881/881/881
f 849/849/849 877/877/877 876/876/876
f 881/881/881 859/859/859 863/863/863
f 863/863/863 874/874/874 881/881/881
f 874/874/874 875/875/875 878/878/878
f 868/868/868 881/881/881 880/880/880
f 880/880/880 874/874/874 878/878/878
f 857/857/857 867/867/867 882/882/882
f 861/861/861 853/853/853 883/883/883
f 880/880/880 881/881/881 874/874/874
f 867/867/867 871/871/871 884/884/884
f 871/871/871 872/872/872 884/884/884
f 872/872/872 838/838/838 844/844/844
f 885/885/885 831/831/831 856/856/856
f 885/885/885 879/879/879 831/831/831
f 854/854/854 857/857/857 886/886/886
f 883/883/883 853/853/853 862/862/862
f 862/862/862 866/866/866 887/887/887
f 886/886/886 857/857/857 882/882/882
f 888/888/888 872/872/872 844/844/844
f 869/869/869 850/850/850 889/889/889
f 890/890/890 877/877/877 880/880/880
f 844/844/844 891/891/891 888/888/888
f 846/846/846 892/892/892 835/835/835
f 876/876/876 887/887/887 866/866/866
f 893/893/893 858/858/858 835/835/835
f 894/894/894 822/822/822 879/879/879
f 844/844/844 858/858/858 891/891/891
f 886/886/886 878/878/878 854/854/854
f 850/850/850 861/861/861 895/895/895
f 896/896/896 878/878/878 886/886/886
f 864/864/864 865/865/865 897/897/897
f 850/850/850 895/895/895 889/889/889
f 835/835/835 892/892/892 893/893/893
f 898/898/898 870/870/870 869/869/869
f 880/880/880 878/878/878 899/899/899
f 882/882/882 867/867/867 900/900/900
f 901/901/901 856/856/856 860/860/860
f 860/860/860 873/873/873 901/901/901
f 855/855/855 897/897/897 865/865/865
f 901/901/901 902/902/902 856/856/856
f 903/903/903 877/877/877 890/890/890
f 904/904/904 858/858/858 893/893/893
f 884/884/884 872/872/872 905/905/905
f 891/891/891 858/858/858 904/904/904
f 889/889/889 898/898/898 869/869/869
f 903/903/903 876/876/876 877/877/877
f 879/879/879 885/885/885 906/906/906
f 884/884/884 900/900/900 867/867/867
f 903/903/903 887/887/887 876/876/876
f 894/894/894 879/879/879 906/906/906
f 907/907/907 873/873/873 870/870/870
f 883/883/883 862/862/862 908/908/908
f 885/885/885 856/856/856 902/902/902
f 908/908/908 909/909/909 883/883/883
f 864/864/864 892/892/892 846/846/846
f 899/899/899 878/878/878 896/896/896
f 896/896/896 886/886/886 910/910/910
f 883/883/883 895/895/895 861/861/861
f 908/908/908 862/862/862 887/887/887
f 890/890/890 911/911/911 903/903/903
f 864/864/864 897/897/897 912/912/912
f 880/880/880 899/899/899 890/890/890
f 886/886/886 882/882/882 910/910/910
f 900/900/900 884/884/884 905/905/905
f 905/905/905 872/872/872 888/888/888
f 901/901/901 873/873/873 907/907/907
f 899/899/899 896/896/896 913/913/913
f 870/870/870 898/898/898 907/907/907
f 910/910/910 913/913/913 896/896/896
f 887/887/887 903/903/903 911/911/911
f 895/895/895 883/883/883 909/909/909
f 890/890/890 899/899/899 914/914/914
f 882/882/882 900/900/900 910/910/910
f 892/892/892 864/864/864 915/915/915
f 914/914/914 899/899/899 913/913/913
f 893/893/893 892/892/892 916/916/916
f 912/912/912 915/915/915 864/864/864
f 889/889/889 917/917/917 898/898/898
f 908/908/908 887/887/887 918/918/918
f 891/891/891 904/904/904 888/888/888
f 909/909/909 908/908/908 919/919/919
f 911/911/911 890/890/890 914/914/914
f 920/920/920 910/910/910 900/900/900
f 905/905/905 921/921/921 900/900/900
f 911/911/911 922/922/922 887/887/887
f 895/895/895 909/909/909 923/923/923
f 920/920/920 900/900/900 921/921/921
f 889/889/889 895/895/895 923/923/923
f 908/908/908 918/918/918 919/919/919
f 910/910/910 920/920/920 913/913/913
f 924/924/924 888/888/888 904/904/904
f 922/922/922 918/918/918 887/887/887
f 920/920/920 921/921/921 925/925/925
f 904/904/904 926/926/926 924/924/924
f 917/917/917 927/927/927 898/898/898
f 928/928/928 906/906/906 885/885/885
f 929/929/929 919/919/919 918/918/918
f 930/930/930 912/912/912 897/897/897
f 931/931/931 921/921/921 905/905/905
f 905/905/905 888/888/888 931/931/931
f 926/926/926 904/904/904 893/893/893
f 932/932/932 894/894/894 906/906/906
f 915/915/915 912/912/912 933/933/933
f 906/906/906 928/928/928 932/932/932
f 888/888/888 934/934/934 931/931/931
f 909/909/909 919/919/919 923/923/923
f 914/914/914 913/913/913 935/935/935
f 913/913/913 920/920/920 936/936/936
f 937/937/937 916/916/916 892/892/892
f 938/938/938 901/901/901 907/907/907
f 901/901/901 938/938/938 902/902/902
f 929/929/929 918/918/918 922/922/922
f 937/937/937 892/892/892 915/915/915
f 939/939/939 885/885/885 902/902/902
f 922/922/922 911/911/911 940/940/940
f 911/911/911 914/914/914 940/940/940
f 885/885/885 939/939/939 928/928/928
f 923/923/923 917/917/917 889/889/889
f 941/941/941 919/919/919 929/929/929
f 893/893/893 916/916/916 942/942/942
f 935/935/935 940/940/940 914/914/914
f 913/913/913 936/936/936 935/935/935
f 925/925/925 936/936/936 920/920/920
f 907/907/907 898/898/898 943/943/943
f 936/936/936 944/944/944 935/935/935
f 923/923/923 919/919/919 941/941/941
f 940/940/940 935/935/935 944/944/944
f 942/942/942 916/916/916 937/937/937
f 907/907/907 943/943/943 938/938/938
f 929/929/929 922/922/922 940/940/940
f 921/921/921 931/931/931 925/925/925
f 934/934/934 888/888/888 924/924/924
f 933/933/933 912/912/912 945/945/945
f 917/917/917 923/923/923 946/946/946
f 946/946/946 927/927/927 917/917/917
f 925/925/925 931/931/931 947/947/947
f 898/898/898 927/927/927 943/943/943
f 942/942/942 926/926/926 893/893/893
f 930/930/930 945/945/945 912/912/912
f 939/939/939 902/902/902 938/938/938
f 929/929/929 940/940/940 948/948/948
f 932/932/932 928/928/928 949/949/949
f 931/931/931 934/934/934 947/947/947
f 924/924/924 926/926/926 950/950/950
f 938/938/938 943/943/943 951/951/951
f 923/923/923 941/941/941 952/952/952
f 936/936/936 925/925/925 944/944/944
f 915/915/915 953/953/953 937/937/937
f 933/933/933 953/953/953 915/915/915
f 923/923/923 952/952/952 946/946/946
f 954/954/954 940/940/940 944/944/944
f 941/941/941 929/929/929 955/955/955
f 943/943/943 927/927/927 956/956/956
f 934/934/934 924/924/924 957/957/957
f 926/926/926 942/942/942 958/958/958
f 959/959/959 960/960/960 930/930/930
f 951/951/951 961/961/961 938/938/938
f 947/947/947 934/934/934 957/957/957
f 950/950/950 957/957/957 924/924/924
f 962/962/962 958/958/958 942/942/942
f 946/946/946 952/952/952 963/963/963
f 964/964/964 928/928/928 939/939/939
f 946/946/946 965/965/965 927/927/927
f 925/925/925 947/947/947 966/966/966
f 957/957/957 950/950/950 967/967/967
f 943/943/943 956/956/956 951/951/951
f 929/929/929 948/948/948 955/955/955
f 954/954/954 948/948/948 940/940/940
f 954/954/954 944/944/944 925/925/925
f 945/945/945 930/930/930 960/960/960
f 962/962/962 942/942/942 937/937/937
f 956/956/956 927/927/927 965/965/965
f 958/958/958 950/950/950 926/926/926
f 953/953/953 962/962/962 937/937/937
f 949/949/949 928/928/928 964/964/964
f 954/954/954 968/968/968 948/948/948
f 954/954/954 925/925/925 969/969/969
f 969/969/969 925/925/925 966/966/966
f 963/963/963 956/956/956 965/965/965
f 951/951/951 956/956/956 970/970/970
f 963/963/963 965/965/965 946/946/946
f 971/971/971 964/964/964 939/939/939
f 971/971/971 939/939/939 938/938/938
f 968/968/968 955/955/955 948/948/948
f 966/966/966 947/947/947 972/972/972
f 953/953/953 933/933/933 973/973/973
f 938/938/938 961/961/961 971/971/971
f 974/974/974 952/952/952 941/941/941
f 952/952/952 974/974/974 975/975/975
f 957/957/957 972/972/972 947/947/947
f 963/963/963 952/952/952 975/975/975
f 968/968/968 954/954/954 969/969/969
f 967/967/967 972/972/972 957/957/957
f 976/976/976 950/950/950 958/958/958
f 977/977/977 951/951/951 970/970/970
f 941/941/941 955/955/955 974/974/974
f 949/949/949 964/964/964 978/978/978
f 977/977/977 961/961/961 951/951/951
f 933/933/933 945/945/945 973/973/973
f 968/968/968 974/974/974 955/955/955
f 979/979/979 958/958/958 962/962/962
f 980/980/980 960/960/960 959/959/959
f 981/981/981 964/964/964 971/971/971
f 975/975/975 974/974/974 982/982/982
f 983/983/983 966/966/966 972/972/972
f 958/958/958 979/979/979 976/976/976
f 984/984/984 945/945/945 960/960/960
f 964/964/964 981/981/981 978/978/978
f 966/966/966 983/983/983 985/985/985
f 976/976/976 967/967/967 950/950/950
f 960/960/960 980/980/980 984/984/984
f 953/953/953 979/979/979 962/962/962
f 961/961/961 977/977/977 986/986/986
f 973/973/973 945/945/945 984/984/984
f 963/963/963 987/987/987 956/956/956
f 985/985/985 969/969/969 966/966/966
f 988/988/988 969/969/969 985/985/985
f 967/967/967 983/983/983 972/972/972
f 967/967/967 976/976/976 989/989/989
f 970/970/970 956/956/956 987/987/987
f 963/963/963 975/975/975 987/987/987
f 983/983/983 967/967/967 990/990/990
f 976/976/976 979/979/979 989/989/989
f 981/981/981 971/971/971 961/961/961
f 979/979/979 953/953/953 991/991/991
f 992/992/992 970/970/970 987/987/987
f 987/987/987 975/975/975 993/993/993
f 977/977/977 994/994/994 986/986/986
f 992/992/992 977/977/977 970/970/970
f 969/969/969 988/988/988 968/968/968
f 990/990/990 985/985/985 983/983/983
f 978/978/978 981/981/981 995/995/995
f 981/981/981 961/961/961 996/996/996
f 992/992/992 994/994/994 977/977/977
f 967/967/967 989/989/989 990/990/990
f 997/997/997 973/973/973 984/984/984
f 995/995/995 981/981/981 996/996/996
f 982/982/982 993/993/993 975/975/975
f 973/973/973 997/997/997 953/953/953
f 998/998/998 982/982/982 968/968/968
f 988/988/988 998/998/998 968/968/968
f 999/999/999 989/989/989 979/979/979
f 999/999/999 979/979/979 991/991/991
f 991/991/991 953/953/953 997/997/997
f 1000/1000/1000 987/987/987 993/993/993
f 982/982/982 998/998/998 1001/1001/1001
f 1002/1002/1002 984/984/984 980/980/980
f 992/992/992 987/987/987 1000/1000/1000
f 985/985/985 990/990/990 1003/1003/1003
f 1004/1004/1004 961/961/961 986/986/986
f 995/995/995 996/996/996 1005/1005/1005
f 961/961/961 1004/1004/1004 996/996/996
f 1001/1001/1001 993/993/993 982/982/982
f 994/994/994 992/992/992 1000/1000/1000
f 1006/1006/1006 997/997/997 984/984/984
f 1003/1003/1003 990/990/990 1007/1007/1007
f 999/999/999 991/991/991 1008/1008/1008
f 1009/1009/1009 991/991/991 997/997/997
f 985/985/985 1003/1003/1003 988/988/988
f 990/990/990 989/989/989 1007/1007/1007
f 1006/1006/1006 984/984/984 1010/1010/1010
f 1011/1011/1011 989/989/989 999/999/999
f 989/989/989 1011/1011/1011 1007/1007/1007
f 1011/1011/1011 999/999/999 1008/1008/1008
f 1010/1010/1010 984/984/984 1002/1002/1002
f 1004/1004/1004 986/986/986 994/994/994
f 1012/1012/1012 993/993/993 1001/1001/1001
f 1013/1013/1013 998/998/998 988/988/988
f 1000/1000/1000 993/993/993 1012/1012/1012
f 998/998/998 1013/1013/1013 1001/1001/1001
f 1003/1003/1003 1013/1013/1013 988/988/988
f 1014/1014/1014 1001/1001/1001 1013/1013/1013
f 1003/1003/1003 1015/1015/1015 1013/1013/1013
f 997/997/997 1006/1006/1006 1009/1009/1009
f 1016/1016/1016 996/996/996 1004/1004/1004
f 1017/1017/1017 1000/1000/1000 1012/1012/1012
f 1012/1012/1012 1001/1001/1001 1014/1014/1014
f 1015/1015/1015 1003/1003/1003 1007/1007/1007
f 1011/1011/1011 1008/1008/1008 1018/1018/1018
f 1000/1000/1000 1019/1019/1019 994/994/994
f 1016/1016/1016 1004/1004/1004 1020/1020/1020
f 1007/1007/1007 1011/1011/1011 1021/1021/1021
f 1015/1015/1015 1007/1007/1007 1021/1021/1021
f 996/996/996 1016/1016/1016 1005/1005/1005
f 1011/1011/1011 1018/1018/1018 1021/1021/1021
f 1012/1012/1012 1022/1022/1022 1017/1017/1017
f 1014/1014/1014 1013/1013/1013 1023/1023/1023
f 991/991/991 1009/1009/1009 1008/1008/1008
f 1022/1022/1022 1012/1012/1012 1014/1014/1014
f 1015/1015/1015 1023/1023/1023 1013/1013/1013
f 1017/1017/1017 1019/1019/1019 1000/1000/1000
f 1022/1022/1022 1014/1014/1014 1023/1023/1023
f 1023/1023/1023 1015/1015/1015 1024/1024/1024
f 1021/1021/1021 1024/1024/1024 1015/1015/1015
f 1025/1025/1025 1009/1009/1009 1006/1006/1006
f 1005/1005/1005 1016/1016/1016 1026/1026/1026
f 1023/1023/1023 1024/1024/1024 1022/1022/1022
f 1009/1009/1009 1027/1027/1027 1008/1008/1008
f 1025/1025/1025 1027/1027/1027 1009/1009/1009
f 994/994/994 1019/1019/1019 1020/1020/1020
f 1016/1016/1016 1020/1020/1020 1028/1028/1028
f 1006/1006/1006 1010/1010/1010 1029/1029/1029
f 1016/1016/1016 1028/1028/1028 1026/1026/1026
f 1030/1030/1030 1027/1027/1027 1025/1025/1025
f 1029/1029/1029 1025/1025/1025 1006/1006/1006
f 1018/1018/1018 1008/1008/1008 1031/1031/1031
f 1030/1030/1030 1031/1031/1031 1027/1027/1027
f 1032/1032/1032 1020/1020/1020 1019/1019/1019
f 1021/1021/1021 1018/1018/1018 1033/1033/1033
f 1028/1028/1028 1020/1020/1020 1032/1032/1032
f 1029/1029/1029 1034/1034/1034 1025/1025/1025
f 1024/1024/1024 1021/1021/1021 1033/1033/1033
f 1025/1025/1025 1034/1034/1034 1030/1030/1030
f 1035/1035/1035 1026/1026/1026 1028/1028/1028
f 1036/1036/1036 1019/1019/1019 1017/1017/1017
f 1017/1017/1017 1022/1022/1022 1036/1036/1036
f 1031/1031/1031 1033/1033/1033 1018/1018/1018
f 1030/1030/1030 1037/1037/1037 1031/1031/1031
f 1035/1035/1035 1028/1028/1028 1032/1032/1032
f 1032/1032/1032 1019/1019/1019 1038/1038/1038
f 1019/1019/1019 1036/1036/1036 1038/1038/1038
f 1022/1022/1022 1024/1024/1024 1039/1039/1039
f 1031/1031/1031 1037/1037/1037 1033/1033/1033
f 1036/1036/1036 1022/1022/1022 1039/1039/1039
f 1037/1037/1037 1030/1030/1030 1040/1040/1040
f 1032/1032/1032 1038/1038/1038 1041/1041/1041
f 1042/1042/1042 1036/1036/1036 1039/1039/1039
f 1033/1033/1033 1039/1039/1039 1024/1024/1024
f 1040/1040/1040 1030/1030/1030 1034/1034/1034
f 1042/1042/1042 1038/1038/1038 1036/1036/1036
f 1037/1037/1037 1043/1043/1043 1033/1033/1033
f 1041/1041/1041 1035/1035/1035 1032/1032/1032
f 1039/1039/1039 1043/1043/1043 1042/1042/1042
f 1039/1039/1039 1033/1033/1033 1043/1043/1043
f 1037/1037/1037 1044/1044/1044 1043/1043/1043
f 1042/1042/1042 1043/1043/1043 1045/1045/1045
f 1044/1044/1044 1037/1037/1037 1040/1040/1040
f 1038/1038/1038 1042/1042/1042 1046/1046/1046
f 1041/1041/1041 1038/1038/1038 1046/1046/1046
f 1043/1043/1043 1044/1044/1044 1045/1045/1045
f 1042/1042/1042 1045/1045/1045 1046/1046/1046
f 3/3/3 2/2/2 8/8/8
f 47/47/47 65/65/65 56/56/56
f 184/184/184 181/181/181 167/167/167
f 219/219/219 195/195/195 169/169/169
f 456/456/456 430/430/430 423/423/423
f 508/508/508 391/391/391 464/464/464
f 778/778/778 767/767/767 758/758/758
f 871/871/871 834/834/834 838/838/838
f 968/968/968 982/982/982 974/974/974
f 1020/1020/1020 1004/1004/1004 994/994/994
f 1027/1027/1027 1031/1031/1031 1008/1008/1008
f 1047/1047/1047 1048/1048/1048 1049/1049/1049
f 1050/1050/1050 1049/1049/1049 1048/1048/1048
f 1051/1051/1051 1052/1052/1052 1053/1053/1053
f 1054/1054/1054 1055/1055/1055 1056/1056/1056
f 1048/1048/1048 1047/1047/1047 1057/1057/1057
f 1058/1058/1058 1054/1054/1054 1056/1056/1056
f 1055/1055/1055 1049/1049/1049 1050/1050/1050
f 1059/1059/1059 1058/1058/1058 1056/1056/1056
f 1048/1048/1048 1057/1057/1057 1060/1060/1060
f 1050/1050/1050 1061/1061/1061 1055/1055/1055
f 1059/1059/1059 1062/1062/1062 1058/1058/1058
f 1048/1048/1048 1063/1063/1063 1050/1050/1050
f 1050/1050/1050 1063/1063/1063 1061/1061/1061
f 1051/1051/1051 1053/1053/1053 1064/1064/1064
f 1061/1061/1061 1063/1063/1063 1065/1065/1065
f 1063/1063/1063 1048/1048/1048 1060/1060/1060
f 1066/1066/1066 1063/1063/1063 1060/1060/1060
f 1067/1067/1067 1063/1063/1063 1066/1066/1066
f 1063/1063/1063 1067/1067/1067 1065/1065/1065
f 1068/1068/1068 1066/1066/1066 1060/1060/1060
f 1056/1056/1056 1055/1055/1055 1069/1069/1069
f 1069/1069/1069 1055/1055/1055 1070/1070/1070
f 1056/1056/1056 1069/1069/1069 1059/1059/1059
f 1068/1068/1068 1071/1071/1071 1066/1066/1066
f 1064/1064/1064 1053/1053/1053 1072/1072/1072
f 1071/1071/1071 1067/1067/1067 1066/1066/1066
f 1073/1073/1073 1055/1055/1055 1061/1061/1061
f 1057/1057/1057 1068/1068/1068 1060/1060/1060
f 1059/1059/1059 1069/1069/1069 1074/1074/1074
f 1075/1075/1075 1073/1073/1073 1061/1061/1061
f 1061/1061/1061 1065/1065/1065 1076/1076/1076
f 1076/1076/1076 1075/1075/1075 1061/1061/1061
f 1070/1070/1070 1055/1055/1055 1073/1073/1073
f 1062/1062/1062 1059/1059/1059 1074/1074/1074
f 1077/1077/1077 1068/1068/1068 1057/1057/1057
f 1078/1078/1078 1067/1067/1067 1071/1071/1071
f 1075/1075/1075 1079/1079/1079 1073/1073/1073
f 1073/1073/1073 1079/1079/1079 1080/1080/1080
f 1073/1073/1073 1080/1080/1080 1070/1070/1070
f 1069/1069/1069 1070/1070/1070 1080/1080/1080
f 1074/1074/1074 1069/1069/1069 1081/1081/1081
f 1071/1071/1071 1068/1068/1068 1082/1082/1082
f 1077/1077/1077 1082/1082/1082 1068/1068/1068
f 1083/1083/1083 1076/1076/1076 1065/1065/1065
f 1076/1076/1076 1084/1084/1084 1075/1075/1075
f 1065/1065/1065 1067/1067/1067 1078/1078/1078
f 1085/1085/1085 1080/1080/1080 1079/1079/1079
f 1065/1065/1065 1078/1078/1078 1083/1083/1083
f 1069/1069/1069 1086/1086/1086 1081/1081/1081
f 1080/1080/1080 1086/1086/1086 1069/1069/1069
f 1082/1082/1082 1078/1078/1078 1071/1071/1071
f 1087/1087/1087 1088/1088/1088 1062/1062/1062
f 1079/1079/1079 1075/1075/1075 1084/1084/1084
f 1080/1080/1080 1085/1085/1085 1086/1086/1086
f 1077/1077/1077 1089/1089/1089 1090/1090/1090
f 1076/1076/1076 1091/1091/1091 1084/1084/1084
f 1078/1078/1078 1092/1092/1092 1083/1083/1083
f 1085/1085/1085 1079/1079/1079 1093/1093/1093
f 1083/1083/1083 1091/1091/1091 1076/1076/1076
f 1086/1086/1086 1085/1085/1085 1094/1094/1094
f 1090/1090/1090 1089/1089/1089 1095/1095/1095
f 1094/1094/1094 1081/1081/1081 1086/1086/1086
f 1081/1081/1081 1096/1096/1096 1074/1074/1074
f 1082/1082/1082 1097/1097/1097 1078/1078/1078
f 1078/1078/1078 1097/1097/1097 1092/1092/1092
f 1079/1079/1079 1084/1084/1084 1093/1093/1093
f 1082/1082/1082 1077/1077/1077 1090/1090/1090
f 1087/1087/1087 1062/1062/1062 1074/1074/1074
f 1098/1098/1098 1094/1094/1094 1085/1085/1085
f 1081/1081/1081 1094/1094/1094 1096/1096/1096
f 1091/1091/1091 1099/1099/1099 1084/1084/1084
f 1100/1100/1100 1085/1085/1085 1093/1093/1093
f 1087/1087/1087 1074/1074/1074 1096/1096/1096
f 1090/1090/1090 1101/1101/1101 1082/1082/1082
f 1101/1101/1101 1102/1102/1102 1082/1082/1082
f 1103/1103/1103 1088/1088/1088 1087/1087/1087
f 1095/1095/1095 1089/1089/1089 1104/1104/1104
f 1092/1092/1092 1105/1105/1105 1083/1083/1083
f 1106/1106/1106 1093/1093/1093 1084/1084/1084
f 1102/1102/1102 1097/1097/1097 1082/1082/1082
f 1098/1098/1098 1085/1085/1085 1100/1100/1100
f 1105/1105/1105 1091/1091/1091 1083/1083/1083
f 1096/1096/1096 1094/1094/1094 1098/1098/1098
f 1084/1084/1084 1099/1099/1099 1106/1106/1106
f 1091/1091/1091 1107/1107/1107 1099/1099/1099
f 1108/1108/1108 1090/1090/1090 1095/1095/1095
f 1108/1108/1108 1101/1101/1101 1090/1090/1090
f 1109/1109/1109 1102/1102/1102 1101/1101/1101
f 1097/1097/1097 1110/1110/1110 1092/1092/1092
f 1093/1093/1093 1106/1106/1106 1111/1111/1111
f 1112/1112/1112 1106/1106/1106 1099/1099/1099
f 1103/1103/1103 1087/1087/1087 1113/1113/1113
f 1096/1096/1096 1098/1098/1098 1114/1114/1114
f 1114/1114/1114 1087/1087/1087 1096/1096/1096
f 1111/1111/1111 1100/1100/1100 1093/1093/1093
f 1095/1095/1095 1104/1104/1104 1115/1115/1115
f 1110/1110/1110 1105/1105/1105 1092/1092/1092
f 1105/1105/1105 1116/1116/1116 1091/1091/1091
f 1097/1097/1097 1102/1102/1102 1109/1109/1109
f 1110/1110/1110 1097/1097/1097 1109/1109/1109
f 1099/1099/1099 1107/1107/1107 1112/1112/1112
f 1112/1112/1112 1111/1111/1111 1106/1106/1106
f 1105/1105/1105 1110/1110/1110 1116/1116/1116
f 1091/1091/1091 1116/1116/1116 1107/1107/1107
f 1117/1117/1117 1118/1118/1118 1119/1119/1119
f 1120/1120/1120 1101/1101/1101 1108/1108/1108
f 1116/1116/1116 1121/1121/1121 1107/1107/1107
f 1122/1122/1122 1103/1103/1103 1113/1113/1113
f 1120/1120/1120 1123/1123/1123 1101/1101/1101
f 1101/1101/1101 1123/1123/1123 1109/1109/1109
f 1115/1115/1115 1104/1104/1104 1124/1124/1124
f 1110/1110/1110 1109/1109/1109 1125/1125/1125
f 1098/1098/1098 1100/1100/1100 1111/1111/1111
f 1126/1126/1126 1087/1087/1087 1114/1114/1114
f 1108/1108/1108 1095/1095/1095 1127/1127/1127
f 1127/1127/1127 1120/1120/1120 1108/1108/1108
f 1109/1109/1109 1128/1128/1128 1125/1125/1125
f 1115/1115/1115 1127/1127/1127 1095/1095/1095
f 1107/1107/1107 1111/1111/1111 1112/1112/1112
f 1129/1129/1129 1130/1130/1130 1098/1098/1098
f 1126/1126/1126 1113/1113/1113 1087/1087/1087
f 1128/1128/1128 1109/1109/1109 1123/1123/1123
f 1131/1131/1131 1132/1132/1132 1107/1107/1107
f 1133/1133/1133 1111/1111/1111 1107/1107/1107
f 1098/1098/1098 1111/1111/1111 1129/1129/1129
f 1132/1132/1132 1133/1133/1133 1107/1107/1107
f 1134/1134/1134 1120/1120/1120 1127/1127/1127
f 1131/1131/1131 1107/1107/1107 1121/1121/1121
f 1120/1120/1120 1134/1134/1134 1123/1123/1123
f 1122/1122/1122 1113/1113/1113 1135/1135/1135
f 1128/1128/1128 1123/1123/1123 1136/1136/1136
f 1137/1137/1137 1122/1122/1122 1135/1135/1135
f 1114/1114/1114 1138/1138/1138 1126/1126/1126
f 1113/1113/1113 1126/1126/1126 1135/1135/1135
f 1115/1115/1115 1124/1124/1124 1139/1139/1139
f 1129/1129/1129 1114/1114/1114 1130/1130/1130
f 1140/1140/1140 1126/1126/1126 1138/1138/1138
f 1126/1126/1126 1140/1140/1140 1135/1135/1135
f 1125/1125/1125 1128/1128/1128 1136/1136/1136
f 1131/1131/1131 1121/1121/1121 1132/1132/1132
f 1139/1139/1139 1141/1141/1141 1115/1115/1115
f 1127/1127/1127 1115/1115/1115 1141/1141/1141
f 1134/1134/1134 1127/1127/1127 1141/1141/1141
f 1142/1142/1142 1140/1140/1140 1138/1138/1138
f 1116/1116/1116 1143/1143/1143 1121/1121/1121
f 1116/1116/1116 1110/1110/1110 1125/1125/1125
f 1134/1134/1134 1144/1144/1144 1123/1123/1123
f 1139/1139/1139 1124/1124/1124 1145/1145/1145
f 1140/1140/1140 1146/1146/1146 1135/1135/1135
f 1147/1147/1147 1138/1138/1138 1114/1114/1114
f 1132/1132/1132 1121/1121/1121 1148/1148/1148
f 1135/1135/1135 1149/1149/1149 1137/1137/1137
f 1147/1147/1147 1114/1114/1114 1129/1129/1129
f 1136/1136/1136 1123/1123/1123 1144/1144/1144
f 1142/1142/1142 1138/1138/1138 1147/1147/1147
f 1150/1150/1150 1151/1151/1151 1152/1152/1152
f 1136/1136/1136 1144/1144/1144 1153/1153/1153
f 1154/1154/1154 1155/1155/1155 1156/1156/1156
f 1157/1157/1157 1144/1144/1144 1134/1134/1134
f 1158/1158/1158 1159/1159/1159 1121/1121/1121
f 1159/1159/1159 1148/1148/1148 1121/1121/1121
f 1141/1141/1141 1157/1157/1157 1134/1134/1134
f 1116/1116/1116 1160/1160/1160 1143/1143/1143
f 1125/1125/1125 1160/1160/1160 1116/1116/1116
f 1132/1132/1132 1161/1161/1161 1133/1133/1133
f 1133/1133/1133 1162/1162/1162 1111/1111/1111
f 1136/1136/1136 1153/1153/1153 1163/1163/1163
f 1132/1132/1132 1148/1148/1148 1164/1164/1164
f 1165/1165/1165 1140/1140/1140 1142/1142/1142
f 1158/1158/1158 1166/1166/1166 1159/1159/1159
f 1147/1147/1147 1129/1129/1129 1167/1167/1167
f 1168/1168/1168 1161/1161/1161 1132/1132/1132
f 1165/1165/1165 1142/1142/1142 1147/1147/1147
f 1139/1139/1139 1145/1145/1145 1169/1169/1169
f 1144/1144/1144 1157/1157/1157 1153/1153/1153
f 1125/1125/1125 1136/1136/1136 1163/1163/1163
f 1111/1111/1111 1170/1170/1170 1129/1129/1129
f 1132/1132/1132 1164/1164/1164 1168/1168/1168
f 1143/1143/1143 1171/1171/1171 1158/1158/1158
f 1166/1166/1166 1172/1172/1172 1159/1159/1159
f 1173/1173/1173 1133/1133/1133 1161/1161/1161
f 1174/1174/1174 1129/1129/1129 1170/1170/1170
f 1141/1141/1141 1139/1139/1139 1175/1175/1175
f 1158/1158/1158 1171/1171/1171 1166/1166/1166
f 1176/1176/1176 1111/1111/1111 1162/1162/1162
f 1165/1165/1165 1147/1147/1147 1167/1167/1167
f 1169/1169/1169 1145/1145/1145 1177/1177/1177
f 1163/1163/1163 1160/1160/1160 1125/1125/1125
f 1159/1159/1159 1172/1172/1172 1148/1148/1148
f 1164/1164/1164 1178/1178/1178 1168/1168/1168
f 1135/1135/1135 1179/1179/1179 1149/1149/1149
f 1157/1157/1157 1141/1141/1141 1180/1180/1180
f 1181/1181/1181 1161/1161/1161 1168/1168/1168
f 1146/1146/1146 1179/1179/1179 1135/1135/1135
f 1173/1173/1173 1161/1161/1161 1182/1182/1182
f 1175/1175/1175 1139/1139/1139 1169/1169/1169
f 1141/1141/1141 1175/1175/1175 1180/1180/1180
f 1178/1178/1178 1181/1181/1181 1168/1168/1168
f 1182/1182/1182 1161/1161/1161 1181/1181/1181
f 1148/1148/1148 1183/1183/1183 1164/1164/1164
f 1184/1184/1184 1133/1133/1133 1173/1173/1173
f 1184/1184/1184 1185/1185/1185 1133/1133/1133
f 1164/1164/1164 1186/1186/1186 1178/1178/1178
f 1170/1170/1170 1111/1111/1111 1176/1176/1176
f 1182/1182/1182 1181/1181/1181 1187/1187/1187
f 1173/1173/1173 1182/1182/1182 1188/1188/1188
f 1189/1189/1189 1162/1162/1162 1133/1133/1133
f 1129/1129/1129 1174/1174/1174 1167/1167/1167
f 1190/1190/1190 1150/1150/1150 1152/1152/1152
f 1153/1153/1153 1157/1157/1157 1191/1191/1191
f 1164/1164/1164 1183/1183/1183 1186/1186/1186
f 1140/1140/1140 1179/1179/1179 1146/1146/1146
f 1163/1163/1163 1143/1143/1143 1160/1160/1160
f 1157/1157/1157 1192/1192/1192 1191/1191/1191
f 1163/1163/1163 1153/1153/1153 1191/1191/1191
f 1171/1171/1171 1193/1193/1193 1166/1166/1166
f 1178/1178/1178 1186/1186/1186 1194/1194/1194
f 1181/1181/1181 1178/1178/1178 1187/1187/1187
f 1182/1182/1182 1187/1187/1187 1195/1195/1195
f 1182/1182/1182 1195/1195/1195 1188/1188/1188
f 1179/1179/1179 1140/1140/1140 1196/1196/1196
f 1173/1173/1173 1188/1188/1188 1184/1184/1184
f 1133/1133/1133 1185/1185/1185 1189/1189/1189
f 1166/1166/1166 1197/1197/1197 1172/1172/1172
f 1178/1178/1178 1198/1198/1198 1187/1187/1187
f 1199/1199/1199 1188/1188/1188 1195/1195/1195
f 1196/1196/1196 1165/1165/1165 1200/1200/1200
f 1193/1193/1193 1197/1197/1197 1166/1166/1166
f 1201/1201/1201 1183/1183/1183 1148/1148/1148
f 1184/1184/1184 1202/1202/1202 1185/1185/1185
f 1172/1172/1172 1201/1201/1201 1148/1148/1148
f 1201/1201/1201 1203/1203/1203 1183/1183/1183
f 1178/1178/1178 1194/1194/1194 1204/1204/1204
f 1202/1202/1202 1189/1189/1189 1185/1185/1185
f 1205/1205/1205 1165/1165/1165 1167/1167/1167
f 1169/1169/1169 1177/1177/1177 1206/1206/1206
f 1192/1192/1192 1157/1157/1157 1180/1180/1180
f 1178/1178/1178 1204/1204/1204 1198/1198/1198
f 1188/1188/1188 1207/1207/1207 1184/1184/1184
f 1183/1183/1183 1203/1203/1203 1186/1186/1186
f 1207/1207/1207 1188/1188/1188 1199/1199/1199
f 1184/1184/1184 1207/1207/1207 1202/1202/1202
f 1191/1191/1191 1208/1208/1208 1163/1163/1163
f 1172/1172/1172 1197/1197/1197 1201/1201/1201
f 1163/1163/1163 1208/1208/1208 1143/1143/1143
f 1198/1198/1198 1195/1195/1195 1187/1187/1187
f 1176/1176/1176 1209/1209/1209 1170/1170/1170
f 1174/1174/1174 1205/1205/1205 1167/1167/1167
f 1149/1149/1149 1179/1179/1179 1210/1210/1210
f 1162/1162/1162 1189/1189/1189 1211/1211/1211
f 1179/1179/1179 1196/1196/1196 1210/1210/1210
f 1186/1186/1186 1212/1212/1212 1194/1194/1194
f 1195/1195/1195 1213/1213/1213 1199/1199/1199
f 1203/1203/1203 1212/1212/1212 1186/1186/1186
f 1205/1205/1205 1200/1200/1200 1165/1165/1165
f 1194/1194/1194 1214/1214/1214 1204/1204/1204
f 1215/1215/1215 1207/1207/1207 1199/1199/1199
f 1216/1216/1216 1149/1149/1149 1210/1210/1210
f 1180/1180/1180 1217/1217/1217 1192/1192/1192
f 1212/1212/1212 1214/1214/1214 1194/1194/1194
f 1206/1206/1206 1177/1177/1177 1218/1218/1218
f 1219/1219/1219 1175/1175/1175 1206/1206/1206
f 1175/1175/1175 1169/1169/1169 1206/1206/1206
f 1219/1219/1219 1180/1180/1180 1175/1175/1175
f 1215/1215/1215 1202/1202/1202 1207/1207/1207
f 1208/1208/1208 1220/1220/1220 1143/1143/1143
f 1221/1221/1221 1195/1195/1195 1198/1198/1198
f 1213/1213/1213 1195/1195/1195 1221/1221/1221
f 1200/1200/1200 1210/1210/1210 1196/1196/1196
f 1198/1198/1198 1222/1222/1222 1221/1221/1221
f 1193/1193/1193 1223/1223/1223 1197/1197/1197
f 1204/1204/1204 1214/1214/1214 1198/1198/1198
f 1171/1171/1171 1143/1143/1143 1224/1224/1224
f 1222/1222/1222 1225/1225/1225 1221/1221/1221
f 1214/1214/1214 1222/1222/1222 1198/1198/1198
f 1226/1226/1226 1215/1215/1215 1199/1199/1199
f 1189/1189/1189 1202/1202/1202 1227/1227/1227
f 1227/1227/1227 1211/1211/1211 1189/1189/1189
f 1217/1217/1217 1191/1191/1191 1192/1192/1192
f 1213/1213/1213 1221/1221/1221 1228/1228/1228
f 1199/1199/1199 1213/1213/1213 1226/1226/1226
f 1197/1197/1197 1229/1229/1229 1201/1201/1201
f 1214/1214/1214 1230/1230/1230 1222/1222/1222
f 1224/1224/1224 1143/1143/1143 1220/1220/1220
f 1193/1193/1193 1171/1171/1171 1223/1223/1223
f 1201/1201/1201 1229/1229/1229 1231/1231/1231
f 1230/1230/1230 1225/1225/1225 1222/1222/1222
f 1201/1201/1201 1231/1231/1231 1203/1203/1203
f 1232/1232/1232 1212/1212/1212 1203/1203/1203
f 1228/1228/1228 1221/1221/1221 1225/1225/1225
f 1174/1174/1174 1233/1233/1233 1205/1205/1205
f 1234/1234/1234 1235/1235/1235 1236/1236/1236
f 1216/1216/1216 1210/1210/1210 1237/1237/1237
f 1231/1231/1231 1232/1232/1232 1203/1203/1203
f 1213/1213/1213 1228/1228/1228 1226/1226/1226
f 1170/1170/1170 1209/1209/1209 1238/1238/1238
f 1219/1219/1219 1217/1217/1217 1180/1180/1180
f 1225/1225/1225 1239/1239/1239 1228/1228/1228
f 1240/1240/1240 1202/1202/1202 1215/1215/1215
f 1224/1224/1224 1241/1241/1241 1171/1171/1171
f 1242/1242/1242 1215/1215/1215 1226/1226/1226
f 1227/1227/1227 1243/1243/1243 1211/1211/1211
f 1230/1230/1230 1214/1214/1214 1244/1244/1244
f 1228/1228/1228 1245/1245/1245 1226/1226/1226
f 1246/1246/1246 1208/1208/1208 1191/1191/1191
f 1223/1223/1223 1229/1229/1229 1197/1197/1197
f 1230/1230/1230 1247/1247/1247 1225/1225/1225
f 1176/1176/1176 1248/1248/1248 1209/1209/1209
f 1220/1220/1220 1249/1249/1249 1224/1224/1224
f 1250/1250/1250 1251/1251/1251 1234/1234/1234
f 1241/1241/1241 1223/1223/1223 1171/1171/1171
f 1223/1223/1223 1252/1252/1252 1229/1229/1229
f 1253/1253/1253 1205/1205/1205 1233/1233/1233
f 1200/1200/1200 1205/1205/1205 1253/1253/1253
f 1210/1210/1210 1200/1200/1200 1254/1254/1254
f 1247/1247/1247 1239/1239/1239 1225/1225/1225
f 1210/1210/1210 1254/1254/1254 1237/1237/1237
f 1246/1246/1246 1191/1191/1191 1255/1255/1255
f 1176/1176/1176 1162/1162/1162 1248/1248/1248
f 1255/1255/1255 1191/1191/1191 1256/1256/1256
f 1191/1191/1191 1217/1217/1217 1256/1256/1256
f 1244/1244/1244 1257/1257/1257 1230/1230/1230
f 1258/1258/1258 1219/1219/1219 1206/1206/1206
f 1249/1249/1249 1241/1241/1241 1224/1224/1224
f 1259/1259/1259 1228/1228/1228 1239/1239/1239
f 1259/1259/1259 1245/1245/1245 1228/1228/1228
f 1242/1242/1242 1240/1240/1240 1215/1215/1215
f 1227/1227/1227 1202/1202/1202 1260/1260/1260
f 1252/1252/1252 1231/1231/1231 1229/1229/1229
f 1261/1261/1261 1262/1262/1262 1263/1263/1263
f 1264/1264/1264 1234/1234/1234 1236/1236/1236
f 1247/1247/1247 1230/1230/1230 1257/1257/1257
f 1239/1239/1239 1265/1265/1265 1259/1259/1259
f 1266/1266/1266 1217/1217/1217 1219/1219/1219
f 1267/1267/1267 1268/1268/1268 1261/1261/1261
f 1245/1245/1245 1269/1269/1269 1226/1226/1226
f 1218/1218/1218 1270/1270/1270 1206/1206/1206
f 1251/1251/1251 1250/1250/1250 1271/1271/1271
f 1206/1206/1206 1270/1270/1270 1258/1258/1258
f 1208/1208/1208 1272/1272/1272 1220/1220/1220
f 1211/1211/1211 1273/1273/1273 1162/1162/1162
f 1273/1273/1273 1248/1248/1248 1162/1162/1162
f 1274/1274/1274 1216/1216/1216 1275/1275/1275
f 1246/1246/1246 1272/1272/1272 1208/1208/1208
f 1265/1265/1265 1276/1276/1276 1259/1259/1259
f 1277/1277/1277 1170/1170/1170 1238/1238/1238
f 1170/1170/1170 1277/1277/1277 1174/1174/1174
f 1278/1278/1278 1265/1265/1265 1239/1239/1239
f 1226/1226/1226 1269/1269/1269 1242/1242/1242
f 1202/1202/1202 1240/1240/1240 1260/1260/1260
f 1232/1232/1232 1231/1231/1231 1279/1279/1279
f 1262/1262/1262 1261/1261/1261 1268/1268/1268
f 1227/1227/1227 1280/1280/1280 1243/1243/1243
f 1200/1200/1200 1253/1253/1253 1254/1254/1254
f 1275/1275/1275 1216/1216/1216 1237/1237/1237
f 1218/1218/1218 1281/1281/1281 1270/1270/1270
f 1220/1220/1220 1272/1272/1272 1249/1249/1249
f 1264/1264/1264 1282/1282/1282 1234/1234/1234
f 1267/1267/1267 1251/1251/1251 1283/1283/1283
f 1273/1273/1273 1211/1211/1211 1243/1243/1243
f 1219/1219/1219 1284/1284/1284 1266/1266/1266
f 1217/1217/1217 1266/1266/1266 1256/1256/1256
f 1234/1234/1234 1282/1282/1282 1250/1250/1250
f 1260/1260/1260 1280/1280/1280 1227/1227/1227
f 1284/1284/1284 1219/1219/1219 1258/1258/1258
f 1285/1285/1285 1265/1265/1265 1278/1278/1278
f 1252/1252/1252 1279/1279/1279 1231/1231/1231
f 1259/1259/1259 1269/1269/1269 1245/1245/1245
f 1286/1286/1286 1262/1262/1262 1287/1287/1287
f 1241/1241/1241 1249/1249/1249 1288/1288/1288
f 1264/1264/1264 1236/1236/1236 1289/1289/1289
f 1282/1282/1282 1271/1271/1271 1250/1250/1250
f 1271/1271/1271 1283/1283/1283 1251/1251/1251
f 1259/1259/1259 1290/1290/1290 1269/1269/1269
f 1238/1238/1238 1209/1209/1209 1291/1291/1291
f 1265/1265/1265 1292/1292/1292 1276/1276/1276
f 1293/1293/1293 1286/1286/1286 1287/1287/1287
f 1276/1276/1276 1290/1290/1290 1259/1259/1259
f 1268/1268/1268 1287/1287/1287 1262/1262/1262
f 1292/1292/1292 1265/1265/1265 1285/1285/1285
f 1242/1242/1242 1294/1294/1294 1240/1240/1240
f 1295/1295/1295 1260/1260/1260 1240/1240/1240
f 1284/1284/1284 1258/1258/1258 1296/1296/1296
f 1297/1297/1297 1267/1267/1267 1283/1283/1283
f 1267/1267/1267 1297/1297/1297 1268/1268/1268
f 1293/1293/1293 1298/1298/1298 1286/1286/1286
f 1299/1299/1299 1293/1293/1293 1287/1287/1287
f 1294/1294/1294 1242/1242/1242 1269/1269/1269
f 1287/1287/1287 1268/1268/1268 1297/1297/1297
f 1256/1256/1256 1300/1300/1300 1255/1255/1255
f 1260/1260/1260 1301/1301/1301 1280/1280/1280
f 1276/1276/1276 1302/1302/1302 1290/1290/1290
f 1297/1297/1297 1303/1303/1303 1287/1287/1287
f 1304/1304/1304 1254/1254/1254 1253/1253/1253
f 1305/1305/1305 1274/1274/1274 1275/1275/1275
f 1276/1276/1276 1292/1292/1292 1302/1302/1302
f 1253/1253/1253 1233/1233/1233 1304/1304/1304
f 1298/1298/1298 1306/1306/1306 1286/1286/1286
f 1209/1209/1209 1248/1248/1248 1307/1307/1307
f 1174/1174/1174 1304/1304/1304 1233/1233/1233
f 1299/1299/1299 1308/1308/1308 1293/1293/1293
f 1302/1302/1302 1309/1309/1309 1290/1290/1290
f 1269/1269/1269 1290/1290/1290 1309/1309/1309
f 1307/1307/1307 1291/1291/1291 1209/1209/1209
f 1270/1270/1270 1296/1296/1296 1258/1258/1258
f 1296/1296/1296 1266/1266/1266 1284/1284/1284
f 1264/1264/1264 1310/1310/1310 1282/1282/1282
f 1311/1311/1311 1277/1277/1277 1238/1238/1238
f 1293/1293/1293 1312/1312/1312 1298/1298/1298
f 1297/1297/1297 1283/1283/1283 1313/1313/1313
f 1299/1299/1299 1287/1287/1287 1303/1303/1303
f 1260/1260/1260 1295/1295/1295 1301/1301/1301
f 1314/1314/1314 1275/1275/1275 1237/1237/1237
f 1310/1310/1310 1271/1271/1271 1282/1282/1282
f 1293/1293/1293 1308/1308/1308 1312/1312/1312
f 1294/1294/1294 1269/1269/1269 1309/1309/1309
f 1294/1294/1294 1295/1295/1295 1240/1240/1240
f 1246/1246/1246 1255/1255/1255 1315/1315/1315
f 1273/1273/1273 1316/1316/1316 1248/1248/1248
f 1252/1252/1252 1317/1317/1317 1279/1279/1279
f 1255/1255/1255 1300/1300/1300 1315/1315/1315
f 1311/1311/1311 1238/1238/1238 1291/1291/1291
f 1271/1271/1271 1318/1318/1318 1283/1283/1283
f 1297/1297/1297 1313/1313/1313 1303/1303/1303
f 1272/1272/1272 1319/1319/1319 1249/1249/1249
f 1289/1289/1289 1320/1320/1320 1264/1264/1264
f 1241/1241/1241 1321/1321/1321 1223/1223/1223
f 1306/1306/1306 1298/1298/1298 1322/1322/1322
f 1302/1302/1302 1292/1292/1292 1323/1323/1323
f 1277/1277/1277 1324/1324/1324 1174/1174/1174
f 1246/1246/1246 1325/1325/1325 1272/1272/1272
f 1318/1318/1318 1313/1313/1313 1283/1283/1283
f 1299/1299/1299 1303/1303/1303 1326/1326/1326
f 1325/1325/1325 1319/1319/1319 1272/1272/1272
f 1327/1327/1327 1306/1306/1306 1322/1322/1322
f 1309/1309/1309 1328/1328/1328 1294/1294/1294
f 1174/1174/1174 1324/1324/1324 1329/1329/1329
f 1254/1254/1254 1304/1304/1304 1330/1330/1330
f 1246/1246/1246 1315/1315/1315 1325/1325/1325
f 1318/1318/1318 1271/1271/1271 1310/1310/1310
f 1298/1298/1298 1312/1312/1312 1331/1331/1331
f 1332/1332/1332 1243/1243/1243 1280/1280/1280
f 1307/1307/1307 1248/1248/1248 1316/1316/1316
f 1333/1333/1333 1291/1291/1291 1307/1307/1307
f 1333/1333/1333 1311/1311/1311 1291/1291/1291
f 1308/1308/1308 1299/1299/1299 1326/1326/1326
f 1334/1334/1334 1316/1316/1316 1273/1273/1273
f 1288/1288/1288 1321/1321/1321 1241/1241/1241
f 1223/1223/1223 1335/1335/1335 1252/1252/1252
f 1303/1303/1303 1336/1336/1336 1326/1326/1326
f 1308/1308/1308 1337/1337/1337 1312/1312/1312
f 1337/1337/1337 1331/1331/1331 1312/1312/1312
f 1174/1174/1174 1329/1329/1329 1304/1304/1304
f 1338/1338/1338 1279/1279/1279 1317/1317/1317
f 1298/1298/1298 1331/1331/1331 1322/1322/1322
f 1306/1306/1306 1327/1327/1327 1339/1339/1339
f 1328/1328/1328 1309/1309/1309 1340/1340/1340
f 1330/1330/1330 1304/1304/1304 1341/1341/1341
f 1302/1302/1302 1323/1323/1323 1309/1309/1309
f 1243/1243/1243 1342/1342/1342 1273/1273/1273
f 1335/1335/1335 1223/1223/1223 1321/1321/1321
f 1320/1320/1320 1343/1343/1343 1264/1264/1264
f 1303/1303/1303 1313/1313/1313 1336/1336/1336
f 1332/1332/1332 1342/1342/1342 1243/1243/1243
f 1344/1344/1344 1266/1266/1266 1296/1296/1296
f 1344/1344/1344 1256/1256/1256 1266/1266/1266
f 1343/1343/1343 1310/1310/1310 1264/1264/1264
f 1294/1294/1294 1345/1345/1345 1295/1295/1295
f 1326/1326/1326 1346/1346/1346 1308/1308/1308
f 1337/1337/1337 1347/1347/1347 1331/1331/1331
f 1323/1323/1323 1348/1348/1348 1309/1309/1309
f 1294/1294/1294 1328/1328/1328 1345/1345/1345
f 1311/1311/1311 1349/1349/1349 1277/1277/1277
f 1288/1288/1288 1249/1249/1249 1319/1319/1319
f 1280/1280/1280 1301/1301/1301 1332/1332/1332
f 1275/1275/1275 1350/1350/1350 1305/1305/1305
f 1317/1317/1317 1252/1252/1252 1351/1351/1351
f 1273/1273/1273 1342/1342/1342 1334/1334/1334
f 1333/1333/1333 1352/1352/1352 1311/1311/1311
f 1296/1296/1296 1270/1270/1270 1353/1353/1353
f 1308/1308/1308 1346/1346/1346 1337/1337/1337
f 1340/1340/1340 1309/1309/1309 1348/1348/1348
f 1301/1301/1301 1354/1354/1354 1332/1332/1332
f 1329/1329/1329 1355/1355/1355 1304/1304/1304
f 1356/1356/1356 1322/1322/1322 1331/1331/1331
f 1295/1295/1295 1357/1357/1357 1301/1301/1301
f 1333/1333/1333 1307/1307/1307 1358/1358/1358
f 1331/1331/1331 1347/1347/1347 1356/1356/1356
f 1334/1334/1334 1359/1359/1359 1316/1316/1316
f 1319/1319/1319 1360/1360/1360 1288/1288/1288
f 1275/1275/1275 1314/1314/1314 1361/1361/1361
f 1311/1311/1311 1352/1352/1352 1349/1349/1349
f 1357/1357/1357 1354/1354/1354 1301/1301/1301
f 1307/1307/1307 1316/1316/1316 1358/1358/1358
f 1349/1349/1349 1324/1324/1324 1277/1277/1277
f 1360/1360/1360 1321/1321/1321 1288/1288/1288
f 1362/1362/1362 1346/1346/1346 1326/1326/1326
f 1346/1346/1346 1363/1363/1363 1337/1337/1337
f 1300/1300/1300 1256/1256/1256 1364/1364/1364
f 1351/1351/1351 1252/1252/1252 1335/1335/1335
f 1345/1345/1345 1357/1357/1357 1295/1295/1295
f 1337/1337/1337 1365/1365/1365 1347/1347/1347
f 1366/1366/1366 1327/1327/1327 1322/1322/1322
f 1327/1327/1327 1367/1367/1367 1339/1339/1339
f 1343/1343/1343 1320/1320/1320 1368/1368/1368
f 1326/1326/1326 1336/1336/1336 1369/1369/1369
f 1316/1316/1316 1370/1370/1370 1358/1358/1358
f 1346/1346/1346 1371/1371/1371 1363/1363/1363
f 1322/1322/1322 1356/1356/1356 1366/1366/1366
f 1370/1370/1370 1316/1316/1316 1359/1359/1359
f 1296/1296/1296 1353/1353/1353 1344/1344/1344
f 1318/1318/1318 1372/1372/1372 1313/1313/1313
f 1313/1313/1313 1373/1373/1373 1336/1336/1336
f 1363/1363/1363 1365/1365/1365 1337/1337/1337
f 1374/1374/1374 1357/1357/1357 1345/1345/1345
f 1333/1333/1333 1358/1358/1358 1352/1352/1352
f 1310/1310/1310 1375/1375/1375 1318/1318/1318
f 1362/1362/1362 1326/1326/1326 1369/1369/1369
f 1365/1365/1365 1363/1363/1363 1376/1376/1376
f 1377/1377/1377 1347/1347/1347 1365/1365/1365
f 1378/1378/1378 1342/1342/1342 1332/1332/1332
f 1350/1350/1350 1275/1275/1275 1361/1361/1361
f 1373/1373/1373 1313/1313/1313 1372/1372/1372
f 1367/1367/1367 1327/1327/1327 1379/1379/1379
f 1364/1364/1364 1256/1256/1256 1344/1344/1344
f 1380/1380/1380 1315/1315/1315 1300/1300/1300
f 1372/1372/1372 1318/1318/1318 1375/1375/1375
f 1369/1369/1369 1336/1336/1336 1373/1373/1373
f 1354/1354/1354 1378/1378/1378 1332/1332/1332
f 1324/1324/1324 1381/1381/1381 1329/1329/1329
f 1317/1317/1317 1382/1382/1382 1338/1338/1338
f 1347/1347/1347 1377/1377/1377 1356/1356/1356
f 1371/1371/1371 1383/1383/1383 1363/1363/1363
f 1364/1364/1364 1380/1380/1380 1300/1300/1300
f 1321/1321/1321 1384/1384/1384 1335/1335/1335
f 1379/1379/1379 1327/1327/1327 1366/1366/1366
f 1385/1385/1385 1319/1319/1319 1325/1325/1325
f 1343/1343/1343 1386/1386/1386 1310/1310/1310
f 1387/1387/1387 1388/1388/1388 1328/1328/1328
f 1330/1330/1330 1341/1341/1341 1389/1389/1389
f 1315/1315/1315 1380/1380/1380 1325/1325/1325
f 1376/1376/1376 1363/1363/1363 1383/1383/1383
f 1365/1365/1365 1376/1376/1376 1390/1390/1390
f 1340/1340/1340 1348/1348/1348 1391/1391/1391
f 1328/1328/1328 1340/1340/1340 1387/1387/1387
f 1328/1328/1328 1388/1388/1388 1345/1345/1345
f 1359/1359/1359 1334/1334/1334 1392/1392/1392
f 1384/1384/1384 1321/1321/1321 1360/1360/1360
f 1365/1365/1365 1390/1390/1390 1377/1377/1377
f 1356/1356/1356 1393/1393/1393 1366/1366/1366
f 1320/1320/1320 1394/1394/1394 1368/1368/1368
f 1368/1368/1368 1386/1386/1386 1343/1343/1343
f 1395/1395/1395 1377/1377/1377 1390/1390/1390
f 1396/1396/1396 1334/1334/1334 1342/1342/1342
f 1355/1355/1355 1329/1329/1329 1397/1397/1397
f 1398/1398/1398 1367/1367/1367 1379/1379/1379
f 1340/1340/1340 1391/1391/1391 1387/1387/1387
f 1350/1350/1350 1399/1399/1399 1305/1305/1305
f 1317/1317/1317 1351/1351/1351 1382/1382/1382
f 1390/1390/1390 1376/1376/1376 1400/1400/1400
f 1377/1377/1377 1401/1401/1401 1356/1356/1356
f 1345/1345/1345 1388/1388/1388 1374/1374/1374
f 1402/1402/1402 1357/1357/1357 1374/1374/1374
f 1403/1403/1403 1324/1324/1324 1349/1349/1349
f 1381/1381/1381 1324/1324/1324 1403/1403/1403
f 1356/1356/1356 1401/1401/1401 1393/1393/1393
f 1354/1354/1354 1357/1357/1357 1402/1402/1402
f 1404/1404/1404 1352/1352/1352 1358/1358/1358
f 1349/1349/1349 1352/1352/1352 1405/1405/1405
f 1385/1385/1385 1325/1325/1325 1380/1380/1380
f 1368/1368/1368 1394/1394/1394 1406/1406/1406
f 1376/1376/1376 1407/1407/1407 1400/1400/1400
f 1408/1408/1408 1391/1391/1391 1348/1348/1348
f 1370/1370/1370 1404/1404/1404 1358/1358/1358
f 1350/1350/1350 1409/1409/1409 1399/1399/1399
f 1383/1383/1383 1410/1410/1410 1376/1376/1376
f 1410/1410/1410 1407/1407/1407 1376/1376/1376
f 1377/1377/1377 1395/1395/1395 1401/1401/1401
f 1411/1411/1411 1390/1390/1390 1400/1400/1400
f 1396/1396/1396 1392/1392/1392 1334/1334/1334
f 1361/1361/1361 1412/1412/1412 1350/1350/1350
f 1413/1413/1413 1353/1353/1353 1270/1270/1270
f 1378/1378/1378 1396/1396/1396 1342/1342/1342
f 1405/1405/1405 1403/1403/1403 1349/1349/1349
f 1397/1397/1397 1329/1329/1329 1381/1381/1381
f 1310/1310/1310 1386/1386/1386 1375/1375/1375
f 1390/1390/1390 1411/1411/1411 1395/1395/1395
f 1412/1412/1412 1409/1409/1409 1350/1350/1350
f 1392/1392/1392 1414/1414/1414 1359/1359/1359
f 1359/1359/1359 1414/1414/1414 1370/1370/1370
f 1415/1415/1415 1355/1355/1355 1397/1397/1397
f 1407/1407/1407 1410/1410/1410 1416/1416/1416
f 1417/1417/1417 1351/1351/1351 1335/1335/1335
f 1393/1393/1393 1418/1418/1418 1366/1366/1366
f 1387/1387/1387 1419/1419/1419 1388/1388/1388
f 1319/1319/1319 1385/1385/1385 1360/1360/1360
f 1420/1420/1420 1400/1400/1400 1407/1407/1407
f 1421/1421/1421 1405/1405/1405 1352/1352/1352
f 1422/1422/1422 1401/1401/1401 1395/1395/1395
f 1330/1330/1330 1389/1389/1389 1423/1423/1423
f 1369/1369/1369 1373/1373/1373 1424/1424/1424
f 1379/1379/1379 1366/1366/1366 1418/1418/1418
f 1404/1404/1404 1421/1421/1421 1352/1352/1352
f 1420/1420/1420 1425/1425/1425 1400/1400/1400
f 1371/1371/1371 1426/1426/1426 1383/1383/1383
f 1410/1410/1410 1383/1383/1383 1427/1427/1427
f 1410/1410/1410 1427/1427/1427 1416/1416/1416
f 1400/1400/1400 1428/1428/1428 1411/1411/1411
f 1370/1370/1370 1429/1429/1429 1404/1404/1404
f 1374/1374/1374 1430/1430/1430 1402/1402/1402
f 1378/1378/1378 1354/1354/1354 1431/1431/1431
f 1353/1353/1353 1432/1432/1432 1344/1344/1344
f 1433/1433/1433 1372/1372/1372 1375/1375/1375
f 1425/1425/1425 1428/1428/1428 1400/1400/1400
f 1402/1402/1402 1431/1431/1431 1354/1354/1354
f 1375/1375/1375 1386/1386/1386 1434/1434/1434
f 1404/1404/1404 1429/1429/1429 1421/1421/1421
f 1419/1419/1419 1387/1387/1387 1391/1391/1391
f 1353/1353/1353 1413/1413/1413 1432/1432/1432
f 1416/1416/1416 1420/1420/1420 1407/1407/1407
f 1411/1411/1411 1435/1435/1435 1395/1395/1395
f 1388/1388/1388 1430/1430/1430 1374/1374/1374
f 1370/1370/1370 1414/1414/1414 1429/1429/1429
f 1413/1413/1413 1270/1270/1270 1281/1281/1281
f 1369/1369/1369 1436/1436/1436 1362/1362/1362
f 1383/1383/1383 1426/1426/1426 1437/1437/1437
f 1380/1380/1380 1438/1438/1438 1385/1385/1385
f 1406/1406/1406 1394/1394/1394 1439/1439/1439
f 1372/1372/1372 1433/1433/1433 1440/1440/1440
f 1372/1372/1372 1424/1424/1424 1373/1373/1373
f 1375/1375/1375 1441/1441/1441 1433/1433/1433
f 1416/1416/1416 1442/1442/1442 1420/1420/1420
f 1395/1395/1395 1435/1435/1435 1422/1422/1422
f 1406/1406/1406 1386/1386/1386 1368/1368/1368
f 1362/1362/1362 1443/1443/1443 1426/1426/1426
f 1442/1442/1442 1425/1425/1425 1420/1420/1420
f 1401/1401/1401 1444/1444/1444 1393/1393/1393
f 1351/1351/1351 1445/1445/1445 1382/1382/1382
f 1437/1437/1437 1427/1427/1427 1383/1383/1383
f 1364/1364/1364 1344/1344/1344 1432/1432/1432
f 1446/1446/1446 1423/1423/1423 1389/1389/1389
f 1447/1447/1447 1369/1369/1369 1424/1424/1424
f 1419/1419/1419 1430/1430/1430 1388/1388/1388
f 1402/1402/1402 1448/1448/1448 1431/1431/1431
f 1445/1445/1445 1449/1449/1449 1382/1382/1382
f 1441/1441/1441 1375/1375/1375 1434/1434/1434
f 1447/1447/1447 1436/1436/1436 1369/1369/1369
f 1418/1418/1418 1450/1450/1450 1379/1379/1379
f 1379/1379/1379 1451/1451/1451 1398/1398/1398
f 1378/1378/1378 1452/1452/1452 1396/1396/1396
f 1397/1397/1397 1381/1381/1381 1453/1453/1453
f 1454/1454/1454 1425/1425/1425 1442/1442/1442
f 1379/1379/1379 1450/1450/1450 1451/1451/1451
f 1445/1445/1445 1351/1351/1351 1417/1417/1417
f 1386/1386/1386 1406/1406/1406 1455/1455/1455
f 1372/1372/1372 1440/1440/1440 1424/1424/1424
f 1426/1426/1426 1443/1443/1443 1437/1437/1437
f 1401/1401/1401 1422/1422/1422 1444/1444/1444
f 1456/1456/1456 1450/1450/1450 1418/1418/1418
f 1385/1385/1385 1438/1438/1438 1360/1360/1360
f 1443/1443/1443 1362/1362/1362 1436/1436/1436
f 1427/1427/1427 1457/1457/1457 1416/1416/1416
f 1378/1378/1378 1431/1431/1431 1452/1452/1452
f 1453/1453/1453 1381/1381/1381 1403/1403/1403
f 1458/1458/1458 1399/1399/1399 1409/1409/1409
f 1393/1393/1393 1456/1456/1456 1418/1418/1418
f 1391/1391/1391 1459/1459/1459 1419/1419/1419
f 1414/1414/1414 1460/1460/1460 1429/1429/1429
f 1411/1411/1411 1461/1461/1461 1435/1435/1435
f 1428/1428/1428 1461/1461/1461 1411/1411/1411
f 1405/1405/1405 1421/1421/1421 1462/1462/1462
f 1455/1455/1455 1434/1434/1434 1386/1386/1386
f 1463/1463/1463 1428/1428/1428 1425/1425/1425
f 1464/1464/1464 1444/1444/1444 1422/1422/1422
f 1456/1456/1456 1393/1393/1393 1444/1444/1444
f 1419/1419/1419 1459/1459/1459 1465/1465/1465
f 1466/1466/1466 1467/1467/1467 1468/1468/1468
f 1392/1392/1392 1460/1460/1460 1414/1414/1414
f 1432/1432/1432 1469/1469/1469 1364/1364/1364
f 1470/1470/1470 1384/1384/1384 1360/1360/1360
f 1454/1454/1454 1463/1463/1463 1425/1425/1425
f 1429/1429/1429 1471/1471/1471 1421/1421/1421
f 1364/1364/1364 1469/1469/1469 1380/1380/1380
f 1457/1457/1457 1472/1472/1472 1416/1416/1416
f 1468/1468/1468 1467/1467/1467 1473/1473/1473
f 1430/1430/1430 1474/1474/1474 1402/1402/1402
f 1448/1448/1448 1402/1402/1402 1474/1474/1474
f 1392/1392/1392 1396/1396/1396 1475/1475/1475
f 1462/1462/1462 1421/1421/1421 1471/1471/1471
f 1396/1396/1396 1452/1452/1452 1475/1475/1475
f 1476/1476/1476 1423/1423/1423 1446/1446/1446
f 1469/1469/1469 1477/1477/1477 1380/1380/1380
f 1437/1437/1437 1478/1478/1478 1427/1427/1427
f 1427/1427/1427 1478/1478/1478 1457/1457/1457
f 1479/1479/1479 1428/1428/1428 1463/1463/1463
f 1480/1480/1480 1445/1445/1445 1417/1417/1417
f 1438/1438/1438 1380/1380/1380 1477/1477/1477
f 1442/1442/1442 1416/1416/1416 1472/1472/1472
f 1408/1408/1408 1481/1481/1481 1391/1391/1391
f 1397/1397/1397 1482/1482/1482 1415/1415/1415
f 1412/1412/1412 1458/1458/1458 1409/1409/1409
f 1438/1438/1438 1470/1470/1470 1360/1360/1360
f 1455/1455/1455 1406/1406/1406 1483/1483/1483
f 1442/1442/1442 1484/1484/1484 1454/1454/1454
f 1428/1428/1428 1479/1479/1479 1461/1461/1461
f 1459/1459/1459 1391/1391/1391 1481/1481/1481
f 1439/1439/1439 1483/1483/1483 1406/1406/1406
f 1461/1461/1461 1485/1485/1485 1435/1435/1435
f 1484/1484/1484 1442/1442/1442 1486/1486/1486
f 1422/1422/1422 1435/1435/1435 1485/1485/1485
f 1448/1448/1448 1487/1487/1487 1431/1431/1431
f 1471/1471/1471 1429/1429/1429 1460/1460/1460
f 1444/1444/1444 1464/1464/1464 1488/1488/1488
f 1444/1444/1444 1488/1488/1488 1456/1456/1456
f 1489/1489/1489 1398/1398/1398 1451/1451/1451
f 1452/1452/1452 1431/1431/1431 1487/1487/1487
f 1477/1477/1477 1469/1469/1469 1490/1490/1490
f 1491/1491/1491 1441/1441/1441 1434/1434/1434
f 1442/1442/1442 1472/1472/1472 1486/1486/1486
f 1422/1422/1422 1485/1485/1485 1464/1464/1464
f 1492/1492/1492 1392/1392/1392 1475/1475/1475
f 1434/1434/1434 1455/1455/1455 1491/1491/1491
f 1443/1443/1443 1493/1493/1493 1437/1437/1437
f 1403/1403/1403 1405/1405/1405 1494/1494/1494
f 1399/1399/1399 1458/1458/1458 1495/1495/1495
f 1493/1493/1493 1443/1443/1443 1496/1496/1496
f 1454/1454/1454 1497/1497/1497 1463/1463/1463
f 1460/1460/1460 1392/1392/1392 1492/1492/1492
f 1447/1447/1447 1498/1498/1498 1436/1436/1436
f 1468/1468/1468 1499/1499/1499 1466/1466/1466
f 1500/1500/1500 1399/1399/1399 1495/1495/1495
f 1484/1484/1484 1486/1486/1486 1501/1501/1501
f 1443/1443/1443 1436/1436/1436 1496/1496/1496
f 1493/1493/1493 1478/1478/1478 1437/1437/1437
f 1484/1484/1484 1497/1497/1497 1454/1454/1454
f 1403/1403/1403 1494/1494/1494 1453/1453/1453
f 1438/1438/1438 1477/1477/1477 1502/1502/1502
f 1397/1397/1397 1503/1503/1503 1482/1482/1482
f 1438/1438/1438 1502/1502/1502 1470/1470/1470
f 1445/1445/1445 1504/1504/1504 1449/1449/1449
f 1424/1424/1424 1505/1505/1505 1447/1447/1447
f 1447/1447/1447 1505/1505/1505 1498/1498/1498
f 1451/1451/1451 1450/1450/1450 1506/1506/1506
f 1468/1468/1468 1473/1473/1473 1499/1499/1499
f 1476/1476/1476 1446/1446/1446 1507/1507/1507
f 1441/1441/1441 1508/1508/1508 1433/1433/1433
f 1509/1509/1509 1510/1510/1510 1484/1484/1484
f 1484/1484/1484 1510/1510/1510 1497/1497/1497
f 1456/1456/1456 1511/1511/1511 1450/1450/1450
f 1450/1450/1450 1511/1511/1511 1506/1506/1506
f 1503/1503/1503 1397/1397/1397 1453/1453/1453
f 1497/1497/1497 1512/1512/1512 1463/1463/1463
f 1432/1432/1432 1413/1413/1413 1513/1513/1513
f 1439/1439/1439 1514/1514/1514 1515/1515/1515
f 1433/1433/1433 1516/1516/1516 1440/1440/1440
f 1440/1440/1440 1516/1516/1516 1424/1424/1424
f 1466/1466/1466 1499/1499/1499 1517/1517/1517
f 1458/1458/1458 1412/1412/1412 1518/1518/1518
f 1439/1439/1439 1515/1515/1515 1483/1483/1483
f 1519/1519/1519 1502/1502/1502 1477/1477/1477
f 1520/1520/1520 1478/1478/1478 1493/1493/1493
f 1501/1501/1501 1509/1509/1509 1484/1484/1484
f 1451/1451/1451 1521/1521/1521 1489/1489/1489
f 1522/1522/1522 1432/1432/1432 1513/1513/1513
f 1516/1516/1516 1505/1505/1505 1424/1424/1424
f 1478/1478/1478 1523/1523/1523 1457/1457/1457
f 1461/1461/1461 1524/1524/1524 1485/1485/1485
f 1405/1405/1405 1462/1462/1462 1494/1494/1494
f 1455/1455/1455 1483/1483/1483 1525/1525/1525
f 1436/1436/1436 1498/1498/1498 1496/1496/1496
f 1452/1452/1452 1526/1526/1526 1475/1475/1475
f 1475/1475/1475 1527/1527/1527 1492/1492/1492
f 1491/1491/1491 1455/1455/1455 1525/1525/1525
f 1479/1479/1479 1528/1528/1528 1461/1461/1461
f 1477/1477/1477 1490/1490/1490 1519/1519/1519
f 1335/1335/1335 1529/1529/1529 1417/1417/1417
f 1417/1417/1417 1529/1529/1529 1480/1480/1480
f 1486/1486/1486 1530/1530/1530 1501/1501/1501
f 1451/1451/1451 1506/1506/1506 1521/1521/1521
f 1459/1459/1459 1531/1531/1531 1465/1465/1465
f 1335/1335/1335 1384/1384/1384 1532/1532/1532
f 1472/1472/1472 1530/1530/1530 1486/1486/1486
f 1528/1528/1528 1524/1524/1524 1461/1461/1461
f 1488/1488/1488 1511/1511/1511 1456/1456/1456
f 1457/1457/1457 1533/1533/1533 1472/1472/1472
f 1501/1501/1501 1534/1534/1534 1509/1509/1509
f 1475/1475/1475 1526/1526/1526 1527/1527/1527
f 1523/1523/1523 1478/1478/1478 1520/1520/1520
f 1535/1535/1535 1489/1489/1489 1521/1521/1521
f 1534/1534/1534 1536/1536/1536 1509/1509/1509
f 1537/1537/1537 1511/1511/1511 1488/1488/1488
f 1459/1459/1459 1481/1481/1481 1531/1531/1531
f 1448/1448/1448 1538/1538/1538 1487/1487/1487
f 1539/1539/1539 1453/1453/1453 1494/1494/1494
f 1384/1384/1384 1470/1470/1470 1540/1540/1540
f 1453/1453/1453 1539/1539/1539 1503/1503/1503
f 1469/1469/1469 1432/1432/1432 1490/1490/1490
f 1523/1523/1523 1533/1533/1533 1457/1457/1457
f 1448/1448/1448 1474/1474/1474 1541/1541/1541
f 1452/1452/1452 1487/1487/1487 1526/1526/1526
f 1495/1495/1495 1458/1458/1458 1518/1518/1518
f 1488/1488/1488 1464/1464/1464 1537/1537/1537
f 1542/1542/1542 1487/1487/1487 1538/1538/1538
f 1480/1480/1480 1543/1543/1543 1445/1445/1445
f 1441/1441/1441 1491/1491/1491 1508/1508/1508
f 1433/1433/1433 1508/1508/1508 1516/1516/1516
f 1463/1463/1463 1544/1544/1544 1479/1479/1479
f 1545/1545/1545 1460/1460/1460 1492/1492/1492
f 1384/1384/1384 1540/1540/1540 1546/1546/1546
f 1547/1547/1547 1510/1510/1510 1509/1509/1509
f 1460/1460/1460 1545/1545/1545 1471/1471/1471
f 1335/1335/1335 1532/1532/1532 1529/1529/1529
f 1462/1462/1462 1548/1548/1548 1494/1494/1494
f 1432/1432/1432 1549/1549/1549 1490/1490/1490
f 1384/1384/1384 1546/1546/1546 1532/1532/1532
f 1550/1550/1550 1534/1534/1534 1501/1501/1501
f 1510/1510/1510 1547/1547/1547 1551/1551/1551
f 1510/1510/1510 1551/1551/1551 1497/1497/1497
f 1499/1499/1499 1552/1552/1552 1517/1517/1517
f 1542/1542/1542 1526/1526/1526 1487/1487/1487
f 1553/1553/1553 1413/1413/1413 1281/1281/1281
f 1445/1445/1445 1543/1543/1543 1504/1504/1504
f 1512/1512/1512 1544/1544/1544 1463/1463/1463
f 1541/1541/1541 1538/1538/1538 1448/1448/1448
f 1509/1509/1509 1536/1536/1536 1547/1547/1547
f 1485/1485/1485 1554/1554/1554 1464/1464/1464
f 1413/1413/1413 1553/1553/1553 1555/1555/1555
f 1555/1555/1555 1513/1513/1513 1413/1413/1413
f 1540/1540/1540 1470/1470/1470 1556/1556/1556
f 1527/1527/1527 1557/1557/1557 1492/1492/1492
f 1479/1479/1479 1544/1544/1544 1528/1528/1528
f 1558/1558/1558 1508/1508/1508 1491/1491/1491
f 1550/1550/1550 1559/1559/1559 1534/1534/1534
f 1512/1512/1512 1497/1497/1497 1560/1560/1560
f 1464/1464/1464 1561/1561/1561 1537/1537/1537
f 1549/1549/1549 1432/1432/1432 1562/1562/1562
f 1496/1496/1496 1563/1563/1563 1493/1493/1493
f 1564/1564/1564 1472/1472/1472 1533/1533/1533
f 1501/1501/1501 1530/1530/1530 1550/1550/1550
f 1535/1535/1535 1565/1565/1565 1489/1489/1489
f 1493/1493/1493 1563/1563/1563 1520/1520/1520
f 1473/1473/1473 1566/1566/1566 1499/1499/1499
f 1492/1492/1492 1557/1557/1557 1545/1545/1545
f 1470/1470/1470 1502/1502/1502 1567/1567/1567
f 1530/1530/1530 1472/1472/1472 1568/1568/1568
f 1559/1559/1559 1536/1536/1536 1534/1534/1534
f 1504/1504/1504 1543/1543/1543 1569/1569/1569
f 1525/1525/1525 1570/1570/1570 1491/1491/1491
f 1525/1525/1525 1483/1483/1483 1515/1515/1515
f 1473/1473/1473 1565/1565/1565 1571/1571/1571
f 1514/1514/1514 1572/1572/1572 1515/1515/1515
f 1471/1471/1471 1573/1573/1573 1462/1462/1462
f 1574/1574/1574 1498/1498/1498 1505/1505/1505
f 1544/1544/1544 1512/1512/1512 1575/1575/1575
f 1554/1554/1554 1561/1561/1561 1464/1464/1464
f 1471/1471/1471 1545/1545/1545 1573/1573/1573
f 1491/1491/1491 1570/1570/1570 1558/1558/1558
f 1516/1516/1516 1576/1576/1576 1505/1505/1505
f 1533/1533/1533 1523/1523/1523 1577/1577/1577
f 1578/1578/1578 1560/1560/1560 1497/1497/1497
f 1516/1516/1516 1508/1508/1508 1579/1579/1579
f 1551/1551/1551 1578/1578/1578 1497/1497/1497
f 1519/1519/1519 1580/1580/1580 1502/1502/1502
f 1560/1560/1560 1575/1575/1575 1512/1512/1512
f 1567/1567/1567 1502/1502/1502 1580/1580/1580
f 1579/1579/1579 1576/1576/1576 1516/1516/1516
f 1523/1523/1523 1520/1520/1520 1581/1581/1581
f 1539/1539/1539 1582/1582/1582 1503/1503/1503
f 1480/1480/1480 1529/1529/1529 1543/1543/1543
f 1583/1583/1583 1496/1496/1496 1498/1498/1498
f 1528/1528/1528 1584/1584/1584 1524/1524/1524
f 1524/1524/1524 1584/1584/1584 1485/1485/1485
f 1490/1490/1490 1549/1549/1549 1519/1519/1519
f 1585/1585/1585 1583/1583/1583 1498/1498/1498
f 1536/1536/1536 1586/1586/1586 1547/1547/1547
f 1462/1462/1462 1573/1573/1573 1587/1587/1587
f 1548/1548/1548 1462/1462/1462 1587/1587/1587
f 1499/1499/1499 1566/1566/1566 1588/1588/1588
f 1574/1574/1574 1585/1585/1585 1498/1498/1498
f 1563/1563/1563 1589/1589/1589 1520/1520/1520
f 1470/1470/1470 1567/1567/1567 1556/1556/1556
f 1523/1523/1523 1581/1581/1581 1577/1577/1577
f 1473/1473/1473 1571/1571/1571 1566/1566/1566
f 1499/1499/1499 1588/1588/1588 1552/1552/1552
f 1590/1590/1590 1554/1554/1554 1485/1485/1485
f 1591/1591/1591 1557/1557/1557 1527/1527/1527
f 1574/1574/1574 1505/1505/1505 1576/1576/1576
f 1590/1590/1590 1485/1485/1485 1584/1584/1584
f 1592/1592/1592 1535/1535/1535 1521/1521/1521
f 1482/1482/1482 1503/1503/1503 1593/1593/1593
f 1550/1550/1550 1594/1594/1594 1559/1559/1559
f 1563/1563/1563 1496/1496/1496 1583/1583/1583
f 1564/1564/1564 1568/1568/1568 1472/1472/1472
f 1547/1547/1547 1586/1586/1586 1595/1595/1595
f 1596/1596/1596 1537/1537/1537 1561/1561/1561
f 1553/1553/1553 1281/1281/1281 1597/1597/1597
f 1529/1529/1529 1598/1598/1598 1543/1543/1543
f 1599/1599/1599 1508/1508/1508 1558/1558/1558
f 1508/1508/1508 1599/1599/1599 1579/1579/1579
f 1548/1548/1548 1539/1539/1539 1494/1494/1494
f 1600/1600/1600 1500/1500/1500 1495/1495/1495
f 1577/1577/1577 1601/1601/1601 1533/1533/1533
f 1565/1565/1565 1602/1602/1602 1571/1571/1571
f 1552/1552/1552 1588/1588/1588 1603/1603/1603
f 1538/1538/1538 1541/1541/1541 1604/1604/1604
f 1527/1527/1527 1526/1526/1526 1591/1591/1591
f 1555/1555/1555 1605/1605/1605 1513/1513/1513
f 1511/1511/1511 1606/1606/1606 1506/1506/1506
f 1568/1568/1568 1607/1607/1607 1530/1530/1530
f 1607/1607/1607 1550/1550/1550 1530/1530/1530
f 1511/1511/1511 1537/1537/1537 1596/1596/1596
f 1535/1535/1535 1592/1592/1592 1565/1565/1565
f 1525/1525/1525 1608/1608/1608 1570/1570/1570
f 1520/1520/1520 1589/1589/1589 1581/1581/1581
f 1554/1554/1554 1590/1590/1590 1561/1561/1561
f 1513/1513/1513 1609/1609/1609 1522/1522/1522
f 1513/1513/1513 1605/1605/1605 1609/1609/1609
f 1547/1547/1547 1578/1578/1578 1551/1551/1551
f 1544/1544/1544 1610/1610/1610 1528/1528/1528
f 1506/1506/1506 1611/1611/1611 1521/1521/1521
f 1612/1612/1612 1495/1495/1495 1518/1518/1518
f 1559/1559/1559 1613/1613/1613 1536/1536/1536
f 1536/1536/1536 1614/1614/1614 1586/1586/1586
f 1542/1542/1542 1538/1538/1538 1615/1615/1615
f 1601/1601/1601 1564/1564/1564 1533/1533/1533
f 1586/1586/1586 1614/1614/1614 1616/1616/1616
f 1617/1617/1617 1584/1584/1584 1528/1528/1528
f 1582/1582/1582 1593/1593/1593 1503/1503/1503
f 1602/1602/1602 1565/1565/1565 1592/1592/1592
f 1586/1586/1586 1616/1616/1616 1595/1595/1595
f 1595/1595/1595 1618/1618/1618 1547/1547/1547
f 1575/1575/1575 1610/1610/1610 1544/1544/1544
f 1596/1596/1596 1606/1606/1606 1511/1511/1511
f 1619/1619/1619 1545/1545/1545 1557/1557/1557
f 1550/1550/1550 1607/1607/1607 1594/1594/1594
f 1573/1573/1573 1545/1545/1545 1619/1619/1619
f 1613/1613/1613 1559/1559/1559 1594/1594/1594
f 1578/1578/1578 1547/1547/1547 1618/1618/1618
f 1506/1506/1506 1606/1606/1606 1611/1611/1611
f 1604/1604/1604 1615/1615/1615 1538/1538/1538
f 1525/1525/1525 1515/1515/1515 1620/1620/1620
f 1521/1521/1521 1621/1621/1621 1592/1592/1592
f 1622/1622/1622 1482/1482/1482 1593/1593/1593
f 1546/1546/1546 1623/1623/1623 1532/1532/1532
f 1624/1624/1624 1529/1529/1529 1532/1532/1532
f 1615/1615/1615 1625/1625/1625 1542/1542/1542
f 1526/1526/1526 1542/1542/1542 1625/1625/1625
f 1528/1528/1528 1610/1610/1610 1617/1617/1617
f 1571/1571/1571 1626/1626/1626 1566/1566/1566
f 1580/1580/1580 1556/1556/1556 1567/1567/1567
f 1566/1566/1566 1626/1626/1626 1588/1588/1588
f 1495/1495/1495 1612/1612/1612 1627/1627/1627
f 1563/1563/1563 1583/1583/1583 1628/1628/1628
f 1629/1629/1629 1581/1581/1581 1589/1589/1589
f 1581/1581/1581 1629/1629/1629 1577/1577/1577
f 1582/1582/1582 1630/1630/1630 1593/1593/1593
f 1624/1624/1624 1631/1631/1631 1529/1529/1529
f 1598/1598/1598 1529/1529/1529 1631/1631/1631
f 1611/1611/1611 1621/1621/1621 1521/1521/1521
f 1591/1591/1591 1526/1526/1526 1632/1632/1632
f 1633/1633/1633 1539/1539/1539 1548/1548/1548
f 1572/1572/1572 1620/1620/1620 1515/1515/1515
f 1558/1558/1558 1570/1570/1570 1599/1599/1599
f 1614/1614/1614 1536/1536/1536 1634/1634/1634
f 1610/1610/1610 1635/1635/1635 1617/1617/1617
f 1556/1556/1556 1546/1546/1546 1540/1540/1540
f 1608/1608/1608 1525/1525/1525 1620/1620/1620
f 1589/1589/1589 1563/1563/1563 1628/1628/1628
f 1536/1536/1536 1613/1613/1613 1634/1634/1634
f 1614/1614/1614 1636/1636/1636 1616/1616/1616
f 1526/1526/1526 1625/1625/1625 1632/1632/1632
f 1574/1574/1574 1576/1576/1576 1637/1637/1637
f 1564/1564/1564 1638/1638/1638 1568/1568/1568
f 1639/1639/1639 1594/1594/1594 1607/1607/1607
f 1618/1618/1618 1640/1640/1640 1578/1578/1578
f 1640/1640/1640 1560/1560/1560 1578/1578/1578
f 1584/1584/1584 1641/1641/1641 1590/1590/1590
f 1557/1557/1557 1591/1591/1591 1642/1642/1642
f 1539/1539/1539 1643/1643/1643 1582/1582/1582
f 1629/1629/1629 1644/1644/1644 1577/1577/1577
f 1645/1645/1645 1543/1543/1543 1598/1598/1598
f 1601/1601/1601 1638/1638/1638 1564/1564/1564
f 1590/1590/1590 1646/1646/1646 1561/1561/1561
f 1604/1604/1604 1647/1647/1647 1615/1615/1615
f 1576/1576/1576 1579/1579/1579 1648/1648/1648
f 1577/1577/1577 1644/1644/1644 1601/1601/1601
f 1568/1568/1568 1639/1639/1639 1607/1607/1607
f 1627/1627/1627 1600/1600/1600 1495/1495/1495
f 1599/1599/1599 1648/1648/1648 1579/1579/1579
f 1649/1649/1649 1613/1613/1613 1594/1594/1594
f 1616/1616/1616 1650/1650/1650 1595/1595/1595
f 1546/1546/1546 1556/1556/1556 1651/1651/1651
f 1543/1543/1543 1645/1645/1645 1569/1569/1569
f 1636/1636/1636 1652/1652/1652 1616/1616/1616
f 1652/1652/1652 1650/1650/1650 1616/1616/1616
f 1572/1572/1572 1653/1653/1653 1620/1620/1620
f 1548/1548/1548 1587/1587/1587 1654/1654/1654
f 1655/1655/1655 1600/1600/1600 1627/1627/1627
f 1656/1656/1656 1605/1605/1605 1555/1555/1555
f 1657/1657/1657 1575/1575/1575 1560/1560/1560
f 1575/1575/1575 1657/1657/1657 1610/1610/1610
f 1617/1617/1617 1641/1641/1641 1584/1584/1584
f 1627/1627/1627 1612/1612/1612 1658/1658/1658
f 1553/1553/1553 1656/1656/1656 1555/1555/1555
f 1619/1619/1619 1557/1557/1557 1642/1642/1642
f 1582/1582/1582 1643/1643/1643 1630/1630/1630
f 1519/1519/1519 1549/1549/1549 1580/1580/1580
f 1598/1598/1598 1631/1631/1631 1645/1645/1645
f 1648/1648/1648 1637/1637/1637 1576/1576/1576
f 1571/1571/1571 1659/1659/1659 1626/1626/1626
f 1624/1624/1624 1532/1532/1532 1660/1660/1660
f 1583/1583/1583 1661/1661/1661 1628/1628/1628
f 1662/1662/1662 1603/1603/1603 1588/1588/1588
f 1636/1636/1636 1614/1614/1614 1634/1634/1634
f 1548/1548/1548 1654/1654/1654 1633/1633/1633
f 1633/1633/1633 1643/1643/1643 1539/1539/1539
f 1561/1561/1561 1646/1646/1646 1596/1596/1596
f 1573/1573/1573 1619/1619/1619 1663/1663/1663
f 1663/1663/1663 1587/1587/1587 1573/1573/1573
f 1574/1574/1574 1664/1664/1664 1585/1585/1585
f 1592/1592/1592 1665/1665/1665 1602/1602/1602
f 1587/1587/1587 1663/1663/1663 1654/1654/1654
f 1549/1549/1549 1562/1562/1562 1666/1666/1666
f 1595/1595/1595 1667/1667/1667 1618/1618/1618
f 1571/1571/1571 1602/1602/1602 1659/1659/1659
f 1623/1623/1623 1660/1660/1660 1532/1532/1532
f 1594/1594/1594 1639/1639/1639 1649/1649/1649
f 1657/1657/1657 1560/1560/1560 1668/1668/1668
f 1628/1628/1628 1629/1629/1629 1589/1589/1589
f 1669/1669/1669 1640/1640/1640 1618/1618/1618
f 1668/1668/1668 1560/1560/1560 1640/1640/1640
f 1626/1626/1626 1662/1662/1662 1588/1588/1588
f 1663/1663/1663 1619/1619/1619 1670/1670/1670
f 1661/1661/1661 1583/1583/1583 1585/1585/1585
f 1592/1592/1592 1621/1621/1621 1665/1665/1665
f 1553/1553/1553 1671/1671/1671 1656/1656/1656
f 1601/1601/1601 1672/1672/1672 1638/1638/1638
f 1650/1650/1650 1652/1652/1652 1673/1673/1673
f 1610/1610/1610 1674/1674/1674 1635/1635/1635
f 1675/1675/1675 1574/1574/1574 1637/1637/1637
f 1619/1619/1619 1642/1642/1642 1670/1670/1670
f 1653/1653/1653 1572/1572/1572 1676/1676/1676
f 1675/1675/1675 1664/1664/1664 1574/1574/1574
f 1677/1677/1677 1652/1652/1652 1636/1636/1636
f 1618/1618/1618 1667/1667/1667 1669/1669/1669
f 1678/1678/1678 1591/1591/1591 1632/1632/1632
f 1650/1650/1650 1667/1667/1667 1595/1595/1595
f 1666/1666/1666 1679/1679/1679 1549/1549/1549
f 1591/1591/1591 1678/1678/1678 1642/1642/1642
f 1680/1680/1680 1601/1601/1601 1644/1644/1644
f 1681/1681/1681 1590/1590/1590 1641/1641/1641
f 1682/1682/1682 1648/1648/1648 1599/1599/1599
f 1677/1677/1677 1683/1683/1683 1652/1652/1652
f 1652/1652/1652 1683/1683/1683 1673/1673/1673
f 1596/1596/1596 1684/1684/1684 1606/1606/1606
f 1657/1657/1657 1685/1685/1685 1610/1610/1610
f 1606/1606/1606 1684/1684/1684 1611/1611/1611
f 1605/1605/1605 1686/1686/1686 1609/1609/1609
f 1671/1671/1671 1553/1553/1553 1597/1597/1597
f 1570/1570/1570 1687/1687/1687 1599/1599/1599
f 1687/1687/1687 1682/1682/1682 1599/1599/1599
f 1568/1568/1568 1638/1638/1638 1688/1688/1688
f 1635/1635/1635 1674/1674/1674 1617/1617/1617
f 1580/1580/1580 1549/1549/1549 1689/1689/1689
f 1623/1623/1623 1690/1690/1690 1660/1660/1660
f 1691/1691/1691 1658/1658/1658 1612/1612/1612
f 1655/1655/1655 1627/1627/1627 1658/1658/1658
f 1692/1692/1692 1667/1667/1667 1650/1650/1650
f 1641/1641/1641 1617/1617/1617 1693/1693/1693
f 1615/1615/1615 1694/1694/1694 1625/1625/1625
f 1623/1623/1623 1546/1546/1546 1690/1690/1690
f 1660/1660/1660 1631/1631/1631 1624/1624/1624
f 1608/1608/1608 1695/1695/1695 1570/1570/1570
f 1570/1570/1570 1695/1695/1695 1687/1687/1687
f 1648/1648/1648 1696/1696/1696 1637/1637/1637
f 1644/1644/1644 1629/1629/1629 1697/1697/1697
f 1674/1674/1674 1693/1693/1693 1617/1617/1617
f 1580/1580/1580 1698/1698/1698 1556/1556/1556
f 1585/1585/1585 1664/1664/1664 1661/1661/1661
f 1672/1672/1672 1601/1601/1601 1680/1680/1680
f 1613/1613/1613 1699/1699/1699 1634/1634/1634
f 1683/1683/1683 1677/1677/1677 1636/1636/1636
f 1692/1692/1692 1650/1650/1650 1673/1673/1673
f 1668/1668/1668 1685/1685/1685 1657/1657/1657
f 1620/1620/1620 1700/1700/1700 1608/1608/1608
f 1699/1699/1699 1701/1701/1701 1634/1634/1634
f 1644/1644/1644 1697/1697/1697 1680/1680/1680
f 1702/1702/1702 1683/1683/1683 1636/1636/1636
f 1611/1611/1611 1703/1703/1703 1621/1621/1621
f 1615/1615/1615 1647/1647/1647 1694/1694/1694
f 1605/1605/1605 1656/1656/1656 1686/1686/1686
f 1580/1580/1580 1689/1689/1689 1704/1704/1704
f 1681/1681/1681 1646/1646/1646 1590/1590/1590
f 1637/1637/1637 1696/1696/1696 1675/1675/1675
f 1632/1632/1632 1625/1625/1625 1705/1705/1705
f 1706/1706/1706 1622/1622/1622 1593/1593/1593
f 1679/1679/1679 1689/1689/1689 1549/1549/1549
f 1631/1631/1631 1707/1707/1707 1645/1645/1645
f 1693/1693/1693 1681/1681/1681 1641/1641/1641
f 1708/1708/1708 1679/1679/1679 1666/1666/1666
f 1556/1556/1556 1698/1698/1698 1651/1651/1651
f 1672/1672/1672 1688/1688/1688 1638/1638/1638
f 1701/1701/1701 1636/1636/1636 1634/1634/1634
f 1632/1632/1632 1705/1705/1705 1678/1678/1678
f 1706/1706/1706 1593/1593/1593 1630/1630/1630
f 1620/1620/1620 1653/1653/1653 1700/1700/1700
f 1643/1643/1643 1709/1709/1709 1630/1630/1630
f 1628/1628/1628 1710/1710/1710 1629/1629/1629
f 1673/1673/1673 1683/1683/1683 1692/1692/1692
f 1669/1669/1669 1711/1711/1711 1640/1640/1640
f 1640/1640/1640 1711/1711/1711 1668/1668/1668
f 1712/1712/1712 1611/1611/1611 1684/1684/1684
f 1626/1626/1626 1713/1713/1713 1662/1662/1662
f 1625/1625/1625 1694/1694/1694 1714/1714/1714
f 1701/1701/1701 1702/1702/1702 1636/1636/1636
f 1654/1654/1654 1715/1715/1715 1633/1633/1633
f 1660/1660/1660 1716/1716/1716 1631/1631/1631
f 1659/1659/1659 1713/1713/1713 1626/1626/1626
f 1669/1669/1669 1667/1667/1667 1717/1717/1717
f 1668/1668/1668 1718/1718/1718 1685/1685/1685
f 1646/1646/1646 1719/1719/1719 1596/1596/1596
f 1611/1611/1611 1712/1712/1712 1703/1703/1703
f 1703/1703/1703 1720/1720/1720 1621/1621/1621
f 1621/1621/1621 1720/1720/1720 1665/1665/1665
f 1659/1659/1659 1602/1602/1602 1721/1721/1721
f 1722/1722/1722 1609/1609/1609 1686/1686/1686
f 1629/1629/1629 1710/1710/1710 1697/1697/1697
f 1625/1625/1625 1714/1714/1714 1705/1705/1705
f 1663/1663/1663 1715/1715/1715 1654/1654/1654
f 1723/1723/1723 1608/1608/1608 1700/1700/1700
f 1608/1608/1608 1723/1723/1723 1695/1695/1695
f 1649/1649/1649 1699/1699/1699 1613/1613/1613
f 1669/1669/1669 1717/1717/1717 1724/1724/1724
f 1711/1711/1711 1669/1669/1669 1724/1724/1724
f 1656/1656/1656 1671/1671/1671 1686/1686/1686
f 1725/1725/1725 1546/1546/1546 1651/1651/1651
f 1690/1690/1690 1546/1546/1546 1725/1725/1725
f 1628/1628/1628 1661/1661/1661 1710/1710/1710
f 1676/1676/1676 1726/1726/1726 1653/1653/1653
f 1675/1675/1675 1727/1727/1727 1664/1664/1664
f 1674/1674/1674 1728/1728/1728 1693/1693/1693
f 1681/1681/1681 1693/1693/1693 1729/1729/1729
f 1721/1721/1721 1602/1602/1602 1665/1665/1665
f 1649/1649/1649 1639/1639/1639 1730/1730/1730
f 1692/1692/1692 1717/1717/1717 1667/1667/1667
f 1610/1610/1610 1685/1685/1685 1674/1674/1674
f 1633/1633/1633 1731/1731/1731 1643/1643/1643
f 1704/1704/1704 1732/1732/1732 1580/1580/1580
f 1698/1698/1698 1580/1580/1580 1732/1732/1732
f 1692/1692/1692 1683/1683/1683 1702/1702/1702
f 1719/1719/1719 1684/1684/1684 1596/1596/1596
f 1715/1715/1715 1731/1731/1731 1633/1633/1633
f 1718/1718/1718 1668/1668/1668 1711/1711/1711
f 1691/1691/1691 1733/1733/1733 1658/1658/1658
f 1698/1698/1698 1725/1725/1725 1651/1651/1651
f 1706/1706/1706 1630/1630/1630 1734/1734/1734
f 1716/1716/1716 1660/1660/1660 1690/1690/1690
f 1653/1653/1653 1735/1735/1735 1700/1700/1700
f 1727/1727/1727 1736/1736/1736 1664/1664/1664
f 1737/1737/1737 1670/1670/1670 1642/1642/1642
f 1715/1715/1715 1663/1663/1663 1738/1738/1738
f 1739/1739/1739 1687/1687/1687 1695/1695/1695
f 1639/1639/1639 1568/1568/1568 1730/1730/1730
f 1670/1670/1670 1740/1740/1740 1663/1663/1663
f 1736/1736/1736 1661/1661/1661 1664/1664/1664
f 1707/1707/1707 1741/1741/1741 1645/1645/1645
f 1648/1648/1648 1682/1682/1682 1742/1742/1742
f 1649/1649/1649 1743/1743/1743 1699/1699/1699
f 1655/1655/1655 1658/1658/1658 1744/1744/1744
f 1726/1726/1726 1676/1676/1676 1745/1745/1745
f 1672/1672/1672 1680/1680/1680 1746/1746/1746
f 1688/1688/1688 1672/1672/1672 1746/1746/1746
f 1684/1684/1684 1747/1747/1747 1712/1712/1712
f 1663/1663/1663 1740/1740/1740 1738/1738/1738
f 1709/1709/1709 1734/1734/1734 1630/1630/1630
f 1748/1748/1748 1671/1671/1671 1597/1597/1597
f 1648/1648/1648 1742/1742/1742 1696/1696/1696
f 1728/1728/1728 1729/1729/1729 1693/1693/1693
f 1714/1714/1714 1749/1749/1749 1705/1705/1705
f 1642/1642/1642 1678/1678/1678 1737/1737/1737
f 1750/1750/1750 1685/1685/1685 1718/1718/1718
f 1750/1750/1750 1674/1674/1674 1685/1685/1685
f 1751/1751/1751 1662/1662/1662 1713/1713/1713
f 1735/1735/1735 1723/1723/1723 1700/1700/1700
f 1696/1696/1696 1727/1727/1727 1675/1675/1675
f 1702/1702/1702 1701/1701/1701 1752/1752/1752
f 1737/1737/1737 1740/1740/1740 1670/1670/1670
f 1658/1658/1658 1733/1733/1733 1744/1744/1744
f 1681/1681/1681 1753/1753/1753 1646/1646/1646
f 1659/1659/1659 1721/1721/1721 1754/1754/1754
f 1754/1754/1754 1713/1713/1713 1659/1659/1659
f 1705/1705/1705 1749/1749/1749 1678/1678/1678
f 1731/1731/1731 1709/1709/1709 1643/1643/1643
f 1568/1568/1568 1688/1688/1688 1755/1755/1755
f 1752/1752/1752 1701/1701/1701 1699/1699/1699
f 1756/1756/1756 1757/1757/1757 1758/1758/1758
f 1755/1755/1755 1730/1730/1730 1568/1568/1568
f 1684/1684/1684 1719/1719/1719 1747/1747/1747
f 1665/1665/1665 1720/1720/1720 1721/1721/1721
f 1698/1698/1698 1759/1759/1759 1725/1725/1725
f 1682/1682/1682 1760/1760/1760 1742/1742/1742
f 1736/1736/1736 1761/1761/1761 1661/1661/1661
f 1649/1649/1649 1762/1762/1762 1743/1743/1743
f 1717/1717/1717 1763/1763/1763 1724/1724/1724
f 1712/1712/1712 1764/1764/1764 1703/1703/1703
f 1687/1687/1687 1739/1739/1739 1682/1682/1682
f 1726/1726/1726 1735/1735/1735 1653/1653/1653
f 1661/1661/1661 1761/1761/1761 1710/1710/1710
f 1729/1729/1729 1753/1753/1753 1681/1681/1681
f 1730/1730/1730 1762/1762/1762 1649/1649/1649
f 1732/1732/1732 1759/1759/1759 1698/1698/1698
f 1725/1725/1725 1765/1765/1765 1690/1690/1690
f 1631/1631/1631 1716/1716/1716 1766/1766/1766
f 1766/1766/1766 1707/1707/1707 1631/1631/1631
f 1692/1692/1692 1763/1763/1763 1717/1717/1717
f 1747/1747/1747 1764/1764/1764 1712/1712/1712
f 1702/1702/1702 1763/1763/1763 1692/1692/1692
f 1690/1690/1690 1767/1767/1767 1716/1716/1716
f 1768/1768/1768 1769/1769/1769 1647/1647/1647
f 1694/1694/1694 1647/1647/1647 1769/1769/1769
f 1752/1752/1752 1699/1699/1699 1743/1743/1743
f 1752/1752/1752 1763/1763/1763 1702/1702/1702
f 1770/1770/1770 1674/1674/1674 1750/1750/1750
f 1674/1674/1674 1770/1770/1770 1728/1728/1728
f 1720/1720/1720 1703/1703/1703 1771/1771/1771
f 1679/1679/1679 1708/1708/1708 1772/1772/1772
f 1765/1765/1765 1767/1767/1767 1690/1690/1690
f 1739/1739/1739 1760/1760/1760 1682/1682/1682
f 1727/1727/1727 1696/1696/1696 1742/1742/1742
f 1716/1716/1716 1767/1767/1767 1766/1766/1766
f 1752/1752/1752 1743/1743/1743 1763/1763/1763
f 1711/1711/1711 1724/1724/1724 1773/1773/1773
f 1729/1729/1729 1728/1728/1728 1774/1774/1774
f 1749/1749/1749 1775/1775/1775 1678/1678/1678
f 1776/1776/1776 1671/1671/1671 1748/1748/1748
f 1671/1671/1671 1777/1777/1777 1686/1686/1686
f 1724/1724/1724 1763/1763/1763 1773/1773/1773
f 1678/1678/1678 1775/1775/1775 1737/1737/1737
f 1688/1688/1688 1778/1778/1778 1755/1755/1755
f 1753/1753/1753 1729/1729/1729 1774/1774/1774
f 1646/1646/1646 1779/1779/1779 1719/1719/1719
f 1736/1736/1736 1727/1727/1727 1780/1780/1780
f 1734/1734/1734 1709/1709/1709 1781/1781/1781
f 1782/1782/1782 1727/1727/1727 1742/1742/1742
f 1762/1762/1762 1730/1730/1730 1783/1783/1783
f 1646/1646/1646 1753/1753/1753 1779/1779/1779
f 1771/1771/1771 1703/1703/1703 1764/1764/1764
f 1694/1694/1694 1769/1769/1769 1714/1714/1714
f 1775/1775/1775 1784/1784/1784 1737/1737/1737
f 1746/1746/1746 1778/1778/1778 1688/1688/1688
f 1709/1709/1709 1731/1731/1731 1781/1781/1781
f 1785/1785/1785 1763/1763/1763 1743/1743/1743
f 1714/1714/1714 1786/1786/1786 1749/1749/1749
f 1671/1671/1671 1776/1776/1776 1777/1777/1777
f 1763/1763/1763 1785/1785/1785 1773/1773/1773
f 1721/1721/1721 1787/1787/1787 1754/1754/1754
f 1788/1788/1788 1704/1704/1704 1689/1689/1689
f 1789/1789/1789 1765/1765/1765 1725/1725/1725
f 1710/1710/1710 1761/1761/1761 1790/1790/1790
f 1783/1783/1783 1730/1730/1730 1755/1755/1755
f 1769/1769/1769 1786/1786/1786 1714/1714/1714
f 1679/1679/1679 1788/1788/1788 1689/1689/1689
f 1680/1680/1680 1697/1697/1697 1791/1791/1791
f 1743/1743/1743 1762/1762/1762 1785/1785/1785
f 1711/1711/1711 1792/1792/1792 1718/1718/1718
f 1720/1720/1720 1787/1787/1787 1721/1721/1721
f 1680/1680/1680 1791/1791/1791 1746/1746/1746
f 1793/1793/1793 1723/1723/1723 1735/1735/1735
f 1723/1723/1723 1794/1794/1794 1695/1695/1695
f 1773/1773/1773 1792/1792/1792 1711/1711/1711
f 1725/1725/1725 1759/1759/1759 1795/1795/1795
f 1780/1780/1780 1727/1727/1727 1782/1782/1782
f 1720/1720/1720 1771/1771/1771 1796/1796/1796
f 1706/1706/1706 1734/1734/1734 1797/1797/1797
f 1686/1686/1686 1798/1798/1798 1722/1722/1722
f 1726/1726/1726 1799/1799/1799 1735/1735/1735
f 1739/1739/1739 1695/1695/1695 1794/1794/1794
f 1770/1770/1770 1800/1800/1800 1728/1728/1728
f 1800/1800/1800 1774/1774/1774 1728/1728/1728
f 1691/1691/1691 1801/1801/1801 1733/1733/1733
f 1725/1725/1725 1795/1795/1795 1789/1789/1789
f 1707/1707/1707 1766/1766/1766 1802/1802/1802
f 1697/1697/1697 1710/1710/1710 1790/1790/1790
f 1713/1713/1713 1803/1803/1803 1751/1751/1751
f 1679/1679/1679 1804/1804/1804 1788/1788/1788
f 1802/1802/1802 1741/1741/1741 1707/1707/1707
f 1785/1785/1785 1805/1805/1805 1773/1773/1773
f 1792/1792/1792 1750/1750/1750 1718/1718/1718
f 1679/1679/1679 1772/1772/1772 1804/1804/1804
f 1806/1806/1806 1732/1732/1732 1704/1704/1704
f 1726/1726/1726 1745/1745/1745 1799/1799/1799
f 1715/1715/1715 1807/1807/1807 1731/1731/1731
f 1808/1808/1808 1782/1782/1782 1742/1742/1742
f 1805/1805/1805 1792/1792/1792 1773/1773/1773
f 1740/1740/1740 1737/1737/1737 1809/1809/1809
f 1747/1747/1747 1810/1810/1810 1764/1764/1764
f 1796/1796/1796 1787/1787/1787 1720/1720/1720
f 1791/1791/1791 1811/1811/1811 1746/1746/1746
f 1811/1811/1811 1778/1778/1778 1746/1746/1746
f 1762/1762/1762 1805/1805/1805 1785/1785/1785
f 1754/1754/1754 1803/1803/1803 1713/1713/1713
f 1809/1809/1809 1738/1738/1738 1740/1740/1740
f 1806/1806/1806 1704/1704/1704 1788/1788/1788
f 1770/1770/1770 1750/1750/1750 1812/1812/1812
f 1744/1744/1744 1733/1733/1733 1813/1813/1813
f 1778/1778/1778 1814/1814/1814 1755/1755/1755
f 1776/1776/1776 1748/1748/1748 1815/1815/1815
f 1736/1736/1736 1816/1816/1816 1761/1761/1761
f 1783/1783/1783 1755/1755/1755 1814/1814/1814
f 1787/1787/1787 1817/1817/1817 1754/1754/1754
f 1794/1794/1794 1723/1723/1723 1818/1818/1818
f 1736/1736/1736 1780/1780/1780 1816/1816/1816
f 1790/1790/1790 1791/1791/1791 1697/1697/1697
f 1810/1810/1810 1771/1771/1771 1764/1764/1764
f 1738/1738/1738 1807/1807/1807 1715/1715/1715
f 1819/1819/1819 1797/1797/1797 1734/1734/1734
f 1820/1820/1820 1793/1793/1793 1735/1735/1735
f 1821/1821/1821 1790/1790/1790 1761/1761/1761
f 1812/1812/1812 1750/1750/1750 1822/1822/1822
f 1749/1749/1749 1823/1823/1823 1775/1775/1775
f 1824/1824/1824 1756/1756/1756 1758/1758/1758
f 1799/1799/1799 1820/1820/1820 1735/1735/1735
f 1739/1739/1739 1825/1825/1825 1760/1760/1760
f 1742/1742/1742 1760/1760/1760 1826/1826/1826
f 1792/1792/1792 1822/1822/1822 1750/1750/1750
f 1779/1779/1779 1827/1827/1827 1719/1719/1719
f 1719/1719/1719 1828/1828/1828 1747/1747/1747
f 1768/1768/1768 1829/1829/1829 1769/1769/1769
f 1806/1806/1806 1759/1759/1759 1732/1732/1732
f 1723/1723/1723 1793/1793/1793 1818/1818/1818
f 1791/1791/1791 1830/1830/1830 1811/1811/1811
f 1784/1784/1784 1775/1775/1775 1823/1823/1823
f 1739/1739/1739 1794/1794/1794 1825/1825/1825
f 1827/1827/1827 1828/1828/1828 1719/1719/1719
f 1786/1786/1786 1769/1769/1769 1831/1831/1831
f 1722/1722/1722 1798/1798/1798 1832/1832/1832
f 1800/1800/1800 1770/1770/1770 1812/1812/1812
f 1805/1805/1805 1833/1833/1833 1792/1792/1792
f 1733/1733/1733 1801/1801/1801 1834/1834/1834
f 1777/1777/1777 1776/1776/1776 1835/1835/1835
f 1795/1795/1795 1836/1836/1836 1789/1789/1789
f 1822/1822/1822 1792/1792/1792 1833/1833/1833
f 1807/1807/1807 1837/1837/1837 1731/1731/1731
f 1745/1745/1745 1838/1838/1838 1799/1799/1799
f 1803/1803/1803 1839/1839/1839 1751/1751/1751
f 1767/1767/1767 1840/1840/1840 1766/1766/1766
f 1802/1802/1802 1841/1841/1841 1741/1741/1741
f 1760/1760/1760 1825/1825/1825 1826/1826/1826
f 1821/1821/1821 1761/1761/1761 1816/1816/1816
f 1814/1814/1814 1778/1778/1778 1811/1811/1811
f 1842/1842/1842 1805/1805/1805 1762/1762/1762
f 1808/1808/1808 1742/1742/1742 1826/1826/1826
f 1843/1843/1843 1816/1816/1816 1780/1780/1780
f 1759/1759/1759 1844/1844/1844 1795/1795/1795
f 1842/1842/1842 1783/1783/1783 1814/1814/1814
f 1842/1842/1842 1762/1762/1762 1783/1783/1783
f 1812/1812/1812 1845/1845/1845 1800/1800/1800
f 1774/1774/1774 1800/1800/1800 1845/1845/1845
f 1753/1753/1753 1846/1846/1846 1779/1779/1779
f 1847/1847/1847 1848/1848/1848 1738/1738/1738
f 1848/1848/1848 1807/1807/1807 1738/1738/1738
f 1819/1819/1819 1734/1734/1734 1781/1781/1781
f 1786/1786/1786 1823/1823/1823 1749/1749/1749
f 1784/1784/1784 1849/1849/1849 1737/1737/1737
f 1850/1850/1850 1793/1793/1793 1820/1820/1820
f 1850/1850/1850 1818/1818/1818 1793/1793/1793
f 1812/1812/1812 1822/1822/1822 1833/1833/1833
f 1827/1827/1827 1779/1779/1779 1846/1846/1846
f 1828/1828/1828 1810/1810/1810 1747/1747/1747
f 1834/1834/1834 1813/1813/1813 1733/1733/1733
f 1803/1803/1803 1754/1754/1754 1817/1817/1817
f 1758/1758/1758 1851/1851/1851 1824/1824/1824
f 1795/1795/1795 1844/1844/1844 1836/1836/1836
f 1829/1829/1829 1831/1831/1831 1769/1769/1769
f 1731/1731/1731 1837/1837/1837 1781/1781/1781
f 1815/1815/1815 1852/1852/1852 1776/1776/1776
f 1843/1843/1843 1780/1780/1780 1782/1782/1782
f 1853/1853/1853 1842/1842/1842 1814/1814/1814
f 1790/1790/1790 1854/1854/1854 1791/1791/1791
f 1842/1842/1842 1833/1833/1833 1805/1805/1805
f 1809/1809/1809 1847/1847/1847 1738/1738/1738
f 1781/1781/1781 1837/1837/1837 1855/1855/1855
f 1856/1856/1856 1774/1774/1774 1845/1845/1845
f 1834/1834/1834 1801/1801/1801 1824/1824/1824
f 1852/1852/1852 1835/1835/1835 1776/1776/1776
f 1857/1857/1857 1753/1753/1753 1774/1774/1774
f 1765/1765/1765 1840/1840/1840 1767/1767/1767
f 1858/1858/1858 1854/1854/1854 1790/1790/1790
f 1790/1790/1790 1821/1821/1821 1858/1858/1858
f 1810/1810/1810 1859/1859/1859 1771/1771/1771
f 1794/1794/1794 1818/1818/1818 1860/1860/1860
f 1830/1830/1830 1791/1791/1791 1854/1854/1854
f 1861/1861/1861 1782/1782/1782 1808/1808/1808
f 1843/1843/1843 1782/1782/1782 1861/1861/1861
f 1842/1842/1842 1853/1853/1853 1833/1833/1833
f 1846/1846/1846 1753/1753/1753 1857/1857/1857
f 1859/1859/1859 1810/1810/1810 1828/1828/1828
f 1737/1737/1737 1849/1849/1849 1809/1809/1809
f 1829/1829/1829 1862/1862/1862 1831/1831/1831
f 1821/1821/1821 1816/1816/1816 1863/1863/1863
f 1864/1864/1864 1832/1832/1832 1798/1798/1798
f 1794/1794/1794 1860/1860/1860 1825/1825/1825
f 1781/1781/1781 1855/1855/1855 1819/1819/1819
f 1833/1833/1833 1865/1865/1865 1812/1812/1812
f 1827/1827/1827 1846/1846/1846 1866/1866/1866
f 1817/1817/1817 1787/1787/1787 1867/1867/1867
f 1848/1848/1848 1837/1837/1837 1807/1807/1807
f 1788/1788/1788 1868/1868/1868 1806/1806/1806
f 1766/1766/1766 1840/1840/1840 1869/1869/1869
f 1802/1802/1802 1766/1766/1766 1869/1869/1869
f 1838/1838/1838 1820/1820/1820 1799/1799/1799
f 1870/1870/1870 1808/1808/1808 1826/1826/1826
f 1871/1871/1871 1784/1784/1784 1823/1823/1823
f 1849/1849/1849 1872/1872/1872 1809/1809/1809
f 1863/1863/1863 1858/1858/1858 1821/1821/1821
f 1812/1812/1812 1865/1865/1865 1845/1845/1845
f 1835/1835/1835 1852/1852/1852 1873/1873/1873
f 1826/1826/1826 1825/1825/1825 1874/1874/1874
f 1814/1814/1814 1811/1811/1811 1830/1830/1830
f 1831/1831/1831 1875/1875/1875 1786/1786/1786
f 1847/1847/1847 1809/1809/1809 1872/1872/1872
f 1765/1765/1765 1876/1876/1876 1840/1840/1840
f 1787/1787/1787 1796/1796/1796 1867/1867/1867
f 1870/1870/1870 1861/1861/1861 1808/1808/1808
f 1866/1866/1866 1828/1828/1828 1827/1827/1827
f 1796/1796/1796 1771/1771/1771 1859/1859/1859
f 1850/1850/1850 1820/1820/1820 1877/1877/1877
f 1865/1865/1865 1833/1833/1833 1853/1853/1853
f 1831/1831/1831 1862/1862/1862 1875/1875/1875
f 1844/1844/1844 1759/1759/1759 1806/1806/1806
f 1841/1841/1841 1802/1802/1802 1869/1869/1869
f 1847/1847/1847 1878/1878/1878 1848/1848/1848
f 1819/1819/1819 1855/1855/1855 1879/1879/1879
f 1880/1880/1880 1832/1832/1832 1864/1864/1864
f 1868/1868/1868 1881/1881/1881 1806/1806/1806
f 1789/1789/1789 1876/1876/1876 1765/1765/1765
f 1858/1858/1858 1882/1882/1882 1854/1854/1854
f 1817/1817/1817 1883/1883/1883 1803/1803/1803
f 1848/1848/1848 1878/1878/1878 1837/1837/1837
f 1824/1824/1824 1851/1851/1851 1884/1884/1884
f 1853/1853/1853 1814/1814/1814 1865/1865/1865
f 1885/1885/1885 1883/1883/1883 1817/1817/1817
f 1870/1870/1870 1826/1826/1826 1886/1886/1886
f 1856/1856/1856 1845/1845/1845 1865/1865/1865
f 1837/1837/1837 1887/1887/1887 1855/1855/1855
f 1820/1820/1820 1838/1838/1838 1877/1877/1877
f 1852/1852/1852 1815/1815/1815 1888/1888/1888
f 1863/1863/1863 1816/1816/1816 1843/1843/1843
f 1830/1830/1830 1889/1889/1889 1814/1814/1814
f 1804/1804/1804 1890/1890/1890 1788/1788/1788
f 1803/1803/1803 1883/1883/1883 1839/1839/1839
f 1786/1786/1786 1891/1891/1891 1823/1823/1823
f 1806/1806/1806 1881/1881/1881 1844/1844/1844
f 1789/1789/1789 1836/1836/1836 1892/1892/1892
f 1858/1858/1858 1863/1863/1863 1893/1893/1893
f 1856/1856/1856 1894/1894/1894 1774/1774/1774
f 1849/1849/1849 1784/1784/1784 1871/1871/1871
f 1874/1874/1874 1886/1886/1886 1826/1826/1826
f 1895/1895/1895 1843/1843/1843 1861/1861/1861
f 1891/1891/1891 1786/1786/1786 1875/1875/1875
f 1896/1896/1896 1860/1860/1860 1818/1818/1818
f 1897/1897/1897 1856/1856/1856 1865/1865/1865
f 1892/1892/1892 1876/1876/1876 1789/1789/1789
f 1850/1850/1850 1896/1896/1896 1818/1818/1818
f 1858/1858/1858 1893/1893/1893 1882/1882/1882
f 1889/1889/1889 1830/1830/1830 1854/1854/1854
f 1894/1894/1894 1857/1857/1857 1774/1774/1774
f 1867/1867/1867 1885/1885/1885 1817/1817/1817
f 1889/1889/1889 1854/1854/1854 1882/1882/1882
f 1897/1897/1897 1898/1898/1898 1856/1856/1856
f 1899/1899/1899 1824/1824/1824 1884/1884/1884
f 1861/1861/1861 1870/1870/1870 1900/1900/1900
f 1866/1866/1866 1846/1846/1846 1857/1857/1857
f 1876/1876/1876 1901/1901/1901 1840/1840/1840
f 1843/1843/1843 1895/1895/1895 1863/1863/1863
f 1894/1894/1894 1856/1856/1856 1898/1898/1898
f 1866/1866/1866 1857/1857/1857 1894/1894/1894
f 1902/1902/1902 1828/1828/1828 1866/1866/1866
f 1890/1890/1890 1903/1903/1903 1788/1788/1788
f 1869/1869/1869 1904/1904/1904 1841/1841/1841
f 1825/1825/1825 1860/1860/1860 1874/1874/1874
f 1895/1895/1895 1861/1861/1861 1900/1900/1900
f 1905/1905/1905 1862/1862/1862 1829/1829/1829
f 1813/1813/1813 1834/1834/1834 1906/1906/1906
f 1814/1814/1814 1897/1897/1897 1865/1865/1865
f 1834/1834/1834 1824/1824/1824 1899/1899/1899
f 1859/1859/1859 1907/1907/1907 1796/1796/1796
f 1829/1829/1829 1908/1908/1908 1905/1905/1905
f 1847/1847/1847 1872/1872/1872 1909/1909/1909
f 1869/1869/1869 1910/1910/1910 1904/1904/1904
f 1814/1814/1814 1889/1889/1889 1897/1897/1897
f 1859/1859/1859 1911/1911/1911 1907/1907/1907
f 1891/1891/1891 1912/1912/1912 1823/1823/1823
f 1912/1912/1912 1871/1871/1871 1823/1823/1823
f 1876/1876/1876 1892/1892/1892 1901/1901/1901
f 1907/1907/1907 1867/1867/1867 1796/1796/1796
f 1862/1862/1862 1905/1905/1905 1875/1875/1875
f 1899/1899/1899 1913/1913/1913 1834/1834/1834
f 1877/1877/1877 1914/1914/1914 1850/1850/1850
f 1855/1855/1855 1887/1887/1887 1915/1915/1915
f 1788/1788/1788 1903/1903/1903 1868/1868/1868
f 1863/1863/1863 1916/1916/1916 1893/1893/1893
f 1915/1915/1915 1879/1879/1879 1855/1855/1855
f 1860/1860/1860 1896/1896/1896 1917/1917/1917
f 1860/1860/1860 1917/1917/1917 1874/1874/1874
f 1878/1878/1878 1847/1847/1847 1909/1909/1909
f 1836/1836/1836 1844/1844/1844 1918/1918/1918
f 1850/1850/1850 1914/1914/1914 1896/1896/1896
f 1889/1889/1889 1882/1882/1882 1919/1919/1919
f 1828/1828/1828 1920/1920/1920 1859/1859/1859
f 1878/1878/1878 1921/1921/1921 1837/1837/1837
f 1921/1921/1921 1887/1887/1887 1837/1837/1837
f 1922/1922/1922 1880/1880/1880 1923/1923/1923
f 1869/1869/1869 1840/1840/1840 1910/1910/1910
f 1893/1893/1893 1919/1919/1919 1882/1882/1882
f 1838/1838/1838 1924/1924/1924 1877/1877/1877
f 1925/1925/1925 1880/1880/1880 1864/1864/1864
f 1836/1836/1836 1926/1926/1926 1892/1892/1892
f 1895/1895/1895 1900/1900/1900 1927/1927/1927
f 1897/1897/1897 1889/1889/1889 1919/1919/1919
f 1902/1902/1902 1920/1920/1920 1828/1828/1828
f 1907/1907/1907 1928/1928/1928 1867/1867/1867
f 1881/1881/1881 1918/1918/1918 1844/1844/1844
f 1895/1895/1895 1916/1916/1916 1863/1863/1863
f 1866/1866/1866 1929/1929/1929 1902/1902/1902
f 1911/1911/1911 1859/1859/1859 1920/1920/1920
f 1930/1930/1930 1891/1891/1891 1875/1875/1875
f 1888/1888/1888 1931/1931/1931 1852/1852/1852
f 1932/1932/1932 1900/1900/1900 1886/1886/1886
f 1849/1849/1849 1933/1933/1933 1872/1872/1872
f 1905/1905/1905 1908/1908/1908 1934/1934/1934
f 1884/1884/1884 1935/1935/1935 1899/1899/1899
f 1852/1852/1852 1931/1931/1931 1873/1873/1873
f 1874/1874/1874 1936/1936/1936 1886/1886/1886
f 1906/1906/1906 1834/1834/1834 1913/1913/1913
f 1923/1923/1923 1880/1880/1880 1925/1925/1925
f 1937/1937/1937 1909/1909/1909 1872/1872/1872
f 1914/1914/1914 1877/1877/1877 1938/1938/1938
f 1836/1836/1836 1939/1939/1939 1926/1926/1926
f 1938/1938/1938 1877/1877/1877 1924/1924/1924
f 1898/1898/1898 1897/1897/1897 1919/1919/1919
f 1912/1912/1912 1891/1891/1891 1930/1930/1930
f 1871/1871/1871 1933/1933/1933 1849/1849/1849
f 1919/1919/1919 1940/1940/1940 1898/1898/1898
f 1894/1894/1894 1941/1941/1941 1866/1866/1866
f 1890/1890/1890 1942/1942/1942 1903/1903/1903
f 1918/1918/1918 1939/1939/1939 1836/1836/1836
f 1943/1943/1943 1919/1919/1919 1893/1893/1893
f 1872/1872/1872 1933/1933/1933 1937/1937/1937
f 1892/1892/1892 1926/1926/1926 1901/1901/1901
f 1895/1895/1895 1943/1943/1943 1916/1916/1916
f 1943/1943/1943 1895/1895/1895 1927/1927/1927
f 1893/1893/1893 1916/1916/1916 1943/1943/1943
f 1944/1944/1944 1873/1873/1873 1931/1931/1931
f 1945/1945/1945 1841/1841/1841 1904/1904/1904
f 1885/1885/1885 1946/1946/1946 1883/1883/1883
f 1903/1903/1903 1947/1947/1947 1868/1868/1868
f 1868/1868/1868 1948/1948/1948 1881/1881/1881
f 1900/1900/1900 1932/1932/1932 1927/1927/1927
f 1911/1911/1911 1949/1949/1949 1907/1907/1907
f 1928/1928/1928 1907/1907/1907 1949/1949/1949
f 1875/1875/1875 1905/1905/1905 1950/1950/1950
f 1874/1874/1874 1917/1917/1917 1936/1936/1936
f 1866/1866/1866 1941/1941/1941 1929/1929/1929
f 1951/1951/1951 1885/1885/1885 1867/1867/1867
f 1879/1879/1879 1915/1915/1915 1952/1952/1952
f 1901/1901/1901 1953/1953/1953 1840/1840/1840
f 1868/1868/1868 1947/1947/1947 1948/1948/1948
f 1953/1953/1953 1910/1910/1910 1840/1840/1840
f 1898/1898/1898 1940/1940/1940 1954/1954/1954
f 1898/1898/1898 1954/1954/1954 1894/1894/1894
f 1867/1867/1867 1928/1928/1928 1951/1951/1951
f 1871/1871/1871 1912/1912/1912 1955/1955/1955
f 1903/1903/1903 1942/1942/1942 1947/1947/1947
f 1954/1954/1954 1941/1941/1941 1894/1894/1894
f 1886/1886/1886 1936/1936/1936 1932/1932/1932
f 1956/1956/1956 1902/1902/1902 1929/1929/1929
f 1956/1956/1956 1920/1920/1920 1902/1902/1902
f 1957/1957/1957 1896/1896/1896 1914/1914/1914
f 1957/1957/1957 1917/1917/1917 1896/1896/1896
f 1871/1871/1871 1955/1955/1955 1933/1933/1933
f 1899/1899/1899 1958/1958/1958 1913/1913/1913
f 1959/1959/1959 1883/1883/1883 1946/1946/1946
f 1875/1875/1875 1950/1950/1950 1930/1930/1930
f 1960/1960/1960 1906/1906/1906 1913/1913/1913
f 1943/1943/1943 1927/1927/1927 1961/1961/1961
f 1943/1943/1943 1962/1962/1962 1919/1919/1919
f 1919/1919/1919 1962/1962/1962 1940/1940/1940
f 1951/1951/1951 1946/1946/1946 1885/1885/1885
f 1963/1963/1963 1915/1915/1915 1887/1887/1887
f 1948/1948/1948 1964/1964/1964 1881/1881/1881
f 1881/1881/1881 1964/1964/1964 1918/1918/1918
f 1955/1955/1955 1965/1965/1965 1933/1933/1933
f 1931/1931/1931 1888/1888/1888 1966/1966/1966
f 1938/1938/1938 1967/1967/1967 1914/1914/1914
f 1968/1968/1968 1928/1928/1928 1949/1949/1949
f 1878/1878/1878 1969/1969/1969 1921/1921/1921
f 1927/1927/1927 1970/1970/1970 1961/1961/1961
f 1969/1969/1969 1878/1878/1878 1909/1909/1909
f 1971/1971/1971 1944/1944/1944 1931/1931/1931
f 1962/1962/1962 1943/1943/1943 1972/1972/1972
f 1899/1899/1899 1935/1935/1935 1973/1973/1973
f 1927/1927/1927 1932/1932/1932 1970/1970/1970
f 1962/1962/1962 1954/1954/1954 1940/1940/1940
f 1930/1930/1930 1974/1974/1974 1912/1912/1912
f 1975/1975/1975 1922/1922/1922 1923/1923/1923
f 1976/1976/1976 1954/1954/1954 1962/1962/1962
f 1977/1977/1977 1929/1929/1929 1941/1941/1941
f 1920/1920/1920 1978/1978/1978 1911/1911/1911
f 1955/1955/1955 1912/1912/1912 1979/1979/1979
f 1921/1921/1921 1963/1963/1963 1887/1887/1887
f 1952/1952/1952 1915/1915/1915 1963/1963/1963
f 1949/1949/1949 1911/1911/1911 1978/1978/1978
f 1930/1930/1930 1950/1950/1950 1974/1974/1974
f 1933/1933/1933 1965/1965/1965 1937/1937/1937
f 1968/1968/1968 1949/1949/1949 1978/1978/1978
f 1905/1905/1905 1934/1934/1934 1980/1980/1980
f 1943/1943/1943 1961/1961/1961 1972/1972/1972
f 1941/1941/1941 1954/1954/1954 1976/1976/1976
f 1950/1950/1950 1905/1905/1905 1980/1980/1980
f 1966/1966/1966 1971/1971/1971 1931/1931/1931
f 1938/1938/1938 1924/1924/1924 1981/1981/1981
f 1972/1972/1972 1976/1976/1976 1962/1962/1962
f 1976/1976/1976 1977/1977/1977 1941/1941/1941
f 1939/1939/1939 1918/1918/1918 1964/1964/1964
f 1910/1910/1910 1982/1982/1982 1904/1904/1904
f 1938/1938/1938 1981/1981/1981 1967/1967/1967
f 1914/1914/1914 1983/1983/1983 1957/1957/1957
f 1917/1917/1917 1957/1957/1957 1936/1936/1936
f 1974/1974/1974 1979/1979/1979 1912/1912/1912
f 1979/1979/1979 1965/1965/1965 1955/1955/1955
f 1937/1937/1937 1984/1984/1984 1909/1909/1909
f 1984/1984/1984 1969/1969/1969 1909/1909/1909
f 1945/1945/1945 1904/1904/1904 1982/1982/1982
f 1956/1956/1956 1978/1978/1978 1920/1920/1920
f 1985/1985/1985 1959/1959/1959 1946/1946/1946
f 1936/1936/1936 1986/1986/1986 1932/1932/1932
f 1987/1987/1987 1953/1953/1953 1901/1901/1901
f 1899/1899/1899 1973/1973/1973 1958/1958/1958
f 1958/1958/1958 1988/1988/1988 1913/1913/1913
f 1936/1936/1936 1989/1989/1989 1986/1986/1986
f 1976/1976/1976 1972/1972/1972 1990/1990/1990
f 1925/1925/1925 1991/1991/1991 1923/1923/1923
f 1970/1970/1970 1972/1972/1972 1961/1961/1961
f 1956/1956/1956 1992/1992/1992 1978/1978/1978
f 1993/1993/1993 1980/1980/1980 1934/1934/1934
f 1994/1994/1994 1948/1948/1948 1947/1947/1947
f 1910/1910/1910 1995/1995/1995 1982/1982/1982
f 1936/1936/1936 1957/1957/1957 1989/1989/1989
f 1932/1932/1932 1996/1996/1996 1970/1970/1970
f 1997/1997/1997 1951/1951/1951 1928/1928/1928
f 1946/1946/1946 1951/1951/1951 1997/1997/1997
f 1953/1953/1953 1995/1995/1995 1910/1910/1910
f 1996/1996/1996 1932/1932/1932 1986/1986/1986
f 1976/1976/1976 1990/1990/1990 1977/1977/1977
f 1998/1998/1998 1926/1926/1926 1939/1939/1939
f 1987/1987/1987 1901/1901/1901 1926/1926/1926
f 1983/1983/1983 1914/1914/1914 1967/1967/1967
f 1956/1956/1956 1929/1929/1929 1999/1999/1999
f 1997/1997/1997 1928/1928/1928 1968/1968/1968
f 1992/1992/1992 1956/1956/1956 1999/1999/1999
f 1935/1935/1935 2000/2000/2000 1973/1973/1973
f 1926/1926/1926 2001/2001/2001 1987/1987/1987
f 1929/1929/1929 1977/1977/1977 1999/1999/1999
f 1994/1994/1994 1947/1947/1947 1942/1942/1942
f 1957/1957/1957 2002/2002/2002 1989/1989/1989
f 1986/1986/1986 2003/2003/2003 1996/1996/1996
f 2004/2004/2004 1972/1972/1972 1970/1970/1970
f 1963/1963/1963 1921/1921/1921 2005/2005/2005
f 1995/1995/1995 1953/1953/1953 1987/1987/1987
f 1982/1982/1982 2006/2006/2006 1945/1945/1945
f 1986/1986/1986 1989/1989/1989 2003/2003/2003
f 1970/1970/1970 1996/1996/1996 2004/2004/2004
f 1937/1937/1937 1965/1965/1965 2007/2007/2007
f 1960/1960/1960 1913/1913/1913 1988/1988/1988
f 2008/2008/2008 1975/1975/1975 1923/1923/1923
f 1948/1948/1948 1994/1994/1994 1964/1964/1964
f 1999/1999/1999 1977/1977/1977 2009/2009/2009
f 1992/1992/1992 2010/2010/2010 1978/1978/1978
f 1971/1971/1971 2011/2011/2011 1944/1944/1944
f 1972/1972/1972 2004/2004/2004 1990/1990/1990
f 1990/1990/1990 2009/2009/2009 1977/1977/1977
f 2010/2010/2010 1968/1968/1968 1978/1978/1978
f 1923/1923/1923 1991/1991/1991 2008/2008/2008
f 2012/2012/2012 1945/1945/1945 2006/2006/2006
f 1983/1983/1983 2002/2002/2002 1957/1957/1957
f 1974/1974/1974 2013/2013/2013 1979/1979/1979
f 1963/1963/1963 2014/2014/2014 1952/1952/1952
f 2015/2015/2015 1983/1983/1983 1967/1967/1967
f 2007/2007/2007 1984/1984/1984 1937/1937/1937
f 2016/2016/2016 1921/1921/1921 1969/1969/1969
f 2017/2017/2017 1971/1971/1971 1966/1966/1966
f 2018/2018/2018 1939/1939/1939 1964/1964/1964
f 1989/1989/1989 2019/2019/2019 2003/2003/2003
f 1968/1968/1968 2010/2010/2010 2020/2020/2020
f 1997/1997/1997 1968/1968/1968 2021/2021/2021
f 1974/1974/1974 1950/1950/1950 2013/2013/2013
f 1996/1996/1996 2022/2022/2022 2004/2004/2004
f 1999/1999/1999 2023/2023/2023 1992/1992/1992
f 2002/2002/2002 2019/2019/2019 1989/1989/1989
f 2004/2004/2004 2009/2009/2009 1990/1990/1990
f 2009/2009/2009 2023/2023/2023 1999/1999/1999
f 2021/2021/2021 2024/2024/2024 1997/1997/1997
f 2025/2025/2025 1965/1965/1965 1979/1979/1979
f 2026/2026/2026 1963/1963/1963 2005/2005/2005
f 1926/1926/1926 1998/1998/1998 2001/2001/2001
f 2003/2003/2003 2022/2022/2022 1996/1996/1996
f 1997/1997/1997 2024/2024/2024 1946/1946/1946
f 2013/2013/2013 1950/1950/1950 2027/2027/2027
f 2016/2016/2016 2005/2005/2005 1921/1921/1921
f 1995/1995/1995 2028/2028/2028 1982/1982/1982
f 1981/1981/1981 2029/2029/2029 1967/1967/1967
f 1980/1980/1980 2027/2027/2027 1950/1950/1950
f 1984/1984/1984 2016/2016/2016 1969/1969/1969
f 2026/2026/2026 2014/2014/2014 1963/1963/1963
f 1958/1958/1958 1973/1973/1973 2030/2030/2030
f 1982/1982/1982 2028/2028/2028 2006/2006/2006
f 2031/2031/2031 1979/1979/1979 2013/2013/2013
f 2006/2006/2006 2032/2032/2032 2012/2012/2012
f 2015/2015/2015 2033/2033/2033 1983/1983/1983
f 2004/2004/2004 2022/2022/2022 2009/2009/2009
f 2034/2034/2034 1994/1994/1994 1942/1942/1942
f 2002/2002/2002 2035/2035/2035 2019/2019/2019
f 2009/2009/2009 2036/2036/2036 2023/2023/2023
f 1992/1992/1992 2023/2023/2023 2037/2037/2037
f 1984/1984/1984 2038/2038/2038 2016/2016/2016
f 1958/1958/1958 2039/2039/2039 1988/1988/1988
f 1960/1960/1960 1988/1988/1988 2040/2040/2040
f 2009/2009/2009 2022/2022/2022 2036/2036/2036
f 1993/1993/1993 2041/2041/2041 1980/1980/1980
f 1958/1958/1958 2042/2042/2042 2039/2039/2039
f 1964/1964/1964 1994/1994/1994 2018/2018/2018
f 2034/2034/2034 1942/1942/1942 2043/2043/2043
f 1983/1983/1983 2033/2033/2033 2002/2002/2002
f 2010/2010/2010 1992/1992/1992 2037/2037/2037
f 2044/2044/2044 1946/1946/1946 2024/2024/2024
f 2007/2007/2007 2045/2045/2045 1984/1984/1984
f 2046/2046/2046 2047/2047/2047 2048/2048/2048
f 2003/2003/2003 2019/2019/2019 2022/2022/2022
f 2021/2021/2021 1968/1968/1968 2020/2020/2020
f 1946/1946/1946 2044/2044/2044 1985/1985/1985
f 1965/1965/1965 2049/2049/2049 2007/2007/2007
f 2045/2045/2045 2038/2038/2038 1984/1984/1984
f 2010/2010/2010 2037/2037/2037 2050/2050/2050
f 1980/1980/1980 2041/2041/2041 2027/2027/2027
f 2025/2025/2025 2049/2049/2049 1965/1965/1965
f 1958/1958/1958 2030/2030/2030 2042/2042/2042
f 1995/1995/1995 2051/2051/2051 2028/2028/2028
f 2052/2052/2052 1975/1975/1975 2008/2008/2008
f 2053/2053/2053 2019/2019/2019 2035/2035/2035
f 2000/2000/2000 2054/2054/2054 1973/1973/1973
f 2002/2002/2002 2033/2033/2033 2035/2035/2035
f 2055/2055/2055 2015/2015/2015 1967/1967/1967
f 2019/2019/2019 2056/2056/2056 2022/2022/2022
f 2022/2022/2022 2056/2056/2056 2036/2036/2036
f 2037/2037/2037 2023/2023/2023 2036/2036/2036
f 2057/2057/2057 2041/2041/2041 1993/1993/1993
f 1987/1987/1987 2051/2051/2051 1995/1995/1995
f 2010/2010/2010 2050/2050/2050 2020/2020/2020
f 2058/2058/2058 2011/2011/2011 1971/1971/1971
f 1967/1967/1967 2029/2029/2029 2055/2055/2055
f 2013/2013/2013 2027/2027/2027 2059/2059/2059
f 1979/1979/1979 2031/2031/2031 2025/2025/2025
f 2054/2054/2054 2030/2030/2030 1973/1973/1973
f 2018/2018/2018 2060/2060/2060 1939/1939/1939
f 2045/2045/2045 2007/2007/2007 2049/2049/2049
f 2001/2001/2001 2061/2061/2061 1987/1987/1987
f 2056/2056/2056 2019/2019/2019 2053/2053/2053
f 1939/1939/1939 2062/2062/2062 1998/1998/1998
f 2061/2061/2061 2051/2051/2051 1987/1987/1987
f 2000/2000/2000 2063/2063/2063 2054/2054/2054
f 2058/2058/2058 2064/2064/2064 2011/2011/2011
f 2047/2047/2047 2046/2046/2046 2065/2065/2065
f 2040/2040/2040 1988/1988/1988 2039/2039/2039
f 2060/2060/2060 2062/2062/2062 1939/1939/1939
f 2036/2036/2036 2056/2056/2056 2037/2037/2037
f 1991/1991/1991 2066/2066/2066 2008/2008/2008
f 1994/1994/1994 2067/2067/2067 2018/2018/2018
f 1994/1994/1994 2034/2034/2034 2067/2067/2067
f 2043/2043/2043 2068/2068/2068 2034/2034/2034
f 2051/2051/2051 2069/2069/2069 2028/2028/2028
f 2025/2025/2025 2070/2070/2070 2049/2049/2049
f 2017/2017/2017 2058/2058/2058 1971/1971/1971
f 2031/2031/2031 2070/2070/2070 2025/2025/2025
f 2038/2038/2038 2071/2071/2071 2016/2016/2016
f 2072/2072/2072 2032/2032/2032 2006/2006/2006
f 2037/2037/2037 2056/2056/2056 2050/2050/2050
f 2021/2021/2021 2020/2020/2020 2073/2073/2073
f 2029/2029/2029 2074/2074/2074 2055/2055/2055
f 2046/2046/2046 2048/2048/2048 2075/2075/2075
f 2053/2053/2053 2035/2035/2035 2076/2076/2076
f 2033/2033/2033 2076/2076/2076 2035/2035/2035
f 2021/2021/2021 2073/2073/2073 2077/2077/2077
f 2021/2021/2021 2077/2077/2077 2024/2024/2024
f 2016/2016/2016 2071/2071/2071 2005/2005/2005
f 2005/2005/2005 2078/2078/2078 2026/2026/2026
f 2079/2079/2079 2047/2047/2047 2065/2065/2065
f 2053/2053/2053 2076/2076/2076 2080/2080/2080
f 2050/2050/2050 2073/2073/2073 2020/2020/2020
f 1998/1998/1998 2081/2081/2081 2001/2001/2001
f 2069/2069/2069 2006/2006/2006 2028/2028/2028
f 2056/2056/2056 2073/2073/2073 2050/2050/2050
f 2066/2066/2066 2052/2052/2052 2008/2008/2008
f 2077/2077/2077 2044/2044/2044 2024/2024/2024
f 2013/2013/2013 2059/2059/2059 2082/2082/2082
f 2053/2053/2053 2080/2080/2080 2056/2056/2056
f 2083/2083/2083 2041/2041/2041 2057/2057/2057
f 2031/2031/2031 2084/2084/2084 2070/2070/2070
f 2026/2026/2026 2085/2085/2085 2014/2014/2014
f 1998/1998/1998 2062/2062/2062 2081/2081/2081
f 2061/2061/2061 2086/2086/2086 2051/2051/2051
f 2051/2051/2051 2086/2086/2086 2069/2069/2069
f 2087/2087/2087 2027/2027/2027 2041/2041/2041
f 2082/2082/2082 2084/2084/2084 2013/2013/2013
f 2013/2013/2013 2084/2084/2084 2031/2031/2031
f 2005/2005/2005 2071/2071/2071 2078/2078/2078
f 2061/2061/2061 2001/2001/2001 2081/2081/2081
f 2088/2088/2088 2046/2046/2046 2075/2075/2075
f 2088/2088/2088 2065/2065/2065 2046/2046/2046
f 2089/2089/2089 2006/2006/2006 2069/2069/2069
f 2056/2056/2056 2080/2080/2080 2090/2090/2090
f 2017/2017/2017 2091/2091/2091 2058/2058/2058
f 2018/2018/2018 2092/2092/2092 2060/2060/2060
f 2089/2089/2089 2072/2072/2072 2006/2006/2006
f 2078/2078/2078 2085/2085/2085 2026/2026/2026
f 2080/2080/2080 2076/2076/2076 2090/2090/2090
f 2083/2083/2083 2087/2087/2087 2041/2041/2041
f 2049/2049/2049 2093/2093/2093 2045/2045/2045
f 2094/2094/2094 2058/2058/2058 2091/2091/2091
f 2058/2058/2058 2094/2094/2094 2064/2064/2064
f 2095/2095/2095 2077/2077/2077 2073/2073/2073
f 2096/2096/2096 2071/2071/2071 2038/2038/2038
f 2057/2057/2057 2097/2097/2097 2083/2083/2083
f 2027/2027/2027 2087/2087/2087 2098/2098/2098
f 2027/2027/2027 2098/2098/2098 2059/2059/2059
f 2059/2059/2059 2098/2098/2098 2082/2082/2082
f 2065/2065/2065 2088/2088/2088 2099/2099/2099
f 2056/2056/2056 2090/2090/2090 2073/2073/2073
f 2045/2045/2045 2093/2093/2093 2038/2038/2038
f 2063/2063/2063 2100/2100/2100 2054/2054/2054
f 2065/2065/2065 2099/2099/2099 2079/2079/2079
f 2042/2042/2042 2030/2030/2030 2101/2101/2101
f 2067/2067/2067 2034/2034/2034 2102/2102/2102
f 2076/2076/2076 2103/2103/2103 2090/2090/2090
f 2101/2101/2101 2030/2030/2030 2054/2054/2054
f 2060/2060/2060 2104/2104/2104 2062/2062/2062
f 2073/2073/2073 2090/2090/2090 2105/2105/2105
f 2106/2106/2106 2071/2071/2071 2096/2096/2096
f 2067/2067/2067 2092/2092/2092 2018/2018/2018
f 2076/2076/2076 2107/2107/2107 2103/2103/2103
f 2105/2105/2105 2095/2095/2095 2073/2073/2073
f 2071/2071/2071 2106/2106/2106 2078/2078/2078
f 2070/2070/2070 2084/2084/2084 2108/2108/2108
f 2049/2049/2049 2070/2070/2070 2093/2093/2093
f 2102/2102/2102 2034/2034/2034 2068/2068/2068
f 2061/2061/2061 2109/2109/2109 2086/2086/2086
f 2095/2095/2095 2105/2105/2105 2110/2110/2110
f 2095/2095/2095 2110/2110/2110 2077/2077/2077
f 2101/2101/2101 2054/2054/2054 2100/2100/2100
f 2083/2083/2083 2097/2097/2097 2111/2111/2111
f 2111/2111/2111 2087/2087/2087 2083/2083/2083
f 2109/2109/2109 2061/2061/2061 2081/2081/2081
f 2112/2112/2112 2089/2089/2089 2069/2069/2069
f 2102/2102/2102 2092/2092/2092 2067/2067/2067
f 2090/2090/2090 2103/2103/2103 2105/2105/2105
f 2104/2104/2104 2060/2060/2060 2092/2092/2092
f 2093/2093/2093 2113/2113/2113 2038/2038/2038
f 2042/2042/2042 2114/2114/2114 2039/2039/2039
f 2055/2055/2055 2074/2074/2074 2115/2115/2115
f 2069/2069/2069 2086/2086/2086 2112/2112/2112
f 2116/2116/2116 2111/2111/2111 2097/2097/2097
f 2117/2117/2117 2062/2062/2062 2104/2104/2104
f 2098/2098/2098 2118/2118/2118 2082/2082/2082
f 2108/2108/2108 2119/2119/2119 2070/2070/2070
f 2100/2100/2100 2063/2063/2063 2120/2120/2120
f 2101/2101/2101 2121/2121/2121 2042/2042/2042
f 2114/2114/2114 2042/2042/2042 2121/2121/2121
f 2068/2068/2068 2122/2122/2122 2102/2102/2102
f 2075/2075/2075 2123/2123/2123 2088/2088/2088
f 2124/2124/2124 2125/2125/2125 2116/2116/2116
f 2106/2106/2106 2085/2085/2085 2078/2078/2078
f 2072/2072/2072 2089/2089/2089 2112/2112/2112
f 2099/2099/2099 2088/2088/2088 2123/2123/2123
f 2082/2082/2082 2126/2126/2126 2084/2084/2084
f 2119/2119/2119 2093/2093/2093 2070/2070/2070
f 2062/2062/2062 2117/2117/2117 2081/2081/2081
f 2127/2127/2127 2125/2125/2125 2124/2124/2124
f 2118/2118/2118 2126/2126/2126 2082/2082/2082
f 2128/2128/2128 2129/2129/2129 2052/2052/2052
f 2072/2072/2072 2130/2130/2130 2123/2123/2123
f 2094/2094/2094 2131/2131/2131 2064/2064/2064
f 2132/2132/2132 2099/2099/2099 2123/2123/2123
f 2116/2116/2116 2125/2125/2125 2111/2111/2111
f 2066/2066/2066 2128/2128/2128 2052/2052/2052
f 2133/2133/2133 2040/2040/2040 2039/2039/2039
f 2081/2081/2081 2134/2134/2134 2109/2109/2109
f 2072/2072/2072 2112/2112/2112 2130/2130/2130
f 2081/2081/2081 2117/2117/2117 2134/2134/2134
f 2099/2099/2099 2135/2135/2135 2127/2127/2127
f 2125/2125/2125 2127/2127/2127 2135/2135/2135
f 2038/2038/2038 2113/2113/2113 2096/2096/2096
f 2111/2111/2111 2136/2136/2136 2087/2087/2087
f 2093/2093/2093 2137/2137/2137 2113/2113/2113
f 2133/2133/2133 2039/2039/2039 2114/2114/2114
f 2123/2123/2123 2138/2138/2138 2132/2132/2132
f 2132/2132/2132 2135/2135/2135 2099/2099/2099
f 2111/2111/2111 2125/2125/2125 2139/2139/2139
f 2119/2119/2119 2137/2137/2137 2093/2093/2093
f 2140/2140/2140 2112/2112/2112 2086/2086/2086
f 2112/2112/2112 2141/2141/2141 2130/2130/2130
f 2098/2098/2098 2087/2087/2087 2136/2136/2136
f 2123/2123/2123 2130/2130/2130 2138/2138/2138
f 2136/2136/2136 2142/2142/2142 2098/2098/2098
f 2109/2109/2109 2143/2143/2143 2086/2086/2086
f 2086/2086/2086 2143/2143/2143 2140/2140/2140
f 2130/2130/2130 2141/2141/2141 2138/2138/2138
f 2139/2139/2139 2125/2125/2125 2144/2144/2144
f 2145/2145/2145 2114/2114/2114 2121/2121/2121
f 2131/2131/2131 2094/2094/2094 2146/2146/2146
f 2102/2102/2102 2147/2147/2147 2092/2092/2092
f 2118/2118/2118 2098/2098/2098 2142/2142/2142
f 2066/2066/2066 2148/2148/2148 2128/2128/2128
f 2104/2104/2104 2092/2092/2092 2149/2149/2149
f 2117/2117/2117 2104/2104/2104 2149/2149/2149
f 2139/2139/2139 2136/2136/2136 2111/2111/2111
f 2135/2135/2135 2132/2132/2132 2138/2138/2138
f 2135/2135/2135 2144/2144/2144 2125/2125/2125
f 2150/2150/2150 2134/2134/2134 2117/2117/2117
f 2113/2113/2113 2137/2137/2137 2151/2151/2151
f 2112/2112/2112 2140/2140/2140 2141/2141/2141
f 2152/2152/2152 2129/2129/2129 2128/2128/2128
f 2122/2122/2122 2153/2153/2153 2102/2102/2102
f 2108/2108/2108 2084/2084/2084 2126/2126/2126
f 2109/2109/2109 2134/2134/2134 2154/2154/2154
f 2138/2138/2138 2144/2144/2144 2135/2135/2135
f 2137/2137/2137 2155/2155/2155 2151/2151/2151
f 2113/2113/2113 2151/2151/2151 2096/2096/2096
f 2102/2102/2102 2153/2153/2153 2147/2147/2147
f 2156/2156/2156 2152/2152/2152 2128/2128/2128
f 2136/2136/2136 2157/2157/2157 2142/2142/2142
f 2120/2120/2120 2158/2158/2158 2100/2100/2100
f 2159/2159/2159 2131/2131/2131 2146/2146/2146
f 2138/2138/2138 2141/2141/2141 2160/2160/2160
f 2138/2138/2138 2160/2160/2160 2144/2144/2144
f 2109/2109/2109 2154/2154/2154 2143/2143/2143
f 2106/2106/2106 2161/2161/2161 2085/2085/2085
f 2162/2162/2162 2144/2144/2144 2160/2160/2160
f 2139/2139/2139 2157/2157/2157 2136/2136/2136
f 2121/2121/2121 2163/2163/2163 2145/2145/2145
f 2144/2144/2144 2164/2164/2164 2139/2139/2139
f 2092/2092/2092 2147/2147/2147 2149/2149/2149
f 2142/2142/2142 2165/2165/2165 2118/2118/2118
f 2145/2145/2145 2133/2133/2133 2114/2114/2114
f 2164/2164/2164 2144/2144/2144 2162/2162/2162
f 2164/2164/2164 2157/2157/2157 2139/2139/2139
f 2166/2166/2166 2126/2126/2126 2118/2118/2118
f 2108/2108/2108 2167/2167/2167 2119/2119/2119
f 2106/2106/2106 2096/2096/2096 2151/2151/2151
f 2161/2161/2161 2168/2168/2168 2085/2085/2085
f 2148/2148/2148 2156/2156/2156 2128/2128/2128
f 2126/2126/2126 2167/2167/2167 2108/2108/2108
f 2165/2165/2165 2166/2166/2166 2118/2118/2118
f 2169/2169/2169 2150/2150/2150 2117/2117/2117
f 2157/2157/2157 2165/2165/2165 2142/2142/2142
f 2100/2100/2100 2170/2170/2170 2101/2101/2101
f 2134/2134/2134 2150/2150/2150 2171/2171/2171
f 2151/2151/2151 2172/2172/2172 2106/2106/2106
f 2157/2157/2157 2173/2173/2173 2165/2165/2165
f 2158/2158/2158 2170/2170/2170 2100/2100/2100
f 2101/2101/2101 2170/2170/2170 2163/2163/2163
f 2163/2163/2163 2121/2121/2121 2101/2101/2101
f 2158/2158/2158 2120/2120/2120 2174/2174/2174
f 2134/2134/2134 2171/2171/2171 2154/2154/2154
f 2137/2137/2137 2119/2119/2119 2175/2175/2175
f 2117/2117/2117 2149/2149/2149 2169/2169/2169
f 2160/2160/2160 2141/2141/2141 2176/2176/2176
f 2173/2173/2173 2166/2166/2166 2165/2165/2165
f 2177/2177/2177 2161/2161/2161 2106/2106/2106
f 2147/2147/2147 2178/2178/2178 2149/2149/2149
f 2179/2179/2179 2141/2141/2141 2140/2140/2140
f 2162/2162/2162 2160/2160/2160 2180/2180/2180
f 2181/2181/2181 2146/2146/2146 2091/2091/2091
f 2164/2164/2164 2162/2162/2162 2180/2180/2180
f 2167/2167/2167 2126/2126/2126 2166/2166/2166
f 2133/2133/2133 2145/2145/2145 2182/2182/2182
f 2167/2167/2167 2175/2175/2175 2119/2119/2119
f 2160/2160/2160 2176/2176/2176 2180/2180/2180
f 2173/2173/2173 2157/2157/2157 2164/2164/2164
f 2154/2154/2154 2183/2183/2183 2143/2143/2143
f 2178/2178/2178 2147/2147/2147 2153/2153/2153
f 2166/2166/2166 2184/2184/2184 2167/2167/2167
f 2106/2106/2106 2172/2172/2172 2177/2177/2177
f 2183/2183/2183 2154/2154/2154 2171/2171/2171
f 2176/2176/2176 2141/2141/2141 2179/2179/2179
f 2185/2185/2185 2164/2164/2164 2180/2180/2180
f 2168/2168/2168 2161/2161/2161 2186/2186/2186
f 2181/2181/2181 2159/2159/2159 2146/2146/2146
f 2187/2187/2187 2167/2167/2167 2184/2184/2184
f 2155/2155/2155 2137/2137/2137 2188/2188/2188
f 2153/2153/2153 2189/2189/2189 2178/2178/2178
f 2175/2175/2175 2188/2188/2188 2137/2137/2137
f 2155/2155/2155 2190/2190/2190 2151/2151/2151
f 2163/2163/2163 2191/2191/2191 2145/2145/2145
f 2143/2143/2143 2192/2192/2192 2140/2140/2140
f 2190/2190/2190 2172/2172/2172 2151/2151/2151
f 2192/2192/2192 2179/2179/2179 2140/2140/2140
f 2164/2164/2164 2185/2185/2185 2173/2173/2173
f 2187/2187/2187 2175/2175/2175 2167/2167/2167
f 2172/2172/2172 2190/2190/2190 2193/2193/2193
f 2143/2143/2143 2183/2183/2183 2192/2192/2192
f 2176/2176/2176 2194/2194/2194 2180/2180/2180
f 2195/2195/2195 2185/2185/2185 2180/2180/2180
f 2174/2174/2174 2196/2196/2196 2158/2158/2158
f 2150/2150/2150 2197/2197/2197 2171/2171/2171
f 2145/2145/2145 2191/2191/2191 2182/2182/2182
f 2156/2156/2156 2148/2148/2148 2198/2198/2198
f 2155/2155/2155 2188/2188/2188 2190/2190/2190
f 2199/2199/2199 2183/2183/2183 2171/2171/2171
f 2177/2177/2177 2186/2186/2186 2161/2161/2161
f 2170/2170/2170 2200/2200/2200 2163/2163/2163
f 2194/2194/2194 2176/2176/2176 2179/2179/2179
f 2158/2158/2158 2201/2201/2201 2170/2170/2170
f 2201/2201/2201 2200/2200/2200 2170/2170/2170
f 2181/2181/2181 2202/2202/2202 2159/2159/2159
f 2173/2173/2173 2203/2203/2203 2166/2166/2166
f 2203/2203/2203 2184/2184/2184 2166/2166/2166
f 2193/2193/2193 2177/2177/2177 2172/2172/2172
f 2175/2175/2175 2204/2204/2204 2188/2188/2188
f 2175/2175/2175 2187/2187/2187 2205/2205/2205
f 2169/2169/2169 2149/2149/2149 2206/2206/2206
f 2197/2197/2197 2199/2199/2199 2171/2171/2171
f 2184/2184/2184 2207/2207/2207 2187/2187/2187
f 2158/2158/2158 2196/2196/2196 2201/2201/2201
f 2200/2200/2200 2191/2191/2191 2163/2163/2163
f 2156/2156/2156 2198/2198/2198 2152/2152/2152
f 2206/2206/2206 2149/2149/2149 2178/2178/2178
f 2194/2194/2194 2195/2195/2195 2180/2180/2180
f 2193/2193/2193 2208/2208/2208 2177/2177/2177
f 2209/2209/2209 2192/2192/2192 2183/2183/2183
f 2179/2179/2179 2192/2192/2192 2194/2194/2194
f 2204/2204/2204 2175/2175/2175 2205/2205/2205
f 2188/2188/2188 2210/2210/2210 2190/2190/2190
f 2177/2177/2177 2211/2211/2211 2186/2186/2186
f 2169/2169/2169 2212/2212/2212 2150/2150/2150
f 2210/2210/2210 2193/2193/2193 2190/2190/2190
f 2196/2196/2196 2174/2174/2174 2213/2213/2213
f 2203/2203/2203 2207/2207/2207 2184/2184/2184
f 2192/2192/2192 2209/2209/2209 2194/2194/2194
f 2187/2187/2187 2207/2207/2207 2205/2205/2205
f 2173/2173/2173 2185/2185/2185 2214/2214/2214
f 2169/2169/2169 2215/2215/2215 2212/2212/2212
f 2202/2202/2202 2181/2181/2181 2216/2216/2216
f 2198/2198/2198 2217/2217/2217 2152/2152/2152
f 2150/2150/2150 2212/2212/2212 2197/2197/2197
f 2173/2173/2173 2214/2214/2214 2203/2203/2203
f 2169/2169/2169 2206/2206/2206 2215/2215/2215
f 2188/2188/2188 2204/2204/2204 2210/2210/2210
f 2218/2218/2218 2152/2152/2152 2217/2217/2217
f 2207/2207/2207 2203/2203/2203 2219/2219/2219
f 2209/2209/2209 2183/2183/2183 2199/2199/2199
f 2194/2194/2194 2220/2220/2220 2195/2195/2195
f 2195/2195/2195 2214/2214/2214 2185/2185/2185
f 2206/2206/2206 2178/2178/2178 2221/2221/2221
f 2222/2222/2222 2199/2199/2199 2197/2197/2197
f 2200/2200/2200 2223/2223/2223 2191/2191/2191
f 2181/2181/2181 2224/2224/2224 2216/2216/2216
f 2209/2209/2209 2220/2220/2220 2194/2194/2194
f 2225/2225/2225 2196/2196/2196 2213/2213/2213
f 2206/2206/2206 2221/2221/2221 2215/2215/2215
f 2189/2189/2189 2226/2226/2226 2178/2178/2178
f 2214/2214/2214 2195/2195/2195 2227/2227/2227
f 2219/2219/2219 2203/2203/2203 2228/2228/2228
f 2208/2208/2208 2229/2229/2229 2177/2177/2177
f 2230/2230/2230 2209/2209/2209 2199/2199/2199
f 2209/2209/2209 2230/2230/2230 2220/2220/2220
f 2228/2228/2228 2214/2214/2214 2227/2227/2227
f 2214/2214/2214 2228/2228/2228 2203/2203/2203
f 2207/2207/2207 2219/2219/2219 2231/2231/2231
f 2229/2229/2229 2211/2211/2211 2177/2177/2177
f 2216/2216/2216 2232/2232/2232 2202/2202/2202
f 2226/2226/2226 2221/2221/2221 2178/2178/2178
f 2220/2220/2220 2227/2227/2227 2195/2195/2195
f 2207/2207/2207 2231/2231/2231 2205/2205/2205
f 2182/2182/2182 2191/2191/2191 2233/2233/2233
f 2222/2222/2222 2234/2234/2234 2199/2199/2199
f 2204/2204/2204 2205/2205/2205 2231/2231/2231
f 2201/2201/2201 2235/2235/2235 2200/2200/2200
f 2236/2236/2236 2201/2201/2201 2196/2196/2196
f 2237/2237/2237 2193/2193/2193 2210/2210/2210
f 2200/2200/2200 2235/2235/2235 2223/2223/2223
f 2212/2212/2212 2238/2238/2238 2197/2197/2197
f 2222/2222/2222 2197/2197/2197 2238/2238/2238
f 2230/2230/2230 2199/2199/2199 2234/2234/2234
f 2239/2239/2239 2204/2204/2204 2231/2231/2231
f 2210/2210/2210 2204/2204/2204 2240/2240/2240
f 2225/2225/2225 2236/2236/2236 2196/2196/2196
f 2201/2201/2201 2236/2236/2236 2235/2235/2235
f 2241/2241/2241 2217/2217/2217 2198/2198/2198
f 2230/2230/2230 2242/2242/2242 2220/2220/2220
f 2227/2227/2227 2220/2220/2220 2242/2242/2242
f 2230/2230/2230 2234/2234/2234 2242/2242/2242
f 2193/2193/2193 2243/2243/2243 2208/2208/2208
f 2215/2215/2215 2238/2238/2238 2212/2212/2212
f 2237/2237/2237 2210/2210/2210 2240/2240/2240
f 2208/2208/2208 2243/2243/2243 2229/2229/2229
f 2191/2191/2191 2223/2223/2223 2233/2233/2233
f 2227/2227/2227 2244/2244/2244 2228/2228/2228
f 2219/2219/2219 2228/2228/2228 2231/2231/2231
f 2193/2193/2193 2237/2237/2237 2243/2243/2243
f 2229/2229/2229 2245/2245/2245 2211/2211/2211
f 2232/2232/2232 2216/2216/2216 2246/2246/2246
f 2247/2247/2247 2218/2218/2218 2217/2217/2217
f 2248/2248/2248 2242/2242/2242 2234/2234/2234
f 2239/2239/2239 2240/2240/2240 2204/2204/2204
f 2247/2247/2247 2217/2217/2217 2249/2249/2249
f 2227/2227/2227 2242/2242/2242 2244/2244/2244
f 2248/2248/2248 2234/2234/2234 2250/2250/2250
f 2231/2231/2231 2228/2228/2228 2244/2244/2244
f 2213/2213/2213 2251/2251/2251 2225/2225/2225
f 2215/2215/2215 2252/2252/2252 2238/2238/2238
f 2239/2239/2239 2253/2253/2253 2240/2240/2240
f 2252/2252/2252 2215/2215/2215 2221/2221/2221
f 2254/2254/2254 2244/2244/2244 2242/2242/2242
f 2255/2255/2255 2235/2235/2235 2236/2236/2236
f 2244/2244/2244 2256/2256/2256 2231/2231/2231
f 2257/2257/2257 2216/2216/2216 2224/2224/2224
f 2225/2225/2225 2255/2255/2255 2236/2236/2236
f 2222/2222/2222 2250/2250/2250 2234/2234/2234
f 2237/2237/2237 2240/2240/2240 2253/2253/2253
f 2241/2241/2241 2249/2249/2249 2217/2217/2217
f 2241/2241/2241 2258/2258/2258 2249/2249/2249
f 2256/2256/2256 2239/2239/2239 2231/2231/2231
f 2259/2259/2259 2244/2244/2244 2254/2254/2254
f 2246/2246/2246 2260/2260/2260 2232/2232/2232
f 2261/2261/2261 2242/2242/2242 2248/2248/2248
f 2247/2247/2247 2249/2249/2249 2262/2262/2262
f 2242/2242/2242 2261/2261/2261 2254/2254/2254
f 2253/2253/2253 2239/2239/2239 2256/2256/2256
f 2255/2255/2255 2263/2263/2263 2235/2235/2235
f 2223/2223/2223 2235/2235/2235 2263/2263/2263
f 2222/2222/2222 2238/2238/2238 2250/2250/2250
f 2253/2253/2253 2264/2264/2264 2237/2237/2237
f 2221/2221/2221 2265/2265/2265 2252/2252/2252
f 2229/2229/2229 2243/2243/2243 2264/2264/2264
f 2264/2264/2264 2243/2243/2243 2237/2237/2237
f 2251/2251/2251 2213/2213/2213 2266/2266/2266
f 2250/2250/2250 2261/2261/2261 2248/2248/2248
f 2255/2255/2255 2225/2225/2225 2251/2251/2251
f 2262/2262/2262 2267/2267/2267 2247/2247/2247
f 2238/2238/2238 2252/2252/2252 2268/2268/2268
f 2254/2254/2254 2261/2261/2261 2269/2269/2269
f 2244/2244/2244 2259/2259/2259 2256/2256/2256
f 2264/2264/2264 2270/2270/2270 2229/2229/2229
f 2265/2265/2265 2221/2221/2221 2226/2226/2226
f 2246/2246/2246 2216/2216/2216 2257/2257/2257
f 2229/2229/2229 2270/2270/2270 2245/2245/2245
f 2268/2268/2268 2250/2250/2250 2238/2238/2238
f 2249/2249/2249 2258/2258/2258 2262/2262/2262
f 2271/2271/2271 2261/2261/2261 2250/2250/2250
f 2254/2254/2254 2269/2269/2269 2259/2259/2259
f 2272/2272/2272 2256/2256/2256 2259/2259/2259
f 2223/2223/2223 2273/2273/2273 2233/2233/2233
f 2263/2263/2263 2255/2255/2255 2251/2251/2251
f 2261/2261/2261 2271/2271/2271 2269/2269/2269
f 2269/2269/2269 2272/2272/2272 2259/2259/2259
f 2256/2256/2256 2272/2272/2272 2253/2253/2253
f 2262/2262/2262 2258/2258/2258 2274/2274/2274
f 2250/2250/2250 2275/2275/2275 2271/2271/2271
f 2276/2276/2276 2253/2253/2253 2272/2272/2272
f 2269/2269/2269 2277/2277/2277 2272/2272/2272
f 2269/2269/2269 2271/2271/2271 2277/2277/2277
f 2253/2253/2253 2276/2276/2276 2264/2264/2264
f 2268/2268/2268 2275/2275/2275 2250/2250/2250
f 2278/2278/2278 2252/2252/2252 2265/2265/2265
f 2252/2252/2252 2278/2278/2278 2268/2268/2268
f 2245/2245/2245 2270/2270/2270 2279/2279/2279
f 2246/2246/2246 2280/2280/2280 2260/2260/2260
f 2268/2268/2268 2278/2278/2278 2275/2275/2275
f 2281/2281/2281 2246/2246/2246 2257/2257/2257
f 2271/2271/2271 2282/2282/2282 2277/2277/2277
f 2280/2280/2280 2283/2283/2283 2260/2260/2260
f 2284/2284/2284 2285/2285/2285 2251/2251/2251
f 2286/2286/2286 2267/2267/2267 2262/2262/2262
f 2284/2284/2284 2251/2251/2251 2266/2266/2266
f 2263/2263/2263 2251/2251/2251 2285/2285/2285
f 2282/2282/2282 2271/2271/2271 2275/2275/2275
f 2287/2287/2287 2288/2288/2288 2266/2266/2266
f 2276/2276/2276 2272/2272/2272 2277/2277/2277
f 2264/2264/2264 2276/2276/2276 2289/2289/2289
f 2273/2273/2273 2223/2223/2223 2290/2290/2290
f 2223/2223/2223 2263/2263/2263 2290/2290/2290
f 2267/2267/2267 2286/2286/2286 2291/2291/2291
f 2279/2279/2279 2270/2270/2270 2264/2264/2264
f 2266/2266/2266 2288/2288/2288 2284/2284/2284
f 2275/2275/2275 2278/2278/2278 2292/2292/2292
f 2264/2264/2264 2293/2293/2293 2279/2279/2279
f 2262/2262/2262 2294/2294/2294 2286/2286/2286
f 2262/2262/2262 2274/2274/2274 2294/2294/2294
f 2275/2275/2275 2292/2292/2292 2282/2282/2282
f 2293/2293/2293 2264/2264/2264 2289/2289/2289
f 2282/2282/2282 2292/2292/2292 2295/2295/2295
f 2289/2289/2289 2276/2276/2276 2296/2296/2296
f 2288/2288/2288 2285/2285/2285 2284/2284/2284
f 2295/2295/2295 2297/2297/2297 2282/2282/2282
f 2277/2277/2277 2282/2282/2282 2297/2297/2297
f 2298/2298/2298 2276/2276/2276 2277/2277/2277
f 2285/2285/2285 2299/2299/2299 2263/2263/2263
f 2290/2290/2290 2263/2263/2263 2300/2300/2300
f 2298/2298/2298 2277/2277/2277 2297/2297/2297
f 2276/2276/2276 2298/2298/2298 2296/2296/2296
f 2289/2289/2289 2296/2296/2296 2293/2293/2293
f 2301/2301/2301 2291/2291/2291 2302/2302/2302
f 2303/2303/2303 2288/2288/2288 2287/2287/2287
f 2301/2301/2301 2302/2302/2302 2304/2304/2304
f 2280/2280/2280 2246/2246/2246 2281/2281/2281
f 2283/2283/2283 2280/2280/2280 2305/2305/2305
f 2300/2300/2300 2263/2263/2263 2299/2299/2299
f 2306/2306/2306 2291/2291/2291 2286/2286/2286
f 2288/2288/2288 2307/2307/2307 2285/2285/2285
f 2308/2308/2308 2283/2283/2283 2305/2305/2305
f 2302/2302/2302 2309/2309/2309 2304/2304/2304
f 2306/2306/2306 2286/2286/2286 2294/2294/2294
f 2280/2280/2280 2281/2281/2281 2310/2310/2310
f 2311/2311/2311 2312/2312/2312 2304/2304/2304
f 2311/2311/2311 2313/2313/2313 2312/2312/2312
f 2312/2312/2312 2313/2313/2313 2314/2314/2314
f 2303/2303/2303 2315/2315/2315 2288/2288/2288
f 2307/2307/2307 2288/2288/2288 2316/2316/2316
f 2307/2307/2307 2317/2317/2317 2285/2285/2285
f 2285/2285/2285 2317/2317/2317 2299/2299/2299
f 2306/2306/2306 2302/2302/2302 2291/2291/2291
f 2304/2304/2304 2309/2309/2309 2311/2311/2311
f 2314/2314/2314 2318/2318/2318 2303/2303/2303
f 2300/2300/2300 2299/2299/2299 2317/2317/2317
f 2316/2316/2316 2288/2288/2288 2315/2315/2315
f 2309/2309/2309 2302/2302/2302 2319/2319/2319
f 2320/2320/2320 2308/2308/2308 2305/2305/2305
f 2316/2316/2316 2321/2321/2321 2307/2307/2307
f 2315/2315/2315 2303/2303/2303 2318/2318/2318
f 2318/2318/2318 2316/2316/2316 2315/2315/2315
f 2322/2322/2322 2305/2305/2305 2280/2280/2280
f 2320/2320/2320 2323/2323/2323 2308/2308/2308
f 2306/2306/2306 2319/2319/2319 2302/2302/2302
f 2313/2313/2313 2318/2318/2318 2314/2314/2314
f 2310/2310/2310 2322/2322/2322 2280/2280/2280
f 2318/2318/2318 2324/2324/2324 2316/2316/2316
f 2316/2316/2316 2324/2324/2324 2321/2321/2321
f 2309/2309/2309 2319/2319/2319 2311/2311/2311
f 2318/2318/2318 2313/2313/2313 2325/2325/2325
f 2324/2324/2324 2318/2318/2318 2325/2325/2325
f 2317/2317/2317 2307/2307/2307 2321/2321/2321
f 2326/2326/2326 2311/2311/2311 2327/2327/2327
f 2326/2326/2326 2313/2313/2313 2311/2311/2311
f 2313/2313/2313 2326/2326/2326 2325/2325/2325
f 2323/2323/2323 2328/2328/2328 2327/2327/2327
f 2326/2326/2326 2327/2327/2327 2329/2329/2329
f 2326/2326/2326 2329/2329/2329 2325/2325/2325
f 2325/2325/2325 2329/2329/2329 2324/2324/2324
f 2327/2327/2327 2328/2328/2328 2329/2329/2329
f 2321/2321/2321 2330/2330/2330 2317/2317/2317
f 2331/2331/2331 2328/2328/2328 2323/2323/2323
f 2332/2332/2332 2329/2329/2329 2328/2328/2328
f 2320/2320/2320 2331/2331/2331 2323/2323/2323
f 2305/2305/2305 2333/2333/2333 2320/2320/2320
f 2321/2321/2321 2324/2324/2324 2334/2334/2334
f 2330/2330/2330 2321/2321/2321 2334/2334/2334
f 2320/2320/2320 2335/2335/2335 2331/2331/2331
f 2335/2335/2335 2320/2320/2320 2333/2333/2333
f 2334/2334/2334 2324/2324/2324 2329/2329/2329
f 2336/2336/2336 2334/2334/2334 2329/2329/2329
f 2336/2336/2336 2329/2329/2329 2332/2332/2332
f 2331/2331/2331 2337/2337/2337 2328/2328/2328
f 2332/2332/2332 2328/2328/2328 2337/2337/2337
f 1054/1054/1054 1049/1049/1049 1055/1055/1055
f 1196/1196/1196 1140/1140/1140 1165/1165/1165
f 1426/1426/1426 1371/1371/1371 1346/1346/1346
f 1426/1426/1426 1346/1346/1346 1362/1362/1362
f 1900/1900/1900 1870/1870/1870 1886/1886/1886
f 2146/2146/2146 2094/2094/2094 2091/2091/2091
f 2311/2311/2311 2319/2319/2319 2327/2327/2327
f 2333/2333/2333 2305/2305/2305 2322/2322/2322
f 2336/2336/2336 2332/2332/2332 2337/2337/2337
f 2338/2338/2338 2339/2339/2339 2340/2340/2340
f 2340/2340/2340 2341/2341/2341 2338/2338/2338
f 2339/2339/2339 2342/2342/2342 2343/2343/2343
f 2344/2344/2344 2343/2343/2343 2342/2342/2342
f 2342/2342/2342 2339/2339/2339 2345/2345/2345
f 2346/2346/2346 2344/2344/2344 2342/2342/2342
f 2341/2341/2341 2347/2347/2347 2338/2338/2338
f 2340/2340/2340 2348/2348/2348 2341/2341/2341
f 2344/2344/2344 2346/2346/2346 2349/2349/2349
f 2341/2341/2341 2348/2348/2348 2350/2350/2350
f 2341/2341/2341 2350/2350/2350 2347/2347/2347
f 2351/2351/2351 2344/2344/2344 2349/2349/2349
f 2350/2350/2350 2352/2352/2352 2347/2347/2347
f 2353/2353/2353 2350/2350/2350 2348/2348/2348
f 2352/2352/2352 2350/2350/2350 2354/2354/2354
f 2350/2350/2350 2353/2353/2353 2354/2354/2354
f 2349/2349/2349 2346/2346/2346 2355/2355/2355
f 2352/2352/2352 2354/2354/2354 2356/2356/2356
f 2357/2357/2357 2354/2354/2354 2353/2353/2353
f 2349/2349/2349 2358/2358/2358 2351/2351/2351
f 2354/2354/2354 2359/2359/2359 2356/2356/2356
f 2359/2359/2359 2354/2354/2354 2360/2360/2360
f 2349/2349/2349 2355/2355/2355 2358/2358/2358
f 2361/2361/2361 2359/2359/2359 2360/2360/2360
f 2362/2362/2362 2359/2359/2359 2361/2361/2361
f 2363/2363/2363 2358/2358/2358 2355/2355/2355
f 2355/2355/2355 2364/2364/2364 2363/2363/2363
f 2362/2362/2362 2361/2361/2361 2365/2365/2365
f 2362/2362/2362 2365/2365/2365 2366/2366/2366
f 2367/2367/2367 2366/2366/2366 2365/2365/2365
f 2343/2343/2343 2340/2340/2340 2339/2339/2339
f 2368/2368/2368 2369/2369/2369 2370/2370/2370
f 2371/2371/2371 2372/2372/2372 2373/2373/2373
f 2373/2373/2373 2369/2369/2369 2368/2368/2368
f 2371/2371/2371 2373/2373/2373 2368/2368/2368
f 2374/2374/2374 2375/2375/2375 2376/2376/2376
f 2377/2377/2377 2374/2374/2374 2376/2376/2376
f 2378/2378/2378 2374/2374/2374 2377/2377/2377
f 2378/2378/2378 2377/2377/2377 2379/2379/2379
f 2378/2378/2378 2379/2379/2379 2380/2380/2380
f 2381/2381/2381 2380/2380/2380 2379/2379/2379
f 2382/2382/2382 2380/2380/2380 2383/2383/2383
f 2380/2380/2380 2381/2381/2381 2383/2383/2383
f 2384/2384/2384 2382/2382/2382 2383/2383/2383
f 2384/2384/2384 2385/2385/2385 2382/2382/2382
f 2384/2384/2384 2386/2386/2386 2385/2385/2385
f 2386/2386/2386 2387/2387/2387 2385/2385/2385
f 2388/2388/2388 2387/2387/2387 2386/2386/2386
f 2389/2389/2389 2387/2387/2387 2388/2388/2388
f 2390/2390/2390 2387/2387/2387 2389/2389/2389
f 2391/2391/2391 2390/2390/2390 2389/2389/2389
f 2392/2392/2392 2390/2390/2390 2391/2391/2391
f 2393/2393/2393 2392/2392/2392 2391/2391/2391
f 2393/2393/2393 2391/2391/2391 2394/2394/2394
f 2395/2395/2395 2393/2393/2393 2394/2394/2394
f 2395/2395/2395 2394/2394/2394 2396/2396/2396
f 2395/2395/2395 2396/2396/2396 2397/2397/2397
f 2397/2397/2397 2396/2396/2396 2398/2398/2398
f 2397/2397/2397 2398/2398/2398 2399/2399/2399
f 2400/2400/2400 2399/2399/2399 2398/2398/2398
f 2400/2400/2400 2401/2401/2401 2399/2399/2399
f 2402/2402/2402 2401/2401/2401 2400/2400/2400
f 2403/2403/2403 2404/2404/2404 2405/2405/2405
f 2405/2405/2405 2404/2404/2404 2406/2406/2406
f 2407/2407/2407 2404/2404/2404 2403/2403/2403
f 2405/2405/2405 2406/2406/2406 2408/2408/2408
f 2409/2409/2409 2407/2407/2407 2403/2403/2403
f 2410/2410/2410 2407/2407/2407 2409/2409/2409
f 2410/2410/2410 2409/2409/2409 2411/2411/2411
f 2406/2406/2406 2412/2412/2412 2408/2408/2408
f 2408/2408/2408 2412/2412/2412 2413/2413/2413
f 2413/2413/2413 2412/2412/2412 2414/2414/2414
f 2415/2415/2415 2406/2406/2406 2404/2404/2404
f 2416/2416/2416 2404/2404/2404 2407/2407/2407
f 2410/2410/2410 2416/2416/2416 2407/2407/2407
f 2406/2406/2406 2417/2417/2417 2412/2412/2412
f 2418/2418/2418 2416/2416/2416 2410/2410/2410
f 2419/2419/2419 2406/2406/2406 2415/2415/2415
f 2419/2419/2419 2417/2417/2417 2406/2406/2406
f 2404/2404/2404 2420/2420/2420 2415/2415/2415
f 2420/2420/2420 2419/2419/2419 2415/2415/2415
f 2421/2421/2421 2404/2404/2404 2416/2416/2416
f 2412/2412/2412 2422/2422/2422 2414/2414/2414
f 2423/2423/2423 2424/2424/2424 2425/2425/2425
f 2426/2426/2426 2416/2416/2416 2418/2418/2418
f 2422/2422/2422 2412/2412/2412 2427/2427/2427
f 2417/2417/2417 2427/2427/2427 2412/2412/2412
f 2424/2424/2424 2423/2423/2423 2428/2428/2428
f 2428/2428/2428 2429/2429/2429 2424/2424/2424
f 2420/2420/2420 2430/2430/2430 2419/2419/2419
f 2419/2419/2419 2430/2430/2430 2417/2417/2417
f 2426/2426/2426 2421/2421/2421 2416/2416/2416
f 2431/2431/2431 2429/2429/2429 2428/2428/2428
f 2421/2421/2421 2420/2420/2420 2404/2404/2404
f 2430/2430/2430 2427/2427/2427 2417/2417/2417
f 2432/2432/2432 2429/2429/2429 2431/2431/2431
f 2433/2433/2433 2429/2429/2429 2432/2432/2432
f 2434/2434/2434 2420/2420/2420 2421/2421/2421
f 2430/2430/2430 2422/2422/2422 2427/2427/2427
f 2432/2432/2432 2435/2435/2435 2433/2433/2433
f 2426/2426/2426 2436/2436/2436 2421/2421/2421
f 2434/2434/2434 2430/2430/2430 2420/2420/2420
f 2437/2437/2437 2422/2422/2422 2430/2430/2430
f 2438/2438/2438 2435/2435/2435 2432/2432/2432
f 2434/2434/2434 2421/2421/2421 2439/2439/2439
f 2436/2436/2436 2439/2439/2439 2421/2421/2421
f 2438/2438/2438 2440/2440/2440 2435/2435/2435
f 2422/2422/2422 2437/2437/2437 2441/2441/2441
f 2442/2442/2442 2439/2439/2439 2436/2436/2436
f 2438/2438/2438 2442/2442/2442 2440/2440/2440
f 2438/2438/2438 2443/2443/2443 2442/2442/2442
f 2444/2444/2444 2439/2439/2439 2442/2442/2442
f 2437/2437/2437 2430/2430/2430 2445/2445/2445
f 2446/2446/2446 2434/2434/2434 2439/2439/2439
f 2443/2443/2443 2444/2444/2444 2442/2442/2442
f 2434/2434/2434 2447/2447/2447 2430/2430/2430
f 2439/2439/2439 2448/2448/2448 2446/2446/2446
f 2434/2434/2434 2449/2449/2449 2447/2447/2447
f 2447/2447/2447 2445/2445/2445 2430/2430/2430
f 2441/2441/2441 2437/2437/2437 2450/2450/2450
f 2451/2451/2451 2437/2437/2437 2445/2445/2445
f 2444/2444/2444 2448/2448/2448 2439/2439/2439
f 2451/2451/2451 2450/2450/2450 2437/2437/2437
f 2449/2449/2449 2434/2434/2434 2446/2446/2446
f 2448/2448/2448 2452/2452/2452 2446/2446/2446
f 2453/2453/2453 2448/2448/2448 2444/2444/2444
f 2446/2446/2446 2454/2454/2454 2449/2449/2449
f 2452/2452/2452 2454/2454/2454 2446/2446/2446
f 2444/2444/2444 2455/2455/2455 2453/2453/2453
f 2448/2448/2448 2453/2453/2453 2452/2452/2452
f 2450/2450/2450 2451/2451/2451 2456/2456/2456
f 2445/2445/2445 2456/2456/2456 2451/2451/2451
f 2457/2457/2457 2447/2447/2447 2449/2449/2449
f 2449/2449/2449 2454/2454/2454 2458/2458/2458
f 2452/2452/2452 2453/2453/2453 2459/2459/2459
f 2458/2458/2458 2457/2457/2457 2449/2449/2449
f 2445/2445/2445 2447/2447/2447 2460/2460/2460
f 2445/2445/2445 2461/2461/2461 2456/2456/2456
f 2462/2462/2462 2454/2454/2454 2452/2452/2452
f 2447/2447/2447 2457/2457/2457 2463/2463/2463
f 2461/2461/2461 2445/2445/2445 2460/2460/2460
f 2462/2462/2462 2452/2452/2452 2459/2459/2459
f 2464/2464/2464 2454/2454/2454 2462/2462/2462
f 2454/2454/2454 2464/2464/2464 2458/2458/2458
f 2463/2463/2463 2460/2460/2460 2447/2447/2447
f 2465/2465/2465 2459/2459/2459 2453/2453/2453
f 2463/2463/2463 2457/2457/2457 2466/2466/2466
f 2467/2467/2467 2465/2465/2465 2453/2453/2453
f 2453/2453/2453 2455/2455/2455 2467/2467/2467
f 2461/2461/2461 2468/2468/2468 2456/2456/2456
f 2466/2466/2466 2457/2457/2457 2458/2458/2458
f 2460/2460/2460 2463/2463/2463 2469/2469/2469
f 2459/2459/2459 2465/2465/2465 2462/2462/2462
f 2469/2469/2469 2461/2461/2461 2460/2460/2460
f 2468/2468/2468 2461/2461/2461 2470/2470/2470
f 2464/2464/2464 2466/2466/2466 2458/2458/2458
f 2455/2455/2455 2471/2471/2471 2467/2467/2467
f 2472/2472/2472 2464/2464/2464 2462/2462/2462
f 2465/2465/2465 2472/2472/2472 2462/2462/2462
f 2464/2464/2464 2472/2472/2472 2473/2473/2473
f 2461/2461/2461 2469/2469/2469 2470/2470/2470
f 2466/2466/2466 2464/2464/2464 2463/2463/2463
f 2468/2468/2468 2470/2470/2470 2474/2474/2474
f 2475/2475/2475 2467/2467/2467 2471/2471/2471
f 2472/2472/2472 2465/2465/2465 2476/2476/2476
f 2475/2475/2475 2465/2465/2465 2467/2467/2467
f 2477/2477/2477 2472/2472/2472 2476/2476/2476
f 2477/2477/2477 2473/2473/2473 2472/2472/2472
f 2473/2473/2473 2478/2478/2478 2464/2464/2464
f 2479/2479/2479 2469/2469/2469 2463/2463/2463
f 2475/2475/2475 2476/2476/2476 2465/2465/2465
f 2469/2469/2469 2479/2479/2479 2470/2470/2470
f 2480/2480/2480 2475/2475/2475 2471/2471/2471
f 2463/2463/2463 2464/2464/2464 2478/2478/2478
f 2477/2477/2477 2481/2481/2481 2473/2473/2473
f 2481/2481/2481 2478/2478/2478 2473/2473/2473
f 2470/2470/2470 2482/2482/2482 2474/2474/2474
f 2479/2479/2479 2482/2482/2482 2470/2470/2470
f 2478/2478/2478 2479/2479/2479 2463/2463/2463
f 2474/2474/2474 2482/2482/2482 2483/2483/2483
f 2484/2484/2484 2476/2476/2476 2475/2475/2475
f 2480/2480/2480 2484/2484/2484 2475/2475/2475
f 2476/2476/2476 2481/2481/2481 2477/2477/2477
f 2476/2476/2476 2484/2484/2484 2481/2481/2481
f 2483/2483/2483 2482/2482/2482 2485/2485/2485
f 2482/2482/2482 2479/2479/2479 2485/2485/2485
f 2486/2486/2486 2478/2478/2478 2481/2481/2481
f 2478/2478/2478 2486/2486/2486 2479/2479/2479
f 2484/2484/2484 2487/2487/2487 2481/2481/2481
f 2484/2484/2484 2480/2480/2480 2488/2488/2488
f 2485/2485/2485 2479/2479/2479 2486/2486/2486
f 2483/2483/2483 2485/2485/2485 2489/2489/2489
f 2488/2488/2488 2487/2487/2487 2484/2484/2484
f 2481/2481/2481 2487/2487/2487 2486/2486/2486
f 2486/2486/2486 2490/2490/2490 2485/2485/2485
f 2487/2487/2487 2488/2488/2488 2491/2491/2491
f 2486/2486/2486 2487/2487/2487 2492/2492/2492
f 2490/2490/2490 2493/2493/2493 2485/2485/2485
f 2486/2486/2486 2493/2493/2493 2490/2490/2490
f 2486/2486/2486 2492/2492/2492 2493/2493/2493
f 2485/2485/2485 2493/2493/2493 2489/2489/2489
f 2494/2403/2494 2495/2405/2495 2496/2494/2496
f 2495/2405/2495 2497/2495/2497 2496/2494/2496
f 2494/2403/2494 2496/2494/2496 2498/2496/2498
f 2499/2497/2499 2495/2405/2495 2500/2408/2500
f 2501/2498/2501 2494/2403/2494 2502/2499/2502
f 2503/2413/2503 2504/2500/2504 2500/2408/2500
f 2504/2500/2504 2499/2497/2499 2500/2408/2500
f 2494/2403/2494 2501/2498/2501 2505/2409/2505
f 2506/2411/2506 2505/2409/2505 2501/2498/2501
f 2502/2499/2502 2494/2403/2494 2498/2496/2498
f 2499/2497/2499 2507/2501/2507 2495/2405/2495
f 2497/2495/2497 2495/2405/2495 2507/2501/2507
f 2508/2502/2508 2501/2498/2501 2502/2499/2502
f 2498/2496/2498 2496/2494/2496 2497/2495/2497
f 2501/2498/2501 2509/2503/2509 2506/2411/2506
f 2507/2501/2507 2499/2497/2499 2504/2500/2504
f 2504/2500/2504 2503/2413/2503 2510/2414/2510
f 2507/2501/2507 2511/2504/2511 2497/2495/2497
f 2501/2498/2501 2508/2502/2508 2509/2503/2509
f 2507/2501/2507 2504/2500/2504 2511/2504/2511
f 2509/2503/2509 2508/2502/2508 2512/2505/2512
f 2512/2505/2512 2508/2502/2508 2513/2506/2513
f 2497/2495/2497 2514/2507/2514 2515/2508/2515
f 2498/2496/2498 2497/2495/2497 2515/2508/2515
f 2497/2495/2497 2511/2504/2511 2514/2507/2514
f 2502/2499/2502 2513/2506/2513 2508/2502/2508
f 2502/2499/2502 2498/2496/2498 2516/2509/2516
f 2516/2509/2516 2498/2496/2498 2515/2508/2515
f 2513/2506/2513 2502/2499/2502 2517/2510/2517
f 2518/2511/2518 2512/2505/2512 2513/2506/2513
f 2511/2504/2511 2519/2512/2519 2514/2507/2514
f 2520/2513/2520 2517/2510/2517 2502/2499/2502
f 2502/2499/2502 2516/2509/2516 2520/2513/2520
f 2518/2511/2518 2513/2506/2513 2517/2510/2517
f 2514/2507/2514 2521/2514/2521 2515/2508/2515
f 2518/2511/2518 2517/2510/2517 2522/2515/2522
f 2516/2509/2516 2515/2508/2515 2521/2514/2521
f 2522/2515/2522 2517/2510/2517 2520/2513/2520
f 2523/2516/2523 2518/2511/2518 2522/2515/2522
f 2514/2507/2514 2524/2517/2524 2521/2514/2521
f 2514/2507/2514 2519/2512/2519 2524/2517/2524
f 2520/2513/2520 2516/2509/2516 2525/2518/2525
f 2523/2516/2523 2522/2515/2522 2520/2513/2520
f 2526/2519/2526 2523/2516/2523 2520/2513/2520
f 2527/2520/2527 2523/2516/2523 2526/2519/2526
f 2516/2509/2516 2521/2514/2521 2528/2521/2528
f 2529/2522/2529 2516/2509/2516 2528/2521/2528
f 2530/2523/2530 2521/2514/2521 2524/2517/2524
f 2516/2509/2516 2529/2522/2529 2525/2518/2525
f 2525/2518/2525 2531/2524/2531 2520/2513/2520
f 2521/2514/2521 2532/2525/2532 2528/2521/2528
f 2532/2525/2532 2521/2514/2521 2530/2523/2530
f 2533/2526/2533 2534/2527/2534 2535/2528/2535
f 2526/2519/2526 2520/2513/2520 2531/2524/2531
f 2529/2522/2529 2528/2521/2528 2536/2529/2536
f 2531/2524/2531 2527/2520/2527 2526/2519/2526
f 2532/2525/2532 2537/2530/2537 2528/2521/2528
f 2525/2518/2525 2529/2522/2529 2531/2524/2531
f 2538/2531/2538 2533/2526/2533 2535/2528/2535
f 2528/2521/2528 2537/2530/2537 2536/2529/2536
f 2535/2528/2535 2531/2524/2531 2538/2531/2538
f 2529/2522/2529 2536/2529/2536 2531/2524/2531
f 2539/2532/2539 2532/2525/2532 2530/2523/2530
f 2539/2532/2539 2537/2530/2537 2532/2525/2532
f 2540/2533/2540 2533/2526/2533 2538/2531/2538
f 2531/2524/2531 2536/2529/2536 2541/2534/2541
f 2538/2531/2538 2542/2535/2542 2540/2533/2540
f 2539/2532/2539 2543/2536/2543 2537/2530/2537
f 2536/2529/2536 2537/2530/2537 2543/2536/2543
f 2544/2537/2544 2543/2536/2543 2539/2532/2539
f 2545/2538/2545 2538/2531/2538 2531/2524/2531
f 2545/2538/2545 2542/2535/2542 2538/2531/2538
f 2543/2536/2543 2544/2537/2544 2546/2539/2546
f 2544/2537/2544 2547/2540/2547 2546/2539/2546
f 2536/2529/2536 2543/2536/2543 2541/2534/2541
f 2531/2524/2531 2541/2534/2541 2548/2541/2548
f 2545/2538/2545 2531/2524/2531 2549/2542/2549
f 2542/2535/2542 2545/2538/2545 2550/2543/2550
f 2551/2544/2551 2549/2542/2549 2531/2524/2531
f 2543/2536/2543 2546/2539/2546 2541/2534/2541
f 2531/2524/2531 2548/2541/2548 2551/2544/2551
f 2541/2534/2541 2546/2539/2546 2552/2545/2552
f 2553/2546/2553 2550/2543/2550 2545/2538/2545
f 2553/2546/2553 2545/2538/2545 2549/2542/2549
f 2552/2545/2552 2546/2539/2546 2554/2547/2554
f 2555/2548/2555 2546/2539/2546 2547/2540/2547
f 2552/2545/2552 2548/2541/2548 2541/2534/2541
f 2554/2547/2554 2546/2539/2546 2556/2549/2556
f 2553/2546/2553 2549/2542/2549 2557/2550/2557
f 2555/2548/2555 2556/2549/2556 2546/2539/2546
f 2549/2542/2549 2551/2544/2551 2558/2551/2558
f 2548/2541/2548 2552/2545/2552 2554/2547/2554
f 2554/2547/2554 2556/2549/2556 2559/2552/2559
f 2559/2552/2559 2556/2549/2556 2555/2548/2555
f 2557/2550/2557 2549/2542/2549 2558/2551/2558
f 2559/2552/2559 2555/2548/2555 2560/2553/2560
f 2551/2544/2551 2548/2541/2548 2561/2554/2561
f 2561/2554/2561 2548/2541/2548 2562/2555/2562
f 2548/2541/2548 2554/2547/2554 2562/2555/2562
f 2561/2554/2561 2563/2556/2563 2551/2544/2551
f 2563/2556/2563 2561/2554/2561 2562/2555/2562
f 2564/2557/2564 2557/2550/2557 2558/2551/2558
f 2564/2557/2564 2558/2551/2558 2565/2558/2565
f 2566/2559/2566 2558/2551/2558 2551/2544/2551
f 2567/2560/2567 2565/2558/2565 2558/2551/2558
f 2567/2560/2567 2558/2551/2558 2566/2559/2566
f 2551/2544/2551 2563/2556/2563 2566/2559/2566
f 2565/2558/2565 2568/2561/2568 2564/2557/2564
f 2569/2562/2569 2570/2553/2570 2571/2563/2571
f 2572/2547/2572 2573/2552/2573 2570/2553/2570
f 2574/2564/2574 2570/2553/2570 2569/2562/2569
f 2575/2556/2575 2576/2555/2576 2577/2565/2577
f 2576/2555/2576 2572/2547/2572 2577/2565/2577
f 2572/2547/2572 2570/2553/2570 2578/2566/2578
f 2575/2556/2575 2577/2565/2577 2579/2567/2579
f 2580/2560/2580 2581/2559/2581 2582/2568/2582
f 2577/2565/2577 2572/2547/2572 2578/2566/2578
f 2583/2569/2583 2570/2553/2570 2574/2564/2574
f 2575/2556/2575 2579/2567/2579 2581/2559/2581
f 2584/2558/2584 2580/2560/2580 2582/2568/2582
f 2584/2558/2584 2585/2570/2585 2586/2561/2586
f 2582/2568/2582 2585/2570/2585 2584/2558/2584
f 2578/2566/2578 2570/2553/2570 2583/2569/2583
f 2582/2568/2582 2581/2559/2581 2587/2571/2587
f 2577/2565/2577 2578/2566/2578 2588/2572/2588
f 2587/2571/2587 2585/2570/2585 2582/2568/2582
f 2577/2565/2577 2589/2573/2589 2579/2567/2579
f 2581/2559/2581 2579/2567/2579 2590/2574/2590
f 2587/2571/2587 2581/2559/2581 2590/2574/2590
f 2577/2565/2577 2588/2572/2588 2589/2573/2589
f 2586/2561/2586 2585/2570/2585 2591/2575/2591
f 2592/2576/2592 2588/2572/2588 2578/2566/2578
f 2583/2569/2583 2592/2576/2592 2578/2566/2578
f 2593/2577/2593 2592/2576/2592 2583/2569/2583
f 2591/2575/2591 2585/2570/2585 2594/2578/2594
f 2587/2571/2587 2594/2578/2594 2585/2570/2585
f 2590/2574/2590 2595/2579/2595 2587/2571/2587
f 2579/2567/2579 2589/2573/2589 2596/2580/2596
f 2579/2567/2579 2596/2580/2596 2590/2574/2590
f 2588/2572/2588 2592/2576/2592 2597/2581/2597
f 2591/2575/2591 2594/2578/2594 2598/2582/2598
f 2595/2579/2595 2590/2574/2590 2599/2583/2599
f 2592/2576/2592 2593/2577/2593 2597/2581/2597
f 2600/2584/2600 2589/2573/2589 2588/2572/2588
f 2601/2585/2601 2587/2571/2587 2595/2579/2595
f 2598/2582/2598 2594/2578/2594 2602/2586/2602
f 2590/2574/2590 2596/2580/2596 2599/2583/2599
f 2594/2578/2594 2587/2571/2587 2601/2585/2601
f 2588/2572/2588 2597/2581/2597 2600/2584/2600
f 2594/2578/2594 2601/2585/2601 2603/2587/2603
f 2604/2588/2604 2597/2581/2597 2593/2577/2593
f 2605/2589/2605 2596/2580/2596 2589/2573/2589
f 2599/2583/2599 2606/2590/2606 2595/2579/2595
f 2594/2578/2594 2603/2587/2603 2602/2586/2602
f 2606/2590/2606 2601/2585/2601 2595/2579/2595
f 2606/2590/2606 2607/2591/2607 2601/2585/2601
f 2589/2573/2589 2600/2584/2600 2608/2592/2608
f 2607/2591/2607 2603/2587/2603 2601/2585/2601
f 2599/2583/2599 2605/2589/2605 2606/2590/2606
f 2609/2593/2609 2600/2584/2600 2597/2581/2597
f 2605/2589/2605 2589/2573/2589 2608/2592/2608
f 2605/2589/2605 2599/2583/2599 2596/2580/2596
f 2597/2581/2597 2604/2588/2604 2610/2594/2610
f 2602/2586/2602 2603/2587/2603 2611/2595/2611
f 2600/2584/2600 2612/2596/2612 2608/2592/2608
f 2597/2581/2597 2610/2594/2610 2609/2593/2609
f 2609/2593/2609 2612/2596/2612 2600/2584/2600
f 2613/2597/2613 2611/2595/2611 2603/2587/2603
f 2613/2597/2613 2603/2587/2603 2607/2591/2607
f 2610/2594/2610 2604/2588/2604 2614/2598/2614
f 2608/2592/2608 2615/2599/2615 2605/2589/2605
f 2616/2600/2616 2609/2593/2609 2610/2594/2610
f 2606/2590/2606 2605/2589/2605 2617/2601/2617
f 2613/2597/2613 2607/2591/2607 2618/2602/2618
f 2609/2593/2609 2616/2600/2616 2612/2596/2612
f 2606/2590/2606 2617/2601/2617 2607/2591/2607
f 2610/2594/2610 2614/2598/2614 2616/2600/2616
f 2614/2598/2614 2619/2603/2619 2616/2600/2616
f 2605/2589/2605 2615/2599/2615 2620/2604/2620
f 2611/2595/2611 2613/2597/2613 2621/2605/2621
f 2607/2591/2607 2617/2601/2617 2618/2602/2618
f 2605/2589/2605 2620/2604/2620 2617/2601/2617
f 2612/2596/2612 2616/2600/2616 2622/2606/2622
f 2615/2599/2615 2608/2592/2608 2620/2604/2620
f 2620/2604/2620 2608/2592/2608 2623/2607/2623
f 2621/2605/2621 2613/2597/2613 2618/2602/2618
f 2612/2596/2612 2622/2606/2622 2624/2608/2624
f 2616/2600/2616 2619/2603/2619 2622/2606/2622
f 2612/2596/2612 2624/2608/2624 2608/2592/2608
f 2618/2602/2618 2625/2609/2625 2621/2605/2621
f 2617/2601/2617 2620/2604/2620 2626/2610/2626
f 2618/2602/2618 2617/2601/2617 2626/2610/2626
f 2624/2608/2624 2623/2607/2623 2608/2592/2608
f 2627/2611/2627 2622/2606/2622 2619/2603/2619
f 2618/2602/2618 2628/2612/2628 2625/2609/2625
f 2629/2613/2629 2626/2610/2626 2620/2604/2620
f 2618/2602/2618 2626/2610/2626 2628/2612/2628
f 2620/2604/2620 2623/2607/2623 2629/2613/2629
f 2624/2608/2624 2622/2606/2622 2623/2607/2623
f 2623/2607/2623 2630/2614/2630 2629/2613/2629
f 2631/2615/2631 2625/2609/2625 2628/2612/2628
f 2622/2606/2622 2627/2611/2627 2632/2616/2632
f 2626/2610/2626 2629/2613/2629 2630/2614/2630
f 2632/2616/2632 2627/2611/2627 2633/2617/2633
f 2628/2612/2628 2626/2610/2626 2634/2618/2634
f 2634/2618/2634 2631/2615/2631 2628/2612/2628
f 2622/2606/2622 2635/2619/2635 2623/2607/2623
f 2634/2618/2634 2626/2610/2626 2630/2614/2630
f 2636/2620/2636 2630/2614/2630 2623/2607/2623
f 2622/2606/2622 2637/2621/2637 2635/2619/2635
f 2622/2606/2622 2632/2616/2632 2637/2621/2637
f 2632/2616/2632 2633/2617/2633 2638/2622/2638
f 2623/2607/2623 2635/2619/2635 2636/2620/2636
f 2631/2615/2631 2634/2618/2634 2639/2623/2639
f 2638/2622/2638 2637/2621/2637 2632/2616/2632
f 2630/2614/2630 2636/2620/2636 2640/2624/2640
f 2630/2614/2630 2640/2624/2640 2641/2625/2641
f 2642/2626/2642 2637/2621/2637 2638/2622/2638
f 2637/2621/2637 2643/2627/2643 2635/2619/2635
f 2643/2627/2643 2637/2621/2637 2642/2626/2642
f 2644/2628/2644 2636/2620/2636 2635/2619/2635
f 2638/2622/2638 2645/2629/2645 2642/2626/2642
f 2635/2619/2635 2643/2627/2643 2644/2628/2644
f 2640/2624/2640 2636/2620/2636 2641/2625/2641
f 2630/2614/2630 2641/2625/2641 2634/2618/2634
f 2634/2618/2634 2646/2630/2646 2639/2623/2639
f 2641/2625/2641 2636/2620/2636 2644/2628/2644
f 2643/2627/2643 2647/2631/2647 2644/2628/2644
f 2643/2627/2643 2642/2626/2642 2647/2631/2647
f 2644/2628/2644 2648/2632/2648 2641/2625/2641
f 2646/2630/2646 2634/2618/2634 2649/2633/2649
f 2644/2628/2644 2647/2631/2647 2650/2634/2650
f 2645/2629/2645 2651/2635/2651 2642/2626/2642
f 2642/2626/2642 2651/2635/2651 2647/2631/2647
f 2040/2636/2040 2651/2635/2651 2645/2629/2645
f 2649/2633/2649 2652/2637/2652 2646/2630/2646
f 2649/2633/2649 2634/2618/2634 2653/2638/2653
f 2634/2618/2634 2641/2625/2641 2654/2639/2654
f 2641/2625/2641 2648/2632/2648 2654/2639/2654
f 2650/2634/2650 2648/2632/2648 2644/2628/2644
f 2652/2637/2652 2655/2640/2655 2646/2630/2646
f 2651/2635/2651 2040/2636/2040 2647/2631/2647
f 2649/2633/2649 2653/2638/2653 2652/2637/2652
f 2634/2618/2634 2656/2641/2656 2653/2638/2653
f 2657/2642/2657 2650/2634/2650 2647/2631/2647
f 2655/2640/2655 2652/2637/2652 2658/2643/2658
f 2659/2644/2659 2648/2632/2648 2650/2634/2650
f 2653/2638/2653 2658/2643/2658 2652/2637/2652
f 2647/2631/2647 2040/2636/2040 2657/2642/2657
f 2634/2618/2634 2654/2639/2654 2656/2641/2656
f 2658/2643/2658 2653/2638/2653 2656/2641/2656
f 2648/2632/2648 2659/2644/2659 2654/2639/2654
f 2657/2642/2657 2040/2636/2040 2660/2645/2660
f 2659/2644/2659 2650/2634/2650 2657/2642/2657
f 2661/2646/2661 2655/2640/2655 2658/2643/2658
f 2658/2643/2658 2662/2647/2662 2661/2646/2661
f 2658/2643/2658 2663/2648/2663 2662/2647/2662
f 2659/2644/2659 2657/2642/2657 2664/2649/2664
f 2658/2643/2658 2656/2641/2656 2663/2648/2663
f 2040/2636/2040 2133/2650/2133 2660/2645/2660
f 2665/2651/2665 2656/2641/2656 2654/2639/2654
f 2654/2639/2654 2659/2644/2659 2664/2649/2664
f 2656/2641/2656 2666/2652/2666 2663/2648/2663
f 2660/2645/2660 2667/2653/2667 2657/2642/2657
f 2654/2639/2654 2668/2654/2668 2665/2651/2665
f 2657/2642/2657 2667/2653/2667 2664/2649/2664
f 2654/2639/2654 2664/2649/2664 2669/2655/2669
f 2662/2647/2662 2663/2648/2663 2670/2656/2670
f 2663/2648/2663 2666/2652/2666 2670/2656/2670
f 2668/2654/2668 2654/2639/2654 2669/2655/2669
f 2666/2652/2666 2656/2641/2656 2665/2651/2665
f 2661/2646/2661 2662/2647/2662 2671/2657/2671
f 2660/2645/2660 2182/2658/2182 2672/2659/2672
f 2660/2645/2660 2133/2650/2133 2182/2658/2182
f 2667/2653/2667 2660/2645/2660 2672/2659/2672
f 2673/2660/2673 2671/2657/2671 2662/2647/2662
f 2670/2656/2670 2673/2660/2673 2662/2647/2662
f 2666/2652/2666 2665/2651/2665 2674/2661/2674
f 2667/2653/2667 2675/2662/2675 2664/2649/2664
f 2669/2655/2669 2664/2649/2664 2675/2662/2675
f 2665/2651/2665 2668/2654/2668 2676/2663/2676
f 2671/2657/2671 2673/2660/2673 2677/2664/2677
f 2670/2656/2670 2666/2652/2666 2674/2661/2674
f 2668/2654/2668 2669/2655/2669 2678/2665/2678
f 2676/2663/2676 2668/2654/2668 2678/2665/2678
f 2674/2661/2674 2665/2651/2665 2676/2663/2676
f 2667/2653/2667 2672/2659/2672 2679/2666/2679
f 2680/2667/2680 2672/2659/2672 2182/2658/2182
f 2675/2662/2675 2667/2653/2667 2679/2666/2679
f 2675/2662/2675 2681/2668/2681 2669/2655/2669
f 2682/2669/2682 2677/2664/2677 2673/2660/2673
f 2182/2658/2182 2233/2670/2233 2680/2667/2680
f 2679/2666/2679 2672/2659/2672 2680/2667/2680
f 2681/2668/2681 2678/2665/2678 2669/2655/2669
f 2677/2664/2677 2682/2669/2682 2683/2671/2683
f 2684/2672/2684 2685/2673/2685 2686/2674/2686
f 2687/2675/2687 2688/2676/2688 2689/2677/2689
f 2685/2673/2685 2690/2678/2690 2691/2679/2691
f 2687/2675/2687 2692/2680/2692 2688/2676/2688
f 2691/2679/2691 2690/2678/2690 2693/2681/2693
f 2694/2682/2694 2691/2679/2691 2693/2681/2693
f 2695/2683/2695 2692/2680/2692 2696/2684/2696
f 2694/2682/2694 2693/2681/2693 2697/2685/2697
f 2698/2686/2698 2695/2683/2695 2696/2684/2696
f 2694/2682/2694 2697/2685/2697 2699/2687/2699
f 2700/2688/2700 2695/2683/2695 2698/2686/2698
f 2699/2687/2699 2697/2685/2697 2700/2688/2700
f 2700/2688/2700 2701/2689/2701 2699/2687/2699
f 2698/2686/2698 2701/2689/2701 2700/2688/2700
f 2701/2689/2701 2702/2690/2702 2699/2687/2699
f 2698/2686/2698 2703/2691/2703 2701/2689/2701
f 2702/2690/2702 2701/2689/2701 2704/2692/2704
f 2701/2689/2701 2703/2691/2703 2704/2692/2704
f 2705/2693/2705 2702/2690/2702 2704/2692/2704
f 2704/2692/2704 2703/2691/2703 2706/2694/2706
f 2707/2695/2707 2704/2692/2704 2706/2694/2706
f 2705/2693/2705 2704/2692/2704 2708/2696/2708
f 2707/2695/2707 2706/2694/2706 2709/2697/2709
f 2705/2693/2705 2708/2696/2708 2710/2698/2710
f 2709/2697/2709 2711/2699/2711 2707/2695/2707
f 2709/2697/2709 2712/2700/2712 2711/2699/2711
f 2713/2701/2713 2711/2699/2711 2712/2700/2712
f 2713/2701/2713 2712/2700/2712 2714/2702/2714
f 2713/2701/2713 2714/2702/2714 2715/2703/2715
f 2715/2703/2715 2714/2702/2714 2716/2704/2716
f 2717/2705/2717 2715/2703/2715 2716/2704/2716
f 2716/2704/2716 2718/2706/2718 2717/2705/2717
f 2717/2705/2717 2718/2706/2718 2719/2707/2719
f 2720/2708/2720 2719/2707/2719 2718/2706/2718
f 2720/2708/2720 2721/2709/2721 2719/2707/2719
f 2720/2708/2720 2722/2710/2722 2721/2709/2721
f 2720/2708/2720 2723/2711/2723 2722/2710/2722
f 2722/2710/2722 2724/2712/2724 2721/2709/2721
f 2723/2711/2723 2725/2713/2725 2722/2710/2722
f 2724/2712/2724 2722/2710/2722 2725/2713/2725
f 2724/2712/2724 2725/2713/2725 2726/2714/2726
f 2726/2714/2726 2725/2713/2725 2727/2715/2727
f 2726/2714/2726 2727/2715/2727 2728/2716/2728
f 2726/2714/2726 2728/2716/2728 2729/2717/2729
f 2729/2717/2729 2728/2716/2728 2730/2718/2730
f 2731/2719/2731 2729/2717/2729 2730/2718/2730
f 2732/2720/2732 2731/2719/2731 2730/2718/2730
f 2731/2719/2731 2732/2720/2732 2733/2721/2733
f 2730/2718/2730 2734/2722/2734 2732/2720/2732
f 2690/2678/2690 2685/2673/2685 2684/2672/2684
f 2696/2684/2696 2692/2680/2692 2687/2675/2687
f 2735/2723/2735 2710/2698/2710 2708/2696/2708
f 2736/2724/2736 2737/2725/2737 2738/2726/2738
f 2738/2726/2738 2739/2727/2739 2736/2724/2736
f 2736/2724/2736 2739/2727/2739 2740/2728/2740
f 2741/2729/2741 2740/2728/2740 2739/2727/2739
f 2742/2730/2742 2741/2729/2741 2739/2727/2739
f 2741/2729/2741 2742/2730/2742 2743/2731/2743
f 2744/2732/2744 2743/2731/2743 2742/2730/2742
f 2745/2733/2745 2746/2734/2746 2743/2731/2743
f 2745/2733/2745 2743/2731/2743 2744/2732/2744
f 2747/2735/2747 2746/2734/2746 2745/2733/2745
f 2748/2736/2748 2747/2735/2747 2745/2733/2745
f 2748/2736/2748 2749/2737/2749 2747/2735/2747
f 2747/2735/2747 2749/2737/2749 2750/2738/2750
f 2751/2739/2751 2750/2738/2750 2749/2737/2749
f 2749/2737/2749 2752/2740/2752 2751/2739/2751
f 2752/2740/2752 2753/2741/2753 2751/2739/2751
f 2754/2742/2754 2753/2741/2753 2752/2740/2752
f 2754/2742/2754 2755/2743/2755 2753/2741/2753
f 2756/2744/2756 2755/2743/2755 2754/2742/2754
f 2755/2743/2755 2756/2744/2756 2757/2745/2757
f 2757/2745/2757 2756/2744/2756 2758/2746/2758
f 2759/2747/2759 2758/2746/2758 2756/2744/2756
f 2760/2748/2760 2758/2746/2758 2759/2747/2759
f 2760/2748/2760 2759/2747/2759 2761/2749/2761
f 2762/2750/2762 2760/2748/2760 2761/2749/2761
f 2762/2750/2762 2763/2751/2763 2760/2748/2760
f 2763/2751/2763 2762/2750/2762 2764/2752/2764
f 2763/2751/2763 2764/2752/2764 2765/2753/2765
f 2766/2754/2766 2765/2753/2765 2764/2752/2764
f 2766/2754/2766 2767/2755/2767 2765/2753/2765
f 2765/2753/2765 2767/2755/2767 2768/2756/2768
f 2768/2756/2768 2769/2757/2769 2770/2758/2770
f 2771/2720/2771 2772/2722/2772 2773/2759/2773
f 2774/2760/2774 2775/2761/2775 2776/2762/2776
f 2769/2757/2769 2768/2756/2768 2767/2755/2767
f 2769/2757/2769 2776/2762/2776 2770/2758/2770
f 2777/2721/2777 2771/2720/2771 2773/2759/2773
f 2773/2759/2773 2772/2722/2772 2778/2763/2778
f 2778/2763/2778 2774/2760/2774 2773/2759/2773
f 2775/2761/2775 2774/2760/2774 2778/2763/2778
f 2776/2762/2776 2769/2757/2769 2774/2760/2774
f 2773/2759/2773 2774/2760/2774 2777/2721/2777
f 2779/2764/2779 2780/2765/2780 2781/2766/2781
f 2782/2767/2782 2783/2768/2783 2781/2766/2781
f 2781/2766/2781 2783/2768/2783 2779/2764/2779
f 2784/2769/2784 2780/2765/2780 2785/2770/2785
f 2780/2765/2780 2779/2764/2779 2785/2770/2785
f 2784/2769/2784 2785/2770/2785 2786/2771/2786
f 2787/2772/2787 2784/2769/2784 2786/2771/2786
f 2788/2773/2788 2779/2764/2779 2783/2768/2783
f 2789/2774/2789 2790/2775/2790 2787/2772/2787
f 2788/2773/2788 2791/2776/2791 2779/2764/2779
f 2787/2772/2787 2792/2777/2792 2789/2774/2789
f 2793/2778/2793 2787/2772/2787 2786/2771/2786
f 2791/2776/2791 2794/2779/2794 2779/2764/2779
f 2779/2764/2779 2794/2779/2794 2785/2770/2785
f 2795/2780/2795 2786/2771/2786 2785/2770/2785
f 2793/2778/2793 2796/2781/2796 2787/2772/2787
f 2790/2775/2790 2789/2774/2789 2797/2782/2797
f 2787/2772/2787 2796/2781/2796 2792/2777/2792
f 2785/2770/2785 2794/2779/2794 2795/2780/2795
f 2798/2783/2798 2799/2784/2799 2791/2776/2791
f 2788/2773/2788 2798/2783/2798 2791/2776/2791
f 2792/2777/2792 2800/2785/2800 2789/2774/2789
f 2791/2776/2791 2795/2780/2795 2794/2779/2794
f 2786/2771/2786 2801/2786/2801 2793/2778/2793
f 2791/2776/2791 2802/2787/2802 2795/2780/2795
f 2798/2783/2798 2803/2788/2803 2799/2784/2799
f 2801/2786/2801 2786/2771/2786 2795/2780/2795
f 2800/2785/2800 2804/2789/2804 2789/2774/2789
f 2796/2781/2796 2800/2785/2800 2792/2777/2792
f 2800/2785/2800 2796/2781/2796 2805/2790/2805
f 2789/2774/2789 2804/2789/2804 2797/2782/2797
f 2795/2780/2795 2802/2787/2802 2801/2786/2801
f 2801/2786/2801 2806/2791/2806 2793/2778/2793
f 2796/2781/2796 2793/2778/2793 2805/2790/2805
f 2791/2776/2791 2807/2792/2807 2802/2787/2802
f 2793/2778/2793 2806/2791/2806 2808/2793/2808
f 2803/2788/2803 2809/2794/2809 2799/2784/2799
f 2800/2785/2800 2805/2790/2805 2804/2789/2804
f 2802/2787/2802 2810/2795/2810 2801/2786/2801
f 2804/2789/2804 2811/2796/2811 2797/2782/2797
f 2805/2790/2805 2793/2778/2793 2808/2793/2808
f 2810/2795/2810 2802/2787/2802 2807/2792/2807
f 2806/2791/2806 2801/2786/2801 2812/2797/2812
f 2803/2788/2803 2813/2798/2813 2809/2794/2809
f 2804/2789/2804 2805/2790/2805 2814/2799/2814
f 2801/2786/2801 2810/2795/2810 2812/2797/2812
f 2815/2800/2815 2810/2795/2810 2807/2792/2807
f 2804/2789/2804 2816/2801/2816 2811/2796/2811
f 2808/2793/2808 2817/2802/2817 2805/2790/2805
f 2805/2790/2805 2817/2802/2817 2814/2799/2814
f 2813/2798/2813 2818/2803/2818 2809/2794/2809
f 2819/2804/2819 2811/2796/2811 2816/2801/2816
f 2804/2789/2804 2814/2799/2814 2816/2801/2816
f 2808/2793/2808 2806/2791/2806 2817/2802/2817
f 2812/2797/2812 2820/2805/2820 2806/2791/2806
f 2814/2799/2814 2817/2802/2817 2821/2806/2821
f 2813/2798/2813 2822/2807/2822 2818/2803/2818
f 2817/2802/2817 2806/2791/2806 2820/2805/2820
f 2814/2799/2814 2823/2808/2823 2816/2801/2816
f 2810/2795/2810 2824/2809/2824 2812/2797/2812
f 2810/2795/2810 2815/2800/2815 2824/2809/2824
f 2815/2800/2815 2825/2810/2825 2824/2809/2824
f 2814/2799/2814 2821/2806/2821 2823/2808/2823
f 2819/2804/2819 2816/2801/2816 2823/2808/2823
f 2824/2809/2824 2826/2811/2826 2812/2797/2812
f 2827/2812/2827 2819/2804/2819 2823/2808/2823
f 2822/2807/2822 2828/2813/2828 2818/2803/2818
f 2812/2797/2812 2826/2811/2826 2820/2805/2820
f 2829/2814/2829 2817/2802/2817 2820/2805/2820
f 2828/2813/2828 2822/2807/2822 2830/2815/2830
f 2817/2802/2817 2829/2814/2829 2821/2806/2821
f 2826/2811/2826 2831/2816/2831 2820/2805/2820
f 2820/2805/2820 2831/2816/2831 2829/2814/2829
f 2823/2808/2823 2821/2806/2821 2832/2817/2832
f 2828/2813/2828 2830/2815/2830 2833/2818/2833
f 2821/2806/2821 2829/2814/2829 2834/2819/2834
f 2832/2817/2832 2827/2812/2827 2823/2808/2823
f 2824/2809/2824 2825/2810/2825 2835/2820/2835
f 2824/2809/2824 2835/2820/2835 2836/2821/2836
f 2824/2809/2824 2836/2821/2836 2826/2811/2826
f 2829/2814/2829 2837/2822/2837 2834/2819/2834
f 2832/2817/2832 2838/2823/2838 2827/2812/2827
f 2839/2824/2839 2833/2818/2833 2830/2815/2830
f 2832/2817/2832 2821/2806/2821 2834/2819/2834
f 2831/2816/2831 2840/2825/2840 2829/2814/2829
f 2832/2817/2832 2834/2819/2834 2841/2826/2841
f 2841/2826/2841 2838/2823/2838 2832/2817/2832
f 2831/2816/2831 2826/2811/2826 2842/2827/2842
f 2826/2811/2826 2836/2821/2836 2842/2827/2842
f 2840/2825/2840 2837/2822/2837 2829/2814/2829
f 2836/2821/2836 2835/2820/2835 2843/2828/2843
f 2834/2819/2834 2837/2822/2837 2844/2829/2844
f 2833/2818/2833 2839/2824/2839 2845/2830/2845
f 2836/2821/2836 2843/2828/2843 2846/2831/2846
f 2846/2831/2846 2842/2827/2842 2836/2821/2836
f 2847/2832/2847 2838/2823/2838 2841/2826/2841
f 2844/2829/2844 2841/2826/2841 2834/2819/2834
f 2831/2816/2831 2842/2827/2842 2848/2833/2848
f 2848/2833/2848 2840/2825/2840 2831/2816/2831
f 2840/2825/2840 2848/2833/2848 2837/2822/2837
f 2842/2827/2842 2846/2831/2846 2849/2834/2849
f 2837/2822/2837 2848/2833/2848 2844/2829/2844
f 2839/2824/2839 2850/2835/2850 2845/2830/2845
f 2845/2830/2845 2850/2835/2850 2851/2836/2851
f 2846/2831/2846 2843/2828/2843 2849/2834/2849
f 2844/2829/2844 2852/2837/2852 2841/2826/2841
f 2844/2829/2844 2848/2833/2848 2852/2837/2852
f 2842/2827/2842 2853/2838/2853 2848/2833/2848
f 2853/2838/2853 2842/2827/2842 2849/2834/2849
f 2849/2834/2849 2843/2828/2843 2854/2839/2854
f 2848/2833/2848 2853/2838/2853 2855/2840/2855
f 2856/2841/2856 2847/2832/2847 2841/2826/2841
f 2857/2842/2857 2851/2836/2851 2850/2835/2850
f 2855/2840/2855 2858/2843/2858 2848/2833/2848
f 2849/2834/2849 2859/2844/2859 2853/2838/2853
f 2841/2826/2841 2852/2837/2852 2856/2841/2856
f 2859/2844/2859 2855/2840/2855 2853/2838/2853
f 2849/2834/2849 2854/2839/2854 2859/2844/2859
f 2860/2845/2860 2855/2840/2855 2859/2844/2859
f 2848/2833/2848 2861/2846/2861 2852/2837/2852
f 2858/2843/2858 2861/2846/2861 2848/2833/2848
f 2855/2840/2855 2860/2845/2860 2858/2843/2858
f 2859/2844/2859 2854/2839/2854 2862/2847/2862
f 2859/2844/2859 2862/2847/2862 2860/2845/2860
f 2863/2848/2863 2856/2841/2856 2852/2837/2852
f 2861/2846/2861 2864/2849/2864 2852/2837/2852
f 2854/2839/2854 2865/2850/2865 2862/2847/2862
f 2858/2843/2858 2866/2851/2866 2861/2846/2861
f 2862/2847/2862 2867/2852/2867 2860/2845/2860
f 2861/2846/2861 2866/2851/2866 2864/2849/2864
f 2868/2853/2868 2856/2841/2856 2863/2848/2863
f 2864/2849/2864 2863/2848/2863 2852/2837/2852
f 2860/2845/2860 2867/2852/2867 2858/2843/2858
f 2865/2850/2865 2869/2854/2869 2862/2847/2862
f 2862/2847/2862 2869/2854/2869 2867/2852/2867
f 2866/2851/2866 2870/2855/2870 2864/2849/2864
f 2867/2852/2867 2871/2856/2871 2858/2843/2858
f 2864/2849/2864 2870/2855/2870 2863/2848/2863
f 2866/2851/2866 2872/2857/2872 2870/2855/2870
f 2863/2848/2863 2873/2858/2873 2868/2853/2868
f 2866/2851/2866 2858/2843/2858 2872/2857/2872
f 2870/2855/2870 2874/2859/2874 2863/2848/2863
f 2865/2850/2865 2875/2860/2875 2869/2854/2869
f 2871/2856/2871 2876/2861/2876 2858/2843/2858
f 2863/2848/2863 2874/2859/2874 2873/2858/2873
f 2858/2843/2858 2876/2861/2876 2872/2857/2872
f 2867/2852/2867 2869/2854/2869 2871/2856/2871
f 2869/2854/2869 2875/2860/2875 2877/2862/2877
f 2871/2856/2871 2878/2863/2878 2876/2861/2876
f 2877/2862/2877 2879/2864/2879 2869/2854/2869
f 2880/2865/2880 2877/2862/2877 2875/2860/2875
f 2869/2854/2869 2879/2864/2879 2871/2856/2871
f 2881/2866/2881 2872/2857/2872 2876/2861/2876
f 2882/2867/2882 2879/2864/2879 2877/2862/2877
f 2873/2858/2873 2874/2859/2874 2883/2868/2883
f 2882/2867/2882 2877/2862/2877 2880/2865/2880
f 2884/2869/2884 2874/2859/2874 2870/2855/2870
f 2876/2861/2876 2878/2863/2878 2881/2866/2881
f 2870/2855/2870 2872/2857/2872 2885/2870/2885
f 2884/2869/2884 2883/2868/2883 2874/2859/2874
f 2879/2864/2879 2878/2863/2878 2871/2856/2871
f 2870/2855/2870 2885/2870/2885 2884/2869/2884
f 2885/2870/2885 2872/2857/2872 2881/2866/2881
f 2880/2865/2880 2886/2871/2886 2882/2867/2882
f 2887/2872/2887 2888/2873/2888 2889/2874/2889
f 2889/2874/2889 2890/2875/2890 2887/2872/2887
f 2887/2872/2887 2890/2875/2890 2676/2876/2676
f 2891/2877/2891 2679/2878/2679 2680/2879/2680
f 2678/2880/2678 2892/2881/2892 2676/2876/2676
f 2887/2872/2887 2676/2876/2676 2893/2882/2893
f 2676/2876/2676 2892/2881/2892 2893/2882/2893
f 2892/2881/2892 2678/2880/2678 2681/2883/2681
f 2680/2879/2680 2233/2884/2233 2891/2877/2891
f 2675/2885/2675 2679/2878/2679 2894/2886/2894
f 2891/2877/2891 2894/2886/2894 2679/2878/2679
f 2895/2887/2895 2681/2883/2681 2675/2885/2675
f 2681/2883/2681 2896/2888/2896 2892/2881/2892
f 2892/2881/2892 2897/2889/2897 2893/2882/2893
f 2891/2877/2891 2233/2884/2233 2273/2890/2273
f 2895/2887/2895 2675/2885/2675 2894/2886/2894
f 2897/2889/2897 2892/2881/2892 2896/2888/2896
f 2895/2887/2895 2896/2888/2896 2681/2883/2681
f 2898/2891/2898 2899/2863/2899 2900/2864/2900
f 2901/2866/2901 2902/2892/2902 2903/2870/2903
f 2904/2893/2904 2905/2894/2905 2887/2872/2887
f 2906/2895/2906 2905/2894/2905 2904/2893/2904
f 2887/2872/2887 2893/2882/2893 2904/2893/2904
f 2899/2863/2899 2898/2891/2898 2901/2866/2901
f 2907/2896/2907 2908/2868/2908 2909/2869/2909
f 2910/2897/2910 2908/2868/2908 2907/2896/2907
f 2894/2886/2894 2911/2898/2911 2895/2887/2895
f 2912/2899/2912 2894/2886/2894 2891/2877/2891
f 2913/2900/2913 2893/2882/2893 2897/2889/2897
f 2914/2871/2914 2915/2901/2915 2916/2867/2916
f 2912/2899/2912 2891/2877/2891 2273/2890/2273
f 2893/2882/2893 2913/2900/2913 2904/2893/2904
f 2917/2902/2917 2895/2887/2895 2911/2898/2911
f 2900/2864/2900 2916/2867/2916 2915/2901/2915
f 2896/2888/2896 2895/2887/2895 2917/2902/2917
f 2900/2864/2900 2918/2903/2918 2898/2891/2898
f 2273/2890/2273 2290/2904/2290 2919/2905/2919
f 2898/2891/2898 2902/2892/2902 2901/2866/2901
f 2903/2870/2903 2920/2906/2920 2909/2869/2909
f 2921/2907/2921 2897/2889/2897 2896/2888/2896
f 2903/2870/2903 2902/2892/2902 2920/2906/2920
f 2915/2901/2915 2918/2903/2918 2900/2864/2900
f 2912/2899/2912 2911/2898/2911 2894/2886/2894
f 2909/2869/2909 2920/2906/2920 2907/2896/2907
f 2915/2901/2915 2914/2871/2914 2922/2908/2922
f 2923/2909/2923 2904/2893/2904 2913/2900/2913
f 2904/2893/2904 2923/2909/2923 2906/2895/2906
f 2912/2899/2912 2273/2890/2273 2919/2905/2919
f 2290/2904/2290 2924/2910/2924 2919/2905/2919
f 2921/2907/2921 2913/2900/2913 2897/2889/2897
f 2921/2907/2921 2896/2888/2896 2917/2902/2917
f 2902/2892/2902 2898/2891/2898 2925/2911/2925
f 2926/2912/2926 2906/2895/2906 2923/2909/2923
f 2923/2909/2923 2913/2900/2913 2927/2913/2927
f 2898/2891/2898 2918/2903/2918 2925/2911/2925
f 2915/2901/2915 2922/2908/2922 2928/2914/2928
f 2902/2892/2902 2929/2915/2929 2920/2906/2920
f 2915/2901/2915 2930/2916/2930 2918/2903/2918
f 2931/2917/2931 2910/2897/2910 2907/2896/2907
f 2925/2911/2925 2932/2918/2932 2902/2892/2902
f 2932/2918/2932 2929/2915/2929 2902/2892/2902
f 2923/2909/2923 2933/2919/2933 2926/2912/2926
f 2928/2914/2928 2934/2920/2934 2915/2901/2915
f 2935/2921/2935 2911/2898/2911 2912/2899/2912
f 2917/2902/2917 2911/2898/2911 2936/2922/2936
f 2915/2901/2915 2934/2920/2934 2930/2916/2930
f 2921/2907/2921 2937/2923/2937 2913/2900/2913
f 2925/2911/2925 2918/2903/2918 2930/2916/2930
f 2920/2906/2920 2931/2917/2931 2907/2896/2907
f 2938/2924/2938 2932/2918/2932 2925/2911/2925
f 2924/2910/2924 2939/2925/2939 2919/2905/2919
f 2935/2921/2935 2912/2899/2912 2919/2905/2919
f 2927/2913/2927 2913/2900/2913 2937/2923/2937
f 2919/2905/2919 2939/2925/2939 2940/2926/2940
f 2911/2898/2911 2935/2921/2935 2936/2922/2936
f 2936/2922/2936 2941/2927/2941 2917/2902/2917
f 2925/2911/2925 2930/2916/2930 2938/2924/2938
f 2931/2917/2931 2920/2906/2920 2942/2928/2942
f 2921/2907/2921 2917/2902/2917 2941/2927/2941
f 2929/2915/2929 2942/2928/2942 2920/2906/2920
f 2923/2909/2923 2943/2929/2943 2933/2919/2933
f 2937/2923/2937 2921/2907/2921 2941/2927/2941
f 2944/2930/2944 2936/2922/2936 2935/2921/2935
f 2923/2909/2923 2927/2913/2927 2943/2929/2943
f 2927/2913/2927 2937/2923/2937 2945/2931/2945
f 2931/2917/2931 2942/2928/2942 2946/2932/2946
f 2935/2921/2935 2919/2905/2919 2940/2926/2940
f 2932/2918/2932 2947/2933/2947 2929/2915/2929
f 2929/2915/2929 2948/2934/2948 2942/2928/2942
f 2934/2920/2934 2928/2914/2928 2949/2935/2949
f 2935/2921/2935 2940/2926/2940 2950/2936/2950
f 2936/2922/2936 2944/2930/2944 2941/2927/2941
f 2951/2937/2951 2949/2935/2949 2928/2914/2928
f 2932/2918/2932 2938/2924/2938 2947/2933/2947
f 2934/2920/2934 2952/2938/2952 2930/2916/2930
f 2933/2919/2933 2943/2929/2943 2953/2939/2953
f 2927/2913/2927 2945/2931/2945 2943/2929/2943
f 2938/2924/2938 2930/2916/2930 2952/2938/2952
f 2939/2925/2939 2954/2940/2954 2940/2926/2940
f 2941/2927/2941 2955/2941/2955 2937/2923/2937
f 2929/2915/2929 2947/2933/2947 2956/2942/2956
f 2957/2943/2957 2946/2932/2946 2942/2928/2942
f 2949/2935/2949 2952/2938/2952 2934/2920/2934
f 2944/2930/2944 2935/2921/2935 2950/2936/2950
f 2929/2915/2929 2956/2942/2956 2948/2934/2948
f 2945/2931/2945 2937/2923/2937 2955/2941/2955
f 2957/2943/2957 2958/2944/2958 2946/2932/2946
f 2957/2943/2957 2942/2928/2942 2948/2934/2948
f 2938/2924/2938 2959/2945/2959 2947/2933/2947
f 2951/2937/2951 2960/2946/2960 2949/2935/2949
f 2961/2947/2961 2941/2927/2941 2944/2930/2944
f 2949/2935/2949 2960/2946/2960 2952/2938/2952
f 2962/2948/2962 2953/2939/2953 2943/2929/2943
f 2950/2936/2950 2940/2926/2940 2954/2940/2954
f 2955/2941/2955 2941/2927/2941 2961/2947/2961
f 2938/2924/2938 2952/2938/2952 2959/2945/2959
f 2957/2943/2957 2963/2949/2963 2958/2944/2958
f 2950/2936/2950 2954/2940/2954 2964/2950/2964
f 2965/2951/2965 2944/2930/2944 2950/2936/2950
f 2948/2934/2948 2963/2949/2963 2957/2943/2957
f 2943/2929/2943 2945/2931/2945 2966/2952/2966
f 2967/2953/2967 2960/2946/2960 2951/2937/2951
f 2959/2945/2959 2956/2942/2956 2947/2933/2947
f 2956/2942/2956 2968/2954/2968 2948/2934/2948
f 2968/2954/2968 2963/2949/2963 2948/2934/2948
f 2969/2955/2969 2956/2942/2956 2959/2945/2959
f 2962/2948/2962 2943/2929/2943 2966/2952/2966
f 2958/2944/2958 2963/2949/2963 2970/2956/2970
f 2964/2950/2964 2954/2940/2954 2971/2957/2971
f 2965/2951/2965 2950/2936/2950 2964/2950/2964
f 2944/2930/2944 2965/2951/2965 2961/2947/2961
f 2966/2952/2966 2945/2931/2945 2972/2958/2972
f 2945/2931/2945 2955/2941/2955 2972/2958/2972
f 2955/2941/2955 2961/2947/2961 2973/2959/2973
f 2952/2938/2952 2974/2960/2974 2959/2945/2959
f 2962/2948/2962 2966/2952/2966 2975/2961/2975
f 2976/2962/2976 2961/2947/2961 2965/2951/2965
f 2973/2959/2973 2961/2947/2961 2976/2962/2976
f 2977/2963/2977 2960/2946/2960 2967/2953/2967
f 2978/2964/2978 2965/2951/2965 2964/2950/2964
f 2968/2954/2968 2956/2942/2956 2969/2955/2969
f 2952/2938/2952 2960/2946/2960 2979/2965/2979
f 2977/2963/2977 2980/2966/2980 2960/2946/2960
f 2979/2965/2979 2974/2960/2974 2952/2938/2952
f 2963/2949/2963 2981/2967/2981 2970/2956/2970
f 2962/2948/2962 2975/2961/2975 2982/2968/2982
f 2959/2945/2959 2974/2960/2974 2969/2955/2969
f 2980/2966/2980 2979/2965/2979 2960/2946/2960
f 2966/2952/2966 2972/2958/2972 2975/2961/2975
f 2972/2958/2972 2955/2941/2955 2973/2959/2973
f 2963/2949/2963 2968/2954/2968 2983/2969/2983
f 2978/2964/2978 2964/2950/2964 2971/2957/2971
f 2969/2955/2969 2974/2960/2974 2984/2970/2984
f 2963/2949/2963 2985/2971/2985 2981/2967/2981
f 2982/2968/2982 2975/2961/2975 2986/2972/2986
f 2983/2969/2983 2985/2971/2985 2963/2949/2963
f 2977/2963/2977 2987/2973/2987 2980/2966/2980
f 2985/2971/2985 2988/2974/2988 2981/2967/2981
f 2982/2968/2982 2986/2972/2986 2989/2975/2989
f 2965/2951/2965 2978/2964/2978 2976/2962/2976
f 2990/2976/2990 2972/2958/2972 2973/2959/2973
f 2991/2977/2991 2984/2970/2984 2974/2960/2974
f 2992/2978/2992 2968/2954/2968 2969/2955/2969
f 2979/2965/2979 2991/2977/2991 2974/2960/2974
f 2979/2965/2979 2980/2966/2980 2991/2977/2991
f 2983/2969/2983 2968/2954/2968 2992/2978/2992
f 2993/2979/2993 2976/2962/2976 2978/2964/2978
f 2973/2959/2973 2976/2962/2976 2990/2976/2990
f 2972/2958/2972 2994/2980/2994 2975/2961/2975
f 2984/2970/2984 2992/2978/2992 2969/2955/2969
f 2995/2981/2995 2980/2966/2980 2987/2973/2987
f 2988/2974/2988 2996/2982/2996 2997/2983/2997
f 2978/2964/2978 2971/2957/2971 2997/2983/2997
f 2988/2974/2988 2985/2971/2985 2996/2982/2996
f 2989/2975/2989 2986/2972/2986 2998/2984/2998
f 2997/2983/2997 2993/2979/2993 2978/2964/2978
f 2986/2972/2986 2975/2961/2975 2994/2980/2994
f 2994/2980/2994 2972/2958/2972 2990/2976/2990
f 2999/2985/2999 2983/2969/2983 2992/2978/2992
f 2985/2971/2985 2983/2969/2983 2999/2985/2999
f 3000/2986/3000 2995/2981/2995 2987/2973/2987
f 3000/2986/3000 2989/2975/2989 2998/2984/2998
f 2993/2979/2993 2997/2983/2997 2996/2982/2996
f 2990/2976/2990 3001/2987/3001 2994/2980/2994
f 2999/2985/2999 2996/2982/2996 2985/2971/2985
f 2995/2981/2995 3000/2986/3000 2998/2984/2998
f 2998/2984/2998 2986/2972/2986 2994/2980/2994
f 3002/2988/3002 2976/2962/2976 2993/2979/2993
f 3002/2988/3002 2990/2976/2990 2976/2962/2976
f 2995/2981/2995 2991/2977/2991 2980/2966/2980
f 2994/2980/2994 3003/2989/3003 2998/2984/2998
f 3001/2987/3001 2990/2976/2990 3002/2988/3002
f 3004/2990/3004 2992/2978/2992 2984/2970/2984
f 3003/2989/3003 2995/2981/2995 2998/2984/2998
f 3002/2988/3002 2993/2979/2993 2996/2982/2996
f 2991/2977/2991 3004/2990/3004 2984/2970/2984
f 2992/2978/2992 3005/2991/3005 2999/2985/2999
f 2991/2977/2991 2995/2981/2995 3003/2989/3003
f 3003/2989/3003 2994/2980/2994 3001/2987/3001
f 3004/2990/3004 3005/2991/3005 2992/2978/2992
f 3005/2991/3005 2996/2982/2996 2999/2985/2999
f 3006/2992/3006 3002/2988/3002 2996/2982/2996
f 3006/2992/3006 3001/2987/3001 3002/2988/3002
f 3006/2992/3006 3005/2991/3005 3004/2990/3004
f 2991/2977/2991 3003/2989/3003 3004/2990/3004
f 2996/2982/2996 3005/2991/3005 3006/2992/3006
f 3003/2989/3003 3001/2987/3001 3004/2990/3004
f 3006/2992/3006 3004/2990/3004 3001/2987/3001
