# Blender 5.0.1
# www.blender.org
mtllib SM_Skewer_Final.mtl
o surface_7.010
v -0.406134 0.156758 0.071055
v -0.399220 0.160004 0.058066
v -0.404502 0.156296 0.042814
v -0.397285 0.156230 0.110668
v -0.394687 0.159208 0.090497
v -0.393867 0.155984 0.014345
v -0.393165 0.159697 0.031273
v -0.372196 0.157321 0.135403
v -0.380490 0.159443 0.005166
v -0.382114 0.155973 -0.004950
v -0.376634 0.156967 0.146858
v -0.366705 0.158990 -0.014621
v -0.382173 0.111158 0.069267
v -0.378828 0.111625 0.094442
v -0.356350 0.110916 0.086077
v -0.355326 0.111150 0.052930
v -0.376733 0.110942 0.038086
v -0.362689 0.155870 -0.024397
v -0.361070 0.154705 -0.010411
v -0.360388 0.112977 0.129352
v -0.360735 0.110513 0.108384
v -0.350410 0.110651 0.022971
v -0.358607 0.160213 0.156220
v -0.355530 0.111791 0.000458
v -0.344877 0.110740 0.132776
v -0.355706 0.154959 0.165396
v -0.342672 0.159428 0.168424
v -0.332243 0.111700 0.114777
v -0.346671 0.112659 0.074978
v -0.337933 0.159116 -0.032035
v -0.343034 0.159471 0.161502
v -0.340078 0.155172 -0.038942
v -0.330626 0.111289 0.151879
v -0.331856 0.117148 0.092940
v -0.329392 0.155315 0.178112
v -0.339851 0.117541 0.068103
v -0.328204 0.118042 0.043545
v -0.326586 0.110146 -0.010666
v -0.323889 0.121229 0.069728
v -0.316210 0.113308 -0.024034
v -0.317663 0.159604 0.171647
v -0.315176 0.122477 0.049253
v -0.314251 0.110471 0.146868
v -0.310818 0.152666 -0.048437
v -0.311253 0.118417 0.107620
v -0.306934 0.116650 0.022834
v -0.317539 0.159339 0.177868
v -0.316642 0.121967 0.083987
v -0.294195 0.109911 -0.014769
v -0.303285 0.159019 -0.043863
v -0.307686 0.111724 0.160372
v -0.308777 0.155978 0.184501
v -0.299508 0.111893 0.130175
v -0.310064 0.128208 0.057558
v -0.308001 0.127591 0.080111
v -0.289082 0.127128 0.040811
v -0.292684 0.159213 0.182205
v -0.290031 0.129335 0.061992
v -0.292237 0.157847 -0.040348
v -0.319456 0.153767 -0.033709
v -0.274083 0.116348 0.116925
v -0.284461 0.128947 0.087649
v -0.273890 0.113933 0.011835
v -0.289573 0.110285 0.148062
v -0.276866 0.155044 -0.050205
v -0.287963 0.111299 0.162644
v -0.285811 0.156804 0.185832
v -0.286450 0.110711 -0.027751
v -0.279320 0.157362 0.174488
v -0.279606 0.159194 -0.045734
v -0.275897 0.118415 0.025351
v -0.262425 0.109889 -0.006392
v -0.257594 0.110708 0.154388
v -0.264995 0.127440 0.053502
v -0.258012 0.158851 -0.037595
v -0.267429 0.159748 0.177973
v -0.261801 0.119821 0.034807
v -0.264607 0.127934 0.077912
v -0.266867 0.110474 -0.024433
v -0.261476 0.120717 0.096958
v -0.260007 0.152276 0.182359
v -0.256094 0.158899 -0.043131
v -0.252824 0.110520 0.133648
v -0.248117 0.120830 0.071697
v -0.248335 0.158929 0.169837
v -0.249065 0.113736 -0.021774
v -0.226116 0.159440 0.163463
v -0.249467 0.119986 0.054388
v -0.225080 0.110287 0.014794
v -0.248741 0.153995 -0.045731
v -0.241388 0.115769 0.099717
v -0.237670 0.113580 0.034600
v -0.233607 0.154431 0.160569
v -0.253422 0.136574 0.163990
v -0.232241 0.110431 0.137077
v -0.234918 0.117376 0.056997
v -0.220409 0.156777 -0.029817
v -0.227080 0.110172 -0.005861
v -0.215880 0.110037 0.107564
v -0.225584 0.127363 0.147993
v -0.218559 0.157654 -0.018548
v -0.226832 0.154232 0.170972
v -0.227035 0.113303 0.083592
v -0.218072 0.110238 0.036266
v -0.219534 0.110696 0.136770
v -0.222094 0.111951 0.061829
v -0.210194 0.149982 0.142414
v -0.199435 0.159084 0.137583
v -0.204132 0.155474 0.154690
v -0.208399 0.127460 0.133240
v -0.202099 0.109986 0.073040
v -0.201021 0.110105 0.040080
v -0.203513 0.110184 0.017130
v -0.198177 0.110674 0.109722
v -0.193479 0.145972 0.120103
v -0.196866 0.122467 0.114983
v -0.189386 0.159270 0.007284
v -0.192859 0.154719 -0.007946
v -0.192140 0.110761 0.040623
v -0.190772 0.127502 0.030019
v -0.200031 0.117513 0.017181
v -0.185093 0.131529 0.089081
v -0.189937 0.111719 0.085062
v -0.179799 0.156367 0.123747
v -0.199877 0.153030 0.002577
v -0.186333 0.158148 0.019334
v -0.189062 0.110544 0.056716
v -0.185075 0.124149 0.058003
v -0.182991 0.152799 0.101529
v -0.179300 0.155354 0.011763
v -0.187867 0.151737 0.022689
v -0.180786 0.150576 0.044737
v -0.178739 0.159215 0.107996
v -0.176640 0.158998 0.046747
v -0.177848 0.150749 0.068029
v -0.171768 0.158780 0.080884
v -0.173194 0.156784 0.026297
v -0.168986 0.157565 0.045236
v -0.168432 0.156524 0.099211
v -0.164699 0.154878 0.062486
v -0.164716 0.155326 0.082252
v -0.394201 0.154663 0.073696
v -0.391820 0.153869 0.044737
v -0.388348 0.130681 0.070659
v -0.387646 0.142544 0.095849
v -0.384335 0.128554 0.041193
v -0.384368 0.156605 0.019654
v -0.377412 0.134460 0.115552
v -0.382653 0.121219 0.094301
v -0.374888 0.122051 0.020646
v -0.366727 0.140533 0.134022
v -0.353690 0.152207 0.149913
v -0.348822 0.129598 0.146842
v -0.329448 0.150677 0.163656
v -0.327421 0.123231 0.157578
v -0.297201 0.134830 0.167666
v -0.369820 0.134217 0.007952
v -0.372110 0.153765 0.002309
v -0.341736 0.143568 -0.021041
v -0.315190 0.134353 -0.029905
v -0.288471 0.128534 -0.032428
v -0.268211 0.122072 -0.029645
v -0.254074 0.148926 -0.032295
v -0.228453 0.136116 -0.017571
v -0.213938 0.123498 -0.002459
v -0.197137 0.136415 0.012997
v -0.354211 0.053810 -0.137483
v -0.353347 0.049962 -0.117613
v -0.353948 0.060622 -0.122632
v -0.354226 0.060265 -0.139176
v -0.349859 0.040184 -0.135570
v -0.351807 0.058704 -0.098690
v -0.348881 0.065460 -0.102942
v -0.347346 0.037289 -0.117287
v -0.343672 0.046403 -0.095209
v -0.342365 0.066114 -0.078015
v -0.346159 0.058459 -0.081564
v -0.335597 0.022552 -0.129412
v -0.341592 0.029247 -0.144156
v -0.336849 0.028401 -0.111310
v -0.331946 0.058566 -0.069027
v -0.324273 0.017088 -0.145783
v -0.323552 0.048286 -0.078846
v -0.325305 0.031106 -0.100106
v -0.329255 0.068512 -0.068833
v -0.317053 0.018167 -0.119871
v -0.309792 0.013900 -0.139129
v -0.296696 0.015405 -0.168807
v -0.284143 0.013659 -0.153363
v -0.263631 0.013838 -0.180745
v -0.350371 0.063768 -0.138735
v -0.343442 0.067322 -0.124002
v -0.346895 0.059758 -0.155998
v -0.339478 0.067079 -0.150182
v -0.334471 0.069413 -0.096093
v -0.328831 0.067307 -0.178896
v -0.327356 0.070271 -0.119987
v -0.329505 0.069755 -0.138862
v -0.322503 0.070206 -0.161144
v -0.311873 0.070808 -0.106435
v -0.305935 0.069665 -0.085580
v -0.302056 0.071027 -0.137394
v -0.295537 0.071072 -0.191461
v -0.304625 0.069583 -0.207371
v -0.284240 0.070446 -0.220413
v -0.266756 0.070737 -0.173045
v -0.272884 0.069514 -0.112522
v -0.260595 0.068990 -0.209663
v -0.264687 0.070556 -0.135998
v -0.266373 0.061644 -0.225238
v -0.243555 0.064537 -0.222965
v -0.242611 0.070244 -0.146608
v -0.231604 0.070297 -0.193981
v -0.245008 0.069513 -0.131803
v -0.234095 0.068023 -0.213180
v -0.228756 0.070414 -0.171249
v -0.244525 0.059022 -0.229167
v -0.232732 0.061536 -0.227645
v -0.220980 0.067304 -0.150203
v -0.224301 0.064974 -0.221547
v -0.219919 0.070017 -0.158828
v -0.232342 0.057094 -0.229191
v -0.212278 0.068689 -0.209061
v -0.220584 0.059557 -0.225861
v -0.200348 0.070109 -0.183163
v -0.205243 0.064110 -0.219065
v -0.191946 0.067765 -0.174688
v -0.206584 0.055219 -0.220066
v -0.187164 0.061451 -0.210834
v -0.186931 0.068907 -0.208261
v -0.178074 0.068024 -0.192266
v -0.326838 0.022139 0.116388
v -0.340307 0.018154 0.079383
v -0.301444 0.017476 0.086494
v -0.327791 0.017537 0.052108
v -0.332178 0.020395 0.024696
v -0.309870 0.017477 0.034501
v -0.294402 0.018486 0.012607
v -0.300778 0.017651 0.116360
v -0.284483 0.017494 0.034060
v -0.270728 0.022408 0.005123
v -0.296166 0.022486 0.003067
v -0.266248 0.017654 0.021795
v -0.265486 0.017416 0.071352
v -0.255037 0.017418 0.100074
v -0.280810 0.018272 0.124332
v -0.270497 0.021772 0.130832
v -0.248087 0.020445 0.116597
v -0.246023 0.017613 0.039900
v -0.239529 0.025076 0.020742
v -0.261917 0.042914 -0.006209
v -0.235535 0.017754 0.075591
v -0.228445 0.047553 0.011374
v -0.251570 0.067685 -0.017060
v -0.239268 0.067662 -0.012472
v -0.247487 0.073081 -0.020963
v -0.247193 0.080009 -0.021768
v -0.238358 0.074279 -0.016122
v -0.261184 0.100954 -0.034119
v -0.224001 0.102393 -0.018081
v -0.238114 0.137828 -0.037393
v -0.227372 0.074024 -0.012495
v -0.225509 0.025511 0.099508
v -0.223677 0.075664 -0.005575
v -0.225026 0.021310 0.046120
v -0.239254 0.037798 0.126376
v -0.209913 0.140879 -0.020304
v -0.220994 0.021730 0.071663
v -0.216092 0.034900 0.042261
v -0.215724 0.055517 0.117188
v -0.212472 0.038269 0.090156
v -0.215373 0.028012 0.062890
v -0.209083 0.058776 0.024007
v -0.207480 0.041334 0.075104
v -0.202704 0.107176 -0.001995
v -0.203366 0.083107 0.010379
v -0.196364 0.063549 0.051969
v -0.197255 0.063525 0.090781
v -0.200016 0.081158 0.117312
v -0.190593 0.085277 0.031871
v -0.191289 0.101678 0.016794
v -0.205504 0.101092 0.137578
v -0.193214 0.111389 0.127108
v -0.189083 0.138267 0.002487
v -0.182195 0.106821 0.102807
v -0.181816 0.091242 0.065211
v -0.194820 0.145898 0.143164
v -0.179674 0.137209 0.116737
v -0.179076 0.125942 0.026428
v -0.174646 0.119123 0.048808
v -0.176679 0.147186 0.019009
v -0.171213 0.143487 0.099946
v -0.169076 0.136559 0.082016
v -0.168149 0.148955 0.043100
v -0.265730 0.074914 -0.055174
v -0.259849 0.074621 -0.077935
v -0.267872 0.073865 -0.071320
v -0.263587 0.073557 -0.085599
v -0.266664 0.068942 -0.046692
v -0.258321 0.074138 -0.035928
v -0.255051 0.071707 -0.061338
v -0.242285 0.071160 -0.041315
v -0.251541 0.071660 -0.082363
v -0.249186 0.074993 -0.099337
v -0.230651 0.071194 -0.070401
v -0.233719 0.071623 -0.099389
v -0.230834 0.073646 -0.019595
v -0.211249 0.072200 -0.100117
v -0.217268 0.071024 -0.041793
v -0.225732 0.071506 -0.115153
v -0.224115 0.074825 -0.110490
v -0.206203 0.072464 -0.021075
v -0.198136 0.071189 -0.075688
v -0.208973 0.073930 -0.115708
v -0.199938 0.072601 -0.013575
v -0.176443 0.072063 -0.058413
v -0.185171 0.072773 -0.096925
v -0.190712 0.074830 -0.110223
v -0.177701 0.072178 -0.025916
v -0.175223 0.071548 -0.100859
v -0.163714 0.072443 -0.076809
v -0.165151 0.072227 -0.044804
v -0.160950 0.074875 -0.060606
v -0.160244 0.072996 -0.054050
v -0.266018 0.056332 -0.054690
v -0.256108 0.063993 -0.029571
v -0.253567 0.046619 -0.036885
v -0.259365 0.040226 -0.062185
v -0.251574 0.030770 -0.053770
v -0.239866 0.030116 -0.037035
v -0.239804 0.054518 -0.020096
v -0.223343 0.064661 -0.012078
v -0.219294 0.040044 -0.021055
v -0.214717 0.025943 -0.032325
v -0.200355 0.036636 -0.024857
v -0.193226 0.057727 -0.017247
v -0.253178 0.033165 -0.071394
v -0.224534 0.022279 -0.056620
v -0.239179 0.028666 -0.085716
v -0.214984 0.025693 -0.093288
v -0.203522 0.022193 -0.075936
v -0.198498 0.022956 -0.047544
v -0.195943 0.030051 -0.095262
v -0.192577 0.029096 -0.033607
v -0.179684 0.028581 -0.075439
v -0.183970 0.025822 -0.052312
v -0.172984 0.057821 -0.033533
v -0.177477 0.038833 -0.040503
v -0.166777 0.046227 -0.062666
v -0.163488 0.056805 -0.053428
v -0.157733 0.067958 -0.061227
v -0.175661 0.095986 -0.226668
v -0.174895 0.085797 -0.214085
v -0.175100 0.117011 -0.219642
v -0.172335 0.074885 -0.221775
v -0.172629 0.066970 -0.210359
v -0.169912 0.119804 -0.227996
v -0.162441 0.059373 -0.224328
v -0.166909 0.140321 -0.222156
v -0.167103 0.077829 -0.234546
v -0.167575 0.102418 -0.238968
v -0.160726 0.048103 -0.205798
v -0.158335 0.142718 -0.225437
v -0.160311 0.125651 -0.237860
v -0.159936 0.084016 -0.242941
v -0.158273 0.113196 -0.242836
v -0.153954 0.056237 -0.235229
v -0.149398 0.040732 -0.215446
v -0.143260 0.162137 -0.218300
v -0.149627 0.143182 -0.234816
v -0.152025 0.112583 -0.247150
v -0.143002 0.132210 -0.246079
v -0.138966 0.157446 -0.224600
v -0.137508 0.036571 -0.225488
v -0.133295 0.167840 -0.221712
v -0.133911 0.149229 -0.238276
v -0.116155 0.155858 -0.238814
v -0.117296 0.177560 -0.215751
v -0.174889 0.052979 -0.312731
v -0.175956 0.073426 -0.305401
v -0.168784 0.070879 -0.323206
v -0.173691 0.056876 -0.272034
v -0.177269 0.074329 -0.279006
v -0.174755 0.073884 -0.291610
v -0.173159 0.049784 -0.286594
v -0.174801 0.086059 -0.272800
v -0.170252 0.091306 -0.290773
v -0.169186 0.094127 -0.304537
v -0.170542 0.087325 -0.316173
v -0.162734 0.099128 -0.273140
v -0.167320 0.095528 -0.266531
v -0.164538 0.037792 -0.321965
v -0.158536 0.107891 -0.321662
v -0.149298 0.054428 -0.341018
v -0.159875 0.102931 -0.290334
v -0.157527 0.093274 -0.330357
v -0.162921 0.110557 -0.309073
v -0.155853 0.125192 -0.320253
v -0.158262 0.124580 -0.307284
v -0.155025 0.018492 -0.314092
v -0.154220 0.021321 -0.324548
v -0.144992 0.089351 -0.344926
v -0.149460 0.108525 -0.261030
v -0.146613 0.027115 -0.332930
v -0.146835 0.075136 -0.345475
v -0.137749 0.039524 -0.345069
v -0.127286 0.018272 -0.337593
v -0.141694 0.109811 -0.338335
v -0.146432 0.133912 -0.320926
v -0.125777 0.124082 -0.346668
v -0.140147 0.083134 -0.351530
v -0.136658 0.071001 -0.351370
v -0.133744 0.090539 -0.351225
v -0.118605 0.103232 -0.359329
v -0.128030 0.075053 -0.355514
v -0.123650 0.041213 -0.352155
v -0.112517 0.053173 -0.366174
v -0.114284 0.081493 -0.370496
v -0.106226 0.032153 -0.361826
v -0.100098 0.023918 -0.356758
v -0.095345 0.091293 -0.381357
v -0.093443 0.076709 -0.386162
v -0.093594 0.050497 -0.378698
v -0.087329 0.108095 -0.376341
v -0.084159 0.027364 -0.367085
v -0.071720 0.046984 -0.380824
v -0.076512 0.088914 -0.388014
v -0.069511 0.071957 -0.389683
v -0.068567 0.032380 -0.373275
v -0.068143 0.105715 -0.379682
v -0.058019 0.092921 -0.384408
v -0.058693 0.067747 -0.387265
v -0.044527 0.076137 -0.386379
v -0.051263 0.046046 -0.380363
v -0.060345 0.117008 -0.366165
v -0.052740 0.123735 -0.363076
v -0.051188 0.112436 -0.373295
v -0.036620 0.044419 -0.383264
v -0.051890 0.029307 -0.367077
v -0.033082 0.106971 -0.376008
v -0.038375 0.120677 -0.370470
v -0.040532 0.058964 -0.386362
v -0.031841 0.086600 -0.381198
v -0.021446 0.028706 -0.372996
v -0.036004 0.027587 -0.370682
v -0.022783 0.058313 -0.386033
v -0.026296 0.085646 -0.390985
v -0.025275 0.093906 -0.390065
v -0.022507 0.071231 -0.386080
v -0.013925 0.109511 -0.370587
v -0.019668 0.096539 -0.375807
v -0.020127 0.124069 -0.364842
v -0.019902 0.080520 -0.382914
v -0.016876 0.082178 -0.408136
v -0.023910 0.084862 -0.416665
v -0.023868 0.091964 -0.420765
v -0.014371 0.043179 -0.378613
v -0.021789 0.090811 -0.448729
v -0.021441 0.083646 -0.449941
v -0.017705 0.081196 -0.432370
v -0.020657 0.087733 -0.471109
v -0.016549 0.080486 -0.472089
v -0.017402 0.081489 -0.485649
v -0.012217 0.065589 -0.382317
v -0.014999 0.080322 -0.454591
v -0.018804 0.088478 -0.489278
v -0.016671 0.086152 -0.496209
v -0.013815 0.079760 -0.495305
v -0.013341 0.093032 -0.493718
v -0.010088 0.079568 -0.488106
v -0.013008 0.027689 -0.370815
v -0.006978 0.083067 -0.493367
v -0.005888 0.083349 -0.372844
v -0.006214 0.089404 -0.495060
v -0.170345 0.099657 -0.217121
v -0.159548 0.062895 -0.205875
v -0.166871 0.084546 -0.213835
v -0.168336 0.118615 -0.218644
v -0.152521 0.143712 -0.218501
v -0.161410 0.113572 -0.201288
v -0.165844 0.095791 -0.207950
v -0.161653 0.075631 -0.199384
v -0.164136 0.107605 -0.216284
v -0.160185 0.118046 -0.209089
v -0.156990 0.125911 -0.217901
v -0.149948 0.108539 -0.194384
v -0.149160 0.044997 -0.199003
v -0.153708 0.063365 -0.190996
v -0.148419 0.052087 -0.193598
v -0.126804 0.087132 -0.181404
v -0.148256 0.137341 -0.201331
v -0.132503 0.042790 -0.183198
v -0.142516 0.142584 -0.216289
v -0.138206 0.030050 -0.195785
v -0.119939 0.137577 -0.189868
v -0.134839 0.033359 -0.192960
v -0.137435 0.148875 -0.201219
v -0.133738 0.039114 -0.190869
v -0.121169 0.161365 -0.213806
v -0.119102 0.041083 -0.178058
v -0.120069 0.158725 -0.197679
v -0.118743 0.021385 -0.185601
v -0.117466 0.028124 -0.186977
v -0.114299 0.072947 -0.173391
v -0.110632 0.053585 -0.172483
v -0.104438 0.023440 -0.179399
v -0.096501 0.181355 -0.209108
v -0.086509 0.160859 -0.187651
v -0.089739 0.026577 -0.171082
v -0.104040 0.095942 -0.171563
v -0.100024 0.017098 -0.181614
v -0.095737 0.041593 -0.169193
v -0.105390 0.161301 -0.205663
v -0.089900 0.173023 -0.206387
v -0.084581 0.127669 -0.175043
v -0.087797 0.014218 -0.175355
v -0.082633 0.111316 -0.168453
v -0.071068 0.143335 -0.176231
v -0.075106 0.162102 -0.198603
v -0.080573 0.030229 -0.163243
v -0.067752 0.019227 -0.169657
v -0.064302 0.171283 -0.198315
v -0.065288 0.179389 -0.199886
v -0.058448 0.123138 -0.167163
v -0.065234 0.026524 -0.161809
v -0.061354 0.117824 -0.163729
v -0.059008 0.160378 -0.195270
v -0.048732 0.134653 -0.168156
v -0.046312 0.030637 -0.162421
v -0.049683 0.022988 -0.167752
v -0.044376 0.145880 -0.170798
v -0.060447 0.158016 -0.180207
v -0.056850 0.015245 -0.174115
v -0.038908 0.157156 -0.187796
v -0.046078 0.149870 -0.183141
v -0.036010 0.166439 -0.191774
v -0.031139 0.023910 -0.166830
v -0.041594 0.122696 -0.161862
v -0.031239 0.131071 -0.163789
v -0.023110 0.157402 -0.182895
v -0.021787 0.044881 -0.159766
v -0.023356 0.129287 -0.177370
v -0.030010 0.125496 -0.159968
v -0.019497 0.141660 -0.178031
v -0.021310 0.123675 -0.157296
v -0.014310 0.038137 -0.164752
v -0.010862 0.057607 -0.162027
v -0.008957 0.125995 -0.171163
v -0.015405 0.109568 -0.169636
v -0.011588 0.092197 -0.162994
v -0.006443 0.101861 -0.166041
v -0.005311 0.134204 -0.172000
v -0.012188 0.066740 -0.161098
v -0.002858 0.073333 -0.161128
v -0.008519 0.080713 -0.161644
v -0.015330 0.148602 -0.182255
v -0.004448 0.056645 -0.163647
v 0.003736 0.100000 -0.162892
v 0.001936 0.077755 -0.164294
v -0.169929 0.074279 -0.261722
v -0.160014 0.087209 -0.258481
v -0.162270 0.048987 -0.261940
v -0.161660 0.035136 -0.271908
v -0.146597 0.072237 -0.250790
v -0.146094 0.026741 -0.267889
v -0.153489 0.099014 -0.258662
v -0.133646 0.050448 -0.248411
v -0.132252 0.032390 -0.255271
v -0.135025 0.095661 -0.247528
v -0.147756 0.118647 -0.267794
v -0.141851 0.122929 -0.261633
v -0.131548 0.119028 -0.251303
v -0.127351 0.019696 -0.264493
v -0.124153 0.132435 -0.260948
v -0.126440 0.082074 -0.240822
v -0.120954 0.116296 -0.242387
v -0.120071 0.084707 -0.235550
v -0.123087 0.097978 -0.238679
v -0.115144 0.074407 -0.235541
v -0.114618 0.129768 -0.248246
v -0.105578 0.022856 -0.251968
v -0.106127 0.125594 -0.239288
v -0.107013 0.081313 -0.230536
v -0.100650 0.035189 -0.241777
v -0.102656 0.060175 -0.232469
v -0.101687 0.131848 -0.242709
v -0.098959 0.076961 -0.230623
v -0.094158 0.122719 -0.237783
v -0.095533 0.085813 -0.228295
v -0.096736 0.113121 -0.233442
v -0.083914 0.065574 -0.231449
v -0.089638 0.050286 -0.230981
v -0.082609 0.101122 -0.232745
v -0.092187 0.097167 -0.226908
v -0.075409 0.128584 -0.243294
v -0.088362 0.085146 -0.230424
v -0.079611 0.028382 -0.242567
v -0.087603 0.137507 -0.249311
v -0.071954 0.042128 -0.234394
v -0.069532 0.113953 -0.238050
v -0.059012 0.089052 -0.236487
v -0.056773 0.063726 -0.233871
v -0.048644 0.114430 -0.243364
v -0.057143 0.130656 -0.251373
v -0.050792 0.019295 -0.252486
v -0.048293 0.030703 -0.244349
v -0.044550 0.072454 -0.237677
v -0.037910 0.047187 -0.240521
v -0.016003 0.120676 -0.256875
v -0.028726 0.089768 -0.241400
v -0.021857 0.031547 -0.250115
v -0.019877 0.110908 -0.251177
v -0.027760 0.075454 -0.239661
v -0.022416 0.061008 -0.241919
v -0.017889 0.073322 -0.238186
v -0.010721 0.047529 -0.248157
v -0.009077 0.070461 -0.244429
v -0.008099 0.088729 -0.246240
v -0.004693 0.032089 -0.261995
v -0.013815 0.023493 -0.263208
v -0.000695 0.109970 -0.254561
v 0.002086 0.064652 -0.254702
v 0.002101 0.077216 -0.250880
v -0.004060 0.021010 -0.273450
v 0.009320 0.116342 -0.264398
v 0.004800 0.093084 -0.254275
v 0.009731 0.107532 -0.258320
v -0.162422 0.031742 -0.298883
v -0.153820 0.030550 -0.283372
v -0.145381 0.012686 -0.298488
v -0.146008 0.012087 -0.318319
v -0.144671 0.018650 -0.283060
v -0.132593 0.010881 -0.313606
v -0.132960 0.015729 -0.276267
v -0.121279 0.012082 -0.296137
v -0.111060 0.014217 -0.336623
v -0.112018 0.016833 -0.266371
v -0.100632 0.015245 -0.288370
v -0.103369 0.013183 -0.313275
v -0.090424 0.018267 -0.265661
v -0.095434 0.017644 -0.346228
v -0.091199 0.015876 -0.332394
v -0.084442 0.016432 -0.304153
v -0.084710 0.018656 -0.284186
v -0.075669 0.018353 -0.347163
v -0.069377 0.017712 -0.319856
v -0.074767 0.019027 -0.254776
v -0.058037 0.017296 -0.291126
v -0.063432 0.016232 -0.268979
v -0.051237 0.020253 -0.356107
v -0.058027 0.018507 -0.339702
v -0.049710 0.016779 -0.316476
v -0.037279 0.015807 -0.339993
v -0.041734 0.017639 -0.267263
v -0.031120 0.016311 -0.291998
v -0.030836 0.019465 -0.361068
v -0.022421 0.015913 -0.329143
v -0.026529 0.019454 -0.262079
v -0.022773 0.016095 -0.350511
v -0.013254 0.018259 -0.317656
v -0.013507 0.021796 -0.356972
v -0.013058 0.018097 -0.292427
v -0.011927 0.017812 -0.274195
v -0.011540 0.018741 -0.335570
v -0.159916 0.064875 -0.117881
v -0.165123 0.083851 -0.142088
v -0.165619 0.053885 -0.141471
v -0.166877 0.071413 -0.151274
v -0.163211 0.097088 -0.103434
v -0.166197 0.111305 -0.103717
v -0.160792 0.104679 -0.117714
v -0.157219 0.039568 -0.154807
v -0.161727 0.102864 -0.092479
v -0.156439 0.118769 -0.090451
v -0.158809 0.117790 -0.112347
v -0.160101 0.088209 -0.119928
v -0.161410 0.081192 -0.155629
v -0.157755 0.039283 -0.129944
v -0.158928 0.069292 -0.162843
v -0.155880 0.085556 -0.091555
v -0.154904 0.059515 -0.047802
v -0.157349 0.087345 -0.040917
v -0.153161 0.101642 -0.056390
v -0.157449 0.104646 -0.138320
v -0.149456 0.065462 -0.032115
v -0.155380 0.081023 -0.068380
v -0.157355 0.100028 -0.153819
v -0.152194 0.113964 -0.127174
v -0.153238 0.056638 -0.072803
v -0.153295 0.069177 -0.097024
v -0.148238 0.038040 -0.110472
v -0.152158 0.063639 -0.082644
v -0.149474 0.114864 -0.152043
v -0.152019 0.096275 -0.075632
v -0.151362 0.103552 -0.081677
v -0.150543 0.022612 -0.144727
v -0.146074 0.115565 -0.035834
v -0.149463 0.041393 -0.062679
v -0.150197 0.106459 -0.159539
v -0.145136 0.104393 -0.026049
v -0.149265 0.049449 -0.097920
v -0.149242 0.118439 -0.137822
v -0.143499 0.020333 -0.153149
v -0.137569 0.125231 -0.045008
v -0.139336 0.083344 -0.021435
v -0.143455 0.033905 -0.078506
v -0.146006 0.042211 -0.086967
v -0.143541 0.118133 -0.071936
v -0.141982 0.032040 -0.042465
v -0.142688 0.019444 -0.131465
v -0.140453 0.025675 -0.056795
v -0.137103 0.061601 -0.022509
v -0.138918 0.039915 -0.030527
v -0.138718 0.033288 -0.097230
v -0.135501 0.023845 -0.114364
v -0.141130 0.095846 -0.018594
v -0.141211 0.119972 -0.026143
v -0.135480 0.020811 -0.073580
v -0.130669 0.025931 -0.088750
v -0.131535 0.023940 -0.036458
v -0.132921 0.017972 -0.054540
v -0.127441 0.076957 -0.014545
v -0.115030 0.064155 -0.016494
v -0.116236 0.064701 -0.011016
v -0.090844 0.047989 -0.008884
v -0.151313 0.126010 -0.096140
v -0.143540 0.122867 -0.081950
v -0.144671 0.128367 -0.108554
v -0.141245 0.124471 -0.128679
v -0.139632 0.127146 -0.094616
v -0.141005 0.121367 -0.149979
v -0.144074 0.114509 -0.160197
v -0.132645 0.117701 -0.157776
v -0.132892 0.125439 -0.064665
v -0.125939 0.126262 -0.084369
v -0.123747 0.127731 -0.111233
v -0.127487 0.127024 -0.141002
v -0.115570 0.128037 -0.049827
v -0.120836 0.126942 -0.028962
v -0.107890 0.132770 -0.135153
v -0.110049 0.131919 -0.150535
v -0.111939 0.123456 -0.159426
v -0.111227 0.124760 -0.092526
v -0.107770 0.125044 -0.072131
v -0.104596 0.128889 -0.114426
v -0.087462 0.133152 -0.033501
v -0.095214 0.130607 -0.052697
v -0.094812 0.125842 -0.087331
v -0.094059 0.125746 -0.103601
v -0.089257 0.130331 -0.157305
v -0.085002 0.126649 -0.068179
v -0.080909 0.135556 -0.146731
v -0.080664 0.130900 -0.127087
v -0.073361 0.126308 -0.098196
v -0.071581 0.126245 -0.110964
v -0.068029 0.131775 -0.052764
v -0.066165 0.135443 -0.153641
v -0.059788 0.126935 -0.068835
v -0.046753 0.133578 -0.040684
v -0.051664 0.131327 -0.120248
v -0.048264 0.127307 -0.086122
v -0.053606 0.135500 -0.142981
v -0.049871 0.127125 -0.104504
v -0.049422 0.133159 -0.152325
v -0.043532 0.131486 -0.052209
v -0.038326 0.131617 -0.067522
v -0.030573 0.131567 -0.152001
v -0.050644 0.125394 -0.159616
v -0.032035 0.127650 -0.090575
v -0.032964 0.130277 -0.123573
v -0.029236 0.132849 -0.137145
v -0.027925 0.125321 -0.118146
v -0.023557 0.131218 -0.055159
v -0.020410 0.121659 -0.107206
v -0.030335 0.137733 -0.045406
v -0.024142 0.128958 -0.126453
v -0.017385 0.117018 -0.118071
v -0.018294 0.124737 -0.139641
v -0.015704 0.122122 -0.091817
v -0.011453 0.128188 -0.049098
v -0.012780 0.124446 -0.067205
v -0.164641 0.073084 0.091673
v -0.165556 0.077077 0.077090
v -0.158333 0.044751 0.095473
v -0.160857 0.043716 0.076901
v -0.158043 0.101514 0.104903
v -0.159313 0.106727 0.079564
v -0.156716 0.084492 0.114453
v -0.154219 0.105382 0.063954
v -0.157592 0.070122 0.064043
v -0.149826 0.022919 0.084139
v -0.151579 0.053643 0.114665
v -0.151131 0.102281 0.189159
v -0.155882 0.096604 0.170874
v -0.156458 0.071227 0.185406
v -0.151769 0.070421 0.159487
v -0.154623 0.097922 0.129809
v -0.153726 0.114318 0.128637
v -0.155419 0.115164 0.118350
v -0.151588 0.116467 0.108310
v -0.152895 0.036696 0.065378
v -0.147148 0.124227 0.077203
v -0.145783 0.039241 0.169986
v -0.150707 0.079828 0.128724
v -0.151184 0.113409 0.097231
v -0.153055 0.081647 0.199537
v -0.139060 0.104230 0.197255
v -0.146410 0.115648 0.184871
v -0.149203 0.112835 0.175312
v -0.151367 0.048407 0.194164
v -0.144442 0.109022 0.152343
v -0.142469 0.021951 0.099553
v -0.148627 0.059137 0.201755
v -0.149548 0.085191 0.145313
v -0.145101 0.022566 0.066960
v -0.139718 0.122362 0.178950
v -0.144168 0.124871 0.100904
v -0.144318 0.035304 0.196653
v -0.135311 0.117377 0.188477
v -0.142195 0.121987 0.166891
v -0.144692 0.105885 0.141120
v -0.145402 0.057284 0.139697
v -0.138914 0.122108 0.140388
v -0.140637 0.022625 0.187278
v -0.140617 0.038432 0.124773
v -0.136895 0.037417 0.144077
v -0.130316 0.128013 0.170760
v -0.133330 0.128296 0.157117
v -0.130205 0.017258 0.168863
v -0.130694 0.023357 0.154499
v -0.128852 0.028269 0.137667
v -0.152684 0.132113 -0.209439
v -0.143223 0.142349 -0.209103
v -0.128448 0.153440 -0.207240
v -0.059438 0.156893 -0.188209
v -0.027501 0.128382 -0.171187
v -0.151599 0.089310 -0.163254
v -0.147124 0.059282 -0.169933
v -0.146427 0.080743 -0.167962
v -0.140309 0.034315 -0.165004
v -0.140643 0.100765 -0.165281
v -0.124028 0.080713 -0.171279
v -0.140777 0.089379 -0.170758
v -0.124088 0.101781 -0.166273
v -0.111550 0.019805 -0.156550
v -0.123918 0.048530 -0.171064
v -0.130987 0.064086 -0.173929
v -0.127618 0.032211 -0.165877
v -0.105701 0.034184 -0.165619
v -0.100933 0.107935 -0.166211
v -0.089082 0.121154 -0.163918
v -0.072415 0.124262 -0.161670
v -0.081440 0.017786 -0.153367
v -0.052104 0.022228 -0.155788
v -0.024513 0.032239 -0.154089
v -0.039675 0.019513 -0.147059
v -0.138317 0.072340 -0.236176
v -0.136037 0.102331 -0.241734
v -0.140128 0.051192 -0.232358
v -0.122991 0.036595 -0.223998
v -0.130051 0.133832 -0.245143
v -0.124515 0.082746 -0.234595
v -0.129435 0.120074 -0.242803
v -0.115327 0.024207 -0.216669
v -0.113871 0.128530 -0.239689
v -0.096844 0.049074 -0.219006
v -0.100724 0.146711 -0.238605
v -0.099568 0.073965 -0.224550
v -0.088179 0.029064 -0.212006
v -0.099559 0.127017 -0.234555
v -0.090328 0.019453 -0.207671
v -0.093225 0.160070 -0.235668
v -0.090037 0.114936 -0.229134
v -0.080484 0.145173 -0.231613
v -0.063776 0.076807 -0.213388
v -0.066396 0.103808 -0.219029
v -0.067024 0.021515 -0.201266
v -0.072318 0.178718 -0.206839
v -0.065489 0.171292 -0.204896
v -0.093684 0.173066 -0.214144
v -0.057632 0.154831 -0.224338
v -0.061196 0.050243 -0.207480
v -0.061627 0.125824 -0.221857
v -0.054799 0.030996 -0.200722
v -0.056269 0.022204 -0.173630
v -0.075129 0.017957 -0.179136
v -0.055985 0.174559 -0.201343
v -0.047822 0.143394 -0.220529
v -0.051437 0.026165 -0.196916
v -0.035942 0.124609 -0.212801
v -0.036509 0.102057 -0.208601
v -0.035733 0.053644 -0.198815
v -0.040933 0.029984 -0.173018
v -0.044593 0.163393 -0.197312
v -0.035868 0.034917 -0.193827
v -0.028535 0.029263 -0.169327
v -0.020747 0.084639 -0.199773
v -0.031325 0.150675 -0.192056
v -0.030309 0.140738 -0.213060
v -0.021042 0.045131 -0.169484
v -0.020215 0.144037 -0.183967
v -0.018455 0.051534 -0.191046
v -0.017557 0.106616 -0.202532
v -0.018257 0.126839 -0.205925
v -0.016060 0.064535 -0.193594
v -0.005266 0.119820 -0.174304
v -0.010021 0.060606 -0.166963
v -0.008174 0.074520 -0.190278
v -0.009235 0.066667 -0.179071
v -0.005817 0.077274 -0.168043
v -0.009903 0.112536 -0.199802
v -0.006962 0.094967 -0.195492
v -0.003300 0.092386 -0.177740
v -0.000982 0.100384 -0.169316
v -0.133044 0.061797 -0.010634
v -0.153263 0.076315 -0.010571
v -0.155801 0.088421 -0.015394
v -0.154050 0.112198 -0.021115
v -0.146384 0.142698 -0.030032
v -0.147923 0.064523 -0.007515
v -0.141702 0.144506 -0.035300
v -0.138575 0.164576 -0.041543
v -0.121217 0.150665 -0.037066
v -0.127636 0.042527 -0.003671
v -0.123202 0.175689 -0.046618
v -0.097632 0.178422 -0.052827
v -0.102490 0.037941 -0.005805
v -0.090575 0.156098 -0.041218
v -0.099117 0.183272 -0.050373
v -0.105215 0.028996 0.000275
v -0.078888 0.025504 -0.004417
v -0.090402 0.024760 0.002474
v -0.082473 0.053983 -0.013575
v -0.085660 0.180010 -0.049771
v -0.071243 0.021347 -0.000185
v -0.057272 0.172809 -0.053494
v -0.061581 0.144333 -0.040760
v -0.042055 0.031099 -0.011915
v -0.055084 0.037141 -0.010962
v -0.046900 0.042472 -0.015097
v -0.028287 0.037204 -0.019455
v -0.020117 0.154371 -0.054017
v -0.033058 0.170247 -0.054443
v -0.012633 0.137179 -0.049389
v -0.010651 0.155451 -0.054867
v -0.000068 0.139805 -0.053689
v -0.004838 0.118332 -0.046302
v -0.000837 0.059770 -0.034198
v 0.002092 0.054253 -0.030090
v -0.013064 0.043687 -0.026524
v 0.005183 0.120026 -0.049130
v 0.003927 0.102408 -0.043166
v -0.001142 0.099465 -0.042782
v 0.003802 0.077518 -0.036476
v 0.013031 0.093250 -0.043365
v 0.013945 0.066243 -0.034179
v 0.011701 0.124741 -0.050636
v 0.015127 0.111636 -0.046934
v 0.018215 0.087429 -0.040232
v -0.145182 0.052474 0.057620
v -0.135516 0.099447 0.054480
v -0.137809 0.026958 0.060402
v -0.127780 0.076604 0.052612
v -0.130576 0.039422 0.052664
v -0.128678 0.114250 0.053801
v -0.120660 0.016615 0.062801
v -0.133555 0.121894 0.059626
v -0.117331 0.029696 0.053479
v -0.109814 0.054004 0.049211
v -0.112349 0.108707 0.049057
v -0.108994 0.124976 0.055337
v -0.100337 0.084738 0.046533
v -0.098825 0.020738 0.054794
v -0.080105 0.014886 0.056924
v -0.097743 0.036484 0.047159
v -0.090583 0.064275 0.048066
v -0.091924 0.104194 0.040656
v -0.094883 0.123824 0.046312
v -0.079135 0.029610 0.048509
v -0.074940 0.047088 0.045653
v -0.060922 0.077207 0.037327
v -0.067399 0.071552 0.041989
v -0.059533 0.024677 0.043443
v -0.047490 0.043831 0.037812
v -0.053790 0.057381 0.035954
v -0.045856 0.014089 0.050840
v -0.037664 0.028978 0.038329
v -0.026118 0.040041 0.031168
v -0.022128 0.024549 0.048885
v -0.015691 0.034514 0.042091
v -0.014068 0.044784 0.034713
v -0.151724 0.116026 -0.017307
v -0.143399 0.130862 -0.022256
v -0.151145 0.127458 -0.022469
v -0.131926 0.162332 -0.038233
v -0.127131 0.150103 -0.029707
v -0.111137 0.162734 -0.037260
v -0.086007 0.168777 -0.041219
v -0.061650 0.165500 -0.042398
v -0.054667 0.171854 -0.049608
v -0.035982 0.154578 -0.041867
v -0.035734 0.162067 -0.048756
v -0.018249 0.148719 -0.047486
v -0.015374 0.138033 -0.041177
v 0.000127 0.145904 -0.050775
v -0.003040 0.125903 -0.042018
v 0.001507 0.063812 -0.027820
v -0.011870 0.042480 -0.020833
v 0.008551 0.111845 -0.043011
v 0.003294 0.097094 -0.036970
v 0.010701 0.083684 -0.035291
v 0.009676 0.131708 -0.047509
v -0.145182 0.124091 0.124815
v -0.123209 0.129283 0.067534
v -0.137562 0.130259 0.118710
v -0.123088 0.126850 0.179387
v -0.114324 0.123836 0.186896
v -0.137889 0.128626 0.130148
v -0.122572 0.130170 0.089722
v -0.108019 0.133705 0.167111
v -0.117174 0.130831 0.118658
v -0.127432 0.127882 0.137487
v -0.118196 0.132245 0.151464
v -0.106477 0.130742 0.180143
v -0.097619 0.129272 0.185591
v -0.113108 0.129447 0.137935
v -0.098750 0.134139 0.074452
v -0.099081 0.136122 0.151438
v -0.099046 0.129559 0.098167
v -0.097702 0.130884 0.130552
v -0.092396 0.133402 0.058245
v -0.086384 0.136584 0.178743
v -0.070864 0.133604 0.083891
v -0.079516 0.132224 0.121924
v -0.081528 0.136512 0.147016
v -0.087697 0.133814 0.052422
v -0.062685 0.145178 0.163435
v -0.077301 0.135277 0.055812
v -0.077283 0.132408 0.138088
v -0.058845 0.135352 0.065758
v -0.064210 0.131013 0.104995
v -0.064249 0.139945 0.145889
v -0.057780 0.141172 0.181745
v -0.050933 0.135682 0.054548
v -0.040463 0.142331 0.121495
v -0.052315 0.143756 0.173097
v -0.041273 0.135063 0.086170
v -0.030082 0.140402 0.174776
v -0.020657 0.135326 0.097863
v -0.027206 0.131169 0.068686
v -0.024220 0.132902 0.055201
v -0.022189 0.146236 0.153468
v -0.014747 0.144057 0.130828
v -0.012426 0.120051 0.056011
v -0.015122 0.124417 0.079497
v -0.009927 0.139170 0.165266
v -0.006322 0.139236 0.151451
v -0.010360 0.132127 0.175278
v -0.002342 0.123998 0.103079
v -0.003254 0.133873 0.129950
v -0.149571 0.113585 -0.276540
v -0.137979 0.089976 0.201602
v -0.140728 0.073168 0.204681
v -0.139246 0.058551 0.206242
v -0.130886 0.042661 0.204230
v -0.121468 0.115022 0.192990
v -0.116285 0.105867 0.197064
v -0.131647 0.025411 0.196329
v -0.129829 0.067200 0.207125
v -0.129995 0.054126 0.207609
v -0.126576 0.077193 0.202873
v -0.098391 0.119842 0.191168
v -0.107865 0.095142 0.199466
v -0.105709 0.035450 0.205006
v -0.110576 0.031428 0.198843
v -0.112347 0.087121 0.202908
v -0.105219 0.014850 0.187267
v -0.083975 0.027307 0.192127
v -0.079286 0.131761 0.187574
v -0.089448 0.107526 0.194815
v -0.079442 0.040430 0.197229
v -0.085836 0.102802 0.197919
v -0.066927 0.106487 0.191707
v -0.057430 0.023359 0.185010
v -0.068948 0.011837 0.178042
v -0.057879 0.039077 0.189304
v -0.067293 0.122494 0.189436
v -0.056450 0.042523 0.192779
v -0.058255 0.131090 0.188293
v -0.045564 0.117791 0.185879
v -0.041634 0.018985 0.181151
v -0.057988 0.104402 0.192935
v -0.045006 0.104368 0.187337
v -0.031247 0.130568 0.182804
v -0.033106 0.041196 0.187140
v -0.027177 0.105188 0.189658
v -0.019576 0.111359 0.183882
v -0.018375 0.035257 0.181105
v -0.012194 0.021283 0.170943
v -0.019561 0.095123 0.186682
v -0.016623 0.064419 0.185565
v -0.014967 0.078776 0.187954
v -0.006277 0.075917 0.185314
v 0.000879 0.093023 0.182621
v -0.000076 0.037625 0.176905
v 0.001399 0.056885 0.180688
v 0.000380 0.114640 0.178031
v 0.002754 0.029163 0.164847
v 0.009540 0.084111 0.181542
v 0.009459 0.057481 0.174266
v 0.009291 0.106810 0.172217
v 0.014599 0.075568 0.174076
v -0.120561 0.023656 -0.202319
v -0.080681 0.018185 -0.194103
v -0.060113 0.022197 -0.187076
v -0.038701 0.032290 -0.184540
v -0.020960 0.046097 -0.181170
v -0.135337 0.095962 0.015432
v -0.139844 0.123004 0.011131
v -0.147046 0.100281 0.011744
v -0.142133 0.081268 0.014467
v -0.124674 0.057469 0.016367
v -0.126668 0.148529 0.005092
v -0.137248 0.138962 0.004241
v -0.120633 0.117521 0.011649
v -0.111456 0.143134 0.005952
v -0.117359 0.102927 0.016969
v -0.118008 0.079474 0.017864
v -0.119688 0.159034 -0.003204
v -0.104767 0.040492 0.017799
v -0.101665 0.047555 0.018177
v -0.101440 0.057700 0.018705
v -0.105398 0.120152 0.012964
v -0.089861 0.163876 -0.001623
v -0.091864 0.172868 -0.009247
v -0.087980 0.135264 0.005249
v -0.091124 0.122858 0.011344
v -0.085384 0.043827 0.018773
v -0.077984 0.122645 0.007471
v -0.057211 0.114624 0.009569
v -0.075419 0.173552 -0.007691
v -0.062365 0.156138 -0.003354
v -0.059158 0.125067 0.004040
v -0.049950 0.167396 -0.009310
v -0.048242 0.135017 -0.000507
v -0.039515 0.109202 0.004057
v -0.025927 0.119550 -0.001789
v -0.040019 0.040012 0.007855
v -0.038692 0.042744 0.014678
v -0.042008 0.035746 0.008823
v -0.032297 0.096755 0.008407
v -0.028252 0.149031 -0.007589
v -0.032905 0.051100 0.009573
v -0.027464 0.064110 0.012108
v -0.028105 0.047139 0.005842
v -0.027040 0.155879 -0.011748
v -0.019593 0.094329 0.001850
v -0.026040 0.082287 0.007717
v -0.021229 0.072619 0.004672
v -0.014036 0.066321 0.002408
v -0.011518 0.133629 -0.008569
v -0.014953 0.053069 -0.002693
v -0.003400 0.101142 -0.004295
v 0.000927 0.083105 -0.005793
v -0.002190 0.066168 -0.009856
v 0.000928 0.114399 -0.010503
v -0.138863 0.016415 -0.141569
v -0.126155 0.017266 -0.128052
v -0.118224 0.014167 -0.144339
v -0.117018 0.029230 -0.026822
v -0.115858 0.014692 -0.058629
v -0.111370 0.016084 -0.038167
v -0.111923 0.019265 -0.079098
v -0.114270 0.019952 -0.103896
v -0.118557 0.023953 -0.094847
v -0.102634 0.017494 -0.112966
v -0.085681 0.038540 -0.018772
v -0.096839 0.019347 -0.090031
v -0.091010 0.013271 -0.039745
v -0.093846 0.014262 -0.073669
v -0.086771 0.015362 -0.139442
v -0.085004 0.018100 -0.027051
v -0.076286 0.014420 -0.052350
v -0.072409 0.019336 -0.096236
v -0.072884 0.018026 -0.073675
v -0.064817 0.015691 -0.032872
v -0.063344 0.017256 -0.118620
v -0.066107 0.017298 -0.147668
v -0.062840 0.023457 -0.023344
v -0.064017 0.028816 0.000417
v -0.049158 0.016765 -0.054809
v -0.053612 0.020721 -0.084892
v -0.051775 0.032929 -0.003064
v -0.050258 0.032629 0.003218
v -0.049225 0.022658 -0.099289
v -0.045665 0.034034 -0.019580
v -0.041601 0.020297 -0.030910
v -0.043923 0.021465 -0.110250
v -0.037928 0.027488 -0.077476
v -0.031684 0.038701 -0.011352
v -0.040823 0.036745 0.000934
v -0.024922 0.025315 -0.047235
v -0.031144 0.032437 -0.092500
v -0.031668 0.020935 -0.130747
v -0.027299 0.025731 -0.109360
v -0.027907 0.028479 -0.024877
v -0.021206 0.040651 -0.067339
v -0.021117 0.025757 -0.032833
v -0.018018 0.033910 -0.026695
v -0.008645 0.052808 -0.018890
v 0.002887 0.068445 -0.019263
v -0.134999 0.014701 0.088702
v -0.139404 0.017433 0.073944
v -0.129856 0.023978 0.114553
v -0.128974 0.017646 0.185414
v -0.130694 0.029806 0.125758
v -0.124927 0.013205 0.072945
v -0.116612 0.014747 0.094890
v -0.113833 0.014959 0.161682
v -0.113694 0.012180 0.176366
v -0.114981 0.021689 0.138427
v -0.109749 0.021253 0.122886
v -0.107656 0.012265 0.070220
v -0.092697 0.017318 0.119729
v -0.097501 0.011825 0.092332
v -0.096206 0.015605 0.146261
v -0.087482 0.010286 0.173120
v -0.078284 0.011243 0.074846
v -0.078702 0.014685 0.097001
v -0.070531 0.017417 0.127814
v -0.066459 0.013331 0.151332
v -0.060582 0.019382 0.110834
v -0.059078 0.010379 0.063380
v -0.049598 0.012912 0.170732
v -0.048785 0.022386 0.118825
v -0.056671 0.014870 0.090949
v -0.044278 0.011442 0.072637
v -0.044418 0.014175 0.147764
v -0.035180 0.023095 0.089780
v -0.032071 0.026224 0.125938
v -0.032322 0.012587 0.060415
v -0.024617 0.038074 0.107367
v -0.027186 0.014196 0.161828
v -0.023215 0.023723 0.079213
v -0.010297 0.025018 0.147009
v -0.015865 0.040008 0.088630
v -0.013086 0.056729 0.100115
v -0.012639 0.050038 0.115634
v -0.014482 0.038154 0.126650
v -0.008697 0.018163 0.160591
v -0.134608 0.060606 0.231073
v -0.132764 0.077474 0.232452
v -0.135188 0.071660 0.220088
v -0.133169 0.048255 0.220528
v -0.129549 0.037850 0.233121
v -0.122980 0.063395 0.255346
v -0.134156 0.101031 0.223360
v -0.130595 0.115206 0.234225
v -0.129034 0.115242 0.223872
v -0.124859 0.096637 0.246434
v -0.131109 0.090842 0.228807
v -0.127048 0.028735 0.223757
v -0.129996 0.094826 0.217257
v -0.128947 0.046043 0.212055
v -0.123833 0.030931 0.216174
v -0.115406 0.035322 0.266099
v -0.122763 0.114897 0.248445
v -0.123823 0.131367 0.233496
v -0.117142 0.023276 0.242934
v -0.115939 0.123506 0.257642
v -0.123001 0.081923 0.271968
v -0.120157 0.109737 0.272581
v -0.118564 0.051213 0.271804
v -0.125149 0.066443 0.286665
v -0.129504 0.100000 0.293117
v -0.121124 0.047536 0.284878
v -0.111503 0.035981 0.294272
v -0.104643 0.021854 0.274455
v -0.119743 0.124204 0.285411
v -0.121134 0.122538 0.298419
v -0.122369 0.053638 0.300942
v -0.111368 0.131903 0.298582
v -0.130773 0.076990 0.308256
v -0.126463 0.104349 0.317001
v -0.120919 0.059810 0.321465
v -0.119812 0.079100 0.330442
v -0.106122 0.054930 0.334876
v -0.113271 0.045710 0.313737
v -0.100579 0.028063 0.300245
v -0.106407 0.076479 0.341142
v -0.113197 0.124389 0.320921
v -0.098178 0.065867 0.344906
v -0.097557 0.039128 0.323280
v -0.110703 0.103166 0.335595
v -0.090566 0.049453 0.341454
v -0.101074 0.119703 0.336489
v -0.092542 0.085990 0.342401
v -0.080585 0.020592 0.315146
v -0.097644 0.098211 0.343572
v -0.095430 0.130922 0.327631
v -0.087528 0.036740 0.333484
v -0.087618 0.113747 0.343712
v -0.088751 0.125308 0.338845
v -0.075581 0.022884 0.329094
v -0.124425 0.085395 0.210222
v -0.118215 0.107156 0.213272
v -0.110881 0.125124 0.220274
v -0.091892 0.113123 0.205798
v -0.106022 0.099677 0.204216
v -0.081651 0.125398 0.209468
v -0.092276 0.130653 0.221237
v -0.072628 0.107353 0.197399
v -0.059440 0.116525 0.199493
v -0.066368 0.128291 0.214495
v -0.046069 0.121267 0.204178
v -0.041333 0.108901 0.193099
v -0.027355 0.118551 0.198543
v -0.034963 0.126110 0.209507
v -0.015607 0.128464 0.213676
v -0.015872 0.116650 0.198031
v -0.010259 0.101571 0.195249
v -0.126587 0.117457 0.022065
v -0.126616 0.111902 0.028802
v -0.129925 0.118163 0.029058
v -0.121573 0.090650 0.023756
v -0.106889 0.145118 0.022970
v -0.120520 0.114871 0.020918
v -0.109611 0.118525 0.018664
v -0.097531 0.142094 0.021907
v -0.094152 0.139353 0.016069
v -0.083552 0.161994 0.022086
v -0.076755 0.133601 0.011633
v -0.079006 0.155706 0.021356
v -0.069561 0.157007 0.011513
v -0.075237 0.176350 0.023923
v -0.058329 0.153456 0.009183
v -0.054701 0.169290 0.016379
v -0.057826 0.181218 0.019625
v -0.036958 0.127967 0.009003
v -0.050552 0.017864 -0.000863
v -0.066559 0.016220 0.000796
v -0.046215 0.168662 0.008296
v -0.037534 0.174827 0.018401
v -0.029226 0.180559 0.015013
v -0.033780 0.163211 0.006073
v -0.035509 0.025435 0.000717
v -0.034193 0.171074 0.009523
v -0.023148 0.038700 0.015503
v -0.028488 0.034254 0.005651
v -0.028606 0.014690 -0.002379
v -0.024840 0.055653 0.015491
v -0.006914 0.059078 0.016636
v -0.016046 0.164483 0.006085
v -0.009814 0.138353 0.006318
v -0.012618 0.167618 0.015891
v -0.017438 0.085050 0.011951
v -0.006453 0.030286 0.000134
v 0.003899 0.106689 0.009891
v -0.008368 0.153449 0.004571
v -0.007112 0.040268 0.011019
v 0.002517 0.168863 0.011729
v -0.000358 0.022245 -0.005717
v 0.000887 0.052107 0.016513
v -0.007333 0.178124 0.012920
v 0.009611 0.084911 0.013225
v 0.000534 0.155767 0.007302
v 0.006341 0.152526 0.012546
v 0.008111 0.137601 0.005511
v 0.009069 0.053615 0.010996
v 0.017033 0.049455 0.006290
v 0.016781 0.030780 -0.004698
v 0.012708 0.036270 0.000977
v 0.018583 0.150790 0.011578
v 0.010704 0.143887 0.006353
v 0.020138 0.067518 0.011261
v 0.017669 0.129012 0.005914
v 0.024812 0.117746 0.010921
v 0.013908 0.167668 0.011939
v 0.027648 0.081263 0.011528
v 0.024460 0.047731 0.005262
v 0.032144 0.141919 0.009619
v 0.027456 0.042661 -0.002223
v 0.031401 0.063897 0.010976
v 0.031774 0.038281 -0.004693
v 0.038367 0.118045 0.011134
v 0.043770 0.060248 -0.001207
v 0.044234 0.083888 0.007157
v 0.046037 0.050321 -0.006173
v 0.048789 0.095283 0.009088
v 0.050963 0.064096 -0.002409
v 0.050148 0.075143 0.003939
v -0.117679 0.169325 -0.219737
v -0.100243 0.165311 -0.228465
v -0.103895 0.179027 -0.215396
v -0.079481 0.167080 -0.220727
v -0.059032 0.161391 -0.216438
v -0.038798 0.149742 -0.209077
v -0.020515 0.134328 -0.197404
v -0.007527 0.110875 -0.187127
v -0.116638 0.020697 0.226122
v -0.108721 0.026768 0.212622
v -0.102869 0.017096 0.246440
v -0.101988 0.017619 0.226273
v -0.067247 0.021185 0.209437
v -0.095265 0.018348 0.271934
v -0.089911 0.021445 0.296368
v -0.072666 0.017591 0.224437
v -0.072413 0.017125 0.260658
v -0.078038 0.017873 0.292330
v -0.070509 0.029591 0.202123
v -0.065190 0.017307 0.321245
v -0.052633 0.015985 0.303856
v -0.045964 0.016744 0.241261
v -0.041695 0.016169 0.278716
v -0.041767 0.017706 0.217303
v -0.042795 0.032037 0.194411
v -0.050801 0.031044 0.333733
v -0.032127 0.015364 0.308988
v -0.026934 0.022763 0.320835
v -0.028827 0.022651 0.201992
v -0.015755 0.015291 0.268779
v -0.022924 0.032163 0.193307
v -0.022304 0.017567 0.221971
v -0.012593 0.016937 0.240535
v -0.015744 0.022362 0.207478
v -0.007820 0.014550 0.308961
v -0.009807 0.020118 0.224046
v 0.010054 0.023182 0.265251
v 0.002803 0.020486 0.243357
v 0.001144 0.015123 0.297127
v 0.010833 0.018919 0.284670
v 0.002422 0.020724 0.309515
v 0.014988 0.022827 0.297036
v 0.022354 0.032712 0.284932
v 0.015493 0.035597 0.302676
v -0.120931 0.127648 0.031507
v -0.124339 0.117499 0.037544
v -0.111654 0.117794 0.038254
v -0.105411 0.143460 0.038420
v -0.091022 0.142478 0.046562
v -0.081031 0.159666 0.044111
v -0.092943 0.163772 0.032417
v -0.068514 0.177729 0.038780
v -0.074684 0.146587 0.055437
v -0.061155 0.160037 0.054847
v -0.061880 0.143758 0.055545
v -0.057730 0.166296 0.046304
v -0.051842 0.174658 0.042011
v -0.040012 0.165200 0.052678
v -0.039016 0.148817 0.055863
v -0.040834 0.167191 0.042599
v -0.037222 0.188695 0.035449
v -0.033220 0.187050 0.038266
v -0.014569 0.170909 0.036112
v -0.016179 0.196300 0.034080
v -0.018951 0.146980 0.054876
v -0.019081 0.158375 0.052478
v -0.022833 0.159327 0.044424
v -0.010339 0.185774 0.033251
v -0.006400 0.150312 0.050282
v -0.002152 0.152089 0.038729
v 0.006940 0.124180 0.054520
v -0.005945 0.177812 0.032512
v 0.003527 0.185756 0.031572
v 0.002211 0.186574 0.028115
v 0.004619 0.140687 0.048495
v 0.007604 0.163110 0.032922
v 0.015359 0.092199 0.051325
v 0.001372 0.088332 0.050125
v -0.010083 0.189190 0.031250
v 0.011689 0.141797 0.032337
v 0.002516 0.070261 0.044493
v 0.020123 0.173587 0.028511
v 0.015752 0.061902 0.044894
v 0.023364 0.152188 0.030110
v 0.025599 0.097884 0.050712
v 0.029143 0.124141 0.027235
v 0.020327 0.116433 0.030293
v 0.030838 0.151664 0.024266
v 0.029064 0.075964 0.049857
v 0.026982 0.094315 0.030712
v 0.026650 0.056588 0.046310
v 0.034731 0.103440 0.021956
v 0.034927 0.124927 0.024154
v -0.055360 0.185995 0.029194
v -0.026140 0.183185 0.022721
v -0.022118 0.184164 0.030975
v 0.001746 0.172931 0.022532
v 0.003237 0.175617 0.028991
v 0.015579 0.165242 0.026591
v 0.018562 0.157728 0.017891
v 0.030023 0.137495 0.015513
v -0.114262 0.133098 0.235543
v -0.108623 0.129747 0.263043
v -0.095377 0.132631 0.243680
v -0.097797 0.131776 0.278400
v -0.081301 0.129543 0.236628
v -0.093708 0.134140 0.301526
v -0.080530 0.129204 0.261021
v -0.069289 0.129231 0.329615
v -0.071424 0.128552 0.283673
v -0.069549 0.130607 0.235646
v -0.064128 0.131945 0.310263
v -0.072371 0.125543 0.261314
v -0.061701 0.126982 0.263724
v -0.061590 0.127295 0.249299
v -0.054675 0.127684 0.222460
v -0.045773 0.130559 0.229943
v -0.038152 0.129558 0.317809
v -0.055004 0.128555 0.275466
v -0.049308 0.127819 0.278259
v -0.051624 0.128970 0.265030
v -0.054640 0.132128 0.272450
v -0.054036 0.133999 0.282333
v -0.046941 0.134953 0.275594
v -0.048499 0.132850 0.264157
v -0.048862 0.126612 0.327701
v -0.040566 0.128709 0.256335
v -0.026818 0.128532 0.301858
v -0.036595 0.126837 0.281294
v -0.042729 0.129668 0.267477
v -0.025890 0.130573 0.227296
v -0.021534 0.127986 0.274608
v -0.017667 0.123158 0.320130
v -0.011822 0.125184 0.310182
v -0.011214 0.129720 0.253357
v -0.004563 0.122420 0.281775
v -0.002663 0.119047 0.209809
v -0.001871 0.129144 0.230182
v 0.005820 0.123570 0.251707
v 0.002386 0.111242 0.309874
v 0.003121 0.118533 0.299929
v 0.011189 0.118295 0.233158
v 0.014104 0.115716 0.248208
v 0.011634 0.111640 0.263912
v 0.008675 0.105785 0.288610
v 0.010783 0.093893 0.301122
v -0.018284 0.167376 0.012115
v -0.081244 0.058290 0.347137
v -0.083765 0.072436 0.346139
v -0.074865 0.100537 0.343061
v -0.070461 0.038855 0.341258
v -0.068410 0.118460 0.338280
v -0.057333 0.081164 0.338262
v -0.059969 0.051134 0.343484
v -0.049290 0.103020 0.336230
v -0.038374 0.053161 0.334347
v -0.035796 0.118122 0.328186
v -0.035737 0.070730 0.334540
v -0.024277 0.091228 0.329432
v -0.024660 0.101517 0.329202
v -0.011155 0.038623 0.322567
v -0.022600 0.068912 0.327632
v -0.020694 0.081583 0.327820
v -0.010917 0.026334 0.319927
v -0.009376 0.055961 0.322583
v -0.010324 0.107217 0.323133
v -0.011989 0.093660 0.326185
v -0.007711 0.076467 0.322976
v -0.011529 0.083289 0.328219
v 0.002083 0.089192 0.314382
v 0.004016 0.031839 0.314062
v 0.005595 0.046330 0.313280
v 0.004973 0.065787 0.313126
v 0.015966 0.054604 0.303171
v 0.014581 0.074287 0.300751
v 0.023196 0.047415 0.292703
v 0.021237 0.060756 0.294306
v 0.015937 0.084974 0.287155
v -0.065950 0.173542 -0.020755
v -0.043974 0.166638 -0.019189
v -0.047084 0.167488 -0.031539
v -0.024220 0.155316 -0.026638
v -0.014521 0.145369 -0.016757
v -0.003791 0.132030 -0.024472
v 0.005329 0.082236 -0.026963
v 0.004788 0.111001 -0.027901
v 0.007082 0.094337 -0.020605
v 0.009042 0.136278 0.039594
v 0.020061 0.121223 0.047022
v 0.018517 0.118205 0.037537
v 0.030325 0.100512 0.041846
v 0.024458 0.083970 0.032406
v 0.020940 0.070796 0.029966
v 0.022893 0.071275 0.023005
v 0.025294 0.100527 0.035408
v 0.029500 0.083354 0.023897
v 0.028749 0.073495 0.016830
v 0.033478 0.088322 0.045618
v 0.030906 0.064456 0.044087
v 0.035546 0.088231 0.017179
v 0.036098 0.117006 0.018332
v 0.039505 0.096485 0.017989
v 0.044684 0.081476 0.012756
v 0.039074 0.074040 0.019269
v 0.039618 0.072637 0.015694
v 0.043613 0.078769 0.019933
v 0.038237 0.058356 0.012906
v 0.048575 0.059281 0.001914
v 0.050070 0.073278 0.008603
v 0.051617 0.055700 -0.009026
v -0.019737 0.033230 0.017021
v -0.028684 0.030593 0.022198
v -0.034234 0.027958 0.008927
v -0.007195 0.036472 0.022553
v 0.001010 0.039808 0.012169
v 0.004471 0.044622 0.021480
v 0.016852 0.048043 0.032383
v 0.008425 0.048695 0.015701
v 0.013135 0.061247 0.022935
v 0.018468 0.057173 0.030611
v 0.018692 0.062874 0.014937
v 0.029294 0.081759 0.039250
v -0.021396 0.044158 -0.092126
v -0.017375 0.036634 -0.126731
v -0.017612 0.051761 -0.073715
v -0.017292 0.059197 -0.085557
v -0.016617 0.056026 -0.093904
v -0.017669 0.109479 -0.161799
v -0.013788 0.041372 -0.109181
v -0.012699 0.108433 -0.157453
v -0.007522 0.044478 -0.039700
v -0.013097 0.106886 -0.107938
v -0.012951 0.047097 -0.117586
v -0.013285 0.113509 -0.130954
v -0.010740 0.064871 -0.073892
v -0.013917 0.075272 -0.094456
v -0.010561 0.077028 -0.075645
v -0.012432 0.062856 -0.109026
v -0.010011 0.110619 -0.150029
v -0.010268 0.067048 -0.065337
v -0.010858 0.116867 -0.080597
v -0.010096 0.112762 -0.095507
v -0.009092 0.097772 -0.121549
v -0.004431 0.060912 -0.052921
v -0.009287 0.084636 -0.085972
v -0.011335 0.088603 -0.104775
v -0.008637 0.099502 -0.078144
v -0.010700 0.053359 -0.151779
v -0.007297 0.070958 -0.153725
v -0.006657 0.076823 -0.126935
v -0.008018 0.055303 -0.126706
v -0.006419 0.102932 -0.137631
v -0.006324 0.062816 -0.140917
v -0.005731 0.089276 -0.153567
v -0.005057 0.082439 -0.059086
v -0.005873 0.114052 -0.061613
v -0.003996 0.081655 -0.139893
v -0.002609 0.099709 -0.052091
v 0.002489 0.076189 -0.043180
v -0.017619 0.095445 -0.414986
v -0.018072 0.094707 -0.443901
v -0.016460 0.093467 -0.470495
v -0.015714 0.091674 -0.382657
v -0.011781 0.089613 -0.409903
v -0.009961 0.090938 -0.447654
v -0.011081 0.093578 -0.465465
v -0.009764 0.093341 -0.488178
v -0.010205 0.037452 0.058075
v -0.008815 0.112627 0.064462
v -0.008398 0.063647 0.091692
v -0.005352 0.096876 0.086496
v -0.006506 0.051731 0.075037
v -0.005406 0.057840 0.125124
v -0.004772 0.075590 0.115727
v -0.007118 0.082547 0.097028
v -0.004221 0.097926 0.073600
v -0.005179 0.044931 0.044851
v 0.003755 0.119821 0.167813
v 0.003738 0.052336 0.136499
v -0.001104 0.102604 0.110915
v -0.004597 0.050994 0.037031
v 0.002418 0.108291 0.135177
v -0.000109 0.125708 0.149869
v -0.004537 0.063102 0.080145
v -0.002036 0.057968 0.064288
v -0.000251 0.073445 0.064318
v 0.000101 0.086905 0.059333
v -0.001606 0.057994 0.046090
v 0.006464 0.107933 0.150636
v 0.004191 0.071600 0.131667
v 0.002542 0.090207 0.128013
v 0.009101 0.080551 0.137960
v 0.008901 0.092546 0.142265
v 0.009832 0.042177 0.163877
v 0.006464 0.039346 0.150465
v 0.011790 0.056132 0.150550
v 0.012020 0.072383 0.146878
v 0.012503 0.098069 0.155020
v 0.013099 0.086353 0.155848
v 0.012437 0.103283 0.164876
v 0.013573 0.091121 0.170224
v 0.014009 0.063863 0.161007
v -0.015675 0.051793 0.190370
v -0.011177 0.035112 0.199953
v -0.005036 0.072569 0.198328
v -0.007352 0.034094 0.213246
v 0.010760 0.098164 0.217782
v -0.001510 0.053207 0.203355
v 0.000404 0.026254 0.231130
v 0.008764 0.047321 0.229582
v 0.002762 0.059538 0.212261
v 0.007260 0.075701 0.211881
v 0.013704 0.072338 0.223519
v 0.019959 0.101982 0.244443
v 0.011450 0.033240 0.244988
v 0.020406 0.063556 0.241189
v 0.020978 0.084125 0.234588
v 0.018208 0.042467 0.249796
v 0.023299 0.078158 0.252139
v 0.023031 0.054419 0.255688
v 0.023609 0.065325 0.251204
v 0.022317 0.039139 0.266828
v 0.024006 0.064601 0.259815
v 0.018019 0.092834 0.267930
v 0.024916 0.053361 0.271044
v 0.021871 0.071702 0.272766
v 0.026363 0.041578 0.277260
v 0.024197 0.058124 0.284149
v 0.026405 0.046000 0.282892
v 0.020509 0.070127 0.288288
v -0.020843 0.092918 0.340667
v -0.018803 0.087051 0.359125
v -0.013949 0.095652 0.345885
v -0.013661 0.093917 0.392894
v -0.011029 0.086319 0.414787
v -0.008400 0.095796 0.426198
v -0.006823 0.092706 0.449888
v -0.005698 0.097512 0.403067
v -0.002015 0.086499 0.462962
v -0.001717 0.098120 0.442866
v 0.002934 0.094866 0.473284
v 0.006652 0.090131 0.496209
v -0.015145 0.081112 0.342051
v -0.009860 0.081849 0.385150
v -0.009849 0.083447 0.338282
v -0.007192 0.083596 0.361817
v -0.003308 0.082734 0.420765
v -0.001954 0.084939 0.393161
v 0.005024 0.087823 0.450226
v 0.002408 0.087128 0.420587
v 0.007598 0.090483 0.470343
v -0.014784 0.084707 -0.390860
v -0.009438 0.121092 -0.353213
v -0.010294 0.083730 -0.439904
v -0.006472 0.041293 -0.368961
v -0.007852 0.083433 -0.469974
v -0.007203 0.024012 -0.311369
v -0.006434 0.026779 -0.354031
v -0.004543 0.026918 -0.333405
v -0.002911 0.100000 -0.360450
v -0.006385 0.088538 -0.481611
v -0.004091 0.065338 -0.372775
v -0.002444 0.026622 -0.288381
v -0.004963 0.125358 -0.327348
v -0.002980 0.114610 -0.347153
v -0.001660 0.036089 -0.327493
v -0.001772 0.041359 -0.356018
v 0.002721 0.040886 -0.301557
v 0.003898 0.048256 -0.266173
v 0.003351 0.035618 -0.275823
v -0.001161 0.076608 -0.356945
v -0.000651 0.051181 -0.347425
v -0.000422 0.049440 -0.330082
v 0.000834 0.095690 -0.338891
v 0.002916 0.048502 -0.317833
v 0.001725 0.110813 -0.331602
v 0.001156 0.071795 -0.336602
v 0.001184 0.123252 -0.285827
v 0.002177 0.117968 -0.312362
v 0.004256 0.107726 -0.311984
v 0.004271 0.059390 -0.326872
v 0.004396 0.036497 -0.288624
v 0.005146 0.067688 -0.315661
v 0.008295 0.115586 -0.285525
v 0.006469 0.085130 -0.316581
v 0.005478 0.049060 -0.287401
v 0.009746 0.088617 -0.260721
v 0.010078 0.074059 -0.272266
v 0.008837 0.083434 -0.289803
v 0.009316 0.099326 -0.295814
v 0.013008 0.102366 -0.263178
v 0.012536 0.104823 -0.275129
v -0.007940 0.089630 0.341132
v -0.003146 0.091474 0.377003
v -0.000494 0.093868 0.403438
v 0.002551 0.095017 0.430972
v 0.004328 0.095836 0.456062
v 0.016983 0.067622 -0.149201
v 0.020540 0.087557 -0.151642
v 0.024957 0.051617 -0.156367
v 0.022390 0.094861 -0.143726
v 0.031849 0.100671 -0.147697
v 0.034328 0.122370 -0.138878
v 0.021363 0.109327 -0.150895
v 0.021069 0.131179 -0.152185
v 0.019220 0.131916 -0.156850
v 0.030556 0.154437 -0.160529
v 0.046401 0.146583 -0.157766
v 0.046027 0.104428 -0.150963
v 0.045115 0.164803 -0.160329
v 0.046092 0.121070 -0.154864
v 0.061192 0.093570 -0.146507
v 0.063733 0.099302 -0.152885
v 0.071530 0.175386 -0.163359
v 0.059175 0.170509 -0.167066
v 0.079337 0.141568 -0.159273
v 0.086533 0.182171 -0.169077
v 0.079544 0.083295 -0.152023
v 0.094481 0.083809 -0.153723
v 0.103297 0.099595 -0.155835
v 0.097404 0.172411 -0.163477
v 0.099951 0.184989 -0.165540
v 0.090370 0.076905 -0.150344
v 0.108773 0.136236 -0.159411
v 0.111222 0.075796 -0.150593
v 0.136917 0.163956 -0.162621
v 0.143880 0.115473 -0.156573
v 0.136212 0.182447 -0.166826
v 0.134881 0.082896 -0.153321
v 0.125123 0.071254 -0.145847
v 0.143806 0.073980 -0.149737
v 0.167037 0.085871 -0.150382
v 0.177865 0.148456 -0.158456
v 0.159087 0.077046 -0.146974
v 0.157912 0.176760 -0.167136
v 0.166584 0.172334 -0.162100
v 0.191454 0.104707 -0.149738
v 0.180632 0.166889 -0.162781
v 0.183748 0.084290 -0.145636
v 0.196426 0.157072 -0.156350
v 0.193101 0.079301 -0.144933
v 0.206765 0.135768 -0.152031
v 0.203719 0.094112 -0.150578
v 0.196837 0.072170 -0.146242
v 0.203354 0.147340 -0.159316
v 0.213608 0.113263 -0.151354
v 0.220807 0.126058 -0.149807
v 0.024641 0.113517 -0.155997
v 0.026567 0.076064 -0.152364
v 0.029699 0.092395 -0.157387
v 0.035718 0.136542 -0.160430
v 0.035186 0.057798 -0.154600
v 0.041377 0.124279 -0.160432
v 0.048065 0.115829 -0.142344
v 0.042323 0.078749 -0.171185
v 0.034307 0.083483 -0.167412
v 0.040098 0.108355 -0.171702
v 0.042631 0.038092 -0.158263
v 0.040566 0.025900 -0.158850
v 0.038276 0.061617 -0.171223
v 0.068385 0.127445 -0.175606
v 0.051826 0.159267 -0.165019
v 0.046182 0.044197 -0.158285
v 0.057252 0.149977 -0.136845
v 0.049717 0.043998 -0.170526
v 0.058649 0.021046 -0.159974
v 0.071013 0.041517 -0.170952
v 0.058575 0.031982 -0.158419
v 0.056689 0.149377 -0.164402
v 0.068452 0.143526 -0.138615
v 0.068975 0.089998 -0.173205
v 0.061142 0.144537 -0.174004
v 0.075766 0.025325 -0.171121
v 0.077039 0.126789 -0.140244
v 0.081306 0.103608 -0.140047
v 0.078634 0.020295 -0.157283
v 0.082776 0.159379 -0.177259
v 0.077003 0.005583 -0.156436
v 0.082361 0.172181 -0.168516
v 0.072981 0.135358 -0.139368
v 0.093804 0.077859 -0.173643
v 0.085359 0.163910 -0.136807
v 0.086620 0.171306 -0.132724
v 0.078889 0.134773 -0.138454
v 0.089818 0.088133 -0.142316
v 0.099978 0.154627 -0.136265
v 0.081538 0.135445 -0.139238
v 0.083264 0.139271 -0.138130
v 0.083479 0.134217 -0.139309
v 0.095240 0.135122 -0.137819
v 0.102629 0.038100 -0.171889
v 0.089738 0.077809 -0.145092
v 0.082049 0.136144 -0.139088
v 0.085133 0.135660 -0.139269
v 0.096932 0.005409 -0.156928
v 0.106056 0.119318 -0.138354
v 0.104039 0.017878 -0.155175
v 0.110564 0.174105 -0.134965
v 0.103033 -0.000000 -0.154130
v 0.108669 0.020280 -0.167378
v 0.106169 0.077017 -0.144237
v 0.124360 0.103785 -0.176760
v 0.131696 0.148275 -0.179798
v 0.106444 0.181593 -0.171184
v 0.115074 0.172246 -0.178583
v 0.120006 0.147568 -0.135306
v 0.114050 0.086763 -0.141171
v 0.116557 0.009975 -0.153929
v 0.110782 0.131618 -0.138035
v 0.110331 0.134373 -0.137570
v 0.110789 0.135626 -0.137597
v 0.110424 0.135263 -0.137647
v 0.109378 0.135766 -0.137620
v 0.118661 0.136020 -0.136369
v 0.134028 0.174254 -0.173143
v 0.140627 0.011047 -0.150389
v 0.118186 0.077031 -0.144832
v 0.130575 0.030569 -0.172048
v 0.127545 0.134667 -0.136506
v 0.133542 0.081922 -0.140384
v 0.136400 0.109626 -0.137685
v 0.132360 0.058055 -0.174060
v 0.133065 0.176415 -0.132034
v 0.138922 0.138535 -0.135139
v 0.128230 0.137653 -0.135651
v 0.129904 0.136885 -0.136453
v 0.128210 0.138339 -0.136377
v 0.131600 0.135200 -0.136014
v 0.136344 0.132910 -0.136363
v 0.131015 0.021418 -0.151208
v 0.145464 0.162995 -0.181522
v 0.155222 0.081203 -0.176285
v 0.144556 0.165116 -0.133118
v 0.148250 0.073929 -0.141582
v 0.147425 0.172861 -0.169703
v 0.168287 0.102242 -0.137424
v 0.160490 0.031667 -0.147600
v 0.156418 0.118305 -0.178773
v 0.162909 0.144277 -0.133236
v 0.158509 0.086388 -0.139820
v 0.168753 0.062999 -0.174822
v 0.164552 0.154549 -0.174604
v 0.164558 0.160207 -0.127710
v 0.150341 0.036068 -0.171480
v 0.163866 0.157029 -0.167576
v 0.176048 0.157751 -0.165024
v 0.177705 0.029586 -0.146237
v 0.172582 0.018789 -0.146918
v 0.172719 0.084303 -0.141354
v 0.169209 0.149426 -0.181033
v 0.178140 0.108918 -0.178152
v 0.175552 0.137208 -0.180036
v 0.179438 0.139593 -0.167321
v 0.194122 0.127968 -0.129626
v 0.182772 0.062585 -0.155274
v 0.182445 0.048099 -0.152474
v 0.162787 0.046204 -0.162294
v 0.179439 0.043534 -0.147181
v 0.183484 0.122032 -0.176321
v 0.186879 0.087022 -0.174064
v 0.190955 0.086676 -0.140017
v 0.186067 0.105869 -0.177088
v 0.191962 0.056335 -0.144576
v 0.195578 0.033140 -0.142298
v 0.201925 0.102103 -0.134938
v 0.194415 0.068897 -0.152079
v 0.197192 0.118433 -0.156324
v 0.187055 0.121916 -0.162002
v 0.191332 0.096375 -0.156408
v 0.205386 0.047311 -0.142006
v 0.202667 0.071622 -0.140130
v 0.209529 0.105444 -0.130765
v 0.213332 0.091578 -0.138488
v 0.213768 0.057102 -0.139538
v 0.215796 0.124697 -0.155054
v 0.026587 0.051798 -0.152104
v 0.033372 0.100722 -0.140330
v 0.044662 0.057690 -0.147971
v 0.048451 0.078456 -0.141170
v 0.052911 0.134268 -0.135339
v 0.056853 0.020365 -0.155930
v 0.064600 0.118471 -0.136947
v 0.057592 0.048523 -0.143180
v 0.057069 0.100002 -0.135828
v 0.073147 0.141477 -0.134462
v 0.084893 0.025016 -0.150049
v 0.076697 0.158227 -0.132780
v 0.076854 0.045246 -0.142951
v 0.077049 0.041918 -0.146487
v 0.079988 0.115581 -0.134644
v 0.103297 0.165141 -0.131524
v 0.097288 0.134390 -0.133920
v 0.098041 0.122720 -0.130360
v 0.105291 0.039047 -0.141592
v 0.126143 0.018236 -0.145615
v 0.143226 0.145015 -0.130925
v 0.128216 0.131245 -0.132680
v 0.127265 0.173544 -0.129384
v 0.136191 0.042091 -0.138590
v 0.132848 0.124986 -0.128842
v 0.144842 0.165677 -0.128213
v 0.158466 0.013021 -0.143808
v 0.161887 0.113341 -0.131273
v 0.157586 0.037295 -0.139655
v 0.154786 0.056498 -0.135134
v 0.162020 0.078498 -0.132023
v 0.161260 0.068345 -0.135913
v 0.173975 0.072837 -0.135787
v 0.172526 0.098998 -0.129055
v 0.178139 0.129555 -0.129530
v 0.183664 0.039924 -0.139324
v 0.183139 0.023752 -0.141848
v 0.194093 0.096971 -0.131635
v 0.204414 0.061129 -0.135918
v 0.213156 0.082546 -0.129696
v 0.024684 0.072701 -0.227400
v 0.022046 0.075239 -0.207134
v 0.025347 0.093138 -0.204491
v 0.032372 0.078017 -0.195405
v 0.025147 0.058271 -0.214361
v 0.027664 0.094127 -0.231722
v 0.031206 0.050722 -0.204548
v 0.032406 0.112191 -0.222300
v 0.031295 0.113219 -0.202653
v 0.037202 0.049660 -0.251369
v 0.031169 0.082506 -0.247956
v 0.036708 0.107671 -0.190597
v 0.031457 0.041609 -0.227420
v 0.033083 0.101884 -0.290102
v 0.032087 0.090808 -0.278715
v 0.032450 0.114842 -0.270092
v 0.036458 0.032436 -0.209106
v 0.032476 0.117063 -0.283924
v 0.041211 0.024305 -0.219566
v 0.034907 0.093588 -0.261894
v 0.040621 0.115600 -0.303952
v 0.037250 0.064355 -0.264053
v 0.038041 0.124563 -0.274004
v 0.042652 0.051893 -0.191218
v 0.041550 0.029858 -0.238850
v 0.038084 0.103954 -0.250583
v 0.037683 0.072686 -0.301410
v 0.039138 0.129475 -0.212389
v 0.038745 0.110384 -0.259544
v 0.036060 0.077937 -0.275287
v 0.037107 0.066665 -0.287928
v 0.038701 0.094900 -0.301728
v 0.046566 0.123235 -0.189973
v 0.040901 0.034312 -0.197451
v 0.040133 0.080298 -0.314155
v 0.045610 0.095270 -0.321544
v 0.045854 0.023003 -0.203734
v 0.044677 0.129705 -0.226684
v 0.046225 0.040996 -0.273220
v 0.044776 0.050463 -0.307519
v 0.045442 0.121544 -0.239818
v 0.047671 0.064524 -0.327270
v 0.047575 0.136426 -0.198261
v 0.042628 0.121092 -0.252312
v 0.047006 0.020824 -0.236841
v 0.052876 0.027986 -0.252320
v 0.046203 0.112073 -0.323511
v 0.048168 0.121450 -0.312396
v 0.043801 0.123913 -0.293002
v 0.053970 0.102809 -0.332294
v 0.052995 0.031939 -0.302393
v 0.059916 0.036176 -0.321415
v 0.058244 0.025300 -0.291647
v 0.059502 0.022942 -0.311157
v 0.064029 0.024110 -0.319958
v 0.062715 0.070610 -0.338981
v 0.036438 0.065842 -0.160273
v 0.048014 0.131421 -0.168810
v 0.059900 0.032168 -0.164643
v 0.080357 0.021556 -0.164828
v 0.039666 0.057445 0.095323
v 0.036330 0.061218 0.117882
v 0.042094 0.078546 0.107257
v 0.028861 0.091930 0.190914
v 0.032066 0.097705 0.205820
v 0.033557 0.116292 0.205296
v 0.028163 0.119593 0.190686
v 0.036648 0.079697 0.127325
v 0.043980 0.072292 0.091231
v 0.032046 0.074263 0.201984
v 0.031608 0.055034 0.177088
v 0.030385 0.087331 0.167249
v 0.032706 0.035424 0.142003
v 0.034851 0.037423 0.159849
v 0.029873 0.046005 0.146529
v 0.033001 0.044145 0.130227
v 0.036526 0.038231 0.105688
v 0.045778 0.064002 0.082624
v 0.033986 0.082080 0.207833
v 0.033506 0.063149 0.154182
v 0.041370 0.098910 0.123557
v 0.042712 0.049268 0.081673
v 0.039719 0.059887 0.207468
v 0.035442 0.040677 0.192100
v 0.025975 0.120468 0.166010
v 0.032862 0.068441 0.142051
v 0.047536 0.094209 0.104419
v 0.039350 0.039375 0.087808
v 0.037644 0.130689 0.201766
v 0.049750 0.086054 0.090901
v 0.032667 0.136435 0.178936
v 0.030026 0.113147 0.144955
v 0.033019 0.090015 0.142996
v 0.038778 0.023344 0.121239
v 0.047844 0.074957 0.084257
v 0.051828 0.106714 0.106270
v 0.053118 0.100981 0.094512
v 0.041000 0.022933 0.105058
v 0.038644 0.022198 0.150485
v 0.040752 0.027522 0.193849
v 0.029971 0.134033 0.150860
v 0.033363 0.126516 0.139721
v 0.038463 0.118539 0.131964
v 0.045316 0.017258 0.144713
v 0.058853 0.113445 0.092489
v 0.046373 0.035302 0.206895
v 0.051873 0.117126 0.119292
v 0.045154 0.024066 0.090714
v 0.043699 0.020321 0.169064
v 0.042317 0.132394 0.135476
v 0.057985 0.116996 0.103545
v 0.037545 0.094698 0.209224
v 0.048698 0.085619 0.209888
v 0.043688 0.110053 0.211978
v 0.049663 0.059369 0.213643
v 0.055108 0.128492 0.206360
v 0.065703 0.111720 0.211620
v 0.067285 0.069748 0.214136
v 0.058161 0.044687 0.214297
v 0.063068 0.028214 0.204944
v 0.067384 0.056737 0.215155
v 0.071298 0.089059 0.211347
v 0.082160 0.038928 0.210625
v 0.082723 0.120488 0.207588
v 0.081995 0.128834 0.203369
v 0.083170 0.054120 0.217214
v 0.092088 0.097089 0.213136
v 0.087780 0.073018 0.218489
v 0.097972 0.021577 0.200520
v 0.092778 0.037937 0.211412
v 0.112046 0.102252 0.210583
v 0.105663 0.129008 0.201495
v 0.116601 0.090755 0.214643
v 0.117296 0.121081 0.206916
v 0.106600 0.027327 0.209227
v 0.134558 0.106618 0.208745
v 0.128670 0.125664 0.200683
v 0.147388 0.115687 0.205406
v 0.146496 0.102214 0.211712
v 0.159714 0.105377 0.211210
v 0.164235 0.116576 0.199697
v 0.162980 0.110106 0.205842
v 0.169377 0.099505 0.206106
v 0.039450 0.061781 0.042943
v 0.037691 0.052120 0.032552
v 0.048559 0.043220 0.038792
v 0.055334 0.032736 0.026238
v 0.041916 0.051816 0.022466
v 0.044954 0.070929 0.049659
v 0.059154 0.044773 0.053129
v 0.052538 0.062413 0.057132
v 0.060760 0.047403 0.060694
v 0.068596 0.029320 0.042751
v 0.085518 0.028054 0.051746
v 0.092182 0.016576 0.035710
v 0.084363 0.017341 0.022907
v 0.075194 0.034828 0.062132
v 0.095065 0.024551 0.059590
v 0.122228 0.015849 0.049541
v 0.117505 0.014030 0.026390
v 0.116042 0.016039 0.061166
v 0.126535 0.012328 0.035818
v 0.137853 0.017874 0.061724
v 0.146532 0.017158 0.047106
v 0.146852 0.017073 0.039632
v 0.165904 0.022851 0.059647
v 0.173343 0.032923 0.049155
v 0.156047 0.023230 0.064507
v 0.161688 0.025015 0.039766
v 0.037194 0.064538 0.020654
v 0.056199 0.100712 0.020672
v 0.045327 0.109971 0.025068
v 0.051167 0.049118 0.021685
v 0.050552 0.078941 0.017907
v 0.051998 0.065847 0.020000
v 0.068670 0.032098 0.022447
v 0.056875 0.126039 0.022180
v 0.061963 0.049228 0.021607
v 0.072094 0.132058 0.022524
v 0.068334 0.138894 0.022251
v 0.071894 0.117902 0.020890
v 0.081258 0.035275 0.021044
v 0.084887 0.147865 0.023295
v 0.089454 0.131358 0.023475
v 0.097634 0.027000 0.023619
v 0.101437 0.145177 0.024215
v 0.107266 0.153409 0.023817
v 0.112218 0.135847 0.025484
v 0.133523 0.028076 0.026263
v 0.130798 0.143760 0.026233
v 0.132895 0.153722 0.025063
v 0.129632 0.134354 0.025844
v 0.143492 0.021895 0.026803
v 0.125288 0.032000 0.018170
v 0.150322 0.037401 0.024839
v 0.146472 0.128696 0.026854
v 0.147605 0.149413 0.025985
v 0.153259 0.133420 0.026745
v 0.158033 0.116029 0.024631
v 0.161850 0.142637 0.027234
v 0.172929 0.113923 0.026811
v 0.167579 0.038263 0.029995
v 0.158855 0.028874 0.031953
v 0.167533 0.100244 0.023774
v 0.178065 0.089206 0.026096
v 0.172080 0.086403 0.023367
v 0.173996 0.131671 0.030873
v 0.178447 0.051788 0.023927
v 0.180859 0.075825 0.023151
v 0.184635 0.102285 0.025991
v 0.184646 0.118693 0.028333
v 0.184045 0.084435 0.025161
v 0.182960 0.066799 0.025509
v 0.034146 0.057443 -0.092580
v 0.019192 0.091755 -0.092343
v 0.022742 0.090227 -0.107028
v 0.025736 0.081722 -0.083637
v 0.034124 0.055607 -0.110292
v 0.033771 0.080216 -0.127162
v 0.033280 0.061862 -0.123784
v 0.020949 0.107595 -0.097176
v 0.042083 0.070951 -0.135906
v 0.023599 0.122564 -0.067883
v 0.032510 0.120011 -0.051913
v 0.028700 0.128563 -0.062817
v 0.023990 0.108459 -0.066847
v 0.021339 0.110538 -0.084530
v 0.031174 0.109760 -0.117477
v 0.039738 0.094278 -0.130440
v 0.029431 0.103182 -0.054794
v 0.037336 0.107770 -0.047516
v 0.033856 0.129664 -0.054446
v 0.033875 0.092975 -0.056232
v 0.027052 0.127693 -0.075259
v 0.025378 0.097554 -0.073266
v 0.029157 0.125651 -0.093411
v 0.042179 0.057212 -0.078020
v 0.049418 0.059388 -0.011748
v 0.034783 0.135452 -0.076488
v 0.041347 0.073690 -0.062635
v 0.042491 0.094469 -0.045625
v 0.046931 0.128592 -0.045566
v 0.046979 0.121738 -0.124969
v 0.049285 0.094739 -0.027746
v 0.048557 0.074000 -0.026653
v 0.051830 0.098521 -0.012066
v 0.041839 0.128949 -0.113418
v 0.048831 0.083167 -0.010251
v 0.050372 0.065542 -0.008030
v 0.055001 0.075916 -0.000424
v 0.049457 0.056617 -0.028924
v 0.058426 0.093155 0.010760
v 0.054180 0.069160 0.011169
v 0.048960 0.068776 -0.048104
v 0.055746 0.092629 0.000419
v 0.051522 0.103367 -0.035784
v 0.053887 0.047243 -0.058188
v 0.050201 0.119527 -0.040586
v 0.044609 0.137920 -0.089427
v 0.058654 0.109907 0.002255
v 0.056880 0.057836 -0.000785
v 0.058401 0.115461 -0.025299
v 0.059578 0.081551 0.008539
v 0.061734 0.121329 -0.006167
v 0.063361 0.119766 0.003128
v 0.062631 0.059999 0.008410
v 0.062778 0.124938 -0.027340
v 0.065295 0.108840 0.011417
v 0.072663 0.115425 0.011466
v 0.072930 0.129256 0.001695
v 0.046304 0.127419 -0.266041
v 0.058556 0.129302 -0.289966
v 0.048267 0.137171 -0.212133
v 0.062002 0.117489 -0.327982
v 0.054997 0.127049 -0.247238
v 0.054404 0.133013 -0.231178
v 0.052897 0.127943 -0.299759
v 0.059685 0.139624 -0.201960
v 0.073602 0.127352 -0.319335
v 0.072879 0.136140 -0.227746
v 0.062300 0.133436 -0.191612
v 0.069694 0.130277 -0.266990
v 0.080875 0.128392 -0.251370
v 0.076992 0.139258 -0.197304
v 0.087038 0.133240 -0.298403
v 0.084674 0.141781 -0.209787
v 0.111180 0.133459 -0.284235
v 0.090335 0.112616 -0.336741
v 0.092741 0.137524 -0.228946
v 0.108544 0.139690 -0.200290
v 0.098208 0.129594 -0.256412
v 0.111279 0.138300 -0.315422
v 0.110132 0.141880 -0.210590
v 0.105599 0.133282 -0.242564
v 0.114871 0.139151 -0.230251
v 0.129529 0.137525 -0.247630
v 0.111759 0.125954 -0.333945
v 0.139041 0.142850 -0.217922
v 0.144285 0.138251 -0.273560
v 0.142308 0.141232 -0.303463
v 0.137774 0.136880 -0.326219
v 0.153140 0.138980 -0.209404
v 0.121919 0.133002 -0.195943
v 0.139166 0.123940 -0.337801
v 0.151149 0.142193 -0.241279
v 0.155874 0.127839 -0.198745
v 0.170279 0.142987 -0.257230
v 0.172645 0.140699 -0.279613
v 0.161524 0.120782 -0.340660
v 0.168420 0.140617 -0.301395
v 0.170560 0.142032 -0.225837
v 0.166139 0.137111 -0.323867
v 0.170336 0.144791 -0.241180
v 0.174905 0.137252 -0.315674
v 0.177576 0.120571 -0.330726
v 0.175038 0.129745 -0.203173
v 0.183856 0.141763 -0.272180
v 0.186261 0.133999 -0.297102
v 0.183278 0.133096 -0.212610
v 0.189670 0.138141 -0.236726
v 0.194953 0.136183 -0.266528
v 0.037909 0.047856 -0.123930
v 0.045054 0.050335 -0.134843
v 0.044589 0.033218 -0.121387
v 0.047380 0.030040 -0.105726
v 0.049499 0.043369 -0.079551
v 0.055536 0.030477 -0.133414
v 0.054354 0.046401 -0.013493
v 0.056468 0.025354 -0.094510
v 0.056068 0.019178 -0.115574
v 0.061891 0.052240 0.012799
v 0.055256 0.038516 -0.032195
v 0.060807 0.032224 -0.050178
v 0.062726 0.024896 -0.028839
v 0.063123 0.042967 0.003026
v 0.060087 0.034450 -0.071400
v 0.067666 0.018056 -0.094749
v 0.063662 0.028489 -0.008883
v 0.067992 0.021240 -0.129226
v 0.070716 0.025688 -0.075708
v 0.070571 0.018787 -0.037202
v 0.070446 0.026285 -0.060106
v 0.068287 0.044938 0.008670
v 0.070465 0.028491 0.003093
v 0.068607 0.019477 -0.017811
v 0.076477 0.037494 0.013809
v 0.082059 0.031959 0.010820
v 0.072072 0.020601 -0.003327
v 0.039661 0.143759 0.153828
v 0.062588 0.134193 0.197736
v 0.051664 0.141961 0.178800
v 0.056372 0.138381 0.139750
v 0.062405 0.127905 0.124858
v 0.057096 0.143032 0.155407
v 0.064319 0.123666 0.093823
v 0.065343 0.123883 0.107758
v 0.073765 0.133250 0.177974
v 0.067730 0.136461 0.144376
v 0.077522 0.130247 0.132834
v 0.078409 0.130947 0.092650
v 0.078269 0.128687 0.113594
v 0.081887 0.130791 0.151394
v 0.072275 0.125378 0.081585
v 0.093314 0.127679 0.168120
v 0.087495 0.132325 0.197407
v 0.093134 0.126735 0.084309
v 0.089553 0.128344 0.120958
v 0.103508 0.127986 0.133742
v 0.098496 0.132031 0.104861
v 0.100034 0.131575 0.089468
v 0.098818 0.131616 0.181608
v 0.109287 0.131052 0.192983
v 0.122001 0.127955 0.153722
v 0.129363 0.133777 0.092179
v 0.119299 0.129627 0.084153
v 0.134312 0.132177 0.117583
v 0.119619 0.129315 0.178747
v 0.127988 0.128810 0.191121
v 0.138126 0.126962 0.179269
v 0.146558 0.122687 0.196033
v 0.156950 0.131465 0.132224
v 0.153661 0.128615 0.160338
v 0.155269 0.135455 0.096532
v 0.148745 0.127907 0.080235
v 0.156803 0.134390 0.111764
v 0.161016 0.131273 0.086025
v 0.160778 0.121696 0.186887
v 0.170329 0.130251 0.123154
v 0.174861 0.127603 0.143140
v 0.168148 0.132777 0.102448
v 0.169968 0.121423 0.165949
v 0.168244 0.116039 0.185380
v 0.172295 0.127910 0.093568
v 0.178045 0.125380 0.115657
v 0.170455 0.120869 0.081934
v 0.048343 0.035482 0.079508
v 0.057942 0.076894 0.077621
v 0.053289 0.053430 0.075636
v 0.061947 0.102769 0.081709
v 0.073638 0.062210 0.072375
v 0.090366 0.091412 0.071898
v 0.066792 0.024313 0.085901
v 0.066570 0.034759 0.077723
v 0.072168 0.116601 0.078255
v 0.093208 0.049388 0.079188
v 0.100406 0.030319 0.084300
v 0.107849 0.115487 0.076803
v 0.105790 0.075686 0.074669
v 0.122433 0.045296 0.078323
v 0.115931 0.066221 0.078563
v 0.118772 0.086245 0.073053
v 0.128397 0.102072 0.072791
v 0.125989 0.078994 0.072969
v 0.128456 0.054924 0.073053
v 0.125552 0.093320 0.069912
v 0.129159 0.027457 0.084413
v 0.139365 0.119221 0.077541
v 0.138088 0.099231 0.070180
v 0.146805 0.038189 0.076771
v 0.142934 0.046433 0.070491
v 0.157264 0.106142 0.074529
v 0.154684 0.026675 0.083495
v 0.157972 0.120553 0.078267
v 0.156221 0.053243 0.071787
v 0.162773 0.043696 0.078225
v 0.156559 0.101321 0.071243
v 0.173275 0.053892 0.083582
v 0.165507 0.067874 0.071790
v 0.168304 0.031350 0.084891
v 0.171683 0.105789 0.078948
v 0.167171 0.091951 0.073835
v 0.052864 0.016403 0.125563
v 0.048573 0.022605 0.194865
v 0.052312 0.017045 0.099698
v 0.056126 0.016580 0.173387
v 0.064264 0.016127 0.151186
v 0.066691 0.017684 0.095693
v 0.088128 0.015939 0.183839
v 0.077990 0.017209 0.105740
v 0.067632 0.037754 0.244639
v 0.053747 0.047894 0.241227
v 0.068722 0.035178 0.234186
v 0.086317 0.014899 0.155783
v 0.080030 0.030966 0.242018
v 0.083196 0.016562 0.131396
v 0.092406 0.025037 0.227754
v 0.070774 0.046052 0.257177
v 0.078439 0.032812 0.226503
v 0.079433 0.043155 0.262909
v 0.077776 0.034990 0.259211
v 0.089616 0.034068 0.258915
v 0.083076 0.026420 0.222699
v 0.098832 0.021708 0.094313
v 0.088503 0.021199 0.251595
v 0.095291 0.018276 0.215553
v 0.071412 0.025377 0.225976
v 0.075276 0.023770 0.220458
v 0.104077 0.017171 0.120160
v 0.083261 0.062139 0.270055
v 0.100699 0.017842 0.235713
v 0.106797 0.015122 0.245445
v 0.108263 0.011220 0.204294
v 0.103665 0.016998 0.143467
v 0.098630 0.022882 0.265562
v 0.102949 0.028557 0.254335
v 0.108241 0.018426 0.105440
v 0.114411 0.019335 0.214623
v 0.104538 0.017950 0.282958
v 0.096643 0.025012 0.291190
v 0.117932 0.021212 0.261750
v 0.100803 0.020826 0.314640
v 0.106112 0.018686 0.306463
v 0.124960 0.015767 0.176510
v 0.112033 0.015747 0.162148
v 0.102708 0.025463 0.346714
v 0.112019 0.018050 0.342829
v 0.115396 0.017101 0.200062
v 0.109741 0.019133 0.365491
v 0.130721 0.016625 0.322511
v 0.115388 0.016387 0.289311
v 0.124622 0.012969 0.226088
v 0.133388 0.016507 0.136944
v 0.130642 0.030308 0.248345
v 0.136313 0.016412 0.360659
v 0.124550 0.016310 0.110759
v 0.118226 0.021664 0.093948
v 0.127460 0.020776 0.372134
v 0.111995 0.032220 0.378011
v 0.123211 0.018155 0.155447
v 0.144448 0.017626 0.273000
v 0.130445 0.017238 0.099306
v 0.134678 0.015090 0.194308
v 0.140807 0.017645 0.295053
v 0.143073 0.020988 0.202357
v 0.149536 0.019528 0.239416
v 0.137671 0.008304 0.236073
v 0.159147 0.019172 0.214816
v 0.143539 0.016032 0.109073
v 0.147259 0.029744 0.252651
v 0.146088 0.016306 0.170522
v 0.146911 0.018860 0.094438
v 0.159408 0.019476 0.261281
v 0.159936 0.038968 0.245842
v 0.150509 0.024973 0.373476
v 0.153151 0.016309 0.128782
v 0.162920 0.013716 0.344306
v 0.168111 0.016234 0.228906
v 0.171360 0.016407 0.308161
v 0.160406 0.020271 0.189134
v 0.159705 0.018409 0.110585
v 0.172344 0.015397 0.286834
v 0.163222 0.024955 0.194459
v 0.158476 0.020841 0.168046
v 0.160041 0.022483 0.089888
v 0.171404 0.014514 0.365763
v 0.173920 0.032765 0.197436
v 0.164282 0.019629 0.148382
v 0.178741 0.037744 0.246105
v 0.173856 0.026010 0.251207
v 0.167893 0.024786 0.102765
v 0.170818 0.020254 0.372872
v 0.181040 0.024378 0.234226
v 0.175804 0.026007 0.186696
v 0.184699 0.035773 0.188636
v 0.189855 0.042537 0.239308
v 0.190860 0.018046 0.259311
v 0.188558 0.014610 0.323931
v 0.198230 0.035923 0.205183
v 0.190009 0.012833 0.360448
v 0.194013 0.035298 0.215025
v 0.184859 0.012421 0.348499
v 0.201379 0.037951 0.221734
v 0.187086 0.023472 0.374245
v 0.196290 0.019801 0.370550
v 0.196348 0.015398 0.292676
v 0.197750 0.028972 0.248569
v 0.203623 0.017680 0.270460
v 0.203348 0.039975 0.233571
v 0.197259 0.043352 0.188682
v 0.200207 0.015013 0.337543
v 0.203433 0.048147 0.242266
v 0.206323 0.017679 0.357983
v 0.207726 0.016594 0.314254
v 0.211374 0.030142 0.251640
v 0.213135 0.021514 0.334492
v 0.206684 0.048384 0.191898
v 0.213782 0.018687 0.298824
v 0.212104 0.042513 0.203872
v 0.213171 0.021133 0.277575
v 0.218705 0.027013 0.364502
v 0.213856 0.023251 0.262289
v 0.218597 0.026181 0.319487
v 0.219857 0.023934 0.354116
v 0.052148 0.095022 -0.184783
v 0.057804 0.067054 -0.183849
v 0.055359 0.033066 -0.191646
v 0.070942 0.017049 -0.202265
v 0.073035 0.122800 -0.188357
v 0.076642 0.046516 -0.184135
v 0.075184 0.021994 -0.193429
v 0.086815 0.106844 -0.185307
v 0.083352 0.069581 -0.183943
v 0.091716 0.023882 -0.193865
v 0.094239 0.130984 -0.190863
v 0.106757 0.088041 -0.187391
v 0.106432 0.106031 -0.185087
v 0.106889 0.055876 -0.187997
v 0.110779 0.036511 -0.188799
v 0.115973 0.118742 -0.188385
v 0.108712 0.015278 -0.202434
v 0.121026 0.027352 -0.194028
v 0.124973 0.101225 -0.186798
v 0.125799 0.077682 -0.190041
v 0.124862 0.053002 -0.189189
v 0.133205 0.118001 -0.192209
v 0.151499 0.043025 -0.192365
v 0.143227 0.017932 -0.201361
v 0.148126 0.073013 -0.190883
v 0.148608 0.104348 -0.191790
v 0.147206 0.028136 -0.195379
v 0.161770 0.090983 -0.189768
v 0.167387 0.110346 -0.193980
v 0.168468 0.029382 -0.197877
v 0.178986 0.080932 -0.194191
v 0.174447 0.058290 -0.192392
v 0.180908 0.039092 -0.198003
v 0.182840 0.112077 -0.198465
v 0.183602 0.026455 -0.207740
v 0.186144 0.055055 -0.197242
v 0.191052 0.087711 -0.200184
v 0.190108 0.067778 -0.200170
v 0.192407 0.103816 -0.202239
v 0.193619 0.116052 -0.209992
v 0.192641 0.042428 -0.205024
v 0.055298 0.081545 0.258426
v 0.056974 0.071103 0.249239
v 0.057937 0.102120 0.260060
v 0.059694 0.121832 0.267161
v 0.063987 0.044303 0.235310
v 0.064592 0.089695 0.253946
v 0.065794 0.060870 0.242033
v 0.075830 0.107792 0.238593
v 0.061667 0.079286 0.239839
v 0.064642 0.101936 0.247146
v 0.070746 0.066282 0.227356
v 0.067349 0.059076 0.229443
v 0.075811 0.124895 0.262041
v 0.075025 0.126693 0.249888
v 0.074073 0.142960 0.265722
v 0.074689 0.046654 0.231245
v 0.074780 0.027422 0.224583
v 0.084801 0.041735 0.219502
v 0.090632 0.138031 0.245507
v 0.087441 0.081450 0.224523
v 0.095159 0.029445 0.219355
v 0.087982 0.150287 0.266307
v 0.093572 0.148161 0.251424
v 0.104371 0.104183 0.226014
v 0.087983 0.137233 0.258872
v 0.104823 0.020951 0.209908
v 0.104171 0.152813 0.263747
v 0.106918 0.156648 0.250439
v 0.099575 0.170684 0.273621
v 0.105205 0.193148 0.275873
v 0.107295 0.175214 0.269597
v 0.132514 0.158411 0.243145
v 0.122470 0.200311 0.273007
v 0.131768 0.189272 0.266650
v 0.125542 0.172350 0.265506
v 0.128592 0.111110 0.220966
v 0.127100 0.165244 0.253473
v 0.119796 0.158867 0.263023
v 0.153367 0.128562 0.222922
v 0.136668 0.164993 0.258521
v 0.149294 0.192131 0.262121
v 0.150093 0.168933 0.256129
v 0.156415 0.168063 0.244580
v 0.170878 0.150361 0.230207
v 0.174611 0.183059 0.251010
v 0.183075 0.168950 0.246547
v 0.168795 0.162670 0.247818
v 0.170918 0.030329 0.187358
v 0.174391 0.163341 0.237651
v 0.176460 0.098410 0.207810
v 0.171351 0.084393 0.203105
v 0.186531 0.076404 0.199638
v 0.173341 0.064724 0.198113
v 0.191650 0.053425 0.192457
v 0.175689 0.047005 0.192356
v 0.193198 0.137113 0.221012
v 0.192051 0.182552 0.244604
v 0.165226 0.184934 0.258689
v 0.186991 0.154209 0.241864
v 0.199558 0.106985 0.208223
v 0.195455 0.147797 0.227411
v 0.201135 0.148389 0.235785
v 0.211067 0.161719 0.232759
v 0.200078 0.141880 0.232096
v 0.206414 0.130121 0.219996
v 0.212387 0.116820 0.219951
v 0.212427 0.095787 0.203614
v 0.214131 0.068825 0.191012
v 0.208987 0.177735 0.237596
v 0.213647 0.076821 0.197407
v 0.211970 0.134494 0.227098
v 0.210932 0.114332 0.211319
v 0.217478 0.118052 0.216885
v 0.218312 0.144058 0.226711
v 0.218023 0.129703 0.228004
v 0.219302 0.166292 0.229369
v 0.219127 0.100350 0.207191
v 0.216733 0.099638 0.210695
v 0.042520 0.136296 -0.058816
v 0.045803 0.140379 -0.071229
v 0.066718 0.131095 -0.043711
v 0.055868 0.139521 -0.100668
v 0.063393 0.138052 -0.063324
v 0.055688 0.135669 -0.113792
v 0.074585 0.131569 -0.015215
v 0.067941 0.133291 -0.121633
v 0.083171 0.139377 -0.111687
v 0.078623 0.138084 -0.085334
v 0.080693 0.124772 0.007438
v 0.089220 0.140823 -0.099149
v 0.096979 0.134357 -0.010511
v 0.087702 0.122124 0.012554
v 0.088054 0.135032 -0.122009
v 0.095696 0.131690 0.004116
v 0.088361 0.133001 -0.070013
v 0.111907 0.132732 0.017272
v 0.107284 0.125122 0.013594
v 0.120388 0.127887 -0.057278
v 0.107205 0.134380 -0.080046
v 0.114884 0.139081 -0.119477
v 0.116783 0.128428 -0.034209
v 0.107250 0.142160 -0.105370
v 0.114907 0.134057 0.004404
v 0.117639 0.137941 -0.093815
v 0.126242 0.141211 -0.102303
v 0.127182 0.129058 0.010296
v 0.139353 0.130079 -0.074569
v 0.136040 0.132906 0.000352
v 0.130623 0.132854 -0.017367
v 0.134384 0.122076 0.015677
v 0.135643 0.140336 -0.112597
v 0.128925 0.134669 -0.123570
v 0.134987 0.131222 0.019752
v 0.140156 0.127314 -0.040593
v 0.143246 0.123430 0.012277
v 0.146660 0.135412 -0.118983
v 0.160255 0.129152 -0.004132
v 0.152970 0.134629 -0.088981
v 0.148341 0.124882 0.021127
v 0.153519 0.130624 -0.027436
v 0.152179 0.129485 0.006102
v 0.156133 0.111726 0.016710
v 0.158906 0.129167 -0.050538
v 0.161162 0.136476 -0.110875
v 0.159819 0.122872 0.011222
v 0.165789 0.126672 -0.024502
v 0.166371 0.129895 -0.119646
v 0.167313 0.134614 -0.095837
v 0.173306 0.119982 -0.009255
v 0.171859 0.127493 -0.078228
v 0.171512 0.121788 0.000621
v 0.171875 0.127345 -0.039729
v 0.176358 0.123446 -0.057455
v 0.174628 0.131428 -0.110268
v 0.178117 0.128444 -0.088099
v 0.180277 0.117564 -0.026744
v 0.181991 0.121145 -0.037681
v 0.056851 0.056579 0.252578
v 0.062718 0.099502 0.271797
v 0.064106 0.071010 0.267273
v 0.068023 0.119352 0.272911
v 0.080244 0.138597 0.270598
v 0.072055 0.140979 0.270366
v 0.069715 0.050495 0.265566
v 0.076273 0.076187 0.275345
v 0.077201 0.106889 0.284092
v 0.079357 0.117274 0.280864
v 0.083104 0.106393 0.283870
v 0.087513 0.132823 0.279985
v 0.085555 0.086245 0.278663
v 0.084069 0.074731 0.284078
v 0.087361 0.043172 0.271746
v 0.086565 0.085467 0.312586
v 0.086770 0.107811 0.297686
v 0.086956 0.068058 0.301303
v 0.090858 0.125874 0.289797
v 0.085755 0.053467 0.285887
v 0.090531 0.074441 0.357964
v 0.092825 0.061265 0.365729
v 0.095857 0.077629 0.371003
v 0.091444 0.055427 0.344503
v 0.089276 0.108053 0.317336
v 0.089214 0.099402 0.331478
v 0.089128 0.083486 0.341237
v 0.090084 0.049816 0.313679
v 0.092305 0.091119 0.359990
v 0.099104 0.095633 0.370708
v 0.096969 0.106353 0.361649
v 0.094309 0.033600 0.293223
v 0.099277 0.059953 0.375773
v 0.091656 0.102637 0.348018
v 0.089505 0.068163 0.325414
v 0.097185 0.115154 0.350060
v 0.093098 0.121713 0.315111
v 0.092278 0.112609 0.334306
v 0.103052 0.116238 0.360732
v 0.098143 0.121209 0.336239
v 0.094369 0.033501 0.316552
v 0.098630 0.131310 0.305243
v 0.100094 0.042020 0.369745
v 0.113111 0.050824 0.381118
v 0.051718 0.017284 -0.221050
v 0.062314 0.016391 -0.232047
v 0.064818 0.024942 -0.264231
v 0.068757 0.019465 -0.299501
v 0.077672 0.012510 -0.212744
v 0.074996 0.019079 -0.315565
v 0.078913 0.018738 -0.247791
v 0.096712 0.013991 -0.228848
v 0.076925 0.021219 -0.279752
v 0.077360 0.023455 -0.324331
v 0.088110 0.021069 -0.274114
v 0.090664 0.016717 -0.303350
v 0.093815 0.019459 -0.323108
v 0.095480 0.018855 -0.258742
v 0.122062 0.014892 -0.316563
v 0.103143 0.012869 -0.209031
v 0.121642 0.015720 -0.284913
v 0.120278 0.019767 -0.329907
v 0.117920 0.012161 -0.218258
v 0.128764 0.017799 -0.258064
v 0.139866 0.014473 -0.236068
v 0.138204 0.018059 -0.276275
v 0.135561 0.012843 -0.210521
v 0.145579 0.017417 -0.327896
v 0.142069 0.015038 -0.255288
v 0.151599 0.014686 -0.311613
v 0.163222 0.017385 -0.211659
v 0.163856 0.018797 -0.262432
v 0.164640 0.018086 -0.285240
v 0.166752 0.016741 -0.237932
v 0.163460 0.017694 -0.320896
v 0.161694 0.026125 -0.332940
v 0.172973 0.020315 -0.299034
v 0.176362 0.022559 -0.266025
v 0.182236 0.022434 -0.222576
v 0.179264 0.023020 -0.239316
v 0.185772 0.028815 -0.280380
v 0.190614 0.033673 -0.262560
v 0.078422 0.078837 0.063816
v 0.050652 0.084934 0.058974
v 0.057468 0.113206 0.060350
v 0.062809 0.106133 0.063156
v 0.076211 0.135860 0.061049
v 0.097153 0.133325 0.064170
v 0.106896 0.031718 0.063702
v 0.097764 0.145138 0.061736
v 0.113843 0.099961 0.066260
v 0.110016 0.079805 0.066344
v 0.129623 0.134596 0.065788
v 0.123364 0.049030 0.067056
v 0.121693 0.147262 0.062260
v 0.125113 0.077154 0.068744
v 0.126391 0.059738 0.069838
v 0.135554 0.106685 0.066909
v 0.153641 0.137505 0.064178
v 0.149841 0.035794 0.065936
v 0.162657 0.104178 0.069423
v 0.170540 0.033941 0.065897
v 0.177854 0.112435 0.067148
v 0.168082 0.053599 0.068623
v 0.174035 0.083948 0.070252
v 0.185589 0.044637 0.065953
v 0.189239 0.060906 0.067246
v 0.184589 0.035558 0.062405
v 0.189251 0.084896 0.068361
v 0.193438 0.052218 0.061127
v 0.057121 0.112069 -0.131308
v 0.070350 0.125990 -0.127921
v 0.072855 0.032717 -0.138486
v 0.085771 0.017592 -0.130339
v 0.099978 0.027595 -0.135791
v 0.111056 0.013912 -0.127094
v 0.110120 0.130570 -0.126955
v 0.118151 0.040075 -0.136745
v 0.138648 0.024648 -0.128843
v 0.157992 0.121374 -0.124960
v 0.157015 0.046169 -0.132495
v 0.162656 0.067466 -0.130665
v 0.170517 0.025982 -0.122545
v 0.176103 0.056850 -0.126369
v 0.179941 0.085464 -0.124353
v 0.181508 0.117056 -0.117832
v 0.181018 0.035474 -0.119284
v 0.190659 0.053002 -0.114065
v 0.195840 0.096260 -0.102953
v 0.195986 0.077541 -0.108422
v 0.068919 0.106790 -0.335742
v 0.079133 0.041433 -0.336788
v 0.076370 0.087091 -0.347528
v 0.080831 0.059304 -0.346027
v 0.088548 0.079332 -0.353036
v 0.092509 0.092074 -0.348048
v 0.102557 0.033434 -0.339152
v 0.103224 0.049617 -0.349368
v 0.107127 0.066915 -0.354807
v 0.104835 0.079371 -0.355292
v 0.110264 0.107395 -0.346299
v 0.118139 0.092368 -0.352087
v 0.130900 0.032354 -0.340909
v 0.125914 0.077516 -0.354447
v 0.124264 0.110184 -0.343230
v 0.126712 0.052864 -0.350224
v 0.141179 0.067169 -0.354608
v 0.143795 0.110820 -0.345379
v 0.135857 0.093498 -0.351615
v 0.140955 0.081406 -0.355468
v 0.160475 0.054401 -0.348897
v 0.140789 0.090194 -0.355748
v 0.153963 0.036969 -0.342789
v 0.150917 0.097915 -0.350300
v 0.151056 0.090108 -0.353262
v 0.158528 0.070865 -0.352718
v 0.151083 0.080875 -0.356012
v 0.170399 0.103449 -0.344849
v 0.165796 0.087661 -0.350312
v 0.172422 0.044525 -0.343835
v 0.176705 0.075341 -0.348032
v 0.179063 0.040153 -0.335232
v 0.179220 0.054442 -0.345033
v 0.187225 0.087461 -0.339385
v 0.066022 0.014796 -0.116248
v 0.078716 0.012414 -0.111818
v 0.081728 0.019279 -0.048607
v 0.083125 0.013228 -0.024884
v 0.096069 0.017205 0.002970
v 0.084067 0.016867 -0.085056
v 0.082165 0.015093 -0.009032
v 0.081570 0.011163 -0.121526
v 0.093428 0.021366 -0.062756
v 0.100241 0.011156 -0.108498
v 0.106445 0.015793 -0.039340
v 0.097336 0.026548 0.010380
v 0.097600 0.033623 0.015918
v 0.102471 0.010762 -0.121297
v 0.106003 0.011028 -0.009979
v 0.114762 0.014918 -0.084850
v 0.121515 0.012398 -0.022616
v 0.117088 0.023720 0.012654
v 0.126783 0.018611 -0.052333
v 0.127082 0.011468 -0.114773
v 0.128106 0.014004 0.006193
v 0.149067 0.014729 -0.000604
v 0.139068 0.015358 -0.074466
v 0.137250 0.016729 -0.033414
v 0.150093 0.024802 0.017150
v 0.146299 0.022872 -0.042942
v 0.150293 0.023360 -0.055557
v 0.157964 0.014230 -0.108476
v 0.155237 0.021615 -0.025086
v 0.164815 0.013852 -0.086672
v 0.160556 0.030951 -0.042665
v 0.163961 0.021017 -0.069988
v 0.165775 0.017143 -0.002422
v 0.167073 0.034270 -0.056163
v 0.170745 0.035716 0.020622
v 0.170793 0.021834 0.009123
v 0.172551 0.016397 -0.079046
v 0.176380 0.027001 -0.067672
v 0.174356 0.022611 0.000604
v 0.175045 0.019347 -0.112009
v 0.175586 0.017895 -0.097799
v 0.178860 0.035052 0.017020
v 0.105592 0.154218 0.257398
v 0.072555 0.124777 0.035281
v 0.080616 0.128864 0.049567
v 0.075060 0.120918 0.038714
v 0.095426 0.107875 0.046055
v 0.082672 0.111295 0.033942
v 0.088189 0.125382 0.055756
v 0.102027 0.093161 0.033310
v 0.107729 0.106286 0.056332
v 0.119185 0.084664 0.045974
v 0.109281 0.090619 0.028279
v 0.118103 0.080764 0.035429
v 0.123491 0.092377 0.056599
v 0.125101 0.078860 0.040860
v 0.129087 0.081358 0.048460
v 0.130225 0.074050 0.041616
v 0.128291 0.098277 0.057289
v 0.139392 0.082599 0.058463
v 0.140211 0.073963 0.052363
v 0.148687 0.071997 0.059691
v 0.088127 0.137655 0.038884
v 0.089399 0.135688 0.048551
v 0.089932 0.132216 0.055574
v 0.107668 0.137141 0.055555
v 0.111635 0.140824 0.045764
v 0.117249 0.143052 0.037461
v 0.121566 0.137746 0.055526
v 0.125911 0.115576 0.051609
v 0.127222 0.113278 0.057655
v 0.118689 0.119504 0.056531
v 0.120485 0.124368 0.052156
v 0.131825 0.141413 0.038289
v 0.124340 0.116477 0.042363
v 0.130757 0.137994 0.049021
v 0.133038 0.111711 0.049926
v 0.127760 0.106842 0.042091
v 0.142181 0.110360 0.046204
v 0.147919 0.134221 0.042134
v 0.150119 0.128807 0.048930
v 0.145628 0.109601 0.059378
v 0.147825 0.113804 0.055275
v 0.151645 0.118786 0.047422
v 0.164658 0.113854 0.057641
v 0.162881 0.124506 0.049240
v 0.167619 0.122772 0.044367
v 0.171075 0.115666 0.054798
v 0.160442 0.125118 0.038242
v 0.176088 0.111036 0.052933
v 0.176170 0.105944 0.061403
v 0.093923 0.128784 0.034176
v 0.084691 0.119294 0.030494
v 0.093562 0.108062 0.027068
v 0.100697 0.116987 0.030067
v 0.103875 0.107331 0.026088
v 0.111118 0.118495 0.034559
v 0.113708 0.127270 0.033501
v 0.110271 0.109564 0.032309
v 0.115334 0.094754 0.033966
v 0.124303 0.133326 0.035613
v 0.120625 0.122308 0.036100
v 0.128777 0.124838 0.032877
v 0.126594 0.089600 0.039620
v 0.126451 0.121162 0.042039
v 0.132023 0.077186 0.038602
v 0.140150 0.086358 0.041387
v 0.126575 0.065400 0.039287
v 0.133817 0.067422 0.033368
v 0.140386 0.133903 0.037628
v 0.143632 0.101287 0.042412
v 0.138021 0.050644 0.039121
v 0.142620 0.051946 0.034165
v 0.148307 0.062395 0.036042
v 0.151163 0.073626 0.041040
v 0.142515 0.124307 0.035405
v 0.148645 0.122183 0.039116
v 0.152776 0.036412 0.039171
v 0.155573 0.107452 0.038555
v 0.158361 0.083055 0.039970
v 0.158683 0.044072 0.039483
v 0.166989 0.067682 0.038897
v 0.164370 0.035768 0.040737
v 0.166286 0.089140 0.037334
v 0.168026 0.041705 0.037980
v 0.169194 0.110192 0.040112
v 0.174087 0.056204 0.039275
v 0.172316 0.047876 0.040768
v 0.175507 0.086158 0.039461
v 0.176136 0.048941 0.041268
v 0.179333 0.068630 0.039094
v 0.100566 0.151947 0.274354
v 0.109125 0.123629 0.349305
v 0.108120 0.109225 0.369939
v 0.103346 0.138319 0.287558
v 0.104062 0.126834 0.326622
v 0.111933 0.119703 0.363819
v 0.107119 0.134284 0.298687
v 0.120718 0.124527 0.360928
v 0.110602 0.130582 0.317796
v 0.122649 0.158829 0.276359
v 0.114167 0.136736 0.285986
v 0.125974 0.127736 0.351668
v 0.122038 0.128428 0.332995
v 0.125995 0.118068 0.369900
v 0.127931 0.130635 0.293091
v 0.121907 0.148893 0.286079
v 0.118793 0.165575 0.269809
v 0.123257 0.130348 0.314275
v 0.131302 0.143449 0.283676
v 0.136494 0.127066 0.362056
v 0.138528 0.127935 0.321067
v 0.139570 0.130019 0.283334
v 0.140611 0.154775 0.281810
v 0.142469 0.170805 0.265800
v 0.145197 0.129957 0.346204
v 0.150171 0.134333 0.277532
v 0.146272 0.127734 0.304500
v 0.145115 0.123434 0.370424
v 0.155007 0.150305 0.279745
v 0.157299 0.163019 0.271729
v 0.160614 0.129746 0.364171
v 0.159898 0.128673 0.330238
v 0.163532 0.129706 0.293010
v 0.160971 0.122147 0.373438
v 0.158049 0.129646 0.315725
v 0.164873 0.169329 0.258907
v 0.169270 0.156870 0.276056
v 0.184187 0.139853 0.270637
v 0.169949 0.132736 0.351558
v 0.173949 0.131908 0.272597
v 0.174716 0.161146 0.266532
v 0.178671 0.131071 0.276469
v 0.178982 0.128345 0.322235
v 0.185504 0.124649 0.373508
v 0.186625 0.131018 0.337796
v 0.182972 0.128612 0.303056
v 0.187337 0.131091 0.361985
v 0.194799 0.130209 0.349831
v 0.187796 0.163602 0.253528
v 0.197858 0.128870 0.300993
v 0.193989 0.148537 0.269529
v 0.201386 0.126498 0.263582
v 0.193964 0.153246 0.262205
v 0.198565 0.126932 0.277908
v 0.203541 0.126628 0.368060
v 0.203996 0.154626 0.248488
v 0.206644 0.127943 0.323769
v 0.205671 0.140241 0.263275
v 0.209313 0.143502 0.254629
v 0.214420 0.123583 0.335247
v 0.212981 0.124721 0.296717
v 0.214817 0.120563 0.372563
v 0.210309 0.123063 0.273461
v 0.220416 0.121687 0.359745
v 0.216529 0.125439 0.256830
v 0.216188 0.116721 0.258775
v 0.218533 0.115291 0.280417
v 0.221627 0.120654 0.320246
v 0.226459 0.113176 0.372316
v 0.221708 0.116333 0.338575
v 0.106156 0.124797 0.057083
v 0.115708 0.130348 0.057605
v 0.125893 0.129105 0.048370
v 0.134280 0.068892 0.050660
v 0.138155 0.060615 0.049964
v 0.135544 0.123500 0.039540
v 0.141945 0.124880 0.044116
v 0.150229 0.088729 0.059788
v 0.144214 0.064983 0.058789
v 0.154196 0.044911 0.050325
v 0.159570 0.052667 0.059168
v 0.159905 0.036182 0.046526
v 0.172258 0.078576 0.061032
v 0.168008 0.103313 0.061120
v 0.166543 0.041273 0.046954
v 0.169029 0.040714 0.058618
v 0.176473 0.047920 0.058957
v 0.179766 0.092073 0.061543
v 0.182517 0.062098 0.060071
v 0.182237 0.076876 0.059686
v 0.139707 0.027595 -0.159559
v 0.162635 0.035308 -0.153661
v 0.180923 0.071904 -0.163966
v 0.187046 0.104459 -0.170360
v 0.187577 0.088306 -0.163865
v 0.129733 0.186115 0.270214
v 0.188771 0.178025 0.248918
v 0.207431 0.164560 0.243463
v 0.214012 0.153697 0.238275
v 0.212177 0.144951 0.238069
v 0.219356 0.149700 0.231416
v 0.219566 0.168854 0.234545
v 0.103469 0.086449 0.376596
v 0.108193 0.097127 0.375893
v 0.107069 0.072077 0.379161
v 0.115785 0.087144 0.379393
v 0.126092 0.070772 0.381748
v 0.122073 0.102979 0.376322
v 0.141133 0.048897 0.382037
v 0.135731 0.090589 0.380018
v 0.125769 0.034705 0.381537
v 0.144991 0.110006 0.376252
v 0.151756 0.074192 0.381540
v 0.168291 0.056800 0.380644
v 0.157624 0.093642 0.379851
v 0.171248 0.108409 0.377440
v 0.173222 0.033013 0.377378
v 0.183500 0.077358 0.380499
v 0.188466 0.043665 0.379341
v 0.199612 0.103070 0.379176
v 0.204657 0.031476 0.374690
v 0.207189 0.051872 0.378461
v 0.215135 0.078782 0.379965
v 0.217688 0.039836 0.372768
v 0.220471 0.097024 0.377734
v 0.222512 0.068000 0.375692
v 0.225501 0.083560 0.378473
v 0.226288 0.043024 0.366960
v 0.229243 0.098541 0.371858
v 0.110469 0.135265 -0.137539
v 0.136654 0.018617 0.032585
v 0.155184 0.027947 0.038583
v 0.174405 0.034533 0.040924
v 0.173536 0.056709 0.044559
v 0.172747 0.047686 0.039267
v 0.183134 0.116860 0.044403
v 0.177488 0.118874 0.032937
v 0.181308 0.062107 0.041712
v 0.177470 0.073617 0.042883
v 0.185677 0.055576 0.042205
v 0.184041 0.096500 0.040281
v 0.185325 0.071075 0.039902
v 0.192710 0.099469 0.042603
v 0.192617 0.063792 0.051118
v 0.193372 0.078753 0.042722
v 0.194287 0.082735 0.048453
v 0.191712 0.067822 0.062510
v 0.128094 0.137161 -0.136440
v 0.144105 0.087580 -0.382780
v 0.149697 0.079045 -0.381255
v 0.151395 0.080344 -0.409575
v 0.150396 0.093171 -0.405137
v 0.151586 0.085374 -0.429875
v 0.159119 0.092906 -0.460254
v 0.158493 0.085334 -0.468503
v 0.159536 0.080221 -0.450867
v 0.161140 0.079992 -0.430709
v 0.164786 0.085677 -0.487793
v 0.165602 0.094637 -0.486052
v 0.166898 0.080725 -0.474690
v 0.173246 0.085013 -0.486073
v 0.147479 0.092869 -0.368740
v 0.156236 0.092990 -0.397028
v 0.155743 0.085732 -0.377007
v 0.159764 0.094046 -0.429623
v 0.164717 0.094458 -0.452556
v 0.162542 0.089494 -0.414239
v 0.169176 0.094505 -0.477764
v 0.172911 0.091619 -0.485268
v 0.172748 0.111900 0.012446
v 0.176550 0.088602 0.019346
v 0.181347 0.105840 0.005900
v 0.180335 0.119538 -0.076765
v 0.180414 0.119747 -0.063226
v 0.184176 0.123139 -0.103293
v 0.184017 0.102342 -0.022795
v 0.184354 0.088401 0.014591
v 0.185528 0.097461 -0.002663
v 0.186824 0.104657 -0.072448
v 0.180667 0.058906 -0.051204
v 0.188988 0.055273 -0.065081
v 0.188600 0.069089 -0.063814
v 0.188257 0.114853 -0.050033
v 0.186279 0.074402 0.017675
v 0.187101 0.055215 0.013812
v 0.188326 0.082818 0.004834
v 0.192032 0.105012 -0.090974
v 0.185970 0.104134 -0.054290
v 0.183824 0.078809 -0.050616
v 0.190691 0.086353 -0.068142
v 0.186185 0.090736 -0.019138
v 0.187606 0.084948 -0.010678
v 0.185360 0.089071 -0.023117
v 0.186222 0.093813 -0.022108
v 0.187746 0.084015 -0.022435
v 0.183754 0.079551 -0.033322
v 0.188071 0.095274 -0.030780
v 0.189671 0.078201 -0.019094
v 0.188147 0.090344 -0.023306
v 0.188460 0.107470 -0.035624
v 0.189736 0.114760 -0.039572
v 0.191165 0.065978 0.009862
v 0.189392 0.059636 -0.004487
v 0.195995 0.062299 -0.083050
v 0.197909 0.081170 -0.086961
v 0.200328 0.076478 -0.096233
v 0.160008 0.081574 -0.412378
v 0.166242 0.086147 -0.440793
v 0.170336 0.088638 -0.463942
v 0.167543 0.027148 -0.017776
v 0.167040 0.035424 -0.028856
v 0.173660 0.045600 -0.043485
v 0.177928 0.041389 -0.019058
v 0.176707 0.046563 -0.054268
v 0.175644 0.057259 0.034745
v 0.178790 0.054610 -0.036052
v 0.182830 0.040951 -0.065565
v 0.183349 0.030490 -0.089875
v 0.186700 0.036766 -0.105668
v 0.180321 0.062247 -0.029556
v 0.183901 0.037389 0.002950
v 0.186604 0.053542 -0.013173
v 0.182946 0.099918 0.030932
v 0.183804 0.074737 0.032645
v 0.186525 0.071314 -0.022835
v 0.187806 0.095710 -0.041137
v 0.192908 0.050882 -0.087226
v 0.198820 0.060147 -0.098060
v 0.184372 0.156137 0.238331
v 0.169128 0.029004 0.155222
v 0.170659 0.033026 0.174953
v 0.173766 0.033034 0.137722
v 0.175678 0.113824 0.165776
v 0.177493 0.039772 0.120788
v 0.183771 0.118413 0.142633
v 0.173090 0.075413 0.078249
v 0.189288 0.105882 0.127871
v 0.172315 0.104956 0.199716
v 0.174073 0.035227 0.099323
v 0.174194 0.103598 0.183320
v 0.188085 0.100338 0.150288
v 0.186762 0.059838 0.128904
v 0.187503 0.097136 0.105106
v 0.181842 0.085743 0.088727
v 0.170040 0.073028 0.195970
v 0.175684 0.062522 0.186676
v 0.181419 0.086448 0.167037
v 0.191772 0.087629 0.136797
v 0.181857 0.112888 0.100126
v 0.172064 0.092676 0.194163
v 0.180101 0.051035 0.158773
v 0.186631 0.067820 0.158137
v 0.189715 0.070765 0.140302
v 0.192474 0.083368 0.117948
v 0.184542 0.057703 0.106994
v 0.177814 0.104986 0.085932
v 0.191231 0.081631 0.104294
v 0.182692 0.067283 0.091476
v 0.175121 0.027770 -0.322203
v 0.191460 0.107378 -0.320022
v 0.185547 0.033362 -0.301278
v 0.185629 0.053793 -0.337153
v 0.188886 0.044787 -0.318623
v 0.188679 0.070073 -0.338251
v 0.197142 0.110131 -0.296611
v 0.194912 0.044885 -0.276232
v 0.193274 0.050946 -0.292824
v 0.193295 0.038749 -0.238658
v 0.198974 0.121376 -0.243986
v 0.199511 0.127364 -0.278459
v 0.192539 0.048523 -0.305002
v 0.201270 0.059305 -0.268095
v 0.201964 0.076413 -0.282061
v 0.198569 0.078423 -0.297542
v 0.202154 0.109487 -0.273957
v 0.198813 0.090073 -0.312836
v 0.193319 0.065136 -0.319784
v 0.194388 0.126909 -0.224166
v 0.197001 0.045875 -0.254231
v 0.203539 0.082622 -0.254740
v 0.198008 0.042170 -0.265422
v 0.196640 0.085390 -0.329236
v 0.195232 0.080990 -0.215997
v 0.195547 0.039520 -0.220104
v 0.200351 0.061344 -0.236456
v 0.200279 0.097857 -0.236191
v 0.195302 0.099327 -0.213990
v 0.196986 0.055875 -0.213230
v 0.175338 0.096668 0.046631
v 0.175404 0.052715 0.051601
v 0.179188 0.067352 0.051130
v 0.180855 0.097708 0.055057
v 0.182457 0.083184 0.052387
v 0.197599 0.108942 -0.022958
v 0.199650 0.071450 -0.021365
v 0.216297 0.105073 -0.018608
v 0.212277 0.082197 -0.018359
v 0.213675 0.133641 -0.021618
v 0.223168 0.133384 -0.023513
v 0.217077 0.055279 -0.021669
v 0.215621 0.045757 -0.018764
v 0.221241 0.065034 -0.016739
v 0.226380 0.032238 -0.022394
v 0.221507 0.088719 -0.015683
v 0.227984 0.123075 -0.019245
v 0.230656 0.021128 -0.018106
v 0.227121 0.049713 -0.017656
v 0.238352 0.144464 -0.024971
v 0.228964 0.040732 -0.022700
v 0.228796 0.104985 -0.018009
v 0.226813 0.087128 -0.017065
v 0.231253 0.064573 -0.016716
v 0.237437 0.121068 -0.016446
v 0.252315 0.013765 -0.020448
v 0.229962 0.071146 -0.031924
v 0.229518 0.093195 -0.032667
v 0.244949 0.071622 -0.033288
v 0.243151 0.039922 -0.017183
v 0.237194 0.054233 -0.030438
v 0.233926 0.118213 -0.036958
v 0.251539 0.104979 -0.035509
v 0.248629 0.009249 -0.017360
v 0.242712 0.131782 -0.038149
v 0.235876 0.132475 -0.038148
v 0.250784 0.134321 -0.020107
v 0.238752 0.135289 -0.045481
v 0.238051 0.142683 -0.043131
v 0.254615 0.024719 -0.020728
v 0.243778 0.129182 -0.056309
v 0.235885 0.113780 -0.051997
v 0.235757 0.121702 -0.049478
v 0.242375 0.136165 -0.050999
v 0.245606 0.137822 -0.041289
v 0.244264 0.143929 -0.051215
v 0.262561 0.042479 -0.031092
v 0.251991 0.037872 -0.029448
v 0.251599 0.137175 -0.058780
v 0.259639 0.127445 -0.038031
v 0.253019 0.138019 -0.038195
v 0.252053 0.128492 -0.018606
v 0.275876 0.142007 -0.026327
v 0.257799 0.144327 -0.056355
v 0.255877 0.125190 -0.015602
v 0.255187 0.118278 -0.017490
v 0.275799 0.021301 -0.016345
v 0.276791 0.005311 -0.017097
v 0.246658 0.149622 -0.022836
v 0.277025 0.153983 -0.028406
v 0.268545 0.114023 -0.017926
v 0.274892 0.068370 -0.033602
v 0.263463 0.135428 -0.041184
v 0.261587 0.140977 -0.043669
v 0.271470 0.129790 -0.015405
v 0.275493 0.117153 -0.036785
v 0.272125 0.025805 -0.029265
v 0.272877 0.137940 -0.018026
v 0.274951 0.125667 -0.039668
v 0.284178 0.009631 -0.019938
v 0.288199 0.099185 -0.036076
v 0.287129 0.027230 -0.029828
v 0.291770 0.110971 -0.018836
v 0.299024 0.052968 -0.033154
v 0.302959 0.123148 -0.017380
v 0.298774 0.143994 -0.029959
v 0.285778 0.111490 -0.035655
v 0.298282 0.018976 -0.028130
v 0.286527 0.116798 -0.035339
v 0.285868 0.110574 -0.029223
v 0.291372 0.106140 -0.032850
v 0.299010 0.004393 -0.018724
v 0.292908 0.140641 -0.020717
v 0.302290 0.015841 -0.020073
v 0.299952 0.106914 -0.037338
v 0.316799 0.087294 -0.036718
v 0.312719 0.147605 -0.028399
v 0.309647 0.135675 -0.020913
v 0.314905 0.024722 -0.029788
v 0.306549 0.109939 -0.018876
v 0.313754 0.005685 -0.022764
v 0.317708 0.020507 -0.023590
v 0.323779 0.047025 -0.032597
v 0.315017 0.110313 -0.042263
v 0.322642 0.017822 -0.022711
v 0.313735 0.017660 -0.019244
v 0.323967 0.108089 -0.038375
v 0.315282 0.125190 -0.044112
v 0.324053 0.116770 -0.020538
v 0.324641 0.124365 -0.020493
v 0.324233 0.135074 -0.031684
v 0.322165 0.131485 -0.022466
v 0.327578 0.024961 -0.025885
v 0.337058 0.010798 -0.026213
v 0.339786 0.063039 -0.034689
v 0.336348 0.126511 -0.034375
v 0.329206 0.122398 -0.037972
v 0.325465 0.128660 -0.037079
v 0.333589 0.085804 -0.036523
v 0.328412 0.130142 -0.032664
v 0.332197 0.140579 -0.029923
v 0.341147 0.031959 -0.030674
v 0.338930 0.070795 -0.040146
v 0.338597 0.079638 -0.037771
v 0.340307 0.107439 -0.037351
v 0.342212 0.077917 -0.036440
v 0.335940 0.089243 -0.039419
v 0.341223 0.087190 -0.037127
v 0.352859 0.123042 -0.032450
v 0.345490 0.022704 -0.026312
v 0.351018 0.102753 -0.035590
v 0.353418 0.066318 -0.034792
v 0.367622 0.086269 -0.035272
v 0.362292 0.037569 -0.032228
v 0.365060 0.107833 -0.034317
v 0.365311 0.058276 -0.032810
v 0.201388 0.084843 -0.017885
v 0.217900 0.111731 -0.015770
v 0.223249 0.068685 -0.011747
v 0.226804 0.092506 -0.007393
v 0.230715 0.136207 -0.019248
v 0.249081 0.047820 -0.009765
v 0.227181 0.077689 -0.007711
v 0.238891 0.036675 -0.015852
v 0.238280 0.101961 -0.010282
v 0.232486 0.068221 -0.009309
v 0.252078 0.120669 -0.011140
v 0.255991 0.138963 -0.019861
v 0.259644 0.025484 -0.013085
v 0.272459 0.137393 -0.013060
v 0.255297 0.106466 -0.008497
v 0.274986 0.034649 -0.010251
v 0.269038 0.044114 -0.007056
v 0.273232 0.113357 -0.008098
v 0.281584 0.145759 -0.019677
v 0.290247 0.143795 -0.014419
v 0.287934 0.149265 -0.027065
v 0.289640 0.045517 -0.011167
v 0.288375 0.122110 -0.010247
v 0.287110 0.018610 -0.011315
v 0.286940 0.115464 -0.005144
v 0.292116 0.013153 -0.015304
v 0.288441 0.049417 -0.008816
v 0.296956 0.108101 -0.006900
v 0.300923 0.017003 -0.011861
v 0.301548 0.144341 -0.020989
v 0.299810 0.027121 -0.011338
v 0.312082 0.124308 -0.013273
v 0.302526 0.107407 -0.011854
v 0.313570 0.040766 -0.011225
v 0.284253 0.055908 -0.010814
v 0.299883 0.047994 -0.009591
v 0.304695 0.101294 -0.008567
v 0.329188 0.128502 -0.017601
v 0.316513 0.096859 -0.011455
v 0.320155 0.011481 -0.020828
v 0.318746 0.022456 -0.012323
v 0.316351 0.059357 -0.008410
v 0.326436 0.097554 -0.012692
v 0.320440 0.082735 -0.009039
v 0.323556 0.066155 -0.010977
v 0.338599 0.053022 -0.012328
v 0.338781 0.081980 -0.012967
v 0.340678 0.106014 -0.014312
v 0.332346 0.030866 -0.012444
v 0.334588 0.031959 -0.020330
v 0.347036 0.109464 -0.017012
v 0.348021 0.047862 -0.014030
v 0.346602 0.119326 -0.028012
v 0.347869 0.042353 -0.028949
v 0.352723 0.094278 -0.014707
v 0.355004 0.069941 -0.013922
v 0.350657 0.050885 -0.027495
v 0.358488 0.070629 -0.030667
v 0.355318 0.096958 -0.022886
v 0.361213 0.090798 -0.032934
v 0.199497 0.029310 0.109788
v 0.199983 0.051289 0.116954
v 0.198284 0.050426 0.095843
v 0.206367 0.049559 0.139332
v 0.198341 0.039920 0.125315
v 0.210767 0.073994 0.137013
v 0.200058 0.036625 0.087340
v 0.207621 0.085988 0.104688
v 0.204220 0.030267 0.134253
v 0.210038 0.080373 0.123034
v 0.201089 0.056504 0.089035
v 0.211913 0.019696 0.090997
v 0.209954 0.018965 0.125428
v 0.200024 0.053253 0.071139
v 0.199810 0.078204 0.020669
v 0.201516 0.052539 0.025204
v 0.201772 0.077837 0.048438
v 0.199764 0.066697 0.003661
v 0.202141 0.049408 0.011589
v 0.216711 0.082577 0.145809
v 0.208293 0.031437 0.045079
v 0.202580 0.089387 0.010134
v 0.211098 0.077004 0.162006
v 0.208484 0.114555 0.163332
v 0.211374 0.082920 0.153027
v 0.214664 0.049179 0.146254
v 0.211330 0.111872 0.132744
v 0.204695 0.080890 0.083770
v 0.206981 0.108083 0.086768
v 0.202398 0.099938 0.039370
v 0.203530 0.105201 0.018040
v 0.212892 0.097614 0.143147
v 0.202968 0.068706 0.062347
v 0.202696 0.088137 0.069876
v 0.204265 0.112288 0.046601
v 0.203042 0.052450 0.044108
v 0.204096 0.049899 0.005895
v 0.199277 0.053206 0.002023
v 0.207566 0.036678 0.001096
v 0.203616 0.081378 0.000574
v 0.205130 0.115228 0.011035
v 0.211092 0.119749 0.120027
v 0.211797 0.089354 0.181839
v 0.215021 0.068752 0.148734
v 0.210431 0.027790 0.016240
v 0.207445 0.130034 0.020751
v 0.213690 0.114691 0.143264
v 0.212992 0.125304 0.133321
v 0.211998 0.124367 0.099919
v 0.208250 0.124573 0.060599
v 0.208952 0.104774 0.007281
v 0.222493 0.063815 0.179264
v 0.216071 0.106394 0.147423
v 0.213254 0.012476 0.111155
v 0.208829 0.123801 0.080317
v 0.209536 0.131723 0.045372
v 0.220107 0.115722 0.188477
v 0.216274 0.131694 0.112871
v 0.212767 0.031942 0.005267
v 0.217260 0.126129 0.141244
v 0.214630 0.132763 0.071835
v 0.227509 0.135898 0.188321
v 0.216469 0.144620 0.173065
v 0.216456 0.130161 0.092363
v 0.223043 0.051722 0.164304
v 0.215834 0.131046 0.135870
v 0.229440 0.150653 0.179945
v 0.219953 0.022205 0.002993
v 0.217716 0.089710 0.195268
v 0.222273 0.109332 0.198345
v 0.220248 0.070235 0.189988
v 0.228739 0.053732 0.186078
v 0.229787 0.129658 0.201768
v 0.241729 0.039107 0.180105
v 0.245082 0.031841 0.158489
v 0.244541 0.144367 0.205518
v 0.247686 0.151810 0.198597
v 0.255935 0.167727 0.187669
v 0.260841 0.155621 0.207535
v 0.270130 0.166274 0.198843
v 0.280356 0.165666 0.208339
v 0.290412 0.172162 0.203703
v 0.208313 0.125653 0.009388
v 0.206178 0.060565 -0.000196
v 0.212794 0.085572 -0.001122
v 0.211778 0.099442 0.000996
v 0.217353 0.033068 0.000033
v 0.232279 0.048577 -0.001685
v 0.226625 0.072058 -0.003585
v 0.224960 0.094966 -0.002802
v 0.232960 0.112743 -0.001206
v 0.222357 0.119354 0.000964
v 0.235980 0.016587 0.001047
v 0.232792 0.133750 0.001167
v 0.242668 0.101675 -0.004098
v 0.241077 0.055201 -0.005756
v 0.246903 0.136281 -0.000220
v 0.259454 0.024087 0.000494
v 0.262578 0.119709 -0.002285
v 0.259667 0.041965 -0.002972
v 0.264700 0.110076 -0.004200
v 0.249551 0.008310 0.003276
v 0.271851 0.010514 0.001251
v 0.266647 0.138055 -0.000081
v 0.266119 0.134293 -0.000085
v 0.267049 0.132408 -0.000800
v 0.262849 0.151149 0.004213
v 0.252372 0.142063 0.003776
v 0.289943 0.021916 0.001512
v 0.267752 0.134506 -0.000411
v 0.268285 0.135023 -0.000908
v 0.278781 0.136593 -0.000147
v 0.268703 0.134508 -0.000102
v 0.278571 0.146790 0.001456
v 0.268549 0.134054 -0.000733
v 0.270080 0.134848 -0.000418
v 0.279388 0.129515 -0.001029
v 0.278171 0.139646 0.000902
v 0.293306 0.041052 -0.004402
v 0.278188 0.046234 -0.004727
v 0.275813 0.129605 -0.000417
v 0.276180 0.132126 -0.000041
v 0.276899 0.130622 0.000056
v 0.277806 0.130495 -0.000281
v 0.279626 0.130058 0.000036
v 0.277203 0.131510 -0.000558
v 0.295502 0.122477 -0.001366
v 0.279298 0.141013 0.003281
v 0.287908 0.137787 0.000872
v 0.279294 0.138865 0.001081
v 0.291127 0.153522 0.004285
v 0.281084 0.138862 0.000931
v 0.291328 0.007000 0.003969
v 0.311379 0.010771 0.004810
v 0.316119 0.024460 0.002372
v 0.316426 0.105539 -0.003420
v 0.315139 0.040845 -0.003148
v 0.314817 0.142213 0.006852
v 0.323416 0.133742 0.003035
v 0.321378 0.061626 -0.004055
v 0.321787 0.092496 -0.006932
v 0.325216 0.077519 -0.003376
v 0.330481 0.046872 0.001091
v 0.339811 0.118946 0.002686
v 0.326100 0.070418 -0.003842
v 0.335940 0.027093 0.007317
v 0.327217 0.063601 -0.002600
v 0.325994 0.067386 -0.003276
v 0.327125 0.072486 -0.003526
v 0.330478 0.074226 -0.001685
v 0.327114 0.065131 -0.003510
v 0.335519 0.097798 0.000198
v 0.343703 0.068240 0.002319
v 0.340546 0.136151 0.005173
v 0.349174 0.044124 0.004838
v 0.354244 0.093274 0.003508
v 0.362370 0.106675 0.004579
v 0.354735 0.044780 0.008552
v 0.353102 0.127985 0.006914
v 0.363342 0.074263 0.004785
v 0.365646 0.117000 0.007943
v 0.367800 0.058076 0.006705
v 0.371542 0.076952 0.008105
v 0.375925 0.098076 0.007554
v 0.216427 0.100049 0.157034
v 0.217708 0.080332 0.152881
v 0.234634 0.125305 0.167117
v 0.227284 0.068406 0.150720
v 0.237767 0.166943 0.178935
v 0.260270 0.085769 0.160448
v 0.247222 0.056696 0.151660
v 0.264171 0.150599 0.177849
v 0.267272 0.199278 0.189564
v 0.275979 0.191267 0.187280
v 0.271554 0.111597 0.168769
v 0.271916 0.045085 0.151623
v 0.258274 0.048295 0.149311
v 0.287523 0.051523 0.156055
v 0.299134 0.175625 0.188781
v 0.291383 0.138045 0.178749
v 0.287961 0.036924 0.151144
v 0.277319 0.035698 0.148769
v 0.269971 0.035823 0.149452
v 0.281945 0.030714 0.147023
v 0.285778 0.020287 0.142759
v 0.276441 0.026080 0.140578
v 0.277069 0.033502 0.147220
v 0.291307 0.206029 0.193005
v 0.280724 0.038861 0.147133
v 0.275553 0.040956 0.147887
v 0.290964 0.008398 0.131725
v 0.265785 0.010957 0.123589
v 0.286485 0.015608 0.130559
v 0.310016 0.102095 0.171897
v 0.311029 0.032632 0.151640
v 0.309031 0.014506 0.140010
v 0.324290 0.200788 0.198255
v 0.326016 0.062313 0.163285
v 0.323882 0.009365 0.137155
v 0.322661 0.146509 0.185680
v 0.333916 0.025696 0.149244
v 0.339522 0.193095 0.197087
v 0.336558 0.015816 0.141484
v 0.355155 0.086638 0.173596
v 0.348881 0.166327 0.195189
v 0.353589 0.127938 0.184548
v 0.352074 0.049119 0.161129
v 0.354365 0.015676 0.141655
v 0.345619 0.196203 0.200596
v 0.356317 0.026899 0.148592
v 0.348840 0.181898 0.199572
v 0.349008 0.181926 0.203626
v 0.360358 0.172818 0.201040
v 0.367996 0.023979 0.145206
v 0.383282 0.117418 0.186412
v 0.378603 0.043697 0.159998
v 0.373219 0.167053 0.195250
v 0.379819 0.151241 0.193116
v 0.381570 0.071393 0.173148
v 0.377461 0.024867 0.147438
v 0.387198 0.157970 0.195774
v 0.394611 0.075476 0.176768
v 0.399239 0.138273 0.191694
v 0.396196 0.146277 0.197454
v 0.402599 0.094439 0.183913
v 0.406134 0.123822 0.191456
v 0.216063 0.136429 0.242500
v 0.215958 0.057584 0.226004
v 0.218767 0.051834 0.252514
v 0.216735 0.078287 0.247219
v 0.217129 0.064513 0.237898
v 0.214960 0.057039 0.199256
v 0.217248 0.052599 0.208767
v 0.221892 0.087067 0.209692
v 0.217188 0.031316 0.259698
v 0.218306 0.028607 0.284918
v 0.223301 0.114434 0.305525
v 0.220408 0.107332 0.264145
v 0.221611 0.069993 0.257450
v 0.222984 0.037085 0.324636
v 0.219509 0.103878 0.252039
v 0.221889 0.117327 0.247803
v 0.223154 0.075562 0.230415
v 0.220998 0.029269 0.338894
v 0.221817 0.052536 0.307300
v 0.222111 0.048741 0.284836
v 0.222324 0.045753 0.267060
v 0.219714 0.092277 0.257187
v 0.224735 0.073968 0.217873
v 0.222862 0.065017 0.282368
v 0.223706 0.078889 0.292026
v 0.221162 0.071552 0.305568
v 0.221442 0.099464 0.287491
v 0.222611 0.080482 0.271570
v 0.223058 0.102925 0.249091
v 0.226798 0.112805 0.231845
v 0.225715 0.108271 0.219850
v 0.223237 0.107417 0.322067
v 0.226920 0.111069 0.357772
v 0.226220 0.035528 0.355043
v 0.223393 0.094954 0.310532
v 0.224942 0.093073 0.332868
v 0.225943 0.073156 0.316095
v 0.225689 0.096141 0.237826
v 0.224551 0.083586 0.242418
v 0.226734 0.062784 0.336071
v 0.227158 0.065752 0.362839
v 0.227452 0.089074 0.362407
v 0.224856 0.080711 0.338488
v 0.225390 0.061113 0.266408
v 0.229613 0.050187 0.356407
v 0.230298 0.096209 0.224687
v 0.214339 0.136968 0.038180
v 0.215866 0.121043 0.006127
v 0.214326 0.132748 0.011225
v 0.217266 0.138625 0.024420
v 0.228239 0.137746 0.016885
v 0.229247 0.130255 0.007146
v 0.256939 0.137878 0.016072
v 0.218094 0.025775 0.138066
v 0.222499 0.018968 0.050859
v 0.223307 0.037754 0.145662
v 0.237434 0.012238 0.124257
v 0.234255 0.012111 0.103048
v 0.217641 0.021221 0.014438
v 0.233072 0.017222 0.079530
v 0.231040 0.016483 0.017414
v 0.234488 0.019644 0.006073
v 0.244255 0.023071 0.141790
v 0.252246 0.015034 0.008038
v 0.252789 0.013647 0.031744
v 0.261835 0.016575 0.066539
v 0.259855 0.023630 0.179237
v 0.260603 0.024754 0.174183
v 0.274112 0.014086 0.093475
v 0.277954 0.015563 0.164400
v 0.267375 0.011810 0.136877
v 0.280971 0.013153 0.016603
v 0.278316 0.015065 0.175985
v 0.277368 0.013489 0.037314
v 0.282996 0.015337 0.007259
v 0.294790 0.014924 0.121026
v 0.293976 0.009940 0.146650
v 0.290290 0.017931 0.073355
v 0.299645 0.016142 0.062213
v 0.304772 0.015485 0.095100
v 0.298648 0.013920 0.178474
v 0.298851 0.007659 0.154148
v 0.307066 0.012875 0.170729
v 0.307599 0.014678 0.008211
v 0.319785 0.011117 0.146954
v 0.312186 0.014506 0.046875
v 0.312750 0.013809 0.018829
v 0.326544 0.015719 0.162825
v 0.319193 0.021563 0.113234
v 0.335188 0.018640 0.181393
v 0.322936 0.019135 0.081884
v 0.323121 0.016342 0.028860
v 0.324822 0.020437 0.010826
v 0.326124 0.018344 0.050545
v 0.342061 0.021502 0.156509
v 0.342585 0.011246 0.142769
v 0.346132 0.017836 0.150021
v 0.332104 0.023938 0.064506
v 0.331266 0.023263 0.020309
v 0.349324 0.025174 0.177713
v 0.348594 0.022361 0.165988
v 0.355489 0.027570 0.183774
v 0.362580 0.031336 0.169466
v 0.362539 0.020302 0.148172
v 0.364083 0.030530 0.157979
v 0.363062 0.034309 0.180025
v 0.368530 0.042113 0.187214
v 0.373484 0.046916 0.180398
v 0.380316 0.053405 0.171971
v 0.382532 0.066290 0.189757
v 0.392169 0.081171 0.185263
v 0.225931 0.084559 0.148130
v 0.222491 0.113975 0.147207
v 0.232998 0.103849 0.149190
v 0.226112 0.133025 0.137043
v 0.226026 0.127101 0.142497
v 0.240196 0.119456 0.145513
v 0.240982 0.133348 0.138394
v 0.256261 0.088291 0.148558
v 0.252312 0.072873 0.149947
v 0.249729 0.061431 0.149347
v 0.255687 0.126739 0.143605
v 0.270952 0.102206 0.146795
v 0.259446 0.133002 0.138118
v 0.263114 0.058330 0.148280
v 0.264732 0.064542 0.147781
v 0.269935 0.055047 0.150656
v 0.270820 0.048218 0.148847
v 0.278259 0.060371 0.146884
v 0.269471 0.067008 0.147973
v 0.281753 0.123956 0.143322
v 0.275576 0.074426 0.150632
v 0.267749 0.062939 0.150738
v 0.267599 0.068109 0.152598
v 0.275112 0.058554 0.152082
v 0.268506 0.066257 0.149976
v 0.274246 0.055358 0.148869
v 0.272751 0.061947 0.149986
v 0.291375 0.130152 0.132965
v 0.282229 0.045341 0.150301
v 0.289947 0.074819 0.145796
v 0.292381 0.103476 0.144316
v 0.285199 0.052914 0.150939
v 0.298041 0.051181 0.145886
v 0.303724 0.114236 0.139076
v 0.309833 0.092919 0.141097
v 0.318189 0.121870 0.126554
v 0.316754 0.065876 0.137959
v 0.319890 0.105911 0.134751
v 0.327510 0.089132 0.133105
v 0.332971 0.107356 0.125782
v 0.214340 0.097751 -0.067145
v 0.212136 0.071582 -0.058463
v 0.218296 0.077832 -0.055701
v 0.220411 0.114381 -0.067625
v 0.216889 0.056159 -0.055435
v 0.229426 0.062591 -0.046782
v 0.226982 0.100966 -0.050918
v 0.229550 0.039933 -0.054121
v 0.238632 0.075791 -0.047488
v 0.236911 0.125206 -0.058534
v 0.235531 0.098862 -0.048833
v 0.258278 0.034415 -0.044363
v 0.237617 0.116170 -0.046609
v 0.256576 0.021258 -0.052917
v 0.245808 0.134790 -0.045732
v 0.240163 0.091770 -0.054881
v 0.254220 0.071910 -0.055503
v 0.243394 0.109559 -0.054682
v 0.264936 0.048625 -0.047461
v 0.255317 0.110139 -0.058535
v 0.250505 0.123102 -0.057759
v 0.255799 0.131197 -0.055997
v 0.269690 0.123647 -0.056941
v 0.280958 0.080436 -0.058229
v 0.277787 0.055793 -0.053425
v 0.282561 0.021064 -0.048814
v 0.284509 0.028663 -0.042747
v 0.278324 0.109174 -0.058967
v 0.277662 0.016272 -0.054751
v 0.289175 0.043370 -0.051148
v 0.291035 0.115434 -0.057740
v 0.307366 0.099686 -0.058441
v 0.295710 0.055359 -0.055528
v 0.298819 0.039091 -0.046895
v 0.296651 0.011960 -0.054146
v 0.310322 0.033439 -0.045162
v 0.305887 0.026248 -0.044174
v 0.311079 0.020494 -0.052616
v 0.301572 0.045099 -0.052984
v 0.311855 0.069101 -0.057139
v 0.306338 0.055290 -0.055957
v 0.315240 0.047479 -0.050237
v 0.313173 0.014543 -0.056357
v 0.316808 0.057737 -0.051368
v 0.325945 0.088467 -0.060139
v 0.322822 0.061860 -0.054044
v 0.324866 0.032380 -0.045908
v 0.322642 0.097867 -0.057995
v 0.323196 0.047458 -0.047990
v 0.319169 0.113190 -0.052441
v 0.328346 0.107596 -0.057301
v 0.332342 0.021661 -0.058723
v 0.327816 0.071381 -0.057165
v 0.328163 0.041934 -0.046700
v 0.332455 0.030364 -0.054025
v 0.327417 0.048411 -0.040200
v 0.326548 0.053837 -0.043936
v 0.331891 0.060594 -0.052029
v 0.332561 0.057712 -0.039818
v 0.335540 0.051032 -0.038599
v 0.338798 0.039878 -0.051456
v 0.337427 0.063160 -0.046243
v 0.329174 0.116661 -0.059339
v 0.335362 0.108239 -0.057696
v 0.338320 0.098400 -0.061080
v 0.340437 0.070016 -0.054100
v 0.340754 0.089176 -0.059228
v 0.339898 0.054489 -0.051587
v 0.346663 0.055013 -0.053609
v 0.347807 0.034221 -0.061458
v 0.342940 0.080971 -0.054201
v 0.348907 0.069562 -0.055403
v 0.211904 0.053773 -0.102196
v 0.212123 0.068002 -0.117972
v 0.210706 0.051555 -0.118303
v 0.214773 0.088633 -0.097048
v 0.214727 0.117218 -0.104541
v 0.212809 0.092307 -0.112914
v 0.212818 0.037507 -0.119000
v 0.214621 0.107587 -0.138499
v 0.214420 0.085435 -0.173700
v 0.216539 0.092922 -0.218253
v 0.214457 0.068109 -0.211249
v 0.216542 0.105143 -0.095551
v 0.214973 0.035728 -0.101091
v 0.215718 0.041740 -0.143952
v 0.218987 0.109636 -0.230156
v 0.220805 0.085466 -0.229171
v 0.219973 0.048329 -0.093598
v 0.215524 0.068192 -0.097733
v 0.216425 0.065363 -0.149116
v 0.214464 0.111782 -0.182595
v 0.215383 0.123074 -0.165584
v 0.217252 0.053006 -0.219032
v 0.217415 0.124674 -0.209783
v 0.223956 0.022064 -0.107747
v 0.216190 0.026495 -0.116472
v 0.217257 0.125837 -0.127255
v 0.221098 0.030923 -0.181495
v 0.217081 0.033116 -0.157200
v 0.215254 0.048281 -0.164138
v 0.219368 0.045670 -0.193894
v 0.219461 0.068786 -0.231139
v 0.219327 0.024925 -0.137657
v 0.219169 0.126524 -0.178131
v 0.221921 0.052297 -0.232506
v 0.218497 0.062868 -0.168393
v 0.222153 0.032915 -0.221006
v 0.221185 0.131615 -0.217395
v 0.225637 0.127202 -0.230539
v 0.226080 0.024588 -0.202176
v 0.224429 0.019168 -0.129473
v 0.223532 0.018527 -0.145960
v 0.224309 0.133768 -0.198773
v 0.228756 0.018218 -0.177636
v 0.229518 0.040574 -0.237315
v 0.234156 0.018443 -0.215693
v 0.233383 0.023796 -0.233490
v 0.215014 0.080342 -0.065909
v 0.217929 0.059038 -0.060363
v 0.221955 0.091416 -0.073061
v 0.233572 0.060188 -0.064215
v 0.227367 0.109999 -0.078263
v 0.247956 0.097066 -0.077108
v 0.236809 0.126187 -0.076604
v 0.240257 0.115078 -0.082287
v 0.238370 0.140031 -0.077867
v 0.244789 0.126282 -0.084064
v 0.256447 0.028379 -0.056878
v 0.264716 0.068843 -0.069702
v 0.254730 0.138846 -0.080869
v 0.257601 0.149171 -0.079682
v 0.265291 0.124665 -0.087195
v 0.259351 0.132447 -0.086741
v 0.269821 0.148872 -0.082395
v 0.277091 0.140491 -0.084448
v 0.278356 0.037608 -0.061784
v 0.279971 0.102783 -0.081780
v 0.276058 0.134549 -0.090559
v 0.289108 0.124695 -0.089347
v 0.299961 0.068083 -0.073155
v 0.297168 0.146777 -0.083208
v 0.293666 0.139974 -0.086421
v 0.307453 0.024151 -0.061077
v 0.307908 0.129297 -0.091453
v 0.312779 0.103825 -0.085011
v 0.315860 0.131689 -0.085739
v 0.331669 0.060496 -0.074666
v 0.322485 0.137614 -0.083304
v 0.330482 0.084558 -0.081416
v 0.334807 0.110093 -0.087419
v 0.340814 0.034253 -0.065860
v 0.335148 0.120957 -0.082571
v 0.333885 0.130800 -0.080158
v 0.349760 0.083595 -0.080505
v 0.348582 0.096592 -0.078290
v 0.348751 0.112733 -0.078678
v 0.357011 0.089592 -0.075650
v 0.355315 0.044277 -0.065560
v 0.353335 0.058774 -0.072306
v 0.354477 0.072569 -0.073565
v 0.360649 0.066579 -0.071070
v 0.215728 0.134604 0.053578
v 0.228183 0.134916 0.126904
v 0.227233 0.131681 0.086537
v 0.222023 0.135124 0.068435
v 0.226853 0.138300 0.042497
v 0.227683 0.135241 0.112633
v 0.238447 0.132999 0.105616
v 0.244960 0.133123 0.060894
v 0.244612 0.131552 0.081303
v 0.239229 0.138637 0.024238
v 0.247844 0.137112 0.040120
v 0.260258 0.135907 0.127646
v 0.245653 0.129958 0.099563
v 0.257416 0.134523 0.006563
v 0.267961 0.133675 0.108222
v 0.258186 0.129040 0.076426
v 0.271440 0.130720 0.091869
v 0.263581 0.139728 0.027540
v 0.273652 0.135668 0.046720
v 0.276311 0.133120 0.069481
v 0.275700 0.137848 0.007030
v 0.275242 0.132619 0.080959
v 0.289241 0.134179 0.059816
v 0.281006 0.138596 0.078190
v 0.274979 0.136720 0.078867
v 0.279292 0.138671 0.086906
v 0.281520 0.134474 0.087536
v 0.289555 0.139614 0.017937
v 0.287541 0.134146 0.104818
v 0.288375 0.135823 0.081032
v 0.288835 0.138122 0.005407
v 0.281940 0.139286 0.001409
v 0.311688 0.140198 0.044152
v 0.291352 0.135226 0.119157
v 0.304872 0.136977 0.089717
v 0.313048 0.139708 0.072870
v 0.310101 0.134715 0.111663
v 0.313401 0.132281 0.008890
v 0.321991 0.139634 0.091588
v 0.326461 0.130165 0.114534
v 0.320794 0.134908 0.016557
v 0.333234 0.140647 0.061733
v 0.326568 0.137518 0.030769
v 0.337973 0.134989 0.098629
v 0.337263 0.140324 0.078386
v 0.338915 0.137454 0.047403
v 0.337856 0.131129 0.019992
v 0.336448 0.122608 0.115167
v 0.349807 0.135765 0.081097
v 0.336952 0.128973 0.008589
v 0.349535 0.135340 0.064546
v 0.343998 0.131737 0.034034
v 0.351400 0.129133 0.047326
v 0.342958 0.121871 0.010259
v 0.353089 0.130523 0.089605
v 0.349533 0.123467 0.102606
v 0.347551 0.121178 0.021414
v 0.357896 0.123272 0.060150
v 0.357399 0.128348 0.076359
v 0.345856 0.109539 0.113981
v 0.224490 0.108761 -0.094294
v 0.226522 0.065570 -0.091473
v 0.227863 0.036365 -0.093191
v 0.230929 0.082487 -0.095310
v 0.224626 0.129045 -0.102015
v 0.238845 0.118304 -0.095635
v 0.238763 0.131995 -0.103541
v 0.232999 0.050105 -0.088242
v 0.239737 0.023145 -0.102158
v 0.246352 0.037737 -0.093596
v 0.243718 0.095819 -0.093611
v 0.253002 0.053056 -0.090533
v 0.256876 0.076240 -0.091943
v 0.257104 0.129160 -0.103244
v 0.261160 0.114610 -0.095740
v 0.266402 0.022888 -0.105846
v 0.263653 0.098059 -0.094267
v 0.261603 0.061176 -0.089415
v 0.272807 0.036407 -0.096655
v 0.269422 0.050722 -0.093364
v 0.285563 0.084003 -0.097533
v 0.278129 0.067888 -0.096114
v 0.279968 0.107998 -0.095486
v 0.283516 0.095573 -0.094537
v 0.288522 0.124115 -0.101887
v 0.288465 0.133063 -0.108768
v 0.290576 0.052747 -0.096418
v 0.292930 0.103897 -0.096370
v 0.299727 0.024871 -0.106420
v 0.302790 0.091531 -0.096979
v 0.312660 0.036272 -0.101385
v 0.307392 0.126777 -0.102922
v 0.314704 0.071347 -0.098701
v 0.317114 0.133772 -0.109482
v 0.312433 0.108950 -0.100269
v 0.330394 0.054615 -0.098704
v 0.332558 0.025012 -0.111545
v 0.333662 0.085836 -0.098364
v 0.330598 0.123649 -0.104232
v 0.340775 0.133166 -0.109891
v 0.337352 0.035833 -0.104611
v 0.347663 0.070214 -0.101042
v 0.351256 0.113648 -0.103939
v 0.349649 0.034538 -0.112973
v 0.355046 0.087672 -0.101554
v 0.349376 0.052372 -0.102983
v 0.341472 0.023765 -0.118197
v 0.359610 0.131873 -0.114838
v 0.360134 0.063597 -0.106166
v 0.362815 0.097007 -0.104743
v 0.366845 0.081781 -0.109071
v 0.364486 0.114216 -0.108544
v 0.364000 0.050137 -0.115621
v 0.374180 0.070804 -0.113473
v 0.229202 0.133407 -0.121297
v 0.223435 0.129689 -0.170168
v 0.226612 0.134950 -0.220666
v 0.244337 0.132836 -0.186331
v 0.240995 0.135433 -0.210460
v 0.238366 0.134362 -0.220601
v 0.232539 0.130813 -0.229035
v 0.246383 0.129310 -0.146631
v 0.252068 0.134974 -0.118710
v 0.246637 0.129817 -0.228482
v 0.260316 0.134113 -0.108630
v 0.258914 0.135567 -0.218197
v 0.268865 0.131977 -0.191493
v 0.270426 0.134677 -0.229468
v 0.265960 0.127747 -0.168728
v 0.281712 0.134491 -0.120959
v 0.279167 0.129906 -0.151587
v 0.274498 0.129962 -0.176002
v 0.280177 0.136959 -0.201996
v 0.271204 0.139008 -0.219727
v 0.275799 0.128402 -0.165037
v 0.272084 0.132473 -0.173508
v 0.277421 0.132869 -0.165347
v 0.281415 0.135256 -0.171567
v 0.287525 0.139555 -0.222382
v 0.286783 0.133272 -0.163423
v 0.291220 0.131514 -0.182282
v 0.283849 0.129758 -0.170709
v 0.295851 0.133042 -0.233967
v 0.297633 0.130168 -0.167569
v 0.303923 0.131983 -0.155788
v 0.292657 0.132939 -0.174740
v 0.303704 0.137581 -0.207762
v 0.299592 0.134673 -0.125658
v 0.319074 0.137360 -0.134811
v 0.313499 0.136875 -0.117218
v 0.316539 0.137853 -0.227586
v 0.310940 0.133827 -0.181870
v 0.325718 0.138492 -0.192983
v 0.325096 0.138420 -0.215334
v 0.318343 0.132871 -0.235967
v 0.334759 0.140592 -0.163679
v 0.350620 0.144541 -0.144656
v 0.341202 0.138808 -0.118952
v 0.339653 0.142563 -0.131437
v 0.331460 0.130847 -0.237569
v 0.334621 0.135605 -0.229653
v 0.357902 0.146859 -0.158278
v 0.344080 0.135259 -0.201370
v 0.356307 0.143443 -0.133725
v 0.356114 0.144325 -0.173411
v 0.352316 0.136699 -0.188486
v 0.340636 0.134270 -0.221465
v 0.341058 0.125712 -0.234177
v 0.369944 0.144430 -0.145998
v 0.368718 0.144175 -0.168415
v 0.379761 0.140504 -0.153102
v 0.372513 0.135936 -0.129823
v 0.367861 0.137454 -0.181262
v 0.360191 0.140041 -0.123342
v 0.227711 0.069541 -0.237914
v 0.227983 0.089870 -0.236320
v 0.227276 0.113811 -0.236081
v 0.244649 0.076051 -0.242062
v 0.241605 0.122714 -0.235030
v 0.240784 0.054202 -0.242029
v 0.242688 0.031716 -0.239848
v 0.242730 0.105995 -0.239570
v 0.262462 0.097944 -0.241801
v 0.245715 0.020482 -0.233897
v 0.259004 0.045013 -0.244531
v 0.269873 0.122640 -0.237657
v 0.266832 0.020053 -0.234841
v 0.268397 0.062413 -0.242911
v 0.274807 0.028444 -0.240650
v 0.285414 0.085904 -0.243246
v 0.276919 0.042195 -0.243260
v 0.292501 0.018883 -0.237238
v 0.299813 0.048148 -0.245700
v 0.302763 0.117726 -0.241728
v 0.310247 0.066074 -0.245295
v 0.304871 0.027056 -0.243772
v 0.314144 0.096452 -0.243984
v 0.312006 0.018636 -0.237212
v 0.323784 0.024881 -0.242319
v 0.323022 0.037764 -0.246776
v 0.329613 0.112502 -0.244885
v 0.328286 0.123934 -0.242774
v 0.324484 0.078962 -0.248103
v 0.323163 0.086851 -0.247317
v 0.330811 0.093274 -0.249579
v 0.331303 0.067373 -0.249891
v 0.329937 0.076820 -0.251822
v 0.335316 0.035744 -0.246075
v 0.339898 0.055343 -0.249296
v 0.334891 0.079603 -0.251801
v 0.344048 0.082105 -0.249958
v 0.340108 0.098653 -0.247785
v 0.338937 0.117241 -0.243289
v 0.336950 0.086586 -0.252283
v 0.349150 0.093439 -0.245964
v 0.346862 0.108469 -0.239089
v 0.353737 0.075477 -0.244056
v 0.356092 0.091274 -0.241095
v 0.229406 0.083401 0.193870
v 0.230065 0.061743 0.188496
v 0.232669 0.102625 0.198372
v 0.238474 0.124739 0.202312
v 0.238056 0.089305 0.196908
v 0.243119 0.116037 0.202521
v 0.241883 0.069313 0.192734
v 0.238546 0.106752 0.202144
v 0.250989 0.053098 0.187918
v 0.263773 0.137115 0.204882
v 0.253497 0.036689 0.183057
v 0.254224 0.121625 0.202880
v 0.258503 0.179523 0.188202
v 0.279228 0.047081 0.187375
v 0.272232 0.026798 0.181485
v 0.265271 0.053211 0.191170
v 0.276774 0.126957 0.204576
v 0.283750 0.177843 0.194366
v 0.309875 0.150492 0.206740
v 0.290018 0.194411 0.195243
v 0.285597 0.058974 0.192412
v 0.300100 0.029216 0.183630
v 0.306912 0.170020 0.208289
v 0.308766 0.178383 0.197031
v 0.310368 0.053445 0.190155
v 0.306864 0.128020 0.204833
v 0.309609 0.193584 0.197246
v 0.310005 0.172867 0.202833
v 0.309038 0.064077 0.194758
v 0.335608 0.034118 0.185803
v 0.335024 0.122803 0.202939
v 0.332166 0.059564 0.192789
v 0.335553 0.165736 0.206773
v 0.334682 0.174023 0.201617
v 0.349619 0.137111 0.203897
v 0.356815 0.057764 0.190954
v 0.351813 0.162361 0.202498
v 0.353726 0.153656 0.207033
v 0.354609 0.120734 0.199544
v 0.350709 0.061306 0.194239
v 0.356867 0.109859 0.198593
v 0.360111 0.070232 0.196714
v 0.369384 0.139548 0.203145
v 0.371325 0.143942 0.198433
v 0.377123 0.155146 0.198344
v 0.370029 0.113254 0.197958
v 0.362505 0.091287 0.196769
v 0.375953 0.091230 0.195613
v 0.381203 0.126671 0.201199
v 0.385545 0.123224 0.196866
v 0.393792 0.128990 0.196208
v 0.388713 0.104026 0.198559
v 0.391587 0.094456 0.191135
v 0.391087 0.109856 0.194495
v 0.401795 0.104322 0.190642
v 0.234589 0.016324 -0.158221
v 0.230293 0.015065 -0.142416
v 0.247796 0.015892 -0.116036
v 0.255479 0.014917 -0.131096
v 0.271396 0.015216 -0.204873
v 0.263058 0.017294 -0.178823
v 0.259802 0.015438 -0.223271
v 0.268277 0.016081 -0.152224
v 0.290489 0.016869 -0.120572
v 0.287889 0.016344 -0.134641
v 0.286841 0.018850 -0.173969
v 0.294322 0.013996 -0.226288
v 0.294986 0.018999 -0.152812
v 0.297356 0.017720 -0.182753
v 0.306135 0.019187 -0.157402
v 0.314096 0.017127 -0.131911
v 0.308195 0.016475 -0.206439
v 0.317066 0.023929 -0.174211
v 0.318615 0.015160 -0.225913
v 0.326289 0.021868 -0.147417
v 0.324640 0.024943 -0.187846
v 0.326078 0.019837 -0.203703
v 0.330709 0.019135 -0.123959
v 0.325985 0.015857 -0.215614
v 0.326421 0.018637 -0.234346
v 0.333845 0.028364 -0.162235
v 0.336232 0.032478 -0.172957
v 0.332830 0.019006 -0.220048
v 0.333983 0.019351 -0.207915
v 0.334380 0.029479 -0.238908
v 0.339076 0.025292 -0.139936
v 0.339533 0.028438 -0.200389
v 0.349204 0.029880 -0.126735
v 0.226514 0.085885 -0.005172
v 0.234711 0.128969 -0.069388
v 0.253146 0.139753 -0.069673
v 0.247239 0.145661 -0.048009
v 0.248231 0.141414 -0.038465
v 0.268358 0.150755 -0.048241
v 0.270657 0.147732 -0.041322
v 0.268373 0.146315 -0.070101
v 0.259412 0.143215 -0.035520
v 0.277086 0.151529 -0.079226
v 0.277522 0.147268 -0.059356
v 0.291410 0.147164 -0.072155
v 0.287119 0.149724 -0.050688
v 0.286565 0.144445 -0.037879
v 0.298465 0.142428 -0.065698
v 0.293591 0.147127 -0.058168
v 0.299907 0.145490 -0.048779
v 0.306589 0.142206 -0.060325
v 0.311156 0.138472 -0.068549
v 0.313036 0.134971 -0.038786
v 0.313477 0.143046 -0.078299
v 0.313030 0.139591 -0.053141
v 0.319960 0.132710 -0.062060
v 0.324211 0.134472 -0.073878
v 0.325250 0.124984 -0.048584
v 0.329479 0.124921 -0.070456
v 0.319719 0.128556 -0.032705
v 0.323910 0.130411 -0.028588
v 0.331146 0.121712 -0.057769
v 0.227201 0.079027 -0.022509
v 0.232067 0.063154 -0.024179
v 0.232791 0.116912 -0.030909
v 0.242175 0.046200 -0.020981
v 0.253761 0.035189 -0.022133
v 0.270571 0.025468 -0.023271
v 0.289549 0.018565 -0.023043
v 0.236256 0.118010 -0.021658
v 0.240326 0.123728 -0.030941
v 0.244497 0.125993 -0.026665
v 0.251989 0.130424 -0.033780
v 0.253175 0.128262 -0.027008
v 0.256513 0.120890 -0.022575
v 0.260029 0.120940 -0.031191
v 0.264055 0.113679 -0.023123
v 0.268863 0.115064 -0.031467
v 0.274590 0.111899 -0.025355
v 0.279736 0.116015 -0.031774
v 0.286959 0.108861 -0.022569
v 0.300406 0.107478 -0.024093
v 0.304945 0.109341 -0.032428
v 0.314846 0.112021 -0.024183
v 0.314683 0.117537 -0.034658
v 0.320463 0.120865 -0.028782
v 0.234297 0.100636 0.237030
v 0.231450 0.084420 0.214036
v 0.232947 0.080627 0.236764
v 0.237221 0.108241 0.215199
v 0.234769 0.062117 0.207819
v 0.232249 0.092187 0.306431
v 0.233450 0.063581 0.300765
v 0.240311 0.072952 0.315154
v 0.233346 0.078651 0.282807
v 0.233708 0.100655 0.292538
v 0.233174 0.057905 0.289134
v 0.236932 0.089599 0.204489
v 0.238204 0.046176 0.224356
v 0.238617 0.035006 0.300188
v 0.236904 0.039720 0.280848
v 0.236747 0.054376 0.268921
v 0.235697 0.093677 0.267832
v 0.239069 0.111620 0.304914
v 0.237714 0.068336 0.257511
v 0.238401 0.038077 0.253986
v 0.235470 0.048952 0.254612
v 0.236523 0.109572 0.262437
v 0.243263 0.119822 0.237617
v 0.240985 0.048785 0.313528
v 0.239997 0.094772 0.313539
v 0.237721 0.112280 0.285948
v 0.237802 0.118833 0.255975
v 0.237748 0.046677 0.206758
v 0.243710 0.047275 0.198708
v 0.245410 0.121937 0.281901
v 0.242997 0.026298 0.276100
v 0.246647 0.027145 0.210976
v 0.245897 0.029699 0.309214
v 0.247231 0.023027 0.234634
v 0.248485 0.120752 0.305442
v 0.247713 0.121589 0.218511
v 0.247814 0.042129 0.317907
v 0.249828 0.020827 0.293452
v 0.252699 0.016974 0.256537
v 0.256375 0.030046 0.314854
v 0.249656 0.112869 0.310911
v 0.257437 0.057538 0.321925
v 0.253289 0.082716 0.319571
v 0.262787 0.105001 0.315772
v 0.262052 0.121328 0.308613
v 0.269163 0.041608 0.321019
v 0.257306 0.021437 0.308731
v 0.277738 0.091087 0.318097
v 0.270262 0.071795 0.319968
v 0.273540 0.025059 0.312980
v 0.283659 0.120059 0.310691
v 0.290636 0.057439 0.319874
v 0.276792 0.127099 0.304132
v 0.291042 0.035943 0.317501
v 0.300186 0.113915 0.313439
v 0.300462 0.021638 0.310201
v 0.294324 0.126875 0.305699
v 0.301904 0.096627 0.317513
v 0.295703 0.090998 0.320157
v 0.298183 0.079865 0.319784
v 0.315349 0.072119 0.318038
v 0.313646 0.037232 0.317078
v 0.316553 0.053742 0.317589
v 0.312689 0.123915 0.305390
v 0.306879 0.083261 0.320432
v 0.315074 0.092857 0.316162
v 0.308394 0.089962 0.320498
v 0.333588 0.083375 0.311978
v 0.328889 0.102748 0.310078
v 0.307650 0.014863 0.301708
v 0.323038 0.014472 0.303131
v 0.325775 0.029840 0.314713
v 0.330684 0.019928 0.307519
v 0.325449 0.115592 0.307454
v 0.334414 0.063451 0.314727
v 0.332641 0.046071 0.316023
v 0.343440 0.036239 0.311126
v 0.352677 0.026603 0.299220
v 0.339130 0.109572 0.303549
v 0.348512 0.053219 0.310811
v 0.350738 0.072738 0.306438
v 0.348920 0.094777 0.300306
v 0.357891 0.042137 0.303967
v 0.348194 0.110221 0.294628
v 0.357387 0.082085 0.299391
v 0.360425 0.058274 0.302045
v 0.241316 0.131064 -0.033019
v 0.277029 0.129230 -0.035354
v 0.298470 0.119198 -0.035114
v 0.297931 0.137351 -0.036637
v 0.292852 0.111185 -0.036773
v 0.310105 0.128001 -0.036114
v 0.247627 0.126281 -0.051605
v 0.254025 0.141367 -0.044257
v 0.253498 0.135450 -0.049007
v 0.279601 0.144759 0.005628
v 0.331277 0.138327 0.007743
v 0.340554 0.050832 0.008654
v 0.354615 0.117546 0.008636
v 0.348535 0.109517 0.011002
v 0.352474 0.059699 0.008359
v 0.344623 0.076471 0.007103
v 0.354555 0.092480 0.007474
v 0.348118 0.096576 0.009032
v 0.369154 0.104513 0.009524
v 0.250477 0.055502 0.192643
v 0.256605 0.027464 0.201954
v 0.255958 0.020186 0.212932
v 0.277046 0.016947 0.299920
v 0.266324 0.039428 0.196177
v 0.283734 0.015821 0.252253
v 0.277124 0.017661 0.216306
v 0.281712 0.028059 0.203159
v 0.287331 0.046458 0.197219
v 0.300503 0.022513 0.209850
v 0.317403 0.019157 0.215707
v 0.306990 0.040699 0.201310
v 0.306435 0.012968 0.290178
v 0.320765 0.015096 0.233976
v 0.332799 0.035746 0.201686
v 0.325167 0.013887 0.285707
v 0.325724 0.015404 0.257510
v 0.332949 0.052098 0.196442
v 0.338473 0.016808 0.223833
v 0.340862 0.017468 0.296761
v 0.345921 0.023822 0.211886
v 0.345352 0.015535 0.245940
v 0.349121 0.016557 0.279428
v 0.351850 0.044627 0.200438
v 0.357148 0.031667 0.208350
v 0.359908 0.021243 0.243024
v 0.359352 0.025472 0.218715
v 0.357342 0.017031 0.256552
v 0.359817 0.022322 0.283896
v 0.360555 0.021368 0.269019
v 0.364949 0.044810 0.207125
v 0.368651 0.067658 0.202022
v 0.253942 0.126665 0.256674
v 0.257322 0.124353 0.299545
v 0.260788 0.124139 0.210886
v 0.264632 0.127542 0.226458
v 0.257697 0.125995 0.278559
v 0.282422 0.129267 0.238326
v 0.279703 0.127850 0.272894
v 0.289015 0.130395 0.213516
v 0.293507 0.128973 0.292883
v 0.306163 0.128618 0.269129
v 0.327017 0.128409 0.221866
v 0.313699 0.126964 0.296715
v 0.316346 0.128875 0.239406
v 0.333623 0.126335 0.256991
v 0.334495 0.123258 0.280573
v 0.334045 0.119067 0.297791
v 0.359506 0.116819 0.211374
v 0.348686 0.116470 0.285757
v 0.357044 0.123123 0.245162
v 0.354654 0.118826 0.269649
v 0.360134 0.106438 0.277777
v 0.365531 0.113913 0.231087
v 0.364452 0.117123 0.254156
v 0.260669 0.135151 -0.048801
v 0.266773 0.128165 -0.051762
v 0.278559 0.123875 -0.050428
v 0.292217 0.115654 -0.048446
v 0.303510 0.109576 -0.050595
v 0.313792 0.109502 -0.048270
v 0.294401 0.031715 0.138842
v 0.314416 0.034754 0.131502
v 0.329325 0.034512 0.120819
v 0.332581 0.051043 0.126743
v 0.335699 0.070966 0.127166
v 0.337563 0.043345 0.117134
v 0.341461 0.090512 0.121473
v 0.340664 0.061080 0.122583
v 0.341477 0.054315 0.118578
v 0.292391 0.085151 0.461700
v 0.290685 0.091828 0.460821
v 0.289903 0.091762 0.440795
v 0.293844 0.090003 0.476216
v 0.290778 0.084465 0.434424
v 0.290817 0.091059 0.406419
v 0.294609 0.096324 0.415651
v 0.297193 0.094699 0.441601
v 0.293121 0.083356 0.406758
v 0.291571 0.086875 0.391780
v 0.293452 0.091679 0.365534
v 0.299844 0.096579 0.374906
v 0.295661 0.083204 0.375740
v 0.295943 0.084800 0.349413
v 0.295212 0.090022 0.331570
v 0.302680 0.094918 0.329652
v 0.301136 0.083129 0.329636
v 0.296321 0.082267 0.433357
v 0.299431 0.082351 0.402962
v 0.299845 0.087850 0.447906
v 0.302468 0.085201 0.417791
v 0.302695 0.082645 0.360756
v 0.306128 0.088298 0.377405
v 0.307490 0.087058 0.337618
v 0.303930 0.093115 0.399129
v 0.306702 0.094051 0.349900
v 0.323314 0.023720 -0.017915
v 0.354419 0.060446 -0.020306
v 0.357474 0.081260 -0.024250
v 0.318889 0.123787 -0.051782
v 0.315228 0.119896 -0.047488
v 0.325717 0.117146 -0.045639
v 0.334911 0.101175 -0.044028
v 0.336464 0.111940 -0.045599
v 0.339244 0.116919 -0.076086
v 0.342834 0.061460 -0.041626
v 0.342808 0.096402 -0.048537
v 0.342459 0.107317 -0.064243
v 0.343150 0.082340 -0.037161
v 0.344546 0.077225 -0.045191
v 0.351519 0.053247 -0.061749
v 0.352486 0.081590 -0.065679
v 0.350857 0.097175 -0.071957
v 0.323132 0.085141 -0.258578
v 0.326411 0.091086 -0.260115
v 0.325691 0.081851 -0.270987
v 0.326221 0.088508 -0.289034
v 0.330354 0.094143 -0.282720
v 0.330417 0.094182 -0.317470
v 0.329202 0.087975 -0.319508
v 0.332759 0.095686 -0.341224
v 0.331806 0.089520 -0.347448
v 0.335889 0.085653 -0.370366
v 0.335981 0.096288 -0.367436
v 0.336286 0.096906 -0.309756
v 0.334874 0.097696 -0.327192
v 0.339191 0.098585 -0.348732
v 0.337819 0.096187 -0.386113
v 0.335557 0.089341 -0.386924
v 0.338185 0.085045 -0.393848
v 0.337089 0.092637 -0.396156
v 0.341061 0.097426 -0.395580
v 0.342365 0.090738 -0.396205
v 0.333726 0.032829 0.103722
v 0.333936 0.028664 0.032646
v 0.335707 0.030940 0.080682
v 0.341715 0.042713 0.089936
v 0.332770 0.030970 0.011905
v 0.339667 0.037998 0.057733
v 0.341174 0.038971 0.075716
v 0.344155 0.054679 0.034853
v 0.342620 0.050586 0.016192
v 0.346964 0.059671 0.055366
v 0.345597 0.050858 0.073610
v 0.351095 0.123050 0.034309
v 0.342549 0.049784 0.106984
v 0.352641 0.072160 0.073004
v 0.353371 0.081793 0.050699
v 0.348292 0.060954 0.092294
v 0.355502 0.116346 0.042980
v 0.358907 0.106738 0.056080
v 0.353860 0.099542 0.036215
v 0.345960 0.070334 0.112382
v 0.354428 0.083704 0.092431
v 0.359058 0.095583 0.073152
v 0.360916 0.115050 0.074386
v 0.347563 0.065365 0.017002
v 0.345876 0.077532 0.013253
v 0.351652 0.095740 0.107041
v 0.349734 0.080829 0.028328
v 0.352098 0.110554 0.026333
v 0.349612 0.095208 0.018604
v 0.354397 0.112186 0.102145
v 0.358692 0.105381 0.090629
v 0.358045 0.120851 0.089656
v 0.351246 0.105366 0.016356
v 0.329948 0.080232 -0.286746
v 0.331908 0.078550 -0.267637
v 0.331336 0.082781 -0.312376
v 0.334323 0.083947 -0.333297
v 0.336322 0.081435 -0.310984
v 0.336117 0.080368 -0.285192
v 0.337340 0.083757 -0.354785
v 0.340836 0.083972 -0.334240
v 0.342533 0.083130 -0.380451
v 0.343140 0.084635 -0.354694
v 0.344801 0.083749 -0.394350
v 0.338942 0.032699 -0.229083
v 0.347181 0.042175 -0.206562
v 0.345273 0.036842 -0.158621
v 0.353825 0.036635 -0.139954
v 0.346009 0.041941 -0.180484
v 0.347959 0.128340 -0.206264
v 0.343412 0.043982 -0.242510
v 0.358632 0.054119 -0.170277
v 0.371923 0.052204 -0.147634
v 0.347661 0.117442 -0.225867
v 0.363472 0.127091 -0.189002
v 0.355654 0.105547 -0.202983
v 0.358842 0.060149 -0.181021
v 0.363891 0.067006 -0.177473
v 0.354681 0.099605 -0.226998
v 0.355692 0.070438 -0.194320
v 0.365170 0.087377 -0.187614
v 0.353390 0.057433 -0.199122
v 0.352389 0.057904 -0.238866
v 0.377546 0.133038 -0.176400
v 0.386525 0.071913 -0.161409
v 0.383104 0.120905 -0.176498
v 0.356125 0.066894 -0.229206
v 0.389377 0.122946 -0.137412
v 0.386137 0.067672 -0.151916
v 0.383837 0.085345 -0.173210
v 0.357678 0.087970 -0.205310
v 0.358063 0.077416 -0.218468
v 0.368076 0.047411 -0.126297
v 0.385825 0.089587 -0.123339
v 0.396586 0.087855 -0.145626
v 0.373212 0.104158 -0.113199
v 0.373894 0.121759 -0.118467
v 0.387978 0.071093 -0.133189
v 0.360048 0.090221 -0.224366
v 0.360053 0.085086 -0.233628
v 0.375164 0.059943 -0.121072
v 0.334280 0.092188 -0.265358
v 0.338496 0.093328 -0.293136
v 0.342936 0.095197 -0.332319
v 0.343150 0.097607 -0.382812
v 0.345027 0.095717 -0.361006
v 0.348237 0.092966 -0.394252
v 0.347801 0.093289 -0.382261
v 0.337756 0.085502 -0.265734
v 0.341501 0.086386 -0.307073
v 0.345574 0.089065 -0.347523
v 0.347958 0.087298 -0.384175
v 0.362347 0.033242 0.293683
v 0.365480 0.035210 0.275968
v 0.368766 0.098081 0.209683
v 0.366055 0.035212 0.241512
v 0.367596 0.086180 0.203009
v 0.362209 0.072550 0.296295
v 0.361978 0.086681 0.288185
v 0.370199 0.051609 0.224761
v 0.367024 0.106783 0.247032
v 0.365765 0.047308 0.292387
v 0.369886 0.081809 0.231244
v 0.367562 0.102164 0.220563
v 0.367390 0.072163 0.280374
v 0.367596 0.088331 0.265024
v 0.369328 0.064564 0.257017
v 0.369055 0.054311 0.274013
v 0.372385 0.064201 0.211350
v 0.366613 0.061263 0.290939
v -0.403340 0.145103 0.089257
v -0.401976 0.132239 0.071704
v -0.397698 0.132385 0.037110
v -0.399696 0.150136 0.029164
v -0.396995 0.112924 0.056485
v -0.393716 0.126104 0.105598
v -0.389494 0.089792 0.073353
v -0.390296 0.143177 0.012238
v -0.386107 0.102122 0.028232
v -0.383691 0.082268 0.045948
v -0.384148 0.118372 0.013630
v -0.380913 0.143427 -0.002152
v -0.370178 0.073878 0.021399
v -0.371512 0.054615 0.077981
v -0.370700 0.095094 0.005933
v -0.363478 0.118912 -0.012676
v -0.359831 0.042193 0.041428
v -0.365689 0.147577 -0.019930
v -0.358272 0.090604 -0.005493
v -0.346632 0.120697 -0.025989
v -0.354710 0.061582 0.009575
v -0.350896 0.149841 -0.032172
v -0.351248 0.022684 0.055850
v -0.337132 0.079664 -0.015635
v -0.357627 0.035567 0.091612
v -0.349423 0.022734 0.087074
v -0.344266 0.022181 0.035692
v -0.341659 0.031990 0.020269
v -0.327318 0.044305 -0.000546
v -0.326866 0.110660 -0.033633
v -0.323938 0.025213 0.011368
v -0.318859 0.142654 -0.044496
v -0.307322 0.051744 -0.012683
v -0.298360 0.085290 -0.031397
v -0.303201 0.124552 -0.043252
v -0.268383 0.136963 -0.045380
v -0.285726 0.032059 -0.003850
v -0.277592 0.061372 -0.019946
v -0.380857 0.143086 0.137589
v -0.377985 0.083989 0.108458
v -0.371258 0.114966 0.137606
v -0.365348 0.150828 0.157092
v -0.363967 0.081198 0.129026
v -0.355514 0.048778 0.112541
v -0.339300 0.131041 0.167938
v -0.348360 0.087344 0.147346
v -0.335068 0.053587 0.135862
v -0.347735 0.108959 0.156918
v -0.327697 0.091154 0.160482
v -0.314460 0.127302 0.175871
v -0.298346 0.048516 0.147075
v -0.293429 0.086533 0.166922
v -0.294611 0.021524 0.131443
v -0.292380 0.140187 0.182236
v -0.276475 0.115955 0.175977
v -0.271040 0.073455 0.160465
v -0.266484 0.036598 0.139588
v -0.247106 0.106732 0.167061
v -0.233477 0.074556 0.146427
v -0.240535 0.140517 0.173870
v -0.221713 0.107784 0.154338
v -0.210161 0.133004 0.153358
v -0.349614 0.048286 -0.151873
v -0.346860 0.038974 -0.150572
v -0.345148 0.043203 -0.158896
v -0.339811 0.050517 -0.169735
v -0.335304 0.033670 -0.160985
v -0.337483 0.060450 -0.176142
v -0.323850 0.044210 -0.183416
v -0.322496 0.057674 -0.192996
v -0.312252 0.023815 -0.173112
v -0.305945 0.048260 -0.201803
v -0.286277 0.031383 -0.203061
v -0.295697 0.063076 -0.215128
v -0.284947 0.055151 -0.222562
v -0.281293 0.019591 -0.192348
v -0.281190 0.045502 -0.218806
v -0.261491 0.039145 -0.220324
v -0.265924 0.050964 -0.226714
v -0.251619 0.021156 -0.208789
v -0.251477 0.047534 -0.227256
v -0.253393 0.054629 -0.229572
v -0.235764 0.017119 -0.190813
v -0.238449 0.040023 -0.220984
v -0.240518 0.051910 -0.228707
v -0.227451 0.027255 -0.209150
v -0.225180 0.051301 -0.225141
v -0.215294 0.042261 -0.214798
v -0.315828 0.057779 -0.074475
v -0.295869 0.038359 -0.103479
v -0.301416 0.020000 -0.120730
v -0.294520 0.057832 -0.091261
v -0.279735 0.021190 -0.132220
v -0.259128 0.056231 -0.118729
v -0.247116 0.044727 -0.134371
v -0.258450 0.016698 -0.158006
v -0.244442 0.027773 -0.151755
v -0.241513 0.016569 -0.175074
v -0.232842 0.062979 -0.140025
v -0.220039 0.026816 -0.176376
v -0.220497 0.054655 -0.149722
v -0.210631 0.046645 -0.163446
v -0.207699 0.030803 -0.190993
v -0.202309 0.055406 -0.165204
v -0.199762 0.040851 -0.181262
v -0.190896 0.049547 -0.207501
v -0.189418 0.055286 -0.176604
v -0.184809 0.050318 -0.190858
v -0.178543 0.058995 -0.191023
v -0.269182 0.067065 -0.063646
v -0.264423 0.054226 -0.074103
v -0.264176 0.064559 -0.083996
v -0.254191 0.048510 -0.089875
v -0.246345 0.064600 -0.105553
v -0.240390 0.048378 -0.102640
v -0.227872 0.035303 -0.101471
v -0.223366 0.054952 -0.112175
v -0.210430 0.062575 -0.115938
v -0.212223 0.031204 -0.101266
v -0.201582 0.047213 -0.108677
v -0.192058 0.066074 -0.111695
v -0.183677 0.051935 -0.102228
v -0.175311 0.041644 -0.085782
v -0.166092 0.060849 -0.084754
v -0.156035 0.113877 -0.294940
v -0.146468 0.128300 -0.292544
v -0.144664 0.136747 -0.307524
v -0.139341 0.127897 -0.277514
v -0.136273 0.136182 -0.296013
v -0.131190 0.138362 -0.324840
v -0.130996 0.139330 -0.307733
v -0.132178 0.132964 -0.274498
v -0.120573 0.135627 -0.291019
v -0.117827 0.136881 -0.275392
v -0.111115 0.135917 -0.326165
v -0.113345 0.131483 -0.342772
v -0.114679 0.137422 -0.302734
v -0.103891 0.138164 -0.257678
v -0.103371 0.136857 -0.279782
v -0.099226 0.132849 -0.299125
v -0.087015 0.119196 -0.365141
v -0.090778 0.138918 -0.262210
v -0.087074 0.127585 -0.338738
v -0.075302 0.130271 -0.309137
v -0.069472 0.134966 -0.278089
v -0.068159 0.127928 -0.344872
v -0.049725 0.132916 -0.260954
v -0.058573 0.128581 -0.302505
v -0.044179 0.128414 -0.326330
v -0.039851 0.130693 -0.281539
v -0.048335 0.130718 -0.344600
v -0.036530 0.127943 -0.358679
v -0.033423 0.130014 -0.345490
v -0.014150 0.125533 -0.272773
v -0.020768 0.130089 -0.331676
v -0.019031 0.127774 -0.351212
v -0.015266 0.128432 -0.306665
v -0.157334 0.100525 -0.000446
v -0.151494 0.075430 -0.000779
v -0.153557 0.086600 0.004632
v -0.156347 0.096717 -0.011764
v -0.137435 0.057514 0.006512
v -0.121284 0.103487 0.031723
v -0.116933 0.038170 0.008787
v -0.110411 0.072180 0.025583
v -0.104642 0.094213 0.033144
v -0.098671 0.033901 0.012115
v -0.087526 0.070075 0.028745
v -0.088845 0.029340 0.005289
v -0.080459 0.086604 0.034942
v -0.071817 0.041664 0.023252
v -0.068838 0.029656 0.009347
v -0.055957 0.030745 0.018026
v -0.063473 0.055227 0.028204
v -0.045839 0.040117 0.026102
v -0.050878 0.021421 0.004619
v -0.049235 0.028565 0.011518
v -0.023627 0.023694 0.004101
v -0.012661 0.032670 0.009989
v -0.009425 0.038981 0.029881
v 0.004854 0.033377 0.005060
v 0.008706 0.047948 0.034545
v 0.017006 0.051993 0.011454
v 0.020239 0.037263 0.005972
v 0.023818 0.051438 0.012417
v 0.034186 0.048664 0.004265
v 0.031323 0.064374 0.016507
v -0.149776 0.124014 -0.008951
v -0.147493 0.119598 0.002869
v -0.138094 0.141419 -0.019931
v -0.135139 0.149537 -0.012450
v -0.118357 0.161224 -0.022818
v -0.097973 0.172064 -0.022608
v -0.076398 0.171247 -0.033494
v 0.033971 0.065967 0.030668
v 0.036810 0.075520 0.042650
v 0.040332 0.096840 0.038265
v 0.037149 0.082652 0.024348
v 0.047576 0.096478 0.050695
v 0.050922 0.118129 0.040119
v 0.058247 0.125374 0.027945
v 0.060062 0.119597 0.049466
v 0.071763 0.139547 0.038524
v 0.068712 0.131953 0.051604
v 0.076092 0.140333 0.028502
v 0.083455 0.142503 0.051732
v 0.092123 0.148172 0.029593
v 0.092014 0.149245 0.042511
v 0.102593 0.146426 0.055622
v 0.110488 0.151838 0.032572
v 0.114955 0.149696 0.049020
v 0.142460 0.146459 0.045585
v 0.171314 0.128628 0.051459
v 0.190972 0.094443 0.056774
vn -0.9515 0.3014 0.0621
vn 0.1823 0.9832 0.0101
vn -0.9838 0.0957 -0.1516
vn -0.8673 0.3203 0.3811
vn 0.4996 0.8518 -0.1577
vn -0.8260 0.3609 -0.4330
vn 0.0595 0.9982 0.0079
vn 0.6241 0.6580 -0.4213
vn 0.1061 0.9917 0.0732
vn -0.7486 0.2649 -0.6078
vn -0.6944 0.5149 0.5027
vn -0.0210 0.9996 -0.0210
vn 0.5059 0.8622 0.0245
vn 0.6290 0.7425 -0.2303
vn -0.0795 0.9963 0.0331
vn -0.1297 0.9913 -0.0220
vn 0.4230 0.8942 0.1467
vn -0.5364 0.4872 -0.6892
vn 0.5874 0.4889 0.6450
vn 0.6469 0.5483 -0.5300
vn 0.0312 0.9993 -0.0219
vn -0.0749 0.9932 -0.0893
vn -0.1608 0.9770 0.1403
vn 0.5225 0.6170 0.5884
vn 0.0336 0.9991 -0.0241
vn -0.5120 0.0555 0.8572
vn -0.1815 0.9107 0.3711
vn -0.1090 0.9859 0.1267
vn -0.3254 0.9443 0.0494
vn 0.1801 0.9498 0.2557
vn 0.3627 0.7218 -0.5895
vn -0.3959 0.0208 -0.9181
vn 0.3824 0.7005 -0.6025
vn -0.2648 0.9530 0.1473
vn -0.3597 -0.0745 0.9301
vn -0.3112 0.9503 0.0042
vn -0.2235 0.9651 -0.1364
vn 0.0542 0.9939 0.0957
vn -0.3292 0.9442 0.0073
vn 0.3216 0.5032 0.8021
vn 0.1647 0.6205 -0.7667
vn -0.2964 0.9196 -0.2578
vn -0.0037 0.9999 0.0123
vn -0.1030 0.0529 -0.9933
vn -0.1375 0.9398 0.3130
vn -0.1028 0.9613 -0.2557
vn -0.1148 0.9126 0.3923
vn -0.3148 0.9330 0.1742
vn -0.0183 0.9962 -0.0854
vn -0.0483 0.9715 -0.2322
vn 0.1718 0.6447 -0.7448
vn -0.1770 -0.0497 0.9830
vn -0.0640 0.9794 0.1913
vn -0.2388 0.9655 -0.1039
vn -0.2120 0.9663 0.1460
vn -0.0316 0.9504 -0.3095
vn -0.0015 0.9921 0.1253
vn 0.0043 0.9997 -0.0250
vn 0.0068 0.4086 0.9127
vn 0.2514 0.4338 0.8653
vn 0.0437 0.9679 0.2473
vn 0.0108 0.9652 0.2612
vn 0.0749 0.9765 -0.2020
vn -0.0301 0.9970 0.0709
vn 0.0367 0.1263 -0.9913
vn -0.0825 0.6063 -0.7910
vn 0.0620 0.1277 0.9899
vn 0.0389 0.6409 0.7666
vn -0.0442 0.4647 -0.8844
vn -0.0036 0.9815 -0.1912
vn 0.0407 0.9172 -0.3963
vn 0.0096 0.9995 -0.0300
vn -0.1695 0.7747 -0.6092
vn 0.2234 0.9645 -0.1412
vn -0.1213 0.8628 0.4908
vn 0.1261 0.9106 0.3935
vn 0.2260 0.9290 -0.2930
vn 0.2142 0.9726 0.0899
vn -0.1060 0.9295 0.3532
vn 0.2452 0.9319 0.2674
vn 0.2010 0.0071 0.9796
vn 0.1391 0.8879 -0.4384
vn 0.1113 0.9876 0.1106
vn 0.3245 0.9435 0.0672
vn -0.2448 0.4659 -0.8503
vn -0.3475 0.5066 0.7890
vn 0.1034 0.9556 0.2758
vn 0.3292 0.9326 -0.1476
vn 0.0537 0.9962 -0.0684
vn 0.3144 -0.0191 -0.9491
vn 0.1839 0.9686 0.1675
vn 0.1948 0.9676 -0.1608
vn -0.4798 0.3628 -0.7988
vn -0.2290 0.3393 -0.9124
vn -0.0037 0.9998 -0.0176
vn 0.2981 0.9507 -0.0851
vn 0.4756 0.5177 -0.7112
vn -0.3264 0.8154 0.4781
vn 0.0584 0.9972 0.0462
vn -0.4793 0.3094 -0.8213
vn -0.4475 0.5742 0.6856
vn 0.4758 0.0087 0.8795
vn 0.2295 0.9723 0.0448
vn 0.1005 0.9941 -0.0415
vn -0.4229 0.7260 -0.5424
vn 0.1765 0.9834 -0.0422
vn -0.6505 0.2512 -0.7167
vn -0.3986 0.8576 -0.3251
vn 0.6412 0.3050 0.7042
vn -0.7243 0.2698 -0.6344
vn 0.0386 0.9993 -0.0024
vn 0.0133 0.9999 -0.0057
vn -0.4790 0.8128 0.3315
vn -0.6613 0.6679 -0.3414
vn -0.8390 0.2538 -0.4813
vn -0.8668 0.2434 -0.4351
vn 0.0618 0.9971 -0.0454
vn 0.7142 0.1472 -0.6843
vn -0.8251 0.5020 0.2593
vn -0.9108 0.2555 0.3242
vn -0.7979 0.2782 0.5348
vn -0.9417 0.2529 -0.2217
vn -0.6527 0.7511 -0.0986
vn 0.8285 0.2527 0.4996
vn -0.7052 0.3078 0.6387
vn -0.7768 0.5321 0.3368
vn -0.5236 0.8519 0.0120
vn -0.9637 0.2569 0.0727
vn -0.8551 0.4273 -0.2937
vn 0.8393 0.1437 -0.5244
vn -0.8802 0.2638 0.3946
vn -0.9411 0.2618 0.2140
vn -0.1293 0.9894 -0.0667
vn -0.4959 0.8613 0.1105
vn -0.9400 0.3402 -0.0271
vn -0.2090 0.9774 -0.0303
vn 0.6988 0.6715 -0.2466
vn 0.6011 0.7925 -0.1026
vn 0.8463 0.4487 0.2869
vn 0.9971 -0.0536 -0.0542
vn 0.9917 0.0514 0.1179
vn 0.9362 0.3499 -0.0343
vn 0.9214 0.3537 0.1607
vn 0.9625 0.2709 -0.0112
vn 0.9268 0.2359 -0.2921
vn 0.9232 0.2825 0.2607
vn 0.8420 0.3674 0.3950
vn 0.8446 0.2768 -0.4583
vn 0.9282 0.2761 -0.2494
vn 0.8289 0.3344 0.4485
vn 0.7117 0.2707 -0.6483
vn 0.5782 0.2754 -0.7680
vn 0.5657 0.2685 -0.7797
vn 0.3773 0.2851 -0.8811
vn 0.3395 0.2360 -0.9105
vn 0.0403 0.2753 -0.9605
vn 0.7593 0.2653 0.5942
vn 0.7439 0.3757 0.5527
vn 0.5169 0.3107 0.7977
vn 0.2462 0.2540 0.9353
vn 0.0107 0.2414 0.9704
vn -0.1634 0.2470 0.9551
vn -0.2668 0.2430 0.9326
vn -0.5250 0.2593 0.8106
vn -0.6685 0.2843 0.6872
vn -0.8109 0.2350 0.5360
vn -0.9488 -0.2037 -0.2412
vn -0.9142 -0.3486 0.2069
vn -0.8161 0.5648 0.1225
vn -0.9097 0.2314 -0.3448
vn -0.8645 -0.5019 -0.0254
vn -0.9681 -0.0209 0.2495
vn -0.4914 0.8709 0.0119
vn -0.8156 -0.5536 0.1683
vn -0.6456 -0.6269 0.4361
vn -0.6803 0.5918 0.4324
vn -0.7996 -0.3314 0.5007
vn -0.5911 -0.8016 0.0899
vn -0.6954 -0.6824 -0.2255
vn -0.5156 -0.7560 0.4033
vn -0.3109 -0.5312 0.7881
vn -0.4232 -0.8731 -0.2421
vn -0.0004 -0.7620 0.6475
vn -0.0293 -0.7801 0.6249
vn 0.0854 0.8656 0.4934
vn -0.1349 -0.9285 0.3461
vn -0.0738 -0.9937 0.0841
vn -0.1837 -0.9607 -0.2080
vn 0.0851 -0.9874 0.1336
vn -0.0022 -0.9936 -0.1129
vn -0.5113 0.8569 -0.0665
vn -0.3301 0.9437 -0.0187
vn -0.8782 0.2567 -0.4036
vn -0.3077 0.9510 -0.0310
vn -0.1211 0.9926 -0.0004
vn -0.3314 0.9225 -0.1980
vn -0.0997 0.9950 -0.0065
vn -0.1361 0.9904 -0.0233
vn -0.1273 0.9912 -0.0372
vn -0.0064 0.9997 0.0250
vn 0.2775 0.9010 0.3334
vn -0.0104 0.9999 0.0058
vn -0.0258 0.9995 -0.0182
vn -0.4295 0.7687 -0.4740
vn -0.0301 0.8491 -0.5274
vn 0.0121 0.9999 -0.0124
vn 0.2569 0.9116 0.3209
vn 0.0353 0.9869 -0.1576
vn 0.0188 0.9995 0.0251
vn -0.1013 0.4390 -0.8928
vn 0.0239 0.9222 -0.3859
vn 0.0409 0.9983 0.0410
vn 0.0053 0.9982 -0.0593
vn 0.3849 0.7747 0.5017
vn 0.0080 0.9720 -0.2347
vn 0.0111 0.9999 0.0056
vn -0.2087 0.3809 -0.9008
vn 0.0349 0.8343 -0.5502
vn 0.5545 0.5080 0.6592
vn 0.0508 0.8812 -0.4701
vn 0.1032 0.9870 0.1228
vn 0.1719 -0.0755 -0.9822
vn 0.0161 0.9787 -0.2047
vn 0.2936 0.0767 -0.9529
vn 0.0493 0.9987 0.0088
vn 0.2671 0.5594 -0.7846
vn 0.5839 0.5634 0.5845
vn 0.4179 -0.3172 -0.8513
vn 0.6952 -0.0766 -0.7147
vn 0.1734 0.9634 -0.2045
vn 0.6100 0.7921 0.0238
vn -0.3696 -0.7814 0.5028
vn -0.1284 -0.9898 0.0612
vn -0.0225 -0.9996 0.0197
vn -0.0940 -0.9951 -0.0320
vn -0.2198 -0.9435 -0.2479
vn -0.0260 -0.9991 -0.0345
vn -0.0539 -0.9768 -0.2075
vn -0.0624 -0.9955 0.0716
vn -0.0007 -1.0000 -0.0095
vn 0.2223 -0.7611 -0.6093
vn -0.1645 -0.6613 -0.7319
vn 0.1092 -0.9769 -0.1835
vn 0.0039 -1.0000 -0.0014
vn 0.0293 -0.9990 0.0347
vn 0.0449 -0.9827 0.1798
vn 0.1809 -0.6270 0.7577
vn 0.3186 -0.8820 0.3471
vn 0.0875 -0.9936 -0.0716
vn 0.4628 -0.7031 -0.5399
vn 0.3332 -0.5360 -0.7757
vn 0.1565 -0.9866 0.0450
vn 0.5698 -0.5383 -0.6209
vn 0.2160 -0.4697 -0.8560
vn 0.4122 -0.7331 -0.5410
vn -0.5448 0.7758 0.3183
vn 0.2893 -0.3165 -0.9034
vn 0.3093 0.5244 -0.7933
vn 0.1919 -0.3117 -0.9306
vn 0.5012 -0.2769 -0.8198
vn 0.4049 -0.2495 -0.8796
vn 0.7761 0.2652 -0.5721
vn 0.5941 -0.7037 0.3897
vn 0.6489 -0.4283 -0.6289
vn 0.4438 -0.8728 -0.2032
vn 0.5102 -0.5267 0.6799
vn 0.6133 -0.2147 -0.7601
vn 0.6141 -0.7816 0.1095
vn 0.7545 -0.5386 -0.3750
vn 0.6963 -0.4739 0.5390
vn 0.7930 -0.5303 0.3000
vn 0.8288 -0.5479 -0.1133
vn 0.7457 -0.4914 -0.4500
vn 0.8680 -0.4933 0.0573
vn 0.6890 -0.2858 -0.6660
vn 0.7313 -0.4022 -0.5509
vn 0.8749 -0.4664 -0.1302
vn 0.8728 -0.4408 0.2096
vn 0.7523 -0.4127 0.5135
vn 0.8785 -0.3824 -0.2863
vn 0.8505 -0.2916 -0.4378
vn 0.6636 -0.3519 0.6601
vn 0.7894 -0.2747 0.5490
vn 0.7846 -0.2347 -0.5739
vn 0.9047 -0.3260 0.2743
vn 0.9330 -0.3596 0.0136
vn 0.7662 -0.2004 0.6106
vn 0.8574 -0.2210 0.4649
vn 0.8926 -0.2635 -0.3657
vn 0.9460 -0.2828 -0.1584
vn 0.8935 -0.1963 -0.4039
vn 0.9271 -0.2178 0.3049
vn 0.9589 -0.2740 0.0744
vn 0.9568 -0.1708 -0.2351
vn -0.2837 0.9554 0.0818
vn 0.1562 0.9868 0.0421
vn -0.8520 0.5024 -0.1472
vn -0.6964 0.5656 -0.4417
vn -0.9327 0.0234 0.3600
vn -0.1928 0.9667 0.1681
vn 0.1363 0.9907 -0.0055
vn 0.0428 0.9977 -0.0530
vn 0.1256 0.9897 0.0694
vn -0.3344 0.8539 -0.3989
vn 0.0058 0.9999 0.0137
vn 0.0433 0.9920 0.1185
vn 0.0189 0.9929 -0.1171
vn -0.0146 0.9966 0.0806
vn -0.0163 0.9997 -0.0208
vn -0.3088 0.1540 -0.9386
vn 0.0083 0.9988 0.0484
vn 0.0020 0.9986 -0.0530
vn -0.0212 0.9996 0.0195
vn 0.0886 0.7507 -0.6546
vn 0.2389 0.3710 0.8974
vn -0.0401 0.9992 -0.0058
vn -0.0106 0.9990 0.0432
vn 0.1427 0.9613 -0.2358
vn 0.3851 0.8125 0.4376
vn 0.7303 0.2250 -0.6450
vn 0.3975 0.8969 -0.1937
vn 0.6889 0.5763 0.4397
vn -0.5279 0.8317 -0.1719
vn -0.9346 0.0420 0.3532
vn -0.9034 -0.3510 0.2462
vn -0.7753 -0.2158 0.5936
vn -0.7431 -0.4506 0.4947
vn -0.8699 -0.4794 0.1159
vn -0.5599 -0.8100 0.1741
vn -0.3948 -0.7437 0.5395
vn -0.4455 -0.4284 0.7862
vn -0.0043 -0.2701 0.9628
vn -0.1005 -0.4744 0.8745
vn -0.0605 -0.8820 0.4673
vn 0.3764 -0.4721 0.7971
vn 0.3242 -0.2934 0.8993
vn -0.5931 -0.7774 -0.2094
vn -0.1774 -0.9838 0.0259
vn -0.3667 -0.8737 -0.3196
vn -0.0744 -0.9301 -0.3597
vn 0.0606 -0.9912 -0.1179
vn 0.0897 -0.9875 0.1296
vn 0.3911 -0.7206 -0.5725
vn 0.3717 -0.7670 0.5230
vn 0.5747 -0.7946 -0.1959
vn 0.5364 -0.8355 0.1192
vn 0.7073 -0.3044 0.6380
vn 0.7321 -0.4852 0.4781
vn 0.8701 -0.4920 -0.0288
vn 0.8810 -0.3112 0.3563
vn 0.6751 -0.5959 -0.4350
vn -0.9368 -0.0270 -0.3488
vn -0.7697 0.0869 0.6324
vn -0.8232 0.2127 0.5265
vn -0.9029 -0.3055 -0.3023
vn -0.9057 -0.3407 0.2523
vn -0.7849 0.2802 -0.5527
vn -0.7565 -0.5467 -0.3589
vn -0.8218 0.5204 0.2321
vn -0.7685 -0.2892 -0.5708
vn -0.7297 0.0680 -0.6804
vn -0.7834 -0.5912 0.1916
vn -0.5690 0.5363 -0.6234
vn -0.6456 0.3688 -0.6687
vn -0.1677 -0.1836 -0.9686
vn -0.5095 0.1533 -0.8467
vn -0.3531 -0.4828 -0.8014
vn -0.5645 -0.7836 -0.2595
vn -0.5212 0.5388 0.6619
vn -0.4995 0.5885 -0.6357
vn 0.0890 -0.1179 -0.9890
vn -0.2990 0.3586 -0.8843
vn -0.3492 0.6911 -0.6328
vn -0.3375 -0.7849 -0.5197
vn -0.2051 0.5707 -0.7951
vn -0.3261 0.6424 -0.6935
vn -0.1033 0.5793 -0.8086
vn -0.3873 0.6654 0.6382
vn -0.9439 -0.2726 -0.1864
vn -0.9913 0.0998 -0.0862
vn -0.7741 0.0136 -0.6329
vn -0.9243 -0.2313 0.3035
vn -0.9991 -0.0374 0.0218
vn -0.9974 0.0533 -0.0493
vn -0.9457 -0.3181 0.0671
vn -0.9215 0.3004 0.2464
vn -0.8798 0.4753 -0.0078
vn -0.9118 0.4095 -0.0306
vn -0.8748 0.2712 -0.4014
vn -0.6927 0.7135 0.1054
vn -0.6688 0.5112 0.5398
vn -0.7979 -0.3119 -0.5159
vn -0.7712 0.2884 -0.5675
vn -0.6169 -0.1655 -0.7695
vn -0.7932 0.5812 0.1820
vn -0.7228 0.2544 -0.6425
vn -0.9443 0.3278 0.0293
vn -0.7407 0.3511 -0.5728
vn -0.7998 0.5696 0.1895
vn -0.7871 -0.6169 0.0032
vn -0.5710 -0.5822 -0.5788
vn -0.6586 0.2320 -0.7159
vn -0.7093 0.4639 0.5307
vn -0.5516 -0.3542 -0.7552
vn -0.6764 -0.0179 -0.7363
vn -0.4607 -0.3574 -0.8124
vn -0.3480 -0.6843 -0.6408
vn -0.6354 0.3181 -0.7036
vn -0.5189 0.7484 -0.4131
vn -0.4756 0.4974 -0.7256
vn -0.4838 0.0861 -0.8709
vn -0.4395 -0.1261 -0.8893
vn -0.4360 0.0932 -0.8951
vn -0.5721 0.2806 -0.7707
vn -0.6415 -0.0441 -0.7659
vn -0.5326 -0.2557 -0.8069
vn -0.6247 -0.2137 -0.7511
vn -0.6597 0.0438 -0.7503
vn -0.4694 -0.4604 -0.7535
vn -0.2187 -0.7899 -0.5729
vn -0.4656 0.3353 -0.8190
vn -0.4348 -0.0921 -0.8958
vn -0.3215 -0.3638 -0.8742
vn -0.3284 0.5002 -0.8012
vn -0.1202 -0.7436 -0.6577
vn -0.0803 -0.3974 -0.9141
vn -0.0940 0.2982 -0.9499
vn -0.0407 -0.1161 -0.9924
vn 0.0185 -0.6007 -0.7993
vn 0.0149 0.6123 -0.7905
vn 0.1249 0.3105 -0.9423
vn 0.0164 -0.2492 -0.9683
vn 0.0881 0.1283 -0.9878
vn -0.0461 -0.4414 -0.8961
vn -0.0646 0.8175 -0.5723
vn -0.2123 0.8436 -0.4933
vn -0.0350 0.5495 -0.8348
vn -0.0474 -0.4598 -0.8867
vn -0.0561 -0.7033 -0.7087
vn 0.1336 0.3499 -0.9272
vn 0.0317 0.6004 -0.7990
vn -0.0464 -0.1617 -0.9857
vn -0.0064 0.3020 -0.9533
vn 0.0855 -0.6681 -0.7392
vn -0.1596 -0.6968 -0.6993
vn 0.1486 -0.1465 -0.9780
vn -0.7580 -0.6314 -0.1635
vn -0.6392 0.7653 -0.0759
vn 0.1402 0.1771 -0.9742
vn 0.5108 0.3841 -0.7692
vn 0.2567 0.5498 -0.7949
vn 0.3221 0.7457 -0.5832
vn 0.4228 -0.4344 -0.7953
vn 0.2357 -0.9715 0.0268
vn -0.9062 -0.4205 -0.0449
vn -0.8318 0.5511 -0.0658
vn 0.3954 -0.3235 -0.8597
vn -0.9499 0.3010 -0.0841
vn -0.8321 -0.5522 -0.0506
vn -0.1429 -0.9893 0.0284
vn -0.9960 -0.0121 -0.0885
vn -0.3477 -0.9376 -0.0014
vn -0.7870 -0.6112 -0.0845
vn 0.6234 -0.0282 -0.7814
vn 0.1160 -0.9929 0.0245
vn -0.9212 0.3579 -0.1527
vn -0.5025 -0.0632 -0.8623
vn -0.2359 -0.8391 -0.4902
vn -0.3782 0.8647 -0.3305
vn 0.2506 -0.9673 0.0400
vn 0.6142 -0.5489 -0.5669
vn 0.8605 -0.4096 -0.3029
vn 0.7878 0.1777 -0.5898
vn 0.7378 0.3564 -0.5732
vn -0.1128 0.1487 0.9824
vn -0.6332 -0.0732 0.7705
vn -0.7867 0.0524 0.6151
vn -0.1651 0.1015 0.9810
vn -0.2149 0.1150 0.9698
vn -0.7469 0.2118 0.6303
vn -0.9655 0.0968 0.2416
vn -0.6773 -0.0074 0.7357
vn -0.7983 0.2410 0.5520
vn -0.9342 0.3496 0.0715
vn -0.6405 0.3822 0.6661
vn -0.4045 0.1502 0.9021
vn -0.5969 -0.2217 0.7711
vn -0.4879 -0.0028 0.8729
vn -0.7511 -0.4451 0.4876
vn -0.4241 0.1032 0.8997
vn -0.5133 0.3595 0.7793
vn -0.4454 -0.2390 0.8629
vn -0.6293 0.6008 0.4930
vn -0.5574 -0.8244 0.0982
vn -0.3392 0.2713 0.9007
vn -0.4392 -0.1100 0.8917
vn -0.5162 0.5731 0.6365
vn -0.5682 -0.5082 0.6472
vn -0.3196 0.3067 0.8965
vn -0.4032 -0.1063 0.9089
vn -0.3384 0.6907 0.6390
vn -0.4411 -0.7866 0.4321
vn -0.5197 -0.3762 0.7670
vn -0.6173 0.0949 -0.7810
vn -0.8648 -0.4291 0.2609
vn -0.4358 -0.4268 0.7924
vn -0.2373 0.6577 0.7149
vn -0.2011 0.6515 0.7315
vn -0.3477 -0.4101 0.8432
vn -0.4871 0.3553 0.7978
vn -0.1124 -0.9911 -0.0711
vn -0.5602 -0.6372 0.5292
vn -0.2231 0.8839 0.4110
vn -0.2825 0.2591 0.9236
vn -0.2852 0.3013 0.9099
vn -0.2035 -0.7953 0.5710
vn -0.4317 0.8955 0.1078
vn -0.2585 0.3213 0.9110
vn -0.1142 0.7477 0.6541
vn -0.1047 -0.7208 -0.6852
vn -0.0547 -0.6282 0.7762
vn -0.2320 0.2374 0.9433
vn -0.0943 0.6003 0.7942
vn -0.2346 0.3538 0.9054
vn -0.0507 -0.9906 -0.1273
vn -0.1096 0.8097 -0.5765
vn -0.1421 0.5329 0.8342
vn -0.2073 0.2781 0.9379
vn 0.2989 -0.9351 0.1904
vn 0.0173 -0.6123 0.7904
vn 0.0947 0.5922 0.8002
vn 0.1998 0.8969 0.3945
vn 0.2460 -0.8929 -0.3772
vn -0.1851 0.3513 0.9178
vn 0.4020 0.7600 0.5106
vn 0.5757 0.8169 -0.0364
vn 0.2183 -0.6217 0.7522
vn -0.2769 0.8627 0.4231
vn 0.0467 0.5690 0.8210
vn -0.0458 0.4846 0.8735
vn 0.7519 -0.6103 0.2494
vn -0.0248 0.3681 0.9294
vn -0.0070 0.9464 -0.3229
vn -0.3145 0.1929 0.9295
vn 0.7380 0.6288 -0.2449
vn 0.8218 -0.5687 -0.0350
vn 0.2646 -0.1471 0.9531
vn -0.3241 0.1738 0.9299
vn 0.5868 0.4863 0.6474
vn 0.9243 0.3788 0.0466
vn -0.2182 0.2131 0.9524
vn 0.3923 0.4336 0.8112
vn 0.8011 -0.3066 0.5140
vn 0.2391 -0.0549 0.9694
vn 0.5583 0.1150 0.8217
vn 0.6711 0.1701 -0.7216
vn 0.8803 -0.3771 -0.2879
vn 0.5963 0.2028 0.7767
vn 0.8441 -0.1712 -0.5081
vn -0.6345 -0.0271 0.7724
vn -0.5107 0.1773 0.8413
vn -0.4962 -0.3132 0.8097
vn -0.7143 -0.6398 0.2834
vn -0.4267 -0.0457 0.9033
vn -0.4925 -0.6838 0.5384
vn -0.5325 0.4439 0.7207
vn -0.3900 -0.2424 0.8883
vn -0.3637 -0.4857 0.7949
vn -0.5237 0.1746 0.8338
vn -0.8422 0.5289 0.1046
vn -0.5771 0.6765 0.4574
vn -0.5426 0.4165 0.7294
vn -0.2798 -0.7719 0.5709
vn -0.3819 0.8428 0.3793
vn -0.4685 -0.0622 0.8813
vn -0.8205 0.5454 0.1710
vn -0.6468 -0.1899 0.7387
vn -0.8471 -0.1989 -0.4927
vn -0.4061 -0.1506 0.9013
vn -0.4245 0.7050 0.5681
vn -0.1558 -0.7841 0.6008
vn -0.1165 0.8747 0.4705
vn -0.0443 -0.9962 0.0748
vn -0.2652 -0.4402 0.8578
vn -0.2993 -0.2164 0.9293
vn -0.0928 0.7326 0.6743
vn -0.0887 -0.1309 0.9874
vn 0.1136 0.3843 0.9162
vn 0.5989 -0.3897 0.6995
vn 0.7929 0.4815 0.3735
vn 0.0914 -0.0056 0.9958
vn -0.0992 -0.2708 0.9575
vn 0.2373 0.1821 0.9542
vn 0.4577 -0.1697 -0.8728
vn 0.1861 0.5354 0.8238
vn 0.1797 -0.0008 0.9837
vn -0.0244 -0.6432 0.7653
vn 0.0995 0.9089 0.4049
vn 0.0958 -0.3077 0.9467
vn 0.1946 0.2619 0.9453
vn 0.1804 0.1143 0.9769
vn 0.1662 -0.0202 0.9859
vn 0.2395 0.3497 0.9057
vn 0.2408 0.7869 0.5681
vn 0.0981 -0.8411 0.5319
vn 0.1613 -0.4802 0.8622
vn 0.1838 0.0157 0.9828
vn 0.2300 -0.2080 0.9507
vn 0.2768 0.7322 0.6224
vn 0.1877 0.2271 0.9556
vn 0.3026 -0.4845 0.8208
vn 0.2412 0.3371 0.9101
vn 0.0193 -0.0140 0.9997
vn 0.2165 -0.1949 0.9566
vn 0.2467 0.0578 0.9674
vn 0.5556 -0.2871 0.7803
vn 0.5083 -0.1394 0.8498
vn 0.3427 0.2325 0.9102
vn 0.6812 -0.4223 0.5980
vn 0.3813 -0.7101 0.5919
vn 0.3060 0.3647 0.8794
vn 0.8180 -0.2174 0.5326
vn 0.6472 -0.0380 0.7614
vn 0.7116 -0.6801 0.1762
vn 0.5717 0.7664 0.2930
vn 0.5901 0.0701 0.8043
vn 0.6016 0.2179 0.7685
vn -0.7989 -0.5935 0.0980
vn -0.6121 -0.7654 0.1990
vn -0.3820 -0.9064 0.1802
vn -0.2886 -0.9182 -0.2711
vn -0.6471 -0.6897 0.3251
vn -0.0117 -0.9956 -0.0929
vn -0.1802 -0.9443 0.2755
vn 0.0373 -0.9937 0.1061
vn -0.0248 -0.9695 -0.2439
vn 0.0144 -0.9753 0.2205
vn 0.1276 -0.9879 0.0885
vn 0.1143 -0.9934 -0.0064
vn 0.0058 -0.9918 0.1278
vn -0.0058 -0.9399 -0.3413
vn 0.1083 -0.9923 -0.0601
vn 0.0926 -0.9952 0.0317
vn 0.0161 -0.9996 0.0230
vn 0.0208 -0.9789 -0.2032
vn 0.0331 -0.9991 -0.0271
vn -0.0530 -0.9276 0.3699
vn -0.0147 -0.9999 0.0050
vn -0.0186 -0.9991 0.0380
vn -0.0711 -0.9205 -0.3842
vn -0.0488 -0.9966 -0.0670
vn -0.0468 -0.9989 -0.0036
vn -0.0788 -0.9935 -0.0818
vn 0.0383 -0.9972 0.0637
vn 0.0255 -0.9992 0.0321
vn -0.0123 -0.9119 -0.4103
vn 0.0618 -0.9980 0.0144
vn 0.1412 -0.9339 0.3285
vn 0.1464 -0.9781 -0.1480
vn 0.3764 -0.9263 0.0163
vn 0.5265 -0.7887 -0.3175
vn 0.3870 -0.9208 -0.0483
vn 0.1333 -0.9810 0.1410
vn 0.5104 -0.8574 -0.0661
vn -0.9468 -0.1307 0.2943
vn -0.9844 0.1540 0.0855
vn -0.9782 -0.1776 0.1076
vn -0.9404 -0.0663 -0.3336
vn -0.9644 -0.2634 0.0218
vn -0.9697 0.2431 0.0240
vn -0.9086 0.0825 -0.4094
vn -0.8011 -0.3623 -0.4764
vn -0.8500 -0.0582 0.5236
vn -0.7777 0.4568 0.4319
vn -0.7025 0.6679 -0.2459
vn -0.9949 0.0154 0.1001
vn -0.8238 0.2485 -0.5094
vn -0.8501 -0.4549 0.2654
vn -0.6871 -0.0295 -0.7260
vn -0.9759 -0.1552 0.1537
vn -0.9209 -0.3036 0.2446
vn -0.9359 0.1031 0.3369
vn -0.9203 0.3877 -0.0527
vn -0.9172 0.3981 0.0150
vn -0.7750 -0.1420 0.6157
vn -0.9863 0.0501 -0.1569
vn -0.8706 0.3354 -0.3601
vn -0.8741 0.4345 -0.2169
vn -0.9586 -0.2441 -0.1466
vn -0.9726 -0.1402 0.1857
vn -0.8289 -0.4814 0.2849
vn -0.9818 -0.1843 -0.0457
vn -0.7712 0.5854 -0.2500
vn -0.9625 0.2713 -0.0101
vn -0.8465 0.0776 0.5267
vn -0.7909 -0.6118 -0.0101
vn -0.8917 0.4333 0.1310
vn -0.9186 -0.3951 0.0067
vn -0.6051 0.3106 -0.7331
vn -0.8148 0.0673 0.5758
vn -0.9484 -0.2590 0.1831
vn -0.7183 0.6915 -0.0761
vn -0.2952 -0.7579 -0.5818
vn -0.5360 0.8441 0.0156
vn -0.5883 -0.1616 0.7923
vn -0.8372 -0.5211 -0.1660
vn -0.9149 -0.4034 -0.0155
vn -0.8415 0.5228 0.1365
vn -0.8492 -0.4508 0.2750
vn -0.5517 -0.7641 0.3343
vn -0.8082 -0.5861 0.0571
vn -0.3689 -0.2135 0.9046
vn -0.6418 -0.3574 0.6785
vn -0.5707 -0.8121 0.1216
vn -0.5083 -0.7900 0.3428
vn -0.3504 -0.3080 -0.8845
vn -0.4577 -0.0025 -0.8891
vn -0.4153 -0.8795 -0.2322
vn -0.4018 -0.8614 -0.3108
vn -0.4784 -0.7074 0.5203
vn -0.3826 -0.9154 0.1253
vn -0.4880 -0.6259 -0.6084
vn -0.2920 -0.3994 0.8690
vn -0.2224 -0.4501 -0.8648
vn -0.1194 -0.3385 -0.9334
vn -0.4901 0.8620 0.1296
vn -0.3393 0.9084 0.2442
vn -0.2402 0.9637 -0.1162
vn -0.3593 0.9190 -0.1621
vn -0.0410 0.9893 0.1397
vn -0.3367 0.8976 -0.2845
vn -0.2935 0.5815 -0.7587
vn -0.1944 0.6628 -0.7231
vn -0.2729 0.9620 -0.0019
vn -0.0030 0.9999 0.0162
vn -0.0603 0.9972 0.0443
vn -0.2746 0.9536 -0.1235
vn -0.1064 0.9932 -0.0472
vn -0.2238 0.6434 -0.7321
vn -0.1100 0.9885 0.1037
vn -0.2295 0.9157 -0.3298
vn -0.1548 0.4886 -0.8587
vn 0.0275 0.9969 0.0739
vn -0.0131 0.9946 -0.1030
vn 0.0124 0.9803 0.1971
vn -0.1574 0.4491 -0.8795
vn -0.0777 0.9807 -0.1795
vn -0.0497 0.9987 -0.0114
vn 0.0177 0.9914 0.1296
vn -0.0830 0.7514 -0.6546
vn -0.0308 0.9910 -0.1301
vn -0.0546 0.9984 0.0153
vn -0.0119 0.9733 0.2292
vn -0.0285 0.9995 -0.0117
vn -0.0404 0.9809 0.1905
vn -0.0202 0.9803 -0.1964
vn 0.0221 0.8603 -0.5092
vn -0.0643 0.9916 -0.1124
vn -0.1455 0.7400 -0.6567
vn -0.0113 0.9735 0.2285
vn -0.0737 0.9956 -0.0583
vn 0.0188 0.9936 0.1116
vn 0.0210 0.9957 0.0900
vn 0.1107 0.8685 -0.4831
vn -0.0379 0.9886 -0.1455
vn -0.0649 0.9925 -0.1040
vn 0.2821 0.8872 -0.3650
vn 0.0232 0.6437 -0.7650
vn 0.1894 0.9752 -0.1147
vn 0.1841 0.9347 0.3040
vn 0.2049 0.9777 0.0456
vn 0.3041 0.9470 0.1032
vn 0.1675 0.9617 -0.2171
vn 0.6505 0.7429 -0.1583
vn -0.1986 -0.2184 -0.9554
vn 0.5886 0.7664 0.2574
vn 0.8046 0.5755 0.1461
vn 0.7616 0.6480 -0.0106
vn 0.5760 0.8026 -0.1552
vn 0.5898 0.6750 -0.4433
vn 0.5690 0.8034 -0.1754
vn -0.9599 -0.0616 0.2736
vn -0.9902 0.0430 -0.1331
vn -0.9023 -0.3242 0.2840
vn -0.9401 -0.2869 -0.1842
vn -0.9731 0.2014 0.1120
vn -0.9238 0.3811 -0.0367
vn -0.9461 -0.0853 0.3124
vn -0.6861 0.2664 -0.6770
vn -0.6062 -0.0206 -0.7950
vn -0.7755 -0.6266 0.0771
vn -0.9131 -0.2050 0.3523
vn -0.8744 0.3634 0.3215
vn -0.9807 0.1732 -0.0908
vn -0.9948 -0.1008 0.0137
vn -0.9701 -0.1563 -0.1857
vn -0.9587 0.0093 0.2844
vn -0.7935 0.3669 0.4856
vn -0.9111 0.4111 0.0289
vn -0.8565 0.4701 -0.2133
vn -0.6793 -0.2306 -0.6967
vn -0.5577 0.8155 -0.1550
vn -0.9108 -0.3758 -0.1706
vn -0.9578 -0.1608 0.2381
vn -0.8392 0.5398 0.0661
vn -0.7130 0.1335 0.6883
vn -0.1316 0.3784 0.9163
vn -0.6696 0.5851 0.4575
vn -0.8550 0.5162 -0.0501
vn -0.9526 -0.2893 0.0945
vn -0.8984 0.3801 -0.2199
vn -0.5800 -0.7135 0.3930
vn -0.6641 -0.1580 0.7308
vn -0.9971 0.0370 -0.0673
vn -0.6352 -0.6457 -0.4238
vn -0.5270 0.8130 0.2476
vn -0.5421 0.8389 -0.0475
vn -0.7392 -0.4272 0.5207
vn -0.3097 0.7066 0.6362
vn -0.7284 0.6810 -0.0751
vn -0.8779 0.2563 0.4044
vn -0.9635 -0.2676 0.0043
vn -0.7486 0.6079 0.2645
vn -0.7662 -0.6403 0.0549
vn -0.7889 -0.5227 0.3231
vn -0.8574 -0.4994 -0.1243
vn -0.2447 0.9648 0.0965
vn -0.4712 0.8809 -0.0448
vn -0.5674 -0.8000 -0.1949
vn -0.6181 -0.7377 -0.2716
vn -0.5679 -0.8155 -0.1120
vn -0.8221 0.5675 0.0461
vn -0.6697 0.7380 -0.0830
vn -0.4977 0.8656 0.0554
vn 0.1972 0.9645 0.1755
vn 0.7567 0.6319 0.1677
vn -0.6034 0.2265 -0.7646
vn -0.3655 -0.1155 -0.9236
vn -0.3133 0.0598 -0.9478
vn -0.2963 -0.4409 -0.8472
vn -0.2076 0.3692 -0.9058
vn -0.1228 0.1826 -0.9755
vn -0.1660 0.2061 -0.9644
vn -0.0689 0.3314 -0.9410
vn -0.0272 -0.7061 -0.7076
vn -0.0531 -0.2316 -0.9714
vn -0.1019 -0.0070 -0.9948
vn -0.0175 -0.4569 -0.8893
vn 0.0134 -0.4334 -0.9011
vn -0.1470 0.3330 -0.9314
vn -0.0908 0.4362 -0.8953
vn 0.0501 0.5294 -0.8469
vn 0.0310 -0.8662 -0.4988
vn 0.1728 -0.7890 -0.5897
vn 0.6445 -0.6594 -0.3872
vn 0.2138 -0.9624 -0.1678
vn 0.2439 -0.1997 -0.9490
vn 0.1896 -0.1846 -0.9643
vn 0.1662 -0.2789 -0.9459
vn 0.2475 -0.2616 -0.9329
vn 0.1762 0.0160 -0.9842
vn 0.2136 -0.2832 -0.9350
vn 0.1992 -0.1057 -0.9742
vn -0.0392 -0.7820 -0.6220
vn 0.2582 -0.0581 -0.9644
vn 0.2939 -0.1882 -0.9371
vn 0.2448 -0.0162 -0.9694
vn 0.3098 -0.2147 -0.9262
vn 0.2885 -0.2817 -0.9151
vn 0.3584 -0.1111 -0.9269
vn 0.0308 -0.9257 -0.3771
vn 0.2399 0.4391 -0.8658
vn 0.3482 -0.1592 -0.9238
vn 0.3113 -0.1285 -0.9416
vn 0.3189 -0.1770 -0.9311
vn 0.3165 -0.1733 -0.9327
vn 0.2948 -0.7789 -0.5535
vn 0.2631 0.5326 -0.8045
vn 0.3632 0.6545 -0.6631
vn 0.1706 0.6952 -0.6983
vn 0.4145 0.4323 -0.8008
vn 0.3215 -0.1917 -0.9273
vn 0.3105 -0.1811 -0.9332
vn 0.3422 -0.2601 -0.9029
vn 0.3652 -0.7789 -0.5098
vn 0.1596 -0.9374 -0.3096
vn 0.4582 0.4201 -0.7833
vn 0.3321 -0.1264 -0.9347
vn 0.4412 -0.8487 -0.2917
vn 0.3376 -0.1709 -0.9257
vn 0.3243 -0.1734 -0.9299
vn 0.3456 -0.2024 -0.9163
vn 0.4830 -0.7020 -0.5234
vn 0.5690 0.5540 -0.6077
vn 0.5457 -0.5461 -0.6356
vn 0.3605 -0.2957 -0.8846
vn 0.3596 -0.1839 -0.9148
vn 0.6992 0.4991 -0.5119
vn 0.6083 0.3123 -0.7296
vn 0.7001 -0.5642 -0.4377
vn 0.7174 0.2893 -0.6337
vn 0.7060 -0.4384 -0.5563
vn 0.3725 -0.1606 -0.9140
vn 0.6065 0.0724 -0.7918
vn 0.4269 -0.2029 -0.8813
vn 0.8540 0.2065 -0.4775
vn 0.7300 -0.3221 -0.6029
vn 0.8440 -0.2453 -0.4770
vn 0.9208 -0.3760 -0.1035
vn 0.8498 -0.2217 -0.4782
vn 0.8704 0.2188 -0.4410
vn 0.8102 -0.0850 -0.5800
vn 0.9825 -0.0943 -0.1605
vn 0.8928 -0.0125 -0.4503
vn -0.1058 -0.2857 -0.9525
vn -0.7935 -0.3827 -0.4731
vn -0.3045 -0.2680 -0.9140
vn -0.4930 -0.1636 -0.8545
vn -0.8160 0.4904 0.3060
vn -0.7465 -0.6174 -0.2481
vn -0.1624 -0.3134 -0.9356
vn -0.2830 -0.1612 -0.9455
vn -0.0568 -0.3584 -0.9318
vn -0.5335 -0.7209 -0.4423
vn -0.5118 0.8396 -0.1821
vn -0.0917 -0.3302 -0.9395
vn -0.1132 -0.3507 -0.9296
vn -0.0907 -0.4061 -0.9093
vn -0.1185 0.9916 -0.0514
vn -0.3472 -0.9171 -0.1961
vn -0.1374 -0.4326 -0.8910
vn -0.1838 -0.9017 0.3913
vn -0.3164 -0.9059 0.2817
vn 0.0818 0.7152 0.6941
vn -0.0251 -0.9735 -0.2272
vn -0.1349 -0.2926 -0.9467
vn -0.1670 -0.3430 -0.9244
vn 0.1548 -0.8975 -0.4129
vn -0.1640 -0.3214 -0.9326
vn -0.2155 -0.8080 0.5484
vn 0.2224 -0.8740 0.4321
vn -0.1607 -0.2702 -0.9493
vn 0.3818 0.8279 0.4108
vn -0.2072 -0.2677 -0.9410
vn 0.2556 0.2532 -0.9330
vn -0.0112 -0.1688 -0.9856
vn 0.6115 0.0230 -0.7909
vn 0.8882 -0.4004 -0.2253
vn 0.6258 -0.6373 -0.4496
vn 0.7256 -0.6800 0.1059
vn -0.1543 -0.2662 -0.9515
vn -0.1746 -0.2643 -0.9485
vn 0.7922 0.0192 -0.6099
vn 0.3474 -0.2272 -0.9098
vn -0.0759 -0.2691 -0.9601
vn 0.6961 -0.5260 -0.4886
vn 0.3780 -0.1331 -0.9162
vn 0.9552 0.0295 -0.2944
vn 0.6897 0.1893 0.6989
vn -0.3641 -0.0430 -0.9304
vn -0.3192 0.0193 -0.9475
vn -0.3645 -0.3859 -0.8475
vn -0.2738 -0.0068 -0.9618
vn -0.2527 -0.1348 -0.9581
vn -0.3032 0.2841 -0.9096
vn -0.1931 -0.7606 -0.6198
vn -0.4093 0.6654 -0.6243
vn -0.1906 -0.3391 -0.9213
vn -0.1620 -0.0171 -0.9866
vn -0.2699 0.1136 -0.9562
vn -0.2931 0.5490 -0.7828
vn -0.2256 -0.0993 -0.9692
vn -0.1257 -0.5120 -0.8498
vn -0.1258 -0.8324 -0.5398
vn -0.1266 -0.1802 -0.9754
vn -0.1390 -0.0706 -0.9878
vn -0.8134 -0.3861 -0.4350
vn -0.8811 0.3097 0.3573
vn -0.1892 -0.2699 -0.9441
vn -0.2061 -0.0589 -0.9768
vn -0.7206 -0.6853 0.1055
vn -0.3027 -0.1395 -0.9428
vn -0.2065 -0.4255 -0.8811
vn -0.2816 -0.1783 -0.9428
vn -0.7185 -0.5601 -0.4125
vn 0.0415 -0.8030 -0.5946
vn 0.0328 -0.5468 -0.8366
vn -0.1613 -0.9853 -0.0569
vn 0.6033 -0.7384 -0.3014
vn 0.4391 -0.6518 -0.6183
vn 0.5493 -0.8157 -0.1812
vn -0.9181 0.3581 0.1699
vn -0.6937 0.6144 0.3760
vn -0.6766 0.4230 0.6027
vn -0.1319 0.5444 0.8284
vn -0.4905 0.7268 0.4808
vn -0.2237 0.8419 0.4910
vn -0.0669 0.9805 0.1847
vn 0.2564 0.9182 0.3020
vn 0.2199 0.7127 0.6661
vn 0.5310 0.8458 -0.0511
vn 0.2913 0.5710 0.7675
vn 0.3193 0.4740 0.8206
vn 0.6941 0.7122 -0.1050
vn 0.4299 0.5372 0.7257
vn 0.6961 0.4556 0.5548
vn 0.7760 -0.1307 0.6171
vn 0.6032 -0.6262 0.4940
vn 0.4127 0.2393 0.8789
vn 0.8937 0.1999 0.4016
vn 0.3761 0.2181 0.9005
vn 0.5000 0.3270 0.8019
vn -0.6564 0.7426 0.1328
vn -0.2257 0.9484 -0.2228
vn -0.2324 0.9720 -0.0345
vn -0.2461 0.9084 0.3380
vn -0.0119 0.6415 0.7670
vn -0.2316 0.9440 0.2351
vn -0.1334 0.9910 -0.0088
vn -0.2360 0.9627 0.1327
vn -0.0136 0.9997 0.0220
vn -0.2153 0.9765 0.0099
vn -0.2102 0.9724 -0.1015
vn -0.2247 0.8825 0.4132
vn -0.1069 0.6935 0.7125
vn -0.1374 0.9843 -0.1111
vn -0.0731 0.9955 0.0605
vn -0.1750 0.9724 -0.1545
vn -0.0282 0.9984 0.0487
vn -0.0581 0.9928 -0.1046
vn -0.1823 0.9579 -0.2216
vn -0.2430 0.9365 0.2528
vn -0.0466 0.9914 0.1226
vn -0.1551 0.9801 -0.1237
vn -0.1047 0.9366 -0.3343
vn -0.6301 0.4855 0.6059
vn -0.1360 0.9904 -0.0246
vn -0.0864 0.7301 0.6778
vn -0.1657 0.9688 -0.1840
vn 0.0227 0.9992 0.0329
vn -0.1581 0.9852 -0.0656
vn -0.2723 0.9432 -0.1901
vn 0.0190 0.7996 0.6002
vn 0.0334 0.5260 0.8498
vn -0.1156 0.9709 -0.2098
vn 0.0771 0.9788 0.1897
vn -0.0344 0.9954 -0.0895
vn 0.1662 0.8943 0.4154
vn 0.3324 0.9051 -0.2651
vn 0.3297 0.9430 -0.0441
vn 0.1651 0.4937 0.8538
vn 0.1199 0.9907 0.0642
vn 0.2939 0.9480 -0.1219
vn 0.5262 0.3277 0.7847
vn 0.8096 0.5416 -0.2264
vn 0.5067 0.7971 0.3285
vn 0.6961 0.7170 0.0363
vn 0.4099 0.4595 0.7879
vn 0.8828 0.3900 -0.2620
vn 0.8675 0.4914 -0.0775
vn -0.8368 0.5001 0.2228
vn -0.0620 0.2094 0.9759
vn -0.2021 0.1485 0.9681
vn -0.3007 -0.0864 0.9498
vn -0.2182 -0.3821 0.8980
vn 0.0244 0.3819 0.9239
vn 0.0116 0.3167 0.9485
vn -0.1254 -0.6019 0.7886
vn -0.8805 0.4444 0.1649
vn -0.9175 -0.3440 0.1997
vn -0.0391 0.2500 0.9675
vn -0.0282 0.4312 0.9018
vn 0.0171 0.2546 0.9669
vn -0.2708 -0.7884 -0.5524
vn 0.0834 -0.5682 0.8186
vn -0.7524 0.5757 -0.3202
vn 0.0485 -0.7385 0.6725
vn 0.1802 -0.4480 0.8757
vn -0.0912 0.5130 0.8535
vn 0.1384 0.2071 0.9685
vn 0.1532 -0.9632 0.2207
vn -0.2732 0.7791 -0.5642
vn 0.1447 0.3378 0.9300
vn 0.1551 -0.4261 0.8913
vn 0.1040 -0.8237 0.5575
vn 0.1959 -0.3866 0.9012
vn 0.1000 0.1639 0.9814
vn -0.1545 -0.6605 -0.7348
vn 0.1106 0.2638 0.9582
vn 0.1410 0.1382 0.9803
vn 0.2193 -0.6431 0.7337
vn -0.0990 0.7293 -0.6770
vn 0.0395 0.6070 0.7938
vn 0.2140 0.3296 0.9195
vn 0.4028 -0.8224 0.4018
vn 0.3420 0.8894 -0.3032
vn 0.2363 0.2389 0.9419
vn 0.2493 -0.2986 0.9212
vn 0.3224 -0.7377 0.5931
vn 0.5889 0.2989 0.7509
vn 0.6582 -0.2976 0.6915
vn 0.9102 0.0798 -0.4065
vn 0.2382 -0.0347 0.9706
vn 0.3096 0.1755 0.9345
vn 0.5427 -0.3921 0.7427
vn 0.3259 -0.1720 0.9296
vn 0.4474 0.3092 0.8392
vn 0.7525 -0.6558 0.0614
vn 0.5743 0.0127 0.8185
vn 0.8138 -0.2350 0.5315
vn 0.7563 0.2918 0.5856
vn 0.9794 -0.0547 0.1945
vn -0.2724 -0.9507 -0.1484
vn 0.0178 -0.9938 -0.1096
vn 0.3301 -0.9408 -0.0767
vn 0.5386 -0.8410 -0.0508
vn 0.7509 -0.6557 -0.0788
vn -0.1367 0.0840 0.9870
vn -0.2021 0.2354 0.9507
vn -0.6033 0.1245 0.7877
vn -0.4949 -0.1826 0.8496
vn -0.2844 -0.1882 0.9401
vn -0.1286 0.4278 0.8947
vn -0.7438 0.5409 0.3927
vn -0.0576 0.2330 0.9708
vn 0.0270 0.3066 0.9515
vn -0.7710 0.3338 0.5423
vn -0.3894 -0.1307 0.9118
vn -0.3870 0.7868 0.4809
vn -0.2265 -0.4374 0.8703
vn -0.0743 -0.0381 0.9965
vn -0.2966 -0.2365 0.9253
vn -0.2258 0.5519 0.8028
vn 0.0340 0.3723 0.9275
vn -0.1909 0.9315 0.3097
vn 0.1276 0.2729 0.9535
vn -0.0251 0.6020 -0.7981
vn -0.2011 -0.4936 0.8461
vn 0.1711 0.4397 0.8817
vn 0.1192 0.4045 -0.9067
vn 0.1272 0.7017 0.7010
vn 0.1491 0.2690 0.9515
vn 0.1683 0.2930 0.9412
vn 0.2816 0.6754 0.6815
vn 0.1893 0.2313 0.9543
vn 0.2926 0.3239 0.8997
vn 0.2400 0.2068 0.9485
vn 0.6605 -0.6868 0.3033
vn 0.4950 -0.1024 -0.8629
vn 0.1646 0.6486 -0.7432
vn 0.1887 0.1007 -0.9769
vn 0.2202 0.2654 0.9386
vn 0.6438 -0.2798 0.7122
vn 0.8299 -0.3314 -0.4488
vn 0.5660 -0.5220 0.6381
vn 0.5539 0.7296 0.4012
vn 0.3550 0.1825 0.9169
vn 0.9711 0.1038 0.2151
vn 0.5737 -0.0068 0.8191
vn 0.4655 -0.0579 0.8832
vn 0.5128 0.3436 0.7868
vn 0.6549 -0.6084 0.4483
vn 0.3702 0.1467 0.9173
vn 0.7952 -0.0978 0.5984
vn 0.7848 -0.4376 0.4388
vn 0.8661 0.2637 0.4246
vn -0.2237 -0.9746 0.0118
vn -0.1491 -0.9689 0.1977
vn -0.0282 -0.9952 -0.0934
vn -0.2177 -0.3949 0.8926
vn -0.1268 -0.9894 -0.0706
vn -0.2073 -0.8919 0.4020
vn -0.1665 -0.9525 -0.2548
vn -0.2543 -0.9360 0.2435
vn -0.2830 -0.9566 -0.0696
vn -0.0162 -0.9946 0.1022
vn -0.1046 -0.3293 0.9384
vn -0.0535 -0.9969 -0.0571
vn -0.0184 -0.9962 0.0856
vn 0.0025 -0.9899 -0.1416
vn 0.0371 -0.9992 0.0157
vn -0.1025 -0.6450 0.7573
vn 0.0920 -0.9939 -0.0616
vn 0.0553 -0.9978 0.0363
vn 0.0856 -0.9867 -0.1379
vn 0.1034 -0.9703 0.2188
vn 0.0807 -0.9944 0.0687
vn 0.0828 -0.9901 -0.1129
vn 0.0427 -0.5299 0.8470
vn 0.5771 -0.5847 -0.5702
vn 0.2280 -0.9696 -0.0893
vn 0.2191 -0.9695 -0.1099
vn 0.3863 -0.8818 0.2706
vn 0.2861 -0.0204 -0.9580
vn 0.2802 -0.9572 0.0729
vn 0.0456 -0.4834 0.8742
vn 0.2210 -0.9096 0.3519
vn 0.2165 -0.9520 0.2163
vn 0.5231 -0.8349 -0.1713
vn 0.5113 -0.7463 0.4262
vn 0.4844 -0.8453 0.2256
vn 0.5664 -0.7984 -0.2045
vn 0.5635 -0.8150 0.1349
vn 0.4418 -0.8971 0.0032
vn 0.5955 -0.7700 0.2294
vn 0.2000 -0.6461 0.7366
vn 0.7975 -0.5428 -0.2633
vn 0.5867 -0.8000 0.1255
vn 0.6829 -0.4830 0.5481
vn 0.6989 -0.5993 0.3903
vn 0.9287 -0.2981 0.2204
vn -0.2744 -0.9508 0.1435
vn -0.3806 -0.9005 -0.2102
vn -0.3327 -0.8703 0.3633
vn -0.2439 -0.9196 0.3079
vn -0.4698 -0.8640 0.1808
vn -0.1203 -0.9903 -0.0689
vn -0.1461 -0.9655 0.2156
vn -0.1954 -0.9545 -0.2252
vn -0.1534 -0.9871 0.0464
vn -0.2998 -0.9363 -0.1829
vn -0.2744 -0.9471 0.1664
vn -0.0638 -0.9923 -0.1062
vn -0.0516 -0.9956 0.0783
vn -0.0208 -0.9930 0.1165
vn -0.0958 -0.9836 -0.1527
vn -0.0238 -0.9986 -0.0474
vn 0.0070 -0.9998 0.0184
vn 0.0917 -0.9793 0.1802
vn 0.0569 -0.9919 -0.1134
vn 0.0185 -0.9871 -0.1590
vn 0.1663 -0.9780 0.1262
vn -0.0152 -0.9983 -0.0570
vn 0.1060 -0.9888 0.1053
vn 0.2904 -0.9505 -0.1102
vn 0.1437 -0.9624 0.2304
vn 0.2251 -0.9418 0.2499
vn 0.1360 -0.9663 -0.2187
vn 0.5072 -0.8021 0.3152
vn 0.4084 -0.8311 -0.3775
vn 0.4032 -0.9151 0.0048
vn 0.6943 -0.7173 -0.0585
vn 0.2192 -0.9628 -0.1582
vn 0.7435 -0.6373 0.2027
vn 0.5121 -0.7232 -0.4634
vn 0.7693 -0.4769 0.4252
vn 0.9022 -0.4299 0.0359
vn 0.8088 -0.5017 -0.3069
vn 0.6230 -0.5593 -0.5468
vn 0.4530 -0.8856 -0.1023
vn -0.9505 -0.0754 0.3014
vn -0.9483 0.1475 0.2811
vn -0.9661 0.0890 -0.2423
vn -0.9633 -0.2206 -0.1531
vn -0.9029 -0.2531 0.3474
vn -0.9736 -0.0800 0.2138
vn -0.9863 0.0488 0.1574
vn -0.9393 0.2225 0.2612
vn -0.6203 0.4140 -0.6662
vn -0.9631 0.0290 0.2678
vn -0.9531 0.0274 0.3013
vn -0.8277 -0.5609 -0.0198
vn -0.8470 0.1999 -0.4926
vn -0.5844 -0.4145 -0.6976
vn -0.5426 -0.5365 -0.6464
vn -0.9002 -0.3756 0.2205
vn -0.9201 0.1322 0.3687
vn -0.7150 0.6985 -0.0297
vn -0.7034 -0.6681 0.2428
vn -0.7967 0.5814 0.1649
vn -0.9949 0.0305 -0.0967
vn -0.9769 0.2008 -0.0737
vn -0.9694 -0.2397 -0.0527
vn -0.9762 -0.1872 -0.1093
vn -0.9821 0.1377 -0.1286
vn -0.9291 -0.3697 -0.0100
vn -0.7371 -0.6369 0.2258
vn -0.6118 -0.7617 0.2133
vn -0.8959 0.4217 -0.1395
vn -0.8723 0.4887 0.0147
vn -0.8945 -0.4391 0.0844
vn -0.3933 0.9180 0.0506
vn -0.9824 -0.1234 0.1404
vn -0.8938 0.2541 0.3695
vn -0.7985 -0.4205 0.4308
vn -0.7311 -0.0798 0.6776
vn -0.6422 -0.4393 0.6282
vn -0.6929 -0.6294 0.3518
vn -0.5844 -0.7394 0.3344
vn -0.4819 0.0863 0.8720
vn -0.6951 0.5754 0.4310
vn -0.3190 -0.1555 0.9349
vn -0.5964 -0.6700 0.4421
vn -0.6572 0.2235 0.7198
vn -0.2916 -0.4586 0.8394
vn -0.5176 0.4203 0.7453
vn -0.0526 0.0620 0.9967
vn -0.3551 -0.9124 0.2037
vn -0.3162 0.0088 0.9487
vn -0.1191 0.9511 0.2849
vn -0.5919 -0.6096 0.5273
vn 0.0108 0.2067 0.9783
vn 0.0354 0.6865 0.7262
vn -0.2618 -0.7105 0.6532
vn -0.6045 0.2441 -0.7583
vn -0.3973 0.3802 -0.8353
vn -0.2982 0.6009 -0.7416
vn -0.2833 0.4731 -0.8342
vn -0.4416 0.4147 -0.7956
vn -0.1654 0.6727 -0.7212
vn -0.0143 0.9709 -0.2391
vn -0.1825 0.5878 -0.7881
vn -0.0960 0.5990 -0.7950
vn 0.0409 0.9532 -0.2994
vn -0.0361 0.8146 -0.5788
vn -0.0759 0.6397 -0.7649
vn -0.0216 0.7060 -0.7079
vn -0.0668 0.9301 -0.3613
vn 0.1693 0.9017 -0.3978
vn 0.3338 0.5639 -0.7554
vn 0.6819 0.1862 -0.7074
vn -0.7595 0.2126 -0.6147
vn -0.9195 -0.3324 0.2097
vn -0.9391 0.3158 0.1356
vn -0.9543 -0.2983 -0.0168
vn -0.6042 0.5166 -0.6067
vn -0.2043 0.1874 -0.9608
vn -0.4339 0.3179 -0.8430
vn -0.2734 0.2730 -0.9224
vn -0.4129 0.3784 -0.8285
vn -0.1783 0.1442 -0.9734
vn -0.1071 0.0430 -0.9933
vn -0.4397 0.5142 -0.7364
vn -0.3799 0.3972 -0.8354
vn -0.5009 0.6999 -0.5091
vn -0.1116 -0.0246 -0.9934
vn -0.2936 0.5010 -0.8141
vn -0.1406 0.6320 -0.7621
vn -0.0457 -0.0400 -0.9982
vn 0.0062 -0.0510 -0.9987
vn -0.1448 -0.7664 0.6259
vn -0.2360 0.4268 -0.8730
vn -0.0397 0.4199 -0.9067
vn -0.1384 0.2236 -0.9648
vn -0.0798 -0.0101 -0.9968
vn -0.0388 0.4023 -0.9147
vn 0.0120 0.8214 -0.5703
vn -0.0204 0.4025 -0.9152
vn -0.0900 0.7513 -0.6538
vn 0.1563 -0.9849 -0.0738
vn 0.1442 -0.1072 -0.9837
vn -0.0174 -0.0824 -0.9964
vn 0.1690 0.5192 -0.8378
vn -0.0609 -0.1110 -0.9920
vn 0.0008 0.1825 -0.9832
vn 0.1319 -0.1473 -0.9803
vn -0.1667 0.5334 -0.8292
vn 0.0141 -0.1028 -0.9946
vn 0.0146 0.0220 -0.9997
vn -0.2765 0.6809 -0.6782
vn -0.0364 0.1033 -0.9940
vn 0.3230 -0.9335 -0.1556
vn -0.2579 0.2610 -0.9303
vn 0.3042 0.8830 -0.3574
vn -0.0485 -0.1003 -0.9938
vn 0.4177 0.5829 -0.6970
vn 0.2486 0.2521 -0.9352
vn -0.0050 -0.0619 -0.9981
vn -0.4292 0.4362 -0.7909
vn -0.2039 0.4435 -0.8728
vn 0.4746 -0.8332 -0.2839
vn -0.2137 0.5280 -0.8219
vn -0.0976 -0.0104 -0.9952
vn 0.7335 0.4527 -0.5069
vn -0.1706 0.0874 -0.9815
vn 0.1694 -0.1240 -0.9777
vn 0.0467 0.0151 -0.9988
vn 0.5565 0.6753 -0.4840
vn -0.1041 -0.0340 -0.9940
vn -0.4105 0.5158 -0.7520
vn 0.4541 0.2481 -0.8557
vn -0.3959 0.4689 -0.7896
vn -0.3419 0.2483 -0.9063
vn 0.5526 -0.8138 0.1797
vn 0.6953 0.2668 -0.6674
vn -0.5540 0.4002 -0.7300
vn -0.2284 0.1240 -0.9656
vn 0.3295 -0.7776 -0.5354
vn 0.9463 0.2470 0.2084
vn -0.7209 0.6533 -0.2312
vn 0.8787 0.1617 -0.4491
vn -0.0854 0.6894 -0.7193
vn -0.0017 0.8417 -0.5399
vn 0.1518 0.4909 -0.8579
vn 0.2417 0.8126 -0.5303
vn 0.4589 0.7418 -0.4890
vn 0.6406 0.6628 -0.3878
vn 0.8199 0.4939 -0.2896
vn 0.9418 0.2243 -0.2503
vn -0.3784 -0.9068 -0.1857
vn -0.1985 -0.7648 -0.6129
vn -0.1240 -0.9919 0.0289
vn -0.0987 -0.9585 -0.2675
vn -0.1053 -0.8375 -0.5362
vn -0.1245 -0.9890 0.0804
vn -0.3272 -0.9251 0.1928
vn -0.0122 -0.9976 -0.0679
vn -0.0233 -0.9997 0.0039
vn -0.0742 -0.9967 0.0339
vn -0.1629 -0.5614 -0.8114
vn 0.0278 -0.9190 0.3933
vn -0.0809 -0.9967 0.0086
vn -0.0140 -0.9995 -0.0281
vn -0.0378 -0.9992 -0.0100
vn -0.0081 -0.9853 -0.1707
vn -0.1336 -0.6051 -0.7849
vn 0.2290 -0.5169 0.8249
vn 0.0078 -0.9831 0.1829
vn 0.1573 -0.6321 0.7587
vn 0.0050 -0.8661 -0.4999
vn 0.0682 -0.9964 -0.0498
vn 0.2709 -0.5261 -0.8061
vn 0.0672 -0.9890 -0.1320
vn 0.1307 -0.9902 -0.0486
vn 0.5040 -0.7463 -0.4347
vn 0.1476 -0.8839 0.4438
vn 0.5131 -0.7969 -0.3188
vn 0.5843 -0.7977 -0.1494
vn 0.5761 -0.7925 -0.2002
vn 0.1758 -0.9838 0.0338
vn 0.4923 -0.8607 -0.1298
vn 0.5083 -0.5728 0.6431
vn 0.7205 -0.6305 0.2886
vn 0.8544 -0.5196 -0.0028
vn 0.7001 -0.2032 0.6845
vn -0.7218 0.5716 0.3902
vn -0.4768 -0.0075 0.8790
vn -0.3543 -0.0855 0.9312
vn -0.6342 0.4183 0.6502
vn -0.4981 0.2773 0.8216
vn -0.3864 0.5000 0.7751
vn -0.6620 0.6914 0.2893
vn -0.3610 0.7192 0.5936
vn -0.3028 0.2617 0.9164
vn -0.2096 0.4115 0.8870
vn 0.0037 -0.0062 1.0000
vn -0.1337 0.7759 0.6165
vn -0.0674 0.4093 0.9099
vn 0.1137 0.6221 0.7746
vn 0.0198 0.0533 0.9984
vn 0.1957 0.4855 0.8521
vn -0.1528 0.9872 0.0454
vn 0.1401 0.1970 0.9703
vn 0.2403 0.2555 0.9365
vn 0.1518 0.7546 0.6384
vn 0.1166 0.1422 0.9829
vn 0.3408 0.6615 0.6681
vn 0.3689 0.7720 0.5176
vn 0.3046 0.0442 0.9514
vn 0.4449 0.5748 0.6868
vn 0.5086 0.4849 0.7115
vn 0.2227 0.1185 0.9677
vn 0.3215 0.7788 0.5387
vn 0.2254 0.2009 0.9533
vn 0.0605 0.2942 -0.9538
vn 0.6813 0.5424 0.4916
vn 0.2400 0.1258 0.9626
vn -0.0087 -0.1561 0.9877
vn 0.7614 0.0327 0.6475
vn -0.2385 0.0831 -0.9676
vn 0.4236 0.0938 0.9010
vn 0.4623 -0.2961 0.8358
vn 0.6976 0.4618 0.5478
vn -0.1661 -0.3005 0.9392
vn 0.3552 0.0410 0.9339
vn 0.4589 0.1275 0.8793
vn 0.4384 0.0170 0.8986
vn 0.7020 0.2287 0.6744
vn 0.9219 0.3875 0.0010
vn 0.0977 -0.1231 0.9876
vn 0.7368 0.0118 0.6760
vn 0.1313 -0.5982 0.7905
vn 0.7454 -0.0665 0.6633
vn 0.9461 0.1040 0.3066
vn -0.2133 0.9659 -0.1466
vn 0.1518 0.9534 -0.2608
vn 0.1943 0.6693 -0.7171
vn 0.4568 0.8829 -0.1088
vn -0.0328 0.1955 -0.9802
vn 0.3615 0.5671 -0.7401
vn 0.7607 0.6442 -0.0801
vn 0.9405 0.3345 -0.0590
vn -0.1660 0.9840 -0.0642
vn -0.2761 0.9611 -0.0058
vn 0.0736 0.9970 0.0235
vn 0.0193 0.9983 -0.0556
vn 0.1104 0.9934 0.0302
vn -0.0006 1.0000 -0.0040
vn 0.2325 0.9726 -0.0081
vn 0.0925 0.9161 0.3901
vn 0.0938 0.9900 -0.1057
vn 0.0039 1.0000 0.0011
vn 0.0736 0.9972 -0.0096
vn 0.0958 0.9954 0.0082
vn -0.1050 0.9926 -0.0617
vn -0.0399 0.9914 0.1249
vn 0.0003 0.9653 -0.2613
vn -0.0367 0.9989 -0.0290
vn 0.1281 0.9729 0.1925
vn -0.3505 0.9364 0.0146
vn 0.1129 0.9927 0.0429
vn -0.2907 0.9084 -0.3005
vn -0.6490 0.7246 -0.2317
vn -0.4366 0.5105 0.7408
vn 0.4675 0.8599 0.2051
vn -0.0228 0.8722 -0.4886
vn 0.2316 0.6451 0.7281
vn -0.0299 0.9983 0.0500
vn 0.1192 0.9924 -0.0302
vn 0.0287 0.9992 -0.0272
vn 0.3796 0.9245 0.0346
vn -0.0083 0.9987 -0.0498
vn 0.0997 0.9926 0.0695
vn 0.3949 0.5754 0.7162
vn 0.4167 0.8780 0.2356
vn 0.1474 0.9836 0.1036
vn 0.4951 0.8646 0.0862
vn 0.6583 0.4996 -0.5630
vn 0.2898 0.9514 -0.1047
vn 0.5832 0.7888 0.1938
vn 0.7364 0.2928 0.6100
vn 0.7263 0.6854 0.0517
vn 0.8541 0.4563 -0.2494
vn 0.9037 0.4263 0.0396
vn 0.8278 0.5043 0.2457
vn 0.8935 0.4452 0.0590
vn 0.8654 0.1599 0.4749
vn 0.3099 0.8793 -0.3617
vn -0.0180 -0.1687 0.9855
vn 0.1325 0.1807 0.9746
vn 0.1711 0.0087 0.9852
vn -0.0188 -0.4537 0.8910
vn 0.2451 0.3511 0.9037
vn 0.2403 0.0675 0.9684
vn 0.2835 -0.0364 0.9583
vn 0.2686 0.1057 0.9574
vn 0.3460 -0.0676 0.9358
vn 0.2831 0.3105 0.9074
vn 0.2973 0.0102 0.9547
vn 0.0065 0.1562 0.9877
vn 0.2844 0.1734 0.9429
vn 0.3848 -0.1883 0.9036
vn 0.3707 -0.0405 0.9279
vn -0.1089 -0.5162 0.8495
vn 0.2971 -0.4258 0.8546
vn 0.4417 -0.0377 0.8964
vn 0.5180 0.2818 0.8077
vn 0.6029 0.3101 0.7351
vn 0.5255 -0.0486 0.8494
vn 0.9271 -0.2599 -0.2700
vn 0.7153 0.0596 0.6963
vn 0.5910 -0.1863 0.7849
vn 0.5711 0.0617 0.8185
vn 0.6323 0.0382 0.7738
vn 0.7633 0.0373 0.6450
vn 0.7942 0.1744 0.5822
vn 0.9186 -0.0140 0.3949
vn 0.8844 0.1689 0.4351
vn 0.9603 0.2663 0.0828
vn 0.1104 0.9927 -0.0488
vn 0.4191 0.9063 0.0550
vn 0.3262 0.8918 -0.3135
vn 0.6216 0.7533 -0.2147
vn 0.7541 0.6206 0.2147
vn 0.8399 0.5427 -0.0027
vn 0.9761 -0.0894 -0.1979
vn 0.9720 0.2175 -0.0887
vn 0.9785 0.0108 0.2061
vn 0.8451 0.4954 0.2007
vn 0.7965 0.4472 0.4070
vn 0.8709 0.4440 -0.2108
vn 0.9346 0.3248 -0.1453
vn 0.9786 -0.2020 0.0393
vn 0.8864 -0.2879 -0.3626
vn 0.7535 -0.5452 0.3674
vn 0.9293 0.1987 -0.3113
vn 0.8008 -0.2721 0.5336
vn 0.4172 -0.3007 0.8576
vn 0.9816 0.0504 0.1840
vn 0.9240 -0.2242 -0.3099
vn 0.1935 -0.2404 0.9512
vn 0.9443 0.1835 0.2733
vn 0.3446 0.9126 0.2202
vn 0.7884 -0.0390 0.6139
vn -0.8004 -0.1964 -0.5665
vn 0.3296 -0.2597 0.9077
vn 0.1094 -0.0610 -0.9921
vn 0.4789 -0.4718 0.7403
vn 0.7236 -0.4327 0.5378
vn 0.7733 -0.1510 0.6158
vn -0.0956 -0.8062 0.5839
vn 0.2865 -0.9499 0.1250
vn 0.0160 -0.8639 0.5033
vn 0.1251 -0.8653 0.4854
vn 0.3572 -0.9198 0.1621
vn 0.4546 -0.7855 0.4199
vn 0.7466 -0.5965 -0.2947
vn 0.6590 -0.7268 -0.1933
vn 0.7190 -0.5376 0.4404
vn 0.8535 -0.5142 -0.0845
vn 0.7543 -0.1960 -0.6266
vn 0.4539 -0.4874 0.7459
vn 0.8070 -0.0586 -0.5876
vn 0.8543 -0.4893 0.1754
vn 0.8333 -0.5496 -0.0591
vn 0.9288 -0.3561 -0.1027
vn 0.9564 -0.2595 -0.1341
vn 0.9527 -0.1661 0.2545
vn 0.8947 0.4061 -0.1858
vn 0.8926 -0.3932 0.2205
vn 0.8041 0.3062 -0.5095
vn 0.8458 -0.5136 -0.1441
vn 0.9774 0.2071 -0.0434
vn 0.9598 -0.2571 0.1122
vn 0.8908 0.4367 0.1255
vn 0.9353 -0.2782 -0.2188
vn 0.9795 -0.2005 0.0201
vn 0.9655 -0.1742 -0.1938
vn 0.9704 -0.0914 0.2235
vn 0.9193 0.3738 -0.1231
vn 0.9112 -0.2542 -0.3240
vn 0.9443 0.3016 -0.1318
vn 0.9383 0.2919 -0.1856
vn 0.9697 0.1595 0.1852
vn 0.8798 -0.2921 -0.3750
vn 0.9833 -0.1537 -0.0971
vn 0.9977 -0.0114 0.0672
vn 0.9859 0.0030 -0.1672
vn 0.8729 -0.4198 -0.2488
vn 0.9269 -0.1898 -0.3237
vn 0.9790 -0.0354 0.2009
vn 0.9658 -0.2234 0.1313
vn 0.9629 0.2572 0.0815
vn 0.9669 -0.2521 -0.0382
vn 0.9602 0.1148 -0.2546
vn 0.9355 -0.0854 -0.3429
vn 0.9429 0.2710 -0.1936
vn 0.9992 0.0355 0.0163
vn 0.9699 0.0680 -0.2340
vn 0.9396 -0.1020 -0.3267
vn 0.2505 0.9678 0.0244
vn -0.1177 0.9927 -0.0251
vn -0.4931 0.8669 -0.0732
vn 0.7776 0.6218 -0.0934
vn 0.9870 0.1346 0.0881
vn 0.8584 0.5092 0.0615
vn 0.4632 0.8857 0.0304
vn 0.4116 0.9111 -0.0221
vn 0.8380 -0.5371 0.0964
vn 0.9293 0.3638 0.0637
vn 0.9486 -0.1572 0.2746
vn 0.9958 0.0890 0.0191
vn 0.8794 -0.4139 0.2352
vn 0.7792 -0.3080 -0.5458
vn 0.9293 -0.2165 -0.2993
vn 0.9753 -0.1940 -0.1053
vn 0.9466 0.3132 0.0759
vn 0.8581 -0.4982 -0.1244
vn 0.8559 0.5038 0.1168
vn 0.7313 -0.3816 -0.5652
vn 0.9873 -0.0071 -0.1584
vn 0.2669 -0.6003 0.7540
vn 0.9602 0.2003 -0.1946
vn 0.9378 0.3365 -0.0856
vn 0.9535 -0.1244 0.2746
vn 0.9531 -0.2793 0.1162
vn 0.9832 -0.0529 0.1745
vn 0.9734 0.1850 0.1355
vn 0.9710 -0.2369 0.0308
vn 0.9046 0.3660 -0.2184
vn 0.8586 -0.1368 -0.4941
vn 0.9187 -0.0059 -0.3950
vn 0.9208 0.1455 -0.3620
vn 0.9094 0.2035 -0.3628
vn 0.9350 -0.3114 0.1695
vn 0.7767 -0.4998 -0.3834
vn 0.9311 -0.1834 -0.3153
vn 0.9532 -0.0587 -0.2966
vn 0.9344 0.2401 -0.2631
vn 0.9893 0.0536 -0.1354
vn 0.9438 0.3242 -0.0650
vn 0.9725 0.1303 0.1931
vn 0.9947 -0.1027 0.0087
vn 0.5783 -0.2192 -0.7858
vn 0.7150 -0.3897 -0.5804
vn 0.7664 -0.0038 -0.6424
vn 0.8339 -0.3866 -0.3938
vn 0.8323 0.1671 -0.5285
vn 0.8107 -0.2217 -0.5419
vn 0.7748 -0.4175 -0.4748
vn 0.8179 -0.3154 -0.4812
vn 0.8315 -0.2547 -0.4937
vn 0.7992 -0.0620 -0.5979
vn 0.8465 -0.1609 -0.5075
vn 0.9594 0.2742 -0.0659
vn 0.8495 -0.4157 -0.3249
vn 0.9410 -0.1382 -0.3087
vn 0.9425 0.0272 -0.3332
vn 0.8315 -0.3958 -0.3898
vn 0.9977 0.0674 -0.0070
vn 0.9464 -0.1944 -0.2579
vn 0.9709 -0.2382 -0.0230
vn 0.8997 -0.3496 -0.2614
vn 0.9980 0.0621 -0.0116
vn 0.9418 0.2920 0.1663
vn 0.9959 0.0456 -0.0780
vn 0.9700 0.2183 0.1070
vn 0.9717 -0.1843 -0.1477
vn 0.9743 0.1991 0.1051
vn 0.9970 0.0128 0.0768
vn 0.9572 0.2747 0.0913
vn -0.6615 0.7161 0.2227
vn -0.9686 -0.2039 0.1426
vn -0.0664 0.9973 -0.0325
vn -0.8424 0.5328 0.0811
vn -0.8960 -0.4226 0.1363
vn -0.8042 0.5865 0.0967
vn -0.9442 0.2551 0.2084
vn 0.1455 0.9880 -0.0511
vn -0.4856 -0.8507 0.2011
vn -0.1203 0.9911 0.0566
vn -0.4741 0.8376 0.2714
vn -0.2302 -0.6992 0.6769
vn -0.1381 -0.9899 0.0325
vn -0.2436 -0.9687 0.0482
vn 0.7532 -0.6488 -0.1079
vn 0.7571 -0.6473 -0.0884
vn 0.1055 -0.9935 0.0428
vn 0.8281 -0.5516 -0.1000
vn 0.8307 -0.5562 -0.0243
vn 0.9530 -0.2863 -0.0993
vn 0.9251 -0.3793 0.0178
vn 0.8919 -0.4355 0.1216
vn 0.6599 0.6734 -0.3333
vn 0.8217 -0.5633 0.0867
vn 0.8290 -0.2789 -0.4848
vn 0.8191 -0.5681 0.0790
vn 0.8217 -0.5680 -0.0465
vn 0.8369 -0.4902 -0.2436
vn 0.8590 -0.5104 -0.0400
vn 0.9209 0.2006 -0.3343
vn 0.9639 0.2596 0.0586
vn 0.9431 -0.0383 -0.3303
vn 0.7983 -0.5902 -0.1197
vn 0.5829 0.8046 -0.1129
vn 0.9199 0.3116 -0.2381
vn 0.9614 -0.2686 -0.0593
vn 0.9719 -0.1791 -0.1525
vn 0.9227 -0.3661 -0.1209
vn 0.9071 -0.2357 0.3488
vn 0.9320 -0.3221 0.1664
vn 0.9855 0.0129 -0.1690
vn 0.9947 -0.0490 -0.0901
vn 0.9730 -0.1491 -0.1760
vn 0.9825 0.0553 -0.1778
vn 0.9785 -0.1732 -0.1122
vn 0.9559 0.2365 -0.1744
vn 0.9842 -0.0331 -0.1739
vn 0.4583 0.8884 0.0252
vn 0.8811 0.4515 -0.1406
vn 0.9737 0.1377 -0.1813
vn 0.9665 -0.1128 -0.2305
vn 0.9403 -0.3282 -0.0902
vn 0.9917 -0.0812 -0.0997
vn 0.9192 0.3641 -0.1504
vn 0.9841 0.0115 -0.1773
vn 0.9907 -0.1268 -0.0500
vn 0.8951 -0.1542 0.4184
vn 0.9867 -0.1482 0.0665
vn 0.9906 -0.0901 -0.1028
vn 0.9829 0.0683 -0.1708
vn 0.9766 -0.0221 0.2139
vn 0.9939 0.0360 -0.1046
vn 0.9619 0.2303 -0.1473
vn 0.8968 0.4194 -0.1406
vn 0.9331 0.3343 -0.1327
vn 0.8463 0.5245 -0.0929
vn 0.8010 0.5972 -0.0414
vn -0.3837 -0.2133 0.8985
vn -0.7764 0.1034 -0.6217
vn -0.2795 0.0226 -0.9599
vn -0.8229 0.2117 0.5273
vn -0.2527 0.7663 -0.5907
vn -0.7878 0.5938 -0.1638
vn -0.1008 0.1322 0.9861
vn -0.0858 0.2246 0.9707
vn -0.5481 -0.0317 -0.8358
vn -0.7193 0.5572 -0.4149
vn 0.0669 0.1404 0.9878
vn 0.1159 0.3604 0.9256
vn -0.1578 0.4288 0.8895
vn 0.0751 0.1435 0.9868
vn 0.3120 0.5649 -0.7639
vn 0.1022 0.1649 0.9810
vn -0.0075 0.2615 0.9652
vn -0.2966 0.3737 -0.8788
vn 0.0479 0.1201 0.9916
vn -0.2327 0.6073 -0.7597
vn 0.3908 0.6194 0.6809
vn 0.0376 0.1847 0.9821
vn 0.0187 0.1209 0.9925
vn 0.0149 0.1266 0.9918
vn 0.0095 0.4547 0.8906
vn 0.1541 0.7695 0.6198
vn 0.0020 0.1103 0.9939
vn 0.0156 0.5348 0.8448
vn -0.0221 0.1390 0.9900
vn -0.0610 0.1239 0.9904
vn 0.0978 0.8016 0.5899
vn -0.0383 0.2060 0.9778
vn 0.1071 0.9940 0.0238
vn -0.1107 0.6443 0.7567
vn -0.1370 0.1965 0.9709
vn -0.0942 0.1469 0.9847
vn -0.3115 0.9065 0.2851
vn 0.2734 0.4286 -0.8611
vn 0.0025 0.2661 0.9640
vn -0.0775 0.1424 0.9868
vn 0.5012 0.8613 -0.0836
vn -0.1699 0.6479 0.7425
vn 0.0452 0.3595 0.9321
vn 0.4539 0.3923 0.8001
vn -0.0449 0.1534 0.9871
vn 0.7893 -0.1542 -0.5944
vn 0.9741 -0.1883 -0.1251
vn 0.3489 0.0801 -0.9337
vn -0.9677 0.0464 0.2476
vn -0.2265 0.9719 0.0638
vn -0.3706 -0.0667 -0.9264
vn -0.3580 -0.0383 -0.9329
vn -0.7303 0.0268 -0.6826
vn -0.1738 -0.0811 -0.9814
vn -0.2582 0.0020 -0.9661
vn -0.6068 0.1647 -0.7776
vn 0.0257 0.1840 -0.9826
vn -0.0896 -0.0370 -0.9953
vn -0.8247 -0.0436 -0.5639
vn -0.5072 0.1179 -0.8538
vn -0.0266 0.1016 -0.9945
vn -0.4703 -0.5841 0.6616
vn -0.7176 -0.2284 -0.6579
vn -0.0673 -0.0439 -0.9968
vn -0.1268 -0.0930 -0.9876
vn -0.7100 -0.4524 -0.5396
vn -0.5209 0.5979 -0.6092
vn -0.4072 -0.3198 -0.8555
vn 0.0288 -0.0334 -0.9990
vn -0.0382 -0.0377 -0.9986
vn -0.1922 -0.2545 -0.9478
vn -0.4336 0.2192 -0.8740
vn 0.0084 0.1086 -0.9941
vn -0.0486 -0.0555 -0.9973
vn -0.4054 0.2838 -0.8689
vn -0.1024 -0.3444 -0.9332
vn 0.0636 0.0499 -0.9967
vn 0.0909 0.1191 -0.9887
vn -0.0573 -0.3419 -0.9380
vn -0.1458 0.1430 -0.9789
vn -0.3361 -0.8182 0.4664
vn -0.2961 0.2679 -0.9168
vn 0.0811 0.1272 -0.9886
vn -0.0429 -0.0585 -0.9974
vn -0.0370 0.1879 -0.9815
vn -0.3125 0.7233 0.6158
vn 0.0564 0.1516 -0.9868
vn 0.0777 0.1785 -0.9809
vn 0.0594 0.0480 -0.9971
vn -0.0658 0.0177 -0.9977
vn 0.0545 0.0777 -0.9955
vn -0.1882 0.5148 -0.8364
vn 0.0605 0.0852 -0.9945
vn -0.0248 -0.0906 -0.9956
vn 0.2704 0.7250 -0.6334
vn 0.1390 -0.1011 0.9851
vn 0.1170 0.0554 -0.9916
vn 0.0722 -0.0635 -0.9954
vn 0.0457 0.0768 -0.9960
vn 0.0877 -0.6451 -0.7591
vn 0.0362 0.3106 -0.9498
vn -0.0814 -0.4739 0.8768
vn 0.1044 -0.7543 -0.6482
vn 0.0393 0.5093 -0.8597
vn -0.0414 -0.0636 -0.9971
vn -0.0456 -0.0454 -0.9979
vn -0.0923 0.5774 -0.8112
vn -0.0539 0.2547 -0.9655
vn 0.0623 0.0687 -0.9957
vn 0.0570 0.1424 -0.9882
vn 0.1513 -0.0329 -0.9879
vn 0.0631 0.0317 -0.9975
vn 0.0090 0.3272 -0.9449
vn 0.1179 0.1463 -0.9822
vn -0.0789 -0.0895 -0.9929
vn -0.6961 0.6609 0.2806
vn 0.0617 0.1107 -0.9919
vn 0.2325 0.6536 -0.7202
vn 0.1757 -0.4506 -0.8753
vn 0.1287 0.5092 -0.8510
vn 0.0497 -0.2908 -0.9555
vn 0.0180 0.1147 -0.9932
vn 0.0518 0.1670 -0.9846
vn 0.0456 0.0856 -0.9953
vn -0.0299 -0.0669 -0.9973
vn 0.1590 0.3512 -0.9227
vn 0.0509 0.0882 -0.9948
vn 0.0587 0.0138 -0.9982
vn 0.1000 0.1228 -0.9874
vn -0.0660 0.8228 -0.5645
vn 0.0923 0.3655 -0.9262
vn 0.0581 0.0666 -0.9961
vn 0.2512 -0.5881 -0.7688
vn 0.1317 0.3510 -0.9271
vn -0.0166 -0.0702 -0.9974
vn 0.1138 0.1439 -0.9830
vn -0.0976 0.6406 -0.7616
vn 0.2979 0.3732 -0.8787
vn 0.0655 0.1457 -0.9872
vn 0.2474 -0.3800 -0.8913
vn -0.0207 -0.0616 -0.9979
vn 0.1513 0.1489 -0.9772
vn -0.0347 0.1692 -0.9850
vn 0.2346 -0.2309 -0.9443
vn 0.5681 0.7331 -0.3739
vn 0.2620 0.2744 0.9252
vn 0.4907 -0.6509 -0.5793
vn 0.5034 0.4325 -0.7480
vn 0.2706 0.0444 -0.9617
vn 0.1548 -0.0329 -0.9874
vn 0.3013 -0.4637 -0.8332
vn -0.1107 0.4836 -0.8682
vn 0.3026 0.2458 -0.9209
vn 0.0717 -0.0723 -0.9948
vn 0.1908 0.0171 -0.9815
vn 0.7649 0.3638 -0.5315
vn 0.3267 0.3164 -0.8906
vn 0.5330 -0.2233 -0.8161
vn 0.5472 -0.4525 -0.7041
vn 0.6123 -0.5598 -0.5583
vn 0.4316 -0.4931 -0.7553
vn 0.8416 0.2139 -0.4959
vn 0.6550 -0.2645 -0.7078
vn 0.1533 0.3324 -0.9306
vn 0.6624 0.0187 -0.7489
vn 0.4738 -0.1726 -0.8636
vn 0.5673 -0.5773 0.5872
vn 0.0989 0.2423 -0.9651
vn 0.6689 -0.2742 -0.6909
vn 0.3005 -0.1039 -0.9481
vn 0.8584 0.0916 -0.5048
vn 0.7217 -0.1310 -0.6797
vn 0.3542 -0.1028 -0.9295
vn 0.2126 0.1262 -0.9689
vn -0.5410 0.2835 0.7918
vn -0.8725 0.0463 -0.4864
vn -0.9511 -0.0826 -0.2976
vn 0.0975 -0.0185 -0.9951
vn -0.2754 -0.3620 0.8906
vn -0.1410 -0.1327 0.9811
vn -0.2107 -0.2861 0.9347
vn -0.8277 -0.1584 0.5384
vn -0.0984 -0.0304 0.9947
vn -0.1935 -0.2709 0.9430
vn -0.0947 -0.0440 0.9945
vn -0.5548 -0.5115 -0.6561
vn -0.5633 0.5192 -0.6427
vn -0.0551 -0.0634 0.9965
vn -0.1587 -0.2739 0.9486
vn -0.1115 -0.0086 0.9937
vn -0.0608 -0.5632 -0.8241
vn -0.2413 -0.5021 0.8304
vn -0.3477 0.5897 0.7290
vn -0.0528 -0.0205 0.9984
vn -0.0671 -0.0081 0.9977
vn -0.1873 0.9129 -0.3626
vn -0.1290 -0.5840 0.8015
vn -0.0876 -0.3122 0.9460
vn -0.0646 -0.0777 0.9949
vn -0.0180 0.1468 0.9890
vn -0.0922 0.0739 0.9930
vn 0.1301 -0.7869 0.6033
vn 0.1847 0.7635 -0.6188
vn -0.0364 0.0236 0.9991
vn -0.0081 -0.3624 0.9320
vn 0.0549 0.1210 0.9911
vn 0.0020 -0.1738 0.9848
vn 0.7675 -0.4743 0.4313
vn 0.6562 -0.1961 -0.7287
vn 0.1985 -0.2100 0.9573
vn 0.0024 -0.1488 0.9889
vn 0.9555 0.1136 0.2721
vn -0.0416 -0.0705 0.9966
vn 0.0089 -0.1475 0.9890
vn 0.1910 -0.4191 0.8876
vn -0.0317 -0.0904 0.9954
vn -0.0040 -0.1914 0.9815
vn -0.7488 -0.1283 0.6503
vn -0.9737 -0.0451 -0.2234
vn -0.9507 -0.0776 0.3001
vn -0.9708 0.1830 0.1549
vn -0.5846 -0.0757 0.8078
vn -0.9622 -0.2499 -0.1085
vn -0.9521 0.2275 -0.2043
vn -0.8443 -0.2758 0.4594
vn -0.8895 0.4073 -0.2074
vn -0.8800 0.4124 0.2356
vn -0.9110 -0.2932 -0.2902
vn -0.9606 0.0070 -0.2777
vn -0.6116 0.0986 0.7850
vn -0.9185 -0.3778 -0.1168
vn -0.9637 0.0189 -0.2664
vn -0.9941 -0.1086 0.0007
vn -0.9566 0.2046 0.2074
vn -0.8782 -0.4434 0.1795
vn -0.8878 0.4042 -0.2199
vn -0.7624 -0.6462 -0.0355
vn -0.9983 0.0095 0.0572
vn -0.8984 0.2637 -0.3513
vn -0.9727 -0.1843 -0.1412
vn -0.5068 0.8617 -0.0265
vn -0.5082 -0.1555 0.8471
vn -0.7955 -0.4929 -0.3525
vn -0.9167 0.3581 -0.1772
vn -0.9626 -0.1365 -0.2339
vn -0.8325 0.5496 0.0701
vn -0.9274 0.1401 0.3468
vn -0.9857 -0.1515 0.0737
vn -0.9585 -0.2805 -0.0515
vn -0.9465 0.0481 -0.3191
vn -0.4053 0.3476 0.8455
vn -0.6456 -0.3646 0.6711
vn -0.9368 0.0171 -0.3494
vn -0.8454 0.0397 -0.5327
vn -0.4167 -0.7949 0.4410
vn -0.6906 0.6363 -0.3438
vn -0.8562 -0.5106 -0.0786
vn -0.9020 -0.3705 -0.2219
vn -0.7698 0.5929 -0.2364
vn -0.7897 -0.2049 -0.5783
vn -0.5273 0.7250 0.4430
vn -0.7920 0.5650 0.2313
vn -0.4754 -0.8311 -0.2886
vn -0.5248 -0.7830 -0.3340
vn -0.7567 0.3424 -0.5569
vn -0.4711 0.7885 -0.3953
vn -0.5440 0.8171 -0.1910
vn -0.5644 0.1450 -0.8127
vn -0.8628 -0.4784 -0.1632
vn -0.6347 -0.3990 -0.6617
vn -0.6489 -0.7556 0.0896
vn -0.6491 -0.7396 -0.1779
vn -0.4544 -0.6197 -0.6400
vn -0.5608 -0.1658 -0.8112
vn -0.8817 -0.3119 -0.3541
vn -0.7603 0.3988 -0.5128
vn -0.5560 -0.7874 -0.2662
vn -0.1910 -0.9446 -0.2671
vn -0.9775 0.1874 -0.0972
vn -0.9743 0.1268 -0.1864
vn -0.9475 0.2305 -0.2217
vn -0.9942 -0.0580 0.0903
vn -0.9332 -0.0059 0.3593
vn -0.7103 0.2032 0.6739
vn -0.9627 0.1609 0.2177
vn -0.9488 0.1436 -0.2814
vn -0.9058 0.2781 -0.3196
vn -0.9542 -0.1222 0.2730
vn -0.9951 -0.0982 -0.0078
vn -0.9928 -0.0954 -0.0720
vn -0.9189 -0.3939 -0.0213
vn -0.9637 -0.2505 0.0920
vn -0.9985 0.0005 0.0548
vn -0.9918 -0.0533 -0.1164
vn -0.9820 -0.1127 -0.1519
vn -0.7126 0.1981 -0.6731
vn -0.3285 -0.0852 0.9406
vn -0.9986 -0.0507 0.0118
vn -0.8898 0.1856 -0.4170
vn -0.7555 0.0390 -0.6540
vn -0.6335 -0.1646 0.7560
vn -0.9412 -0.2827 0.1847
vn -0.9973 0.0571 -0.0453
vn -0.9916 0.0554 -0.1173
vn -0.9450 0.2609 -0.1970
vn -0.9367 -0.1573 -0.3127
vn -0.4634 0.7593 0.4568
vn -0.7963 0.3529 -0.4913
vn -0.5997 0.7670 0.2282
vn -0.9413 -0.0179 -0.3371
vn -0.9905 0.0568 -0.1254
vn -0.8443 -0.5309 -0.0725
vn -0.7454 0.3395 -0.5737
vn -0.9054 0.3778 -0.1935
vn -0.8087 0.4434 -0.3865
vn -0.7299 -0.6713 -0.1289
vn -0.8626 -0.5009 0.0708
vn -0.8186 -0.4493 0.3579
vn -0.8668 0.4270 -0.2574
vn -0.8314 0.1146 -0.5437
vn -0.7961 0.1323 -0.5905
vn -0.4172 -0.9088 -0.0025
vn -0.8143 0.3306 -0.4771
vn -0.4776 -0.4226 0.7703
vn -0.7277 0.4507 -0.5170
vn -0.6063 -0.6298 -0.4855
vn -0.7397 -0.6643 0.1072
vn -0.3592 0.7078 -0.6083
vn -0.7775 0.6059 -0.1682
vn -0.3318 -0.0182 0.9432
vn -0.1327 0.0159 0.9910
vn -0.1498 0.1141 0.9821
vn -0.2495 0.0496 0.9671
vn -0.0553 0.4859 0.8723
vn 0.0092 0.0949 0.9954
vn -0.1424 0.1118 0.9835
vn -0.1566 -0.2866 0.9452
vn -0.0613 -0.7291 0.6816
vn -0.0561 -0.0975 0.9937
vn -0.1232 0.1005 0.9873
vn -0.0178 -0.4238 0.9056
vn 0.0613 0.3213 0.9450
vn 0.0694 0.6751 0.7344
vn -0.7744 -0.2231 0.5920
vn -0.0166 0.2071 0.9782
vn -0.4618 0.4414 0.7694
vn -0.1000 -0.8561 0.5071
vn -0.4631 -0.6817 0.5664
vn 0.0327 0.2427 0.9695
vn 0.0777 0.7487 0.6584
vn -0.4590 0.8757 -0.1499
vn 0.0588 0.3587 0.9316
vn -0.6895 -0.7242 0.0123
vn 0.0134 0.2987 0.9543
vn 0.1843 0.8349 0.5186
vn 0.1216 0.5697 0.8128
vn -0.3018 0.7514 -0.5868
vn 0.0578 0.8429 -0.5350
vn 0.4541 0.7722 0.4443
vn 0.4477 0.5483 0.7063
vn 0.9373 0.3330 0.1030
vn -0.7489 -0.3013 0.5903
vn -0.8453 -0.5237 0.1059
vn -0.6852 -0.5481 0.4798
vn -0.5667 -0.8139 -0.1279
vn -0.5373 -0.3571 -0.7641
vn -0.7439 -0.1412 0.6532
vn -0.5856 -0.5910 0.5548
vn -0.5116 -0.1854 0.8390
vn -0.3454 -0.2149 0.9135
vn -0.4606 -0.7900 0.4046
vn -0.3820 -0.8548 0.3513
vn -0.2706 -0.9301 0.2485
vn -0.2018 -0.7241 -0.6595
vn -0.1849 -0.2220 0.9574
vn -0.3289 -0.8366 0.4380
vn -0.1396 -0.9700 0.1989
vn 0.0622 -0.6621 -0.7468
vn -0.1476 -0.7341 0.6628
vn 0.0375 -0.9992 0.0155
vn 0.0236 -0.5565 0.8305
vn 0.2614 -0.9649 0.0233
vn 0.4321 -0.8413 -0.3247
vn 0.4099 -0.9064 0.1019
vn 0.6671 -0.6895 -0.2821
vn 0.0640 -0.3708 0.9265
vn 0.4454 -0.6058 -0.6592
vn -0.6081 -0.1887 -0.7711
vn -0.3199 0.2398 -0.9166
vn -0.7843 0.5130 -0.3489
vn -0.1225 -0.1615 -0.9792
vn -0.7327 0.1155 -0.6707
vn -0.5982 -0.3063 -0.7405
vn -0.0978 -0.1640 -0.9816
vn -0.3239 0.2200 -0.9201
vn -0.4571 -0.4707 -0.7546
vn 0.0131 0.0528 -0.9985
vn -0.5854 0.7467 -0.3159
vn -0.4125 0.5942 -0.6905
vn -0.4440 -0.7354 -0.5118
vn -0.1173 0.4022 -0.9080
vn -0.0973 0.4054 -0.9089
vn 0.0305 -0.4548 -0.8901
vn 0.0664 -0.0480 -0.9966
vn -0.0585 0.6303 -0.7741
vn 0.0325 0.3604 -0.9322
vn 0.1322 -0.3545 -0.9257
vn 0.0389 -0.0572 -0.9976
vn 0.1091 0.9866 -0.1218
vn 0.1317 0.6560 -0.7432
vn 0.2589 -0.4412 -0.8593
vn -0.0320 -0.9274 0.3728
vn 0.2568 -0.8779 0.4041
vn 0.2262 0.4110 -0.8831
vn 0.2972 0.6994 -0.6500
vn 0.0406 0.0291 -0.9988
vn 0.3839 0.3395 -0.8587
vn 0.5375 0.8050 -0.2513
vn 0.1433 0.1193 -0.9825
vn 0.5889 -0.5409 -0.6005
vn 0.5853 -0.8108 -0.0073
vn 0.7831 0.5812 -0.2215
vn 0.1331 0.1047 -0.9856
vn 0.8511 0.4704 -0.2332
vn 0.7560 0.6022 -0.2566
vn 0.6998 -0.4663 0.5411
vn 0.8476 0.4784 0.2295
vn 0.3293 0.0571 -0.9425
vn 0.8162 0.3564 -0.4548
vn 0.9131 0.0256 -0.4070
vn 0.9297 -0.1812 0.3208
vn -0.8792 -0.4375 0.1888
vn -0.9765 -0.2007 0.0791
vn -0.9300 -0.1335 -0.3424
vn -0.8739 -0.3391 0.3484
vn -0.9449 -0.3241 -0.0461
vn -0.9024 -0.0460 -0.4284
vn -0.8984 -0.1540 -0.4113
vn -0.9367 0.2567 -0.2381
vn -0.7133 -0.0271 -0.7003
vn -0.9735 0.1234 0.1924
vn -0.7539 0.1445 0.6409
vn -0.7046 0.6688 0.2372
vn -0.9630 -0.0482 0.2653
vn -0.9855 0.1372 0.1000
vn -0.7994 0.3245 -0.5056
vn -0.6222 0.2184 -0.7518
vn -0.8174 -0.1630 0.5525
vn -0.6157 0.0255 0.7876
vn -0.5448 0.6145 0.5707
vn -0.8394 -0.3676 0.4003
vn -0.8989 0.4377 -0.0206
vn -0.9153 -0.2693 0.2995
vn -0.7714 0.5884 -0.2423
vn -0.8316 -0.4192 0.3644
vn -0.9956 -0.0576 -0.0737
vn -0.5599 0.8273 -0.0459
vn -0.8375 -0.3859 0.3869
vn -0.8939 -0.0815 0.4408
vn -0.3765 0.6794 0.6298
vn -0.4012 0.4851 -0.7770
vn -0.9487 0.2368 0.2093
vn -0.9968 -0.0307 0.0733
vn -0.9561 0.2652 0.1249
vn -0.6044 0.7024 -0.3759
vn -0.9665 0.0625 0.2488
vn -0.9783 0.0128 0.2068
vn -0.8362 -0.0247 0.5479
vn -0.9791 -0.2025 -0.0184
vn -0.9574 0.2214 -0.1853
vn -0.7435 -0.1188 -0.6581
vn -0.9531 -0.2553 0.1625
vn -0.9219 0.0777 0.3796
vn -0.8297 0.2056 0.5190
vn -0.9185 -0.3836 0.0958
vn -0.6872 0.1874 0.7019
vn -0.2408 0.9607 -0.1383
vn -0.9007 0.2669 0.3429
vn -0.7820 -0.2425 0.5742
vn -0.9086 0.3704 0.1930
vn -0.9972 -0.0720 -0.0196
vn -0.8155 0.5720 0.0879
vn -0.5808 0.5387 0.6103
vn -0.9608 -0.2249 0.1621
vn -0.6409 0.7129 0.2847
vn -0.8199 0.5471 0.1683
vn -0.4781 0.7765 0.4103
vn -0.3116 0.9043 0.2918
vn -0.3227 0.9412 0.0998
vn -0.1751 0.9831 -0.0537
vn -0.2819 0.9428 -0.1782
vn -0.2620 0.6502 -0.7132
vn -0.2045 0.9743 -0.0947
vn -0.3004 0.8936 -0.3335
vn -0.2828 0.9387 -0.1972
vn -0.1139 0.9931 0.0291
vn -0.2195 0.8792 -0.4228
vn -0.1053 0.9569 -0.2708
vn -0.0673 0.5659 0.8217
vn -0.0638 0.9947 0.0803
vn -0.0586 0.9924 -0.1079
vn 0.0037 0.7897 0.6135
vn -0.1412 0.9900 -0.0002
vn -0.0540 0.9963 -0.0669
vn -0.1241 0.9893 0.0761
vn -0.2129 0.5529 -0.8056
vn -0.0648 0.9578 -0.2800
vn 0.0649 0.8920 0.4473
vn -0.1803 0.9834 -0.0199
vn -0.1591 0.9743 -0.1595
vn -0.0379 0.9966 -0.0725
vn -0.1388 0.9513 -0.2752
vn -0.1044 0.9726 -0.2079
vn -0.1675 0.9830 -0.0754
vn -0.1623 0.6720 -0.7225
vn -0.0243 0.9994 0.0242
vn -0.1172 0.9931 -0.0011
vn -0.0638 0.9979 -0.0062
vn -0.0320 0.8623 -0.5053
vn 0.1442 0.8520 0.5033
vn 0.1468 0.5513 0.8213
vn -0.0601 0.5550 -0.8296
vn -0.1136 0.9925 -0.0458
vn 0.1313 0.4327 0.8919
vn 0.0666 0.9959 -0.0620
vn 0.0433 0.9946 -0.0939
vn 0.1468 0.5447 -0.8257
vn 0.0943 0.9943 -0.0493
vn 0.1422 0.9677 0.2082
vn 0.1402 0.8906 -0.4327
vn 0.1040 0.9943 0.0218
vn 0.6695 0.6543 -0.3518
vn 0.6378 0.4675 -0.6120
vn 0.2502 0.5518 0.7955
vn 0.2568 0.9616 -0.0973
vn 0.6747 0.6745 -0.2998
vn 0.4667 0.7526 0.4645
vn 0.5397 0.8319 0.1290
vn 0.6484 0.7611 -0.0154
vn -0.8794 -0.3681 -0.3019
vn -0.6636 -0.2637 -0.7000
vn -0.8191 -0.5236 -0.2343
vn -0.8295 -0.5255 0.1891
vn -0.7648 -0.5527 0.3311
vn -0.4752 -0.5590 -0.6795
vn -0.8995 -0.3786 0.2182
vn -0.6265 -0.7066 0.3290
vn -0.5846 -0.8058 -0.0945
vn -0.7818 -0.5343 -0.3215
vn -0.9190 -0.3940 -0.0124
vn -0.7926 -0.5989 -0.1141
vn -0.8352 -0.5494 0.0256
vn -0.8121 -0.3073 0.4961
vn -0.7125 -0.6778 0.1813
vn -0.3455 -0.8999 0.2661
vn -0.8421 -0.4632 0.2763
vn -0.2809 -0.7245 -0.6294
vn -0.3978 -0.8753 0.2749
vn -0.4851 -0.8564 -0.1769
vn -0.4224 -0.8933 -0.1535
vn -0.7133 -0.4641 0.5251
vn -0.5036 -0.5205 0.6896
vn -0.5458 -0.8333 0.0878
vn -0.6632 -0.7482 0.0186
vn -0.3470 -0.7575 0.5530
vn -0.4576 -0.7696 0.4452
vn -0.2456 0.9520 -0.1825
vn 0.0428 0.9604 0.2753
vn 0.0357 0.9694 0.2428
vn 0.1040 0.8819 -0.4599
vn -0.1757 0.8758 -0.4496
vn 0.2459 0.9660 -0.0801
vn -0.6113 0.7731 -0.1692
vn -0.5111 0.8563 -0.0744
vn 0.2553 0.9667 0.0177
vn 0.3431 0.9292 -0.1376
vn 0.1096 0.9784 -0.1752
vn -0.2238 0.9646 -0.1399
vn -0.1295 0.9915 0.0110
vn 0.2154 0.9760 -0.0332
vn -0.3987 0.5990 -0.6945
vn 0.1038 0.9925 -0.0639
vn 0.0543 0.9910 0.1225
vn -0.0293 0.6305 -0.7756
vn 0.0155 0.9974 0.0698
vn 0.0030 0.9992 0.0404
vn -0.0671 0.9945 0.0806
vn -0.0643 0.9651 -0.2539
vn 0.0632 0.9884 -0.1382
vn 0.1103 0.9883 0.1049
vn -0.0081 0.9991 0.0415
vn -0.0395 0.9905 -0.1319
vn -0.0534 0.6428 -0.7641
vn -0.0629 0.9934 0.0961
vn 0.0589 0.9945 -0.0863
vn 0.1868 0.9767 0.1055
vn 0.1170 0.9901 0.0781
vn 0.2344 0.9206 0.3124
vn 0.0220 0.9937 0.1099
vn 0.1049 0.9835 0.1475
vn -0.0060 0.9986 -0.0533
vn -0.0047 0.6844 -0.7291
vn 0.0619 0.9927 0.1035
vn 0.1898 0.8417 -0.5055
vn 0.2980 0.9319 0.2069
vn 0.3246 0.9412 0.0935
vn 0.4440 0.8761 0.1878
vn 0.3889 0.9197 -0.0543
vn 0.4818 0.8283 0.2860
vn 0.8087 0.5524 0.2020
vn 0.7747 0.5826 -0.2457
vn 0.8461 0.5273 -0.0779
vn 0.6295 0.3837 -0.6756
vn -0.3269 -0.3995 -0.8565
vn -0.3782 0.1899 -0.9060
vn -0.2722 0.0075 -0.9622
vn -0.5889 0.2213 -0.7773
vn -0.0230 -0.0715 -0.9972
vn -0.0854 0.0934 -0.9920
vn -0.0140 -0.7394 -0.6731
vn 0.0430 -0.3010 -0.9527
vn -0.3105 0.2549 -0.9158
vn 0.0999 -0.2006 -0.9746
vn 0.0328 -0.5043 -0.8629
vn -0.0328 0.3413 -0.9394
vn 0.1206 -0.1852 -0.9753
vn -0.1419 -0.2761 -0.9506
vn -0.1181 -0.1331 -0.9840
vn -0.0468 -0.1271 -0.9908
vn -0.0524 0.2049 -0.9774
vn -0.6579 -0.1381 -0.7404
vn -0.6917 -0.3080 -0.6532
vn -0.8577 0.2555 0.4461
vn -0.0760 -0.6215 -0.7797
vn -0.0171 0.3493 -0.9368
vn -0.1428 0.9465 -0.2895
vn 0.0059 -0.4796 -0.8774
vn -0.1215 -0.9453 0.3026
vn 0.1781 0.2972 -0.9381
vn 0.0796 -0.6052 -0.7921
vn 0.1419 0.3477 -0.9268
vn 0.5935 -0.5267 -0.6085
vn 0.3550 -0.3190 -0.8787
vn 0.2312 0.9704 -0.0702
vn 0.7461 -0.2444 -0.6193
vn 0.9460 -0.3240 0.0104
vn 0.7065 -0.4494 -0.5467
vn 0.5735 0.1411 -0.8070
vn 0.8578 0.1891 -0.4780
vn -0.1230 -0.9920 -0.0284
vn -0.1930 -0.9059 0.3770
vn -0.1758 -0.9642 -0.1988
vn -0.1136 -0.9893 0.0913
vn -0.0383 -0.9992 -0.0136
vn 0.0513 -0.9307 -0.3622
vn -0.0289 -0.9773 0.2098
vn 0.0297 -0.9962 -0.0818
vn -0.5279 -0.7143 0.4595
vn -0.9329 -0.2499 -0.2593
vn -0.3539 -0.8964 0.2669
vn -0.0025 -0.9999 -0.0136
vn -0.5974 -0.8014 0.0296
vn 0.0122 -0.9994 -0.0338
vn -0.3770 -0.9250 0.0472
vn -0.6948 -0.5574 0.4546
vn -0.4655 -0.0800 -0.8814
vn 0.0010 -0.3665 0.9304
vn -0.6238 -0.6343 0.4567
vn -0.3996 -0.6262 0.6695
vn -0.5435 -0.5872 0.5998
vn 0.0631 -0.8875 -0.4564
vn -0.4320 -0.8504 0.3003
vn -0.0287 -0.8512 0.5240
vn -0.2504 -0.7629 0.5960
vn -0.4146 0.2860 -0.8639
vn -0.0061 -0.9997 -0.0247
vn -0.7160 -0.3002 0.6303
vn -0.4051 -0.8890 -0.2136
vn 0.0274 -0.7527 0.6578
vn -0.1524 -0.9778 -0.1439
vn 0.0332 -0.9991 -0.0266
vn -0.6263 -0.7642 -0.1540
vn -0.0531 -0.9940 0.0952
vn -0.0020 -0.9794 -0.2017
vn -0.0053 -0.9998 0.0183
vn -0.3091 -0.9476 -0.0811
vn -0.8284 -0.5595 0.0273
vn -0.0560 -0.9194 -0.3893
vn -0.7092 -0.6997 0.0864
vn -0.2226 -0.9746 0.0252
vn -0.0341 -0.9989 0.0306
vn 0.0481 -0.9983 -0.0333
vn -0.8735 -0.4666 0.1388
vn -0.2130 -0.9767 0.0276
vn -0.3473 -0.9242 -0.1588
vn -0.4968 -0.8077 0.3174
vn -0.0515 -0.9985 -0.0189
vn -0.0318 -0.9984 -0.0475
vn -0.1314 -0.9379 -0.3211
vn -0.0246 -0.9997 0.0065
vn 0.1992 -0.8438 0.4983
vn -0.0720 -0.9858 0.1516
vn -0.0547 -0.9960 -0.0707
vn -0.0665 -0.8865 -0.4580
vn -0.0271 -0.7468 0.6645
vn -0.4196 -0.4046 0.8125
vn -0.0011 -0.9994 -0.0341
vn -0.0290 -0.9938 -0.1077
vn -0.0706 -0.9333 -0.3520
vn 0.1335 -0.9807 0.1425
vn -0.0114 -0.9999 -0.0082
vn 0.2207 -0.9727 0.0713
vn 0.2080 -0.4779 0.8534
vn 0.0966 -0.9883 0.1184
vn 0.1848 -0.9173 -0.3529
vn 0.0407 -0.9978 -0.0533
vn -0.0209 -0.6667 -0.7450
vn 0.1223 -0.9924 0.0127
vn 0.0446 -0.9188 -0.3923
vn -0.0539 -0.9201 -0.3880
vn 0.2457 -0.6885 0.6823
vn 0.0178 -0.5427 0.8397
vn 0.1141 -0.9935 0.0009
vn -0.0565 -0.9981 -0.0246
vn 0.3924 -0.9195 -0.0224
vn -0.0363 -0.9986 -0.0386
vn 0.4092 -0.9107 0.0570
vn 0.4995 -0.8627 -0.0786
vn -0.0246 -0.9981 -0.0560
vn 0.4170 -0.7379 0.5307
vn 0.6058 -0.7934 0.0591
vn 0.3624 -0.8724 -0.3281
vn -0.0591 -0.9223 0.3819
vn 0.3210 -0.9118 -0.2561
vn 0.5494 -0.8338 0.0538
vn -0.0136 -0.5024 -0.8646
vn -0.0749 -0.6151 -0.7849
vn 0.7713 -0.6335 -0.0616
vn -0.0395 -0.5286 0.8480
vn 0.3586 -0.6167 0.7008
vn 0.5349 -0.8425 -0.0635
vn 0.5062 -0.5693 -0.6478
vn 0.2723 -0.6424 0.7163
vn 0.0499 -0.9330 -0.3564
vn 0.0112 -0.9983 -0.0564
vn 0.3467 -0.8959 -0.2776
vn 0.0727 -0.9792 0.1892
vn 0.4249 -0.8841 -0.1942
vn 0.0816 -0.9962 -0.0314
vn 0.6350 -0.7706 0.0542
vn 0.0662 -0.4162 0.9069
vn 0.2438 -0.7399 0.6270
vn 0.0559 -0.9980 -0.0298
vn 0.0603 -0.4953 -0.8666
vn 0.1697 -0.9718 -0.1640
vn 0.6601 -0.6460 0.3834
vn 0.2388 -0.5330 -0.8117
vn 0.2576 -0.9662 0.0052
vn 0.6255 -0.5124 -0.5884
vn 0.3590 -0.9239 0.1327
vn 0.3155 -0.9488 0.0171
vn 0.4469 -0.5587 -0.6987
vn 0.5514 -0.8342 -0.0076
vn 0.6931 -0.4689 -0.5475
vn 0.6348 -0.7720 -0.0335
vn 0.6966 -0.6949 -0.1785
vn 0.6516 -0.7529 -0.0927
vn 0.5655 -0.6123 0.5526
vn 0.6662 -0.7054 -0.2421
vn 0.7833 -0.6215 0.0095
vn 0.6710 -0.7412 0.0193
vn -0.1742 0.0569 0.9831
vn -0.1689 -0.0477 0.9845
vn -0.2453 -0.3876 0.8886
vn -0.1587 -0.8620 0.4814
vn -0.0224 0.2478 0.9686
vn 0.0007 -0.1935 0.9811
vn -0.0770 -0.5116 0.8558
vn 0.0186 0.0881 0.9959
vn 0.0856 0.0009 0.9963
vn 0.0387 -0.5385 0.8418
vn 0.0370 0.4131 0.9099
vn 0.1053 -0.0449 0.9934
vn 0.0415 0.0161 0.9990
vn 0.1244 -0.0181 0.9921
vn 0.0979 -0.2231 0.9699
vn 0.1029 0.2707 0.9571
vn 0.0096 -0.8316 0.5553
vn 0.0772 -0.3909 0.9172
vn 0.1508 0.0043 0.9886
vn 0.0963 -0.0273 0.9950
vn 0.0895 -0.0700 0.9935
vn 0.1769 0.2727 0.9457
vn 0.0886 -0.1455 0.9854
vn 0.1185 -0.7285 0.6747
vn 0.0557 -0.0114 0.9984
vn 0.0885 0.1026 0.9908
vn 0.0905 -0.3624 0.9276
vn 0.0982 0.0283 0.9948
vn 0.1819 0.2241 0.9574
vn 0.2286 -0.5405 0.8097
vn 0.2823 0.0263 0.9590
vn 0.1435 -0.0666 0.9874
vn 0.3090 -0.2823 0.9082
vn 0.4214 0.2485 0.8722
vn 0.5565 -0.7005 0.4468
vn 0.4887 -0.0757 0.8692
vn 0.7630 0.0033 0.6464
vn 0.8161 0.0117 0.5778
vn 0.8312 0.1183 0.5432
vn 0.8269 0.3295 0.4558
vn 0.8096 -0.2520 0.5302
vn -0.8467 -0.1094 0.5207
vn -0.5855 0.3272 -0.7417
vn -0.6874 0.2717 -0.6736
vn -0.9277 0.3255 0.1827
vn -0.3136 0.3793 -0.8705
vn -0.8146 0.2737 -0.5114
vn -0.8332 0.0960 -0.5446
vn -0.4673 0.3340 -0.8186
vn -0.8937 0.1389 -0.4266
vn -0.9373 0.3076 -0.1637
vn -0.5580 0.2149 -0.8015
vn -0.8538 -0.2621 -0.4498
vn -0.6566 0.4104 -0.6328
vn -0.7763 0.5401 -0.3250
vn -0.3806 0.3522 -0.8551
vn -0.6857 -0.1513 -0.7120
vn 0.6374 0.5702 -0.5183
vn -0.7026 -0.4047 -0.5853
vn -0.3209 0.4183 -0.8497
vn -0.4023 0.3563 -0.8433
vn -0.5429 0.1029 -0.8334
vn -0.5847 0.6673 -0.4613
vn -0.6842 0.7279 -0.0447
vn -0.3065 0.3897 -0.8684
vn -0.6902 0.7077 -0.1509
vn -0.3971 0.3939 -0.8290
vn -0.3194 0.4611 -0.8279
vn -0.3554 0.7059 -0.6126
vn -0.1689 0.1224 0.9780
vn -0.6838 0.7266 0.0667
vn -0.3023 0.2490 -0.9201
vn -0.2429 0.4684 -0.8495
vn 0.2387 0.6552 0.7168
vn -0.2769 0.2350 -0.9317
vn -0.2452 0.2389 -0.9396
vn -0.2638 0.4281 -0.8644
vn -0.2821 0.9443 -0.1695
vn -0.4021 0.8325 -0.3813
vn -0.1599 0.4111 -0.8975
vn -0.2906 0.8786 -0.3789
vn -0.1713 0.5990 -0.7822
vn -0.2798 0.3431 -0.8967
vn -0.1134 0.8275 -0.5499
vn -0.1469 0.4769 -0.8666
vn -0.2773 0.2849 -0.9176
vn -0.3338 0.1710 -0.9270
vn 0.1683 0.8841 -0.4360
vn 0.4177 -0.0865 -0.9044
vn 0.1562 0.8123 -0.5619
vn -0.0583 0.3724 -0.9263
vn 0.5110 0.2500 -0.8224
vn -0.0881 0.2919 -0.9524
vn 0.2886 0.3372 -0.8961
vn -0.1491 0.3023 -0.9415
vn 0.7445 0.1122 -0.6582
vn -0.0634 0.4083 -0.9106
vn -0.2979 0.4050 -0.8644
vn 0.3552 0.1642 0.9203
vn -0.0412 0.5223 -0.8518
vn -0.0788 0.3620 -0.9289
vn 0.2881 0.6777 -0.6766
vn -0.3377 0.2301 -0.9127
vn -0.4100 0.1472 -0.9001
vn 0.6779 0.6782 -0.2837
vn 0.4503 0.5363 -0.7139
vn 0.3363 0.5434 -0.7691
vn 0.0210 0.3436 -0.9389
vn 0.0413 0.2325 -0.9717
vn 0.4117 0.8899 0.1964
vn 0.2837 0.2456 -0.9269
vn -0.1986 0.3215 -0.9259
vn 0.4304 0.4616 -0.7756
vn 0.2460 0.5092 -0.8247
vn -0.1778 0.1301 -0.9754
vn 0.9159 0.3500 -0.1966
vn 0.1403 0.2845 -0.9484
vn 0.6228 0.2773 -0.7316
vn 0.2303 0.5441 -0.8068
vn -0.2387 0.9034 0.3561
vn -0.1227 0.9910 0.0528
vn -0.0087 0.9903 0.1389
vn -0.1498 0.9847 -0.0886
vn 0.0906 0.9817 0.1676
vn -0.2326 0.8646 -0.4454
vn -0.3461 0.9356 0.0704
vn -0.1548 0.7812 -0.6048
vn -0.0703 0.9600 -0.2711
vn 0.0485 0.9892 0.1382
vn -0.2711 0.6215 0.7350
vn -0.0108 0.9907 0.1358
vn -0.0149 0.9978 -0.0643
vn -0.3332 0.9274 -0.1700
vn -0.0569 0.7009 -0.7109
vn -0.1249 0.8575 0.4991
vn 0.1365 0.9788 0.1529
vn -0.0452 0.7769 -0.6280
vn 0.0048 0.9970 -0.0773
vn 0.0465 0.9937 0.1023
vn 0.0740 0.9623 0.2616
vn -0.0155 0.9172 -0.3981
vn 0.0336 0.9896 -0.1397
vn 0.0019 0.9972 0.0754
vn -0.0054 0.9671 0.2542
vn 0.0423 0.9436 0.3282
vn 0.0629 0.9818 0.1789
vn 0.0359 0.7663 0.6415
vn 0.0791 0.9765 0.2003
vn 0.0895 0.9930 0.0769
vn 0.0427 0.9914 -0.1235
vn 0.2912 0.8883 -0.3550
vn 0.1275 0.9856 -0.1112
vn 0.0926 0.6918 -0.7161
vn 0.2082 0.6308 -0.7475
vn -0.0316 0.9949 -0.0955
vn 0.1247 0.5770 0.8071
vn 0.1714 0.6785 -0.7143
vn 0.2910 0.9546 0.0642
vn 0.1196 0.9618 0.2463
vn 0.4445 0.5683 -0.6924
vn 0.0947 0.9934 -0.0648
vn 0.1725 0.8608 0.4788
vn 0.4788 0.7761 0.4103
vn 0.0695 0.9975 -0.0145
vn 0.1916 0.9768 -0.0957
vn 0.3225 0.6624 0.6761
vn 0.4090 0.9074 0.0969
vn 0.3215 0.5907 -0.7401
vn 0.2614 0.9524 0.1567
vn 0.7916 0.6050 0.0859
vn 0.2382 0.9348 0.2634
vn 0.6336 0.7166 0.2915
vn 0.3228 0.9464 0.0109
vn 0.3534 0.9351 -0.0264
vn 0.5643 0.7957 -0.2200
vn 0.7391 0.6464 0.1896
vn 0.7611 0.5565 0.3331
vn 0.5749 0.8118 0.1022
vn -0.7373 -0.3664 0.5676
vn -0.7173 -0.0206 0.6965
vn -0.6754 -0.2146 0.7055
vn -0.5351 0.2739 0.7992
vn -0.4077 0.3997 0.8210
vn -0.3797 0.4026 0.8329
vn -0.4868 -0.3691 0.7917
vn -0.2024 -0.2870 0.9363
vn -0.5029 -0.0914 0.8595
vn -0.6417 0.2908 0.7097
vn -0.6346 -0.1312 0.7617
vn -0.5446 0.4853 0.6840
vn -0.8702 -0.1253 0.4765
vn -0.9980 -0.0154 0.0615
vn -0.9415 -0.3276 0.0787
vn -0.9961 0.0149 0.0870
vn -0.9857 0.1258 0.1126
vn -0.9883 -0.0846 0.1272
vn -0.8153 0.4536 0.3600
vn -0.9736 -0.2040 0.1022
vn -0.9858 -0.0135 0.1673
vn -0.9370 -0.1129 0.3307
vn -0.8415 0.0478 0.5381
vn -0.9652 -0.2269 0.1297
vn -0.9801 0.1686 0.1053
vn -0.9873 0.1269 0.0960
vn -0.9956 -0.0189 0.0917
vn -0.9800 -0.1816 0.0817
vn -0.9310 0.1699 0.3231
vn -0.6022 0.3207 0.7311
vn -0.8997 0.2951 0.3217
vn -0.9450 -0.3160 0.0845
vn -0.6588 -0.0719 0.7489
vn -0.9579 0.2139 0.1914
vn -0.9907 -0.1013 0.0912
vn -0.7389 0.6153 0.2747
vn -0.8661 0.4714 0.1661
vn -0.9228 0.3430 0.1757
vn -0.5766 0.7165 0.3926
vn -0.6680 0.7125 0.2150
vn -0.9326 -0.3479 0.0962
vn -0.5043 0.8311 0.2345
vn -0.8794 -0.3250 0.3479
vn -0.2144 -0.0598 0.9749
vn -0.3009 -0.9501 0.0824
vn -0.1306 -0.9627 -0.2369
vn -0.3986 -0.9170 -0.0109
vn -0.2307 -0.9705 0.0698
vn -0.0828 -0.9945 0.0636
vn -0.1603 -0.9678 -0.1940
vn -0.1671 -0.9660 -0.1975
vn -0.0341 -0.9894 -0.1410
vn -0.1019 -0.9849 0.1399
vn -0.2851 -0.5977 -0.7493
vn -0.1379 -0.9903 0.0188
vn -0.0901 -0.9955 0.0284
vn -0.1214 -0.8968 -0.4254
vn -0.0718 -0.9948 -0.0720
vn -0.0471 -0.9937 -0.1012
vn -0.0019 -0.9988 0.0496
vn -0.0398 -0.9975 0.0592
vn -0.0831 -0.7780 -0.6228
vn 0.0005 -0.9999 -0.0127
vn -0.0301 -0.9973 -0.0667
vn 0.0508 -0.9962 -0.0704
vn 0.0427 -0.9986 0.0309
vn 0.0919 -0.9875 0.1281
vn 0.0498 -0.8523 -0.5207
vn 0.0188 -0.9958 -0.0896
vn 0.0737 -0.9972 0.0155
vn 0.2135 -0.9550 0.2059
vn 0.1216 -0.9912 -0.0527
vn 0.1383 -0.9891 0.0499
vn 0.2170 -0.9757 -0.0286
vn 0.3684 -0.8875 -0.2768
vn 0.2531 -0.6680 -0.6998
vn 0.5035 -0.8612 -0.0695
vn 0.4627 -0.8864 -0.0146
vn 0.5863 -0.8101 0.0063
vn 0.6328 -0.7727 -0.0500
vn 0.7361 -0.6731 -0.0710
vn 0.7503 -0.6610 -0.0147
vn -0.1160 -0.0258 0.9929
vn -0.3510 -0.0349 0.9357
vn -0.7497 0.3855 0.5379
vn -0.1480 0.0197 0.9888
vn -0.3599 0.4306 0.8277
vn -0.0679 0.0674 0.9954
vn -0.0728 -0.1198 0.9901
vn -0.1974 0.6756 0.7103
vn -0.0888 0.0453 0.9950
vn -0.1266 -0.0041 0.9920
vn -0.0200 0.1098 0.9938
vn -0.1176 -0.1422 0.9828
vn 0.0720 0.7630 0.6423
vn -0.3473 0.0097 0.9377
vn -0.4920 -0.0440 0.8695
vn -0.0736 0.1064 0.9916
vn 0.3557 0.6899 0.6305
vn -0.0311 -0.2224 0.9745
vn 0.0378 0.1752 0.9838
vn 0.1124 -0.2599 0.9591
vn 0.4461 0.3633 0.8179
vn 0.1262 -0.1602 0.9790
vn 0.1909 0.0104 0.9816
vn 0.2606 -0.1896 0.9467
vn 0.2741 -0.0661 0.9594
vn 0.7058 -0.7006 0.1046
vn 0.5845 0.1274 0.8013
vn 0.9053 -0.3838 -0.1821
vn -0.2027 0.3780 -0.9034
vn -0.0781 0.4569 -0.8861
vn -0.0816 -0.4541 -0.8872
vn -0.0535 -0.6396 -0.7669
vn 0.0770 -0.4247 -0.9021
vn 0.1301 -0.6895 -0.7125
vn -0.0150 0.5431 -0.8395
vn 0.1249 -0.4797 -0.8685
vn 0.1827 -0.5756 -0.7971
vn 0.3005 0.4708 -0.8295
vn 0.3180 -0.2372 -0.9179
vn 0.3843 -0.0213 -0.9230
vn 0.2991 -0.4838 -0.8225
vn 0.4670 -0.0825 -0.8804
vn 0.6391 0.0415 -0.7680
vn 0.6728 0.2990 -0.6768
vn 0.7106 -0.3133 -0.6300
vn 0.7809 -0.1322 -0.6105
vn 0.9059 0.2378 -0.3504
vn 0.8295 0.0380 -0.5572
vn -0.2146 0.4510 -0.8663
vn -0.4046 -0.4357 -0.8040
vn -0.3878 0.2082 -0.8979
vn -0.3538 -0.2780 -0.8931
vn -0.3073 -0.0305 -0.9511
vn -0.1808 0.4084 -0.8947
vn -0.1625 -0.6002 -0.7832
vn -0.1411 -0.4133 -0.8996
vn -0.0858 -0.1981 -0.9764
vn -0.0632 0.1968 -0.9784
vn -0.1413 0.4534 -0.8800
vn -0.0351 0.3164 -0.9480
vn 0.0093 -0.5201 -0.8541
vn -0.0006 -0.0063 -1.0000
vn -0.0324 0.4522 -0.8914
vn 0.0291 -0.3170 -0.9480
vn 0.0250 -0.1997 -0.9795
vn -0.0539 0.4130 -0.9091
vn -0.0781 0.3490 -0.9339
vn -0.4766 -0.3926 -0.7866
vn 0.1077 -0.2967 -0.9489
vn -0.6631 0.6485 -0.3738
vn 0.0808 -0.4874 -0.8695
vn 0.1094 0.3584 -0.9271
vn 0.6536 0.6451 -0.3957
vn 0.2105 -0.1185 -0.9704
vn 0.6432 -0.5855 -0.4933
vn 0.4078 0.3068 -0.8600
vn 0.2781 0.1641 -0.9464
vn 0.2612 -0.4848 -0.8347
vn 0.3995 0.0098 -0.9167
vn 0.6558 -0.5711 -0.4937
vn 0.4741 -0.2082 -0.8555
vn 0.6806 0.2737 -0.6796
vn -0.3292 -0.9402 -0.0871
vn -0.1458 -0.9760 0.1619
vn -0.1353 -0.9577 -0.2541
vn -0.1404 -0.9842 -0.1080
vn -0.1939 -0.7784 0.5971
vn -0.1464 -0.9599 0.2392
vn -0.2409 -0.9449 0.2216
vn -0.1420 -0.9509 -0.2751
vn -0.1343 -0.9904 0.0312
vn -0.0279 -0.9905 0.1350
vn -0.0215 -0.9796 -0.2000
vn -0.1598 -0.5686 0.8069
vn -0.0049 -0.9994 0.0343
vn 0.0106 -0.9678 -0.2513
vn -0.0270 -0.9983 0.0509
vn -0.0503 -0.9866 0.1554
vn 0.0814 -0.9889 -0.1246
vn -0.1275 -0.5734 0.8093
vn 0.0419 -0.9991 -0.0082
vn 0.0898 -0.9913 -0.0960
vn -0.0175 -0.8699 0.4929
vn 0.1562 -0.9853 0.0689
vn 0.0534 -0.9870 0.1516
vn 0.2553 -0.9493 -0.1835
vn 0.0454 -0.6809 0.7310
vn 0.3717 -0.9158 -0.1520
vn 0.3255 -0.9109 0.2535
vn 0.1195 -0.9668 -0.2260
vn 0.4296 -0.8609 -0.2726
vn 0.0917 -0.9884 0.1211
vn 0.6544 -0.7558 -0.0245
vn 0.2141 -0.8580 0.4670
vn 0.3610 -0.9134 -0.1881
vn 0.5542 -0.6754 0.4865
vn 0.2083 -0.4825 0.8508
vn 0.3603 -0.7881 0.4992
vn 0.6041 -0.7581 0.2458
vn 0.6749 -0.5776 0.4592
vn 0.7561 -0.6059 -0.2476
vn 0.6135 -0.7143 -0.3366
vn 0.6241 -0.7800 -0.0450
vn 0.7429 -0.4394 0.5050
vn -0.5074 0.8242 0.2515
vn 0.6201 -0.4610 0.6348
vn 0.8025 -0.0521 -0.5944
vn 0.6515 0.5453 -0.5274
vn 0.5992 0.6034 -0.5262
vn 0.7242 0.6838 0.0890
vn 0.4246 0.3184 -0.8475
vn 0.6707 0.7320 -0.1196
vn 0.3679 0.3700 -0.8531
vn 0.5603 0.6546 -0.5075
vn -0.0236 0.3372 0.9411
vn 0.0807 0.7925 0.6045
vn 0.2776 0.4974 -0.8219
vn 0.3868 0.8603 0.3322
vn 0.4645 0.5684 -0.6791
vn 0.9607 0.0524 -0.2725
vn 0.1316 0.0930 -0.9869
vn 0.4209 0.2661 -0.8672
vn 0.6619 0.1807 -0.7275
vn 0.1486 0.0505 -0.9876
vn 0.3545 -0.8775 0.3229
vn 0.2945 -0.9053 -0.3062
vn 0.2442 -0.4134 -0.8772
vn 0.1281 -0.6655 -0.7353
vn 0.0625 -0.9655 -0.2527
vn 0.0573 -0.6576 0.7512
vn -0.3768 -0.4750 -0.7952
vn -0.6732 -0.7195 -0.1706
vn -0.0931 -0.3697 -0.9245
vn -0.4742 -0.3114 -0.8235
vn -0.8164 0.0222 -0.5771
vn -0.2375 -0.9463 0.2191
vn -0.7333 -0.1890 0.6531
vn -0.2518 -0.6016 -0.7581
vn -0.2233 -0.9607 0.1649
vn -0.3300 -0.2087 0.9206
vn 0.2573 -0.6787 0.6878
vn -0.4312 -0.8994 -0.0725
vn 0.0103 -0.1652 -0.9862
vn 0.0767 -0.2400 -0.9677
vn 0.2423 -0.9014 -0.3590
vn 0.7475 -0.4023 -0.5286
vn 0.0740 -0.5765 -0.8138
vn -0.1323 -0.6649 -0.7351
vn -0.7868 -0.5465 0.2869
vn -0.4768 -0.6989 -0.5331
vn -0.2413 -0.2351 0.9415
vn -0.8959 -0.3718 0.2431
vn -0.4994 -0.3942 -0.7715
vn 0.0255 -0.3191 0.9474
vn 0.1935 -0.2015 0.9602
vn 0.3679 0.2159 0.9045
vn -0.1715 -0.3665 0.9145
vn -0.3683 -0.1522 0.9171
vn -0.2885 -0.0417 0.9566
vn -0.0019 -0.0189 0.9998
vn -0.5209 -0.1770 0.8351
vn -0.5519 -0.0783 0.8303
vn -0.0634 -0.2639 0.9625
vn -0.2421 0.5856 0.7736
vn -0.0960 0.4396 0.8930
vn -0.2959 -0.0573 0.9535
vn -0.5748 0.7900 -0.2133
vn -0.0817 -0.2404 0.9672
vn -0.0538 -0.0882 0.9946
vn 0.9271 0.3734 0.0342
vn 0.1902 -0.1441 0.9711
vn -0.2087 -0.2879 0.9346
vn 0.1140 -0.1000 0.9884
vn 0.7017 0.6538 -0.2831
vn 0.0935 0.2275 0.9693
vn -0.2024 -0.1667 0.9650
vn -0.0384 -0.1906 0.9809
vn -0.2054 0.0414 0.9778
vn 0.3142 0.4997 0.8072
vn 0.4882 0.8275 0.2773
vn 0.2308 -0.0301 0.9725
vn 0.1797 0.0344 0.9831
vn -0.1207 0.0538 0.9912
vn -0.0288 -0.0093 0.9995
vn -0.0997 0.4903 -0.8658
vn -0.0155 -0.0066 0.9999
vn 0.7141 -0.4942 0.4958
vn -0.4733 -0.1544 0.8673
vn 0.1409 -0.0402 0.9892
vn -0.8558 0.4867 -0.1751
vn -0.5483 -0.1034 0.8299
vn 0.0425 0.0369 -0.9984
vn -0.0987 -0.2256 0.9692
vn -0.3360 0.4511 0.8268
vn -0.3620 0.9033 0.2304
vn -0.3004 0.4560 0.8378
vn -0.3703 0.6870 0.6253
vn -0.3291 0.9209 0.2091
vn -0.4004 0.7986 0.4492
vn 0.0977 0.9767 0.1911
vn -0.2847 0.8811 0.3775
vn -0.0700 0.9818 0.1765
vn -0.1274 0.6820 0.7201
vn 0.2366 0.5673 0.7888
vn -0.1790 0.9774 0.1127
vn -0.1024 0.9941 0.0364
vn -0.2094 0.5292 0.8222
vn 0.1773 0.9774 0.1155
vn -0.0203 0.3657 0.9305
vn 0.1053 0.1377 0.9849
vn 0.1090 0.9905 0.0833
vn 0.2123 -0.0225 0.9769
vn -0.1214 0.9474 0.2962
vn 0.0516 0.9985 -0.0202
vn 0.1070 0.8681 0.4847
vn 0.0815 0.5121 0.8550
vn 0.2037 0.2931 0.9341
vn -0.0760 0.9970 0.0150
vn 0.2187 0.3408 0.9143
vn -0.0146 0.9990 0.0433
vn -0.2370 0.4666 0.8521
vn 0.2231 -0.1058 0.9690
vn 0.1123 0.7545 0.6466
vn -0.0846 0.9251 0.3701
vn -0.0474 0.9954 -0.0836
vn 0.0072 0.9947 0.1021
vn -0.0799 0.4585 0.8851
vn -0.0191 0.9997 0.0146
vn 0.3288 0.4312 0.8402
vn 0.2670 0.3593 0.8942
vn 0.2610 -0.1280 0.9568
vn -0.0294 0.9992 -0.0267
vn 0.2431 0.7359 0.6319
vn 0.3467 0.7773 0.5250
vn 0.1310 0.9896 0.0591
vn -0.0090 0.9996 -0.0273
vn 0.0176 0.5386 0.8424
vn 0.0200 0.9965 -0.0814
vn 0.0565 0.9980 0.0284
vn 0.0712 0.9625 0.2616
vn 0.2281 0.9733 0.0254
vn 0.4159 0.5195 0.7464
vn 0.0793 0.9954 -0.0542
vn 0.4313 0.3638 0.8256
vn 0.4612 0.5622 0.6865
vn 0.5412 0.6770 0.4987
vn 0.1921 0.9811 -0.0229
vn 0.2594 0.9467 0.1911
vn 0.7063 0.4421 0.5530
vn 0.2807 0.9598 0.0003
vn 0.5446 0.1471 0.8257
vn 0.7790 0.4954 0.3844
vn 0.4263 0.9041 0.0298
vn 0.4901 0.8670 -0.0898
vn 0.2016 0.4678 0.8605
vn 0.5261 0.8458 -0.0888
vn 0.5836 0.8115 0.0305
vn 0.8019 0.2268 0.5528
vn 0.8378 0.5207 0.1645
vn 0.8951 0.4351 -0.0974
vn 0.7457 0.6662 0.0061
vn 0.7340 0.4442 0.5137
vn 0.9318 0.3568 -0.0671
vn 0.0518 -0.0088 -0.9986
vn -0.2026 -0.0484 -0.9781
vn -0.3982 0.4627 -0.7921
vn 0.7389 -0.0287 -0.6733
vn 0.6268 0.5192 -0.5810
vn -0.0510 0.9783 -0.2006
vn 0.1798 0.6226 -0.7616
vn 0.0859 0.0045 -0.9963
vn 0.4934 0.3018 -0.8157
vn 0.5433 0.5634 -0.6224
vn 0.1479 0.1758 -0.9732
vn 0.1678 0.8859 -0.4324
vn 0.0208 0.0371 -0.9991
vn 0.0558 -0.0565 -0.9968
vn -0.7997 0.5927 0.0960
vn 0.0897 0.7025 -0.7060
vn -0.3356 0.2853 -0.8978
vn -0.3389 -0.0318 -0.9403
vn -0.8363 0.1974 -0.5116
vn -0.8826 0.0145 -0.4700
vn 0.3823 -0.8407 -0.3835
vn 0.4342 -0.6904 -0.5786
vn 0.7981 -0.4564 -0.3934
vn 0.9771 0.0578 -0.2048
vn 0.9682 -0.2103 -0.1357
vn 0.2425 -0.0548 0.9686
vn 0.4040 0.2410 0.8824
vn 0.5067 0.2259 0.8320
vn 0.6939 -0.0587 0.7177
vn 0.8814 0.1118 0.4589
vn 0.9084 -0.1092 0.4036
vn 0.7600 0.1492 0.6326
vn -0.4609 0.1604 0.8729
vn -0.2839 0.3145 0.9058
vn -0.3367 0.0605 0.9397
vn -0.0975 0.1598 0.9823
vn -0.0492 0.0615 0.9969
vn -0.1388 0.3097 0.9406
vn 0.0358 -0.0946 0.9949
vn -0.0418 0.1577 0.9866
vn 0.0102 -0.2960 0.9551
vn -0.0728 0.2793 0.9574
vn 0.0363 0.0390 0.9986
vn 0.0469 -0.0542 0.9974
vn -0.0045 0.1353 0.9908
vn -0.0268 0.1790 0.9835
vn 0.0206 -0.2456 0.9691
vn 0.0228 0.0255 0.9994
vn 0.0554 -0.1217 0.9910
vn 0.0323 0.1569 0.9871
vn 0.2331 -0.3331 0.9136
vn 0.1432 -0.1074 0.9839
vn 0.0843 -0.0161 0.9963
vn 0.4357 -0.2601 0.8617
vn 0.2086 0.1767 0.9619
vn 0.7170 -0.1306 0.6848
vn 0.7899 -0.1089 0.6035
vn 0.8678 -0.1828 0.4620
vn 0.9649 0.0442 0.2589
vn -0.1531 0.0695 0.9858
vn 0.4000 -0.8484 -0.3469
vn 0.5580 -0.6555 -0.5089
vn 0.5341 -0.3639 -0.7631
vn -0.9210 0.3329 -0.2022
vn 0.7708 -0.3552 -0.5289
vn 0.8747 0.4835 0.0322
vn 0.9749 0.2140 0.0617
vn -0.2567 -0.0513 -0.9651
vn -0.9838 -0.0294 0.1769
vn 0.7326 -0.3758 -0.5675
vn 0.7929 0.1181 -0.5978
vn 0.6651 -0.1666 -0.7279
vn 0.8918 0.2775 -0.3573
vn 0.9731 -0.1476 -0.1766
vn 0.6850 -0.0926 -0.7226
vn 0.9931 0.0339 0.1122
vn 0.9720 0.0378 0.2320
vn -0.0035 -0.7078 0.7064
vn -0.9881 -0.0237 -0.1520
vn -0.0557 -0.9983 -0.0153
vn -0.5406 -0.8357 -0.0965
vn -0.6319 0.7700 -0.0890
vn -0.9688 -0.1862 -0.1634
vn -0.7358 0.6623 -0.1417
vn -0.9200 -0.3217 -0.2238
vn -0.1729 -0.9840 -0.0431
vn 0.0742 -0.9967 -0.0317
vn -0.8139 -0.2072 -0.5428
vn -0.5976 0.7132 -0.3662
vn 0.3211 -0.9470 -0.0122
vn 0.8156 -0.5661 -0.1195
vn 0.0276 0.9986 0.0442
vn 0.5123 0.8483 0.1341
vn 0.9841 -0.0269 0.1758
vn 0.3488 0.9357 0.0528
vn 0.5610 0.8182 0.1259
vn 0.9592 0.2400 0.1492
vn 0.3609 0.9306 0.0621
vn 0.8484 0.4380 -0.2974
vn 0.5330 0.4916 0.6887
vn 0.5832 0.3217 0.7459
vn 0.8698 0.4346 0.2336
vn 0.7925 0.6017 0.0994
vn 0.9034 0.4151 -0.1078
vn 0.8588 0.5032 -0.0961
vn 0.9272 0.3187 0.1969
vn 0.7627 0.3253 0.5591
vn 0.9382 0.3453 0.0247
vn 0.9207 0.3603 0.1503
vn 0.9006 -0.2595 0.3487
vn 0.8960 -0.2405 0.3733
vn 0.9151 -0.0458 0.4007
vn 0.8249 0.5220 -0.2168
vn 0.8870 0.1292 0.4432
vn 0.9139 -0.2365 0.3299
vn 0.9810 0.1780 0.0777
vn 0.9102 0.3664 0.1932
vn 0.9989 0.0453 -0.0130
vn 0.9802 -0.1351 0.1446
vn 0.9491 0.1009 0.2983
vn 0.9493 0.1309 0.2858
vn 0.9904 0.1386 0.0014
vn 0.9971 0.0744 -0.0138
vn -0.0973 0.4088 0.9074
vn 0.6591 -0.0211 -0.7517
vn 0.9749 -0.1958 -0.1065
vn 0.9836 -0.0945 0.1534
vn 0.8696 -0.0236 0.4933
vn -0.0109 -0.0381 -0.9992
vn 0.9801 0.0726 0.1849
vn 0.9577 0.2535 0.1362
vn 0.9904 0.0011 0.1384
vn 0.9933 -0.0990 -0.0590
vn 0.9468 -0.1021 0.3053
vn 0.9551 0.1620 0.2479
vn 0.9992 0.0340 -0.0210
vn 0.7251 -0.6773 0.1248
vn 0.9648 -0.2236 0.1385
vn 0.9840 0.0098 0.1781
vn 0.6430 -0.6347 -0.4286
vn 0.6897 -0.6713 -0.2714
vn 0.8124 -0.5777 -0.0786
vn 0.8180 -0.4747 -0.3250
vn 0.7562 -0.5462 0.3603
vn 0.8754 -0.4214 0.2368
vn 0.9656 -0.2564 -0.0429
vn 0.8132 -0.4310 0.3910
vn 0.8708 -0.4752 0.1260
vn 0.8822 -0.4544 -0.1240
vn 0.9417 -0.2410 -0.2348
vn 0.9086 -0.4165 -0.0296
vn 0.8911 -0.3082 -0.3332
vn 0.9755 0.0789 0.2053
vn 0.9923 -0.1093 -0.0579
vn 0.8810 -0.2305 -0.4131
vn 0.9862 -0.1395 -0.0888
vn 0.8964 -0.4140 0.1582
vn 0.9550 -0.2647 -0.1340
vn 0.6032 0.7875 0.1266
vn 0.7620 -0.6336 0.1339
vn 0.9184 -0.3946 0.0296
vn 0.8505 -0.5250 0.0340
vn 0.8653 0.3799 0.3271
vn 0.8884 -0.4590 -0.0060
vn 0.8717 0.4648 0.1555
vn 0.7445 -0.0528 -0.6655
vn 0.9515 0.3046 -0.0430
vn 0.9192 0.2993 0.2558
vn 0.9099 -0.3604 -0.2053
vn 0.9568 0.2094 0.2017
vn 0.9344 0.1771 0.3089
vn 0.9413 -0.3375 -0.0014
vn 0.9376 0.2343 -0.2569
vn 0.8187 0.0524 -0.5719
vn 0.9872 0.0628 0.1463
vn 0.9755 -0.0341 0.2175
vn 0.9352 0.0840 0.3440
vn 0.9908 -0.0056 0.1353
vn 0.9018 0.3481 -0.2560
vn 0.9785 -0.0321 0.2036
vn 0.9258 -0.3698 0.0782
vn 0.9502 -0.1546 0.2704
vn 0.9855 -0.1547 0.0693
vn 0.9970 -0.0470 -0.0611
vn 0.9360 -0.3228 -0.1403
vn 0.8897 0.1890 -0.4155
vn 0.9564 -0.0603 -0.2858
vn 0.8692 -0.2144 -0.4455
vn 0.6844 -0.6674 -0.2935
vn 0.8354 0.3907 -0.3866
vn 0.8290 -0.5357 -0.1604
vn 0.8880 -0.2819 -0.3633
vn 0.8668 -0.4271 -0.2575
vn 0.8173 -0.1339 -0.5604
vn 0.9470 0.2175 -0.2365
vn 0.9017 -0.3919 -0.1825
vn 0.9476 -0.2663 -0.1765
vn 0.8561 -0.5163 -0.0241
vn 0.9718 0.2066 0.1136
vn 0.9261 0.3306 -0.1818
vn 0.9626 -0.2560 -0.0883
vn 0.9785 -0.1905 -0.0786
vn 0.9832 -0.0763 -0.1658
vn 0.9863 -0.0819 -0.1431
vn 0.9917 0.1027 -0.0777
vn 0.9920 0.0508 -0.1160
vn 0.9602 -0.2053 -0.1894
vn 0.9197 0.3274 0.2167
vn 0.9385 -0.3358 0.0805
vn 0.9986 -0.0079 0.0526
vn 0.9217 -0.3801 -0.0777
vn 0.9438 0.0329 -0.3288
vn 0.9688 0.0275 0.2463
vn 0.9150 -0.3993 0.0571
vn 0.9891 -0.1043 0.1041
vn 0.9811 0.0584 0.1843
vn 0.9813 0.0414 0.1880
vn 0.9700 -0.0018 0.2432
vn -0.8631 -0.1972 0.4649
vn -0.8443 0.3412 0.4132
vn -0.9228 0.1797 0.3407
vn -0.9729 -0.2153 0.0837
vn -0.9302 -0.0395 0.3649
vn -0.1264 0.0803 -0.9887
vn 0.0915 -0.1105 -0.9897
vn 0.2020 -0.0787 -0.9762
vn 0.2700 0.0597 -0.9610
vn -0.4359 0.4472 0.7810
vn 0.0815 -0.1847 -0.9794
vn 0.1149 0.0884 -0.9894
vn -0.4048 -0.2576 0.8774
vn 0.2453 0.1080 -0.9634
vn -0.1857 -0.1867 -0.9647
vn 0.0681 -0.0352 -0.9971
vn 0.1976 -0.2614 -0.9448
vn -0.5013 -0.4882 0.7144
vn 0.2497 0.2418 -0.9376
vn -0.1255 -0.0526 -0.9907
vn 0.2338 0.2756 -0.9324
vn -0.8063 0.1802 -0.5634
vn -0.9298 0.0038 -0.3682
vn -0.5060 -0.1655 -0.8465
vn -0.0542 0.0014 -0.9985
vn -0.0658 -0.2644 -0.9622
vn -0.6037 -0.1671 -0.7795
vn -0.5923 -0.0105 -0.8056
vn -0.0550 -0.0763 -0.9956
vn -0.0061 0.0689 -0.9976
vn -0.3896 -0.3193 -0.8638
vn -0.2421 -0.0894 -0.9661
vn -0.0299 -0.0809 -0.9963
vn -0.1714 -0.3109 0.9348
vn 0.0376 -0.1788 -0.9832
vn -0.8743 0.3834 0.2977
vn 0.0995 -0.4464 -0.8893
vn -0.9785 -0.1025 -0.1792
vn -0.6549 0.7146 0.2458
vn 0.1535 0.1862 -0.9704
vn -0.7975 0.5700 -0.1979
vn -0.7469 0.3329 0.5756
vn -0.9289 0.2151 -0.3014
vn -0.7139 0.2495 -0.6542
vn 0.4175 -0.8694 -0.2644
vn -0.5713 0.4903 -0.6582
vn -0.0415 -0.1084 -0.9932
vn -0.4579 -0.5586 -0.6916
vn -0.6079 0.6981 -0.3782
vn -0.0550 -0.1486 -0.9874
vn -0.0557 -0.4208 -0.9055
vn 0.0591 0.8291 -0.5559
vn -0.0195 -0.5529 -0.8330
vn -0.2862 0.8845 -0.3684
vn 0.1079 -0.0032 -0.9942
vn 0.6076 0.6764 -0.4163
vn -0.1345 -0.2701 -0.9534
vn -0.0782 -0.5979 0.7977
vn -0.0581 0.5728 0.8176
vn -0.0278 0.7292 -0.6838
vn 0.0624 0.4942 -0.8671
vn -0.0301 -0.0734 -0.9968
vn -0.6404 -0.6413 -0.4227
vn -0.4232 -0.8955 0.1377
vn -0.0084 -0.0251 -0.9996
vn 0.0028 -0.1050 -0.9945
vn -0.2487 -0.5995 -0.7608
vn 0.0043 -0.5143 -0.8576
vn -0.4570 -0.8025 -0.3836
vn -0.0088 -0.0064 -0.9999
vn -0.0280 -0.0435 -0.9987
vn -0.0176 -0.1377 -0.9903
vn -0.0027 0.3078 -0.9514
vn -0.0193 -0.1032 -0.9945
vn -0.0875 -0.0780 -0.9931
vn -0.1651 -0.5160 -0.8405
vn 0.4846 0.1889 -0.8541
vn 0.0026 -0.6850 -0.7286
vn -0.2628 -0.7758 0.5736
vn 0.5067 0.7715 0.3848
vn 0.0835 0.9489 -0.3042
vn 0.1448 -0.5564 0.8182
vn -0.0812 -0.6103 -0.7880
vn -0.0901 -0.2457 -0.9651
vn -0.2849 -0.4526 -0.8450
vn -0.0454 -0.1059 -0.9933
vn 0.2750 0.9614 -0.0109
vn -0.1989 -0.4943 -0.8462
vn 0.0254 -0.2403 -0.9704
vn -0.1395 0.4638 -0.8749
vn -0.0866 -0.1477 -0.9852
vn 0.1757 -0.8608 -0.4777
vn -0.0073 -0.1143 -0.9934
vn 0.2222 -0.4761 -0.8509
vn -0.1653 -0.2966 -0.9406
vn 0.3343 -0.5751 0.7466
vn -0.1675 -0.2704 -0.9480
vn 0.0599 -0.6013 -0.7968
vn -0.4631 0.3818 -0.7999
vn -0.4964 -0.1270 -0.8588
vn -0.2929 -0.3565 -0.8872
vn -0.4338 -0.7574 -0.4880
vn 0.0959 -0.6582 -0.7467
vn -0.0058 -0.3908 -0.9205
vn -0.0255 -0.1993 -0.9796
vn 0.1667 0.2586 -0.9515
vn 0.7103 0.5300 -0.4633
vn 0.4332 0.8571 -0.2788
vn -0.0440 -0.0041 -0.9990
vn -0.1651 0.6160 -0.7702
vn 0.5728 0.7777 0.2591
vn -0.0160 -0.1909 -0.9815
vn -0.8018 0.1141 -0.5866
vn -0.9665 -0.1195 -0.2273
vn 0.7250 0.2732 -0.6323
vn 0.7521 -0.1140 -0.6492
vn -0.6393 -0.3765 -0.6705
vn 0.6473 0.0180 -0.7620
vn 0.8404 0.5341 -0.0921
vn 0.4605 -0.2175 0.8606
vn 0.1004 0.0556 -0.9934
vn 0.0439 -0.0728 -0.9964
vn 0.1921 -0.0208 -0.9811
vn 0.2804 -0.2586 -0.9244
vn 0.5310 0.2746 -0.8017
vn 0.7370 -0.1025 0.6681
vn -0.3344 0.0048 0.9424
vn -0.2619 0.2099 0.9420
vn -0.3235 -0.1718 0.9305
vn -0.4340 0.1940 0.8798
vn -0.1423 0.3456 0.9275
vn -0.2748 -0.3531 0.8943
vn -0.8871 -0.2242 0.4035
vn -0.1885 -0.1627 0.9685
vn -0.1930 0.3483 0.9173
vn -0.7307 -0.5731 0.3711
vn -0.1271 0.2600 0.9572
vn -0.0715 0.5016 0.8621
vn -0.1316 -0.2084 0.9691
vn -0.0687 0.3277 0.9423
vn -0.2278 0.5196 0.8235
vn -0.0184 -0.1385 0.9902
vn 0.0847 -0.7271 0.6813
vn -0.1417 0.4631 0.8749
vn -0.1245 0.8705 0.4762
vn 0.1307 0.4397 0.8886
vn 0.0108 0.7508 0.6604
vn 0.0639 -0.0932 0.9936
vn 0.0767 0.2474 0.9659
vn -0.0455 -0.2272 0.9728
vn -0.0118 0.7416 -0.6707
vn 0.1490 -0.4658 0.8722
vn 0.0577 -0.7767 -0.6272
vn 0.4690 0.6510 -0.5968
vn 0.1049 -0.3614 0.9265
vn 0.2201 0.7798 0.5861
vn 0.0285 -0.0174 0.9994
vn 0.1063 0.1412 0.9843
vn 0.1900 0.1582 0.9690
vn 0.0589 -0.0662 0.9961
vn -0.0063 -0.5178 0.8555
vn 0.1394 -0.9598 -0.2436
vn 0.3759 0.8273 -0.4175
vn 0.3550 0.4945 0.7934
vn 0.4748 0.5149 0.7138
vn 0.2285 -0.1821 0.9564
vn 0.1829 -0.3603 0.9147
vn 0.8797 -0.4664 0.0931
vn 0.0783 0.0663 0.9947
vn 0.7881 -0.0023 0.6156
vn 0.1730 -0.0421 0.9840
vn 0.0894 -0.0134 0.9959
vn 0.1162 0.0433 0.9923
vn 0.1356 0.1321 0.9819
vn 0.2749 -0.2742 0.9215
vn 0.6559 -0.4936 0.5711
vn 0.6330 0.4475 0.6316
vn 0.7049 -0.4406 0.5558
vn 0.6104 0.4697 0.6379
vn 0.3875 -0.0323 0.9213
vn 0.5073 0.1328 0.8515
vn 0.4692 -0.0209 0.8828
vn 0.7942 -0.4161 0.4428
vn 0.7866 -0.1017 0.6090
vn 0.8363 0.2734 0.4753
vn 0.6466 0.0810 0.7586
vn -0.9231 -0.3841 -0.0198
vn -0.9645 0.2220 0.1427
vn -0.9939 0.1074 -0.0244
vn -0.8580 0.1155 0.5004
vn -0.9708 -0.0334 0.2375
vn -0.9560 0.1553 0.2489
vn -0.9437 -0.3113 -0.1117
vn -0.9851 0.1336 0.1079
vn -0.7120 -0.4042 0.5741
vn -0.9770 0.1389 0.1617
vn -0.9876 0.1562 -0.0175
vn -0.5431 -0.8254 -0.1542
vn -0.4841 -0.7874 0.3817
vn -0.9974 -0.0190 -0.0699
vn -0.9996 0.0270 0.0110
vn -0.9905 -0.1281 0.0505
vn -0.9981 -0.0147 0.0605
vn -0.9808 0.0117 -0.1949
vn -0.9613 -0.2673 -0.0668
vn -0.5737 0.0464 0.8178
vn -0.8698 -0.4894 -0.0634
vn -0.9336 0.2190 -0.2836
vn -0.9644 -0.2234 0.1416
vn -0.9623 0.2405 -0.1273
vn -0.6151 0.1557 -0.7729
vn -0.7465 -0.3146 0.5863
vn -0.9973 0.0173 0.0714
vn -0.9902 0.1037 0.0940
vn -0.9872 0.1281 0.0954
vn -0.9953 0.0935 0.0265
vn -0.9846 0.1361 -0.1100
vn -0.9573 0.0005 0.2891
vn -0.9991 0.0423 0.0059
vn -0.9938 0.0610 0.0932
vn -0.9833 0.1771 0.0416
vn -0.9943 -0.1066 -0.0085
vn -0.9064 -0.3610 0.2196
vn -0.8110 -0.1627 -0.5620
vn -0.5726 -0.3443 -0.7440
vn -0.6285 0.1668 -0.7597
vn -0.9603 0.1352 -0.2442
vn -0.9878 0.1526 0.0324
vn -0.9554 -0.0841 0.2831
vn -0.9089 0.1937 0.3692
vn -0.8621 -0.4937 -0.1142
vn -0.9092 0.4146 -0.0390
vn -0.8069 0.2077 0.5530
vn -0.9484 0.2928 0.1218
vn -0.9224 0.3825 0.0532
vn -0.9503 0.3030 0.0712
vn -0.7412 0.1985 -0.6413
vn -0.8183 -0.5301 0.2222
vn -0.3658 -0.0146 0.9306
vn -0.3940 -0.9189 -0.0196
vn -0.9136 0.3951 0.0959
vn -0.8804 0.4679 0.0772
vn -0.8927 0.2385 0.3824
vn -0.5743 0.8174 -0.0455
vn -0.8683 -0.4676 -0.1655
vn -0.4742 0.4427 0.7610
vn -0.5628 0.8156 0.1342
vn -0.7832 0.3531 0.5118
vn -0.6229 0.5123 -0.5913
vn -0.3754 0.9262 0.0348
vn -0.6943 -0.5527 0.4609
vn -0.5203 0.8403 0.1521
vn -0.5737 0.4700 0.6708
vn -0.5039 -0.7548 -0.4199
vn -0.6376 -0.0757 0.7666
vn -0.5025 0.0066 0.8645
vn -0.6744 -0.3786 0.6339
vn -0.6781 -0.6019 0.4217
vn -0.6991 0.2787 0.6585
vn -0.5937 -0.6720 0.4427
vn -0.5538 -0.7655 0.3275
vn -0.3835 0.2403 0.8917
vn -0.5717 0.6275 0.5286
vn -0.4593 0.4638 0.7576
vn -0.1477 0.1209 0.9816
vn -0.4138 0.7236 0.5524
vn -0.1094 0.2327 0.9664
vn -0.1657 0.7797 0.6039
vn -0.6894 0.3686 -0.6236
vn -0.1680 -0.0385 -0.9850
vn -0.1852 0.0433 -0.9818
vn -0.4471 0.2233 -0.8662
vn -0.0904 -0.1038 -0.9905
vn -0.0798 -0.1240 -0.9891
vn -0.2881 -0.1068 -0.9516
vn -0.2610 0.1689 -0.9504
vn -0.1131 0.1230 -0.9859
vn -0.4300 0.2895 -0.8551
vn -0.0635 -0.2008 -0.9776
vn -0.3355 0.4568 -0.8239
vn -0.2301 0.4916 -0.8399
vn -0.4823 -0.4970 -0.7214
vn -0.0642 0.1810 -0.9814
vn -0.0084 -0.1147 -0.9934
vn -0.0370 0.1614 -0.9862
vn -0.0792 -0.3468 -0.9346
vn -0.2147 0.5955 -0.7741
vn -0.1988 -0.9470 0.2522
vn 0.0250 -0.5301 -0.8476
vn -0.0436 0.2451 -0.9685
vn 0.0125 0.1101 -0.9938
vn -0.0238 0.1138 -0.9932
vn -0.3001 0.8990 -0.3191
vn -0.2607 0.7614 0.5936
vn 0.0303 -0.2043 -0.9784
vn -0.1416 0.1985 -0.9698
vn 0.0075 0.1310 -0.9914
vn 0.0280 0.3350 -0.9418
vn -0.0293 0.1640 -0.9860
vn 0.0008 0.2313 -0.9729
vn 0.0405 -0.2355 0.9710
vn -0.9808 -0.1868 0.0566
vn 0.0480 0.1304 -0.9903
vn 0.1852 0.2181 -0.9582
vn -0.0071 -0.3489 -0.9371
vn 0.0055 -0.6301 -0.7765
vn 0.5743 0.7292 0.3722
vn 0.1841 -0.1533 -0.9709
vn -0.0928 0.1650 -0.9819
vn 0.0493 -0.2246 0.9732
vn 0.0224 0.1937 -0.9808
vn 0.0091 -0.1556 0.9878
vn 0.0743 0.2492 -0.9656
vn -0.0113 -0.4929 0.8700
vn 0.0935 0.2077 -0.9737
vn 0.7974 -0.4703 0.3781
vn 0.2362 0.8226 -0.5172
vn 0.0331 0.0076 -0.9994
vn 0.0500 -0.8988 -0.4356
vn 0.2400 -0.5141 -0.8235
vn 0.1599 -0.2651 -0.9509
vn 0.1866 0.2624 -0.9467
vn 0.2543 -0.3088 -0.9165
vn 0.1503 0.7999 0.5810
vn 0.0995 0.2450 -0.9644
vn 0.4796 -0.1490 -0.8647
vn 0.5530 0.1573 -0.8182
vn 0.5001 -0.0480 -0.8646
vn 0.2566 -0.1500 -0.9548
vn 0.1633 0.1346 -0.9774
vn 0.2042 0.0128 -0.9788
vn 0.6980 -0.6998 -0.1519
vn 0.2965 -0.1074 -0.9490
vn 0.9828 -0.1459 -0.1129
vn -0.0338 0.0683 -0.9971
vn 0.3175 0.0083 -0.9482
vn 0.4647 -0.1258 -0.8765
vn 0.2336 0.0448 -0.9713
vn 0.2016 -0.0432 -0.9785
vn 0.2672 0.4767 -0.8375
vn 0.2152 -0.1720 -0.9613
vn 0.1514 -0.0129 -0.9884
vn 0.1846 0.0788 -0.9796
vn 0.1771 -0.1666 0.9700
vn 0.4850 0.4656 -0.7403
vn 0.1902 -0.0376 -0.9810
vn 0.7726 0.6345 -0.0234
vn 0.4918 -0.2516 -0.8336
vn 0.1246 -0.0356 0.9916
vn 0.5299 0.0514 -0.8465
vn 0.0740 0.2788 -0.9575
vn 0.1372 0.2480 -0.9590
vn 0.0950 0.2759 -0.9565
vn 0.3000 0.7350 -0.6081
vn -0.0172 0.3363 -0.9416
vn 0.1444 0.2415 -0.9596
vn 0.2157 0.3276 -0.9199
vn 0.1316 0.2493 -0.9595
vn -0.5539 0.6563 0.5123
vn 0.1173 0.1902 -0.9747
vn 0.1392 0.2505 -0.9581
vn 0.2197 0.4042 -0.8879
vn 0.2256 0.3824 0.8960
vn 0.1205 0.2629 -0.9573
vn 0.1466 0.2009 -0.9686
vn 0.1438 0.2437 -0.9591
vn 0.0984 0.3644 -0.9260
vn 0.2711 0.9424 0.1957
vn 0.5860 0.3982 -0.7057
vn 0.1998 0.4552 -0.8677
vn 0.1916 0.6630 -0.7237
vn 0.6044 -0.2406 0.7595
vn -0.0051 0.4686 -0.8834
vn 0.1650 0.4642 -0.8702
vn 0.2575 -0.5152 0.8175
vn 0.1967 -0.4212 0.8854
vn 0.0509 -0.9685 -0.2437
vn 0.0394 -0.9957 -0.0836
vn 0.9621 -0.2683 -0.0485
vn 0.1305 0.2526 -0.9587
vn 0.0755 0.3907 -0.9174
vn 0.0990 0.6091 -0.7869
vn 0.0920 0.9825 -0.1622
vn 0.1000 0.2859 -0.9530
vn 0.1418 -0.6511 -0.7456
vn 0.1425 0.2528 -0.9570
vn 0.0028 0.5116 -0.8592
vn 0.1747 0.1999 -0.9641
vn -0.0092 0.5888 -0.8082
vn 0.1342 0.2746 -0.9522
vn 0.1359 0.2403 -0.9611
vn 0.1225 0.2586 -0.9582
vn 0.0770 0.3753 -0.9237
vn 0.2490 -0.1597 -0.9552
vn 0.5261 0.7158 0.4592
vn -0.0069 0.5303 -0.8478
vn 0.5385 0.3108 -0.7832
vn 0.0039 0.0927 0.9957
vn 0.4666 0.5284 0.7093
vn -0.0982 0.7319 -0.6743
vn 0.1458 0.2335 -0.9614
vn 0.3526 0.3610 -0.8634
vn 0.1066 0.4260 -0.8984
vn 0.0854 0.2231 -0.9711
vn 0.1082 0.3541 -0.9289
vn 0.6491 -0.7442 0.1575
vn 0.6694 0.7413 -0.0477
vn 0.3534 0.1705 -0.9198
vn 0.2227 0.2424 -0.9443
vn 0.3672 0.1143 0.9231
vn 0.5123 0.1168 -0.8508
vn 0.7279 0.1974 -0.6567
vn 0.9026 0.4085 0.1358
vn 0.8507 -0.5003 0.1611
vn 0.7909 -0.1414 -0.5954
vn 0.9736 -0.2188 -0.0655
vn 0.8065 -0.4501 0.3834
vn 0.8621 -0.1175 -0.4929
vn 0.8826 -0.4619 0.0876
vn 0.8652 0.0044 -0.5014
vn 0.9203 -0.3018 -0.2488
vn 0.9624 -0.2686 -0.0406
vn 0.9650 0.2424 -0.1003
vn 0.9883 0.1430 -0.0530
vn 0.9490 0.0613 -0.3092
vn 0.9746 -0.1941 -0.1115
vn 0.9938 -0.0147 0.1102
vn 0.9461 0.2024 0.2529
vn 0.9469 -0.2984 0.1196
vn 0.8450 -0.5277 -0.0865
vn 0.9943 -0.0728 -0.0782
vn 0.9920 -0.1218 0.0330
vn 0.9794 -0.1916 -0.0633
vn 0.9893 0.0468 -0.1385
vn 0.9680 -0.2397 -0.0739
vn 0.9974 -0.0312 0.0642
vn 1.0000 -0.0005 0.0039
vn 0.9979 -0.0068 -0.0649
vn 0.9940 0.0801 -0.0746
vn 0.9930 0.0992 -0.0642
vn 0.8556 -0.0425 0.5159
vn 0.9588 0.2747 0.0724
vn 0.8466 0.2889 -0.4469
vn 0.9959 0.0907 0.0056
vn 0.9763 0.1825 -0.1164
vn 0.9330 -0.3597 0.0081
vn 0.9993 -0.0111 -0.0348
vn 0.9927 0.0630 -0.1032
vn 0.9892 0.0358 -0.1421
vn 0.9714 -0.0784 0.2239
vn 0.8938 -0.2463 0.3748
vn 0.9954 -0.0054 -0.0961
vn 0.9892 0.0383 0.1417
vn 0.9994 -0.0248 -0.0226
vn 0.9973 0.0536 -0.0509
vn 0.9941 -0.0213 -0.1066
vn 0.9971 -0.0578 -0.0496
vn 0.9930 -0.0337 -0.1136
vn -0.4634 0.8831 0.0732
vn -0.3821 0.2924 -0.8767
vn -0.3097 0.7345 -0.6039
vn -0.2261 0.9703 -0.0854
vn -0.0454 0.9116 -0.4087
vn -0.2389 0.9087 -0.3423
vn -0.0603 0.9627 -0.2639
vn -0.2612 -0.6368 0.7254
vn -0.2701 -0.9628 0.0022
vn -0.4832 -0.6292 0.6088
vn -0.0974 -0.9700 0.2228
vn -0.0455 -0.9890 -0.1404
vn -0.5097 -0.8596 -0.0367
vn -0.0732 -0.9919 -0.1041
vn -0.1931 -0.9793 -0.0608
vn -0.2763 -0.9590 0.0629
vn -0.3390 -0.7955 0.5023
vn -0.0628 -0.9927 0.1034
vn -0.0795 -0.9961 0.0391
vn -0.0311 -0.9990 0.0312
vn -0.3280 -0.6374 0.6973
vn -0.5138 -0.8573 0.0316
vn 0.0277 -0.9954 -0.0916
vn -0.3128 -0.9274 0.2049
vn -0.2090 -0.9450 0.2514
vn 0.0013 -0.9992 -0.0387
vn -0.2536 -0.8724 0.4179
vn -0.0018 -0.9973 0.0730
vn -0.0437 -0.9271 0.3722
vn 0.2459 -0.9399 0.2368
vn -0.1032 -0.9921 0.0716
vn 0.0125 -0.9983 -0.0562
vn 0.0189 -0.9967 0.0787
vn 0.1320 -0.9912 0.0060
vn -0.0405 -0.6149 0.7875
vn 0.0154 -0.9877 0.1559
vn 0.0495 -0.9789 0.1982
vn 0.0768 -0.9643 0.2536
vn 0.1320 -0.9686 0.2107
vn 0.0772 -0.9952 0.0604
vn 0.1244 -0.9912 -0.0443
vn 0.2655 -0.9584 0.1043
vn 0.4087 -0.8710 0.2725
vn 0.1560 -0.8124 0.5619
vn 0.3464 -0.9334 0.0940
vn 0.4857 -0.8740 -0.0176
vn 0.5033 -0.8638 0.0227
vn 0.5204 -0.8537 0.0172
vn 0.3802 -0.9161 0.1274
vn 0.1684 -0.9298 0.3273
vn 0.1834 -0.7674 0.6144
vn 0.7871 -0.6156 0.0399
vn 0.7792 -0.6201 -0.0915
vn 0.4213 -0.9032 0.0823
vn 0.3795 -0.9245 0.0363
vn 0.2217 -0.5212 0.8241
vn 0.6344 -0.7669 0.0967
vn 0.2352 -0.6972 0.6772
vn 0.4847 -0.7611 0.4311
vn 0.6757 -0.7282 0.1147
vn 0.2374 -0.3329 0.9126
vn 0.7927 -0.5774 0.1953
vn 0.7685 -0.5773 0.2760
vn 0.4649 -0.3386 0.8181
vn 0.7068 -0.4485 0.5471
vn -0.0945 0.0855 0.9918
vn -0.1355 0.2727 0.9525
vn -0.0170 0.0549 0.9983
vn -0.1367 0.8726 0.4689
vn -0.0491 0.4682 0.8822
vn 0.0276 0.2675 0.9632
vn -0.0247 0.8214 0.5699
vn 0.0008 0.0601 0.9982
vn -0.0053 0.0661 0.9978
vn 0.2056 0.0245 0.9783
vn 0.0188 0.3056 0.9520
vn 0.0884 0.1274 0.9879
vn 0.0868 0.8304 0.5504
vn 0.0252 0.0069 0.9997
vn 0.0770 0.1762 0.9813
vn -0.1517 -0.0640 0.9863
vn -0.0855 0.1239 0.9886
vn 0.1126 0.1589 0.9808
vn 0.1595 -0.3815 0.9105
vn 0.1675 0.3586 0.9184
vn 0.1259 0.0774 0.9890
vn -0.4956 -0.6573 0.5677
vn 0.0305 0.0644 0.9975
vn 0.2169 0.1683 0.9616
vn 0.9712 -0.1712 0.1657
vn 0.2116 0.9097 -0.3572
vn 0.5647 0.6264 -0.5373
vn 0.2462 0.8349 0.4922
vn 0.2099 -0.2990 0.9309
vn 0.1956 0.0258 0.9803
vn 0.1949 0.1041 0.9753
vn 0.2079 0.2287 0.9510
vn 0.3509 -0.1149 0.9293
vn 0.3473 0.3452 0.8719
vn 0.3142 0.0672 0.9470
vn 0.4035 0.6844 0.6073
vn 0.4461 -0.1072 0.8885
vn 0.3008 0.1130 0.9470
vn 0.4735 0.0405 0.8799
vn 0.5066 0.3468 0.7893
vn -0.9241 0.2479 -0.2908
vn -0.9794 -0.0156 0.2014
vn -0.6744 0.1518 0.7226
vn -0.8514 0.4217 0.3120
vn -0.6642 -0.1986 0.7207
vn -0.2547 -0.0309 0.9665
vn -0.5531 0.2226 0.8028
vn -0.6528 -0.7482 0.1185
vn 0.2426 0.2080 0.9476
vn -0.5959 0.6134 0.5183
vn 0.3248 0.0219 0.9455
vn -0.1812 -0.2264 0.9570
vn 0.2684 -0.2281 0.9359
vn -0.3538 -0.7770 0.5207
vn 0.3798 -0.4210 0.8237
vn 0.4799 0.1176 0.8694
vn 0.2030 0.2012 0.9583
vn 0.4333 -0.0679 0.8987
vn 0.1512 0.2989 0.9422
vn 0.0979 0.0263 0.9948
vn 0.2478 -0.1608 0.9554
vn 0.0324 -0.6223 0.7821
vn -0.1104 -0.3385 0.9345
vn 0.0292 0.0824 0.9962
vn 0.1233 0.2646 0.9564
vn -0.0617 -0.6133 0.7874
vn -0.0027 0.0239 0.9997
vn -0.0046 -0.0300 0.9995
vn -0.1455 -0.5340 -0.8328
vn 0.1641 0.4917 0.8552
vn -0.3265 -0.5755 0.7498
vn -0.0479 -0.1127 0.9925
vn 0.0647 0.1737 0.9827
vn 0.0415 0.4783 0.8772
vn -0.0114 -0.9994 0.0321
vn 0.0146 0.2457 0.9692
vn 0.1058 -0.5386 0.8359
vn 0.2218 -0.6033 0.7660
vn -0.0783 0.4821 0.8726
vn -0.0056 0.1161 0.9932
vn -0.2158 0.2305 0.9489
vn -0.1856 0.3581 0.9150
vn 0.1791 -0.8728 -0.4540
vn -0.3538 0.2841 0.8911
vn 0.0371 0.0603 0.9975
vn -0.1627 0.5987 0.7842
vn 0.3298 -0.4411 0.8347
vn 0.1792 -0.3283 0.9274
vn -0.5965 -0.0860 0.7980
vn 0.5735 -0.0827 0.8150
vn 0.2677 -0.1098 0.9572
vn 0.3665 -0.8865 -0.2826
vn -0.1048 0.2504 0.9624
vn 0.2506 -0.1738 0.9523
vn 0.4218 -0.5525 0.7189
vn -0.5356 -0.2166 0.8162
vn -0.6329 0.3439 0.6937
vn -0.3023 0.7040 0.6426
vn -0.6335 0.5569 0.5372
vn 0.5973 -0.6154 0.5142
vn 0.5707 -0.2384 0.7858
vn -0.8325 0.5537 0.0179
vn -0.2688 -0.6266 0.7316
vn -0.8973 -0.4411 -0.0184
vn 0.0063 -0.1262 0.9920
vn -0.6742 0.3875 0.6288
vn -0.7252 -0.0036 0.6885
vn 0.7474 -0.4041 0.5274
vn 0.6462 -0.1199 0.7537
vn 0.7063 -0.4747 0.5251
vn -0.9830 -0.1081 -0.1484
vn 0.9118 -0.0208 0.4100
vn -0.9640 -0.0202 0.2653
vn -0.9981 0.0566 0.0248
vn -0.9984 -0.0210 -0.0517
vn -0.6897 0.0209 0.7238
vn -0.9386 0.3032 0.1647
vn -0.9947 0.0479 0.0908
vn -0.9793 -0.1931 -0.0605
vn -0.9932 0.1161 -0.0045
vn -0.9981 -0.0623 0.0025
vn -0.9900 0.0333 -0.1369
vn -0.9975 -0.0700 -0.0106
vn -0.6232 0.1974 0.7567
vn -0.8023 -0.3724 0.4665
vn -0.9904 -0.1135 -0.0783
vn -0.8917 0.1126 -0.4383
vn -0.7990 0.0178 -0.6011
vn -0.5435 -0.0754 0.8360
vn -0.8980 0.0252 0.4393
vn -0.9952 -0.0487 -0.0854
vn -0.9962 0.0762 -0.0423
vn -0.8918 0.4502 -0.0455
vn -0.9797 -0.1680 -0.1093
vn -0.9736 0.2204 -0.0592
vn -0.3381 -0.8518 0.4003
vn -0.8238 -0.5633 0.0643
vn -0.8677 0.4969 0.0149
vn -0.9367 -0.3307 -0.1148
vn -0.9298 -0.3573 -0.0888
vn -0.9957 -0.0279 -0.0886
vn -0.9870 -0.1602 -0.0100
vn -0.9097 0.0033 -0.4152
vn -0.9208 -0.3831 -0.0736
vn -0.8718 0.4898 0.0073
vn -0.8235 -0.1636 -0.5432
vn -0.9983 -0.0347 -0.0478
vn -0.8746 -0.4208 -0.2408
vn -0.8396 0.4982 -0.2166
vn -0.5136 0.4716 -0.7168
vn -0.9025 -0.4284 -0.0451
vn -0.3234 -0.9412 0.0977
vn -0.6962 -0.7132 -0.0818
vn -0.3519 0.9312 0.0955
vn -0.3449 -0.9376 -0.0440
vn -0.5452 -0.1856 -0.8175
vn -0.3007 -0.9499 -0.0854
vn -0.5808 -0.6110 -0.5380
vn -0.4758 -0.2657 -0.8385
vn -0.4033 -0.3755 -0.8345
vn -0.2369 -0.2626 -0.9354
vn -0.1438 -0.3202 -0.9364
vn -0.4297 -0.0094 -0.9029
vn -0.0884 -0.2960 -0.9511
vn -0.5731 0.2690 -0.7741
vn -0.1323 -0.2432 -0.9609
vn -0.6671 0.6834 -0.2966
vn -0.3820 0.2300 -0.8951
vn -0.1382 -0.3295 -0.9340
vn -0.0921 -0.2911 -0.9522
vn -0.2629 0.2866 -0.9213
vn -0.3365 0.9417 0.0024
vn -0.1003 -0.2499 -0.9630
vn -0.2387 0.3662 -0.8994
vn -0.0920 0.3432 -0.9347
vn -0.1258 0.4577 -0.8802
vn -0.1015 -0.2896 -0.9517
vn -0.0884 -0.2931 -0.9520
vn -0.0842 0.2095 -0.9742
vn -0.0739 -0.2683 -0.9605
vn -0.1033 -0.2832 -0.9535
vn 0.1495 0.7138 -0.6842
vn 0.0829 0.5374 -0.8393
vn -0.0761 -0.3328 -0.9399
vn 0.0686 0.0426 -0.9967
vn -0.0735 -0.2696 -0.9602
vn 0.2762 0.3851 -0.8806
vn -0.0369 -0.2934 -0.9553
vn 0.3101 0.4934 -0.8126
vn -0.0551 -0.2597 -0.9641
vn 0.2229 -0.0207 -0.9746
vn 0.0792 -0.3889 -0.9179
vn 0.4094 0.2212 -0.8851
vn 0.6974 0.7154 0.0432
vn 0.2482 -0.1994 -0.9480
vn 0.5301 0.0835 -0.8438
vn 0.8300 0.4210 -0.3658
vn 0.9498 0.1909 -0.2477
vn 0.8109 -0.4469 -0.3778
vn 0.1990 -0.2956 -0.9344
vn 0.4954 -0.0859 -0.8644
vn 0.9682 0.0126 0.2500
vn -0.1369 0.9825 0.1263
vn -0.1268 0.9886 0.0814
vn -0.0008 0.9972 0.0744
vn 0.0219 0.9964 0.0814
vn -0.0052 0.9893 0.1461
vn -0.0584 0.9912 -0.1190
vn -0.0079 0.9841 -0.1774
vn 0.0566 0.9860 0.1569
vn 0.0803 0.9949 0.0615
vn -0.0044 1.0000 -0.0031
vn 0.0209 0.9860 0.1653
vn 0.0345 0.9990 0.0270
vn 0.0278 0.9942 -0.1040
vn -0.1185 0.8173 0.5639
vn -0.0641 0.9796 -0.1907
vn -0.0151 0.9954 0.0941
vn -0.0988 0.9938 -0.0513
vn -0.0014 0.9969 0.0788
vn -0.0425 0.9862 0.1598
vn -0.1408 0.9900 0.0024
vn -0.0466 0.9953 -0.0844
vn -0.4094 0.9053 0.1131
vn -0.1497 0.9858 0.0756
vn 0.1709 0.9287 -0.3291
vn -0.7814 0.6194 -0.0756
vn -0.1358 0.8356 0.5323
vn -0.2890 0.9213 0.2603
vn 0.0413 0.9983 -0.0412
vn -0.0606 0.9981 -0.0092
vn -0.0826 0.9966 0.0082
vn 0.0027 0.7793 0.6266
vn -0.0979 0.9404 0.3256
vn -0.0434 0.9990 0.0080
vn 0.0549 0.9859 0.1582
vn -0.1391 0.9890 0.0501
vn -0.1197 0.9913 0.0552
vn 0.0869 0.9493 0.3022
vn 0.1283 0.9361 0.3276
vn -0.0004 0.9799 0.1996
vn 0.3190 0.7727 0.5487
vn 0.1729 0.9404 -0.2928
vn 0.1764 0.9838 0.0315
vn 0.1776 0.9659 -0.1883
vn 0.3443 0.8540 0.3900
vn 0.1767 0.9799 0.0929
vn 0.2648 0.9525 -0.1505
vn 0.4739 0.8458 -0.2452
vn 0.4830 0.5505 0.6809
vn 0.4255 0.8929 0.1473
vn 0.2391 0.6872 0.6860
vn 0.4805 0.8675 -0.1291
vn 0.5590 0.7864 -0.2629
vn 0.8011 0.5556 -0.2225
vn 0.7812 0.6066 0.1477
vn 0.6987 0.6288 0.3412
vn 0.6720 0.4886 0.5564
vn 0.8460 0.4462 -0.2919
vn 0.9407 0.3055 -0.1473
vn 0.8662 0.4985 0.0329
vn 0.7102 0.2502 0.6580
vn -0.1677 0.1195 0.9786
vn -0.1426 0.1297 0.9812
vn -0.2036 -0.4881 0.8487
vn -0.0881 0.0654 0.9940
vn -0.4156 0.6633 0.6224
vn 0.0097 0.3091 0.9510
vn -0.0480 0.8806 0.4714
vn -0.0567 -0.0959 0.9938
vn 0.0016 -0.7183 0.6958
vn 0.0902 -0.4326 0.8971
vn -0.0200 0.0525 0.9984
vn 0.0554 -0.0570 0.9968
vn 0.0425 0.0920 0.9949
vn 0.0606 0.5524 0.8314
vn 0.0469 0.2694 0.9619
vn 0.0706 -0.7467 0.6614
vn 0.0611 0.0430 0.9972
vn 0.1937 0.0407 0.9802
vn 0.1007 -0.3661 0.9251
vn 0.1913 -0.0990 0.9765
vn 0.0969 -0.0351 0.9947
vn 0.1576 0.0593 0.9857
vn 0.0788 0.1969 0.9773
vn 0.0576 -0.0637 0.9963
vn 0.0690 0.3875 0.9193
vn -0.0069 0.8892 0.4575
vn 0.0908 -0.0646 0.9938
vn 0.1401 0.1910 0.9715
vn 0.0845 -0.7078 0.7013
vn 0.0696 -0.0004 0.9976
vn 0.1049 -0.3364 0.9359
vn 0.0443 0.4011 0.9150
vn 0.0380 0.0035 0.9993
vn 0.0202 0.7656 0.6430
vn 0.0843 0.1680 0.9822
vn 0.0936 -0.1043 0.9901
vn 0.1482 -0.7716 0.6186
vn 0.0768 0.0564 0.9955
vn 0.0863 0.3169 0.9445
vn 0.1385 0.5579 0.8182
vn 0.2276 -0.3966 0.8893
vn 0.2097 -0.0619 0.9758
vn 0.1199 0.1969 0.9731
vn 0.5987 -0.5812 0.5512
vn 0.2165 0.0263 0.9759
vn 0.3791 -0.2687 0.8855
vn 0.4968 -0.8197 0.2850
vn 0.3059 0.5449 0.7807
vn 0.4950 -0.1783 0.8504
vn 0.4391 0.0444 0.8974
vn 0.5907 -0.0557 0.8049
vn 0.4571 0.2829 0.8432
vn 0.6099 -0.4503 0.6521
vn 0.7183 -0.1559 0.6780
vn -0.2834 0.9578 -0.0478
vn -0.2536 0.9597 0.1213
vn -0.2417 0.9554 -0.1694
vn 0.0102 0.9920 0.1256
vn 0.0214 0.9965 0.0809
vn 0.0311 0.9495 -0.3123
vn -0.0219 0.7767 -0.6295
vn -0.0258 0.9957 -0.0891
vn -0.0281 0.9967 -0.0762
vn -0.0637 0.7835 -0.6181
vn 0.0193 0.9619 0.2727
vn -0.1120 0.9934 -0.0242
vn -0.0293 0.9854 0.1680
vn -0.1434 0.7773 -0.6126
vn 0.0432 0.9975 0.0554
vn -0.0151 0.9957 -0.0916
vn -0.0648 0.9941 -0.0875
vn -0.0468 0.9983 -0.0338
vn -0.0818 0.9744 0.2094
vn -0.1422 0.9895 -0.0277
vn -0.4631 0.8495 0.2528
vn -0.5114 0.8536 0.0994
vn -0.4083 0.8698 0.2770
vn 0.0225 0.9309 -0.3646
vn -0.0026 0.9911 -0.1333
vn 0.1786 0.9485 0.2615
vn -0.1100 0.9743 0.1964
vn -0.1306 0.9037 -0.4078
vn -0.0632 0.6462 -0.7605
vn -0.0048 0.9947 0.1023
vn -0.1948 0.9786 -0.0664
vn 0.0262 0.9996 -0.0114
vn -0.0213 0.9956 0.0913
vn -0.1054 0.9919 -0.0709
vn -0.1928 0.9812 -0.0107
vn -0.0915 0.9892 0.1148
vn 0.0243 0.9712 -0.2371
vn -0.1573 0.9818 0.1067
vn -0.0648 0.9976 -0.0248
vn 0.0972 0.9947 -0.0331
vn -0.0719 0.5996 -0.7971
vn -0.2458 0.9692 -0.0180
vn -0.1466 0.9863 0.0758
vn -0.0456 0.9269 0.3726
vn -0.1759 0.9764 0.1255
vn 0.2000 0.7252 -0.6588
vn 0.2868 0.9091 -0.3020
vn 0.0254 0.9991 -0.0331
vn 0.2530 0.9460 -0.2029
vn 0.1089 0.9706 0.2146
vn -0.0393 0.9672 -0.2511
vn 0.2841 0.8407 -0.4609
vn 0.5629 0.8082 -0.1732
vn 0.7646 0.4875 -0.4217
vn 0.2742 0.9397 0.2045
vn 0.3669 0.8943 -0.2560
vn 0.7967 0.6044 -0.0024
vn 0.5462 0.6869 0.4794
vn 0.4031 0.6594 -0.6346
vn 0.1927 0.8703 0.4534
vn -0.4333 0.0255 -0.9009
vn -0.3922 0.0334 -0.9193
vn -0.2948 0.1599 -0.9421
vn -0.1318 0.0465 -0.9902
vn -0.0779 0.4254 -0.9017
vn -0.1797 -0.0060 -0.9837
vn -0.1522 -0.3075 -0.9393
vn -0.1313 0.1291 -0.9829
vn -0.0489 0.0893 -0.9948
vn -0.1477 -0.8519 -0.5025
vn -0.0506 -0.0850 -0.9951
vn -0.0844 0.3585 -0.9297
vn -0.0721 -0.6940 -0.7163
vn -0.0447 0.0331 -0.9985
vn -0.0735 -0.3056 -0.9493
vn -0.0468 0.0476 -0.9978
vn -0.0215 -0.0707 -0.9973
vn -0.0727 -0.7778 -0.6244
vn -0.0769 -0.0412 -0.9962
vn -0.0738 0.1986 -0.9773
vn -0.1029 0.0323 -0.9942
vn -0.0711 -0.3068 -0.9491
vn -0.1302 0.0771 -0.9885
vn 0.0310 -0.8390 -0.5433
vn 0.1448 -0.5466 -0.8248
vn -0.0744 -0.1037 -0.9918
vn -0.0908 0.1588 -0.9831
vn 0.0281 0.4117 -0.9109
vn -0.5237 -0.1744 -0.8339
vn -0.7979 0.3348 -0.5013
vn -0.1368 0.5212 -0.8424
vn -0.1204 -0.0644 -0.9906
vn -0.2592 -0.8899 -0.3753
vn 0.3239 -0.3813 -0.8659
vn 0.3221 -0.1588 -0.9333
vn 0.6774 -0.5380 -0.5018
vn 0.3279 -0.0106 -0.9447
vn 0.2759 0.2730 -0.9216
vn 0.4109 0.3602 -0.8375
vn 0.7838 0.3615 -0.5050
vn 0.5034 0.2295 -0.8330
vn 0.7777 0.4061 -0.4799
vn 0.7475 -0.1343 -0.6506
vn 0.8431 0.3150 -0.4358
vn -0.1066 -0.2364 0.9658
vn -0.1090 -0.3203 0.9410
vn -0.1629 -0.1561 0.9742
vn -0.0899 -0.1190 0.9888
vn -0.6838 -0.2094 0.6990
vn -0.6581 0.6869 0.3084
vn -0.9303 -0.3275 0.1653
vn -0.9832 0.1306 0.1276
vn -0.1670 -0.4263 0.8890
vn -0.0218 -0.1165 0.9930
vn -0.1159 -0.3013 0.9465
vn -0.1627 0.2798 0.9462
vn -0.3090 0.0566 0.9494
vn -0.0371 -0.3143 0.9486
vn -0.0651 -0.3221 0.9445
vn 0.0699 -0.7765 -0.6263
vn -0.0811 0.3367 0.9381
vn -0.2493 0.3363 0.9082
vn 0.0118 -0.0948 0.9954
vn -0.1723 0.0611 0.9832
vn 0.1808 -0.9105 0.3720
vn -0.0333 -0.2730 0.9614
vn 0.0268 0.2145 0.9764
vn -0.1041 0.2951 0.9498
vn -0.0241 -0.2960 0.9549
vn 0.0927 0.7311 0.6760
vn -0.1258 0.0724 0.9894
vn 0.0354 0.7307 0.6817
vn 0.0323 -0.5653 -0.8243
vn -0.0057 -0.2629 0.9648
vn 0.2662 0.5675 0.7792
vn 0.0143 -0.6489 0.7608
vn 0.0886 0.2364 0.9676
vn -0.0816 0.1873 0.9789
vn 0.0434 -0.1767 0.9833
vn 0.1155 -0.2609 0.9584
vn 0.2092 0.1360 0.9684
vn 0.1378 0.0246 0.9902
vn 0.0944 -0.1660 0.9816
vn 0.3390 -0.6315 -0.6974
vn 0.8028 0.5593 0.2065
vn 0.7933 -0.3698 -0.4837
vn 0.1425 -0.0818 0.9864
vn 0.3316 0.1708 0.9278
vn 0.1220 -0.0007 0.9925
vn -0.0037 -0.1522 0.9883
vn 0.7277 0.0648 0.6828
vn 0.1042 -0.1839 0.9774
vn 0.2179 0.0161 0.9758
vn 0.4448 0.1137 0.8884
vn 0.1667 -0.0781 0.9829
vn 0.2395 -0.1543 0.9585
vn 0.6121 -0.2594 0.7470
vn 0.4028 -0.0982 0.9100
vn 0.4386 -0.2286 0.8691
vn -0.0382 -0.9972 -0.0644
vn -0.1351 -0.9896 0.0502
vn -0.0409 -0.9665 0.2533
vn -0.0069 -0.9998 0.0165
vn -0.0224 -0.9984 0.0516
vn 0.0098 -0.9999 -0.0029
vn -0.0866 -0.9813 -0.1719
vn 0.0475 -0.9979 -0.0441
vn 0.0578 -0.9684 0.2428
vn 0.0493 -0.9970 -0.0590
vn 0.0435 -0.9986 0.0299
vn 0.0016 -0.9966 -0.0818
vn 0.0631 -0.9953 -0.0739
vn 0.1093 -0.9910 0.0773
vn 0.1370 -0.9883 -0.0674
vn 0.0881 -0.9941 -0.0630
vn 0.1103 -0.9853 0.1303
vn 0.3128 -0.9497 -0.0148
vn 0.0943 -0.9921 -0.0832
vn 0.2676 -0.9491 -0.1660
vn 0.3387 -0.9174 0.2090
vn 0.2337 -0.9047 0.3561
vn 0.2306 -0.9693 0.0858
vn 0.1497 -0.9802 0.1296
vn 0.3853 -0.8324 -0.3983
vn 0.4609 -0.8583 -0.2257
vn 0.5341 -0.8447 0.0332
vn 0.7642 -0.6307 -0.1354
vn 0.4905 -0.8352 0.2487
vn 0.7154 -0.6038 -0.3516
vn 0.5172 -0.8333 -0.1954
vn 0.7071 -0.6925 0.1431
vn 0.6217 -0.7830 -0.0208
vn -0.9590 -0.0437 -0.2801
vn -0.5115 0.7001 0.4983
vn -0.4273 0.7900 0.4396
vn -0.2159 0.9754 0.0435
vn -0.2199 0.7393 0.6365
vn -0.1425 0.9898 -0.0021
vn -0.0206 0.8964 0.4428
vn -0.2206 0.9555 0.1958
vn -0.0057 0.3291 0.9443
vn 0.0386 0.9916 0.1237
vn -0.0103 0.9877 -0.1561
vn 0.1799 0.9538 0.2406
vn 0.1340 0.9844 0.1139
vn 0.1531 0.6154 0.7732
vn 0.2554 0.9642 -0.0720
vn 0.1995 0.9418 -0.2707
vn 0.3566 0.9028 0.2404
vn 0.4120 0.8976 -0.1565
vn 0.4454 0.8525 0.2736
vn 0.4290 0.7945 0.4298
vn 0.3655 0.9099 0.1963
vn 0.6172 0.7790 0.1106
vn 0.6526 0.7575 0.0175
vn 0.5509 0.6270 0.5507
vn 0.7126 0.7000 0.0467
vn 0.7000 0.6750 0.2331
vn -0.3952 0.4852 0.7800
vn -0.9430 0.3322 0.0181
vn 0.7476 0.6529 0.1216
vn -0.9879 -0.1290 -0.0867
vn -0.9111 -0.4100 -0.0428
vn -0.9331 0.3422 0.1101
vn -0.7912 -0.5798 -0.1946
vn -0.5402 -0.8099 -0.2286
vn -0.4175 -0.8884 -0.1910
vn -0.2499 -0.9352 -0.2509
vn -0.6647 0.7421 0.0860
vn -0.4801 0.7161 0.5066
vn -0.4042 0.8477 0.3435
vn 0.0268 0.4001 0.9161
vn 0.1933 0.9486 0.2506
vn 0.7753 0.5500 0.3104
vn 0.4181 0.5119 0.7504
vn 0.4480 0.8740 0.1884
vn 0.1728 0.5565 0.8127
vn 0.1899 0.9515 0.2419
vn 0.1831 0.5218 0.8332
vn 0.1904 0.9577 -0.2158
vn -0.1216 0.9783 -0.1675
vn -0.3647 0.7076 0.6052
vn -0.4905 0.8472 0.2044
vn -0.3691 0.3735 0.8511
vn -0.7760 0.4024 0.4857
vn -0.9731 0.2302 -0.0125
vn -0.9921 0.0691 -0.1045
vn -0.9932 -0.0844 0.0804
vn -0.9184 0.3851 -0.0907
vn -0.9727 -0.1275 -0.1939
vn -0.9664 0.0528 0.2515
vn -0.9722 -0.1141 0.2042
vn -0.6244 -0.0327 0.7804
vn -0.9949 -0.0066 -0.1003
vn -0.9820 0.1829 -0.0463
vn -0.9932 -0.0869 -0.0777
vn -0.9417 0.0520 -0.3324
vn -0.9741 -0.2261 -0.0066
vn -0.9107 -0.3755 0.1720
vn -0.9731 -0.2297 -0.0178
vn -0.9946 -0.0606 -0.0846
vn -0.9995 0.0284 -0.0141
vn -0.7980 0.4616 0.3875
vn -0.9985 -0.0553 -0.0035
vn -0.9409 -0.3351 -0.0496
vn -0.9994 -0.0193 -0.0291
vn -0.9813 0.1810 0.0649
vn -0.6529 0.7521 -0.0902
vn -0.7568 -0.1376 0.6390
vn -0.4052 0.2172 0.8881
vn -0.9015 0.4324 0.0184
vn -0.7779 0.6279 -0.0233
vn -0.9195 -0.3314 -0.2117
vn -0.5529 -0.3462 -0.7579
vn -0.5776 0.8120 0.0839
vn -0.8230 -0.5681 -0.0049
vn -0.8043 -0.5352 -0.2582
vn -0.6583 -0.5600 0.5031
vn -0.8225 -0.5641 -0.0725
vn -0.5421 0.7852 0.2993
vn -0.5177 0.8506 -0.0919
vn -0.3355 -0.2443 0.9098
vn -0.4256 -0.8972 0.1182
vn -0.2195 -0.9756 -0.0035
vn -0.1737 -0.4679 0.8665
vn -0.2810 0.3745 0.8836
vn -0.1449 0.0036 0.9894
vn -0.1295 0.1236 0.9838
vn -0.0697 0.2679 0.9609
vn -0.1159 0.6009 0.7909
vn 0.0041 -0.2209 0.9753
vn -0.2173 -0.8657 0.4510
vn -0.0072 0.1311 0.9913
vn 0.0487 0.0840 0.9953
vn -0.0029 -0.6166 0.7873
vn -0.0291 0.4778 0.8780
vn 0.0574 -0.0141 0.9983
vn -0.1095 0.9697 0.2184
vn 0.0565 -0.2879 0.9560
vn 0.0816 0.3213 0.9435
vn -0.0122 -0.6274 0.7786
vn 0.0563 0.8332 0.5501
vn 0.0382 0.4292 0.9024
vn -0.6099 0.3885 0.6907
vn -0.1422 -0.1273 0.9816
vn 0.1827 0.0620 0.9812
vn 0.0540 -0.1804 0.9821
vn 0.0816 -0.0225 0.9964
vn 0.2329 0.7247 0.6486
vn 0.4610 -0.3640 0.8093
vn 0.2830 0.2044 0.9371
vn 0.9838 0.1726 -0.0490
vn 0.3482 0.1722 0.9215
vn 0.3379 0.1652 0.9266
vn -0.0445 -0.9526 0.3008
vn 0.0861 -0.9307 0.3556
vn 0.1350 -0.3492 0.9273
vn 0.2652 -0.6137 0.7437
vn 0.2913 0.4541 0.8420
vn 0.2484 0.0797 0.9654
vn 0.1970 -0.0348 0.9798
vn 0.4201 -0.3166 0.8505
vn 0.4997 -0.6234 0.6014
vn 0.4928 0.3922 0.7768
vn 0.4075 0.0280 0.9128
vn 0.4126 0.1771 0.8935
vn 0.5341 0.2551 0.8060
vn 0.6634 -0.2121 0.7175
vn 0.6319 0.5670 0.5284
vn 0.7718 0.3437 0.5350
vn 0.6957 0.0478 0.7167
vn -0.2391 0.4540 0.8583
vn 0.0691 0.1513 0.9861
vn -0.0198 0.0758 0.9969
vn 0.0518 0.1610 0.9856
vn -0.5499 -0.6425 0.5337
vn -0.0568 0.1614 0.9853
vn 0.6495 -0.3856 0.6553
vn 0.2391 -0.9243 0.2974
vn 0.2520 -0.6475 0.7192
vn -0.0329 0.0602 0.9976
vn 0.1588 0.4083 0.8990
vn 0.6622 -0.1667 0.7306
vn 0.1050 0.0679 0.9922
vn 0.9397 0.2479 0.2356
vn -0.0220 0.0314 0.9993
vn 0.4098 -0.0571 0.9104
vn -0.0131 -0.0229 0.9997
vn 0.8481 -0.1361 0.5121
vn -0.0021 -0.0137 0.9999
vn -0.3622 -0.5030 -0.7847
vn -0.1613 -0.6241 -0.7645
vn -0.1863 -0.9724 -0.1405
vn -0.0966 -0.9851 0.1426
vn -0.0255 -0.3725 -0.9277
vn -0.0404 -0.9982 -0.0446
vn -0.0033 -0.9643 -0.2647
vn 0.0928 -0.5470 -0.8319
vn 0.1383 -0.3229 -0.9363
vn 0.0452 -0.6251 -0.7792
vn 0.0107 -0.9400 -0.3410
vn 0.0269 -0.3412 -0.9396
vn -0.0605 -0.9981 0.0100
vn -0.0253 -0.9966 -0.0786
vn 0.0398 -0.5001 -0.8651
vn 0.0541 -0.9984 -0.0176
vn 0.0182 -0.9997 -0.0145
vn -0.0359 -0.3197 -0.9469
vn 0.1845 -0.9573 -0.2225
vn 0.3283 -0.9020 0.2804
vn 0.1290 -0.7572 -0.6403
vn 0.1059 -0.9935 -0.0414
vn 0.2094 -0.9727 0.0999
vn 0.2488 -0.3486 -0.9036
vn 0.3309 -0.5341 -0.7780
vn 0.7221 -0.6848 -0.0986
vn 0.7495 -0.6248 -0.2186
vn 0.3711 -0.9285 -0.0098
vn 0.7290 -0.6384 0.2468
vn 0.8156 -0.5766 0.0474
vn 0.7684 -0.3456 -0.5387
vn 0.7378 -0.1134 -0.6654
vn -0.2204 0.9754 -0.0015
vn -0.1767 0.9785 0.1060
vn -0.2537 0.9572 -0.1391
vn -0.2224 0.9733 -0.0575
vn -0.1529 0.9861 0.0652
vn -0.0257 0.9994 0.0233
vn -0.0689 0.9973 0.0267
vn -0.0422 0.9973 -0.0593
vn 0.0001 0.9992 0.0405
vn 0.0632 0.9975 0.0329
vn 0.1497 0.9869 -0.0610
vn 0.1959 0.9744 0.1099
vn 0.0506 0.9986 0.0179
vn 0.1672 0.9819 0.0894
vn 0.2546 0.9554 0.1497
vn 0.4240 0.7833 0.4546
vn 0.4926 0.8386 -0.2326
vn 0.5512 0.7502 0.3652
vn 0.3278 0.9448 -0.0032
vn 0.3834 0.8832 0.2700
vn 0.8932 0.2391 0.3809
vn 0.8717 0.4826 -0.0849
vn 0.8409 0.5164 0.1618
vn -0.4638 -0.6900 0.5557
vn -0.4990 -0.7959 0.3427
vn -0.4258 -0.8852 0.1875
vn -0.5382 -0.8340 -0.1213
vn -0.3316 -0.9252 0.1844
vn 0.2635 -0.6135 0.7445
vn 0.3566 -0.5277 0.7709
vn 0.4374 -0.4015 0.8047
vn 0.6284 -0.5724 0.5268
vn 0.4822 -0.2217 0.8476
vn 0.6079 -0.0949 0.7884
vn 0.8460 -0.4553 0.2774
vn 0.7877 0.0544 0.6137
vn 0.6103 0.0308 0.7916
vn 0.9469 -0.2288 0.2258
vn -0.4424 -0.8789 0.1783
vn -0.7668 0.6312 0.1167
vn -0.9189 0.3936 0.0264
vn 0.7818 0.4697 0.4100
vn -0.7983 -0.6022 -0.0045
vn -0.9339 0.3541 -0.0499
vn -0.1982 0.9801 0.0101
vn 0.4096 0.9057 0.1094
vn -0.6767 -0.7359 -0.0237
vn -0.9481 -0.3102 -0.0702
vn -0.8920 0.4464 -0.0715
vn -0.0079 0.9999 -0.0084
vn -0.5735 -0.8173 -0.0565
vn -0.7327 -0.6780 -0.0590
vn -0.9931 0.1167 -0.0149
vn -0.0107 0.9986 -0.0510
vn -0.0941 -0.9944 0.0487
vn 0.2632 -0.9612 0.0821
vn 0.2591 -0.9657 0.0143
vn 0.9777 -0.1334 0.1621
vn 0.8986 -0.4314 0.0801
vn 0.3609 -0.9326 0.0020
vn 0.9905 -0.1231 0.0618
vn 0.9579 -0.2859 0.0253
vn 0.8210 0.5670 0.0669
vn 0.8186 0.5742 0.0143
vn 0.4960 -0.8110 0.3102
vn 0.9521 -0.2589 0.1627
vn 0.9512 0.0006 0.3087
vn 0.0235 -0.8436 0.5365
vn 0.9244 -0.1198 0.3620
vn -0.7062 -0.5961 -0.3820
vn -0.8716 -0.3435 -0.3498
vn 0.8445 0.5320 0.0614
vn 0.6610 0.5254 0.5357
vn 0.9186 -0.2754 0.2835
vn 0.9461 0.2211 0.2366
vn 0.8547 0.4658 0.2291
vn 0.7937 0.1287 0.5945
vn 0.9558 0.0677 0.2863
vn 0.7650 -0.0548 0.6417
vn 0.8599 0.1962 0.4713
vn 0.7493 0.4009 0.5271
vn -0.9923 0.0400 -0.1175
vn -0.7526 0.6581 -0.0245
vn -0.8729 -0.4703 -0.1298
vn -0.9958 0.0542 -0.0737
vn -0.3529 0.9344 0.0490
vn -0.7816 0.6233 -0.0260
vn -0.9832 -0.1500 -0.1043
vn -0.8339 0.5471 -0.0726
vn -0.9714 -0.2056 -0.1184
vn -0.9286 -0.3625 -0.0797
vn -0.8281 0.5490 -0.1137
vn 0.0770 0.9941 0.0766
vn -0.1234 0.9917 0.0358
vn 0.0518 0.9986 0.0093
vn -0.8643 0.5011 -0.0436
vn -0.9989 -0.0004 -0.0466
vn -0.5913 -0.7571 -0.2779
vn -0.8574 0.1873 -0.4793
vn 0.0278 0.9034 -0.4279
vn 0.0959 -0.1095 -0.9893
vn 0.7794 -0.6073 0.1540
vn 0.8771 -0.4785 -0.0412
vn 0.7934 -0.6049 0.0683
vn 0.9158 -0.3891 0.0999
vn 0.9078 -0.4188 0.0227
vn 0.9196 -0.3919 -0.0287
vn 0.8845 -0.4661 0.0176
vn 0.9524 -0.3018 -0.0433
vn 0.9234 -0.3748 -0.0826
vn 0.9427 -0.2893 -0.1664
vn 0.9348 -0.3550 -0.0091
vn 0.8681 0.4101 -0.2796
vn 0.9321 -0.3221 0.1654
vn 0.9626 -0.2708 -0.0069
vn 0.9696 -0.2181 -0.1109
vn 0.9536 -0.2750 0.1226
vn 0.9565 0.1742 -0.2340
vn 0.9895 -0.0419 -0.1382
vn 0.9715 -0.0826 -0.2221
vn 0.9109 -0.1644 0.3784
vn 0.9511 -0.2242 0.2126
vn 0.9844 -0.1736 0.0290
vn 0.9989 0.0384 0.0257
vn 0.9763 -0.1770 -0.1246
vn 0.9566 -0.0972 -0.2747
vn 0.9203 -0.1208 0.3721
vn 0.9751 -0.1722 -0.1396
vn 0.9702 0.0827 -0.2277
vn 0.9810 -0.0920 -0.1710
vn 0.8370 0.1756 0.5183
vn 0.9717 -0.0971 0.2151
vn 0.9280 0.2375 0.2872
vn 0.9515 0.1334 -0.2774
vn -0.5197 -0.8477 -0.1067
vn 0.2773 -0.9596 -0.0483
vn -0.7281 -0.6770 -0.1076
vn -0.4991 -0.8607 -0.1009
vn 0.2405 -0.9693 -0.0506
vn 0.6004 -0.7995 0.0174
vn -0.3213 -0.9466 -0.0260
vn 0.4801 -0.8771 0.0105
vn 0.0872 -0.9962 0.0031
vn 0.5638 -0.8244 0.0502
vn 0.5145 -0.7650 -0.3875
vn 0.8737 -0.4743 -0.1083
vn 0.8950 -0.4422 -0.0593
vn 0.6467 -0.7244 -0.2387
vn 0.6232 -0.7565 -0.1985
vn 0.8074 -0.5880 -0.0477
vn 0.8293 0.4150 -0.3742
vn 0.7823 -0.4432 -0.4377
vn 0.6694 -0.6257 -0.4006
vn 0.6537 -0.7291 -0.2029
vn 0.9125 0.3559 -0.2018
vn 0.6005 0.3813 -0.7029
vn 0.8918 0.1525 -0.4260
vn 0.7949 -0.5135 -0.3231
vn 0.6519 -0.4640 -0.5998
vn 0.9230 0.3662 -0.1181
vn 0.9527 -0.2091 -0.2205
vn 0.7621 -0.1969 -0.6169
vn 0.9416 -0.3311 -0.0611
vn 0.8681 -0.3651 -0.3362
vn 0.6806 0.5381 -0.4972
vn 0.7541 -0.4690 -0.4598
vn 0.8474 0.2019 -0.4912
vn 0.9366 -0.3401 -0.0846
vn 0.9040 0.3290 0.2729
vn 0.7799 -0.5935 -0.1987
vn 0.8154 -0.1302 -0.5640
vn 0.9913 0.0351 -0.1272
vn 0.9879 -0.1430 0.0600
vn 0.7288 -0.6760 0.1090
vn 0.8149 0.0060 0.5796
vn 0.9991 -0.0417 -0.0121
vn 0.7071 0.1004 0.7000
vn 0.6874 0.3634 0.6288
vn 0.8552 -0.4455 0.2651
vn 0.9807 0.1822 0.0709
vn 0.9835 -0.0274 -0.1790
vn 0.7691 -0.4484 0.4556
vn 0.4872 0.8687 0.0892
vn 0.7968 0.5904 0.1283
vn 0.8172 0.5674 0.1008
vn 0.2398 0.9706 -0.0225
vn 0.7886 0.6120 0.0589
vn 0.8859 0.3253 -0.3308
vn 0.9447 0.3234 0.0541
vn 0.9885 -0.1328 0.0724
vn 0.9682 -0.2367 0.0806
vn 0.9876 -0.1323 0.0841
vn 0.8949 -0.4450 0.0336
vn 0.8704 -0.3246 0.3702
vn 0.9611 -0.2688 0.0632
vn 0.9500 0.2431 -0.1962
vn 0.9682 -0.2493 -0.0191
vn 0.8396 0.0680 -0.5389
vn 0.8984 0.1805 0.4003
vn 0.9044 0.2596 0.3386
vn 0.9848 -0.1735 -0.0069
vn 0.9875 0.1361 0.0793
vn 0.9593 -0.1106 0.2598
vn 0.9970 0.0619 0.0456
vn 0.9908 0.1345 0.0149
vn 0.9719 0.1610 0.1716
vn 0.9781 0.1505 0.1438
vn 0.9981 -0.0236 0.0571
vn 0.9950 -0.0799 0.0601
vn 0.9949 -0.0285 -0.0970
vn 0.9582 0.0809 0.2743
vn -0.9654 -0.1535 0.2108
vn -0.9700 -0.2405 0.0362
vn -0.9372 -0.2378 -0.2552
vn -0.9192 -0.1858 -0.3473
vn -0.9477 -0.2881 -0.1376
vn -0.8985 -0.2717 0.3448
vn -0.9259 -0.3581 0.1205
vn -0.8702 -0.2279 -0.4368
vn -0.8822 -0.3206 -0.3448
vn -0.8820 -0.4371 -0.1760
vn -0.8242 -0.2600 -0.5032
vn -0.7664 -0.2322 -0.5989
vn -0.7943 -0.4336 -0.4255
vn -0.8699 -0.4871 0.0780
vn -0.7704 -0.3216 -0.5505
vn -0.6924 -0.2628 -0.6720
vn -0.8258 -0.4965 -0.2675
vn -0.6508 -0.2228 -0.7258
vn -0.6248 -0.3634 -0.6911
vn -0.5003 -0.2707 -0.8224
vn -0.6539 -0.4686 -0.5940
vn -0.5417 -0.2104 -0.8138
vn -0.6929 -0.7179 -0.0672
vn -0.4240 -0.4037 -0.8107
vn -0.8222 -0.4845 0.2988
vn -0.6857 -0.6848 0.2465
vn -0.5683 -0.7780 -0.2680
vn -0.6522 -0.5216 -0.5501
vn -0.4659 -0.4827 -0.7416
vn -0.3239 -0.3123 -0.8931
vn -0.3315 -0.6579 -0.6762
vn -0.3372 -0.2239 -0.9144
vn -0.2147 -0.4746 -0.8536
vn -0.1166 -0.3749 -0.9197
vn -0.0461 -0.2672 -0.9625
vn 0.1042 -0.2492 -0.9628
vn 0.0314 -0.5143 -0.8570
vn 0.0837 -0.4397 -0.8942
vn -0.8215 -0.2102 0.5301
vn -0.8536 -0.3774 0.3591
vn -0.7289 -0.2799 0.6248
vn -0.6228 -0.2725 0.7334
vn -0.6925 -0.4083 0.5948
vn -0.7143 -0.5128 0.4763
vn -0.4695 -0.2561 0.8449
vn -0.5663 -0.3812 0.7307
vn -0.4553 -0.5008 0.7361
vn -0.5558 -0.2573 0.7905
vn -0.3146 -0.3823 0.8688
vn -0.2020 -0.2737 0.9404
vn -0.1831 -0.4955 0.8491
vn -0.1114 -0.3591 0.9266
vn -0.1883 -0.6826 0.7062
vn -0.0156 -0.2454 0.9693
vn 0.0912 -0.2750 0.9571
vn 0.1771 -0.4152 0.8923
vn 0.2445 -0.4878 0.8380
vn 0.3147 -0.3215 0.8931
vn 0.4834 -0.4303 0.7623
vn 0.3680 -0.2417 0.8979
vn 0.5153 -0.2917 0.8059
vn 0.6100 -0.2425 0.7544
vn -0.9219 -0.2407 -0.3035
vn -0.8181 -0.4690 -0.3328
vn -0.7765 -0.3813 -0.5017
vn -0.7719 -0.3126 -0.5536
vn -0.6208 -0.5967 -0.5085
vn -0.8146 0.2454 -0.5256
vn -0.6081 -0.5314 -0.5898
vn -0.7084 -0.0122 -0.7057
vn -0.4767 -0.7168 -0.5089
vn -0.5677 -0.4429 -0.6939
vn -0.4216 -0.6455 -0.6368
vn -0.5657 -0.0289 -0.8241
vn -0.4193 -0.0493 -0.9065
vn -0.2723 -0.8593 -0.4330
vn -0.3644 -0.5606 -0.7436
vn -0.2094 -0.5740 -0.7916
vn -0.2201 -0.2718 -0.9368
vn -0.0521 -0.7920 -0.6083
vn -0.0238 -0.4898 -0.8715
vn -0.1447 0.0091 -0.9894
vn 0.2760 -0.9504 -0.1435
vn 0.1933 -0.5965 -0.7790
vn 0.0457 -0.4490 -0.8924
vn 0.3205 -0.7303 -0.6033
vn 0.1864 -0.5701 -0.8002
vn 0.3832 -0.6370 -0.6689
vn 0.5084 -0.2784 0.8149
vn 0.4281 -0.6039 0.6724
vn 0.2244 -0.8468 0.4823
vn 0.6087 -0.1427 0.7805
vn 0.3948 -0.7368 0.5488
vn 0.5944 -0.2021 0.7783
vn 0.5271 -0.5051 0.6834
vn 0.2504 -0.9242 0.2883
vn 0.4822 -0.6741 0.5595
vn 0.3136 -0.9153 0.2528
vn 0.6173 -0.0891 0.7817
vn 0.5083 -0.7614 0.4024
vn 0.6034 -0.2263 0.7647
vn 0.5602 -0.5636 0.6071
vn 0.5428 -0.8165 -0.1969
vn 0.6515 -0.2144 0.7277
vn 0.6070 -0.6469 0.4616
vn 0.5596 -0.6518 -0.5119
vn 0.7077 -0.3677 0.6032
vn 0.7052 -0.7043 0.0813
vn 0.9572 -0.2726 0.0970
vn -0.9958 -0.0834 -0.0384
vn -0.8959 -0.3842 -0.2233
vn -0.8557 -0.1361 -0.4993
vn -0.7165 -0.4490 -0.5339
vn -0.5926 -0.1323 -0.7946
vn -0.5007 -0.4509 -0.7390
vn -0.3093 -0.6004 -0.7375
vn -0.1940 -0.3566 -0.9139
vn 0.0721 -0.2169 -0.9735
vn 0.0263 -0.5592 -0.8286
vn 0.2225 -0.4251 -0.8774
vn 0.3973 -0.1635 -0.9030
vn 0.5954 -0.3729 -0.7116
vn 0.7509 -0.4793 -0.4544
vn 0.8740 -0.2628 -0.4088
vn -0.8350 0.4153 0.3609
vn -0.6868 0.6372 0.3497
vn -0.4507 0.8870 0.1007
vn -0.7218 0.6660 0.1883
vn -0.2551 0.9380 0.2348
vn -0.1605 0.9288 -0.3340
vn 0.0146 0.9988 0.0458
vn -0.3709 0.9096 0.1873
vn 0.0005 0.9986 0.0536
vn -0.1690 0.9849 0.0369
vn 0.2125 0.9715 -0.1049
vn 0.0129 0.9044 -0.4266
vn 0.1845 0.9811 0.0577
vn -0.1777 0.9663 0.1865
vn 0.0211 0.9899 -0.1401
vn 0.1650 0.9834 -0.0758
vn -0.0400 0.8484 -0.5278
vn 0.0903 0.9952 -0.0380
vn 0.1125 0.9791 -0.1694
vn 0.0521 0.9923 -0.1121
vn 0.1224 0.9842 -0.1278
vn -0.0643 0.9772 -0.2023
vn 0.1977 0.9715 0.1311
vn 0.0662 0.9928 -0.1001
vn -0.0055 1.0000 0.0036
vn 0.0917 0.9948 -0.0432
vn -0.0842 0.9903 -0.1104
vn -0.0063 0.9418 -0.3361
vn 0.0349 0.9987 -0.0360
vn 0.2304 0.9622 0.1453
vn 0.1564 0.9873 -0.0271
vn 0.2660 0.9487 -0.1708
vn 0.1334 0.9908 0.0225
vn -0.9537 0.1276 0.2723
vn -0.9205 -0.3195 0.2249
vn -0.7724 -0.2250 0.5939
vn -0.9991 0.0420 -0.0049
vn -0.6908 -0.4968 0.5253
vn -0.3983 -0.3287 0.8563
vn -0.5094 -0.6784 0.5294
vn -0.3755 -0.3982 0.8369
vn -0.2095 -0.2997 0.9307
vn -0.1025 -0.7474 0.6564
vn -0.1938 -0.3134 0.9296
vn -0.1395 -0.7755 0.6158
vn -0.2221 -0.3467 0.9113
vn -0.2034 -0.4035 0.8921
vn -0.1318 -0.7055 0.6963
vn -0.1862 -0.7560 0.6275
vn -0.2545 -0.3439 0.9039
vn -0.1947 -0.5289 0.8261
vn 0.0150 -0.6735 0.7390
vn -0.0358 -0.8999 0.4347
vn 0.1314 -0.6493 0.7491
vn 0.2185 -0.7670 0.6033
vn 0.1320 -0.7265 0.6743
vn 0.2233 -0.6580 0.7191
vn 0.0247 -0.6952 0.7184
vn 0.2050 -0.4142 0.8868
vn 0.3640 -0.6646 0.6525
vn 0.1592 -0.4463 0.8806
vn 0.5075 -0.6515 0.5639
vn 0.0375 -0.2141 0.9761
vn -0.9076 0.4163 0.0543
vn -0.8033 0.3439 0.4862
vn -0.7828 0.5597 -0.2719
vn -0.7452 0.6630 0.0722
vn -0.5819 0.8054 -0.1127
vn -0.2720 0.9580 -0.0906
vn 0.0539 0.9599 -0.2750
vn -0.9997 -0.0188 -0.0166
vn -0.8667 0.0818 0.4920
vn -0.9379 0.2926 0.1865
vn -0.9930 0.1177 -0.0055
vn -0.8143 0.2470 0.5252
vn -0.7880 0.5546 0.2674
vn -0.7142 0.6976 0.0574
vn -0.8012 0.4678 0.3731
vn -0.5899 0.8048 0.0659
vn -0.6921 0.6596 0.2932
vn -0.5467 0.8240 0.1487
vn -0.4222 0.8681 0.2610
vn -0.3290 0.9427 0.0554
vn -0.2471 0.9583 0.1438
vn -0.1600 0.9553 0.2487
vn -0.0154 0.9853 0.1703
vn 0.0234 0.9872 0.1576
vn 0.2882 0.9307 0.2253
vn 0.6015 0.7545 0.2627
vn 0.9083 0.3033 0.2882
vt 0.020184 0.044837
vt 0.017969 0.062753
vt 0.003888 0.073859
vt 0.055708 0.015473
vt 0.043279 0.036483
vt 0.000307 0.110033
vt 0.009012 0.092353
vt 0.093854 0.014379
vt 0.010652 0.125682
vt 0.005312 0.137188
vt 0.098931 0.000448
vt 0.020153 0.152457
vt 0.111987 0.096046
vt 0.117524 0.083506
vt 0.126344 0.091982
vt 0.121584 0.109399
vt 0.109589 0.113293
vt 0.022009 0.166343
vt 0.028058 0.148564
vt 0.131530 0.068760
vt 0.127989 0.079650
vt 0.119198 0.125802
vt 0.119504 0.008073
vt 0.113428 0.136599
vt 0.139134 0.070074
vt 0.128578 0.000307
vt 0.139769 0.010736
vt 0.141832 0.081716
vt 0.128896 0.099506
vt 0.049204 0.179935
vt 0.134882 0.016469
vt 0.045227 0.189723
vt 0.148691 0.062964
vt 0.138682 0.093371
vt 0.156409 0.010702
vt 0.131375 0.104557
vt 0.132685 0.119036
vt 0.124851 0.147347
vt 0.138783 0.106645
vt 0.127321 0.156303
vt 0.160518 0.025822
vt 0.139476 0.118350
vt 0.155164 0.068713
vt 0.077379 0.207764
vt 0.150126 0.089864
vt 0.138942 0.133246
vt 0.164034 0.020858
vt 0.144059 0.100817
vt 0.138810 0.155161
vt 0.087486 0.199578
vt 0.160407 0.063045
vt 0.173834 0.020362
vt 0.158875 0.080086
vt 0.143531 0.115022
vt 0.147507 0.104686
vt 0.149807 0.126323
vt 0.182197 0.032299
vt 0.152341 0.116167
vt 0.100394 0.197032
vt 0.071444 0.181865
vt 0.167579 0.091831
vt 0.158229 0.105189
vt 0.151983 0.144751
vt 0.166335 0.072932
vt 0.115298 0.214417
vt 0.169604 0.065838
vt 0.188361 0.033082
vt 0.140360 0.163293
vt 0.186924 0.044866
vt 0.113194 0.206367
vt 0.153033 0.137099
vt 0.154524 0.156328
vt 0.181528 0.076270
vt 0.161396 0.124094
vt 0.137502 0.200833
vt 0.195171 0.047359
vt 0.160498 0.134392
vt 0.164852 0.112832
vt 0.149774 0.164988
vt 0.169547 0.104098
vt 0.202178 0.046124
vt 0.138293 0.207617
vt 0.179619 0.087637
vt 0.171398 0.118479
vt 0.202451 0.059278
vt 0.158423 0.166841
vt 0.210980 0.069863
vt 0.168533 0.126719
vt 0.174565 0.151142
vt 0.145449 0.214417
vt 0.178562 0.106161
vt 0.171347 0.138811
vt 0.205840 0.069693
vt 0.192323 0.066674
vt 0.188522 0.090378
vt 0.175169 0.127718
vt 0.175001 0.201052
vt 0.170835 0.161775
vt 0.190325 0.106814
vt 0.197442 0.084145
vt 0.178639 0.189944
vt 0.213590 0.064985
vt 0.182369 0.116219
vt 0.180374 0.140881
vt 0.193278 0.093373
vt 0.181698 0.127513
vt 0.210842 0.086280
vt 0.217718 0.090286
vt 0.219558 0.079975
vt 0.201847 0.094755
vt 0.191463 0.124839
vt 0.188314 0.141056
vt 0.184985 0.153060
vt 0.197475 0.108602
vt 0.212912 0.102179
vt 0.202168 0.105861
vt 0.206799 0.171323
vt 0.202206 0.185468
vt 0.192214 0.141656
vt 0.197276 0.150780
vt 0.188691 0.154876
vt 0.207067 0.120130
vt 0.197887 0.120865
vt 0.224647 0.102007
vt 0.199188 0.172554
vt 0.209549 0.163520
vt 0.195005 0.134284
vt 0.201140 0.135552
vt 0.217747 0.113881
vt 0.214289 0.169841
vt 0.207227 0.159975
vt 0.211733 0.147062
vt 0.222145 0.110876
vt 0.216948 0.147306
vt 0.215291 0.133625
vt 0.221829 0.127341
vt 0.217783 0.160509
vt 0.221024 0.148830
vt 0.226074 0.117496
vt 0.224842 0.138969
vt 0.225950 0.127394
vt 0.663134 0.746502
vt 0.645114 0.749055
vt 0.653754 0.743954
vt 0.669387 0.738906
vt 0.652404 0.728070
vt 0.677424 0.740520
vt 0.639917 0.738607
vt 0.668090 0.721933
vt 0.617273 0.750725
vt 0.683742 0.735637
vt 0.627230 0.734870
vt 0.638252 0.724721
vt 0.650654 0.715103
vt 0.636790 0.718346
vt 0.678705 0.713113
vt 0.667585 0.709509
vt 0.615000 0.721278
vt 0.615650 0.739571
vt 0.604243 0.747116
vt 0.603613 0.732224
vt 0.595530 0.751840
vt 0.594295 0.719306
vt 0.588769 0.744872
vt 0.590681 0.726947
vt 0.580541 0.749950
vt 0.572159 0.731527
vt 0.580753 0.717716
vt 0.569973 0.715146
vt 0.559757 0.744069
vt 0.553175 0.709509
vt 0.548003 0.726358
vt 0.542638 0.740179
vt 0.294172 0.617150
vt 0.281399 0.609186
vt 0.289607 0.609354
vt 0.274320 0.603925
vt 0.287451 0.630967
vt 0.268768 0.621128
vt 0.274378 0.631059
vt 0.269501 0.607800
vt 0.260383 0.605161
vt 0.281014 0.642025
vt 0.258010 0.634005
vt 0.247356 0.610544
vt 0.243566 0.598715
vt 0.262145 0.600275
vt 0.232390 0.629650
vt 0.233460 0.602703
vt 0.231402 0.615558
vt 0.223341 0.597853
vt 0.217933 0.599690
vt 0.216466 0.619388
vt 0.215715 0.631330
vt 0.205371 0.624369
vt 0.196665 0.607487
vt 0.198890 0.600218
vt 0.204702 0.632562
vt 0.194558 0.631353
vt 0.181469 0.618593
vt 0.174976 0.605275
vt 0.180110 0.636942
vt 0.171755 0.629529
vt 0.162325 0.642025
vt 0.160483 0.612779
vt 0.159905 0.637544
vt 0.157763 0.625161
vt 0.153678 0.609828
vt 0.149838 0.634430
vt 0.148240 0.618062
vt 0.148160 0.613282
vt 0.823236 0.943509
vt 0.820675 0.933224
vt 0.828838 0.935590
vt 0.829755 0.943865
vt 0.812468 0.939289
vt 0.820323 0.917392
vt 0.825009 0.912862
vt 0.804938 0.924868
vt 0.807615 0.910336
vt 0.816557 0.895436
vt 0.813742 0.901486
vt 0.787582 0.928762
vt 0.791653 0.938736
vt 0.793014 0.919081
vt 0.808646 0.891359
vt 0.777211 0.935828
vt 0.799571 0.894896
vt 0.791022 0.909171
vt 0.813762 0.887423
vt 0.778639 0.919309
vt 0.769838 0.928809
vt 0.755517 0.943865
vt 0.751302 0.931722
vt 0.732822 0.943793
vt 0.439213 0.717485
vt 0.442805 0.708970
vt 0.445923 0.712657
vt 0.428425 0.708381
vt 0.447546 0.695388
vt 0.414715 0.717235
vt 0.442471 0.693727
vt 0.404493 0.711465
vt 0.394104 0.716760
vt 0.445815 0.676164
vt 0.416848 0.700362
vt 0.426853 0.689893
vt 0.435873 0.679052
vt 0.398291 0.693112
vt 0.386304 0.713254
vt 0.385772 0.696953
vt 0.410255 0.677623
vt 0.435166 0.655865
vt 0.446844 0.654354
vt 0.445640 0.640649
vt 0.414417 0.649613
vt 0.386274 0.673184
vt 0.437243 0.631608
vt 0.394884 0.661492
vt 0.447546 0.626089
vt 0.442564 0.618519
vt 0.391443 0.648149
vt 0.410236 0.626561
vt 0.384916 0.654334
vt 0.428063 0.619388
vt 0.398408 0.633589
vt 0.444974 0.606246
vt 0.439230 0.604987
vt 0.384356 0.637420
vt 0.427312 0.607109
vt 0.388646 0.633987
vt 0.439663 0.601731
vt 0.410641 0.609558
vt 0.429370 0.601772
vt 0.393161 0.617072
vt 0.417106 0.602210
vt 0.385408 0.616263
vt 0.418881 0.594785
vt 0.401897 0.597838
vt 0.400376 0.602163
vt 0.388893 0.604139
vt 0.353351 0.139847
vt 0.330231 0.150613
vt 0.331680 0.127160
vt 0.311471 0.145007
vt 0.293687 0.149260
vt 0.298891 0.135373
vt 0.283616 0.127142
vt 0.350830 0.124141
vt 0.297306 0.120514
vt 0.277470 0.112530
vt 0.276569 0.128394
vt 0.288897 0.110319
vt 0.319208 0.107846
vt 0.335640 0.099235
vt 0.354053 0.111572
vt 0.357362 0.104489
vt 0.345143 0.092801
vt 0.299389 0.099195
vt 0.287911 0.095397
vt 0.265127 0.102635
vt 0.318942 0.091653
vt 0.277918 0.084389
vt 0.251951 0.090106
vt 0.257491 0.083839
vt 0.248606 0.085807
vt 0.244989 0.082455
vt 0.252670 0.080858
vt 0.226944 0.079474
vt 0.246341 0.063429
vt 0.222834 0.038337
vt 0.220522 0.054326
vt 0.207055 0.051489
vt 0.257736 0.076477
vt 0.331004 0.082870
vt 0.261454 0.073611
vt 0.302094 0.088324
vt 0.351079 0.080555
vt 0.236394 0.041071
vt 0.315244 0.084676
vt 0.298006 0.081079
vt 0.341150 0.064559
vt 0.324125 0.074110
vt 0.309907 0.081394
vt 0.283836 0.071679
vt 0.314995 0.072645
vt 0.258172 0.052063
vt 0.271276 0.061391
vt 0.298828 0.062510
vt 0.321450 0.058240
vt 0.242550 0.027119
vt 0.337278 0.047020
vt 0.283820 0.053863
vt 0.271679 0.048590
vt 0.350144 0.034423
vt 0.339906 0.027876
vt 0.254168 0.032532
vt 0.322998 0.031592
vt 0.302060 0.044370
vt 0.331544 0.000941
vt 0.357362 0.000307
vt 0.347928 0.006511
vt 0.328530 0.012739
vt 0.272611 0.032220
vt 0.287648 0.031231
vt 0.256235 0.019566
vt 0.263290 0.021966
vt 0.315966 0.010135
vt 0.305248 0.016061
vt 0.265610 0.014614
vt 0.278464 0.015087
vt 0.313780 0.002404
vt 0.277692 0.009720
vt 0.302493 0.004860
vt 0.289771 0.008029
vt 0.994247 0.013685
vt 0.982651 0.005626
vt 0.988825 0.005316
vt 0.981256 0.000506
vt 0.999693 0.016670
vt 0.998571 0.025579
vt 0.986931 0.015461
vt 0.989308 0.029813
vt 0.977104 0.007420
vt 0.969396 0.000307
vt 0.999693 0.036908
vt 0.972764 0.021422
vt 0.962717 0.007049
vt 0.993009 0.044465
vt 0.997687 0.042956
vt 0.952600 0.015853
vt 0.994307 0.049132
vt 0.978242 0.039922
vt 0.952617 0.002333
vt 0.954044 0.005672
vt 0.981636 0.053931
vt 0.956512 0.032401
vt 0.945400 0.009632
vt 0.981868 0.059931
vt 0.953861 0.049240
vt 0.942425 0.028049
vt 0.939530 0.019624
vt 0.967299 0.063497
vt 0.936503 0.030420
vt 0.941031 0.046072
vt 0.954378 0.060103
vt 0.946121 0.054749
vt 0.948517 0.058123
vt 0.626702 0.759816
vt 0.616731 0.773319
vt 0.617589 0.761006
vt 0.627999 0.773906
vt 0.638150 0.761584
vt 0.611798 0.767954
vt 0.641411 0.770006
vt 0.638065 0.781884
vt 0.609729 0.779182
vt 0.620363 0.785297
vt 0.611214 0.787019
vt 0.614319 0.796358
vt 0.630239 0.796532
vt 0.608282 0.794813
vt 0.641411 0.797247
vt 0.612084 0.811087
vt 0.634985 0.807208
vt 0.622017 0.813583
vt 0.615829 0.826074
vt 0.218595 0.508135
vt 0.210178 0.515644
vt 0.205343 0.496752
vt 0.222393 0.496661
vt 0.196558 0.513934
vt 0.213771 0.483649
vt 0.182559 0.505414
vt 0.187356 0.494240
vt 0.199480 0.482647
vt 0.173313 0.497227
vt 0.211769 0.472011
vt 0.203543 0.474871
vt 0.177961 0.482897
vt 0.191847 0.478222
vt 0.195246 0.457744
vt 0.212197 0.458383
vt 0.194343 0.468895
vt 0.200703 0.449386
vt 0.177950 0.468279
vt 0.185304 0.450369
vt 0.181128 0.460169
vt 0.178033 0.450751
vt 0.173313 0.454513
vt 0.942862 0.086146
vt 0.948304 0.078441
vt 0.949386 0.097267
vt 0.941615 0.073670
vt 0.946402 0.066828
vt 0.943922 0.100269
vt 0.935103 0.064719
vt 0.948865 0.112312
vt 0.934168 0.077387
vt 0.935535 0.091575
vt 0.942245 0.053700
vt 0.944261 0.115936
vt 0.936686 0.105558
vt 0.928283 0.082124
vt 0.931660 0.099212
vt 0.926481 0.064440
vt 0.932686 0.050223
vt 0.944598 0.131689
vt 0.936634 0.117908
vt 0.927137 0.100145
vt 0.927274 0.113384
vt 0.939230 0.130075
vt 0.923006 0.048159
vt 0.940015 0.137646
vt 0.929802 0.125815
vt 0.923006 0.135222
vt 0.939391 0.150000
vt 0.180742 0.569838
vt 0.177394 0.556282
vt 0.187783 0.558654
vt 0.157538 0.565278
vt 0.162134 0.553673
vt 0.169612 0.554835
vt 0.165673 0.570695
vt 0.159542 0.545072
vt 0.170697 0.542617
vt 0.178963 0.542112
vt 0.184515 0.548074
vt 0.161573 0.533292
vt 0.157131 0.536322
vt 0.188467 0.579875
vt 0.191373 0.534406
vt 0.201942 0.569347
vt 0.171949 0.532142
vt 0.195126 0.544600
vt 0.183969 0.531522
vt 0.192389 0.522888
vt 0.184907 0.521780
vt 0.188391 0.594759
vt 0.193640 0.591130
vt 0.205524 0.547663
vt 0.156135 0.521158
vt 0.199955 0.587322
vt 0.204784 0.556487
vt 0.208062 0.579091
vt 0.210358 0.594785
vt 0.204907 0.533813
vt 0.196925 0.516258
vt 0.215157 0.524618
vt 0.209543 0.551768
vt 0.211045 0.559231
vt 0.212604 0.546974
vt 0.222170 0.538970
vt 0.216324 0.556889
vt 0.216820 0.578671
vt 0.226341 0.570691
vt 0.227304 0.553272
vt 0.227844 0.584639
vt 0.229308 0.591788
vt 0.238937 0.547832
vt 0.240474 0.556568
vt 0.238303 0.572284
vt 0.242188 0.536313
vt 0.240043 0.589310
vt 0.249635 0.576159
vt 0.249185 0.549854
vt 0.252523 0.560214
vt 0.249770 0.586879
vt 0.253506 0.537859
vt 0.259258 0.546973
vt 0.258154 0.563415
vt 0.266410 0.558391
vt 0.260926 0.578593
vt 0.258306 0.526728
vt 0.262977 0.521982
vt 0.263804 0.532295
vt 0.269404 0.579783
vt 0.258985 0.592698
vt 0.274189 0.537147
vt 0.271615 0.526933
vt 0.267934 0.569957
vt 0.274384 0.551377
vt 0.276999 0.592978
vt 0.268437 0.593526
vt 0.278099 0.571487
vt 0.738803 0.970711
vt 0.732209 0.968425
vt 0.738156 0.966564
vt 0.278929 0.562821
vt 0.285861 0.534884
vt 0.282083 0.544313
vt 0.282754 0.524032
vt 0.733991 0.976380
vt 0.750367 0.975596
vt 0.755474 0.971013
vt 0.758026 0.966920
vt 0.282023 0.583203
vt 0.776156 0.967212
vt 0.280998 0.556390
vt 0.777046 0.971273
vt 0.765947 0.974815
vt 0.790668 0.968435
vt 0.791598 0.974015
vt 0.800276 0.972566
vt 0.285015 0.567286
vt 0.780407 0.975435
vt 0.802454 0.967992
vt 0.807055 0.969827
vt 0.806698 0.974523
vt 0.034490 0.634653
vt 0.029755 0.635276
vt 0.031763 0.630377
vt 0.802250 0.976380
vt 0.281821 0.594785
vt 0.038872 0.635276
vt 0.039571 0.630371
vt 0.291104 0.552833
vt 0.036223 0.627914
vt 0.056226 0.467771
vt 0.064004 0.449378
vt 0.062925 0.458794
vt 0.077461 0.439015
vt 0.069288 0.438703
vt 0.068477 0.450758
vt 0.059505 0.470506
vt 0.062267 0.489842
vt 0.054908 0.484100
vt 0.072459 0.470288
vt 0.070327 0.458586
vt 0.077944 0.447988
vt 0.079273 0.429747
vt 0.064417 0.465014
vt 0.067318 0.472793
vt 0.063931 0.477840
vt 0.063171 0.503532
vt 0.080172 0.469254
vt 0.087054 0.430070
vt 0.085379 0.442518
vt 0.088098 0.435557
vt 0.096957 0.460591
vt 0.075482 0.486559
vt 0.099512 0.433729
vt 0.068122 0.491690
vt 0.095288 0.422380
vt 0.091461 0.491465
vt 0.097184 0.425125
vt 0.079070 0.495324
vt 0.097419 0.429024
vt 0.075746 0.508630
vt 0.107243 0.434635
vt 0.086763 0.504155
vt 0.108402 0.420552
vt 0.107704 0.424735
vt 0.074077 0.519673
vt 0.106604 0.454365
vt 0.111008 0.443457
vt 0.116322 0.424764
vt 0.085544 0.527054
vt 0.104643 0.511428
vt 0.124810 0.429354
vt 0.108809 0.469522
vt 0.119081 0.420854
vt 0.120449 0.438066
vt 0.085865 0.511930
vt 0.091252 0.523439
vt 0.112916 0.491841
vt 0.126618 0.421502
vt 0.117547 0.482362
vt 0.116909 0.503648
vt 0.102762 0.520194
vt 0.130546 0.433625
vt 0.137337 0.426880
vt 0.106631 0.528598
vt 0.104172 0.533436
vt 0.127789 0.494082
vt 0.138677 0.433493
vt 0.127910 0.489837
vt 0.112154 0.523048
vt 0.130578 0.502744
vt 0.147230 0.441709
vt 0.147366 0.434476
vt 0.130507 0.510260
vt 0.119122 0.514668
vt 0.145383 0.425733
vt 0.124922 0.525360
vt 0.123362 0.518035
vt 0.123826 0.532345
vt 0.158269 0.440299
vt 0.137058 0.496820
vt 0.140466 0.504071
vt 0.134206 0.529338
vt 0.158841 0.457701
vt 0.140852 0.511720
vt 0.142631 0.500665
vt 0.140280 0.520330
vt 0.147628 0.501298
vt 0.165362 0.454300
vt 0.163612 0.468479
vt 0.150290 0.512906
vt 0.150262 0.501014
vt 0.156449 0.490575
vt 0.157148 0.498155
vt 0.150475 0.518989
vt 0.161120 0.474329
vt 0.165228 0.480600
vt 0.160585 0.484100
vt 0.141107 0.527723
vt 0.167791 0.469160
vt 0.163599 0.499199
vt 0.167791 0.484639
vt 0.554461 0.640790
vt 0.558600 0.621902
vt 0.561043 0.630492
vt 0.550955 0.628230
vt 0.546950 0.618734
vt 0.553931 0.614388
vt 0.545020 0.643267
vt 0.546023 0.654179
vt 0.536894 0.626634
vt 0.536230 0.658207
vt 0.545058 0.609963
vt 0.555199 0.608606
vt 0.527982 0.639108
vt 0.544366 0.602746
vt 0.527036 0.651320
vt 0.532355 0.610376
vt 0.546800 0.594923
vt 0.541728 0.592153
vt 0.533047 0.594319
vt 0.525086 0.661656
vt 0.533760 0.582116
vt 0.525398 0.618290
vt 0.524868 0.595894
vt 0.521154 0.616024
vt 0.524104 0.608085
vt 0.518143 0.621930
vt 0.523680 0.584998
vt 0.511630 0.656037
vt 0.516568 0.588638
vt 0.513805 0.616936
vt 0.508679 0.645880
vt 0.510362 0.629438
vt 0.514877 0.583347
vt 0.509459 0.619045
vt 0.509788 0.589558
vt 0.508286 0.613475
vt 0.510567 0.596265
vt 0.500883 0.624927
vt 0.503052 0.634368
vt 0.502365 0.602977
vt 0.507918 0.606575
vt 0.499395 0.583651
vt 0.504431 0.613338
vt 0.496672 0.649346
vt 0.506935 0.576994
vt 0.493396 0.638755
vt 0.495615 0.593579
vt 0.488507 0.608830
vt 0.486226 0.624609
vt 0.483640 0.591597
vt 0.488396 0.579767
vt 0.479326 0.654944
vt 0.479276 0.645751
vt 0.479691 0.618489
vt 0.474730 0.634188
vt 0.464296 0.584273
vt 0.471519 0.606575
vt 0.464115 0.644115
vt 0.466633 0.591614
vt 0.470581 0.615744
vt 0.466718 0.624567
vt 0.465343 0.616534
vt 0.458849 0.632831
vt 0.459616 0.617856
vt 0.459719 0.606157
vt 0.452242 0.644739
vt 0.456511 0.651355
vt 0.455477 0.591528
vt 0.450960 0.621320
vt 0.452641 0.612857
vt 0.448773 0.654379
vt 0.448773 0.584965
vt 0.451388 0.602161
vt 0.448926 0.592117
vt 0.513275 0.418589
vt 0.501643 0.427360
vt 0.498818 0.410297
vt 0.509038 0.403622
vt 0.512629 0.436479
vt 0.498466 0.437374
vt 0.517622 0.428962
vt 0.521478 0.408158
vt 0.527220 0.418263
vt 0.522274 0.400713
vt 0.527742 0.406544
vt 0.522789 0.438769
vt 0.525802 0.428277
vt 0.534618 0.409885
vt 0.538193 0.394321
vt 0.532214 0.432930
vt 0.539765 0.421275
vt 0.534175 0.441402
vt 0.547271 0.396608
vt 0.543008 0.440789
vt 0.550613 0.427587
vt 0.545674 0.451251
vt 0.550370 0.411677
vt 0.554274 0.382927
vt 0.555000 0.442905
vt 0.556364 0.391053
vt 0.558050 0.400204
vt 0.560444 0.418617
vt 0.563774 0.376883
vt 0.559268 0.431409
vt 0.567471 0.391481
vt 0.569641 0.409428
vt 0.563166 0.450948
vt 0.559386 0.460429
vt 0.574460 0.428574
vt 0.570289 0.442457
vt 0.581689 0.387047
vt 0.576434 0.454023
vt 0.572842 0.372543
vt 0.581885 0.377791
vt 0.576991 0.397304
vt 0.580435 0.412782
vt 0.588587 0.398543
vt 0.583574 0.364110
vt 0.582296 0.444944
vt 0.589558 0.429637
vt 0.591032 0.377294
vt 0.593243 0.385536
vt 0.596278 0.406260
vt 0.590560 0.449293
vt 0.593408 0.460302
vt 0.596974 0.392806
vt 0.599408 0.376740
vt 0.600990 0.414199
vt 0.602843 0.388512
vt 0.599761 0.430496
vt 0.599309 0.442303
vt 0.598093 0.450304
vt 0.602853 0.402666
vt 0.603988 0.378850
vt 0.603988 0.443583
vt 0.235903 0.671411
vt 0.249932 0.658667
vt 0.249887 0.677958
vt 0.255599 0.666689
vt 0.226741 0.649499
vt 0.226479 0.640356
vt 0.234780 0.644418
vt 0.257232 0.688833
vt 0.220536 0.646254
vt 0.217414 0.636570
vt 0.232278 0.635829
vt 0.236662 0.655460
vt 0.258110 0.659269
vt 0.243054 0.688169
vt 0.263497 0.669605
vt 0.219319 0.658144
vt 0.195386 0.675827
vt 0.191483 0.659876
vt 0.198588 0.667419
vt 0.198347 0.650209
vt 0.201511 0.666356
vt 0.247453 0.644350
vt 0.186488 0.673223
vt 0.202389 0.670480
vt 0.206058 0.662090
vt 0.256344 0.646803
vt 0.241197 0.637568
vt 0.208852 0.677737
vt 0.222894 0.669389
vt 0.230795 0.690738
vt 0.214580 0.673331
vt 0.255169 0.635980
vt 0.209247 0.651622
vt 0.212257 0.646489
vt 0.250906 0.700509
vt 0.186297 0.642693
vt 0.203173 0.687429
vt 0.259907 0.640840
vt 0.181377 0.649984
vt 0.223457 0.682998
vt 0.247106 0.634049
vt 0.256382 0.704433
vt 0.190273 0.634049
vt 0.177680 0.663149
vt 0.211796 0.693556
vt 0.216936 0.688204
vt 0.205292 0.637380
vt 0.191992 0.694132
vt 0.242490 0.704392
vt 0.199610 0.698512
vt 0.178529 0.677217
vt 0.184767 0.690192
vt 0.222283 0.696273
vt 0.231582 0.703616
vt 0.176869 0.655128
vt 0.180374 0.640146
vt 0.208743 0.703278
vt 0.218093 0.702755
vt 0.187595 0.701725
vt 0.197934 0.705215
vt 0.170197 0.667590
vt 0.165439 0.678014
vt 0.163136 0.674855
vt 0.148160 0.692179
vt 0.756268 0.504570
vt 0.760915 0.498466
vt 0.770417 0.504323
vt 0.767140 0.509145
vt 0.777056 0.511302
vt 0.760375 0.513554
vt 0.783776 0.509206
vt 0.746501 0.507851
vt 0.747749 0.516256
vt 0.769283 0.515067
vt 0.740698 0.511857
vt 0.734226 0.517602
vt 0.731495 0.512261
vt 0.726687 0.515682
vt 0.728820 0.522053
vt 0.789415 0.516010
vt 0.801781 0.512014
vt 0.777237 0.521604
vt 0.760199 0.524996
vt 0.741032 0.524857
vt 0.800591 0.524807
vt 0.807317 0.504528
vt 0.813804 0.507940
vt 0.813564 0.520163
vt 0.746328 0.535594
vt 0.736723 0.535349
vt 0.729146 0.534009
vt 0.773366 0.530503
vt 0.786728 0.530883
vt 0.759790 0.535837
vt 0.813804 0.539477
vt 0.800723 0.536535
vt 0.778107 0.539253
vt 0.767786 0.540855
vt 0.733030 0.546798
vt 0.791236 0.543335
vt 0.740866 0.550987
vt 0.753604 0.549863
vt 0.772896 0.551965
vt 0.764902 0.553768
vt 0.803022 0.551715
vt 0.737474 0.559480
vt 0.792884 0.557477
vt 0.812590 0.562721
vt 0.759749 0.565519
vt 0.782704 0.565270
vt 0.745078 0.565676
vt 0.770482 0.565654
vt 0.739428 0.568703
vt 0.805325 0.565455
vt 0.795891 0.569638
vt 0.741353 0.578729
vt 0.732666 0.569426
vt 0.781183 0.574811
vt 0.758798 0.576120
vt 0.750374 0.578442
vt 0.735546 0.580536
vt 0.763390 0.579320
vt 0.805296 0.577135
vt 0.771249 0.583100
vt 0.812542 0.572591
vt 0.757317 0.581113
vt 0.738225 0.585275
vt 0.764858 0.586810
vt 0.749516 0.585790
vt 0.781455 0.584675
vt 0.809525 0.584209
vt 0.797616 0.584707
vt 0.705884 0.869899
vt 0.714448 0.872727
vt 0.703570 0.850420
vt 0.714584 0.849909
vt 0.697614 0.888903
vt 0.712491 0.892638
vt 0.692079 0.877238
vt 0.721417 0.891642
vt 0.721779 0.867808
vt 0.709981 0.835369
vt 0.691939 0.856119
vt 0.645406 0.889236
vt 0.659288 0.884023
vt 0.650759 0.867301
vt 0.665668 0.866936
vt 0.682974 0.885944
vt 0.683552 0.896916
vt 0.689562 0.897855
vt 0.695220 0.898780
vt 0.721023 0.844939
vt 0.713183 0.904125
vt 0.659339 0.845819
vt 0.683492 0.873713
vt 0.701706 0.896798
vt 0.642389 0.873805
vt 0.640798 0.890258
vt 0.648591 0.899731
vt 0.655588 0.894910
vt 0.645382 0.852025
vt 0.669570 0.892050
vt 0.700609 0.834373
vt 0.640798 0.858995
vt 0.673810 0.876861
vt 0.719837 0.835068
vt 0.651589 0.905970
vt 0.699143 0.904291
vt 0.643664 0.842941
vt 0.642926 0.901834
vt 0.662567 0.900168
vt 0.676017 0.890415
vt 0.676952 0.858226
vt 0.676130 0.900933
vt 0.649082 0.834261
vt 0.685615 0.845357
vt 0.674131 0.844430
vt 0.656042 0.908896
vt 0.666008 0.904809
vt 0.659435 0.830368
vt 0.667835 0.834610
vt 0.677583 0.837981
vt 0.976560 0.809250
vt 0.981739 0.796626
vt 0.981902 0.808175
vt 0.974583 0.801661
vt 0.969940 0.812356
vt 0.973385 0.818098
vt 0.976768 0.823381
vt 0.966820 0.825013
vt 0.971029 0.825973
vt 0.973956 0.832273
vt 0.968534 0.836939
vt 0.962270 0.841403
vt 0.972723 0.844158
vt 0.965639 0.851413
vt 0.973218 0.865068
vt 0.964979 0.869947
vt 0.968998 0.880984
vt 0.973968 0.881287
vt 0.970150 0.890506
vt 0.964363 0.879703
vt 0.977154 0.894120
vt 0.974457 0.908365
vt 0.969979 0.909086
vt 0.979367 0.906449
vt 0.981902 0.914417
vt 0.743795 0.296626
vt 0.748537 0.302218
vt 0.740200 0.304494
vt 0.759594 0.306203
vt 0.751489 0.310627
vt 0.733388 0.311638
vt 0.722133 0.300905
vt 0.761847 0.312590
vt 0.745629 0.313571
vt 0.709114 0.306668
vt 0.718452 0.312127
vt 0.765963 0.317111
vt 0.768631 0.311851
vt 0.757019 0.318341
vt 0.743576 0.326738
vt 0.749808 0.317862
vt 0.756311 0.328240
vt 0.703981 0.325078
vt 0.767580 0.324187
vt 0.724671 0.323425
vt 0.734462 0.321329
vt 0.715590 0.318781
vt 0.737895 0.331788
vt 0.769016 0.336948
vt 0.712906 0.331487
vt 0.758240 0.342380
vt 0.750591 0.339932
vt 0.725889 0.331849
vt 0.716115 0.338756
vt 0.765317 0.350323
vt 0.772032 0.350774
vt 0.705786 0.345594
vt 0.758551 0.353526
vt 0.766690 0.360350
vt 0.696415 0.342189
vt 0.774540 0.364784
vt 0.700659 0.354248
vt 0.762124 0.366569
vt 0.772937 0.374732
vt 0.766685 0.373363
vt 0.693514 0.360830
vt 0.698856 0.366734
vt 0.764146 0.378551
vt 0.765576 0.385583
vt 0.690830 0.379961
vt 0.685583 0.367186
vt 0.698314 0.385583
vt 0.474984 0.529152
vt 0.468826 0.541588
vt 0.461043 0.525069
vt 0.461146 0.506098
vt 0.471700 0.510203
vt 0.477266 0.542510
vt 0.481498 0.551719
vt 0.489437 0.549152
vt 0.463661 0.492642
vt 0.470635 0.489897
vt 0.481228 0.520761
vt 0.472932 0.498311
vt 0.476027 0.474069
vt 0.479509 0.511036
vt 0.478017 0.499432
vt 0.496216 0.556135
vt 0.483212 0.518617
vt 0.480675 0.490950
vt 0.502493 0.537667
vt 0.485590 0.477857
vt 0.497132 0.522549
vt 0.491120 0.519043
vt 0.485156 0.492065
vt 0.510629 0.548917
vt 0.489276 0.489901
vt 0.511480 0.555648
vt 0.496457 0.514359
vt 0.492515 0.497985
vt 0.488418 0.468509
vt 0.496677 0.495979
vt 0.498043 0.507159
vt 0.497595 0.475954
vt 0.517572 0.515965
vt 0.512087 0.499613
vt 0.524560 0.550998
vt 0.513704 0.448773
vt 0.518011 0.453203
vt 0.501086 0.453312
vt 0.509719 0.466804
vt 0.523060 0.532084
vt 0.511477 0.485319
vt 0.529880 0.543228
vt 0.541760 0.550174
vt 0.542340 0.554540
vt 0.531611 0.555795
vt 0.523651 0.450693
vt 0.516855 0.472532
vt 0.532979 0.545991
vt 0.526672 0.482570
vt 0.529749 0.496644
vt 0.537532 0.526552
vt 0.549166 0.543173
vt 0.536581 0.454766
vt 0.530942 0.457277
vt 0.540628 0.538324
vt 0.556373 0.541986
vt 0.556260 0.546044
vt 0.541556 0.505335
vt 0.539574 0.464698
vt 0.527719 0.471825
vt 0.558601 0.531226
vt 0.547776 0.467920
vt 0.548305 0.525559
vt 0.540281 0.491332
vt 0.536999 0.478886
vt 0.563776 0.534845
vt 0.547385 0.517153
vt 0.546183 0.458922
vt 0.550457 0.464704
vt 0.559062 0.482337
vt 0.563325 0.520313
vt 0.551025 0.510128
vt 0.556770 0.515791
vt 0.567297 0.522156
vt 0.559306 0.473052
vt 0.563591 0.509333
vt 0.544196 0.486704
vt 0.548506 0.497271
vt 0.558727 0.499128
vt 0.563869 0.494240
vt 0.568405 0.508203
vt 0.568405 0.493976
vt 0.083554 0.596183
vt 0.078144 0.609643
vt 0.070479 0.612635
vt 0.055314 0.614986
vt 0.063446 0.605454
vt 0.047999 0.608798
vt 0.034795 0.615031
vt 0.084799 0.605012
vt 0.032019 0.611747
vt 0.018812 0.612259
vt 0.025748 0.600904
vt 0.095338 0.590566
vt 0.009553 0.604871
vt 0.073195 0.595153
vt 0.041085 0.598067
vt 0.079330 0.587151
vt 0.003674 0.590728
vt 0.094007 0.575828
vt 0.085935 0.570676
vt 0.018310 0.584281
vt 0.000731 0.592462
vt 0.032760 0.579945
vt 0.100985 0.576216
vt 0.098127 0.560976
vt 0.102761 0.567395
vt 0.080335 0.566703
vt 0.077758 0.586247
vt 0.000307 0.584314
vt 0.101048 0.556123
vt 0.002147 0.567445
vt 0.021754 0.566656
vt 0.088512 0.541057
vt 0.086942 0.549200
vt 0.026187 0.556969
vt 0.081919 0.545229
vt 0.020792 0.548161
vt 0.081494 0.533801
vt 0.008153 0.544278
vt 0.000307 0.553563
vt 0.018139 0.537988
vt 0.006102 0.539125
vt 0.023448 0.536117
vt 0.014173 0.530911
vt 0.028556 0.530806
vt 0.064256 0.521030
vt 0.067616 0.518056
vt 0.077300 0.524157
vt 0.025907 0.524296
vt 0.037158 0.523342
vt 0.039654 0.526139
vt 0.052746 0.520387
vt 0.041112 0.516165
vt 0.058193 0.513158
vt 0.022349 0.520120
vt 0.029995 0.515906
vt 0.044223 0.512577
vt 0.911350 0.600430
vt 0.902845 0.589935
vt 0.907754 0.579043
vt 0.911091 0.623148
vt 0.899252 0.620273
vt 0.898402 0.573811
vt 0.903255 0.569763
vt 0.893897 0.606113
vt 0.893917 0.582611
vt 0.896208 0.629965
vt 0.889061 0.566564
vt 0.900212 0.635054
vt 0.886614 0.576704
vt 0.882919 0.592528
vt 0.886460 0.627510
vt 0.886565 0.638957
vt 0.878546 0.612616
vt 0.876426 0.570892
vt 0.866104 0.566564
vt 0.875628 0.581918
vt 0.872572 0.599710
vt 0.873896 0.625778
vt 0.877207 0.638425
vt 0.865214 0.577586
vt 0.863166 0.589244
vt 0.855533 0.609603
vt 0.859549 0.605377
vt 0.853679 0.575577
vt 0.846996 0.588353
vt 0.850587 0.597145
vt 0.846620 0.566711
vt 0.841290 0.578889
vt 0.834282 0.586898
vt 0.832482 0.571529
vt 0.828332 0.579004
vt 0.826687 0.587065
vt 0.667689 0.197239
vt 0.669268 0.207679
vt 0.665445 0.204379
vt 0.664486 0.214864
vt 0.668096 0.229752
vt 0.663497 0.230286
vt 0.674073 0.222585
vt 0.669405 0.240404
vt 0.679662 0.234273
vt 0.688985 0.251746
vt 0.680806 0.250498
vt 0.691957 0.243874
vt 0.705956 0.248315
vt 0.707831 0.255146
vt 0.705749 0.257091
vt 0.719700 0.261043
vt 0.722578 0.249213
vt 0.720602 0.254956
vt 0.733669 0.252864
vt 0.738147 0.246701
vt 0.744197 0.257183
vt 0.735746 0.260387
vt 0.748360 0.244726
vt 0.769095 0.212814
vt 0.768617 0.197239
vt 0.773163 0.208575
vt 0.759723 0.241373
vt 0.760302 0.231424
vt 0.768121 0.226588
vt 0.775153 0.218730
vt 0.754470 0.252132
vt 0.771996 0.231715
vt 0.765318 0.244039
vt 0.680323 0.656034
vt 0.688195 0.652362
vt 0.687701 0.658727
vt 0.679262 0.642030
vt 0.688650 0.696561
vt 0.684177 0.702147
vt 0.681267 0.692498
vt 0.677738 0.665693
vt 0.672809 0.616821
vt 0.688650 0.615780
vt 0.680554 0.627736
vt 0.665954 0.622460
vt 0.674949 0.652592
vt 0.673258 0.696142
vt 0.672278 0.700686
vt 0.675522 0.658960
vt 0.665890 0.635874
vt 0.674243 0.676363
vt 0.676669 0.687553
vt 0.658779 0.686463
vt 0.663304 0.653379
vt 0.669948 0.664309
vt 0.664855 0.673492
vt 0.660978 0.694661
vt 0.662031 0.700632
vt 0.658154 0.614087
vt 0.661256 0.665117
vt 0.651502 0.626989
vt 0.654199 0.675277
vt 0.652198 0.641796
vt 0.652078 0.661373
vt 0.647480 0.617224
vt 0.647782 0.695469
vt 0.635397 0.633668
vt 0.641347 0.656878
vt 0.649993 0.608282
vt 0.642773 0.672065
vt 0.644383 0.613936
vt 0.631878 0.683416
vt 0.638471 0.616157
vt 0.640483 0.666439
vt 0.627896 0.622653
vt 0.632062 0.647058
vt 0.632770 0.672284
vt 0.629104 0.694458
vt 0.623091 0.615873
vt 0.619801 0.658714
vt 0.625927 0.689343
vt 0.618018 0.635719
vt 0.612749 0.690787
vt 0.607008 0.643908
vt 0.608982 0.625038
vt 0.607457 0.616497
vt 0.608924 0.678799
vt 0.605480 0.665205
vt 0.597737 0.618411
vt 0.601242 0.632228
vt 0.600776 0.685208
vt 0.599009 0.677178
vt 0.600178 0.691948
vt 0.594785 0.646884
vt 0.597186 0.663770
vt 0.016871 0.626074
vt 0.021779 0.620323
vt 0.016871 0.616258
vt 0.454675 0.725410
vt 0.451840 0.709406
vt 0.459327 0.714876
vt 0.459334 0.704532
vt 0.455037 0.695610
vt 0.460711 0.695958
vt 0.458071 0.680479
vt 0.465676 0.686745
vt 0.459687 0.736906
vt 0.454245 0.736815
vt 0.470317 0.727777
vt 0.463214 0.744384
vt 0.465559 0.674818
vt 0.465379 0.701436
vt 0.465765 0.693944
vt 0.466792 0.707946
vt 0.480233 0.736900
vt 0.476990 0.719474
vt 0.479535 0.684069
vt 0.476875 0.679615
vt 0.472481 0.746016
vt 0.474518 0.713892
vt 0.480774 0.667146
vt 0.491911 0.676822
vt 0.489175 0.745485
vt 0.485696 0.751840
vt 0.487029 0.726911
vt 0.493729 0.685975
vt 0.488687 0.724171
vt 0.498504 0.727989
vt 0.507225 0.674173
vt 0.501655 0.664724
vt 0.506311 0.684571
vt 0.498297 0.737953
vt 0.506609 0.687791
vt 0.503507 0.751156
vt 0.502974 0.743669
vt 0.510380 0.735461
vt 0.516462 0.671673
vt 0.503078 0.725655
vt 0.510668 0.727095
vt 0.518283 0.744136
vt 0.519990 0.687012
vt 0.519519 0.751840
vt 0.520689 0.727462
vt 0.525412 0.732241
vt 0.529000 0.683254
vt 0.534163 0.672841
vt 0.525912 0.721925
vt 0.528729 0.702483
vt 0.530833 0.746545
vt 0.528863 0.711824
vt 0.534112 0.710362
vt 0.537957 0.721584
vt 0.539630 0.685231
vt 0.539495 0.698141
vt 0.537337 0.735554
vt 0.543836 0.676674
vt 0.543323 0.716183
vt 0.545400 0.698271
vt 0.544351 0.731500
vt 0.548159 0.710184
vt 0.960724 0.062883
vt 0.967752 0.069897
vt 0.957533 0.080817
vt 0.963677 0.090969
vt 0.975153 0.076069
vt 0.954132 0.094481
vt 0.972794 0.091921
vt 0.954322 0.106170
vt 0.971071 0.107920
vt 0.964519 0.115444
vt 0.956683 0.120908
vt 0.951955 0.114200
vt 0.955744 0.132286
vt 0.950613 0.126907
vt 0.970905 0.122380
vt 0.963785 0.128608
vt 0.956581 0.132890
vt 0.971067 0.132415
vt 0.966346 0.142584
vt 0.959177 0.142818
vt 0.972353 0.143145
vt 0.961604 0.157671
vt 0.968391 0.155935
vt 0.975153 0.157314
vt 0.971850 0.169632
vt 0.963755 0.168889
vt 0.009711 0.730431
vt 0.006485 0.747691
vt 0.002761 0.733123
vt 0.005940 0.721037
vt 0.016022 0.706051
vt 0.013257 0.764686
vt 0.007115 0.758821
vt 0.017469 0.744754
vt 0.022037 0.761753
vt 0.019839 0.735019
vt 0.019708 0.720097
vt 0.016970 0.773238
vt 0.027392 0.695399
vt 0.029113 0.699910
vt 0.029203 0.706369
vt 0.026067 0.746610
vt 0.033748 0.776280
vt 0.032289 0.783660
vt 0.035608 0.757727
vt 0.034062 0.748892
vt 0.038330 0.697634
vt 0.041655 0.750058
vt 0.053326 0.745052
vt 0.041686 0.783742
vt 0.049505 0.772723
vt 0.052267 0.752566
vt 0.056300 0.781018
vt 0.058196 0.759793
vt 0.064082 0.743549
vt 0.071540 0.751332
vt 0.071654 0.698039
vt 0.068459 0.700799
vt 0.070554 0.695399
vt 0.068098 0.735218
vt 0.069105 0.770204
vt 0.072476 0.706327
vt 0.072063 0.715348
vt 0.076295 0.704808
vt 0.069893 0.775252
vt 0.076242 0.735495
vt 0.072839 0.726925
vt 0.076830 0.721468
vt 0.081659 0.718485
vt 0.079316 0.761553
vt 0.084266 0.710100
vt 0.085296 0.741369
vt 0.089506 0.730673
vt 0.091104 0.719720
vt 0.087790 0.750567
vt 0.762270 0.224024
vt 0.753842 0.221354
vt 0.757424 0.215753
vt 0.756629 0.228432
vt 0.758783 0.194496
vt 0.752132 0.189297
vt 0.762270 0.184051
vt 0.754188 0.205092
vt 0.746587 0.212917
vt 0.740339 0.221786
vt 0.735345 0.229141
vt 0.758632 0.149895
vt 0.752228 0.158652
vt 0.743590 0.152209
vt 0.741744 0.171831
vt 0.752764 0.169390
vt 0.754706 0.180213
vt 0.759832 0.137249
vt 0.739009 0.160889
vt 0.739509 0.183458
vt 0.740295 0.198265
vt 0.746358 0.132822
vt 0.744053 0.192861
vt 0.731939 0.203052
vt 0.725687 0.143519
vt 0.715779 0.225299
vt 0.729278 0.189456
vt 0.726811 0.161684
vt 0.727807 0.179700
vt 0.720089 0.217508
vt 0.723709 0.154781
vt 0.724940 0.134581
vt 0.717576 0.167761
vt 0.712747 0.192022
vt 0.714273 0.179273
vt 0.711806 0.157047
vt 0.705728 0.204589
vt 0.706088 0.221259
vt 0.711082 0.150689
vt 0.090423 0.955801
vt 0.104346 0.960301
vt 0.109509 0.956703
vt 0.700807 0.167536
vt 0.701018 0.184518
vt 0.701702 0.139130
vt 0.696251 0.225704
vt 0.096648 0.960742
vt 0.097345 0.964290
vt 0.696994 0.192602
vt 0.700652 0.144464
vt 0.697811 0.154171
vt 0.693121 0.198883
vt 0.690300 0.179514
vt 0.083687 0.959658
vt 0.688802 0.219772
vt 0.091274 0.965200
vt 0.685337 0.161619
vt 0.074005 0.971020
vt 0.091611 0.970355
vt 0.683999 0.187482
vt 0.684321 0.210173
vt 0.083676 0.972699
vt 0.681948 0.197721
vt 0.689234 0.148670
vt 0.689243 0.142807
vt 0.675767 0.223535
vt 0.677214 0.172736
vt 0.684301 0.153146
vt 0.080626 0.954792
vt 0.071074 0.957153
vt 0.681876 0.147150
vt 0.067474 0.962254
vt 0.676860 0.142168
vt 0.070133 0.954295
vt 0.059465 0.957256
vt 0.063121 0.972699
vt 0.057975 0.961979
vt 0.058063 0.968598
vt 0.673896 0.166874
vt 0.676344 0.177021
vt 0.667666 0.172666
vt 0.668900 0.181779
vt 0.672065 0.187043
vt 0.679240 0.102981
vt 0.688650 0.102147
vt 0.682803 0.110394
vt 0.657670 0.186833
vt 0.669233 0.155825
vt 0.679277 0.149562
vt 0.675449 0.110504
vt 0.674425 0.120824
vt 0.672000 0.148475
vt 0.660719 0.180681
vt 0.671693 0.141064
vt 0.658632 0.166590
vt 0.673843 0.130551
vt 0.664418 0.123455
vt 0.665604 0.114291
vt 0.663282 0.138648
vt 0.658697 0.147897
vt 0.662306 0.106335
vt 0.651077 0.180482
vt 0.634589 0.186027
vt 0.648089 0.147801
vt 0.647627 0.165941
vt 0.652929 0.131236
vt 0.650764 0.113265
vt 0.635156 0.174594
vt 0.637471 0.160665
vt 0.640949 0.108001
vt 0.636014 0.139867
vt 0.636548 0.124311
vt 0.628200 0.149561
vt 0.623408 0.179710
vt 0.629351 0.110217
vt 0.621856 0.142910
vt 0.624331 0.162271
vt 0.614919 0.186414
vt 0.616045 0.172802
vt 0.625760 0.102147
vt 0.623766 0.123537
vt 0.611414 0.159876
vt 0.613051 0.136067
vt 0.608246 0.178980
vt 0.604123 0.146247
vt 0.615955 0.112791
vt 0.608284 0.104705
vt 0.600020 0.187294
vt 0.607119 0.196626
vt 0.603774 0.165149
vt 0.603778 0.120358
vt 0.597748 0.154524
vt 0.594172 0.142571
vt 0.596386 0.143657
vt 0.601134 0.135241
vt 0.605432 0.111046
vt 0.598099 0.104733
vt 0.856170 0.232567
vt 0.856134 0.243036
vt 0.849434 0.238402
vt 0.851549 0.223976
vt 0.859361 0.218559
vt 0.870887 0.236030
vt 0.849375 0.257540
vt 0.855887 0.267189
vt 0.850219 0.268046
vt 0.864161 0.256541
vt 0.853679 0.251460
vt 0.855386 0.211439
vt 0.846382 0.252888
vt 0.843646 0.226088
vt 0.846756 0.221076
vt 0.842025 0.234069
vt 0.850507 0.211121
vt 0.879448 0.218711
vt 0.864901 0.268289
vt 0.856254 0.278320
vt 0.867730 0.208896
vt 0.870852 0.274663
vt 0.879393 0.248712
vt 0.878879 0.265508
vt 0.881288 0.229421
vt 0.887857 0.239938
vt 0.889170 0.259225
vt 0.887996 0.227876
vt 0.895257 0.220844
vt 0.886673 0.209766
vt 0.885208 0.273928
vt 0.892216 0.272566
vt 0.896483 0.232788
vt 0.893422 0.279480
vt 0.898314 0.247073
vt 0.902259 0.262552
vt 0.907764 0.237804
vt 0.912071 0.249748
vt 0.917151 0.235269
vt 0.905152 0.228226
vt 0.900731 0.215225
vt 0.919926 0.248184
vt 0.905299 0.275080
vt 0.923467 0.241805
vt 0.913063 0.223590
vt 0.914462 0.264535
vt 0.923573 0.230876
vt 0.915243 0.274907
vt 0.923620 0.256313
vt 0.912736 0.208896
vt 0.921084 0.263735
vt 0.911143 0.282515
vt 0.920185 0.222203
vt 0.922210 0.274220
vt 0.918400 0.280620
vt 0.920852 0.211036
vt 0.951968 0.325722
vt 0.965821 0.327968
vt 0.960678 0.330399
vt 0.983129 0.331381
vt 0.976397 0.337117
vt 0.973275 0.325798
vt 0.960697 0.320256
vt 0.941411 0.320900
vt 0.948600 0.314444
vt 0.975483 0.317802
vt 0.961636 0.303788
vt 0.969234 0.311616
vt 0.973548 0.312522
vt 0.955791 0.294623
vt 0.971300 0.299674
vt 0.948166 0.301304
vt 0.973465 0.289109
vt 0.969795 0.292097
vt 0.965008 0.283769
vt 0.973531 0.284027
vt 0.952718 0.286249
vt 0.961635 0.275644
vt 0.972341 0.274136
vt 0.976789 0.276660
vt 0.976369 0.266265
vt 0.966486 0.265456
vt 0.957798 0.269046
vt 0.956282 0.258965
vt 0.968290 0.259285
vt 0.983129 0.262352
vt 0.977673 0.256135
vt 0.406284 0.333563
vt 0.410352 0.326954
vt 0.412577 0.333011
vt 0.401477 0.308939
vt 0.394156 0.361394
vt 0.401075 0.332052
vt 0.396608 0.321264
vt 0.394635 0.299693
vt 0.392608 0.336715
vt 0.386420 0.360116
vt 0.353894 0.359987
vt 0.348052 0.352134
vt 0.353917 0.346677
vt 0.378500 0.380028
vt 0.344248 0.361882
vt 0.374092 0.375228
vt 0.346726 0.376180
vt 0.374532 0.394154
vt 0.330594 0.357504
vt 0.340630 0.377540
vt 0.357080 0.391079
vt 0.361619 0.400837
vt 0.324606 0.370196
vt 0.299243 0.305931
vt 0.309171 0.300757
vt 0.308247 0.306867
vt 0.305648 0.299693
vt 0.303519 0.313628
vt 0.338872 0.388934
vt 0.345753 0.399886
vt 0.341149 0.406743
vt 0.331776 0.389631
vt 0.294929 0.314718
vt 0.301403 0.319359
vt 0.302944 0.321610
vt 0.334168 0.393938
vt 0.302786 0.325026
vt 0.295530 0.328418
vt 0.314832 0.355126
vt 0.294640 0.321898
vt 0.288766 0.311407
vt 0.300736 0.335749
vt 0.304469 0.339199
vt 0.293859 0.342534
vt 0.324041 0.395375
vt 0.314755 0.383375
vt 0.327705 0.401255
vt 0.305026 0.352972
vt 0.308839 0.348969
vt 0.283598 0.326398
vt 0.300622 0.370473
vt 0.317813 0.391712
vt 0.288520 0.332838
vt 0.318682 0.406723
vt 0.278025 0.323730
vt 0.288943 0.341265
vt 0.326943 0.410736
vt 0.292638 0.360396
vt 0.314269 0.395685
vt 0.312410 0.397144
vt 0.306417 0.388111
vt 0.284699 0.343971
vt 0.279576 0.344012
vt 0.272975 0.333537
vt 0.277164 0.335727
vt 0.305394 0.399773
vt 0.306748 0.392164
vt 0.283572 0.354270
vt 0.299959 0.386347
vt 0.293558 0.382160
vt 0.312092 0.409040
vt 0.283460 0.363536
vt 0.275897 0.345511
vt 0.295982 0.398364
vt 0.271544 0.343066
vt 0.277842 0.355730
vt 0.268225 0.341991
vt 0.287059 0.386212
vt 0.269029 0.357035
vt 0.276043 0.369505
vt 0.264724 0.352419
vt 0.276830 0.376882
vt 0.266747 0.361050
vt 0.270822 0.366864
vt 0.810736 0.972228
vt 0.814866 0.966304
vt 0.824302 0.966177
vt 0.824579 0.980295
vt 0.813435 0.981902
vt 0.824892 0.960642
vt 0.834411 0.972410
vt 0.832484 0.960188
vt 0.837163 0.956977
vt 0.838722 0.962871
vt 0.838328 0.977944
vt 0.846927 0.968480
vt 0.851711 0.957895
vt 0.856069 0.959445
vt 0.860545 0.974900
vt 0.856436 0.954295
vt 0.859745 0.968694
vt 0.862235 0.956822
vt 0.870169 0.958664
vt 0.876137 0.954598
vt 0.874420 0.969364
vt 0.881496 0.960546
vt 0.880226 0.974725
vt 0.890598 0.968973
vt 0.892061 0.975930
vt 0.890512 0.958782
vt 0.908371 0.962295
vt 0.902522 0.977877
vt 0.907869 0.972014
vt 0.912783 0.981902
vt 0.920552 0.973955
vt 0.919950 0.966747
vt 0.080675 0.770215
vt 0.092139 0.754909
vt 0.085913 0.770923
vt 0.095204 0.768908
vt 0.103809 0.766826
vt 0.098850 0.773058
vt 0.111630 0.772766
vt 0.097798 0.758943
vt 0.117062 0.764633
vt 0.107432 0.758658
vt 0.130800 0.772709
vt 0.106526 0.734258
vt 0.131670 0.766682
vt 0.145546 0.769539
vt 0.145352 0.776380
vt 0.087594 0.757202
vt 0.092252 0.736834
vt 0.113092 0.741375
vt 0.131318 0.750918
vt 0.157168 0.769928
vt 0.146120 0.762238
vt 0.100122 0.733702
vt 0.165323 0.771755
vt 0.163817 0.762968
vt 0.157910 0.750964
vt 0.127644 0.730322
vt 0.094296 0.721705
vt 0.147647 0.737772
vt 0.116518 0.721640
vt 0.102248 0.715310
vt 0.176380 0.758810
vt 0.165367 0.740244
vt 0.173724 0.740882
vt 0.111327 0.710045
vt 0.148573 0.719822
vt 0.098205 0.706643
vt 0.106155 0.703208
vt 0.123156 0.711455
vt 0.134805 0.710521
vt 0.116816 0.703516
vt 0.170994 0.725664
vt 0.126887 0.704280
vt 0.153070 0.702924
vt 0.139716 0.701822
vt 0.167247 0.716766
vt 0.163549 0.707787
vt 0.174570 0.718739
vt 0.172002 0.706005
vt 0.169954 0.695399
vt 0.176380 0.698793
vt 0.759397 0.654964
vt 0.766331 0.650613
vt 0.767178 0.656235
vt 0.763552 0.662580
vt 0.746571 0.661607
vt 0.744330 0.670627
vt 0.756535 0.671611
vt 0.731478 0.671852
vt 0.730756 0.662291
vt 0.748999 0.675392
vt 0.716939 0.673034
vt 0.738493 0.679851
vt 0.745930 0.680875
vt 0.727356 0.683845
vt 0.737341 0.687091
vt 0.739661 0.694456
vt 0.721344 0.682131
vt 0.714099 0.682325
vt 0.718591 0.693806
vt 0.728853 0.697800
vt 0.714746 0.689940
vt 0.700769 0.685242
vt 0.701083 0.688104
vt 0.734755 0.708762
vt 0.703304 0.701757
vt 0.689917 0.693478
vt 0.724873 0.708484
vt 0.717651 0.706036
vt 0.714048 0.700968
vt 0.693538 0.699423
vt 0.718930 0.714383
vt 0.709924 0.713051
vt 0.739437 0.717493
vt 0.731841 0.726560
vt 0.696248 0.703931
vt 0.688650 0.705952
vt 0.055521 0.713653
vt 0.057975 0.726687
vt 0.057975 0.712980
vt 0.721431 0.722256
vt 0.699845 0.714623
vt 0.748514 0.737842
vt 0.754503 0.731513
vt 0.032822 0.710593
vt 0.039684 0.707669
vt 0.040025 0.715318
vt 0.709609 0.723284
vt 0.051919 0.707669
vt 0.765331 0.735982
vt 0.052454 0.718098
vt 0.057889 0.700307
vt 0.767044 0.744467
vt 0.699735 0.725414
vt 0.742622 0.741884
vt 0.689394 0.717281
vt 0.711863 0.737525
vt 0.719568 0.735858
vt 0.696221 0.729746
vt 0.754627 0.749039
vt 0.728885 0.746194
vt 0.767178 0.751840
vt 0.719995 0.747765
vt 0.708949 0.740253
vt 0.966286 0.694172
vt 0.969115 0.701275
vt 0.961656 0.695870
vt 0.966410 0.714626
vt 0.976245 0.712807
vt 0.975012 0.726634
vt 0.971237 0.739340
vt 0.981298 0.741890
vt 0.976427 0.750941
vt 0.969704 0.749772
vt 0.973726 0.767304
vt 0.981902 0.760414
vt 0.968374 0.765918
vt 0.979215 0.769232
vt 0.967485 0.778304
vt 0.980262 0.778971
vt 0.973808 0.784055
vt 0.978405 0.784398
vt 0.975306 0.793251
vt 0.966696 0.785906
vt 0.968174 0.792217
vt 0.968454 0.796357
vt 0.971612 0.804515
vt 0.961656 0.808282
vt 0.266539 0.841013
vt 0.272634 0.833436
vt 0.275530 0.838549
vt 0.288346 0.833922
vt 0.292712 0.837727
vt 0.312822 0.837737
vt 0.283734 0.847838
vt 0.303868 0.833436
vt 0.270341 0.854325
vt 0.303539 0.844410
vt 0.282210 0.857409
vt 0.317605 0.845753
vt 0.296581 0.853753
vt 0.272078 0.870249
vt 0.332395 0.838098
vt 0.338262 0.848862
vt 0.340150 0.837315
vt 0.311332 0.856707
vt 0.283766 0.864355
vt 0.327966 0.855529
vt 0.298265 0.858321
vt 0.265951 0.863473
vt 0.301544 0.863923
vt 0.293196 0.866525
vt 0.278843 0.875525
vt 0.284714 0.879109
vt 0.336993 0.867893
vt 0.309507 0.865761
vt 0.312143 0.868560
vt 0.304057 0.869517
vt 0.040184 0.647770
vt 0.034461 0.651841
vt 0.035186 0.649019
vt 0.029141 0.649812
vt 0.032223 0.644478
vt 0.039584 0.644478
vt 0.340858 0.859894
vt 0.300934 0.877344
vt 0.269950 0.884015
vt 0.274888 0.889223
vt 0.329776 0.877508
vt 0.316173 0.875526
vt 0.307030 0.874260
vt 0.286447 0.889882
vt 0.314718 0.886994
vt 0.342085 0.879819
vt 0.280473 0.898378
vt 0.337697 0.884423
vt 0.304026 0.895207
vt 0.326547 0.896727
vt 0.280520 0.906031
vt 0.271752 0.902491
vt 0.291879 0.903340
vt 0.306659 0.903967
vt 0.342478 0.903917
vt 0.338432 0.899824
vt 0.293413 0.907607
vt 0.307593 0.908932
vt 0.324472 0.911458
vt 0.337596 0.911963
vt 0.344479 0.911943
vt 0.968944 0.435187
vt 0.972086 0.447546
vt 0.966363 0.438722
vt 0.961506 0.423914
vt 0.957338 0.425457
vt 0.954646 0.412000
vt 0.960015 0.405720
vt 0.954527 0.395137
vt 0.959467 0.390055
vt 0.958442 0.382778
vt 0.952454 0.384507
vt 0.958213 0.372903
vt 0.956106 0.369388
vt 0.962374 0.371747
vt 0.964194 0.360706
vt 0.962164 0.356065
vt 0.967893 0.352096
vt 0.972086 0.334663
vt 0.971975 0.343150
vt 0.072719 0.916542
vt 0.079531 0.912042
vt 0.075836 0.922707
vt 0.073222 0.907271
vt 0.080675 0.905466
vt 0.078191 0.891437
vt 0.068991 0.888713
vt 0.075505 0.880911
vt 0.074821 0.898929
vt 0.066175 0.929269
vt 0.065882 0.876780
vt 0.075577 0.873773
vt 0.064891 0.870245
vt 0.066628 0.940336
vt 0.059562 0.900716
vt 0.061203 0.920687
vt 0.054100 0.933931
vt 0.059628 0.943865
vt 0.054584 0.870387
vt 0.055559 0.885897
vt 0.047925 0.918710
vt 0.047266 0.875471
vt 0.046970 0.906902
vt 0.040374 0.892916
vt 0.040826 0.886082
vt 0.036017 0.871511
vt 0.029413 0.927293
vt 0.038564 0.907737
vt 0.038633 0.938799
vt 0.037875 0.899227
vt 0.029919 0.935905
vt 0.029548 0.917674
vt 0.032046 0.881963
vt 0.033150 0.890651
vt 0.026234 0.903361
vt 0.032481 0.898084
vt 0.019930 0.940155
vt 0.025833 0.943865
vt 0.015906 0.887248
vt 0.013560 0.875352
vt 0.018326 0.933074
vt 0.013274 0.924014
vt 0.012016 0.902746
vt 0.004830 0.931827
vt 0.009205 0.938383
vt 0.005741 0.915953
vt 0.006027 0.879510
vt 0.002917 0.896434
vt 0.000307 0.924238
vt 0.000359 0.911396
vt 0.000467 0.885757
vt 0.024847 0.667178
vt 0.033894 0.670859
vt 0.040798 0.667178
vt 0.469018 0.157975
vt 0.452879 0.156939
vt 0.463363 0.149628
vt 0.449294 0.150734
vt 0.441073 0.136070
vt 0.457918 0.134049
vt 0.451095 0.143006
vt 0.437155 0.155498
vt 0.435784 0.146394
vt 0.425159 0.136577
vt 0.427512 0.151978
vt 0.420525 0.157350
vt 0.417742 0.146920
vt 0.414619 0.136104
vt 0.406768 0.155241
vt 0.379270 0.149323
vt 0.376380 0.143850
vt 0.387702 0.144597
vt 0.404536 0.144485
vt 0.396626 0.138417
vt 0.377419 0.155803
vt 0.387905 0.157975
vt 0.394742 0.148479
vt 0.024847 0.675767
vt 0.040184 0.675767
vt 0.029480 0.670859
vt 0.036976 0.640562
vt 0.039710 0.635890
vt 0.040798 0.641411
vt 0.033750 0.636609
vt 0.029141 0.641411
vt 0.010903 0.626074
vt 0.009509 0.623310
vt 0.013804 0.621233
vt 0.009509 0.616258
vt 0.916258 0.426576
vt 0.924386 0.416216
vt 0.922720 0.429141
vt 0.919753 0.412534
vt 0.923502 0.403436
vt 0.931711 0.403407
vt 0.926027 0.394345
vt 0.932115 0.390820
vt 0.937808 0.393296
vt 0.938552 0.410668
vt 0.944508 0.399066
vt 0.946783 0.405719
vt 0.938206 0.376205
vt 0.919867 0.384873
vt 0.927529 0.379146
vt 0.933600 0.377774
vt 0.922826 0.365017
vt 0.929413 0.364760
vt 0.934907 0.355932
vt 0.933964 0.347927
vt 0.938166 0.347280
vt 0.951548 0.388557
vt 0.934566 0.365948
vt 0.937231 0.361856
vt 0.940648 0.354934
vt 0.947821 0.386331
vt 0.943212 0.348327
vt 0.926031 0.357249
vt 0.944646 0.366398
vt 0.941497 0.378880
vt 0.920574 0.342898
vt 0.919652 0.351161
vt 0.916258 0.338986
vt 0.946189 0.357285
vt 0.943335 0.378489
vt 0.941888 0.393642
vt 0.951238 0.374653
vt 0.946899 0.374108
vt 0.948074 0.362280
vt 0.951627 0.353444
vt 0.947078 0.348882
vt 0.948879 0.348100
vt 0.947378 0.352273
vt 0.955264 0.361085
vt 0.949735 0.340182
vt 0.958006 0.340942
vt 0.955667 0.349048
vt 0.958288 0.349871
vt 0.961067 0.343318
vt 0.964110 0.338095
vt 0.960961 0.334663
vt 0.575071 0.702048
vt 0.578223 0.707620
vt 0.570245 0.711350
vt 0.578359 0.694323
vt 0.572172 0.689113
vt 0.577956 0.685599
vt 0.585903 0.678996
vt 0.574115 0.682455
vt 0.577356 0.674213
vt 0.583348 0.674023
vt 0.571873 0.672345
vt 0.580256 0.666360
vt 0.575889 0.666119
vt 0.570245 0.638344
vt 0.580934 0.646181
vt 0.576397 0.648228
vt 0.584208 0.657171
vt 0.571288 0.663548
vt 0.591770 0.665366
vt 0.579041 0.658102
vt 0.594172 0.670339
vt 0.586718 0.651605
vt 0.860185 0.555967
vt 0.868618 0.544246
vt 0.878629 0.556045
vt 0.854159 0.551125
vt 0.854701 0.541250
vt 0.835246 0.543131
vt 0.844203 0.552733
vt 0.832442 0.556135
vt 0.865536 0.536388
vt 0.859028 0.531054
vt 0.854063 0.532559
vt 0.820251 0.546880
vt 0.811518 0.478834
vt 0.819824 0.484163
vt 0.816322 0.493793
vt 0.844505 0.540026
vt 0.837765 0.480806
vt 0.842081 0.490031
vt 0.829996 0.484724
vt 0.819699 0.495751
vt 0.807055 0.479537
vt 0.811550 0.494285
vt 0.887031 0.556135
vt 0.885580 0.540714
vt 0.891537 0.551413
vt 0.848069 0.486545
vt 0.847722 0.497678
vt 0.840373 0.536264
vt 0.834721 0.492837
vt 0.866386 0.526785
vt 0.854589 0.519749
vt 0.865575 0.518867
vt 0.845845 0.526830
vt 0.824143 0.495196
vt 0.871273 0.525810
vt 0.863611 0.492200
vt 0.857010 0.487366
vt 0.870937 0.486300
vt 0.855381 0.495070
vt 0.892945 0.544295
vt 0.839644 0.503756
vt 0.815883 0.506112
vt 0.879162 0.529284
vt 0.859973 0.513283
vt 0.849111 0.510233
vt 0.864926 0.503997
vt 0.822431 0.531419
vt 0.821394 0.520296
vt 0.816658 0.538811
vt 0.816742 0.523510
vt 0.836126 0.516999
vt 0.835639 0.530342
vt 0.830740 0.500541
vt 0.828334 0.525333
vt 0.821871 0.508728
vt 0.816911 0.513982
vt 0.875657 0.515331
vt 0.874603 0.494725
vt 0.881123 0.483913
vt 0.883125 0.491608
vt 0.829155 0.513710
vt 0.880010 0.504071
vt 0.889806 0.530509
vt 0.885282 0.504040
vt 0.889373 0.518404
vt 0.885547 0.519189
vt 0.737647 0.965951
vt 0.733118 0.956884
vt 0.742147 0.959271
vt 0.756989 0.954336
vt 0.760628 0.958541
vt 0.774268 0.953745
vt 0.777411 0.956809
vt 0.790233 0.952286
vt 0.791004 0.956594
vt 0.737522 0.953399
vt 0.801803 0.954510
vt 0.804141 0.949949
vt 0.753652 0.949501
vt 0.776308 0.948173
vt 0.787115 0.949075
vt 0.800744 0.947852
vt 0.732209 0.945092
vt 0.805215 0.945092
vt 0.835348 0.320475
vt 0.837705 0.303251
vt 0.846319 0.314608
vt 0.831349 0.288314
vt 0.839964 0.300470
vt 0.816464 0.289169
vt 0.824402 0.314443
vt 0.843323 0.280367
vt 0.822482 0.281189
vt 0.769397 0.294714
vt 0.775376 0.304430
vt 0.768917 0.308270
vt 0.826519 0.296896
vt 0.811860 0.293457
vt 0.776622 0.280549
vt 0.788726 0.292835
vt 0.814751 0.303839
vt 0.817997 0.274445
vt 0.805745 0.277846
vt 0.798795 0.289090
vt 0.786354 0.300636
vt 0.831091 0.276650
vt 0.820555 0.328528
vt 0.817810 0.321298
vt 0.827181 0.323909
vt 0.770995 0.239343
vt 0.782774 0.244607
vt 0.767791 0.245022
vt 0.821085 0.266678
vt 0.840711 0.266552
vt 0.788981 0.278676
vt 0.813574 0.325518
vt 0.788639 0.263453
vt 0.775328 0.264478
vt 0.779051 0.253959
vt 0.809564 0.299951
vt 0.810091 0.309289
vt 0.770045 0.252451
vt 0.846319 0.259970
vt 0.838149 0.254743
vt 0.800846 0.308110
vt 0.789553 0.315130
vt 0.791557 0.310203
vt 0.809129 0.319871
vt 0.800531 0.319951
vt 0.784101 0.238344
vt 0.789709 0.254504
vt 0.808787 0.268472
vt 0.797147 0.269120
vt 0.805927 0.264343
vt 0.799246 0.260297
vt 0.836128 0.246733
vt 0.829330 0.253343
vt 0.829495 0.260278
vt 0.822322 0.245858
vt 0.791621 0.242592
vt 0.819678 0.258257
vt 0.810131 0.258795
vt 0.796509 0.252253
vt 0.803009 0.252911
vt 0.794130 0.246873
vt 0.805890 0.238826
vt 0.801206 0.245034
vt 0.816343 0.252166
vt 0.810769 0.244186
vt 0.039675 0.978791
vt 0.043966 0.971876
vt 0.053067 0.969632
vt 0.044934 0.980846
vt 0.038473 0.976609
vt 0.034143 0.973350
vt 0.032648 0.981288
vt 0.009509 0.635276
vt 0.010896 0.626687
vt 0.011963 0.635276
vt 0.029244 0.975260
vt 0.020213 0.979197
vt 0.020219 0.972895
vt 0.008896 0.969632
vt 0.906901 0.784861
vt 0.893231 0.785660
vt 0.896382 0.777607
vt 0.914540 0.781192
vt 0.933852 0.778274
vt 0.938965 0.784679
vt 0.923935 0.781650
vt 0.888700 0.795577
vt 0.897761 0.792210
vt 0.921281 0.789879
vt 0.897506 0.799859
vt 0.888037 0.805650
vt 0.949212 0.783123
vt 0.950732 0.791836
vt 0.940080 0.799839
vt 0.909965 0.794759
vt 0.894139 0.811336
vt 0.961043 0.800708
vt 0.955430 0.803506
vt 0.890825 0.818534
vt 0.907934 0.810328
vt 0.914360 0.799618
vt 0.924094 0.798878
vt 0.924116 0.806294
vt 0.948168 0.818566
vt 0.901030 0.821100
vt 0.959464 0.816409
vt 0.919634 0.816723
vt 0.935608 0.812275
vt 0.892968 0.831878
vt 0.906856 0.824483
vt 0.929756 0.821430
vt 0.914369 0.824477
vt 0.959461 0.832409
vt 0.922948 0.820088
vt 0.904767 0.833680
vt 0.923260 0.827613
vt 0.946420 0.835765
vt 0.917984 0.836706
vt 0.936029 0.838714
vt 0.902487 0.847963
vt 0.908587 0.843151
vt 0.961043 0.844599
vt 0.923023 0.847298
vt 0.902929 0.854997
vt 0.911611 0.852592
vt 0.948786 0.849180
vt 0.912496 0.847239
vt 0.924407 0.853878
vt 0.933684 0.851147
vt 0.957912 0.852020
vt 0.939487 0.856748
vt 0.992988 0.246601
vt 0.991683 0.239046
vt 0.989125 0.258505
vt 0.987423 0.238143
vt 0.996325 0.250661
vt 0.997239 0.237730
vt 0.992469 0.280745
vt 0.987589 0.294872
vt 0.993052 0.302606
vt 0.990291 0.317865
vt 0.996311 0.288096
vt 0.987423 0.326585
vt 0.995371 0.313967
vt 0.993037 0.333827
vt 0.990049 0.348773
vt 0.977930 0.151008
vt 0.979649 0.171223
vt 0.981987 0.161661
vt 0.986196 0.171472
vt 0.977607 0.115020
vt 0.981270 0.133827
vt 0.986048 0.163549
vt 0.985479 0.148324
vt 0.982174 0.110616
vt 0.985928 0.127929
vt 0.978906 0.083638
vt 0.985015 0.091024
vt 0.986196 0.110077
vt 0.984812 0.077958
vt 0.981558 0.061656
vt 0.074277 0.087423
vt 0.069121 0.091348
vt 0.074694 0.077094
vt 0.076813 0.093250
vt 0.062927 0.089209
vt 0.059137 0.095423
vt 0.099462 0.101188
vt 0.096569 0.109774
vt 0.088772 0.100010
vt 0.071234 0.101223
vt 0.052947 0.090198
vt 0.044696 0.097973
vt 0.081180 0.077356
vt 0.077005 0.061976
vt 0.083608 0.058226
vt 0.081713 0.048299
vt 0.035285 0.103439
vt 0.044821 0.104958
vt 0.089704 0.039682
vt 0.083381 0.037120
vt 0.029141 0.147462
vt 0.029216 0.133390
vt 0.034615 0.136896
vt 0.031340 0.111219
vt 0.036438 0.113482
vt 0.090285 0.054846
vt 0.090126 0.027635
vt 0.030124 0.123353
vt 0.036954 0.124648
vt 0.082085 0.107808
vt 0.096647 0.044675
vt 0.095861 0.033434
vt 0.101534 0.030659
vt 0.059805 0.102332
vt 0.094521 0.025163
vt 0.089635 0.022393
vt 0.037809 0.149756
vt 0.100574 0.124209
vt 0.091890 0.114286
vt 0.099430 0.025341
vt 0.034774 0.158242
vt 0.043071 0.127855
vt 0.045763 0.112316
vt 0.047221 0.142218
vt 0.052896 0.161302
vt 0.063020 0.167878
vt 0.050611 0.173926
vt 0.044930 0.156255
vt 0.041712 0.164768
vt 0.067601 0.110624
vt 0.052104 0.116671
vt 0.051491 0.126113
vt 0.080341 0.119842
vt 0.051582 0.133085
vt 0.090141 0.123261
vt 0.065403 0.121988
vt 0.101534 0.147568
vt 0.095743 0.133432
vt 0.089136 0.134226
vt 0.058210 0.128033
vt 0.045273 0.149446
vt 0.063764 0.133788
vt 0.094947 0.148802
vt 0.074667 0.132801
vt 0.053057 0.149730
vt 0.078497 0.163489
vt 0.081187 0.168077
vt 0.070951 0.170070
vt 0.069247 0.157391
vt 0.074491 0.147524
vt 0.084252 0.143797
vt 0.087017 0.161515
vt 0.090522 0.164466
vt 0.088209 0.155045
vt 0.096043 0.160564
vt 0.229755 0.181450
vt 0.235200 0.183915
vt 0.232164 0.193558
vt 0.239051 0.185948
vt 0.239095 0.193363
vt 0.239571 0.171704
vt 0.230052 0.146826
vt 0.234906 0.162208
vt 0.239241 0.152639
vt 0.233927 0.146274
vt 0.229755 0.122905
vt 0.233586 0.129717
vt 0.238354 0.135971
vt 0.233108 0.114821
vt 0.231994 0.104610
vt 0.238100 0.118159
vt 0.236104 0.106038
vt 0.234423 0.090491
vt 0.152628 0.922393
vt 0.164110 0.924062
vt 0.155234 0.926074
vt 0.138904 0.922796
vt 0.143763 0.926074
vt 0.130368 0.923569
vt 0.136477 0.864110
vt 0.125137 0.859625
vt 0.146933 0.859273
vt 0.119598 0.863221
vt 0.114394 0.858589
vt 0.101534 0.864110
vt 0.684131 0.261553
vt 0.670541 0.259357
vt 0.669716 0.256748
vt 0.697853 0.262243
vt 0.688910 0.268369
vt 0.654196 0.262143
vt 0.657698 0.271623
vt 0.684760 0.275639
vt 0.646205 0.269196
vt 0.673925 0.273954
vt 0.691279 0.284649
vt 0.685790 0.285772
vt 0.636418 0.282603
vt 0.638038 0.275087
vt 0.657056 0.290174
vt 0.628507 0.289428
vt 0.694025 0.295990
vt 0.691886 0.304099
vt 0.680905 0.307388
vt 0.635372 0.297040
vt 0.627045 0.297199
vt 0.697145 0.302532
vt 0.657074 0.306805
vt 0.695396 0.314080
vt 0.636347 0.319501
vt 0.666396 0.328078
vt 0.624434 0.317304
vt 0.688005 0.326320
vt 0.697853 0.322373
vt 0.692935 0.332231
vt 0.682762 0.343748
vt 0.641745 0.343522
vt 0.689799 0.340631
vt 0.624233 0.329823
vt 0.627982 0.334887
vt 0.668318 0.355507
vt 0.629420 0.343056
vt 0.682372 0.353391
vt 0.634383 0.353065
vt 0.684470 0.358934
vt 0.646827 0.361031
vt 0.673475 0.363345
vt 0.688252 0.362005
vt 0.638125 0.358932
vt 0.660392 0.366796
vt 0.651721 0.369632
vt 0.345619 0.454794
vt 0.346933 0.470388
vt 0.342659 0.458368
vt 0.343562 0.440436
vt 0.343455 0.524647
vt 0.345325 0.532394
vt 0.341411 0.547082
vt 0.337850 0.444745
vt 0.337436 0.474803
vt 0.339263 0.433271
vt 0.347632 0.544656
vt 0.341621 0.486367
vt 0.333356 0.467032
vt 0.362474 0.517466
vt 0.351377 0.525203
vt 0.355872 0.511003
vt 0.324908 0.438424
vt 0.330156 0.440475
vt 0.328684 0.456647
vt 0.348999 0.557755
vt 0.346413 0.564821
vt 0.325570 0.427329
vt 0.314837 0.471485
vt 0.329341 0.491297
vt 0.351664 0.554624
vt 0.370933 0.496428
vt 0.317805 0.417494
vt 0.366741 0.533268
vt 0.355202 0.570379
vt 0.306017 0.418112
vt 0.356511 0.563809
vt 0.325909 0.485021
vt 0.375977 0.501734
vt 0.325743 0.499400
vt 0.334777 0.495396
vt 0.311334 0.448169
vt 0.320427 0.481488
vt 0.302013 0.408492
vt 0.379011 0.513459
vt 0.379085 0.528712
vt 0.365495 0.573911
vt 0.309782 0.492847
vt 0.362364 0.582813
vt 0.312476 0.502257
vt 0.377533 0.507335
vt 0.296803 0.443172
vt 0.310798 0.509117
vt 0.386857 0.491709
vt 0.388251 0.486810
vt 0.000920 0.767278
vt 0.005383 0.763497
vt 0.006101 0.767073
vt 0.381971 0.539670
vt 0.393379 0.499000
vt 0.006862 0.768580
vt 0.009509 0.769025
vt 0.383107 0.506038
vt 0.006405 0.769905
vt 0.382594 0.509390
vt 0.380389 0.508185
vt 0.388805 0.509955
vt 0.288493 0.419180
vt 0.380673 0.546431
vt 0.019939 0.636503
vt 0.019939 0.644478
vt 0.020552 0.638346
vt 0.007515 0.770679
vt 0.373153 0.586397
vt 0.008779 0.776806
vt 0.000920 0.785583
vt 0.393974 0.521527
vt 0.378967 0.579839
vt 0.400939 0.488796
vt 0.375723 0.591104
vt 0.283599 0.408282
vt 0.389680 0.548994
vt 0.282527 0.462339
vt 0.282569 0.490544
vt 0.299617 0.510286
vt 0.293545 0.504076
vt 0.402926 0.505644
vt 0.395226 0.543592
vt 0.384619 0.586934
vt 0.303869 0.513705
vt 0.396369 0.514060
vt 0.396458 0.512355
vt 0.396856 0.511692
vt 0.396619 0.511845
vt 0.396162 0.511384
vt 0.400961 0.512317
vt 0.283587 0.509265
vt 0.397999 0.590417
vt 0.396286 0.550736
vt 0.272606 0.417373
vt 0.283476 0.516085
vt 0.407717 0.514376
vt 0.399497 0.555317
vt 0.405567 0.548894
vt 0.409975 0.531495
vt 0.274082 0.434768
vt 0.412852 0.490185
vt 0.414312 0.513301
vt 0.408434 0.512539
vt 0.020931 0.630325
vt 0.019939 0.628528
vt 0.022393 0.629647
vt 0.019939 0.635890
vt 0.410045 0.514551
vt 0.412344 0.516532
vt 0.409237 0.513265
vt 0.394308 0.582284
vt 0.276556 0.500951
vt 0.263803 0.451421
vt 0.419226 0.497436
vt 0.412821 0.555863
vt 0.275940 0.511344
vt 0.426908 0.539882
vt 0.411968 0.580975
vt 0.266578 0.474114
vt 0.428223 0.512346
vt 0.419857 0.549048
vt 0.270986 0.516258
vt 0.254847 0.441549
vt 0.264439 0.500902
vt 0.431270 0.501948
vt 0.262317 0.422750
vt 0.263760 0.505777
vt 0.257310 0.509341
vt 0.421033 0.585249
vt 0.416614 0.591104
vt 0.427489 0.552047
vt 0.262504 0.494992
vt 0.253917 0.470622
vt 0.256872 0.516258
vt 0.257953 0.487854
vt 0.251979 0.498634
vt 0.444165 0.526119
vt 0.229723 0.455241
vt 0.225959 0.446640
vt 0.237031 0.439925
vt 0.423974 0.576776
vt 0.251883 0.479431
vt 0.246985 0.458182
vt 0.437379 0.552342
vt 0.249266 0.469632
vt 0.432782 0.570964
vt 0.431504 0.586195
vt 0.445590 0.543875
vt 0.224974 0.462255
vt 0.236062 0.492244
vt 0.242911 0.491023
vt 0.233717 0.477520
vt 0.226087 0.479768
vt 0.240388 0.511097
vt 0.438874 0.578928
vt 0.441275 0.563281
vt 0.436030 0.557777
vt 0.436734 0.562766
vt 0.245731 0.516256
vt 0.450613 0.542179
vt 0.450174 0.552736
vt 0.225924 0.493853
vt 0.445070 0.574291
vt 0.228114 0.501393
vt 0.224847 0.504452
vt 0.432302 0.552779
vt 0.028118 0.794172
vt 0.028306 0.797239
vt 0.039571 0.796190
vt 0.462259 0.143536
vt 0.482495 0.153270
vt 0.474654 0.154899
vt 0.489777 0.164208
vt 0.461085 0.131994
vt 0.471925 0.128377
vt 0.010123 0.797239
vt 0.457975 0.113622
vt 0.481919 0.136970
vt 0.502424 0.163591
vt 0.464121 0.105060
vt 0.509259 0.170859
vt 0.502645 0.151316
vt 0.475859 0.119046
vt 0.494048 0.143500
vt 0.513989 0.160494
vt 0.479246 0.097415
vt 0.468441 0.090268
vt 0.521281 0.167863
vt 0.006442 0.792748
vt 0.006445 0.781288
vt 0.009509 0.793149
vt 0.097857 0.934777
vt 0.090491 0.954908
vt 0.093692 0.924153
vt 0.529306 0.170859
vt 0.508646 0.144744
vt 0.535728 0.162098
vt 0.522883 0.148377
vt 0.481255 0.075450
vt 0.519518 0.141698
vt 0.006442 0.810123
vt 0.109509 0.921833
vt 0.542395 0.166090
vt 0.090491 0.905708
vt 0.109141 0.903988
vt 0.548519 0.138605
vt 0.536930 0.136409
vt 0.549710 0.158755
vt 0.505260 0.065652
vt 0.501146 0.075126
vt 0.513439 0.085191
vt 0.497024 0.093031
vt 0.553749 0.158821
vt 0.536750 0.131032
vt 0.555820 0.148905
vt 0.515823 0.062337
vt 0.547760 0.115810
vt 0.563678 0.139453
vt 0.522575 0.075783
vt 0.526997 0.087190
vt 0.536693 0.097100
vt 0.533661 0.091255
vt 0.541142 0.089742
vt 0.548280 0.104659
vt 0.560703 0.118870
vt 0.536284 0.068993
vt 0.531211 0.060429
vt 0.567951 0.112684
vt 0.558281 0.096474
vt 0.552852 0.073928
vt 0.540112 0.061329
vt 0.568405 0.095744
vt 0.549304 0.065354
vt 0.563483 0.082698
vt 0.556162 0.068367
vt 0.798162 0.439517
vt 0.797309 0.449954
vt 0.787021 0.452262
vt 0.796607 0.458285
vt 0.807041 0.445922
vt 0.785056 0.437858
vt 0.812760 0.451151
vt 0.773915 0.443603
vt 0.774540 0.454229
vt 0.812622 0.424829
vt 0.791363 0.428035
vt 0.777325 0.461692
vt 0.817238 0.438513
vt 0.777492 0.403667
vt 0.784779 0.410053
vt 0.769336 0.415045
vt 0.824342 0.448020
vt 0.767663 0.407171
vt 0.830062 0.441961
vt 0.783449 0.419988
vt 0.768283 0.394817
vt 0.802813 0.417883
vt 0.761886 0.413075
vt 0.814531 0.460706
vt 0.825966 0.431344
vt 0.776560 0.426965
vt 0.796156 0.396876
vt 0.762589 0.449934
vt 0.772111 0.421999
vt 0.793488 0.411885
vt 0.800270 0.404397
vt 0.781911 0.396340
vt 0.765242 0.463497
vt 0.824827 0.455043
vt 0.791423 0.389560
vt 0.781666 0.384333
vt 0.832822 0.451132
vt 0.760235 0.441434
vt 0.818429 0.411564
vt 0.810755 0.392763
vt 0.764370 0.433380
vt 0.801909 0.381418
vt 0.756748 0.458704
vt 0.765044 0.426283
vt 0.832822 0.431775
vt 0.829602 0.422037
vt 0.770372 0.383147
vt 0.763337 0.388883
vt 0.761398 0.400229
vt 0.776456 0.376283
vt 0.824044 0.394604
vt 0.822309 0.382981
vt 0.830156 0.400226
vt 0.830718 0.389074
vt 0.830685 0.383416
vt 0.798550 0.369632
vt 0.965459 0.508035
vt 0.961981 0.512913
vt 0.957975 0.501623
vt 0.961504 0.491900
vt 0.968494 0.496907
vt 0.972593 0.509653
vt 0.965306 0.471893
vt 0.971739 0.481819
vt 0.974593 0.521994
vt 0.966828 0.522301
vt 0.971494 0.467228
vt 0.971060 0.455062
vt 0.973341 0.531821
vt 0.969505 0.532361
vt 0.977802 0.457562
vt 0.980675 0.540129
vt 0.980675 0.436503
vt 0.978162 0.544681
vt 0.973477 0.545705
vt 0.487496 0.948192
vt 0.504201 0.943693
vt 0.494066 0.926425
vt 0.547203 0.919594
vt 0.555721 0.915559
vt 0.554242 0.904638
vt 0.546115 0.904272
vt 0.510323 0.930995
vt 0.486222 0.936242
vt 0.554288 0.930662
vt 0.540335 0.944160
vt 0.533891 0.923680
vt 0.520682 0.958324
vt 0.530891 0.956389
vt 0.523004 0.951183
vt 0.514104 0.953480
vt 0.499139 0.958062
vt 0.481288 0.942914
vt 0.557616 0.925453
vt 0.526837 0.939623
vt 0.503906 0.913070
vt 0.482360 0.951462
vt 0.557748 0.939910
vt 0.549379 0.953138
vt 0.534364 0.907825
vt 0.520091 0.935254
vt 0.486490 0.915936
vt 0.486984 0.960038
vt 0.551544 0.896626
vt 0.485057 0.924806
vt 0.540123 0.898049
vt 0.519944 0.908904
vt 0.525356 0.920458
vt 0.509009 0.967042
vt 0.481717 0.932676
vt 0.488525 0.904179
vt 0.482498 0.916077
vt 0.499380 0.967931
vt 0.525912 0.966789
vt 0.550731 0.961786
vt 0.527449 0.901206
vt 0.519566 0.899828
vt 0.513648 0.899921
vt 0.522677 0.970245
vt 0.483414 0.901812
vt 0.557975 0.956176
vt 0.500995 0.896804
vt 0.491106 0.968281
vt 0.536635 0.967393
vt 0.515815 0.897031
vt 0.489695 0.896626
vt 0.906868 0.331451
vt 0.915450 0.330050
vt 0.916725 0.333436
vt 0.893495 0.325081
vt 0.911349 0.322377
vt 0.928057 0.333061
vt 0.925672 0.327035
vt 0.894193 0.319153
vt 0.936902 0.331146
vt 0.938203 0.321693
vt 0.929969 0.315006
vt 0.903129 0.310065
vt 0.885632 0.312653
vt 0.878334 0.318421
vt 0.875767 0.308150
vt 0.894593 0.308645
vt 0.916320 0.309784
vt 0.884871 0.298355
vt 0.938270 0.306492
vt 0.943696 0.307739
vt 0.894704 0.299351
vt 0.924025 0.298761
vt 0.907578 0.298693
vt 0.875767 0.287533
vt 0.885470 0.292185
vt 0.929890 0.287912
vt 0.946918 0.294363
vt 0.922775 0.284098
vt 0.942967 0.286893
vt 0.880263 0.283187
vt 0.935512 0.275517
vt 0.947546 0.280892
vt 0.943101 0.269147
vt 0.933961 0.268232
vt 0.937634 0.261015
vt 0.945880 0.259676
vt 0.941305 0.259660
vt 0.935124 0.254908
vt 0.098466 0.178078
vt 0.098979 0.186299
vt 0.107194 0.183708
vt 0.112928 0.192926
vt 0.101421 0.192306
vt 0.100273 0.172220
vt 0.113484 0.174333
vt 0.104656 0.167791
vt 0.113299 0.169101
vt 0.121779 0.183054
vt 0.132339 0.177219
vt 0.138127 0.188727
vt 0.133081 0.196626
vt 0.125087 0.170102
vt 0.138832 0.172746
vt 0.156575 0.179391
vt 0.153688 0.193903
vt 0.152996 0.172543
vt 0.159576 0.188169
vt 0.165823 0.171088
vt 0.170949 0.179751
vt 0.171040 0.184280
vt 0.181814 0.170444
vt 0.184356 0.174737
vt 0.175884 0.167791
vt 0.178581 0.182250
vt 0.597643 0.795463
vt 0.600920 0.804349
vt 0.600212 0.798518
vt 0.597482 0.811856
vt 0.600920 0.784905
vt 0.590914 0.781642
vt 0.597776 0.776469
vt 0.591785 0.813109
vt 0.588461 0.822846
vt 0.593497 0.795076
vt 0.592022 0.802943
vt 0.580451 0.822691
vt 0.591523 0.766262
vt 0.585251 0.812593
vt 0.570316 0.830978
vt 0.582544 0.761982
vt 0.585114 0.757997
vt 0.582117 0.770573
vt 0.572993 0.820247
vt 0.575433 0.751869
vt 0.571973 0.761681
vt 0.562660 0.824571
vt 0.565271 0.752807
vt 0.562093 0.747578
vt 0.558318 0.758008
vt 0.550010 0.831595
vt 0.540894 0.822419
vt 0.547371 0.752439
vt 0.546546 0.746319
vt 0.547696 0.758187
vt 0.534583 0.825747
vt 0.546253 0.820410
vt 0.531142 0.816075
vt 0.537231 0.760912
vt 0.537431 0.748315
vt 0.533319 0.757768
vt 0.529755 0.768114
vt 0.528486 0.751824
vt 0.520587 0.768763
vt 0.520591 0.814818
vt 0.525435 0.820863
vt 0.523362 0.777285
vt 0.516462 0.783528
vt 0.520040 0.785484
vt 0.520577 0.757952
vt 0.514725 0.806191
vt 0.514286 0.791529
vt 0.513030 0.775330
vt 0.513648 0.765381
vt 0.512664 0.786174
vt 0.512577 0.796903
vt 0.176594 0.915551
vt 0.177058 0.896457
vt 0.185057 0.896826
vt 0.171606 0.901974
vt 0.186443 0.916820
vt 0.196121 0.901746
vt 0.194183 0.913245
vt 0.179590 0.887601
vt 0.201927 0.906902
vt 0.162362 0.877745
vt 0.154044 0.877662
vt 0.159827 0.873508
vt 0.161961 0.886050
vt 0.172173 0.886039
vt 0.191021 0.884609
vt 0.198680 0.892315
vt 0.155489 0.887503
vt 0.150766 0.884217
vt 0.155199 0.871870
vt 0.155599 0.893970
vt 0.166942 0.874970
vt 0.165460 0.893272
vt 0.177607 0.875924
vt 0.167502 0.915827
vt 0.129843 0.912878
vt 0.128260 0.919517
vt 0.123714 0.914927
vt 0.168179 0.868869
vt 0.158861 0.905753
vt 0.148919 0.891963
vt 0.148231 0.870637
vt 0.196178 0.874550
vt 0.138614 0.890440
vt 0.138156 0.903624
vt 0.129842 0.887941
vt 0.189477 0.871511
vt 0.205828 0.901449
vt 0.124797 0.909999
vt 0.129162 0.897831
vt 0.127792 0.908950
vt 0.122771 0.902311
vt 0.139278 0.914845
vt 0.116123 0.890898
vt 0.115551 0.906519
vt 0.111288 0.900801
vt 0.150407 0.907618
vt 0.110905 0.908906
vt 0.122391 0.891431
vt 0.142848 0.884754
vt 0.155659 0.921779
vt 0.145157 0.875459
vt 0.176208 0.864724
vt 0.121468 0.880008
vt 0.109861 0.887136
vt 0.121437 0.913704
vt 0.136648 0.876131
vt 0.117527 0.898392
vt 0.125912 0.872340
vt 0.120812 0.873177
vt 0.115759 0.911748
vt 0.137293 0.869482
vt 0.114973 0.879216
vt 0.113857 0.872930
vt 0.120495 0.864724
vt 0.108896 0.872789
vt 0.071179 0.615088
vt 0.083181 0.610081
vt 0.078817 0.618701
vt 0.090013 0.614576
vt 0.092994 0.608282
vt 0.095235 0.619366
vt 0.081568 0.627926
vt 0.103444 0.615356
vt 0.137420 0.617374
vt 0.129365 0.618897
vt 0.127963 0.612039
vt 0.119850 0.616492
vt 0.058634 0.619781
vt 0.067145 0.621897
vt 0.057484 0.630110
vt 0.110749 0.616026
vt 0.107352 0.623439
vt 0.117973 0.622953
vt 0.075483 0.625011
vt 0.135916 0.625079
vt 0.064537 0.637881
vt 0.120940 0.633830
vt 0.143252 0.625482
vt 0.095922 0.633465
vt 0.106018 0.639216
vt 0.139716 0.635067
vt 0.077897 0.645096
vt 0.132480 0.640144
vt 0.087856 0.657621
vt 0.050000 0.646477
vt 0.120936 0.645329
vt 0.138961 0.653816
vt 0.103809 0.649112
vt 0.068969 0.659775
vt 0.132775 0.654798
vt 0.112486 0.652794
vt 0.120869 0.657705
vt 0.110666 0.665861
vt 0.056212 0.660683
vt 0.129294 0.671152
vt 0.095847 0.674078
vt 0.077397 0.675456
vt 0.063640 0.675110
vt 0.134868 0.679527
vt 0.143170 0.662111
vt 0.053915 0.677082
vt 0.115710 0.677479
vt 0.143252 0.682311
vt 0.107093 0.687550
vt 0.093568 0.689054
vt 0.052664 0.690536
vt 0.079939 0.688821
vt 0.125670 0.688797
vt 0.065979 0.690556
vt 0.116776 0.688032
vt 0.071460 0.694302
vt 0.057659 0.699516
vt 0.139848 0.693250
vt 0.098718 0.694914
vt 0.083814 0.698451
vt 0.134090 0.697460
vt 0.120084 0.699592
vt 0.102511 0.701534
vt 0.756151 0.611567
vt 0.763448 0.616393
vt 0.755679 0.620362
vt 0.749384 0.611444
vt 0.746754 0.624095
vt 0.757505 0.602138
vt 0.765710 0.599371
vt 0.773397 0.616448
vt 0.781006 0.605629
vt 0.741411 0.627301
vt 0.749876 0.597480
vt 0.027914 0.633048
vt 0.025460 0.628528
vt 0.025460 0.635276
vt 0.782184 0.614398
vt 0.818494 0.608013
vt 0.820758 0.614357
vt 0.819096 0.617015
vt 0.772256 0.593899
vt 0.742207 0.607447
vt 0.809550 0.614833
vt 0.793413 0.607029
vt 0.760276 0.590916
vt 0.839225 0.621765
vt 0.834014 0.622484
vt 0.835812 0.610778
vt 0.826299 0.614463
vt 0.824501 0.619662
vt 0.808244 0.602561
vt 0.840920 0.609757
vt 0.798401 0.596703
vt 0.810560 0.592869
vt 0.828656 0.604094
vt 0.786117 0.597465
vt 0.772884 0.585583
vt 0.827887 0.627301
vt 0.832339 0.614795
vt 0.821506 0.595251
vt 0.750672 0.587257
vt 0.784274 0.588363
vt 0.806119 0.586345
vt 0.792899 0.589323
vt 0.833408 0.604115
vt 0.828929 0.593590
vt 0.816977 0.588272
vt 0.837572 0.597342
vt 0.836833 0.592026
vt 0.825337 0.588410
vt 0.842025 0.594796
vt 0.832822 0.379613
vt 0.833892 0.371088
vt 0.836578 0.383614
vt 0.834895 0.357311
vt 0.837837 0.370546
vt 0.849642 0.347277
vt 0.835480 0.344917
vt 0.845270 0.357607
vt 0.842272 0.379654
vt 0.844464 0.394522
vt 0.836894 0.399660
vt 0.846943 0.369777
vt 0.843101 0.416078
vt 0.838441 0.418763
vt 0.837645 0.411893
vt 0.846178 0.408411
vt 0.845334 0.342025
vt 0.855951 0.358780
vt 0.850580 0.380902
vt 0.853682 0.388632
vt 0.857577 0.412576
vt 0.857359 0.403318
vt 0.858172 0.375937
vt 0.860323 0.343326
vt 0.853989 0.419293
vt 0.867035 0.365281
vt 0.863515 0.347105
vt 0.866436 0.417660
vt 0.864915 0.394514
vt 0.872939 0.386848
vt 0.869707 0.404968
vt 0.870520 0.414582
vt 0.874403 0.344561
vt 0.870252 0.357009
vt 0.876515 0.349943
vt 0.883647 0.374488
vt 0.887817 0.413105
vt 0.882030 0.417957
vt 0.889606 0.397302
vt 0.882665 0.358851
vt 0.888224 0.345108
vt 0.887727 0.351150
vt 0.893523 0.358577
vt 0.898948 0.348037
vt 0.899609 0.342025
vt 0.899968 0.388424
vt 0.900294 0.370638
vt 0.901986 0.410645
vt 0.899181 0.420552
vt 0.901284 0.401208
vt 0.905917 0.417114
vt 0.906945 0.353819
vt 0.906773 0.394204
vt 0.909618 0.345699
vt 0.909167 0.381666
vt 0.908231 0.407044
vt 0.909105 0.367083
vt 0.911061 0.354681
vt 0.911301 0.412471
vt 0.910829 0.398853
vt 0.911350 0.419503
vt 0.950456 0.513804
vt 0.940710 0.511702
vt 0.950474 0.506969
vt 0.921402 0.502808
vt 0.932117 0.511958
vt 0.922004 0.510022
vt 0.937948 0.504220
vt 0.904835 0.512144
vt 0.891395 0.506351
vt 0.902887 0.502951
vt 0.913786 0.512302
vt 0.932267 0.491734
vt 0.913473 0.481881
vt 0.958589 0.494938
vt 0.950288 0.495477
vt 0.886196 0.501976
vt 0.890728 0.491879
vt 0.896697 0.492163
vt 0.941125 0.480224
vt 0.953880 0.476295
vt 0.897667 0.472053
vt 0.889105 0.480298
vt 0.923824 0.473299
vt 0.943679 0.463733
vt 0.930273 0.467636
vt 0.887382 0.465761
vt 0.916985 0.465912
vt 0.906682 0.460554
vt 0.921725 0.461920
vt 0.936873 0.459842
vt 0.912652 0.461619
vt 0.956096 0.460319
vt 0.895237 0.454771
vt 0.908734 0.455120
vt 0.948470 0.449925
vt 0.941605 0.451477
vt 0.889474 0.449820
vt 0.903715 0.445213
vt 0.957510 0.446300
vt 0.894311 0.445037
vt 0.939087 0.443601
vt 0.946794 0.440729
vt 0.886196 0.443290
vt 0.907336 0.445513
vt 0.942766 0.433436
vt 0.931133 0.437170
vt 0.956113 0.438541
vt 0.893386 0.438545
vt 0.903029 0.437732
vt 0.912199 0.439355
vt 0.801596 0.000307
vt 0.802542 0.010619
vt 0.794785 0.003354
vt 0.805546 0.058141
vt 0.801015 0.047441
vt 0.805619 0.043409
vt 0.799602 0.029562
vt 0.809319 0.031644
vt 0.810042 0.072978
vt 0.804594 0.073862
vt 0.800078 0.019470
vt 0.808306 0.083129
vt 0.807952 0.016475
vt 0.818803 0.079574
vt 0.813647 0.059754
vt 0.815640 0.006405
vt 0.817420 0.046308
vt 0.816203 0.013435
vt 0.833220 0.064484
vt 0.823554 0.018758
vt 0.396238 0.180169
vt 0.383129 0.174051
vt 0.400171 0.174308
vt 0.830919 0.048045
vt 0.406657 0.180994
vt 0.827925 0.033721
vt 0.418182 0.174961
vt 0.392714 0.189362
vt 0.408084 0.171764
vt 0.403002 0.200104
vt 0.403692 0.195098
vt 0.411092 0.196536
vt 0.413396 0.170537
vt 0.839844 0.074504
vt 0.835660 0.010432
vt 0.413211 0.188531
vt 0.422950 0.168265
vt 0.407135 0.171758
vt 0.410107 0.169204
vt 0.840060 0.026084
vt 0.401502 0.211450
vt 0.836166 0.002440
vt 0.423525 0.181175
vt 0.426452 0.187462
vt 0.432512 0.163171
vt 0.840859 0.039948
vt 0.417170 0.203233
vt 0.421467 0.196281
vt 0.841924 0.017043
vt 0.434658 0.170774
vt 0.417505 0.213836
vt 0.409234 0.216242
vt 0.429876 0.204492
vt 0.407986 0.230183
vt 0.413263 0.226686
vt 0.855202 0.058685
vt 0.846679 0.050714
vt 0.401213 0.247958
vt 0.409557 0.247762
vt 0.850661 0.073222
vt 0.844726 0.080966
vt 0.403496 0.259875
vt 0.425583 0.239867
vt 0.422776 0.219151
vt 0.439479 0.178600
vt 0.858223 0.034805
vt 0.441000 0.197519
vt 0.421535 0.261920
vt 0.852018 0.019723
vt 0.847546 0.009464
vt 0.413146 0.266878
vt 0.399791 0.270093
vt 0.853124 0.046180
vt 0.443928 0.215484
vt 0.855183 0.012854
vt 0.449660 0.162270
vt 0.862033 0.068788
vt 0.437380 0.226664
vt 0.454033 0.168053
vt 0.853721 0.002361
vt 0.452558 0.190191
vt 0.445703 0.184827
vt 0.461145 0.176854
vt 0.862994 0.018036
vt 0.450350 0.202880
vt 0.867653 0.054110
vt 0.864506 0.009398
vt 0.455306 0.211819
vt 0.459893 0.199679
vt 0.426960 0.273206
vt 0.869225 0.029107
vt 0.441815 0.257358
vt 0.463250 0.185077
vt 0.868931 0.001428
vt 0.453990 0.238824
vt 0.465667 0.162270
vt 0.872397 0.018019
vt 0.458483 0.227435
vt 0.877607 0.064453
vt 0.467444 0.165924
vt 0.875271 0.052067
vt 0.871831 0.005907
vt 0.443090 0.270631
vt 0.474631 0.169509
vt 0.876919 0.040154
vt 0.470933 0.201805
vt 0.466042 0.207756
vt 0.877494 0.012286
vt 0.877607 0.001028
vt 0.440834 0.275601
vt 0.470959 0.189347
vt 0.475592 0.162662
vt 0.482459 0.166379
vt 0.478448 0.197928
vt 0.474196 0.215808
vt 0.462060 0.250284
vt 0.487271 0.177534
vt 0.455914 0.270642
vt 0.483323 0.182037
vt 0.454982 0.263289
vt 0.486820 0.186659
vt 0.451220 0.280061
vt 0.458309 0.278411
vt 0.472494 0.234162
vt 0.480747 0.209286
vt 0.480535 0.223032
vt 0.486370 0.193301
vt 0.491091 0.168525
vt 0.467095 0.259812
vt 0.487881 0.199767
vt 0.467152 0.272481
vt 0.476257 0.247833
vt 0.489043 0.211986
vt 0.477217 0.260567
vt 0.497239 0.171270
vt 0.482937 0.239968
vt 0.496631 0.178940
vt 0.486216 0.227966
vt 0.475322 0.279675
vt 0.488649 0.219331
vt 0.484776 0.253139
vt 0.477805 0.273314
vt 0.777742 0.121461
vt 0.786105 0.130385
vt 0.766974 0.134049
vt 0.750197 0.127784
vt 0.760073 0.118585
vt 0.737905 0.120688
vt 0.738182 0.129515
vt 0.729344 0.127943
vt 0.796025 0.124517
vt 0.723620 0.114224
vt 0.802672 0.115644
vt 0.795492 0.109668
vt 0.747016 0.108466
vt 0.730307 0.109698
vt 0.784990 0.102214
vt 0.761455 0.104547
vt 0.807496 0.107159
vt 0.731163 0.100290
vt 0.800494 0.097818
vt 0.772860 0.091358
vt 0.807669 0.089616
vt 0.784245 0.091509
vt 0.752460 0.091553
vt 0.739998 0.089657
vt 0.792030 0.086220
vt 0.801607 0.082590
vt 0.723620 0.090449
vt 0.733428 0.083722
vt 0.780873 0.081489
vt 0.766007 0.080906
vt 0.750345 0.081593
vt 0.791152 0.076749
vt 0.743692 0.066943
vt 0.726074 0.071140
vt 0.762650 0.068829
vt 0.781884 0.068547
vt 0.733849 0.069172
vt 0.796440 0.064137
vt 0.773396 0.061500
vt 0.784858 0.058323
vt 0.734398 0.057360
vt 0.766988 0.052058
vt 0.753274 0.054569
vt 0.740851 0.050719
vt 0.797111 0.053411
vt 0.785708 0.049776
vt 0.731013 0.047633
vt 0.750928 0.047889
vt 0.771029 0.044851
vt 0.758683 0.045088
vt 0.800241 0.047213
vt 0.780947 0.043972
vt 0.789276 0.042025
vt 0.742064 0.043143
vt 0.806074 0.124351
vt 0.473334 0.384998
vt 0.484686 0.405050
vt 0.476743 0.399283
vt 0.481973 0.419174
vt 0.484969 0.430872
vt 0.463699 0.384140
vt 0.451077 0.372586
vt 0.455605 0.372965
vt 0.473779 0.412102
vt 0.466305 0.394513
vt 0.464531 0.421381
vt 0.469420 0.404057
vt 0.472752 0.417181
vt 0.458489 0.398171
vt 0.460301 0.393905
vt 0.473999 0.434932
vt 0.471028 0.432063
vt 0.478734 0.445260
vt 0.456441 0.386603
vt 0.452666 0.375397
vt 0.451694 0.379195
vt 0.447608 0.376148
vt 0.446186 0.386068
vt 0.462775 0.440169
vt 0.447344 0.393027
vt 0.450706 0.408688
vt 0.447480 0.403746
vt 0.440288 0.378844
vt 0.471125 0.451874
vt 0.464389 0.446674
vt 0.445153 0.423545
vt 0.438700 0.385247
vt 0.467059 0.443622
vt 0.431448 0.374804
vt 0.461186 0.456354
vt 0.457992 0.453392
vt 0.469437 0.466363
vt 0.430687 0.378486
vt 0.426911 0.369632
vt 0.433502 0.417777
vt 0.469782 0.480038
vt 0.464251 0.469904
vt 0.442357 0.458383
vt 0.422137 0.373415
vt 0.459814 0.486810
vt 0.451018 0.481799
vt 0.451750 0.471266
vt 0.431635 0.431141
vt 0.449138 0.462798
vt 0.452452 0.462563
vt 0.421193 0.445101
vt 0.409386 0.373169
vt 0.442265 0.468612
vt 0.439934 0.486081
vt 0.434418 0.473081
vt 0.418085 0.429099
vt 0.431021 0.468472
vt 0.411078 0.433360
vt 0.416773 0.460543
vt 0.420975 0.484642
vt 0.412846 0.478069
vt 0.420522 0.472258
vt 0.384596 0.395538
vt 0.380622 0.394404
vt 0.388236 0.388046
vt 0.418635 0.468858
vt 0.399484 0.433025
vt 0.403762 0.431427
vt 0.398607 0.424303
vt 0.387728 0.423318
vt 0.392464 0.414385
vt 0.378596 0.412240
vt 0.386336 0.405457
vt 0.378053 0.401477
vt 0.399984 0.457510
vt 0.409227 0.486810
vt 0.428808 0.485685
vt 0.407225 0.470538
vt 0.388175 0.442375
vt 0.401830 0.464289
vt 0.372573 0.408021
vt 0.396859 0.469396
vt 0.392408 0.478001
vt 0.395811 0.465289
vt 0.390668 0.457055
vt 0.382666 0.453086
vt 0.377776 0.439144
vt 0.368491 0.424635
vt 0.397116 0.486550
vt 0.371942 0.429418
vt 0.386440 0.463161
vt 0.367791 0.412589
vt 0.383644 0.448916
vt 0.379176 0.453794
vt 0.384362 0.469384
vt 0.381629 0.462225
vt 0.387512 0.481584
vt 0.375508 0.443497
vt 0.378047 0.443769
vt 0.689278 0.594568
vt 0.691134 0.603374
vt 0.686459 0.601153
vt 0.698988 0.597229
vt 0.681638 0.594888
vt 0.696061 0.591134
vt 0.706402 0.591172
vt 0.680913 0.583644
vt 0.713171 0.586750
vt 0.720402 0.597736
vt 0.691959 0.582726
vt 0.671756 0.588705
vt 0.727914 0.598988
vt 0.720606 0.589313
vt 0.660129 0.590702
vt 0.665184 0.580521
vt 0.725663 0.584654
vt 0.719998 0.574722
vt 0.704645 0.574840
vt 0.653105 0.589010
vt 0.647687 0.584428
vt 0.651372 0.577863
vt 0.655966 0.581886
vt 0.713085 0.570464
vt 0.662550 0.566437
vt 0.639530 0.571475
vt 0.647308 0.573824
vt 0.642769 0.584369
vt 0.726290 0.573028
vt 0.654252 0.567453
vt 0.695972 0.570111
vt 0.642270 0.557247
vt 0.647168 0.560032
vt 0.689134 0.551865
vt 0.702172 0.560070
vt 0.637489 0.557364
vt 0.724918 0.555638
vt 0.676261 0.554048
vt 0.716875 0.560247
vt 0.654501 0.554861
vt 0.710207 0.553749
vt 0.715284 0.548432
vt 0.650370 0.546605
vt 0.636620 0.546659
vt 0.698874 0.539646
vt 0.656904 0.541434
vt 0.666682 0.545092
vt 0.645446 0.541144
vt 0.720856 0.542372
vt 0.727914 0.546305
vt 0.639901 0.542838
vt 0.679919 0.539196
vt 0.648462 0.535463
vt 0.724821 0.534889
vt 0.635890 0.535735
vt 0.659802 0.526118
vt 0.707530 0.531241
vt 0.639314 0.533800
vt 0.672513 0.530604
vt 0.654171 0.530882
vt 0.643776 0.525085
vt 0.685380 0.527175
vt 0.719629 0.526075
vt 0.650886 0.524959
vt 0.670944 0.522353
vt 0.725100 0.521566
vt 0.711363 0.522225
vt 0.662462 0.516071
vt 0.701045 0.518685
vt 0.656978 0.517823
vt 0.679452 0.518866
vt 0.689320 0.515468
vt 0.719221 0.516914
vt 0.706663 0.514659
vt 0.672153 0.511475
vt 0.678330 0.511350
vt 0.266925 0.770875
vt 0.270197 0.754130
vt 0.271472 0.778061
vt 0.260347 0.741254
vt 0.265274 0.727409
vt 0.259059 0.759768
vt 0.262588 0.785101
vt 0.259419 0.727776
vt 0.257645 0.777163
vt 0.256942 0.713549
vt 0.261613 0.713555
vt 0.263931 0.711350
vt 0.255182 0.772032
vt 0.251322 0.755077
vt 0.250110 0.734508
vt 0.251577 0.727420
vt 0.250369 0.777380
vt 0.252121 0.782914
vt 0.246551 0.734668
vt 0.258004 0.792230
vt 0.250152 0.716347
vt 0.247789 0.764756
vt 0.246012 0.748467
vt 0.241656 0.754948
vt 0.244269 0.776651
vt 0.227547 0.744538
vt 0.238462 0.731623
vt 0.231266 0.756673
vt 0.244444 0.720501
vt 0.237940 0.768014
vt 0.250052 0.784457
vt 0.199765 0.743273
vt 0.194222 0.753449
vt 0.191725 0.739359
vt 0.204840 0.757584
vt 0.228330 0.727371
vt 0.218504 0.732447
vt 0.211290 0.738752
vt 0.222073 0.766502
vt 0.198882 0.729293
vt 0.193785 0.725588
vt 0.197297 0.717882
vt 0.230884 0.780252
vt 0.185927 0.752959
vt 0.205887 0.723989
vt 0.216759 0.753320
vt 0.206710 0.716310
vt 0.230453 0.719237
vt 0.216903 0.722437
vt 0.200475 0.711350
vt 0.217814 0.714642
vt 0.218232 0.776636
vt 0.230773 0.786121
vt 0.236463 0.713554
vt 0.244245 0.792149
vt 0.188240 0.764298
vt 0.200227 0.778485
vt 0.217245 0.785786
vt 0.178834 0.759285
vt 0.188590 0.780807
vt 0.181528 0.771780
vt 0.249232 0.794785
vt 0.273313 0.765094
vt 0.277353 0.775839
vt 0.279678 0.765645
vt 0.275578 0.754886
vt 0.286355 0.772253
vt 0.288823 0.792618
vt 0.281303 0.785485
vt 0.277937 0.799022
vt 0.290527 0.753066
vt 0.285789 0.810237
vt 0.292730 0.747335
vt 0.280770 0.746933
vt 0.292354 0.814834
vt 0.287189 0.822561
vt 0.294913 0.759463
vt 0.296595 0.824808
vt 0.296738 0.781679
vt 0.290162 0.827993
vt 0.306769 0.769030
vt 0.296568 0.802032
vt 0.298253 0.830306
vt 0.303052 0.798070
vt 0.305555 0.816510
vt 0.308051 0.828947
vt 0.306953 0.788055
vt 0.302579 0.747051
vt 0.313054 0.751866
vt 0.324622 0.823797
vt 0.309968 0.756233
vt 0.323036 0.803713
vt 0.324026 0.832349
vt 0.319032 0.761571
vt 0.326092 0.786419
vt 0.332029 0.772070
vt 0.331884 0.797612
vt 0.329162 0.756048
vt 0.333378 0.749993
vt 0.338746 0.830168
vt 0.333570 0.784157
vt 0.341301 0.819575
vt 0.345152 0.755796
vt 0.345598 0.787857
vt 0.346802 0.802296
vt 0.347222 0.772264
vt 0.348556 0.825061
vt 0.348116 0.832822
vt 0.352094 0.810761
vt 0.352290 0.789652
vt 0.356046 0.762026
vt 0.347855 0.746933
vt 0.354062 0.772686
vt 0.357294 0.798379
vt 0.356837 0.752625
vt 0.359202 0.786894
vt 0.224345 0.794232
vt 0.216557 0.811954
vt 0.211561 0.794172
vt 0.193420 0.802003
vt 0.198379 0.804846
vt 0.235146 0.798815
vt 0.243866 0.807234
vt 0.180650 0.814377
vt 0.183901 0.826312
vt 0.248042 0.825241
vt 0.176380 0.827377
vt 0.252088 0.817789
vt 0.205962 0.833650
vt 0.218187 0.830114
vt 0.185523 0.844975
vt 0.258660 0.829347
vt 0.238308 0.835957
vt 0.176754 0.841276
vt 0.220892 0.838515
vt 0.231555 0.838360
vt 0.203329 0.846415
vt 0.211107 0.840040
vt 0.259202 0.841916
vt 0.220036 0.840989
vt 0.234434 0.840215
vt 0.208472 0.847357
vt 0.185370 0.858902
vt 0.241152 0.846990
vt 0.248721 0.850080
vt 0.257042 0.852766
vt 0.207141 0.861200
vt 0.208633 0.857440
vt 0.251321 0.861711
vt 0.203017 0.870696
vt 0.215432 0.861609
vt 0.238900 0.861465
vt 0.237791 0.854611
vt 0.229797 0.860489
vt 0.220529 0.866126
vt 0.259202 0.858799
vt 0.245773 0.870885
vt 0.235943 0.874014
vt 0.251826 0.870108
vt 0.221017 0.875296
vt 0.242462 0.876994
vt 0.297074 0.576983
vt 0.283742 0.583917
vt 0.287593 0.572850
vt 0.302154 0.563255
vt 0.302382 0.571321
vt 0.313500 0.568097
vt 0.285605 0.635493
vt 0.293913 0.645343
vt 0.283742 0.647301
vt 0.315772 0.562883
vt 0.290473 0.653622
vt 0.296559 0.637766
vt 0.313430 0.577398
vt 0.325709 0.578549
vt 0.300805 0.655657
vt 0.325800 0.567719
vt 0.309419 0.649529
vt 0.315281 0.659202
vt 0.312923 0.642193
vt 0.334968 0.578299
vt 0.341342 0.574079
vt 0.320533 0.643825
vt 0.346514 0.582038
vt 0.330822 0.642595
vt 0.344819 0.589021
vt 0.331629 0.654290
vt 0.356724 0.586559
vt 0.357765 0.598133
vt 0.355771 0.604477
vt 0.343838 0.642794
vt 0.343339 0.636396
vt 0.365255 0.595369
vt 0.350008 0.631279
vt 0.350818 0.624741
vt 0.350644 0.656659
vt 0.356730 0.639184
vt 0.363091 0.623391
vt 0.370851 0.605776
vt 0.359943 0.614324
vt 0.372748 0.595504
vt 0.358235 0.652612
vt 0.367081 0.644136
vt 0.380061 0.620638
vt 0.375077 0.631135
vt 0.840724 0.710263
vt 0.859170 0.702147
vt 0.848245 0.719723
vt 0.879622 0.713497
vt 0.868327 0.711336
vt 0.874419 0.704495
vt 0.822806 0.719036
vt 0.872784 0.719608
vt 0.831010 0.731230
vt 0.816902 0.730411
vt 0.815338 0.722482
vt 0.860231 0.727281
vt 0.843608 0.731589
vt 0.856832 0.734802
vt 0.865424 0.735184
vt 0.879617 0.730831
vt 0.828179 0.744634
vt 0.840013 0.744319
vt 0.891104 0.718063
vt 0.890681 0.741353
vt 0.851128 0.745312
vt 0.858303 0.743230
vt 0.876674 0.743326
vt 0.818313 0.755094
vt 0.814417 0.739926
vt 0.867642 0.749137
vt 0.829706 0.760204
vt 0.859018 0.754550
vt 0.880534 0.750535
vt 0.843609 0.756632
vt 0.817884 0.769355
vt 0.891104 0.757266
vt 0.853904 0.763453
vt 0.882011 0.761461
vt 0.869913 0.758692
vt 0.862547 0.762316
vt 0.846750 0.774801
vt 0.867599 0.762053
vt 0.834436 0.772421
vt 0.873957 0.766548
vt 0.825574 0.777592
vt 0.868990 0.767272
vt 0.857385 0.772529
vt 0.863163 0.767618
vt 0.890075 0.770307
vt 0.879386 0.776826
vt 0.868560 0.775458
vt 0.840542 0.782118
vt 0.861407 0.782485
vt 0.835317 0.786770
vt 0.847692 0.785293
vt 0.870795 0.788037
vt 0.762270 0.481944
vt 0.755479 0.481790
vt 0.755905 0.469667
vt 0.754787 0.489877
vt 0.747746 0.478805
vt 0.756713 0.436185
vt 0.756699 0.449479
vt 0.749235 0.442254
vt 0.758993 0.425506
vt 0.748839 0.428866
vt 0.759911 0.411673
vt 0.757475 0.417122
vt 0.742380 0.413152
vt 0.755926 0.458088
vt 0.745957 0.463574
vt 0.750234 0.420344
vt 0.753337 0.405944
vt 0.745485 0.483854
vt 0.741389 0.450170
vt 0.743036 0.489877
vt 0.734344 0.476218
vt 0.733743 0.436183
vt 0.743081 0.406789
vt 0.743916 0.402062
vt 0.744969 0.396563
vt 0.756330 0.400353
vt 0.732474 0.483246
vt 0.735406 0.420112
vt 0.726081 0.462210
vt 0.726658 0.486620
vt 0.725190 0.426055
vt 0.730776 0.405168
vt 0.726723 0.399029
vt 0.719697 0.442829
vt 0.716943 0.478774
vt 0.723095 0.410426
vt 0.722008 0.393541
vt 0.709787 0.412411
vt 0.710567 0.455452
vt 0.707506 0.488443
vt 0.714351 0.431187
vt 0.710518 0.401239
vt 0.706881 0.436248
vt 0.703277 0.443365
vt 0.697223 0.474183
vt 0.703216 0.425513
vt 0.711140 0.393066
vt 0.693557 0.461869
vt 0.696521 0.434993
vt 0.694086 0.451668
vt 0.699086 0.411934
vt 0.690474 0.441329
vt 0.697616 0.394433
vt 0.696800 0.404582
vt 0.687360 0.483220
vt 0.688686 0.457484
vt 0.685583 0.449210
vt 0.693196 0.408793
vt 0.685707 0.475868
vt 0.685965 0.467828
vt 0.692695 0.384969
vt 0.692037 0.395694
vt 0.994417 0.138765
vt 0.996744 0.157332
vt 0.989465 0.149098
vt 0.990918 0.163554
vt 0.987423 0.135202
vt 0.991151 0.127301
vt 0.997853 0.179877
vt 0.990287 0.179663
vt 0.994992 0.190021
vt 0.989336 0.196594
vt 0.993160 0.204590
vt 0.997121 0.203548
vt 0.988773 0.205985
vt 0.996742 0.213492
vt 0.990645 0.219040
vt 0.994485 0.224306
vt 0.994175 0.232765
vt 0.987423 0.237117
vt 0.203374 0.921779
vt 0.196626 0.942094
vt 0.202059 0.935829
vt 0.198801 0.943561
vt 0.203374 0.943340
vt 0.201175 0.948412
vt 0.200453 0.958589
vt 0.048773 0.700920
vt 0.048773 0.679448
vt 0.045706 0.691397
vt 0.455521 0.794564
vt 0.457121 0.784314
vt 0.458447 0.792898
vt 0.472278 0.787217
vt 0.465667 0.795742
vt 0.461705 0.780136
vt 0.481495 0.795437
vt 0.477962 0.779358
vt 0.492049 0.786648
vt 0.486118 0.798466
vt 0.493543 0.793292
vt 0.490519 0.778453
vt 0.497273 0.789209
vt 0.497765 0.783723
vt 0.501538 0.788639
vt 0.489703 0.775153
vt 0.501467 0.775614
vt 0.505695 0.780600
vt 0.510123 0.775153
vt 0.993317 0.610506
vt 0.984824 0.605554
vt 0.992006 0.597853
vt 0.987329 0.611932
vt 0.982487 0.612358
vt 0.984338 0.623568
vt 0.991000 0.625493
vt 0.996626 0.628433
vt 0.985188 0.632077
vt 0.971799 0.641080
vt 0.969680 0.644249
vt 0.966564 0.639220
vt 0.968618 0.636044
vt 0.996626 0.637443
vt 0.975935 0.637535
vt 0.989629 0.637422
vt 0.975194 0.644476
vt 0.976911 0.638737
vt 0.980407 0.646691
vt 0.993925 0.648114
vt 0.988986 0.650459
vt 0.975016 0.653375
vt 0.978639 0.652902
vt 0.984518 0.652656
vt 0.981851 0.662200
vt 0.988945 0.658539
vt 0.991719 0.661623
vt 0.984942 0.665065
vt 0.995829 0.657468
vt 0.985395 0.669114
vt 0.979682 0.670245
vt 0.818845 0.095533
vt 0.811350 0.083674
vt 0.819213 0.086446
vt 0.821011 0.080863
vt 0.812282 0.097406
vt 0.827105 0.085330
vt 0.835718 0.080061
vt 0.826548 0.092595
vt 0.831308 0.088953
vt 0.830224 0.098882
vt 0.827553 0.104267
vt 0.839582 0.083937
vt 0.833307 0.093937
vt 0.841192 0.089627
vt 0.822223 0.113564
vt 0.829156 0.112278
vt 0.832399 0.105024
vt 0.847952 0.084703
vt 0.837200 0.104710
vt 0.842011 0.101736
vt 0.834457 0.110164
vt 0.828806 0.119835
vt 0.848320 0.093133
vt 0.836148 0.107518
vt 0.852169 0.087656
vt 0.843155 0.108140
vt 0.855573 0.086894
vt 0.855832 0.090042
vt 0.855062 0.098364
vt 0.858566 0.081951
vt 0.861033 0.086663
vt 0.835491 0.120372
vt 0.850267 0.106896
vt 0.868642 0.080061
vt 0.869814 0.084060
vt 0.868079 0.091170
vt 0.864475 0.097889
vt 0.840228 0.116422
vt 0.838082 0.125533
vt 0.843877 0.118995
vt 0.879996 0.081594
vt 0.845122 0.118358
vt 0.845581 0.110386
vt 0.852866 0.115535
vt 0.863614 0.105422
vt 0.879463 0.087771
vt 0.847427 0.126074
vt 0.873251 0.102269
vt 0.884969 0.086365
vt 0.864476 0.112017
vt 0.884097 0.091016
vt 0.857245 0.123291
vt 0.880661 0.100252
vt 0.883817 0.096114
vt 0.869472 0.114939
vt 0.884686 0.098456
vt 0.877923 0.108371
vt 0.007669 0.638737
vt 0.005215 0.642025
vt 0.005704 0.639749
vt 0.005290 0.640137
vt 0.018098 0.636503
vt 0.018098 0.628206
vt 0.018593 0.627914
vt 0.005215 0.637730
vt 0.019325 0.629167
vt 0.632209 0.074004
vt 0.636858 0.071840
vt 0.642389 0.078559
vt 0.633181 0.077177
vt 0.641250 0.065339
vt 0.650606 0.075647
vt 0.643775 0.012434
vt 0.652299 0.024198
vt 0.641755 0.020441
vt 0.637755 0.008969
vt 0.642646 0.005069
vt 0.652547 0.063485
vt 0.642644 0.058475
vt 0.647291 0.031271
vt 0.644808 0.045147
vt 0.650644 0.037912
vt 0.650068 0.051195
vt 0.649096 0.008868
vt 0.655109 0.055321
vt 0.654360 0.011218
vt 0.656082 0.041620
vt 0.663692 0.079257
vt 0.660051 0.063214
vt 0.661484 0.016818
vt 0.661888 0.033882
vt 0.658956 0.005239
vt 0.668207 0.057019
vt 0.663936 0.071036
vt 0.660983 0.084631
vt 0.664672 0.043926
vt 0.669843 0.068739
vt 0.667137 0.010978
vt 0.673095 0.038860
vt 0.675681 0.061759
vt 0.674126 0.076223
vt 0.674218 0.089650
vt 0.677187 0.021945
vt 0.682109 0.065364
vt 0.678281 0.048777
vt 0.673666 0.007785
vt 0.682570 0.075246
vt 0.682990 0.084490
vt 0.682090 0.010546
vt 0.684637 0.031967
vt 0.689155 0.054822
vt 0.682557 0.003282
vt 0.684510 0.041173
vt 0.687450 0.092846
vt 0.689803 0.080630
vt 0.700832 0.073482
vt 0.688594 0.017433
vt 0.696496 0.066930
vt 0.693108 0.086306
vt 0.699122 0.064135
vt 0.696631 0.035978
vt 0.697868 0.002676
vt 0.700269 0.025834
vt 0.700149 0.047469
vt 0.699467 0.010903
vt 0.704495 0.017952
vt 0.701535 0.092945
vt 0.709124 0.047722
vt 0.704355 0.080094
vt 0.713673 0.070147
vt 0.704937 0.084934
vt 0.711081 0.061755
vt 0.708942 0.006046
vt 0.712568 0.091176
vt 0.713120 0.033283
vt 0.712951 0.078711
vt 0.716139 0.083754
vt 0.717828 0.025688
vt 0.718621 0.049475
vt 0.716164 0.001810
vt 0.718583 0.063686
vt 0.720209 0.009924
vt 0.721125 0.076421
vt 0.724148 0.072089
vt 0.724847 0.059084
vt 0.723220 0.034580
vt 0.724847 0.000307
vt 0.723745 0.022906
vt 0.083968 0.894333
vt 0.089264 0.907669
vt 0.086064 0.886512
vt 0.083129 0.886040
vt 0.085007 0.872277
vt 0.088100 0.875660
vt 0.089264 0.867863
vt 0.086912 0.862270
vt 0.113024 0.969556
vt 0.116050 0.972703
vt 0.110736 0.976380
vt 0.122247 0.963415
vt 0.116151 0.958630
vt 0.132427 0.968699
vt 0.143331 0.960596
vt 0.122424 0.956555
vt 0.129095 0.958531
vt 0.127856 0.954561
vt 0.120121 0.951059
vt 0.144828 0.965053
vt 0.127351 0.949595
vt 0.135230 0.956255
vt 0.161323 0.968226
vt 0.166401 0.968821
vt 0.160684 0.976380
vt 0.133589 0.949767
vt 0.135580 0.952223
vt 0.153900 0.965719
vt 0.123258 0.944894
vt 0.156437 0.972423
vt 0.133894 0.943807
vt 0.171592 0.975525
vt 0.133585 0.941121
vt 0.159343 0.964021
vt 0.131961 0.935028
vt 0.143127 0.947970
vt 0.155289 0.952308
vt 0.154970 0.959839
vt 0.165859 0.962443
vt 0.179002 0.966131
vt 0.163360 0.958376
vt 0.176534 0.958970
vt 0.183343 0.973146
vt 0.138233 0.935465
vt 0.185380 0.967467
vt 0.167471 0.944352
vt 0.136183 0.927914
vt 0.153509 0.938643
vt 0.189185 0.969486
vt 0.189264 0.964432
vt 0.146784 0.936766
vt 0.185504 0.958111
vt 0.184321 0.952030
vt 0.154821 0.933636
vt 0.163006 0.936250
vt 0.179125 0.944413
vt 0.171609 0.939775
vt 0.908634 0.045870
vt 0.914429 0.031595
vt 0.918595 0.033877
vt 0.923620 0.032338
vt 0.915097 0.050619
vt 0.902092 0.061027
vt 0.915100 0.065401
vt 0.905930 0.068273
vt 0.912133 0.077289
vt 0.895371 0.078596
vt 0.905591 0.086209
vt 0.898731 0.081449
vt 0.913170 0.096662
vt 0.892902 0.091742
vt 0.895880 0.095258
vt 0.913282 0.145625
vt 0.920969 0.142952
vt 0.923620 0.150613
vt 0.905696 0.105050
vt 0.899250 0.100737
vt 0.916331 0.133986
vt 0.907709 0.135464
vt 0.890295 0.102402
vt 0.912187 0.114239
vt 0.911150 0.124541
vt 0.915212 0.124621
vt 0.906213 0.115684
vt 0.901985 0.121157
vt 0.895454 0.109865
vt 0.891896 0.112428
vt 0.886810 0.113577
vt 0.895326 0.126386
vt 0.997239 0.346319
vt 0.995198 0.355070
vt 0.984210 0.353004
vt 0.985582 0.365035
vt 0.972492 0.369642
vt 0.970402 0.354138
vt 0.964724 0.363897
vt 0.980507 0.378821
vt 0.967224 0.381705
vt 0.970354 0.391887
vt 0.979599 0.392839
vt 0.968733 0.399043
vt 0.972488 0.407549
vt 0.969062 0.410002
vt 0.981521 0.407201
vt 0.978923 0.420176
vt 0.985506 0.417941
vt 0.970335 0.421248
vt 0.984269 0.426415
vt 0.989571 0.426829
vt 0.985637 0.431969
vt 0.974630 0.428511
vt 0.997239 0.435276
vt 0.923266 0.886677
vt 0.923620 0.895273
vt 0.918468 0.885428
vt 0.919152 0.904741
vt 0.917352 0.894894
vt 0.922346 0.909400
vt 0.919757 0.924038
vt 0.915152 0.915188
vt 0.912125 0.928297
vt 0.911693 0.903360
vt 0.904847 0.880504
vt 0.914758 0.878795
vt 0.905285 0.917013
vt 0.905472 0.890153
vt 0.894989 0.929386
vt 0.897596 0.900900
vt 0.902591 0.938578
vt 0.910330 0.940402
vt 0.900749 0.947546
vt 0.891138 0.885786
vt 0.887113 0.908785
vt 0.887660 0.944564
vt 0.891466 0.875153
vt 0.882847 0.877817
vt 0.877816 0.923325
vt 0.882860 0.898215
vt 0.877563 0.886864
vt 0.874853 0.939080
vt 0.869327 0.909799
vt 0.876013 0.947481
vt 0.868456 0.878320
vt 0.866786 0.945222
vt 0.866284 0.931945
vt 0.860382 0.892794
vt 0.856829 0.939803
vt 0.855638 0.926380
vt 0.851351 0.908624
vt 0.861411 0.947546
vt 0.851678 0.881156
vt 0.849408 0.934188
vt 0.848521 0.942595
vt 0.848393 0.896584
vt 0.846949 0.915639
vt 0.845434 0.905388
vt 0.844968 0.885906
vt 0.844379 0.932007
vt 0.843252 0.895499
vt 0.008438 0.638030
vt 0.008282 0.637117
vt 0.008741 0.637822
vt 0.000000 0.000000
vt 0.008282 0.643252
vt 0.009509 0.637714
vt 0.025087 0.789405
vt 0.031574 0.793558
vt 0.037730 0.788025
vt 0.021375 0.784969
vt 0.018562 0.793558
vt 0.011963 0.789060
vt 0.463384 0.802578
vt 0.455521 0.796012
vt 0.463520 0.798085
vt 0.467242 0.765486
vt 0.459317 0.770488
vt 0.450613 0.758598
vt 0.470003 0.801681
vt 0.474457 0.801023
vt 0.468549 0.761046
vt 0.459526 0.757976
vt 0.471523 0.807767
vt 0.479950 0.805486
vt 0.478291 0.803692
vt 0.483773 0.801687
vt 0.029223 0.651841
vt 0.040184 0.655521
vt 0.030813 0.654034
vt 0.025460 0.655521
vt 0.032822 0.705882
vt 0.044905 0.700307
vt 0.040813 0.707055
vt 0.488443 0.805474
vt 0.471850 0.775767
vt 0.022393 0.616258
vt 0.026687 0.622345
vt 0.022393 0.626687
vt 0.485770 0.809509
vt 0.055521 0.707055
vt 0.483578 0.762064
vt 0.494434 0.805720
vt 0.491875 0.802653
vt 0.483753 0.775290
vt 0.508703 0.800065
vt 0.520552 0.796012
vt 0.512094 0.804776
vt 0.490089 0.767848
vt 0.500425 0.809236
vt 0.498758 0.761272
vt 0.501179 0.764114
vt 0.491927 0.773238
vt 0.510123 0.757975
vt 0.093558 0.797606
vt 0.091512 0.802761
vt 0.087705 0.799391
vt 0.089268 0.793692
vt 0.085982 0.790137
vt 0.083742 0.800319
vt 0.091602 0.789329
vt 0.088910 0.785681
vt 0.083742 0.783241
vt 0.088849 0.775767
vt 0.000920 0.620870
vt 0.000920 0.615031
vt 0.001534 0.620706
vt 0.007981 0.632822
vt 0.005345 0.632822
vt 0.007146 0.632762
vt 0.007176 0.631597
vt 0.006243 0.630319
vt 0.001386 0.627301
vt 0.009509 0.626074
vt 0.005215 0.627100
vt 0.015422 0.621455
vt 0.014417 0.627301
vt 0.014417 0.615031
vt 0.016258 0.621775
vt 0.729912 0.924674
vt 0.713637 0.922193
vt 0.730368 0.919313
vt 0.714271 0.915853
vt 0.729287 0.913190
vt 0.697255 0.916756
vt 0.699668 0.925460
vt 0.685070 0.919845
vt 0.666233 0.924233
vt 0.661715 0.919218
vt 0.671983 0.915397
vt 0.683817 0.913190
vt 0.649700 0.918745
vt 0.650281 0.924355
vt 0.657026 0.914206
vt 0.648773 0.913452
vt 0.663994 0.702030
vt 0.655606 0.705062
vt 0.647763 0.700307
vt 0.633887 0.703529
vt 0.664724 0.708197
vt 0.638145 0.707716
vt 0.650370 0.711350
vt 0.618606 0.706876
vt 0.600615 0.703623
vt 0.604642 0.707745
vt 0.627468 0.710855
vt 0.589383 0.708078
vt 0.584804 0.705238
vt 0.584450 0.709983
vt 0.579448 0.706324
vt 0.580717 0.711350
vt 0.175561 0.859202
vt 0.186810 0.863164
vt 0.172444 0.864110
vt 0.165872 0.859904
vt 0.156337 0.862973
vt 0.150069 0.859202
vt 0.145092 0.862423
vt 0.637304 0.980350
vt 0.633436 0.981902
vt 0.637298 0.971377
vt 0.642536 0.971730
vt 0.649080 0.975721
vt 0.650013 0.964773
vt 0.641334 0.960250
vt 0.656990 0.970713
vt 0.643897 0.950679
vt 0.640281 0.950750
vt 0.654158 0.958697
vt 0.662659 0.968994
vt 0.672865 0.965312
vt 0.679206 0.967341
vt 0.669486 0.975894
vt 0.700833 0.971313
vt 0.700564 0.978893
vt 0.689656 0.973203
vt 0.693321 0.970341
vt 0.719012 0.981902
vt 0.706862 0.977655
vt 0.715605 0.973695
vt 0.670010 0.955216
vt 0.641778 0.941840
vt 0.648493 0.948206
vt 0.658549 0.952552
vt 0.699390 0.960479
vt 0.724233 0.972190
vt 0.687114 0.930370
vt 0.696082 0.928166
vt 0.695285 0.936987
vt 0.686896 0.963053
vt 0.640088 0.935865
vt 0.645739 0.939488
vt 0.645509 0.926687
vt 0.653681 0.943513
vt 0.710076 0.960577
vt 0.689314 0.959260
vt 0.687421 0.942984
vt 0.697781 0.948148
vt 0.667446 0.947566
vt 0.662437 0.944044
vt 0.669531 0.946417
vt 0.669315 0.949406
vt 0.668956 0.942857
vt 0.675627 0.940767
vt 0.674451 0.949728
vt 0.666832 0.939103
vt 0.002147 0.648773
vt 0.005215 0.648773
vt 0.002973 0.646933
vt 0.678103 0.957066
vt 0.681223 0.961133
vt 0.717183 0.955295
vt 0.649855 0.932872
vt 0.657680 0.928022
vt 0.706711 0.932764
vt 0.708969 0.944832
vt 0.714316 0.941963
vt 0.721373 0.943730
vt 0.561311 0.709921
vt 0.558087 0.695151
vt 0.563850 0.696963
vt 0.566852 0.711350
vt 0.568701 0.685207
vt 0.569632 0.702818
vt 0.556135 0.678349
vt 0.561034 0.675797
vt 0.566002 0.674418
vt 0.559624 0.664910
vt 0.563798 0.658386
vt 0.557582 0.653107
vt 0.569632 0.665412
vt 0.569158 0.651494
vt 0.559209 0.638335
vt 0.564984 0.644277
vt 0.569104 0.636280
vt 0.562824 0.630982
vt 0.566833 0.631497
vt 0.378176 0.730765
vt 0.383129 0.745092
vt 0.378709 0.741861
vt 0.382322 0.731520
vt 0.379234 0.720199
vt 0.346843 0.736529
vt 0.342476 0.745024
vt 0.339466 0.733517
vt 0.332028 0.739339
vt 0.356293 0.741287
vt 0.375286 0.723299
vt 0.330289 0.726503
vt 0.344937 0.725222
vt 0.323636 0.725827
vt 0.323883 0.736145
vt 0.379241 0.715331
vt 0.375560 0.709755
vt 0.358021 0.734791
vt 0.380127 0.715241
vt 0.378205 0.710323
vt 0.369519 0.713723
vt 0.289814 0.743372
vt 0.282515 0.741419
vt 0.285187 0.732528
vt 0.333760 0.718920
vt 0.371010 0.725237
vt 0.366046 0.724651
vt 0.315716 0.727714
vt 0.314743 0.737657
vt 0.301996 0.734092
vt 0.308516 0.745092
vt 0.293124 0.729861
vt 0.297867 0.743740
vt 0.336647 0.713152
vt 0.324888 0.717277
vt 0.378006 0.702236
vt 0.357767 0.723581
vt 0.347470 0.715277
vt 0.376419 0.698649
vt 0.361677 0.673033
vt 0.365780 0.670764
vt 0.367272 0.682948
vt 0.363284 0.735419
vt 0.323487 0.704463
vt 0.372680 0.683550
vt 0.371923 0.697953
vt 0.368929 0.703769
vt 0.332962 0.702319
vt 0.316162 0.711475
vt 0.315672 0.717686
vt 0.363703 0.662883
vt 0.362170 0.711256
vt 0.339916 0.705727
vt 0.320483 0.681477
vt 0.319102 0.688833
vt 0.311527 0.680475
vt 0.366639 0.693227
vt 0.364176 0.682704
vt 0.327225 0.692589
vt 0.351616 0.710106
vt 0.287842 0.719581
vt 0.338592 0.697749
vt 0.332954 0.691753
vt 0.329119 0.684580
vt 0.303055 0.719747
vt 0.326294 0.680298
vt 0.341321 0.700543
vt 0.358913 0.704418
vt 0.305205 0.712112
vt 0.296877 0.713359
vt 0.297318 0.703090
vt 0.289975 0.703363
vt 0.337796 0.695230
vt 0.323006 0.913012
vt 0.335745 0.913753
vt 0.328832 0.918369
vt 0.340653 0.918712
vt 0.347214 0.915322
vt 0.348155 0.912577
vt 0.357416 0.918027
vt 0.360305 0.913551
vt 0.370537 0.916890
vt 0.378463 0.913263
vt 0.381582 0.917765
vt 0.390350 0.914245
vt 0.393558 0.918712
vt 0.203374 0.921166
vt 0.183613 0.921166
vt 0.192380 0.917485
vt 0.176291 0.918745
vt 0.167178 0.921049
vt 0.428942 0.907909
vt 0.418001 0.912413
vt 0.420864 0.903759
vt 0.432022 0.901105
vt 0.453456 0.896626
vt 0.439340 0.908851
vt 0.408782 0.905392
vt 0.455872 0.969202
vt 0.459798 0.965223
vt 0.467825 0.969632
vt 0.419045 0.967640
vt 0.430140 0.963331
vt 0.430635 0.968476
vt 0.444256 0.969414
vt 0.458497 0.900043
vt 0.410689 0.911820
vt 0.449633 0.911558
vt 0.443864 0.963040
vt 0.476810 0.930612
vt 0.471939 0.917167
vt 0.479776 0.925190
vt 0.480675 0.941003
vt 0.451366 0.953093
vt 0.405828 0.959053
vt 0.409945 0.961989
vt 0.406849 0.965995
vt 0.410905 0.969632
vt 0.461394 0.906540
vt 0.472490 0.965818
vt 0.419201 0.959176
vt 0.438031 0.952190
vt 0.446871 0.924891
vt 0.463581 0.945992
vt 0.471831 0.937938
vt 0.409372 0.940662
vt 0.413811 0.932836
vt 0.427173 0.945793
vt 0.444780 0.942534
vt 0.467634 0.955989
vt 0.469222 0.902566
vt 0.478961 0.950344
vt 0.406270 0.948833
vt 0.412073 0.953338
vt 0.407463 0.935427
vt 0.409261 0.923239
vt 0.428880 0.922497
vt 0.430743 0.932999
vt 0.441312 0.932686
vt 0.455186 0.938249
vt 0.459112 0.921647
vt 0.478501 0.960482
vt 0.474984 0.950178
vt 0.462748 0.936316
vt 0.468700 0.926440
vt 0.854294 0.197083
vt 0.850800 0.204817
vt 0.844979 0.197394
vt 0.850175 0.184459
vt 0.836909 0.204892
vt 0.775905 0.197612
vt 0.786087 0.205576
vt 0.773313 0.203356
vt 0.796277 0.198051
vt 0.780470 0.186112
vt 0.794484 0.214921
vt 0.782004 0.214532
vt 0.839554 0.185464
vt 0.842117 0.173603
vt 0.828182 0.211197
vt 0.827539 0.205892
vt 0.835932 0.211270
vt 0.832344 0.195317
vt 0.807303 0.208784
vt 0.815334 0.215031
vt 0.817698 0.206859
vt 0.795721 0.184216
vt 0.831719 0.171096
vt 0.828632 0.180707
vt 0.846668 0.150542
vt 0.838315 0.163434
vt 0.833972 0.150033
vt 0.787044 0.154961
vt 0.779554 0.168152
vt 0.774993 0.152001
vt 0.785920 0.174089
vt 0.829955 0.187712
vt 0.845310 0.140925
vt 0.823146 0.166496
vt 0.814414 0.174711
vt 0.813389 0.183743
vt 0.796357 0.170966
vt 0.806701 0.193176
vt 0.820429 0.196372
vt 0.781100 0.144613
vt 0.773313 0.138672
vt 0.830210 0.158745
vt 0.809869 0.159517
vt 0.832359 0.164758
vt 0.808943 0.202196
vt 0.801554 0.129959
vt 0.813680 0.129141
vt 0.807241 0.138483
vt 0.842026 0.132614
vt 0.831930 0.139783
vt 0.830038 0.131467
vt 0.785451 0.136504
vt 0.820200 0.149114
vt 0.799805 0.149883
vt 0.796182 0.138027
vt 0.791958 0.131767
vt 0.821905 0.136483
vt 0.577583 0.783371
vt 0.580061 0.788650
vt 0.569954 0.785906
vt 0.526509 0.784331
vt 0.521779 0.786230
vt 0.525095 0.777231
vt 0.531034 0.775104
vt 0.561339 0.781449
vt 0.534301 0.779359
vt 0.536920 0.783662
vt 0.532313 0.787347
vt 0.523565 0.788650
vt 0.532499 0.788285
vt 0.569670 0.777118
vt 0.555036 0.785662
vt 0.543480 0.778483
vt 0.547505 0.783409
vt 0.561386 0.775541
vt 0.558303 0.771472
vt 0.566971 0.771794
vt 0.552939 0.776942
vt 0.544304 0.785641
vt 0.540243 0.784043
vt 0.549089 0.772806
vt 0.540127 0.772782
vt 0.619388 0.094784
vt 0.613446 0.100307
vt 0.616682 0.095924
vt 0.010123 0.637730
vt 0.010123 0.642638
vt 0.012577 0.641007
vt 0.617921 0.093683
vt 0.605668 0.094057
vt 0.628208 0.088838
vt 0.621317 0.091972
vt 0.624401 0.081653
vt 0.602311 0.082310
vt 0.615283 0.077678
vt 0.588275 0.093254
vt 0.585539 0.087880
vt 0.628207 0.067477
vt 0.633812 0.065892
vt 0.621422 0.067607
vt 0.637024 0.056168
vt 0.609278 0.074359
vt 0.589601 0.081505
vt 0.642277 0.051399
vt 0.627430 0.060198
vt 0.575141 0.083333
vt 0.632314 0.057096
vt 0.598803 0.075397
vt 0.608521 0.070921
vt 0.618958 0.062075
vt 0.587967 0.075385
vt 0.640276 0.037988
vt 0.431563 0.850439
vt 0.435010 0.864141
vt 0.423485 0.853294
vt 0.628444 0.049130
vt 0.425197 0.841020
vt 0.436166 0.880724
vt 0.424723 0.875250
vt 0.643865 0.038750
vt 0.433305 0.890659
vt 0.437117 0.889986
vt 0.576830 0.072787
vt 0.073934 0.788408
vt 0.070628 0.784953
vt 0.070245 0.791541
vt 0.436364 0.895316
vt 0.634193 0.039404
vt 0.082365 0.788618
vt 0.083129 0.777607
vt 0.079352 0.781172
vt 0.077237 0.790873
vt 0.431642 0.895035
vt 0.075352 0.795435
vt 0.409727 0.837967
vt 0.414806 0.833234
vt 0.083129 0.795612
vt 0.423538 0.890696
vt 0.427911 0.895124
vt 0.579428 0.070147
vt 0.563696 0.062448
vt 0.081434 0.800920
vt 0.579522 0.066782
vt 0.583003 0.064920
vt 0.630648 0.026991
vt 0.639446 0.022623
vt 0.569359 0.081459
vt 0.557141 0.066215
vt 0.580692 0.056994
vt 0.406774 0.856242
vt 0.422668 0.896100
vt 0.424232 0.899080
vt 0.572641 0.060930
vt 0.413487 0.886852
vt 0.402133 0.829072
vt 0.568349 0.063101
vt 0.415133 0.892335
vt 0.635243 0.019678
vt 0.404002 0.877739
vt 0.394200 0.832471
vt 0.574727 0.044884
vt 0.391462 0.850634
vt 0.565702 0.043746
vt 0.554461 0.050774
vt 0.407057 0.885039
vt 0.386916 0.828989
vt 0.407401 0.888484
vt 0.015644 0.640009
vt 0.013190 0.637730
vt 0.013190 0.643252
vt 0.402819 0.882921
vt 0.635313 0.010319
vt 0.560685 0.054412
vt 0.628227 0.011108
vt 0.398419 0.883803
vt 0.386781 0.875239
vt 0.547442 0.044759
vt 0.557729 0.044701
vt 0.378768 0.835492
vt 0.570458 0.037522
vt 0.631076 0.002456
vt 0.375867 0.831547
vt 0.383024 0.824737
vt 0.377172 0.850988
vt 0.391379 0.889638
vt 0.622985 0.000307
vt 0.376933 0.827490
vt 0.624151 0.005804
vt 0.385762 0.889441
vt 0.393258 0.899080
vt 0.561818 0.031455
vt 0.558221 0.033743
vt 0.549792 0.033461
vt 0.555543 0.037294
vt 0.371374 0.836483
vt 0.373211 0.831150
vt 0.375253 0.823006
vt 0.365218 0.830162
vt 0.370799 0.863709
vt 0.549842 0.023335
vt 0.555179 0.025476
vt 0.553386 0.030052
vt 0.377434 0.876969
vt 0.550837 0.029213
vt 0.543865 0.031412
vt 0.365572 0.844368
vt 0.372822 0.867851
vt 0.373991 0.873612
vt 0.558003 0.013268
vt 0.371627 0.873462
vt 0.376790 0.880160
vt 0.373483 0.879109
vt 0.544916 0.013165
vt 0.361749 0.838696
vt 0.376768 0.891641
vt 0.370218 0.890417
vt 0.363867 0.867994
vt 0.555894 0.005615
vt 0.358959 0.882769
vt 0.354908 0.851443
vt 0.547795 0.000307
vt 0.363287 0.895824
vt 0.356196 0.864879
vt 0.609168 0.217789
vt 0.601330 0.217108
vt 0.609509 0.213003
vt 0.609272 0.210332
vt 0.602339 0.201506
vt 0.607516 0.221736
vt 0.601859 0.225844
vt 0.609022 0.226747
vt 0.590491 0.201658
vt 0.595640 0.242002
vt 0.592194 0.187309
vt 0.590476 0.229363
vt 0.585869 0.214938
vt 0.582897 0.186514
vt 0.579055 0.180109
vt 0.579277 0.245801
vt 0.586827 0.224182
vt 0.586367 0.266162
vt 0.580851 0.253578
vt 0.579476 0.208911
vt 0.585426 0.230878
vt 0.571359 0.197682
vt 0.029755 0.622324
vt 0.027301 0.615031
vt 0.027301 0.627914
vt 0.569083 0.184990
vt 0.574082 0.177951
vt 0.568762 0.273187
vt 0.563615 0.262072
vt 0.559671 0.187958
vt 0.569991 0.206842
vt 0.555797 0.255154
vt 0.557328 0.174540
vt 0.559799 0.249500
vt 0.553275 0.273926
vt 0.559920 0.203239
vt 0.555077 0.180904
vt 0.550005 0.183723
vt 0.551436 0.177767
vt 0.548468 0.247397
vt 0.551239 0.197993
vt 0.548281 0.264356
vt 0.042025 0.679448
vt 0.042025 0.700307
vt 0.045706 0.684620
vt 0.552037 0.203365
vt 0.545217 0.268281
vt 0.549598 0.244745
vt 0.541121 0.273874
vt 0.032822 0.738957
vt 0.034762 0.743865
vt 0.042219 0.742733
vt 0.540697 0.264475
vt 0.543271 0.180313
vt 0.541894 0.258196
vt 0.537959 0.195801
vt 0.535415 0.177342
vt 0.045095 0.739189
vt 0.535227 0.248771
vt 0.030982 0.620552
vt 0.036925 0.616258
vt 0.042025 0.620552
vt 0.543048 0.244997
vt 0.542941 0.206708
vt 0.048445 0.742097
vt 0.528458 0.192592
vt 0.533260 0.265341
vt 0.055521 0.738957
vt 0.529616 0.269169
vt 0.531334 0.259878
vt 0.534738 0.236864
vt 0.529802 0.212385
vt 0.532757 0.273382
vt 0.535251 0.213037
vt 0.528053 0.265118
vt 0.533062 0.222048
vt 0.530704 0.232394
vt 0.524957 0.182352
vt 0.522069 0.240168
vt 0.522777 0.221945
vt 0.522119 0.206817
vt 0.524655 0.254051
vt 0.521711 0.255967
vt 0.515384 0.262411
vt 0.519961 0.269896
vt 0.518496 0.204294
vt 0.516726 0.243106
vt 0.516530 0.195285
vt 0.512774 0.192127
vt 0.512641 0.250292
vt 0.515307 0.213896
vt 0.513583 0.229089
vt 0.502033 0.241559
vt 0.510970 0.244922
vt 0.504904 0.254267
vt 0.505046 0.233304
vt 0.511526 0.209582
vt 0.501845 0.220999
vt 0.498466 0.210722
vt 0.498466 0.224356
vt 0.381181 0.207916
vt 0.370311 0.214596
vt 0.366962 0.204251
vt 0.375869 0.225925
vt 0.377743 0.216727
vt 0.361451 0.228848
vt 0.373520 0.197701
vt 0.348243 0.214052
vt 0.386152 0.220126
vt 0.355171 0.222446
vt 0.362066 0.201498
vt 0.386381 0.195622
vt 0.392652 0.213497
vt 0.360832 0.191877
vt 0.336440 0.169545
vt 0.352661 0.167745
vt 0.341868 0.183943
vt 0.340099 0.158830
vt 0.352045 0.160120
vt 0.358694 0.237516
vt 0.369522 0.174568
vt 0.327606 0.165910
vt 0.364030 0.245402
vt 0.340088 0.253544
vt 0.358273 0.241190
vt 0.379448 0.232377
vt 0.338494 0.232642
vt 0.346680 0.202682
vt 0.331101 0.208786
vt 0.326951 0.182853
vt 0.319686 0.172681
vt 0.348618 0.236025
vt 0.349916 0.189721
vt 0.339728 0.196737
vt 0.320879 0.188663
vt 0.356378 0.177613
vt 0.350994 0.156887
vt 0.347226 0.154847
vt 0.358128 0.151947
vt 0.330411 0.159534
vt 0.312296 0.170739
vt 0.331119 0.227652
vt 0.360657 0.259294
vt 0.367383 0.236336
vt 0.366775 0.158909
vt 0.305215 0.178258
vt 0.338003 0.239269
vt 0.329835 0.235654
vt 0.323347 0.218468
vt 0.315903 0.198082
vt 0.317656 0.166366
vt 0.378705 0.254278
vt 0.343591 0.241159
vt 0.394277 0.204860
vt 0.320194 0.208116
vt 0.308666 0.191390
vt 0.345599 0.270349
vt 0.320629 0.226690
vt 0.363011 0.153268
vt 0.329568 0.241106
vt 0.312095 0.205704
vt 0.332387 0.276793
vt 0.322660 0.267314
vt 0.316960 0.216069
vt 0.383825 0.243954
vt 0.325930 0.238427
vt 0.320300 0.276625
vt 0.369743 0.150000
vt 0.363973 0.267629
vt 0.352404 0.274422
vt 0.375815 0.261348
vt 0.387573 0.256740
vt 0.340602 0.282565
vt 0.399611 0.250688
vt 0.401534 0.237170
vt 0.331459 0.292560
vt 0.323943 0.292261
vt 0.309322 0.294001
vt 0.322973 0.302533
vt 0.311161 0.305096
vt 0.313418 0.313857
vt 0.305215 0.318098
vt 0.305470 0.171620
vt 0.918244 0.720552
vt 0.921575 0.715678
vt 0.925925 0.720056
vt 0.935080 0.714345
vt 0.909847 0.717743
vt 0.907324 0.711896
vt 0.899433 0.713064
vt 0.936917 0.708015
vt 0.927849 0.698830
vt 0.914708 0.702925
vt 0.901791 0.704294
vt 0.943288 0.706375
vt 0.891447 0.699881
vt 0.887922 0.706895
vt 0.945944 0.695886
vt 0.879508 0.700707
vt 0.897526 0.693234
vt 0.923496 0.693199
vt 0.877745 0.691780
vt 0.941304 0.681129
vt 0.886655 0.681317
vt 0.931000 0.681277
vt 0.892114 0.679589
vt 0.950613 0.687146
vt 0.948786 0.673010
vt 0.876071 0.679657
vt 0.878192 0.679864
vt 0.879262 0.679132
vt 0.406442 0.924937
vt 0.398834 0.922705
vt 0.405134 0.916258
vt 0.942123 0.661736
vt 0.878026 0.678825
vt 0.877729 0.678496
vt 0.876363 0.671939
vt 0.002254 0.642025
vt 0.003649 0.642391
vt 0.002665 0.643714
vt 0.005215 0.644478
vt 0.003130 0.643274
vt 0.399709 0.932199
vt 0.003988 0.652454
vt 0.002147 0.652454
vt 0.003338 0.651841
vt 0.002147 0.644478
vt 0.880351 0.671200
vt 0.396524 0.929441
vt 0.394865 0.928747
vt 0.930766 0.659934
vt 0.928123 0.669619
vt 0.888457 0.665683
vt 0.391877 0.925925
vt 0.393024 0.926907
vt 0.392097 0.926891
vt 0.027301 0.643865
vt 0.027774 0.642674
vt 0.028439 0.642574
vt 0.391145 0.928294
vt 0.029797 0.643015
vt 0.029790 0.642321
vt 0.027775 0.642025
vt 0.883648 0.660716
vt 0.396470 0.931031
vt 0.392942 0.935249
vt 0.395885 0.929875
vt 0.400196 0.941543
vt 0.874540 0.672448
vt 0.874878 0.670577
vt 0.874957 0.671710
vt 0.875242 0.666230
vt 0.925418 0.663002
vt 0.950613 0.660540
vt 0.383371 0.935139
vt 0.042638 0.643865
vt 0.024847 0.631095
vt 0.023006 0.628528
vt 0.023006 0.635890
vt 0.925916 0.655700
vt 0.921627 0.665735
vt 0.892197 0.658936
vt 0.948370 0.648201
vt 0.940845 0.645532
vt 0.891961 0.646456
vt 0.895751 0.653668
vt 0.931427 0.646141
vt 0.388973 0.952128
vt 0.920648 0.644478
vt 0.382193 0.954151
vt 0.369713 0.942127
vt 0.898553 0.646105
vt 0.345756 0.933696
vt 0.336266 0.925027
vt 0.346270 0.929287
vt 0.361766 0.940732
vt 0.365097 0.937214
vt 0.357226 0.937079
vt 0.352958 0.939870
vt 0.335872 0.935903
vt 0.326960 0.922172
vt 0.370814 0.959178
vt 0.349212 0.938587
vt 0.323882 0.934829
vt 0.320552 0.916258
vt 0.345441 0.937732
vt 0.347670 0.937870
vt 0.350007 0.939744
vt 0.350125 0.942312
vt 0.346359 0.937835
vt 0.361243 0.951068
vt 0.344091 0.948891
vt 0.379294 0.964755
vt 0.330435 0.946532
vt 0.354739 0.961294
vt 0.359495 0.969707
vt 0.328808 0.950360
vt 0.372647 0.969935
vt 0.342911 0.962131
vt 0.364289 0.974534
vt 0.333595 0.961051
vt 0.342317 0.967995
vt 0.352163 0.975767
vt 0.236601 0.418754
vt 0.247979 0.415443
vt 0.232735 0.428468
vt 0.245119 0.410326
vt 0.252030 0.407006
vt 0.215992 0.420423
vt 0.214273 0.436669
vt 0.245343 0.400012
vt 0.195569 0.436440
vt 0.223230 0.392768
vt 0.241868 0.386298
vt 0.192024 0.418134
vt 0.168752 0.437117
vt 0.168938 0.429902
vt 0.206710 0.398654
vt 0.236845 0.370726
vt 0.241476 0.377859
vt 0.227328 0.366610
vt 0.165994 0.413379
vt 0.186254 0.401086
vt 0.233889 0.360231
vt 0.239246 0.364136
vt 0.241823 0.367760
vt 0.239609 0.359971
vt 0.242670 0.353800
vt 0.245469 0.359624
vt 0.240592 0.363223
vt 0.155858 0.429412
vt 0.236786 0.364064
vt 0.238194 0.367159
vt 0.248874 0.344440
vt 0.261043 0.354154
vt 0.248853 0.349480
vt 0.194192 0.377909
vt 0.226557 0.347236
vt 0.237240 0.340680
vt 0.144069 0.413010
vt 0.206139 0.352801
vt 0.234493 0.331538
vt 0.169173 0.391029
vt 0.220973 0.335024
vt 0.141383 0.403202
vt 0.225826 0.328065
vt 0.183680 0.352629
vt 0.148901 0.387900
vt 0.164717 0.369638
vt 0.200591 0.336239
vt 0.218822 0.319730
vt 0.137117 0.401971
vt 0.211710 0.323879
vt 0.141600 0.394445
vt 0.139347 0.393895
vt 0.140556 0.385875
vt 0.210852 0.317295
vt 0.157164 0.352497
vt 0.192597 0.322705
vt 0.139041 0.377148
vt 0.143406 0.367889
vt 0.178760 0.334049
vt 0.203062 0.313190
vt 0.137284 0.367383
vt 0.171636 0.330170
vt 0.141484 0.354175
vt 0.137117 0.358389
vt 0.159439 0.334580
vt 0.144627 0.345231
vt 0.610263 0.482484
vt 0.617371 0.488185
vt 0.603374 0.486915
vt 0.612153 0.491453
vt 0.616388 0.471668
vt 0.621873 0.479268
vt 0.610012 0.477130
vt 0.680994 0.482242
vt 0.684067 0.488378
vt 0.668381 0.488509
vt 0.668554 0.469227
vt 0.675564 0.477661
vt 0.653658 0.477381
vt 0.662839 0.482631
vt 0.678256 0.507414
vt 0.670987 0.503131
vt 0.679784 0.499550
vt 0.664889 0.510123
vt 0.659468 0.506996
vt 0.672388 0.497580
vt 0.683008 0.467278
vt 0.651298 0.500396
vt 0.623677 0.464877
vt 0.618620 0.471034
vt 0.613018 0.458596
vt 0.679799 0.462412
vt 0.684969 0.460010
vt 0.684072 0.451299
vt 0.677207 0.448444
vt 0.681909 0.439309
vt 0.623313 0.495154
vt 0.619636 0.450899
vt 0.626697 0.476841
vt 0.631908 0.472232
vt 0.656532 0.469655
vt 0.643572 0.503549
vt 0.673022 0.429172
vt 0.664708 0.427924
vt 0.636151 0.478254
vt 0.628741 0.483191
vt 0.656043 0.487893
vt 0.603374 0.422943
vt 0.611694 0.433339
vt 0.606180 0.437367
vt 0.668542 0.409621
vt 0.675416 0.419957
vt 0.667669 0.418883
vt 0.658077 0.439844
vt 0.664413 0.451497
vt 0.669242 0.460524
vt 0.642644 0.473690
vt 0.657899 0.494420
vt 0.654760 0.455364
vt 0.644349 0.452442
vt 0.646474 0.443870
vt 0.632323 0.458319
vt 0.647286 0.463742
vt 0.637278 0.480627
vt 0.612695 0.444112
vt 0.634036 0.490960
vt 0.637833 0.496627
vt 0.631339 0.500536
vt 0.620740 0.440789
vt 0.611554 0.421527
vt 0.660068 0.411059
vt 0.630835 0.444989
vt 0.627755 0.432369
vt 0.643491 0.437934
vt 0.642880 0.485935
vt 0.649917 0.482365
vt 0.665231 0.403988
vt 0.653433 0.405483
vt 0.646308 0.425541
vt 0.639536 0.411284
vt 0.624645 0.415216
vt 0.635686 0.404020
vt 0.634491 0.427176
vt 0.660048 0.463170
vt 0.616609 0.411578
vt 0.625095 0.405266
vt 0.607091 0.414048
vt 0.650535 0.412478
vt 0.644206 0.492803
vt 0.941919 0.748429
vt 0.939302 0.741808
vt 0.949219 0.740959
vt 0.951841 0.734049
vt 0.940489 0.736800
vt 0.919815 0.770859
vt 0.917039 0.764831
vt 0.926933 0.756250
vt 0.935673 0.747716
vt 0.929771 0.749203
vt 0.929039 0.743696
vt 0.924642 0.749883
vt 0.918086 0.755592
vt 0.927386 0.738978
vt 0.915478 0.748157
vt 0.919576 0.742145
vt 0.916929 0.738394
vt 0.904364 0.739605
vt 0.032209 0.726687
vt 0.032209 0.743865
vt 0.024847 0.727434
vt 0.908644 0.736563
vt 0.897239 0.734049
vt 0.491011 0.388964
vt 0.493929 0.378997
vt 0.505208 0.389264
vt 0.484626 0.381600
vt 0.085247 0.900920
vt 0.089264 0.929157
vt 0.078221 0.924735
vt 0.502655 0.379827
vt 0.476343 0.376876
vt 0.486591 0.363376
vt 0.464009 0.375307
vt 0.474189 0.362657
vt 0.085369 0.946229
vt 0.079425 0.946813
vt 0.442527 0.363607
vt 0.460482 0.360349
vt 0.078221 0.953681
vt 0.515857 0.382848
vt 0.420649 0.361979
vt 0.424493 0.353722
vt 0.418111 0.350247
vt 0.414417 0.358980
vt 0.509368 0.364868
vt 0.526687 0.385726
vt 0.499327 0.363364
vt 0.459287 0.971051
vt 0.468405 0.970245
vt 0.458525 0.974146
vt 0.450007 0.978436
vt 0.421799 0.339178
vt 0.435345 0.341996
vt 0.456622 0.340780
vt 0.448203 0.973357
vt 0.521114 0.355055
vt 0.520903 0.369317
vt 0.518253 0.354879
vt 0.473377 0.336543
vt 0.513219 0.342867
vt 0.497638 0.346443
vt 0.489592 0.345583
vt 0.430188 0.322360
vt 0.436281 0.977949
vt 0.519573 0.342743
vt 0.178875 0.928843
vt 0.165507 0.935313
vt 0.162883 0.927301
vt 0.441552 0.327372
vt 0.424977 0.319837
vt 0.491415 0.327016
vt 0.503550 0.332218
vt 0.429194 0.973719
vt 0.182507 0.937730
vt 0.496004 0.333220
vt 0.463585 0.324060
vt 0.424112 0.979448
vt 0.458316 0.316910
vt 0.478050 0.317541
vt 0.521112 0.330488
vt 0.507170 0.329623
vt 0.516942 0.325300
vt 0.428495 0.304638
vt 0.504307 0.316739
vt 0.413977 0.974088
vt 0.450956 0.307194
vt 0.435130 0.302918
vt 0.513364 0.313235
vt 0.197736 0.934601
vt 0.411717 0.977271
vt 0.198466 0.927301
vt 0.492362 0.309701
vt 0.523656 0.308376
vt 0.473804 0.304543
vt 0.442075 0.297792
vt 0.431832 0.293420
vt 0.454719 0.298863
vt 0.510396 0.303666
vt 0.403374 0.970245
vt 0.041411 0.679448
vt 0.033808 0.676380
vt 0.023620 0.679448
vt 0.496793 0.314647
vt 0.500583 0.302908
vt 0.506584 0.300622
vt 0.464638 0.296689
vt 0.438019 0.290070
vt 0.500314 0.295113
vt 0.522979 0.299621
vt 0.517065 0.299385
vt 0.526345 0.296479
vt 0.093152 0.860929
vt 0.100320 0.858589
vt 0.100403 0.867991
vt 0.504815 0.290464
vt 0.519535 0.289990
vt 0.513062 0.288147
vt 0.094030 0.870458
vt 0.090748 0.864747
vt 0.090491 0.876741
vt 0.518964 0.276994
vt 0.095161 0.880368
vt 0.107922 0.867485
vt 0.101215 0.885310
vt 0.506237 0.278977
vt 0.526687 0.277044
vt 0.090491 0.893667
vt 0.094215 0.903988
vt 0.099885 0.901467
vt 0.108282 0.880422
vt 0.040857 0.731595
vt 0.048208 0.738344
vt 0.033436 0.738344
vt 0.054908 0.734909
vt 0.566249 0.319066
vt 0.570176 0.312317
vt 0.578722 0.314471
vt 0.550751 0.305686
vt 0.555571 0.308885
vt 0.548891 0.312561
vt 0.552847 0.320362
vt 0.542147 0.307028
vt 0.534447 0.310648
vt 0.538111 0.304601
vt 0.575698 0.323047
vt 0.539407 0.312407
vt 0.541693 0.321671
vt 0.531479 0.319112
vt 0.558132 0.335264
vt 0.568133 0.335631
vt 0.577303 0.335182
vt 0.030431 0.694785
vt 0.029755 0.684356
vt 0.031185 0.687624
vt 0.534212 0.328716
vt 0.580707 0.341305
vt 0.572445 0.336275
vt 0.546886 0.340926
vt 0.527955 0.329565
vt 0.039442 0.688446
vt 0.574129 0.343851
vt 0.039217 0.692387
vt 0.575933 0.347972
vt 0.580467 0.348280
vt 0.570915 0.351909
vt 0.041411 0.694785
vt 0.530836 0.343132
vt 0.563275 0.347771
vt 0.041518 0.720228
vt 0.043617 0.717485
vt 0.052454 0.721938
vt 0.036433 0.718977
vt 0.568705 0.344561
vt 0.021166 0.640440
vt 0.023620 0.639146
vt 0.021166 0.635890
vt 0.022671 0.642025
vt 0.574838 0.350391
vt 0.005215 0.619431
vt 0.002147 0.616258
vt 0.002147 0.626074
vt 0.583129 0.348929
vt 0.568604 0.346096
vt 0.571053 0.344025
vt 0.004289 0.622554
vt 0.523006 0.348187
vt 0.037326 0.723006
vt 0.582331 0.354671
vt 0.560091 0.355806
vt 0.540580 0.351953
vt 0.029496 0.717485
vt 0.027914 0.722488
vt 0.575219 0.356818
vt 0.572569 0.364723
vt 0.531522 0.357985
vt 0.544019 0.365463
vt 0.523006 0.362113
vt 0.558375 0.371720
vt 0.526992 0.370818
vt 0.538727 0.377762
vt 0.525160 0.378221
vt 0.000307 0.840147
vt 0.006128 0.823338
vt 0.008884 0.828512
vt 0.000384 0.851704
vt 0.011669 0.814584
vt 0.018866 0.821350
vt 0.011375 0.844573
vt 0.020894 0.806182
vt 0.021969 0.831139
vt 0.008901 0.861989
vt 0.016430 0.845239
vt 0.012792 0.854549
vt 0.038095 0.808006
vt 0.013061 0.860102
vt 0.015685 0.856966
vt 0.014235 0.869693
vt 0.038026 0.797877
vt 0.018327 0.870245
vt 0.011841 0.866223
vt 0.021715 0.842752
vt 0.031949 0.832473
vt 0.021400 0.854475
vt 0.040082 0.817989
vt 0.028227 0.856635
vt 0.024020 0.864187
vt 0.025999 0.870150
vt 0.034558 0.867160
vt 0.045595 0.841272
vt 0.046470 0.825140
vt 0.052502 0.801231
vt 0.052760 0.807476
vt 0.040976 0.859038
vt 0.050233 0.796012
vt 0.053904 0.818833
vt 0.047283 0.864671
vt 0.058004 0.856706
vt 0.056257 0.827264
vt 0.059471 0.815848
vt 0.061239 0.796056
vt 0.066158 0.813215
vt 0.064295 0.808374
vt 0.068482 0.803021
vt 0.060241 0.821363
vt 0.063867 0.837855
vt 0.062010 0.828334
vt 0.067954 0.823170
vt 0.070400 0.798831
vt 0.068511 0.830246
vt 0.069452 0.852063
vt 0.071102 0.834511
vt 0.074020 0.813524
vt 0.066542 0.857631
vt 0.072799 0.823299
vt 0.062512 0.867101
vt 0.068554 0.864387
vt 0.080869 0.804528
vt 0.072365 0.841548
vt 0.075640 0.819800
vt 0.079864 0.810861
vt 0.077026 0.824482
vt 0.075504 0.827546
vt 0.076012 0.835282
vt 0.079620 0.829151
vt 0.080917 0.825161
vt 0.082580 0.817925
vt 0.080343 0.835183
vt 0.067999 0.870245
vt 0.072261 0.865688
vt 0.075129 0.859686
vt 0.079403 0.841929
vt 0.077401 0.854148
vt 0.084003 0.828140
vt 0.088515 0.827907
vt 0.084252 0.831784
vt 0.082456 0.836850
vt 0.089685 0.812922
vt 0.080262 0.848910
vt 0.091718 0.838368
vt 0.844146 0.801126
vt 0.851368 0.810734
vt 0.841100 0.809547
vt 0.842660 0.821719
vt 0.866285 0.801767
vt 0.882503 0.807848
vt 0.866886 0.810514
vt 0.832051 0.808672
vt 0.874133 0.824668
vt 0.871449 0.820957
vt 0.859062 0.817950
vt 0.857917 0.842993
vt 0.858285 0.867944
vt 0.843879 0.862881
vt 0.876248 0.802170
vt 0.832737 0.798465
vt 0.832153 0.823111
vt 0.867085 0.875163
vt 0.852709 0.873801
vt 0.841828 0.794172
vt 0.853811 0.799806
vt 0.864539 0.824355
vt 0.846983 0.828062
vt 0.876910 0.831938
vt 0.874046 0.849222
vt 0.882555 0.840261
vt 0.833785 0.866413
vt 0.879345 0.864855
vt 0.821121 0.799837
vt 0.824874 0.806233
vt 0.886054 0.820002
vt 0.821344 0.843684
vt 0.825268 0.829965
vt 0.834524 0.834989
vt 0.830366 0.851710
vt 0.842420 0.873973
vt 0.821337 0.818250
vt 0.884189 0.834499
vt 0.884523 0.847542
vt 0.831750 0.874136
vt 0.885823 0.831918
vt 0.843660 0.838583
vt 0.820338 0.866239
vt 0.883614 0.869488
vt 0.880107 0.876994
vt 0.815023 0.855197
vt 0.816770 0.813093
vt 0.815625 0.822559
vt 0.888650 0.859392
vt 0.811641 0.840722
vt 0.821902 0.876994
vt 0.807669 0.862677
vt 0.810517 0.873228
vt 0.418577 0.820136
vt 0.425858 0.822070
vt 0.407975 0.823620
vt 0.431743 0.815978
vt 0.435168 0.817156
vt 0.409911 0.817160
vt 0.428411 0.807254
vt 0.442876 0.807356
vt 0.397775 0.816070
vt 0.402907 0.803484
vt 0.386128 0.815078
vt 0.396730 0.823513
vt 0.392607 0.809752
vt 0.377133 0.816112
vt 0.385211 0.808843
vt 0.445569 0.790689
vt 0.450613 0.789837
vt 0.418522 0.790936
vt 0.375179 0.806243
vt 0.368039 0.806309
vt 0.383016 0.797296
vt 0.379094 0.801640
vt 0.366147 0.798970
vt 0.370344 0.793482
vt 0.450368 0.777325
vt 0.436452 0.779559
vt 0.394759 0.786616
vt 0.375512 0.792517
vt 0.379770 0.784332
vt 0.413794 0.771345
vt 0.363497 0.782724
vt 0.368818 0.783835
vt 0.440631 0.761630
vt 0.450613 0.766145
vt 0.374619 0.774884
vt 0.389598 0.768979
vt 0.370916 0.770233
vt 0.413698 0.752831
vt 0.446520 0.757184
vt 0.366086 0.766992
vt 0.398922 0.756830
vt 0.382896 0.757997
vt 0.439424 0.747241
vt 0.429375 0.744328
vt 0.375281 0.757877
vt 0.368763 0.759267
vt 0.396974 0.746202
vt 0.429685 0.739604
vt 0.388768 0.746983
vt 0.378600 0.748713
vt 0.392212 0.741149
vt 0.421668 0.737035
vt 0.412077 0.740380
vt 0.403246 0.740790
vt 0.406593 0.736503
vt 0.686180 0.749468
vt 0.675088 0.750189
vt 0.670404 0.745706
vt 0.665673 0.749444
vt 0.710803 0.749907
vt 0.724549 0.748996
vt 0.719376 0.757627
vt 0.725445 0.756126
vt 0.698556 0.750440
vt 0.695045 0.757129
vt 0.683997 0.754014
vt 0.668182 0.757008
vt 0.711037 0.757486
vt 0.706620 0.763805
vt 0.657388 0.751308
vt 0.679607 0.767905
vt 0.691882 0.767627
vt 0.657347 0.764506
vt 0.652905 0.757914
vt 0.666923 0.769643
vt 0.719935 0.776661
vt 0.726379 0.765131
vt 0.702772 0.768271
vt 0.652418 0.775131
vt 0.646412 0.775306
vt 0.646195 0.758254
vt 0.726361 0.776198
vt 0.708287 0.781307
vt 0.689112 0.775883
vt 0.698278 0.783264
vt 0.659307 0.779060
vt 0.671019 0.784787
vt 0.684736 0.785952
vt 0.725089 0.796666
vt 0.647130 0.786392
vt 0.691710 0.785396
vt 0.679037 0.792532
vt 0.690293 0.787277
vt 0.690219 0.784401
vt 0.694806 0.786198
vt 0.695710 0.788695
vt 0.653722 0.794367
vt 0.043865 0.625460
vt 0.029755 0.625460
vt 0.040896 0.627914
vt 0.706208 0.792313
vt 0.691632 0.791685
vt 0.646266 0.794263
vt 0.642797 0.788294
vt 0.017485 0.628528
vt 0.015671 0.629017
vt 0.017087 0.630886
vt 0.642795 0.790948
vt 0.642638 0.790330
vt 0.014417 0.635276
vt 0.017485 0.634755
vt 0.667812 0.804803
vt 0.714414 0.796604
vt 0.696068 0.799791
vt 0.686826 0.802711
vt 0.712553 0.803651
vt 0.648288 0.809057
vt 0.725274 0.811584
vt 0.700053 0.808247
vt 0.715303 0.810659
vt 0.653135 0.812187
vt 0.681766 0.814219
vt 0.661953 0.814179
vt 0.702487 0.818134
vt 0.689569 0.815205
vt 0.672952 0.820343
vt 0.655350 0.821914
vt 0.712772 0.823494
vt 0.689824 0.825293
vt 0.648607 0.823090
vt 0.680731 0.825254
vt 0.664084 0.823340
vt 0.672401 0.825401
vt 0.725060 0.828162
vt 0.649203 0.827987
vt 0.728528 0.820959
vt 0.698191 0.826775
vt 0.708002 0.828097
vt 0.656486 0.829102
vt 0.678695 0.831595
vt 0.687808 0.830694
vt 0.721068 0.831595
vt 0.556394 0.889487
vt 0.555283 0.878636
vt 0.561008 0.891698
vt 0.558480 0.852265
vt 0.562166 0.863516
vt 0.555081 0.865298
vt 0.560459 0.832822
vt 0.563373 0.845292
vt 0.555499 0.842744
vt 0.554294 0.899238
vt 0.564432 0.874655
vt 0.561127 0.905885
vt 0.569163 0.897763
vt 0.569239 0.908037
vt 0.566015 0.853958
vt 0.569587 0.835190
vt 0.573202 0.845891
vt 0.571740 0.883152
vt 0.576739 0.855693
vt 0.578946 0.870399
vt 0.579686 0.906007
vt 0.581669 0.895254
vt 0.584559 0.834074
vt 0.582964 0.884455
vt 0.581290 0.860737
vt 0.587797 0.844700
vt 0.585859 0.854062
vt 0.595165 0.875185
vt 0.590968 0.864976
vt 0.592115 0.890767
vt 0.594001 0.882782
vt 0.597160 0.901586
vt 0.597370 0.908896
vt 0.597762 0.855130
vt 0.599185 0.887924
vt 0.603210 0.835794
vt 0.604496 0.879786
vt 0.610105 0.844172
vt 0.607465 0.902487
vt 0.610926 0.866672
vt 0.612998 0.907942
vt 0.609860 0.890738
vt 0.619484 0.855929
vt 0.621791 0.835303
vt 0.620969 0.875381
vt 0.619814 0.899723
vt 0.625179 0.905806
vt 0.623654 0.843727
vt 0.627976 0.865200
vt 0.629362 0.892408
vt 0.631352 0.841206
vt 0.630945 0.876080
vt 0.629380 0.854009
vt 0.627752 0.832822
vt 0.633426 0.904074
vt 0.634241 0.860462
vt 0.634115 0.881826
vt 0.636040 0.871875
vt 0.634924 0.892502
vt 0.638014 0.850530
vt 0.640184 0.864545
vt 0.069632 0.788939
vt 0.061186 0.790491
vt 0.059147 0.787423
vt 0.049429 0.790491
vt 0.037117 0.790303
vt 0.045581 0.787990
vt 0.192945 0.978221
vt 0.203374 0.965310
vt 0.194403 0.963595
vt 0.202284 0.977551
vt 0.438932 0.846293
vt 0.435276 0.855706
vt 0.435849 0.849356
vt 0.438011 0.863223
vt 0.441295 0.858511
vt 0.439506 0.886899
vt 0.443627 0.888595
vt 0.440609 0.896012
vt 0.192945 0.950000
vt 0.442419 0.875587
vt 0.454056 0.867439
vt 0.452732 0.882080
vt 0.451085 0.888300
vt 0.446951 0.894154
vt 0.443062 0.828214
vt 0.453910 0.843237
vt 0.439429 0.816487
vt 0.447961 0.817037
vt 0.456431 0.825800
vt 0.456073 0.893611
vt 0.460972 0.819429
vt 0.463803 0.887135
vt 0.458953 0.815031
vt 0.468421 0.869888
vt 0.472278 0.894801
vt 0.465721 0.856079
vt 0.473521 0.826356
vt 0.472553 0.845230
vt 0.471037 0.861687
vt 0.475982 0.876624
vt 0.472000 0.888106
vt 0.477249 0.818758
vt 0.471041 0.853530
vt 0.469676 0.859500
vt 0.472835 0.854193
vt 0.031002 0.661080
vt 0.025460 0.662270
vt 0.028461 0.657056
vt 0.481513 0.888594
vt 0.033688 0.655521
vt 0.480395 0.863746
vt 0.476491 0.852698
vt 0.475356 0.857707
vt 0.487294 0.896012
vt 0.482954 0.854302
vt 0.486056 0.846899
vt 0.037730 0.662270
vt 0.489464 0.878753
vt 0.480586 0.859196
vt 0.483504 0.828666
vt 0.493892 0.833441
vt 0.491349 0.823085
vt 0.498405 0.890040
vt 0.491025 0.862386
vt 0.493299 0.817985
vt 0.500009 0.868571
vt 0.502106 0.882168
vt 0.500366 0.895670
vt 0.499228 0.850241
vt 0.504005 0.838139
vt 0.505255 0.823099
vt 0.502909 0.830658
vt 0.508187 0.896001
vt 0.505903 0.817117
vt 0.508995 0.890324
vt 0.506821 0.845749
vt 0.511125 0.872480
vt 0.508454 0.831449
vt 0.508714 0.854850
vt 0.511736 0.864068
vt 0.511807 0.885036
vt 0.514683 0.895163
vt 0.511099 0.837629
vt 0.512694 0.851171
vt 0.514404 0.818524
vt 0.515252 0.841360
vt 0.515546 0.829596
vt 0.516258 0.858813
vt 0.513302 0.824711
vt 0.752329 0.827901
vt 0.753263 0.833835
vt 0.742505 0.830645
vt 0.762483 0.827440
vt 0.765337 0.833013
vt 0.776848 0.826687
vt 0.779615 0.832651
vt 0.788844 0.831583
vt 0.735587 0.836702
vt 0.758409 0.844655
vt 0.787536 0.841896
vt 0.792753 0.835942
vt 0.744732 0.843139
vt 0.724445 0.839723
vt 0.730539 0.845236
vt 0.776608 0.842743
vt 0.794670 0.844641
vt 0.773293 0.855252
vt 0.722393 0.847174
vt 0.739552 0.854487
vt 0.789711 0.858867
vt 0.722475 0.859486
vt 0.750884 0.859510
vt 0.729047 0.864026
vt 0.799080 0.858382
vt 0.766438 0.868691
vt 0.738146 0.864941
vt 0.722521 0.874047
vt 0.742637 0.877680
vt 0.787248 0.877343
vt 0.797898 0.872714
vt 0.754412 0.882913
vt 0.729193 0.880967
vt 0.773843 0.884139
vt 0.722393 0.885005
vt 0.798187 0.885099
vt 0.727832 0.891510
vt 0.736627 0.890845
vt 0.784359 0.892367
vt 0.791672 0.891214
vt 0.762905 0.890545
vt 0.767862 0.889573
vt 0.771982 0.893926
vt 0.755864 0.894810
vt 0.797217 0.892514
vt 0.761897 0.894119
vt 0.735494 0.897742
vt 0.748401 0.899871
vt 0.795738 0.898705
vt 0.763575 0.896527
vt 0.765327 0.901305
vt 0.775718 0.898847
vt 0.787926 0.897346
vt 0.767754 0.897276
vt 0.772692 0.904179
vt 0.783350 0.903406
vt 0.761379 0.907551
vt 0.771558 0.908896
vt 0.350954 0.067708
vt 0.360669 0.070946
vt 0.357336 0.078346
vt 0.352593 0.059972
vt 0.369818 0.079243
vt 0.367086 0.086246
vt 0.348773 0.056472
vt 0.381025 0.088057
vt 0.378459 0.093475
vt 0.379446 0.117485
vt 0.388224 0.113439
vt 0.398673 0.117397
vt 0.367430 0.070809
vt 0.349203 0.044216
vt 0.380237 0.082244
vt 0.361671 0.059643
vt 0.374855 0.078965
vt 0.391257 0.095325
vt 0.359755 0.048322
vt 0.397936 0.085115
vt 0.354840 0.039249
vt 0.407581 0.109097
vt 0.387671 0.081108
vt 0.353096 0.030490
vt 0.413894 0.112834
vt 0.403329 0.094892
vt 0.371581 0.035693
vt 0.426322 0.117485
vt 0.396938 0.102143
vt 0.413072 0.099765
vt 0.360597 0.027958
vt 0.367481 0.044064
vt 0.400544 0.075823
vt 0.358902 0.019633
vt 0.424514 0.100848
vt 0.424903 0.075181
vt 0.416381 0.092677
vt 0.434503 0.105571
vt 0.379341 0.039573
vt 0.369037 0.012494
vt 0.375459 0.019767
vt 0.424194 0.093095
vt 0.439955 0.110351
vt 0.430473 0.085248
vt 0.436458 0.090923
vt 0.389332 0.028277
vt 0.415319 0.065825
vt 0.443135 0.097257
vt 0.434134 0.086790
vt 0.392747 0.034222
vt 0.452794 0.094500
vt 0.394904 0.010254
vt 0.426741 0.053515
vt 0.389101 0.002660
vt 0.402319 0.024053
vt 0.442784 0.073334
vt 0.446526 0.078120
vt 0.438806 0.054965
vt 0.413756 0.014798
vt 0.456571 0.076077
vt 0.450237 0.065990
vt 0.460798 0.083998
vt 0.446775 0.061258
vt 0.435151 0.045457
vt 0.412112 0.019020
vt 0.402410 0.000307
vt 0.458399 0.067582
vt 0.432284 0.039710
vt 0.419530 0.020733
vt 0.414024 0.003181
vt 0.449003 0.049097
vt 0.452931 0.050156
vt 0.459891 0.053227
vt 0.439644 0.036681
vt 0.428373 0.029268
vt 0.434672 0.024491
vt 0.429269 0.010120
vt 0.449735 0.039007
vt 0.465951 0.050829
vt 0.463956 0.060435
vt 0.451778 0.035425
vt 0.457906 0.034989
vt 0.445227 0.026304
vt 0.440049 0.011912
vt 0.444158 0.019365
vt 0.449446 0.027085
vt 0.465592 0.042111
vt 0.452570 0.020433
vt 0.439947 0.005726
vt 0.450108 0.013918
vt 0.462008 0.027611
vt 0.759816 0.696332
vt 0.766812 0.688973
vt 0.765275 0.701443
vt 0.767033 0.679335
vt 0.772368 0.661491
vt 0.774928 0.672949
vt 0.771508 0.681737
vt 0.780790 0.697535
vt 0.774713 0.705832
vt 0.786348 0.689453
vt 0.777319 0.640004
vt 0.776730 0.629365
vt 0.785197 0.629946
vt 0.800555 0.648035
vt 0.793902 0.662617
vt 0.794204 0.636966
vt 0.791612 0.705421
vt 0.795571 0.678156
vt 0.798974 0.630032
vt 0.807328 0.697447
vt 0.806612 0.689301
vt 0.808467 0.666668
vt 0.815895 0.636800
vt 0.815291 0.629875
vt 0.812211 0.679296
vt 0.815575 0.662087
vt 0.812327 0.707055
vt 0.819393 0.677361
vt 0.822403 0.692489
vt 0.823570 0.648777
vt 0.827743 0.668294
vt 0.827497 0.630848
vt 0.830855 0.637936
vt 0.832725 0.705805
vt 0.831061 0.684468
vt 0.833369 0.660778
vt 0.834721 0.651117
vt 0.831929 0.698025
vt 0.834887 0.643952
vt 0.836343 0.633258
vt 0.835589 0.627221
vt 0.837272 0.676314
vt 0.840131 0.670305
vt 0.839655 0.641682
vt 0.839665 0.648622
vt 0.843133 0.627853
vt 0.838548 0.689506
vt 0.844479 0.622393
vt 0.838483 0.702170
vt 0.843789 0.654685
vt 0.844479 0.697629
vt 0.058155 0.974083
vt 0.065764 0.977671
vt 0.052454 0.973942
vt 0.054784 0.971472
vt 0.063314 0.974095
vt 0.069890 0.973978
vt 0.079112 0.976747
vt 0.085658 0.974278
vt 0.092752 0.978834
vt 0.097910 0.975111
vt 0.103708 0.975366
vt 0.109509 0.971472
vt 0.361938 0.284766
vt 0.374225 0.268405
vt 0.369749 0.280435
vt 0.376914 0.281660
vt 0.367484 0.293679
vt 0.382004 0.294163
vt 0.380453 0.291812
vt 0.385935 0.289026
vt 0.388134 0.295410
vt 0.377376 0.286734
vt 0.359512 0.297592
vt 0.375466 0.298947
vt 0.374421 0.293119
vt 0.379521 0.306562
vt 0.383575 0.308460
vt 0.365932 0.304098
vt 0.388650 0.302417
vt 0.357144 0.304735
vt 0.359335 0.309117
vt 0.371835 0.310702
vt 0.363049 0.318190
vt 0.376612 0.316907
vt 0.356135 0.321047
vt 0.384601 0.318166
vt 0.366803 0.323397
vt 0.371934 0.320388
vt 0.376899 0.324633
vt 0.369885 0.328288
vt 0.364701 0.331321
vt 0.382308 0.334731
vt 0.358282 0.331084
vt 0.373733 0.332595
vt 0.354908 0.336969
vt 0.368160 0.337955
vt 0.360814 0.339186
vt 0.375991 0.343925
vt 0.362654 0.344997
vt 0.383194 0.343198
vt 0.386333 0.340077
vt 0.388650 0.343103
vt 0.370165 0.347542
vt 0.356590 0.344943
vt 0.385794 0.345536
vt 0.383034 0.350613
vt 0.250840 0.157275
vt 0.254294 0.148389
vt 0.254077 0.162094
vt 0.244445 0.165561
vt 0.253154 0.172814
vt 0.249784 0.147473
vt 0.244954 0.179917
vt 0.245127 0.152418
vt 0.241214 0.180648
vt 0.245882 0.141419
vt 0.240184 0.189264
vt 0.251465 0.135521
vt 0.254263 0.132028
vt 0.245633 0.128210
vt 0.249857 0.125844
vt 0.250553 0.109836
vt 0.247108 0.114463
vt 0.243371 0.114421
vt 0.244645 0.102710
vt 0.240184 0.098645
vt 0.244416 0.094785
vt 0.527379 0.970964
vt 0.534663 0.978261
vt 0.525825 0.976518
vt 0.524363 0.979764
vt 0.521609 0.971235
vt 0.519087 0.973746
vt 0.514084 0.970098
vt 0.513837 0.974319
vt 0.514999 0.979170
vt 0.509589 0.977883
vt 0.509281 0.981288
vt 0.507530 0.972908
vt 0.503592 0.978179
vt 0.501109 0.981246
vt 0.501363 0.973073
vt 0.497464 0.976617
vt 0.495060 0.971775
vt 0.489518 0.977907
vt 0.486731 0.980799
vt 0.490676 0.973759
vt 0.491109 0.969766
vt 0.486302 0.971492
vt 0.481086 0.977333
vt 0.477604 0.972435
vt 0.480740 0.969018
vt 0.477398 0.981057
vt 0.471660 0.978208
vt 0.469567 0.971065
vt 0.465340 0.981288
vt 0.465337 0.974734
vt 0.966397 0.569024
vt 0.955790 0.555636
vt 0.953119 0.568786
vt 0.971480 0.556415
vt 0.940884 0.551949
vt 0.960508 0.609181
vt 0.941463 0.605784
vt 0.947445 0.614166
vt 0.951579 0.595445
vt 0.966168 0.601171
vt 0.937747 0.599024
vt 0.959130 0.550136
vt 0.930104 0.561466
vt 0.922306 0.605340
vt 0.925580 0.594156
vt 0.935394 0.587308
vt 0.961584 0.586837
vt 0.973262 0.608392
vt 0.944712 0.580758
vt 0.924571 0.578594
vt 0.931886 0.578997
vt 0.972165 0.583778
vt 0.978918 0.569455
vt 0.931350 0.613126
vt 0.961984 0.613319
vt 0.973826 0.597408
vt 0.978324 0.580076
vt 0.930531 0.551275
vt 0.930804 0.546623
vt 0.970513 0.548850
vt 0.958940 0.545746
vt 0.980061 0.595115
vt 0.976566 0.549113
vt 0.945549 0.543252
vt 0.916503 0.591360
vt 0.917269 0.553651
vt 0.918533 0.610556
vt 0.914403 0.567336
vt 0.979079 0.608748
vt 0.980061 0.558403
vt 0.926713 0.615644
vt 0.912594 0.601396
vt 0.910123 0.580005
vt 0.189154 0.926160
vt 0.200303 0.924163
vt 0.200920 0.926687
vt 0.191538 0.921779
vt 0.180703 0.923517
vt 0.174529 0.926483
vt 0.168795 0.924087
vt 0.160429 0.926687
vt 0.892945 0.205471
vt 0.906356 0.203080
vt 0.906399 0.209509
vt 0.864618 0.200402
vt 0.873182 0.204016
vt 0.864267 0.207390
vt 0.916339 0.195515
vt 0.918159 0.202476
vt 0.878206 0.208120
vt 0.881538 0.196673
vt 0.897043 0.196450
vt 0.909606 0.188741
vt 0.922305 0.195690
vt 0.920522 0.187537
vt 0.870842 0.191702
vt 0.858134 0.201280
vt 0.899500 0.181617
vt 0.888681 0.187907
vt 0.859331 0.191143
vt 0.917051 0.175180
vt 0.877809 0.177838
vt 0.923620 0.178258
vt 0.864704 0.179841
vt 0.911213 0.166370
vt 0.853950 0.175901
vt 0.921028 0.168111
vt 0.900402 0.167030
vt 0.897279 0.171355
vt 0.890339 0.171175
vt 0.881291 0.161001
vt 0.862949 0.166597
vt 0.872225 0.164479
vt 0.917836 0.157959
vt 0.891437 0.166336
vt 0.898259 0.159120
vt 0.894803 0.163750
vt 0.889894 0.144804
vt 0.903890 0.147458
vt 0.846596 0.172666
vt 0.845706 0.163571
vt 0.857026 0.160442
vt 0.849251 0.158525
vt 0.911642 0.149201
vt 0.877471 0.148116
vt 0.867675 0.151277
vt 0.858716 0.149458
vt 0.848932 0.142991
vt 0.905947 0.138121
vt 0.867561 0.140582
vt 0.877420 0.136865
vt 0.896822 0.132246
vt 0.859165 0.137903
vt 0.904503 0.131595
vt 0.884838 0.131991
vt 0.868080 0.131595
vt 0.526272 0.799279
vt 0.521166 0.790718
vt 0.525855 0.794669
vt 0.522260 0.801302
vt 0.529723 0.806663
vt 0.523186 0.808320
vt 0.532574 0.799596
vt 0.536621 0.807693
vt 0.547625 0.799723
vt 0.537580 0.793781
vt 0.543039 0.790550
vt 0.552810 0.809509
vt 0.549459 0.791382
vt 0.553849 0.792580
vt 0.545657 0.787423
vt 0.552726 0.787423
vt 0.560915 0.794408
vt 0.559817 0.805564
vt 0.557697 0.789297
vt 0.565297 0.788508
vt 0.568924 0.805178
vt 0.570669 0.794066
vt 0.567595 0.800422
vt 0.573730 0.800771
vt 0.575593 0.795896
vt 0.575221 0.788978
vt 0.580556 0.792749
vt 0.577225 0.801804
vt 0.581288 0.797302
vt 0.113238 0.913190
vt 0.114974 0.923594
vt 0.109420 0.926587
vt 0.113469 0.934278
vt 0.106644 0.936709
vt 0.104092 0.950952
vt 0.103374 0.946004
vt 0.106537 0.948839
vt 0.111234 0.944548
vt 0.115644 0.943305
vt 0.108279 0.954908
vt 0.110978 0.951251
vt 0.115644 0.949122
vt 0.925460 0.252454
vt 0.938351 0.242218
vt 0.939761 0.247511
vt 0.951414 0.236650
vt 0.947713 0.246421
vt 0.949425 0.235031
vt 0.959766 0.235286
vt 0.949712 0.229700
vt 0.952285 0.230089
vt 0.963961 0.220689
vt 0.958839 0.217185
vt 0.966400 0.205850
vt 0.968260 0.212333
vt 0.972093 0.207855
vt 0.937037 0.169544
vt 0.925460 0.160429
vt 0.941144 0.161000
vt 0.965430 0.200986
vt 0.970115 0.194298
vt 0.962220 0.192655
vt 0.945985 0.168776
vt 0.948895 0.179663
vt 0.959600 0.183159
vt 0.957808 0.187559
vt 0.974012 0.199376
vt 0.961629 0.168808
vt 0.971618 0.182211
vt 0.975153 0.189374
vt 0.952539 0.161574
vt 0.972375 0.176348
vt 0.802048 0.749222
vt 0.813804 0.745092
vt 0.808288 0.752989
vt 0.810610 0.754828
vt 0.792192 0.758561
vt 0.788392 0.751523
vt 0.785546 0.758105
vt 0.774081 0.750978
vt 0.807751 0.762735
vt 0.730081 0.748191
vt 0.739952 0.752603
vt 0.731052 0.757118
vt 0.761168 0.755078
vt 0.736080 0.770066
vt 0.799585 0.763826
vt 0.763203 0.774667
vt 0.783291 0.770796
vt 0.727301 0.767300
vt 0.792396 0.773403
vt 0.803149 0.777035
vt 0.810850 0.775939
vt 0.787721 0.785067
vt 0.728900 0.784665
vt 0.783782 0.795538
vt 0.798958 0.789450
vt 0.812877 0.791327
vt 0.734894 0.789651
vt 0.741572 0.788902
vt 0.773396 0.797715
vt 0.795614 0.805550
vt 0.744172 0.800709
vt 0.760220 0.800963
vt 0.805380 0.806360
vt 0.734167 0.799512
vt 0.779173 0.808455
vt 0.731067 0.805160
vt 0.737888 0.811100
vt 0.810223 0.806239
vt 0.786592 0.813220
vt 0.766974 0.813175
vt 0.747903 0.815960
vt 0.799691 0.818039
vt 0.734918 0.821398
vt 0.810009 0.818308
vt 0.790713 0.820863
vt 0.769314 0.822967
vt 0.783478 0.822132
vt 0.761118 0.821054
vt 0.813804 0.825750
vt 0.745212 0.823551
vt 0.753754 0.824002
vt 0.797616 0.827216
vt 0.810840 0.831595
vt 0.636000 0.935466
vt 0.638957 0.947562
vt 0.629965 0.947876
vt 0.634512 0.964511
vt 0.627645 0.975987
vt 0.632544 0.979936
vt 0.633651 0.922886
vt 0.626310 0.917768
vt 0.636223 0.912435
vt 0.630044 0.912571
vt 0.624102 0.927953
vt 0.627636 0.962209
vt 0.624780 0.981902
vt 0.613895 0.935590
vt 0.617303 0.913488
vt 0.615152 0.958302
vt 0.616563 0.978830
vt 0.610343 0.919249
vt 0.607146 0.971303
vt 0.600128 0.913400
vt 0.606520 0.979710
vt 0.600074 0.955605
vt 0.588490 0.924408
vt 0.595460 0.974356
vt 0.594478 0.936010
vt 0.596283 0.979488
vt 0.584390 0.947410
vt 0.583877 0.911922
vt 0.582610 0.962991
vt 0.580847 0.974344
vt 0.586645 0.981314
vt 0.569631 0.917256
vt 0.574936 0.981902
vt 0.572654 0.970858
vt 0.570985 0.939448
vt 0.569191 0.978625
vt 0.569337 0.957043
vt 0.571019 0.908896
vt 0.566141 0.962460
vt 0.565951 0.930146
vt 0.566459 0.945273
vt 0.534918 0.869102
vt 0.538957 0.870971
vt 0.535977 0.875153
vt 0.536704 0.864770
vt 0.530507 0.867578
vt 0.531965 0.863275
vt 0.526135 0.864845
vt 0.528931 0.857823
vt 0.525044 0.855306
vt 0.536527 0.860972
vt 0.535762 0.851780
vt 0.529041 0.850113
vt 0.529037 0.840520
vt 0.523648 0.841829
vt 0.537339 0.842873
vt 0.536089 0.838014
vt 0.535266 0.833297
vt 0.526661 0.832758
vt 0.538957 0.831092
vt 0.530668 0.825083
vt 0.519325 0.829296
vt 0.527703 0.826445
vt 0.519591 0.820552
vt 0.024155 0.953187
vt 0.010736 0.953681
vt 0.025653 0.947274
vt 0.036012 0.950262
vt 0.039168 0.943865
vt 0.046427 0.950807
vt 0.054361 0.950546
vt 0.055306 0.944260
vt 0.056816 0.947411
vt 0.057941 0.953681
vt 0.059202 0.944527
vt 0.757017 0.257362
vt 0.761699 0.260940
vt 0.757047 0.261275
vt 0.762270 0.269959
vt 0.759101 0.264803
vt 0.757800 0.264183
vt 0.755198 0.264313
vt 0.757680 0.267900
vt 0.752260 0.261225
vt 0.751279 0.274509
vt 0.761830 0.280635
vt 0.742004 0.265546
vt 0.747935 0.258833
vt 0.758644 0.287517
vt 0.742097 0.283951
vt 0.726642 0.264917
vt 0.744175 0.295399
vt 0.734454 0.291074
vt 0.723588 0.284420
vt 0.716139 0.278222
vt 0.707385 0.261493
vt 0.723139 0.289717
vt 0.704101 0.267771
vt 0.695399 0.257362
vt 0.714127 0.285257
vt 0.717993 0.288779
vt 0.044411 0.725014
vt 0.046861 0.722957
vt 0.052454 0.732822
vt 0.044839 0.723626
vt 0.043926 0.721779
vt 0.038336 0.724776
vt 0.033436 0.732822
vt 0.029216 0.635921
vt 0.024233 0.635890
vt 0.029755 0.638957
vt 0.038953 0.664808
vt 0.039925 0.666564
vt 0.035263 0.664335
vt 0.032566 0.665236
vt 0.040184 0.662270
vt 0.012577 0.635276
vt 0.012577 0.626687
vt 0.014417 0.631696
vt 0.025597 0.638957
vt 0.031388 0.662726
vt 0.025460 0.666564
vt 0.029989 0.683742
vt 0.023620 0.681302
vt 0.028994 0.681118
vt 0.034593 0.680061
vt 0.036228 0.683742
vt 0.041411 0.680808
vt 0.002512 0.650613
vt 0.004601 0.651227
vt 0.002895 0.651102
vt 0.002147 0.651227
vt 0.003192 0.641054
vt 0.003313 0.640457
vt 0.004601 0.641074
vt 0.002147 0.641411
vt 0.002872 0.640511
vt 0.002147 0.638344
vt 0.003875 0.649387
vt 0.004009 0.650000
vt 0.002147 0.650000
vt 0.004601 0.649490
vt 0.036174 0.621532
vt 0.037487 0.624370
vt 0.041988 0.621166
vt 0.030368 0.624847
vt 0.042638 0.624847
vt 0.004010 0.645092
vt 0.005828 0.646319
vt 0.003913 0.646319
vt 0.002147 0.645592
vt 0.003904 0.632733
vt 0.004601 0.633128
vt 0.003273 0.634049
vt 0.002147 0.632055
vt 0.003233 0.632660
vt 0.003604 0.633131
vt 0.004601 0.624847
vt 0.019288 0.640013
vt 0.016258 0.642638
vt 0.017876 0.638545
vt 0.016258 0.637730
vt 0.018661 0.637964
vt 0.019325 0.638039
vt 0.264458 0.002668
vt 0.263888 0.006878
vt 0.251880 0.006805
vt 0.273313 0.005429
vt 0.248037 0.002359
vt 0.231295 0.006627
vt 0.236773 0.010636
vt 0.252456 0.011577
vt 0.231358 0.001707
vt 0.222516 0.004327
vt 0.206860 0.007333
vt 0.212300 0.012402
vt 0.212747 0.001732
vt 0.197025 0.003315
vt 0.186459 0.006965
vt 0.184316 0.012577
vt 0.179527 0.007352
vt 0.179305 0.000307
vt 0.184301 0.001476
vt 0.177607 0.012577
vt 0.817539 0.333173
vt 0.800479 0.332858
vt 0.816523 0.329557
vt 0.833133 0.329861
vt 0.835680 0.333679
vt 0.808936 0.337351
vt 0.791718 0.335673
vt 0.851705 0.329955
vt 0.875847 0.327301
vt 0.885454 0.328696
vt 0.880004 0.331572
vt 0.827001 0.336833
vt 0.867438 0.328811
vt 0.860931 0.333659
vt 0.886178 0.333995
vt 0.851221 0.338344
vt 0.875344 0.336887
vt 0.886810 0.338344
vt 0.378222 0.126364
vt 0.365770 0.128179
vt 0.356748 0.124585
vt 0.374371 0.121878
vt 0.393861 0.129141
vt 0.404108 0.123666
vt 0.418689 0.126989
vt 0.392617 0.119325
vt 0.417254 0.120659
vt 0.433596 0.123344
vt 0.446341 0.125620
vt 0.441301 0.119325
vt 0.453055 0.120448
vt 0.453067 0.126985
vt 0.982515 0.749541
vt 0.983054 0.743865
vt 0.988875 0.755031
vt 0.985630 0.759464
vt 0.989436 0.761679
vt 0.991784 0.757205
vt 0.993562 0.759679
vt 0.990814 0.769968
vt 0.986082 0.768488
vt 0.986580 0.782175
vt 0.996626 0.779702
vt 0.994813 0.784805
vt 0.990094 0.790738
vt 0.983734 0.810723
vt 0.988877 0.812986
vt 0.982515 0.820568
vt 0.987954 0.827825
vt 0.985551 0.796016
vt 0.991345 0.803598
vt 0.996158 0.797639
vt 0.996580 0.810024
vt 0.991719 0.829755
vt 0.058589 0.710241
vt 0.060110 0.705215
vt 0.062309 0.708359
vt 0.068890 0.707586
vt 0.068010 0.711267
vt 0.064011 0.713747
vt 0.070245 0.721779
vt 0.058589 0.719184
vt 0.063953 0.720963
vt 0.022374 0.959401
vt 0.027605 0.954295
vt 0.015644 0.956318
vt 0.016985 0.961504
vt 0.033663 0.959910
vt 0.023007 0.968002
vt 0.029231 0.968170
vt 0.041071 0.956851
vt 0.042741 0.954397
vt 0.052607 0.956923
vt 0.056729 0.959518
vt 0.059202 0.954295
vt 0.047332 0.956028
vt 0.041569 0.969282
vt 0.046980 0.966522
vt 0.035579 0.970245
vt 0.053034 0.965154
vt 0.695186 0.653927
vt 0.689264 0.647478
vt 0.701871 0.652699
vt 0.702401 0.639385
vt 0.701850 0.632209
vt 0.705974 0.633490
vt 0.712825 0.639169
vt 0.750780 0.635139
vt 0.758466 0.638650
vt 0.749002 0.643433
vt 0.699594 0.659530
vt 0.708496 0.657514
vt 0.716789 0.634575
vt 0.743740 0.638236
vt 0.726847 0.632209
vt 0.732747 0.632982
vt 0.728651 0.635372
vt 0.722781 0.642078
vt 0.705228 0.645554
vt 0.715458 0.651241
vt 0.713247 0.661656
vt 0.731581 0.635796
vt 0.734089 0.635152
vt 0.742983 0.633696
vt 0.734461 0.640613
vt 0.760429 0.648935
vt 0.748987 0.650946
vt 0.756850 0.640885
vt 0.739070 0.647261
vt 0.747604 0.645267
vt 0.732034 0.654029
vt 0.722411 0.657430
vt 0.754441 0.654056
vt 0.727647 0.660750
vt 0.741458 0.659225
vt 0.991104 0.537117
vt 0.986175 0.537109
vt 0.987860 0.530508
vt 0.983835 0.529043
vt 0.980281 0.534951
vt 0.989992 0.522957
vt 0.986655 0.511939
vt 0.982009 0.515325
vt 0.983851 0.494675
vt 0.987836 0.493708
vt 0.983609 0.480444
vt 0.987666 0.476954
vt 0.990268 0.463108
vt 0.983658 0.464724
vt 0.979448 0.498918
vt 0.980946 0.488577
vt 0.979840 0.475507
vt 0.983935 0.453536
vt 0.988402 0.453152
vt 0.991104 0.448762
vt 0.986304 0.447593
vt 0.982443 0.447698
vt 0.985041 0.444479
vt 0.309507 0.922373
vt 0.318294 0.917795
vt 0.317643 0.936461
vt 0.317043 0.955748
vt 0.319325 0.967868
vt 0.309326 0.966066
vt 0.307687 0.937199
vt 0.312639 0.946763
vt 0.313066 0.972918
vt 0.308711 0.913418
vt 0.301535 0.930158
vt 0.316827 0.978269
vt 0.308713 0.978049
vt 0.304055 0.952701
vt 0.309995 0.981768
vt 0.302116 0.942239
vt 0.293303 0.965645
vt 0.295149 0.975888
vt 0.287285 0.957475
vt 0.296444 0.944850
vt 0.295434 0.980243
vt 0.253108 0.967312
vt 0.246319 0.967811
vt 0.250108 0.960276
vt 0.297336 0.914267
vt 0.294939 0.921327
vt 0.284842 0.945260
vt 0.278187 0.956947
vt 0.289602 0.933916
vt 0.256330 0.953597
vt 0.259726 0.962474
vt 0.268036 0.953313
vt 0.266194 0.967201
vt 0.252274 0.975002
vt 0.280957 0.918835
vt 0.275561 0.926606
vt 0.268958 0.945453
vt 0.259498 0.945794
vt 0.286034 0.975766
vt 0.279032 0.978472
vt 0.251687 0.981902
vt 0.260620 0.980905
vt 0.279663 0.981902
vt 0.266537 0.909286
vt 0.254609 0.913621
vt 0.252461 0.908896
vt 0.283011 0.908920
vt 0.263291 0.915396
vt 0.276336 0.969663
vt 0.260619 0.973634
vt 0.268798 0.976572
vt 0.267451 0.981477
vt 0.249668 0.925958
vt 0.258314 0.922723
vt 0.261529 0.933149
vt 0.292271 0.914092
vt 0.287156 0.914381
vt 0.253823 0.935687
vt 0.251953 0.945290
vt 0.263306 0.977307
vt 0.246790 0.935311
vt 0.959740 0.632507
vt 0.957064 0.639872
vt 0.956238 0.626074
vt 0.952858 0.628560
vt 0.955003 0.649438
vt 0.960429 0.650852
vt 0.952735 0.638167
vt 0.955879 0.664780
vt 0.959193 0.669070
vt 0.955527 0.677455
vt 0.952725 0.664227
vt 0.959355 0.685878
vt 0.951227 0.648898
vt 0.954744 0.690460
vt 0.956603 0.699697
vt 0.959000 0.709546
vt 0.956125 0.713785
vt 0.954839 0.718044
vt 0.958206 0.718098
vt 0.951676 0.678399
vt 0.952748 0.705988
vt 0.951227 0.690662
vt 0.952110 0.714383
vt 0.007072 0.622106
vt 0.005215 0.626074
vt 0.007348 0.620230
vt 0.008224 0.618961
vt 0.005215 0.616258
vt 0.007572 0.623432
vt 0.008896 0.618113
vt 0.167305 0.783781
vt 0.156823 0.777246
vt 0.165200 0.775153
vt 0.161678 0.786733
vt 0.149189 0.793674
vt 0.112369 0.780212
vt 0.125049 0.781060
vt 0.122149 0.788628
vt 0.145955 0.783995
vt 0.150163 0.777592
vt 0.130632 0.784228
vt 0.164696 0.849099
vt 0.162600 0.856748
vt 0.157555 0.854147
vt 0.170389 0.844777
vt 0.167434 0.837618
vt 0.174540 0.833674
vt 0.110902 0.790120
vt 0.134563 0.792414
vt 0.148796 0.848612
vt 0.146212 0.853599
vt 0.171509 0.787664
vt 0.168893 0.794570
vt 0.174540 0.800338
vt 0.104043 0.785281
vt 0.127890 0.800850
vt 0.138630 0.851929
vt 0.114090 0.800858
vt 0.159877 0.842583
vt 0.133123 0.848445
vt 0.137998 0.843854
vt 0.146662 0.833388
vt 0.114114 0.852500
vt 0.105051 0.848560
vt 0.117367 0.847785
vt 0.134334 0.804826
vt 0.131678 0.809065
vt 0.160492 0.830536
vt 0.096270 0.787334
vt 0.099702 0.779296
vt 0.141950 0.811266
vt 0.137367 0.821269
vt 0.144918 0.803369
vt 0.166590 0.804464
vt 0.101994 0.853986
vt 0.097223 0.850160
vt 0.108909 0.856493
vt 0.130092 0.844253
vt 0.125967 0.851732
vt 0.121332 0.812598
vt 0.129953 0.837049
vt 0.161503 0.810108
vt 0.108537 0.838905
vt 0.116111 0.810142
vt 0.128163 0.819576
vt 0.169907 0.815119
vt 0.148275 0.822439
vt 0.155706 0.816238
vt 0.102486 0.798336
vt 0.100819 0.823108
vt 0.112504 0.821029
vt 0.168240 0.825210
vt 0.172008 0.828545
vt 0.095881 0.832525
vt 0.091017 0.829509
vt 0.092922 0.819971
vt 0.096761 0.799157
vt 0.098858 0.841842
vt 0.093475 0.839554
vt 0.105685 0.812230
vt 0.159149 0.823969
vt 0.163910 0.821211
vt 0.095492 0.812241
vt 0.090491 0.807036
vt 0.099526 0.805779
vt 0.986645 0.907773
vt 0.990012 0.897587
vt 0.991104 0.911437
vt 0.987839 0.917485
vt 0.982515 0.915409
vt 0.985635 0.890945
vt 0.988265 0.881011
vt 0.984794 0.867308
vt 0.989732 0.870622
vt 0.990568 0.846374
vt 0.986371 0.837079
vt 0.989720 0.835141
vt 0.988082 0.857554
vt 0.987648 0.829438
vt 0.984397 0.850081
vt 0.982515 0.830062
vt 0.984578 0.826687
vt 0.982534 0.837274
vt 0.995613 0.676087
vt 0.993283 0.666806
vt 0.996626 0.666564
vt 0.990095 0.675518
vt 0.985583 0.675358
vt 0.989026 0.667487
vt 0.994323 0.686818
vt 0.986195 0.692106
vt 0.995425 0.702187
vt 0.990909 0.700324
vt 0.993945 0.716326
vt 0.986418 0.715668
vt 0.990633 0.724641
vt 0.994046 0.728609
vt 0.986939 0.732826
vt 0.992780 0.746366
vt 0.996626 0.743788
vt 0.989139 0.745507
vt 0.995954 0.752224
vt 0.992787 0.755521
vt 0.990069 0.752668
vt 0.927947 0.969733
vt 0.923148 0.974130
vt 0.920961 0.964012
vt 0.930736 0.960147
vt 0.966972 0.919461
vt 0.975671 0.911327
vt 0.980222 0.918713
vt 0.963043 0.911331
vt 0.920141 0.927334
vt 0.922681 0.920789
vt 0.932500 0.919984
vt 0.918841 0.941157
vt 0.920224 0.955688
vt 0.916258 0.948907
vt 0.928526 0.939734
vt 0.934373 0.977788
vt 0.981902 0.972126
vt 0.975197 0.975900
vt 0.979357 0.958109
vt 0.959439 0.915828
vt 0.949044 0.910123
vt 0.962829 0.977073
vt 0.955270 0.981902
vt 0.954746 0.974967
vt 0.970600 0.968045
vt 0.938428 0.929662
vt 0.974677 0.939655
vt 0.981902 0.943174
vt 0.978529 0.930344
vt 0.938909 0.970931
vt 0.957862 0.932007
vt 0.970281 0.925170
vt 0.960529 0.962960
vt 0.964175 0.950561
vt 0.947275 0.915950
vt 0.945759 0.976683
vt 0.948157 0.947421
vt 0.943617 0.956303
vt 0.945810 0.921740
vt 0.947526 0.969990
vt 0.129893 0.324635
vt 0.119239 0.332209
vt 0.120403 0.315893
vt 0.102701 0.330203
vt 0.100764 0.313395
vt 0.142908 0.331140
vt 0.094856 0.324338
vt 0.112784 0.302594
vt 0.084799 0.325818
vt 0.139508 0.311644
vt 0.122677 0.288486
vt 0.084853 0.316583
vt 0.097815 0.292254
vt 0.108643 0.281525
vt 0.087944 0.300225
vt 0.075162 0.313107
vt 0.071717 0.321027
vt 0.095560 0.271921
vt 0.126876 0.264848
vt 0.085077 0.282796
vt 0.070253 0.292881
vt 0.108162 0.252814
vt 0.061463 0.309722
vt 0.056487 0.313462
vt 0.077677 0.275999
vt 0.058952 0.287608
vt 0.088851 0.259996
vt 0.050686 0.305198
vt 0.116995 0.240633
vt 0.069591 0.262673
vt 0.135211 0.251371
vt 0.133746 0.241567
vt 0.042445 0.303890
vt 0.105869 0.236827
vt 0.130783 0.233956
vt 0.096138 0.240231
vt 0.080513 0.240891
vt 0.114806 0.225024
vt 0.098468 0.229997
vt 0.051796 0.274794
vt 0.088774 0.229630
vt 0.035856 0.288513
vt 0.028053 0.290514
vt 0.067255 0.236722
vt 0.048746 0.250460
vt 0.035416 0.272571
vt 0.081239 0.211336
vt 0.076578 0.216249
vt 0.015478 0.263545
vt 0.067307 0.216750
vt 0.011868 0.276752
vt 0.050490 0.228686
vt 0.027007 0.241526
vt 0.066374 0.203374
vt 0.053005 0.210443
vt 0.030481 0.223178
vt 0.037664 0.218622
vt 0.000307 0.262874
vt 0.033124 0.219544
vt 0.002394 0.248909
vt 0.159692 0.319849
vt 0.141972 0.283985
vt 0.166823 0.327721
vt 0.159628 0.300955
vt 0.174618 0.321089
vt 0.154531 0.279852
vt 0.146494 0.259235
vt 0.182491 0.321310
vt 0.185651 0.302572
vt 0.167588 0.279907
vt 0.163047 0.257281
vt 0.174586 0.291971
vt 0.198220 0.314058
vt 0.153755 0.235923
vt 0.180365 0.276761
vt 0.197950 0.293153
vt 0.180210 0.243765
vt 0.209672 0.307974
vt 0.195492 0.263899
vt 0.171892 0.226585
vt 0.212846 0.293220
vt 0.163333 0.222299
vt 0.212426 0.274133
vt 0.221396 0.300237
vt 0.175132 0.217096
vt 0.200998 0.248735
vt 0.231957 0.287528
vt 0.182749 0.217235
vt 0.190135 0.225017
vt 0.222367 0.257319
vt 0.202391 0.211428
vt 0.217549 0.232244
vt 0.192057 0.203374
vt 0.236796 0.272591
vt 0.247954 0.273357
vt 0.234081 0.245241
vt 0.219457 0.207170
vt 0.248486 0.252137
vt 0.259575 0.260575
vt 0.239692 0.230878
vt 0.235869 0.212509
vt 0.261043 0.248980
vt 0.250228 0.227289
vt 0.025197 0.308766
vt 0.000307 0.308373
vt 0.003499 0.301534
vt 0.019512 0.315280
vt 0.000970 0.321882
vt 0.013031 0.327196
vt 0.025826 0.324805
vt 0.014859 0.342164
vt 0.038130 0.322345
vt 0.030081 0.341041
vt 0.043453 0.317352
vt 0.049269 0.314447
vt 0.024737 0.355381
vt 0.047811 0.332425
vt 0.056719 0.326185
vt 0.045590 0.350533
vt 0.066267 0.336151
vt 0.074175 0.324001
vt 0.048969 0.362007
vt 0.072089 0.351231
vt 0.079903 0.330584
vt 0.085807 0.338046
vt 0.067466 0.360265
vt 0.083678 0.344337
vt 0.089554 0.329187
vt 0.103511 0.338350
vt 0.068931 0.373434
vt 0.094131 0.356801
vt 0.099915 0.346071
vt 0.086573 0.366963
vt 0.106713 0.352516
vt 0.114161 0.349913
vt 0.085026 0.379476
vt 0.107159 0.359982
vt 0.122242 0.349626
vt 0.117250 0.353863
vt 0.096890 0.375407
vt 0.120248 0.360993
vt 0.123894 0.356489
vt 0.109692 0.374803
vt 0.127301 0.365636
vt 0.121070 0.375988
vt 0.000307 0.422605
vt 0.010342 0.421798
vt 0.001979 0.428528
vt 0.006872 0.415504
vt 0.019628 0.428005
vt 0.028681 0.407272
vt 0.011013 0.399953
vt 0.030522 0.392629
vt 0.021912 0.388886
vt 0.026360 0.420275
vt 0.031284 0.380478
vt 0.049142 0.380372
vt 0.045134 0.393035
vt 0.045208 0.425335
vt 0.052953 0.416451
vt 0.063352 0.407978
vt 0.063738 0.386100
vt 0.069041 0.395411
vt 0.065527 0.422558
vt 0.077274 0.383743
vt 0.073735 0.417420
vt 0.083737 0.418423
vt 0.087813 0.390992
vt 0.082146 0.411178
vt 0.090276 0.404277
vt 0.097915 0.389224
vt 0.096001 0.408231
vt 0.099731 0.397190
vt 0.106628 0.412375
vt 0.114385 0.390093
vt 0.105236 0.405181
vt 0.110460 0.398622
vt 0.121748 0.391753
vt 0.114889 0.402068
vt 0.119138 0.405046
vt 0.125319 0.395394
vt 0.228823 0.974241
vt 0.223934 0.981902
vt 0.219411 0.972769
vt 0.217349 0.979493
vt 0.212933 0.970556
vt 0.223999 0.963978
vt 0.215225 0.961377
vt 0.209159 0.962150
vt 0.236336 0.965464
vt 0.223598 0.953301
vt 0.238022 0.957989
vt 0.204961 0.950871
vt 0.211105 0.946500
vt 0.246319 0.965457
vt 0.237598 0.946309
vt 0.221317 0.943473
vt 0.229718 0.937184
vt 0.205357 0.934308
vt 0.216288 0.933419
vt 0.239443 0.931614
vt 0.211833 0.925990
vt 0.233405 0.929190
vt 0.223146 0.922356
vt 0.204601 0.924255
vt 0.237486 0.920004
vt 0.212166 0.915388
vt 0.206876 0.913005
vt 0.223553 0.911731
vt 0.235129 0.905742
vt 0.246319 0.907221
vt 0.213303 0.903534
vt 0.225440 0.897220
vt 0.242287 0.892883
vt 0.221876 0.889666
vt 0.226656 0.880675
vt 0.231099 0.883140
vt 0.573454 0.516639
vt 0.575775 0.506442
vt 0.586129 0.512695
vt 0.583534 0.519493
vt 0.574776 0.525052
vt 0.586423 0.529156
vt 0.568948 0.535473
vt 0.566984 0.528348
vt 0.596382 0.520078
vt 0.606394 0.516719
vt 0.577610 0.534758
vt 0.597401 0.530187
vt 0.602602 0.522264
vt 0.586166 0.536720
vt 0.607338 0.525781
vt 0.570341 0.544243
vt 0.580217 0.541659
vt 0.600495 0.534876
vt 0.610626 0.536870
vt 0.555441 0.550589
vt 0.592489 0.544232
vt 0.602770 0.543135
vt 0.617124 0.528256
vt 0.620788 0.539349
vt 0.572880 0.554740
vt 0.562253 0.556345
vt 0.586254 0.549231
vt 0.616263 0.547756
vt 0.602789 0.551618
vt 0.591431 0.557177
vt 0.626571 0.545702
vt 0.551825 0.574437
vt 0.616043 0.555432
vt 0.542025 0.576590
vt 0.569011 0.570120
vt 0.624679 0.554967
vt 0.589639 0.571642
vt 0.610117 0.569515
vt 0.629400 0.572164
vt 0.632514 0.561145
vt 0.542830 0.587516
vt 0.568787 0.581414
vt 0.624281 0.577462
vt 0.596830 0.579614
vt 0.584908 0.591149
vt 0.555066 0.589072
vt 0.560186 0.592832
vt 0.613371 0.586168
vt 0.551440 0.595271
vt 0.572993 0.592001
vt 0.566675 0.600528
vt 0.575264 0.599945
vt 0.557927 0.601825
vt 0.634049 0.595995
vt 0.623756 0.598975
vt 0.585932 0.604441
vt 0.574359 0.608467
vt 0.565616 0.610401
vt 0.602354 0.603475
vt 0.574630 0.615031
vt 0.591563 0.612587
vt 0.618549 0.609485
vt 0.634049 0.611244
vt 0.621019 0.615031
vt 0.293498 0.177913
vt 0.300304 0.188208
vt 0.294736 0.184619
vt 0.299523 0.176426
vt 0.305037 0.185405
vt 0.286258 0.181646
vt 0.289740 0.191053
vt 0.306547 0.192201
vt 0.300210 0.200220
vt 0.308896 0.207939
vt 0.293255 0.206013
vt 0.251389 0.193125
vt 0.255808 0.188620
vt 0.258395 0.192072
vt 0.260342 0.197989
vt 0.270374 0.200095
vt 0.302178 0.214788
vt 0.277092 0.211231
vt 0.247966 0.199960
vt 0.278460 0.203755
vt 0.261195 0.209284
vt 0.308285 0.222377
vt 0.294960 0.220168
vt 0.285847 0.218728
vt 0.299481 0.224793
vt 0.250392 0.214000
vt 0.238344 0.207877
vt 0.272232 0.224038
vt 0.303530 0.231239
vt 0.307216 0.231120
vt 0.259380 0.224137
vt 0.289673 0.230767
vt 0.286511 0.238808
vt 0.298476 0.242720
vt 0.259518 0.236985
vt 0.291314 0.249822
vt 0.307399 0.242596
vt 0.308896 0.246382
vt 0.275327 0.240562
vt 0.281146 0.253665
vt 0.302207 0.254752
vt 0.306643 0.255767
vt 0.295126 0.254559
vt 0.269368 0.245973
vt 0.284632 0.265336
vt 0.294612 0.263906
vt 0.306140 0.269379
vt 0.297642 0.271280
vt 0.275557 0.264898
vt 0.288413 0.277001
vt 0.285117 0.271274
vt 0.273884 0.274705
vt 0.269638 0.271002
vt 0.288125 0.288790
vt 0.278384 0.277396
vt 0.263938 0.275733
vt 0.281748 0.285152
vt 0.300058 0.287323
vt 0.264496 0.284009
vt 0.264437 0.289039
vt 0.251796 0.285582
vt 0.249109 0.276491
vt 0.293040 0.297898
vt 0.264176 0.296161
vt 0.274068 0.289007
vt 0.272711 0.295411
vt 0.251874 0.293398
vt 0.283815 0.297997
vt 0.272574 0.299855
vt 0.277033 0.307666
vt 0.262370 0.304147
vt 0.255796 0.302248
vt 0.287337 0.307365
vt 0.267005 0.308940
vt 0.256178 0.309304
vt 0.280061 0.317598
vt 0.270925 0.318098
vt 0.244692 0.306281
vt 0.288920 0.166933
vt 0.298521 0.167782
vt 0.303810 0.178768
vt 0.295262 0.167350
vt 0.284841 0.171705
vt 0.293860 0.161355
vt 0.291986 0.152902
vt 0.291362 0.159593
vt 0.278584 0.172459
vt 0.286139 0.156323
vt 0.276763 0.164340
vt 0.280306 0.155927
vt 0.270438 0.152811
vt 0.277319 0.146086
vt 0.285170 0.148500
vt 0.271341 0.159730
vt 0.280574 0.139234
vt 0.269299 0.138475
vt 0.261988 0.140328
vt 0.273375 0.129042
vt 0.266876 0.127852
vt 0.258133 0.127781
vt 0.255905 0.134910
vt 0.266206 0.119563
vt 0.256852 0.117485
vt 0.617305 0.246175
vt 0.621374 0.253043
vt 0.612770 0.252580
vt 0.617356 0.259317
vt 0.610843 0.269178
vt 0.605461 0.259607
vt 0.618932 0.272369
vt 0.604162 0.254232
vt 0.607383 0.249730
vt 0.599975 0.261039
vt 0.602532 0.252819
vt 0.599100 0.265783
vt 0.611426 0.243252
vt 0.624403 0.259395
vt 0.600687 0.274395
vt 0.608177 0.281412
vt 0.627198 0.267475
vt 0.632209 0.257604
vt 0.625973 0.243430
vt 0.599454 0.285380
vt 0.621867 0.283879
vt 0.595857 0.284402
vt 0.614211 0.286023
vt 0.603783 0.296849
vt 0.613039 0.294289
vt 0.593254 0.293553
vt 0.618196 0.299685
vt 0.596998 0.298101
vt 0.611253 0.304169
vt 0.596080 0.308165
vt 0.604283 0.309139
vt 0.592285 0.303897
vt 0.616885 0.312732
vt 0.612613 0.315249
vt 0.596778 0.318939
vt 0.591089 0.316769
vt 0.607450 0.322094
vt 0.616064 0.326378
vt 0.604354 0.337863
vt 0.590491 0.331345
vt 0.617238 0.345545
vt 0.590975 0.340106
vt 0.591984 0.349149
vt 0.609287 0.357207
vt 0.595372 0.358388
vt 0.621871 0.365227
vt 0.605999 0.367260
vt 0.627289 0.381913
vt 0.617641 0.379066
vt 0.627167 0.392555
vt 0.632209 0.395248
vt 0.607484 0.378822
vt 0.629541 0.401534
vt 0.614637 0.387221
s 1
usemtl material_0.010
f 1/1/1 2/2/2 3/3/3
f 4/4/4 5/5/5 1/1/1
f 6/6/6 3/3/3 7/7/7
f 1/1/1 5/5/5 2/2/2
f 3/3/3 2/2/2 7/7/7
f 5/5/5 4/4/4 8/8/8
f 9/9/9 6/6/6 7/7/7
f 9/9/9 10/10/10 6/6/6
f 4/4/4 11/11/11 8/8/8
f 12/12/12 10/10/10 9/9/9
f 13/13/13 14/14/14 15/15/15
f 13/13/13 16/16/16 17/17/17
f 12/12/12 18/18/18 10/10/10
f 19/19/19 12/12/12 9/9/9
f 14/14/14 20/20/20 21/21/21
f 15/15/15 16/16/16 13/13/13
f 14/14/14 21/21/21 15/15/15
f 16/16/16 22/22/22 17/17/17
f 8/8/8 11/11/11 23/23/23
f 22/22/22 24/24/24 17/17/17
f 21/21/21 20/20/20 25/25/25
f 23/23/23 11/11/11 26/26/26
f 23/23/23 26/26/26 27/27/27
f 25/25/25 28/28/28 21/21/21
f 15/15/15 29/29/29 16/16/16
f 30/30/30 18/18/18 12/12/12
f 23/23/23 31/31/31 8/8/8
f 21/21/21 28/28/28 15/15/15
f 32/32/32 18/18/18 30/30/30
f 33/33/33 25/25/25 20/20/20
f 31/31/31 23/23/23 27/27/27
f 34/34/34 29/29/29 15/15/15
f 27/27/27 26/26/26 35/35/35
f 16/16/16 29/29/29 36/36/36
f 34/34/34 36/36/36 29/29/29
f 28/28/28 34/34/34 15/15/15
f 16/16/16 36/36/36 37/37/37
f 37/37/37 22/22/22 16/16/16
f 22/22/22 38/38/38 24/24/24
f 37/37/37 36/36/36 39/39/39
f 40/40/40 24/24/24 38/38/38
f 36/36/36 34/34/34 39/39/39
f 27/27/27 41/41/41 31/31/31
f 42/42/42 37/37/37 39/39/39
f 43/43/43 25/25/25 33/33/33
f 32/32/32 30/30/30 44/44/44
f 28/28/28 45/45/45 34/34/34
f 37/37/37 46/46/46 22/22/22
f 27/27/27 35/35/35 47/47/47
f 27/27/27 47/47/47 41/41/41
f 28/28/28 25/25/25 43/43/43
f 39/39/39 34/34/34 48/48/48
f 22/22/22 49/49/49 38/38/38
f 30/30/30 50/50/50 44/44/44
f 46/46/46 49/49/49 22/22/22
f 51/51/51 43/43/43 33/33/33
f 40/40/40 38/38/38 49/49/49
f 47/47/47 35/35/35 52/52/52
f 43/43/43 53/53/53 28/28/28
f 39/39/39 54/54/54 42/42/42
f 42/42/42 46/46/46 37/37/37
f 55/55/55 39/39/39 48/48/48
f 39/39/39 55/55/55 54/54/54
f 45/45/45 48/48/48 34/34/34
f 48/48/48 45/45/45 55/55/55
f 53/53/53 45/45/45 28/28/28
f 56/56/56 42/42/42 54/54/54
f 41/41/41 47/47/47 57/57/57
f 55/55/55 58/58/58 54/54/54
f 59/59/59 50/50/50 60/60/60
f 54/54/54 58/58/58 56/56/56
f 53/53/53 61/61/61 45/45/45
f 45/45/45 62/62/62 55/55/55
f 49/49/49 46/46/46 63/63/63
f 43/43/43 64/64/64 53/53/53
f 51/51/51 64/64/64 43/43/43
f 42/42/42 56/56/56 46/46/46
f 52/52/52 57/57/57 47/47/47
f 58/58/58 55/55/55 62/62/62
f 65/65/65 44/44/44 50/50/50
f 64/64/64 51/51/51 66/66/66
f 57/57/57 52/52/52 67/67/67
f 45/45/45 61/61/61 62/62/62
f 49/49/49 68/68/68 40/40/40
f 57/57/57 69/69/69 41/41/41
f 50/50/50 59/59/59 70/70/70
f 50/50/50 70/70/70 65/65/65
f 63/63/63 46/46/46 71/71/71
f 49/49/49 63/63/63 72/72/72
f 66/66/66 73/73/73 64/64/64
f 64/64/64 61/61/61 53/53/53
f 56/56/56 71/71/71 46/46/46
f 58/58/58 74/74/74 56/56/56
f 70/70/70 59/59/59 75/75/75
f 76/76/76 57/57/57 67/67/67
f 57/57/57 76/76/76 69/69/69
f 77/77/77 56/56/56 74/74/74
f 62/62/62 78/78/78 58/58/58
f 49/49/49 79/79/79 68/68/68
f 64/64/64 73/73/73 61/61/61
f 80/80/80 62/62/62 61/61/61
f 74/74/74 58/58/58 78/78/78
f 78/78/78 62/62/62 80/80/80
f 76/76/76 67/67/67 81/81/81
f 71/71/71 77/77/77 63/63/63
f 82/82/82 65/65/65 70/70/70
f 75/75/75 82/82/82 70/70/70
f 72/72/72 79/79/79 49/49/49
f 73/73/73 83/83/83 61/61/61
f 78/78/78 84/84/84 74/74/74
f 76/76/76 85/85/85 69/69/69
f 79/79/79 72/72/72 86/86/86
f 76/76/76 81/81/81 87/87/87
f 78/78/78 80/80/80 84/84/84
f 88/88/88 74/74/74 84/84/84
f 77/77/77 74/74/74 88/88/88
f 72/72/72 63/63/63 89/89/89
f 85/85/85 76/76/76 87/87/87
f 90/90/90 65/65/65 82/82/82
f 80/80/80 61/61/61 91/91/91
f 80/80/80 91/91/91 84/84/84
f 63/63/63 77/77/77 92/92/92
f 93/93/93 94/94/94 85/85/85
f 73/73/73 95/95/95 83/83/83
f 88/88/88 96/96/96 77/77/77
f 90/90/90 82/82/82 97/97/97
f 96/96/96 92/92/92 77/77/77
f 89/89/89 63/63/63 92/92/92
f 72/72/72 98/98/98 86/86/86
f 97/97/97 82/82/82 75/75/75
f 91/91/91 61/61/61 83/83/83
f 99/99/99 91/91/91 83/83/83
f 84/84/84 96/96/96 88/88/88
f 72/72/72 89/89/89 98/98/98
f 94/94/94 93/93/93 100/100/100
f 100/100/100 73/73/73 94/94/94
f 93/93/93 85/85/85 87/87/87
f 101/101/101 97/97/97 75/75/75
f 102/102/102 87/87/87 81/81/81
f 103/103/103 84/84/84 91/91/91
f 83/83/83 95/95/95 99/99/99
f 96/96/96 84/84/84 103/103/103
f 89/89/89 92/92/92 104/104/104
f 105/105/105 73/73/73 100/100/100
f 95/95/95 73/73/73 105/105/105
f 103/103/103 106/106/106 96/96/96
f 96/96/96 106/106/106 92/92/92
f 100/100/100 93/93/93 107/107/107
f 108/108/108 93/93/93 87/87/87
f 103/103/103 91/91/91 99/99/99
f 106/106/106 104/104/104 92/92/92
f 108/108/108 107/107/107 93/93/93
f 87/87/87 102/102/102 109/109/109
f 100/100/100 110/110/110 105/105/105
f 111/111/111 106/106/106 103/103/103
f 103/103/103 99/99/99 111/111/111
f 106/106/106 112/112/112 104/104/104
f 98/98/98 89/89/89 113/113/113
f 112/112/112 106/106/106 111/111/111
f 100/100/100 107/107/107 110/110/110
f 108/108/108 87/87/87 109/109/109
f 99/99/99 95/95/95 105/105/105
f 112/112/112 89/89/89 104/104/104
f 114/114/114 99/99/99 105/105/105
f 115/115/115 110/110/110 107/107/107
f 116/116/116 114/114/114 110/110/110
f 114/114/114 105/105/105 110/110/110
f 89/89/89 112/112/112 113/113/113
f 117/117/117 97/97/97 101/101/101
f 110/110/110 115/115/115 116/116/116
f 118/118/118 97/97/97 117/117/117
f 107/107/107 108/108/108 115/115/115
f 113/113/113 112/112/112 119/119/119
f 113/113/113 120/120/120 121/121/121
f 119/119/119 120/120/120 113/113/113
f 114/114/114 116/116/116 122/122/122
f 114/114/114 123/123/123 99/99/99
f 123/123/123 114/114/114 122/122/122
f 124/124/124 108/108/108 109/109/109
f 111/111/111 99/99/99 123/123/123
f 117/117/117 125/125/125 126/126/126
f 122/122/122 116/116/116 115/115/115
f 119/119/119 112/112/112 127/127/127
f 119/119/119 127/127/127 128/128/128
f 120/120/120 119/119/119 128/128/128
f 129/129/129 122/122/122 115/115/115
f 111/111/111 127/127/127 112/112/112
f 118/118/118 117/117/117 130/130/130
f 129/129/129 115/115/115 108/108/108
f 127/127/127 111/111/111 123/123/123
f 128/128/128 127/127/127 123/123/123
f 131/131/131 120/120/120 132/132/132
f 123/123/123 122/122/122 128/128/128
f 132/132/132 120/120/120 128/128/128
f 124/124/124 133/133/133 108/108/108
f 133/133/133 129/129/129 108/108/108
f 132/132/132 134/134/134 131/131/131
f 126/126/126 131/131/131 134/134/134
f 128/128/128 122/122/122 135/135/135
f 126/126/126 134/134/134 117/117/117
f 136/136/136 129/129/129 133/133/133
f 135/135/135 132/132/132 128/128/128
f 134/134/134 137/137/137 117/117/117
f 117/117/117 137/137/137 130/130/130
f 122/122/122 129/129/129 135/135/135
f 135/135/135 134/134/134 132/132/132
f 129/129/129 136/136/136 135/135/135
f 137/137/137 134/134/134 138/138/138
f 136/136/136 134/134/134 135/135/135
f 133/133/133 124/124/124 139/139/139
f 136/136/136 138/138/138 134/134/134
f 139/139/139 136/136/136 133/133/133
f 140/140/140 138/138/138 136/136/136
f 136/136/136 139/139/139 141/141/141
f 136/136/136 141/141/141 140/140/140
f 71/71/71 56/56/56 77/77/77
f 2/142/2 5/143/5 142/144/142
f 142/144/142 143/145/143 2/142/2
f 142/144/142 144/146/144 143/145/143
f 2/142/2 143/145/143 7/147/7
f 145/148/145 142/144/142 5/143/5
f 145/148/145 144/146/144 142/144/142
f 144/146/144 146/149/146 143/145/143
f 8/150/8 145/148/145 5/143/5
f 143/145/143 146/149/146 147/151/147
f 148/152/148 145/148/145 8/150/8
f 149/153/149 144/146/144 145/148/145
f 146/149/146 144/146/144 13/154/13
f 149/153/149 145/148/145 148/152/148
f 149/153/149 14/155/14 144/146/144
f 14/155/14 13/154/13 144/146/144
f 149/153/149 148/152/148 14/155/14
f 150/156/150 146/149/146 17/157/17
f 14/155/14 148/152/148 20/158/20
f 151/159/151 148/152/148 8/150/8
f 148/152/148 151/159/151 20/158/20
f 152/160/152 151/159/151 8/150/8
f 151/159/151 153/161/153 20/158/20
f 153/161/153 151/159/151 152/160/152
f 31/162/31 152/160/152 8/150/8
f 153/161/153 33/163/33 20/158/20
f 154/164/154 153/161/153 152/160/152
f 152/160/152 31/162/31 154/164/154
f 153/161/153 154/164/154 155/165/155
f 41/166/41 154/164/154 31/162/31
f 33/163/33 153/161/153 155/165/155
f 155/165/155 156/167/156 51/168/51
f 33/163/33 155/165/155 51/168/51
f 156/167/156 155/165/155 154/164/154
f 154/164/154 41/166/41 156/167/156
f 66/169/66 51/168/51 156/167/156
f 156/167/156 41/166/41 69/170/69
f 66/169/66 156/167/156 73/171/73
f 94/172/94 73/171/73 156/167/156
f 156/167/156 69/170/69 94/172/94
f 69/170/69 85/173/85 94/172/94
f 17/157/17 146/149/146 13/154/13
f 143/174/143 147/175/147 7/176/7
f 9/177/9 7/176/7 147/175/147
f 146/178/146 157/179/157 147/175/147
f 150/180/150 157/179/157 146/178/146
f 158/181/158 147/175/147 157/179/157
f 9/177/9 147/175/147 158/181/158
f 19/182/19 9/177/9 158/181/158
f 17/183/17 24/184/24 150/180/150
f 24/184/24 157/179/157 150/180/150
f 19/182/19 158/181/158 157/179/157
f 157/179/157 159/185/159 19/182/19
f 19/182/19 30/186/30 12/187/12
f 159/185/159 157/179/157 24/184/24
f 30/186/30 19/182/19 159/185/159
f 40/188/40 159/185/159 24/184/24
f 30/186/30 159/185/159 60/189/60
f 159/185/159 160/190/160 60/189/60
f 160/190/160 159/185/159 40/188/40
f 30/186/30 60/189/60 50/191/50
f 59/192/59 60/189/60 160/190/160
f 40/188/40 161/193/161 160/190/160
f 161/193/161 40/188/40 68/194/68
f 160/190/160 161/193/161 59/192/59
f 162/195/162 161/193/161 68/194/68
f 163/196/163 59/192/59 161/193/161
f 59/192/59 163/196/163 75/197/75
f 68/194/68 79/198/79 162/195/162
f 161/193/161 162/195/162 163/196/163
f 162/195/162 79/198/79 86/199/86
f 163/196/163 162/195/162 86/199/86
f 164/200/164 163/196/163 86/199/86
f 75/197/75 163/196/163 101/201/101
f 163/196/163 164/200/164 101/201/101
f 164/200/164 86/199/86 98/202/98
f 165/203/165 164/200/164 98/202/98
f 165/203/165 98/202/98 113/204/113
f 164/200/164 165/203/165 125/205/125
f 165/203/165 113/204/113 121/206/121
f 101/201/101 164/200/164 125/205/125
f 166/207/166 125/205/125 165/203/165
f 165/203/165 121/206/121 166/207/166
f 101/201/101 125/205/125 117/208/117
f 166/207/166 121/206/121 120/209/120
f 131/210/131 126/211/126 125/205/125
f 125/205/125 166/207/166 131/210/131
f 131/210/131 166/207/166 120/209/120
f 167/212/167 168/213/168 169/214/169
f 167/212/167 169/214/169 170/215/170
f 168/213/168 167/212/167 171/216/171
f 172/217/172 169/214/169 168/213/168
f 172/217/172 173/218/173 169/214/169
f 168/213/168 171/216/171 174/219/174
f 175/220/175 172/217/172 168/213/168
f 175/220/175 168/213/168 174/219/174
f 172/217/172 176/221/176 173/218/173
f 172/217/172 177/222/177 176/221/176
f 172/217/172 175/220/175 177/222/177
f 171/216/171 178/223/178 174/219/174
f 178/223/178 171/216/171 179/224/179
f 174/219/174 180/225/180 175/220/175
f 178/223/178 180/225/180 174/219/174
f 181/226/181 177/222/177 175/220/175
f 177/222/177 181/226/181 176/221/176
f 178/223/178 179/224/179 182/227/182
f 183/228/183 181/226/181 175/220/175
f 175/220/175 180/225/180 184/229/184
f 175/220/175 184/229/184 183/228/183
f 185/230/185 176/221/176 181/226/181
f 180/225/180 178/223/178 186/231/186
f 184/229/184 180/225/180 186/231/186
f 186/231/186 178/223/178 187/232/187
f 182/227/182 187/232/187 178/223/178
f 182/227/182 188/233/188 187/232/187
f 188/233/188 189/234/189 187/232/187
f 189/234/189 188/233/188 190/235/190
f 169/236/169 191/237/191 170/238/170
f 169/236/169 192/239/192 191/237/191
f 170/238/170 191/237/191 193/240/193
f 173/241/173 192/239/192 169/236/169
f 194/242/194 193/240/193 191/237/191
f 192/239/192 194/242/194 191/237/191
f 173/241/173 195/243/195 192/239/192
f 176/244/176 195/243/195 173/241/173
f 196/245/196 193/240/193 194/242/194
f 195/243/195 197/246/197 192/239/192
f 192/239/192 198/247/198 194/242/194
f 194/242/194 199/248/199 196/245/196
f 198/247/198 199/248/199 194/242/194
f 197/246/197 198/247/198 192/239/192
f 195/243/195 200/249/200 197/246/197
f 185/250/185 195/243/195 176/244/176
f 195/243/195 185/250/185 201/251/201
f 197/246/197 202/252/202 198/247/198
f 200/249/200 202/252/202 197/246/197
f 201/251/201 200/249/200 195/243/195
f 199/248/199 203/253/203 196/245/196
f 198/247/198 202/252/202 199/248/199
f 196/245/196 203/253/203 204/254/204
f 202/252/202 203/253/203 199/248/199
f 204/254/204 203/253/203 205/255/205
f 202/252/202 206/256/206 203/253/203
f 201/251/201 207/257/207 200/249/200
f 207/257/207 202/252/202 200/249/200
f 203/253/203 208/258/208 205/255/205
f 209/259/209 206/256/206 202/252/202
f 207/257/207 209/259/209 202/252/202
f 208/258/208 210/260/210 205/255/205
f 206/256/206 208/258/208 203/253/203
f 208/258/208 211/261/211 210/260/210
f 209/259/209 212/262/212 206/256/206
f 206/256/206 213/263/213 208/258/208
f 207/257/207 214/264/214 209/259/209
f 214/264/214 212/262/212 209/259/209
f 208/258/208 215/265/215 211/261/211
f 208/258/208 213/263/213 215/265/215
f 212/262/212 216/266/216 206/256/206
f 216/266/216 213/263/213 206/256/206
f 211/261/211 217/267/217 210/260/210
f 211/261/211 218/268/218 217/267/217
f 219/269/219 212/262/212 214/264/214
f 215/265/215 220/270/220 211/261/211
f 211/261/211 220/270/220 218/268/218
f 219/269/219 221/271/221 212/262/212
f 212/262/212 221/271/221 216/266/216
f 217/267/217 218/268/218 222/272/222
f 215/265/215 223/273/223 220/270/220
f 213/263/213 223/273/223 215/265/215
f 222/272/222 218/268/218 224/274/224
f 224/274/224 218/268/218 220/270/220
f 221/271/221 225/275/225 216/266/216
f 216/266/216 225/275/225 213/263/213
f 225/275/225 223/273/223 213/263/213
f 220/270/220 226/276/226 224/274/224
f 223/273/223 226/276/226 220/270/220
f 221/271/221 219/269/219 227/277/227
f 227/277/227 225/275/225 221/271/221
f 226/276/226 228/278/228 224/274/224
f 226/276/226 229/279/229 228/278/228
f 223/273/223 230/280/230 226/276/226
f 226/276/226 230/280/230 229/279/229
f 225/275/225 230/280/230 223/273/223
f 231/281/231 230/280/230 225/275/225
f 227/277/227 231/281/231 225/275/225
f 232/282/232 233/283/233 234/284/234
f 233/283/233 235/285/235 234/284/234
f 235/285/235 236/286/236 237/287/237
f 237/287/237 236/286/236 238/288/238
f 239/289/239 232/282/232 234/284/234
f 234/284/234 235/285/235 237/287/237
f 238/288/238 240/290/240 237/287/237
f 234/284/234 237/287/237 240/290/240
f 241/291/241 238/288/238 242/292/242
f 243/293/243 240/290/240 238/288/238
f 234/284/234 240/290/240 244/294/244
f 239/289/239 234/284/234 245/295/245
f 239/289/239 245/295/245 246/296/246
f 243/293/243 238/288/238 241/291/241
f 234/284/234 244/294/244 245/295/245
f 247/297/247 246/296/246 248/298/248
f 245/295/245 248/298/248 246/296/246
f 240/290/240 243/293/243 249/299/249
f 243/293/243 241/291/241 250/300/250
f 249/299/249 243/293/243 250/300/250
f 241/291/241 251/301/251 250/300/250
f 252/302/252 245/295/245 244/294/244
f 244/294/244 240/290/240 249/299/249
f 251/301/251 253/303/253 250/300/250
f 251/301/251 254/304/254 255/305/255
f 256/306/256 255/305/255 254/304/254
f 255/305/255 253/303/253 251/301/251
f 252/302/252 244/294/244 249/299/249
f 257/307/257 258/308/258 256/306/256
f 259/309/259 260/310/260 257/307/257
f 97/311/97 261/312/261 90/313/90
f 258/308/258 257/307/257 262/314/262
f 248/298/248 245/295/245 252/302/252
f 261/312/261 260/310/260 259/309/259
f 263/315/263 248/298/248 252/302/252
f 262/314/262 264/316/264 255/305/255
f 260/310/260 262/314/262 257/307/257
f 249/299/249 250/300/250 265/317/265
f 253/303/253 255/305/255 264/316/264
f 266/318/266 248/298/248 263/315/263
f 252/302/252 249/299/249 265/317/265
f 261/312/261 267/319/267 260/310/260
f 262/314/262 260/310/260 264/316/264
f 268/320/268 263/315/263 252/302/252
f 250/300/250 253/303/253 269/321/269
f 266/318/266 263/315/263 270/322/270
f 252/302/252 265/317/265 268/320/268
f 250/300/250 269/321/269 265/317/265
f 263/315/263 268/320/268 271/323/271
f 268/320/268 265/317/265 272/324/272
f 272/324/272 265/317/265 269/321/269
f 97/311/97 267/319/267 261/312/261
f 273/325/273 253/303/253 264/316/264
f 268/320/268 272/324/272 274/326/274
f 269/321/269 253/303/253 273/325/273
f 270/322/270 263/315/263 271/323/271
f 271/323/271 268/320/268 274/326/274
f 275/327/275 264/316/264 260/310/260
f 264/316/264 276/328/276 273/325/273
f 272/324/272 269/321/269 277/329/277
f 272/324/272 277/329/277 274/326/274
f 276/328/276 264/316/264 275/327/275
f 270/322/270 271/323/271 278/330/278
f 274/326/274 278/330/278 271/323/271
f 275/327/275 260/310/260 267/319/267
f 277/329/277 269/321/269 273/325/273
f 118/331/118 267/319/267 97/311/97
f 270/322/270 278/330/278 279/332/279
f 276/328/276 280/333/280 273/325/273
f 275/327/275 281/334/281 276/328/276
f 282/335/282 279/332/279 283/336/283
f 277/329/277 273/325/273 280/333/280
f 275/327/275 267/319/267 284/337/284
f 278/330/278 274/326/274 277/329/277
f 276/328/276 281/334/281 280/333/280
f 284/337/284 267/319/267 118/331/118
f 284/337/284 281/334/281 275/327/275
f 285/338/285 283/336/283 279/332/279
f 278/330/278 277/329/277 286/339/286
f 285/338/285 279/332/279 278/330/278
f 124/340/124 109/341/109 287/342/287
f 283/336/283 288/343/288 287/342/287
f 286/339/286 285/338/285 278/330/278
f 280/333/280 286/339/286 277/329/277
f 281/334/281 284/337/284 289/344/289
f 124/340/124 287/342/287 288/343/288
f 283/336/283 285/338/285 288/343/288
f 280/333/280 281/334/281 290/345/290
f 118/331/118 130/346/130 284/337/284
f 290/345/290 281/334/281 289/344/289
f 290/345/290 286/339/286 280/333/280
f 284/337/284 291/347/291 289/344/289
f 130/346/130 291/347/291 284/337/284
f 285/338/285 292/348/292 288/343/288
f 285/338/285 286/339/286 293/349/293
f 292/348/292 124/340/124 288/343/288
f 285/338/285 293/349/293 292/348/292
f 291/347/291 130/346/130 137/350/137
f 294/351/294 289/344/289 291/347/291
f 294/351/294 291/347/291 137/350/137
f 290/345/290 289/344/289 294/351/294
f 286/339/286 290/345/290 293/349/293
f 139/352/139 124/340/124 292/348/292
f 137/350/137 138/353/138 294/351/294
f 139/352/139 292/348/292 141/354/141
f 292/348/292 293/349/293 141/354/141
f 140/355/140 290/345/290 294/351/294
f 140/355/140 293/349/293 290/345/290
f 140/355/140 294/351/294 138/353/138
f 141/354/141 293/349/293 140/355/140
f 295/356/295 296/357/296 297/358/297
f 296/357/296 298/359/298 297/358/297
f 295/356/295 299/360/299 300/361/300
f 295/356/295 301/362/301 296/357/296
f 300/361/300 301/362/301 295/356/295
f 302/363/302 301/362/301 300/361/300
f 303/364/303 296/357/296 301/362/301
f 296/357/296 304/365/304 298/359/298
f 304/365/304 296/357/296 303/364/303
f 302/363/302 300/361/300 256/366/256
f 301/362/301 305/367/305 303/364/303
f 303/364/303 306/368/306 304/365/304
f 301/362/301 302/363/302 305/367/305
f 256/366/256 307/369/307 302/363/302
f 303/364/303 305/367/305 306/368/306
f 307/369/307 256/366/256 258/370/258
f 305/367/305 308/371/308 306/368/306
f 258/370/258 262/372/262 307/369/307
f 302/363/302 309/373/309 305/367/305
f 310/374/310 304/365/304 311/375/311
f 311/375/311 304/365/304 306/368/306
f 307/369/307 312/376/312 302/363/302
f 312/376/312 309/373/309 302/363/302
f 306/368/306 308/371/308 311/375/311
f 305/367/305 313/377/313 308/371/308
f 311/375/311 314/378/314 310/374/310
f 262/372/262 312/376/312 307/369/307
f 312/376/312 262/372/262 315/379/315
f 311/375/311 308/371/308 314/378/314
f 309/373/309 313/377/313 305/367/305
f 309/373/309 316/380/316 313/377/313
f 312/376/312 316/380/316 309/373/309
f 313/377/313 317/381/317 308/371/308
f 308/371/308 318/382/318 314/378/314
f 308/371/308 317/381/317 318/382/318
f 312/376/312 319/383/319 316/380/316
f 317/381/317 320/384/320 318/382/318
f 313/377/313 316/380/316 317/381/317
f 320/384/320 317/381/317 321/385/321
f 319/383/319 322/386/322 316/380/316
f 321/385/321 317/381/317 316/380/316
f 321/385/321 316/380/316 323/387/323
f 322/386/322 323/387/323 316/380/316
f 323/387/323 322/386/322 324/388/324
f 319/383/319 312/376/312 315/379/315
f 325/389/325 326/390/326 299/391/299
f 326/390/326 325/389/325 327/392/327
f 328/393/328 327/392/327 325/389/325
f 326/390/326 300/394/300 299/391/299
f 328/393/328 329/395/329 327/392/327
f 329/395/329 330/396/330 327/392/327
f 300/394/300 326/390/326 256/397/256
f 256/397/256 326/390/326 331/398/331
f 331/398/331 326/390/326 327/392/327
f 331/398/331 255/399/255 256/397/256
f 327/392/327 330/396/330 331/398/331
f 255/399/255 331/398/331 332/400/332
f 330/396/330 333/401/333 331/398/331
f 262/402/262 255/399/255 332/400/332
f 330/396/330 334/403/334 333/401/333
f 333/401/333 332/400/332 331/398/331
f 332/400/332 315/404/315 262/402/262
f 335/405/335 333/401/333 334/403/334
f 336/406/336 332/400/332 333/401/333
f 336/406/336 333/401/333 335/405/335
f 332/400/332 336/406/336 315/404/315
f 336/406/336 319/407/319 315/404/315
f 329/408/329 337/409/337 338/410/338
f 329/408/329 338/410/338 330/411/330
f 337/409/337 339/412/339 338/410/338
f 334/413/334 330/411/330 338/410/338
f 339/412/339 340/414/340 341/415/341
f 341/415/341 338/410/338 339/412/339
f 342/416/342 334/413/334 338/410/338
f 342/416/342 338/410/338 341/415/341
f 341/415/341 340/414/340 343/417/343
f 335/418/335 334/413/334 344/419/344
f 344/419/344 334/413/334 342/416/342
f 341/415/341 343/417/343 345/420/345
f 344/419/344 342/416/342 346/421/346
f 347/422/347 336/423/336 335/418/335
f 335/418/335 344/419/344 348/424/348
f 348/424/348 344/419/344 346/421/346
f 346/421/346 342/416/342 341/415/341
f 335/418/335 348/424/348 347/422/347
f 346/421/346 341/415/341 345/420/345
f 336/423/336 347/422/347 319/425/319
f 349/426/349 346/421/346 345/420/345
f 346/421/346 349/426/349 348/424/348
f 319/425/319 347/422/347 322/427/322
f 349/426/349 350/428/350 348/424/348
f 350/428/350 347/422/347 348/424/348
f 347/422/347 350/428/350 322/427/322
f 324/429/324 322/427/322 350/428/350
f 324/429/324 350/428/350 351/430/351
f 351/430/351 350/428/350 349/426/349
f 352/431/352 353/432/353 354/433/354
f 355/434/355 356/435/356 353/432/353
f 352/431/352 355/434/355 353/432/353
f 357/436/357 352/431/352 354/433/354
f 356/435/356 355/434/355 358/437/358
f 357/436/357 354/433/354 359/438/359
f 355/434/355 352/431/352 360/439/360
f 352/431/352 357/436/357 361/440/361
f 361/440/361 360/439/360 352/431/352
f 358/437/358 362/441/362 356/435/356
f 357/436/357 359/438/359 363/442/363
f 360/439/360 358/437/358 355/434/355
f 357/436/357 364/443/364 361/440/361
f 361/440/361 365/444/365 360/439/360
f 357/436/357 363/442/363 364/443/364
f 361/440/361 364/443/364 366/445/366
f 367/446/367 358/437/358 360/439/360
f 365/444/365 361/440/361 366/445/366
f 368/447/368 362/441/362 358/437/358
f 359/438/359 369/448/369 363/442/363
f 365/444/365 367/446/367 360/439/360
f 363/442/363 370/449/370 364/443/364
f 371/450/371 365/444/365 366/445/366
f 364/443/364 372/451/372 366/445/366
f 369/448/369 373/452/373 363/442/363
f 368/447/368 358/437/358 367/446/367
f 364/443/364 370/449/370 372/451/372
f 370/449/370 363/442/363 373/452/373
f 372/451/372 371/450/371 366/445/366
f 367/446/367 374/453/374 368/447/368
f 369/448/369 375/454/375 373/452/373
f 373/452/373 376/455/376 370/449/370
f 376/455/376 372/451/372 370/449/370
f 372/451/372 376/455/376 377/456/377
f 378/457/378 375/454/375 369/448/369
f 379/458/379 380/459/380 381/460/381
f 382/461/382 383/462/383 384/463/384
f 379/458/379 385/464/385 380/459/380
f 386/465/386 384/463/384 383/462/383
f 385/464/385 382/461/382 384/463/384
f 384/463/384 380/459/380 385/464/385
f 384/463/384 386/465/386 387/466/387
f 387/466/387 380/459/380 384/463/384
f 380/459/380 387/466/387 388/467/388
f 389/468/389 381/460/381 380/459/380
f 387/466/387 386/465/386 390/469/390
f 389/468/389 380/459/380 388/467/388
f 390/469/390 386/465/386 391/470/391
f 379/458/379 381/460/381 392/471/392
f 389/468/389 388/467/388 393/472/393
f 394/473/394 392/471/392 381/460/381
f 388/467/388 387/466/387 395/474/395
f 396/475/396 389/468/389 393/472/393
f 388/467/388 397/476/397 393/472/393
f 381/460/381 389/468/389 396/475/396
f 395/474/395 387/466/387 390/469/390
f 398/477/398 397/476/397 399/478/399
f 393/472/393 397/476/397 398/477/398
f 400/479/400 392/471/392 401/480/401
f 381/460/381 396/475/396 402/481/402
f 390/469/390 403/482/403 395/474/395
f 392/471/392 404/483/404 401/480/401
f 392/471/392 394/473/394 404/483/404
f 405/484/405 394/473/394 381/460/381
f 404/483/404 394/473/394 406/485/406
f 381/460/381 402/481/402 405/484/405
f 404/483/404 407/486/407 401/480/401
f 393/472/393 408/487/408 396/475/396
f 398/477/398 409/488/409 410/489/410
f 410/489/410 393/472/393 398/477/398
f 393/472/393 410/489/410 408/487/408
f 411/490/411 405/484/405 402/481/402
f 396/475/396 408/487/408 402/481/402
f 394/473/394 405/484/405 412/491/412
f 411/490/411 412/491/412 405/484/405
f 413/492/413 411/490/411 402/481/402
f 412/491/412 411/490/411 413/492/413
f 407/486/407 404/483/404 406/485/406
f 414/493/414 402/481/402 408/487/408
f 414/493/414 408/487/408 410/489/410
f 413/492/413 402/481/402 414/493/414
f 415/494/415 412/491/412 413/492/413
f 394/473/394 416/495/416 406/485/406
f 394/473/394 412/491/412 416/495/416
f 412/491/412 415/494/415 416/495/416
f 413/492/413 414/493/414 415/494/415
f 416/495/416 415/494/415 417/496/417
f 416/495/416 407/486/407 406/485/406
f 415/494/415 418/497/418 417/496/417
f 418/497/418 415/494/415 414/493/414
f 407/486/407 416/495/416 419/498/419
f 419/498/419 416/495/416 417/496/417
f 420/499/420 407/486/407 419/498/419
f 418/497/418 414/493/414 421/500/421
f 417/496/417 418/497/418 422/501/422
f 418/497/418 421/500/421 422/501/422
f 417/496/417 422/501/422 423/502/423
f 414/493/414 410/489/410 424/503/424
f 419/498/419 417/496/417 423/502/423
f 420/499/420 419/498/419 425/504/425
f 419/498/419 423/502/423 425/504/425
f 424/503/424 421/500/421 414/493/414
f 426/505/426 425/504/425 423/502/423
f 421/500/421 424/503/424 427/506/427
f 427/506/427 422/501/422 421/500/421
f 423/502/423 422/501/422 428/507/428
f 426/505/426 429/508/429 425/504/425
f 426/505/426 423/502/423 428/507/428
f 427/506/427 424/503/424 430/509/430
f 427/506/427 430/509/430 431/510/431
f 427/506/427 428/507/428 422/501/422
f 431/510/431 428/507/428 427/506/427
f 432/511/432 426/505/426 428/507/428
f 428/507/428 431/510/431 433/512/433
f 426/505/426 434/513/434 429/508/429
f 432/511/432 428/507/428 433/512/433
f 435/514/435 436/515/436 437/516/437
f 437/516/437 431/510/431 430/509/430
f 426/505/426 432/511/432 434/513/434
f 434/513/434 438/517/438 439/518/439
f 431/510/431 437/516/437 440/519/440
f 441/520/441 437/516/437 436/515/436
f 434/513/434 432/511/432 442/521/442
f 437/516/437 441/520/441 440/519/440
f 432/511/432 433/512/433 442/521/442
f 443/522/443 433/512/433 431/510/431
f 434/513/434 442/521/442 438/517/438
f 440/519/440 443/522/443 431/510/431
f 444/523/444 445/524/445 438/517/438
f 446/525/446 438/517/438 442/521/442
f 447/526/447 443/527/443 448/528/448
f 449/529/449 433/512/433 443/522/443
f 440/519/440 441/520/441 450/530/450
f 451/531/451 443/522/443 440/519/440
f 446/525/446 442/521/442 433/512/433
f 433/512/433 449/529/449 446/525/446
f 450/530/450 441/520/441 452/532/452
f 447/526/447 453/533/453 443/527/443
f 454/534/454 447/526/447 455/535/455
f 455/535/455 447/526/447 448/528/448
f 455/535/455 448/528/448 456/536/456
f 438/517/438 457/537/457 444/523/444
f 455/535/455 456/536/456 458/538/458
f 446/525/446 457/537/457 438/517/438
f 443/522/443 453/539/453 449/529/449
f 447/526/447 454/534/454 453/533/453
f 459/540/459 455/535/455 458/538/458
f 460/541/460 455/535/455 459/540/459
f 461/542/461 459/540/459 458/538/458
f 459/540/459 461/542/461 462/543/462
f 462/543/462 461/542/461 463/544/463
f 446/525/446 449/529/449 464/545/464
f 459/540/459 465/546/465 460/541/460
f 463/544/463 461/542/461 466/547/466
f 451/531/451 440/519/440 450/530/450
f 459/540/459 462/543/462 465/546/465
f 463/544/463 466/547/466 467/548/467
f 468/549/468 463/544/463 467/548/467
f 467/550/467 466/551/466 469/552/469
f 455/535/455 460/541/460 454/534/454
f 462/543/462 463/544/463 470/553/470
f 444/523/444 457/537/457 471/554/471
f 470/553/470 463/544/463 468/549/468
f 468/555/468 467/550/467 472/556/472
f 451/531/451 450/530/450 473/557/473
f 467/550/467 469/552/469 474/558/474
f 472/556/472 467/550/467 474/558/474
f 445/524/445 439/518/439 438/517/438
f 354/559/354 353/560/353 475/561/475
f 476/562/476 353/560/353 356/563/356
f 477/564/477 475/561/475 353/560/353
f 475/561/475 478/565/478 354/559/354
f 478/565/478 479/566/479 354/559/354
f 354/559/354 479/566/479 359/567/359
f 480/568/480 481/569/481 482/570/482
f 476/562/476 356/563/356 362/571/362
f 482/570/482 477/564/477 476/562/476
f 482/570/482 481/569/481 477/564/477
f 481/569/481 483/572/483 477/564/477
f 483/572/483 475/561/475 477/564/477
f 483/572/483 478/565/478 475/561/475
f 483/572/483 481/569/481 484/573/484
f 478/565/478 485/574/485 479/566/479
f 483/572/483 485/574/485 478/565/478
f 369/575/369 359/567/359 479/566/479
f 482/570/482 486/576/486 480/568/480
f 362/571/362 487/577/487 476/562/476
f 488/578/488 482/570/482 489/579/489
f 486/576/486 482/570/482 490/580/490
f 482/570/482 488/578/488 490/580/490
f 480/568/480 486/576/486 491/581/491
f 489/579/489 482/570/482 476/562/476
f 489/579/489 492/582/492 488/578/488
f 493/583/493 479/566/479 485/574/485
f 494/584/494 487/577/487 362/571/362
f 489/579/489 476/562/476 487/577/487
f 495/585/495 491/581/491 486/576/486
f 496/586/496 487/577/487 494/584/494
f 488/578/488 492/582/492 490/580/490
f 497/587/497 491/581/491 495/585/495
f 487/577/487 498/588/498 489/579/489
f 492/582/492 489/579/489 498/588/498
f 498/588/498 487/577/487 496/586/496
f 479/566/479 493/583/493 499/589/499
f 490/580/490 492/582/492 500/590/500
f 501/591/501 497/587/497 495/585/495
f 494/584/494 502/592/502 496/586/496
f 495/585/495 486/576/486 490/580/490
f 369/575/369 479/566/479 499/589/499
f 498/588/498 496/586/496 503/593/503
f 503/593/503 492/582/492 498/588/498
f 496/586/496 502/592/502 503/593/503
f 369/575/369 499/589/499 378/594/378
f 504/595/504 490/580/490 505/596/505
f 490/580/490 500/590/500 505/596/505
f 503/593/503 502/592/502 506/597/506
f 378/594/378 499/589/499 507/598/507
f 492/582/492 503/593/503 506/597/506
f 501/591/501 495/585/495 508/599/508
f 509/600/509 500/590/500 492/582/492
f 510/601/510 490/580/490 504/595/504
f 509/600/509 492/582/492 506/597/506
f 490/580/490 510/601/510 495/585/495
f 502/592/502 511/602/511 506/597/506
f 512/603/512 500/590/500 509/600/509
f 505/596/505 500/590/500 512/603/512
f 499/589/499 513/604/513 514/605/514
f 515/606/515 495/585/495 510/601/510
f 507/598/507 499/589/499 514/605/514
f 516/607/516 506/597/506 511/602/511
f 510/601/510 517/608/517 515/606/515
f 516/607/516 509/600/509 506/597/506
f 515/606/515 518/609/518 495/585/495
f 495/585/495 518/609/518 508/599/508
f 513/604/513 519/610/519 514/605/514
f 512/603/512 509/600/509 520/611/520
f 521/612/521 509/600/509 516/607/516
f 514/605/514 519/610/519 522/613/522
f 507/598/507 514/605/514 523/614/523
f 515/606/515 517/608/517 524/615/524
f 525/616/525 509/600/509 521/612/521
f 523/614/523 514/605/514 522/613/522
f 526/617/526 524/615/524 517/608/517
f 524/615/524 518/609/518 515/606/515
f 519/610/519 527/618/527 522/613/522
f 518/609/518 524/615/524 528/619/528
f 529/620/529 521/612/521 530/621/530
f 508/599/508 531/622/531 532/623/532
f 533/624/533 530/621/530 521/612/521
f 508/599/508 518/609/518 531/622/531
f 518/609/518 528/619/528 531/622/531
f 534/625/534 527/618/527 535/626/535
f 527/618/527 534/625/534 522/613/522
f 522/613/522 536/627/536 523/614/523
f 522/613/522 534/625/534 536/627/536
f 530/621/530 533/624/533 537/628/537
f 524/615/524 526/617/526 538/629/538
f 528/619/528 524/615/524 539/630/539
f 539/630/539 524/615/524 538/629/538
f 528/619/528 539/630/539 531/622/531
f 529/620/529 530/621/530 537/628/537
f 534/625/534 540/631/540 536/627/536
f 541/632/541 529/620/529 537/628/537
f 535/626/535 542/633/542 534/625/534
f 538/629/538 543/634/543 539/630/539
f 534/625/534 542/633/542 544/635/544
f 539/630/539 543/634/543 545/636/545
f 537/628/537 546/637/546 541/632/541
f 534/625/534 544/635/544 540/631/540
f 541/632/541 546/637/546 547/638/547
f 544/635/544 542/633/542 548/639/548
f 549/640/549 550/641/550 551/642/551
f 551/642/551 548/639/548 542/633/542
f 552/643/552 544/635/544 548/639/548
f 544/635/544 552/643/552 540/631/540
f 553/644/553 547/638/547 554/645/554
f 550/641/550 555/646/555 551/642/551
f 556/647/556 540/631/540 552/643/552
f 546/637/546 557/648/557 547/638/547
f 553/644/553 554/645/554 555/646/555
f 554/645/554 547/638/547 557/648/557
f 558/649/558 551/642/551 555/646/555
f 558/649/558 555/646/555 554/645/554
f 559/650/559 554/645/554 557/648/557
f 551/642/551 552/643/552 548/639/548
f 551/642/551 558/649/558 552/643/552
f 559/650/559 558/649/558 554/645/554
f 477/564/477 353/560/353 476/562/476
f 553/644/553 541/632/541 547/638/547
f 542/633/542 549/640/549 551/642/551
f 382/651/382 386/652/386 383/653/383
f 560/654/560 386/652/386 382/651/382
f 561/655/561 391/656/391 386/652/386
f 382/651/382 562/657/562 560/654/560
f 386/652/386 560/654/560 561/655/561
f 382/651/382 563/658/563 562/657/562
f 561/655/561 560/654/560 564/659/564
f 560/654/560 562/657/562 564/659/564
f 562/657/562 563/658/563 565/660/565
f 566/661/566 391/656/391 561/655/561
f 391/656/391 566/661/566 390/662/390
f 562/657/562 567/663/567 564/659/564
f 390/662/390 566/661/566 403/664/403
f 568/665/568 562/657/562 565/660/565
f 566/661/566 561/655/561 569/666/569
f 570/667/570 403/664/403 571/668/571
f 562/657/562 568/665/568 567/663/567
f 566/661/566 569/666/569 403/664/403
f 403/664/403 572/669/572 571/668/571
f 564/659/564 569/666/569 561/655/561
f 403/664/403 569/666/569 572/669/572
f 568/665/568 565/660/565 573/670/573
f 571/668/571 572/669/572 574/671/574
f 564/659/564 567/663/567 575/672/575
f 575/672/575 569/666/569 564/659/564
f 572/669/572 569/666/569 576/673/576
f 569/666/569 575/672/575 577/674/577
f 578/675/578 569/666/569 577/674/577
f 575/672/575 567/663/567 579/676/579
f 576/673/576 569/666/569 578/675/578
f 577/674/577 575/672/575 579/676/579
f 580/677/580 572/669/572 576/673/576
f 581/678/581 568/665/568 573/670/573
f 580/677/580 576/673/576 582/679/582
f 583/680/583 577/674/577 579/676/579
f 584/681/584 568/665/568 581/678/581
f 567/663/567 568/665/568 584/681/584
f 585/682/585 567/663/567 584/681/584
f 580/677/580 582/679/582 586/683/586
f 579/676/579 567/663/567 585/682/585
f 583/680/583 579/676/579 587/684/587
f 587/684/587 579/676/579 585/682/585
f 586/683/586 582/679/582 588/685/588
f 587/684/587 589/686/589 583/680/583
f 588/685/588 582/679/582 590/687/590
f 591/688/591 585/682/585 592/689/592
f 585/682/585 591/688/591 587/684/587
f 584/681/584 592/689/592 585/682/585
f 593/690/593 594/691/594 589/686/589
f 595/692/595 586/683/586 588/685/588
f 590/687/590 594/691/594 593/690/593
f 596/693/596 589/686/589 587/684/587
f 588/685/588 590/687/590 593/690/593
f 596/693/596 587/684/587 591/688/591
f 584/681/584 581/678/581 597/694/597
f 598/695/598 586/683/586 595/692/595
f 593/690/593 589/686/589 596/693/596
f 599/696/599 592/689/592 584/681/584
f 584/681/584 597/694/597 599/696/599
f 600/697/600 595/692/595 588/685/588
f 592/689/592 599/696/599 591/688/591
f 601/698/601 596/693/596 591/688/591
f 593/690/593 596/693/596 601/698/601
f 591/688/591 599/696/599 602/699/602
f 601/698/601 591/688/591 602/699/602
f 595/692/595 600/697/600 603/700/603
f 593/690/593 601/698/601 600/697/600
f 595/692/595 603/700/603 604/701/604
f 597/694/597 605/702/605 606/703/606
f 599/696/599 597/694/597 606/703/606
f 602/699/602 607/704/607 601/698/601
f 601/698/601 603/700/603 600/697/600
f 606/703/606 608/705/608 599/696/599
f 602/699/602 599/696/599 608/705/608
f 602/699/602 608/705/608 607/704/607
f 604/701/604 603/700/603 609/706/609
f 607/704/607 610/707/610 601/698/601
f 601/698/601 610/707/610 603/700/603
f 606/703/606 605/702/605 611/708/611
f 609/706/609 603/700/603 612/709/612
f 613/710/613 610/707/610 607/704/607
f 608/705/608 614/711/614 607/704/607
f 606/703/606 611/708/611 608/705/608
f 610/707/610 612/709/612 603/700/603
f 613/710/613 607/704/607 614/711/614
f 608/705/608 611/708/611 614/711/614
f 610/707/610 613/710/613 615/712/615
f 616/713/616 614/711/614 611/708/611
f 614/711/614 615/712/615 613/710/613
f 615/712/615 614/711/614 617/714/617
f 618/715/618 610/707/610 615/712/615
f 618/715/618 615/712/615 617/714/617
f 610/707/610 618/715/618 612/709/612
f 617/714/617 614/711/614 616/713/616
f 611/708/611 619/716/619 616/713/616
f 619/716/619 611/708/611 620/717/620
f 609/706/609 612/709/612 621/718/621
f 617/714/617 616/713/616 622/719/622
f 617/714/617 623/720/623 618/715/618
f 612/709/612 618/715/618 621/718/621
f 619/716/619 620/717/620 624/721/624
f 622/719/622 623/720/623 617/714/617
f 621/718/621 625/722/625 609/706/609
f 623/720/623 626/723/626 618/715/618
f 618/715/618 626/723/626 621/718/621
f 626/723/626 627/724/627 621/718/621
f 625/722/625 621/718/621 627/724/627
f 588/685/588 593/690/593 600/697/600
f 628/725/628 385/726/385 379/727/379
f 628/725/628 379/727/379 392/728/392
f 385/726/385 563/729/563 382/730/382
f 563/729/563 385/726/385 628/725/628
f 563/729/563 628/725/628 629/731/629
f 400/732/400 628/725/628 392/728/392
f 630/733/630 628/725/628 400/732/400
f 401/734/401 631/735/631 400/732/400
f 629/731/629 565/736/565 563/729/563
f 630/733/630 400/732/400 631/735/631
f 629/731/629 628/725/628 632/737/632
f 631/735/631 633/738/633 630/733/630
f 407/739/407 631/735/631 401/734/401
f 630/733/630 632/737/632 628/725/628
f 632/737/632 565/736/565 629/731/629
f 565/736/565 632/737/632 634/740/634
f 632/737/632 630/733/630 634/740/634
f 631/735/631 407/739/407 633/738/633
f 630/733/630 633/738/633 635/741/635
f 634/740/634 573/742/573 565/736/565
f 634/740/634 630/733/630 635/741/635
f 636/743/636 633/738/633 407/739/407
f 573/742/573 634/740/634 637/744/637
f 637/744/637 634/740/634 635/741/635
f 637/744/637 635/741/635 638/745/638
f 637/744/637 581/746/581 573/742/573
f 635/741/635 633/738/633 639/747/639
f 633/738/633 636/743/636 639/747/639
f 636/743/636 407/739/407 420/748/420
f 639/747/639 638/745/638 635/741/635
f 640/749/640 637/744/637 638/745/638
f 636/743/636 420/748/420 641/750/641
f 642/751/642 639/747/639 636/743/636
f 581/746/581 637/744/637 640/749/640
f 636/743/636 641/750/641 642/751/642
f 638/745/638 639/747/639 643/752/643
f 641/750/641 420/748/420 425/753/425
f 639/747/639 642/751/642 643/752/643
f 640/749/640 638/745/638 644/754/644
f 641/750/641 425/753/425 645/755/645
f 644/754/644 638/745/638 643/752/643
f 643/752/643 642/751/642 646/756/646
f 581/746/581 640/749/640 647/757/647
f 642/751/642 641/750/641 645/755/645
f 642/751/642 645/755/645 646/756/646
f 581/746/581 647/757/647 597/758/597
f 644/754/644 643/752/643 648/759/648
f 649/760/649 640/749/640 644/754/644
f 649/760/649 647/757/647 640/749/640
f 649/760/649 644/754/644 648/759/648
f 643/752/643 646/756/646 648/759/648
f 645/755/645 425/753/425 650/761/650
f 597/758/597 647/757/647 605/762/605
f 425/753/425 429/763/429 439/764/439
f 605/762/605 647/757/647 649/760/649
f 646/756/646 645/755/645 651/765/651
f 650/761/650 651/765/651 645/755/645
f 425/753/425 439/764/439 650/761/650
f 648/759/648 646/756/646 652/766/652
f 646/756/646 651/765/651 652/766/652
f 651/765/651 650/761/650 653/767/653
f 429/763/429 434/768/434 439/764/439
f 648/759/648 654/769/654 649/760/649
f 605/762/605 649/760/649 654/769/654
f 651/765/651 653/767/653 652/766/652
f 655/770/655 648/759/648 652/766/652
f 439/764/439 445/771/445 650/761/650
f 653/767/653 650/761/650 656/772/656
f 654/769/654 648/759/648 655/770/655
f 655/770/655 652/766/652 657/773/657
f 653/767/653 657/773/657 652/766/652
f 650/761/650 445/771/445 656/772/656
f 658/774/658 611/775/611 605/762/605
f 658/774/658 605/762/605 654/769/654
f 653/767/653 656/772/656 659/776/659
f 654/769/654 655/770/655 658/774/658
f 444/777/444 656/772/656 445/771/445
f 653/767/653 659/776/659 657/773/657
f 655/770/655 657/773/657 660/778/660
f 661/779/661 659/776/659 656/772/656
f 656/772/656 444/777/444 661/779/661
f 655/770/655 660/778/660 662/780/662
f 658/774/658 655/770/655 663/781/663
f 658/774/658 620/782/620 611/775/611
f 658/774/658 663/781/663 620/782/620
f 657/773/657 659/776/659 664/783/664
f 655/770/655 662/780/662 663/781/663
f 659/776/659 661/779/661 664/783/664
f 471/784/471 661/779/661 444/777/444
f 657/773/657 664/783/664 660/778/660
f 624/785/624 620/782/620 663/781/663
f 624/785/624 663/781/663 662/780/662
f 665/786/665 666/787/666 667/788/667
f 667/788/667 666/787/666 668/789/668
f 669/790/669 670/791/670 671/792/671
f 672/793/672 667/788/667 668/789/668
f 673/794/673 674/795/674 670/791/670
f 670/791/670 669/790/669 673/794/673
f 671/792/671 670/791/670 675/796/675
f 665/786/665 676/797/676 666/787/666
f 677/798/677 668/789/668 666/787/666
f 667/788/667 678/799/678 665/786/665
f 672/793/672 668/789/668 679/800/679
f 669/790/669 680/801/680 673/794/673
f 681/802/681 682/803/682 324/804/324
f 324/804/324 682/803/682 683/805/683
f 323/806/323 324/804/324 683/805/683
f 669/790/669 671/792/671 676/797/676
f 684/807/684 666/787/666 676/797/676
f 672/793/672 678/799/678 667/788/667
f 676/797/676 680/801/680 669/790/669
f 681/802/681 685/808/685 682/803/682
f 324/804/324 351/809/351 681/802/681
f 686/810/686 323/806/323 683/805/683
f 686/810/686 351/809/351 323/806/323
f 687/811/687 677/798/677 666/787/666
f 676/797/676 671/792/671 688/812/688
f 687/811/687 666/787/666 684/807/684
f 681/802/681 351/809/351 689/813/689
f 665/786/665 690/814/690 676/797/676
f 676/797/676 690/814/690 680/801/680
f 678/799/678 691/815/691 665/786/665
f 689/813/689 351/809/351 686/810/686
f 692/816/692 689/813/689 686/810/686
f 687/811/687 684/807/684 693/817/693
f 680/801/680 692/816/692 686/810/686
f 686/810/686 694/818/694 680/801/680
f 673/794/673 695/819/695 674/795/674
f 680/801/680 695/819/695 673/794/673
f 684/807/684 676/797/676 688/812/688
f 696/820/696 678/799/678 672/793/672
f 683/805/683 682/803/682 697/821/697
f 698/822/698 681/802/681 689/813/689
f 694/818/694 686/810/686 683/805/683
f 692/816/692 680/801/680 690/814/690
f 688/812/688 671/792/671 675/796/675
f 694/818/694 695/819/695 680/801/680
f 693/817/693 699/823/699 687/811/687
f 685/808/685 700/824/700 682/803/682
f 665/786/665 701/825/701 690/814/690
f 701/825/701 665/786/665 691/815/691
f 702/826/702 684/807/684 688/812/688
f 696/820/696 672/793/672 703/827/703
f 700/824/700 697/821/697 682/803/682
f 697/821/697 704/828/704 683/805/683
f 690/814/690 701/825/701 692/816/692
f 702/826/702 693/817/693 684/807/684
f 685/808/685 705/829/705 700/824/700
f 706/830/706 698/822/698 689/813/689
f 707/831/707 689/813/689 692/816/692
f 706/830/706 689/813/689 707/831/707
f 708/832/708 674/795/674 695/819/695
f 701/825/701 707/831/707 692/816/692
f 709/833/709 681/802/681 698/822/698
f 708/832/708 694/818/694 683/805/683
f 694/818/694 708/832/708 695/819/695
f 696/820/696 710/834/710 678/799/678
f 711/835/711 709/833/709 698/822/698
f 698/822/698 706/830/706 711/835/711
f 712/836/712 705/829/705 685/808/685
f 685/808/685 681/802/681 713/837/713
f 713/837/713 681/802/681 709/833/709
f 691/815/691 707/831/707 701/825/701
f 712/836/712 685/808/685 713/837/713
f 708/832/708 683/805/683 704/828/704
f 706/830/706 707/831/707 714/838/714
f 714/838/714 707/831/707 691/815/691
f 691/815/691 678/799/678 715/839/715
f 700/824/700 716/840/716 717/841/717
f 700/824/700 705/829/705 716/840/716
f 715/839/715 678/799/678 710/834/710
f 700/824/700 717/841/717 697/821/697
f 706/830/706 718/842/718 711/835/711
f 706/830/706 719/843/719 718/842/718
f 709/833/709 711/835/711 720/844/720
f 713/837/713 709/833/709 720/844/720
f 711/835/711 718/842/718 721/845/721
f 691/815/691 715/839/715 714/838/714
f 705/829/705 722/846/722 716/840/716
f 720/844/720 711/835/711 721/845/721
f 723/847/723 705/829/705 712/836/712
f 705/829/705 723/847/723 722/846/722
f 724/848/724 722/846/722 723/847/723
f 723/847/723 725/849/725 724/848/724
f 675/850/675 670/851/670 674/852/674
f 674/852/674 726/853/726 675/850/675
f 674/852/674 727/854/727 726/853/726
f 728/855/728 675/850/675 726/853/726
f 708/856/708 727/854/727 674/852/674
f 688/857/688 675/850/675 729/858/729
f 728/855/728 726/853/726 730/859/730
f 702/860/702 688/857/688 729/858/729
f 727/854/727 730/859/730 726/853/726
f 731/861/731 693/862/693 702/860/702
f 729/858/729 675/850/675 728/855/728
f 732/863/732 693/862/693 731/861/731
f 731/861/731 702/860/702 729/858/729
f 733/864/733 732/863/732 731/861/731
f 734/865/734 708/856/708 704/866/704
f 708/856/708 734/865/734 727/854/727
f 734/865/734 735/867/735 727/854/727
f 730/859/730 727/854/727 735/867/735
f 728/855/728 730/859/730 736/868/736
f 728/855/728 736/868/736 729/858/729
f 737/869/737 731/861/731 729/858/729
f 734/865/734 704/866/704 738/870/738
f 736/868/736 730/859/730 735/867/735
f 737/869/737 733/864/733 731/861/731
f 704/866/704 697/871/697 717/872/717
f 704/866/704 717/872/717 739/873/739
f 734/865/734 738/870/738 735/867/735
f 729/858/729 736/868/736 737/869/737
f 737/869/737 736/868/736 740/874/740
f 741/875/741 742/876/742 733/864/733
f 737/869/737 741/875/741 733/864/733
f 738/870/738 704/866/704 739/873/739
f 735/867/735 743/877/743 736/868/736
f 738/870/738 744/878/744 735/867/735
f 736/868/736 745/879/745 740/874/740
f 737/869/737 740/874/740 741/875/741
f 743/877/743 735/867/735 744/878/744
f 743/877/743 745/879/745 736/868/736
f 746/880/746 738/870/738 739/873/739
f 744/878/744 738/870/738 747/881/747
f 744/878/744 748/882/748 743/877/743
f 749/883/749 743/877/743 748/882/748
f 743/877/743 749/883/749 745/879/745
f 750/884/750 742/876/742 741/875/741
f 746/880/746 747/881/747 738/870/738
f 751/885/751 744/878/744 747/881/747
f 744/878/744 751/885/751 748/882/748
f 740/874/740 752/886/752 741/875/741
f 741/875/741 752/886/752 750/884/750
f 740/874/740 745/879/745 753/887/753
f 745/879/745 749/883/749 753/887/753
f 752/886/752 740/874/740 753/887/753
f 749/883/749 748/882/748 754/888/754
f 755/889/755 749/883/749 754/888/754
f 753/887/753 749/883/749 755/889/755
f 751/885/751 754/888/754 748/882/748
f 746/880/746 756/890/756 747/881/747
f 747/881/747 756/890/756 751/885/751
f 750/884/750 752/886/752 757/891/757
f 758/892/758 751/885/751 756/890/756
f 751/885/751 758/892/758 754/888/754
f 746/880/746 759/893/759 756/890/756
f 753/887/753 755/889/755 760/894/760
f 758/892/758 761/895/761 754/888/754
f 762/896/762 757/891/757 752/886/752
f 753/887/753 762/896/762 752/886/752
f 755/889/755 754/888/754 763/897/763
f 762/896/762 764/898/764 757/891/757
f 760/894/760 755/889/755 763/897/763
f 760/894/760 762/896/762 753/887/753
f 763/897/763 754/888/754 761/895/761
f 756/890/756 765/899/765 758/892/758
f 756/890/756 759/893/759 765/899/765
f 765/899/765 766/900/766 758/892/758
f 764/898/764 767/901/767 768/902/768
f 761/895/761 769/903/769 763/897/763
f 758/892/758 766/900/766 761/895/761
f 770/904/770 760/894/760 763/897/763
f 760/894/760 771/905/771 762/896/762
f 543/906/543 768/902/768 767/901/767
f 770/904/770 763/897/763 772/907/772
f 771/905/771 760/894/760 770/904/770
f 771/905/771 764/898/764 762/896/762
f 766/900/766 769/903/769 761/895/761
f 772/907/772 763/897/763 769/903/769
f 766/900/766 765/899/765 773/908/773
f 771/905/771 767/901/767 764/898/764
f 769/903/769 774/909/774 772/907/772
f 759/893/759 773/908/773 765/899/765
f 773/908/773 759/893/759 775/910/775
f 772/907/772 776/911/776 770/904/770
f 773/908/773 769/903/769 766/900/766
f 776/911/776 771/905/771 770/904/770
f 767/901/767 545/912/545 543/906/543
f 776/911/776 772/907/772 777/913/777
f 771/905/771 776/911/776 778/914/778
f 778/914/778 767/901/767 771/905/771
f 774/909/774 777/913/777 772/907/772
f 767/901/767 778/914/778 545/912/545
f 774/909/774 769/903/769 779/915/779
f 780/916/780 773/908/773 775/910/775
f 773/908/773 781/917/781 769/903/769
f 779/915/779 769/903/769 781/917/781
f 773/908/773 780/916/780 781/917/781
f 782/918/782 783/919/783 784/920/784
f 784/920/784 783/919/783 785/921/785
f 782/918/782 786/922/786 783/919/783
f 786/922/786 787/923/787 783/919/783
f 786/922/786 782/918/782 788/924/788
f 783/919/783 787/923/787 789/925/789
f 785/921/785 783/919/783 790/926/790
f 789/925/789 790/926/790 783/919/783
f 785/921/785 791/927/791 784/920/784
f 782/918/782 792/928/792 788/924/788
f 782/918/782 784/920/784 792/928/792
f 793/929/793 794/930/794 795/931/795
f 794/930/794 796/932/796 795/931/795
f 797/933/797 798/934/798 799/935/799
f 797/933/797 799/935/799 786/922/786
f 788/924/788 797/933/797 786/922/786
f 799/935/799 800/936/800 786/922/786
f 785/921/785 790/926/790 801/937/801
f 802/938/802 789/925/789 787/923/787
f 803/939/803 795/931/795 796/932/796
f 788/924/788 804/940/804 797/933/797
f 787/923/787 786/922/786 805/941/805
f 793/929/793 806/942/806 807/943/807
f 806/942/806 793/929/793 795/931/795
f 800/936/800 805/941/805 786/922/786
f 787/923/787 805/941/805 802/938/802
f 793/929/793 808/944/808 809/945/809
f 810/946/810 795/931/795 803/939/803
f 793/929/793 809/945/809 794/930/794
f 794/930/794 809/945/809 811/947/811
f 792/928/792 804/940/804 788/924/788
f 812/948/812 784/920/784 791/927/791
f 795/931/795 813/949/813 806/942/806
f 813/949/813 795/931/795 810/946/810
f 796/932/796 794/930/794 814/950/814
f 791/927/791 785/921/785 815/951/815
f 809/945/809 808/944/808 816/952/816
f 814/950/814 794/930/794 811/947/811
f 800/936/800 799/935/799 817/953/817
f 818/954/818 810/946/810 803/939/803
f 793/929/793 819/955/819 808/944/808
f 809/945/809 816/952/816 820/956/820
f 820/956/820 811/947/811 809/945/809
f 814/950/814 797/933/797 804/940/804
f 797/933/797 821/957/821 798/934/798
f 815/951/815 785/921/785 801/937/801
f 819/955/819 793/929/793 807/943/807
f 796/932/796 814/950/814 822/958/822
f 822/958/822 814/950/814 804/940/804
f 797/933/797 814/950/814 821/957/821
f 800/936/800 817/953/817 805/941/805
f 818/954/818 813/949/813 810/946/810
f 803/939/803 796/932/796 822/958/822
f 814/950/814 811/947/811 821/957/821
f 798/934/798 821/957/821 823/959/823
f 817/953/817 802/938/802 805/941/805
f 822/958/822 804/940/804 792/928/792
f 824/960/824 818/954/818 803/939/803
f 784/920/784 825/961/825 792/928/792
f 822/958/822 792/928/792 825/961/825
f 784/920/784 812/948/812 825/961/825
f 826/962/826 803/939/803 822/958/822
f 827/963/827 820/956/820 816/952/816
f 826/962/826 822/958/822 825/961/825
f 828/964/828 820/956/820 827/963/827
f 821/957/821 811/947/811 823/959/823
f 823/959/823 811/947/811 828/964/828
f 820/956/820 828/964/828 811/947/811
f 829/965/829 824/960/824 803/939/803
f 826/962/826 830/966/830 803/939/803
f 826/962/826 825/961/825 831/967/831
f 826/962/826 831/967/831 830/966/830
f 829/965/829 803/939/803 830/966/830
f 484/968/484 481/969/481 480/970/480
f 483/971/483 484/968/484 485/972/485
f 832/973/832 484/968/484 480/970/480
f 484/968/484 832/973/832 485/972/485
f 832/973/832 480/970/480 491/974/491
f 485/972/485 832/973/832 493/975/493
f 832/973/832 491/974/491 833/976/833
f 832/973/832 833/976/833 493/975/493
f 497/977/497 833/976/833 491/974/491
f 834/978/834 833/976/833 497/977/497
f 493/975/493 833/976/833 834/978/834
f 834/978/834 499/979/499 493/975/493
f 834/978/834 497/977/497 501/980/501
f 499/979/499 834/978/834 513/981/513
f 513/981/513 834/978/834 501/980/501
f 508/982/508 513/981/513 501/980/501
f 519/983/519 513/981/513 508/982/508
f 508/982/508 835/984/835 519/983/519
f 835/984/835 508/982/508 532/985/532
f 532/985/532 535/986/535 835/984/835
f 835/984/835 527/987/527 519/983/519
f 535/986/535 532/985/532 531/988/531
f 527/987/527 835/984/835 535/986/535
f 535/986/535 531/988/531 836/989/836
f 535/986/535 836/989/836 542/990/542
f 836/989/836 531/988/531 539/991/539
f 836/989/836 539/991/539 545/992/545
f 668/993/668 677/994/677 679/995/679
f 677/994/677 687/996/687 837/997/837
f 677/994/677 837/997/837 679/995/679
f 838/998/838 672/999/672 679/995/679
f 837/997/837 687/996/687 699/1000/699
f 837/997/837 839/1001/839 679/995/679
f 838/998/838 679/995/679 839/1001/839
f 703/1002/703 672/999/672 840/1003/840
f 732/1004/732 699/1000/699 693/1005/693
f 672/999/672 838/998/838 840/1003/840
f 837/997/837 699/1000/699 841/1006/841
f 699/1000/699 732/1004/732 841/1006/841
f 842/1007/842 838/998/838 839/1001/839
f 843/1008/843 839/1001/839 837/997/837
f 841/1006/841 843/1008/843 837/997/837
f 844/1009/844 843/1008/843 841/1006/841
f 703/1002/703 840/1003/840 845/1010/845
f 732/1004/732 733/1011/733 841/1006/841
f 840/1003/840 838/998/838 846/1012/846
f 842/1007/842 839/1001/839 843/1008/843
f 847/1013/847 846/1012/846 838/998/838
f 843/1008/843 844/1009/844 842/1007/842
f 840/1003/840 846/1012/846 848/1014/848
f 733/1011/733 844/1009/844 841/1006/841
f 845/1010/845 840/1003/840 848/1014/848
f 504/1015/504 847/1013/847 842/1007/842
f 733/1011/733 742/1016/742 844/1009/844
f 849/1017/849 848/1014/848 846/1012/846
f 504/1015/504 846/1012/846 847/1013/847
f 849/1017/849 845/1010/845 848/1014/848
f 844/1009/844 742/1016/742 850/1018/850
f 844/1009/844 850/1018/850 842/1007/842
f 510/1019/510 504/1015/504 842/1007/842
f 504/1015/504 505/1020/505 846/1012/846
f 505/1020/505 849/1017/849 846/1012/846
f 510/1019/510 842/1007/842 850/1018/850
f 505/1020/505 512/1021/512 849/1017/849
f 742/1016/742 851/1022/851 850/1018/850
f 750/1023/750 851/1022/851 742/1016/742
f 512/1021/512 520/1024/520 849/1017/849
f 520/1024/520 845/1010/845 849/1017/849
f 517/1025/517 510/1019/510 850/1018/850
f 851/1022/851 517/1025/517 850/1018/850
f 852/1026/852 517/1025/517 851/1022/851
f 520/1024/520 853/1027/853 845/1010/845
f 851/1022/851 750/1023/750 852/1026/852
f 750/1023/750 757/1028/757 852/1026/852
f 525/1029/525 853/1027/853 520/1024/520
f 517/1025/517 852/1026/852 526/1030/526
f 764/1031/764 852/1026/852 757/1028/757
f 852/1026/852 764/1031/764 768/1032/768
f 768/1032/768 526/1030/526 852/1026/852
f 525/1029/525 854/1033/854 853/1027/853
f 529/1034/529 854/1033/854 525/1029/525
f 526/1030/526 768/1032/768 538/1035/538
f 538/1035/538 768/1032/768 543/1036/543
f 855/1037/855 854/1033/854 529/1034/529
f 856/1038/856 854/1033/854 855/1037/855
f 541/1039/541 855/1037/855 529/1034/529
f 847/1013/847 838/998/838 842/1007/842
f 857/1040/857 367/1041/367 365/1042/365
f 365/1042/365 371/1043/371 857/1040/857
f 371/1043/371 858/1044/858 857/1040/857
f 859/1045/859 367/1041/367 857/1040/857
f 859/1045/859 374/1046/374 367/1041/367
f 860/1047/860 374/1046/374 859/1045/859
f 372/1048/372 861/1049/861 371/1043/371
f 862/1050/862 857/1040/857 858/1044/858
f 863/1051/863 371/1043/371 861/1049/861
f 858/1044/858 371/1043/371 863/1051/863
f 372/1048/372 377/1052/377 861/1049/861
f 859/1045/859 857/1040/857 860/1047/860
f 578/1053/578 862/1050/862 858/1044/858
f 576/1054/576 858/1044/858 863/1051/863
f 860/1047/860 864/1055/864 374/1046/374
f 577/1056/577 862/1050/862 578/1053/578
f 576/1054/576 578/1053/578 858/1044/858
f 865/1057/865 576/1054/576 863/1051/863
f 857/1040/857 866/1058/866 860/1047/860
f 861/1049/861 865/1057/865 863/1051/863
f 867/1059/867 861/1049/861 377/1052/377
f 857/1040/857 862/1050/862 868/1060/868
f 577/1056/577 583/1061/583 862/1050/862
f 582/1062/582 576/1054/576 865/1057/865
f 868/1060/868 866/1058/866 857/1040/857
f 864/1055/864 860/1047/860 869/1063/869
f 861/1049/861 867/1059/867 865/1057/865
f 870/1064/870 582/1062/582 865/1057/865
f 871/1065/871 864/1055/864 869/1063/869
f 869/1063/869 860/1047/860 866/1058/866
f 583/1061/583 868/1060/868 862/1050/862
f 870/1064/870 865/1057/865 867/1059/867
f 589/1066/589 868/1060/868 583/1061/583
f 870/1064/870 590/1067/590 582/1062/582
f 867/1059/867 377/1052/377 872/1068/872
f 870/1064/870 873/1069/873 590/1067/590
f 594/1070/594 868/1060/868 589/1066/589
f 873/1069/873 594/1070/594 590/1067/590
f 867/1059/867 874/1071/874 870/1064/870
f 594/1070/594 875/1072/875 868/1060/868
f 874/1071/874 873/1069/873 870/1064/870
f 872/1068/872 874/1071/874 867/1059/867
f 594/1070/594 876/1073/876 875/1072/875
f 874/1071/874 876/1073/876 873/1069/873
f 875/1072/875 866/1058/866 868/1060/868
f 876/1073/876 594/1070/594 873/1069/873
f 871/1065/871 869/1063/869 877/1074/877
f 878/1075/878 879/1076/879 880/1077/880
f 874/1071/874 872/1068/872 881/1078/881
f 875/1072/875 882/1079/882 866/1058/866
f 882/1079/882 869/1063/869 866/1058/866
f 874/1071/874 883/1080/883 876/1073/876
f 884/1081/884 877/1074/877 869/1063/869
f 869/1063/869 882/1079/882 884/1081/884
f 885/1082/885 533/1083/533 886/1084/886
f 879/1076/879 878/1075/878 887/1085/887
f 874/1071/874 888/1086/888 883/1080/883
f 888/1086/888 874/1071/874 881/1078/881
f 884/1081/884 889/1087/889 877/1074/877
f 883/1080/883 890/1088/890 876/1073/876
f 891/1089/891 875/1072/875 876/1073/876
f 882/1079/882 892/1090/892 884/1081/884
f 892/1090/892 882/1079/882 875/1072/875
f 533/1083/533 885/1082/885 893/1091/893
f 890/1088/890 883/1080/883 888/1086/888
f 887/1085/887 536/1092/536 894/1093/894
f 876/1073/876 890/1088/890 891/1089/891
f 889/1087/889 884/1081/884 895/1094/895
f 533/1083/533 893/1091/893 896/1095/896
f 533/1083/533 896/1095/896 537/1096/537
f 892/1090/892 895/1094/895 884/1081/884
f 892/1090/892 875/1072/875 897/1097/897
f 891/1089/891 897/1097/897 875/1072/875
f 894/1093/894 536/1092/536 898/1098/898
f 899/1099/899 888/1086/888 881/1078/881
f 890/1088/890 888/1086/888 899/1099/899
f 900/1100/900 896/1095/896 893/1091/893
f 898/1098/898 536/1092/536 901/1101/901
f 892/1090/892 902/1102/902 895/1094/895
f 891/1089/891 903/1103/903 897/1097/897
f 891/1089/891 890/1088/890 903/1103/903
f 890/1088/890 899/1099/899 904/1104/904
f 546/1105/546 537/1096/537 896/1095/896
f 897/1097/897 905/1106/905 892/1090/892
f 540/1107/540 556/1108/556 536/1092/536
f 556/1108/556 901/1101/901 536/1092/536
f 892/1090/892 905/1106/905 902/1102/902
f 890/1088/890 904/1104/904 903/1103/903
f 896/1095/896 900/1100/900 546/1105/546
f 906/1109/906 901/1101/901 556/1108/556
f 900/1100/900 907/1110/907 546/1105/546
f 908/1111/908 909/1112/909 902/1102/902
f 902/1102/902 905/1106/905 908/1111/908
f 557/1113/557 546/1105/546 907/1110/907
f 906/1109/906 556/1108/556 552/1114/552
f 907/1110/907 909/1112/909 910/1115/910
f 911/1116/911 912/1117/912 903/1103/903
f 910/1115/910 557/1113/557 907/1110/907
f 909/1112/909 908/1111/908 913/1118/913
f 913/1118/913 908/1111/908 912/1117/912
f 905/1106/905 897/1097/897 908/1111/908
f 912/1117/912 908/1111/908 897/1097/897
f 897/1097/897 903/1103/903 912/1117/912
f 913/1118/913 910/1115/910 909/1112/909
f 914/1119/914 559/1120/559 910/1115/910
f 914/1119/914 910/1115/910 913/1118/913
f 557/1113/557 910/1115/910 559/1120/559
f 559/1120/559 914/1119/914 558/1121/558
f 558/1121/558 906/1109/906 552/1114/552
f 914/1119/914 906/1109/906 558/1121/558
f 894/1093/894 879/1076/879 887/1085/887
f 904/1104/904 911/1116/911 903/1103/903
f 915/1122/915 916/1123/916 917/1124/917
f 918/1125/918 716/1126/716 917/1124/917
f 918/1125/918 717/1127/717 716/1126/716
f 716/1126/716 915/1122/915 917/1124/917
f 919/1128/919 717/1127/717 918/1125/918
f 915/1122/915 920/1129/920 916/1123/916
f 919/1128/919 921/1130/921 717/1127/717
f 922/1131/922 921/1130/921 919/1128/919
f 717/1127/717 921/1130/921 923/1132/923
f 915/1122/915 924/1133/924 920/1129/920
f 922/1131/922 923/1132/923 921/1130/921
f 925/1134/925 923/1132/923 922/1131/922
f 722/1135/722 915/1122/915 716/1126/716
f 717/1127/717 923/1132/923 739/1136/739
f 724/1137/724 915/1122/915 722/1135/722
f 926/1138/926 923/1132/923 925/1134/925
f 927/1139/927 924/1133/924 915/1122/915
f 915/1122/915 724/1137/724 725/1140/725
f 725/1140/725 927/1139/927 915/1122/915
f 926/1138/926 928/1141/928 923/1132/923
f 926/1138/926 925/1134/925 929/1142/929
f 746/1143/746 739/1136/739 923/1132/923
f 930/1144/930 924/1133/924 927/1139/927
f 928/1141/928 746/1143/746 923/1132/923
f 931/1145/931 932/1146/932 930/1144/930
f 930/1144/930 927/1139/927 931/1145/931
f 933/1147/933 725/1140/725 723/1148/723
f 927/1139/927 725/1140/725 931/1145/931
f 926/1138/926 929/1142/929 934/1149/934
f 931/1145/931 935/1150/935 932/1146/932
f 928/1141/928 926/1138/926 936/1151/936
f 746/1143/746 928/1141/928 937/1152/937
f 934/1149/934 936/1151/936 926/1138/926
f 938/1153/938 935/1150/935 931/1145/931
f 933/1147/933 939/1154/939 725/1140/725
f 939/1154/939 931/1145/931 725/1140/725
f 746/1143/746 937/1152/937 759/1155/759
f 931/1145/931 939/1154/939 938/1153/938
f 936/1151/936 937/1152/937 928/1141/928
f 939/1154/939 933/1147/933 940/1156/940
f 937/1152/937 775/1157/775 759/1155/759
f 937/1152/937 936/1151/936 775/1157/775
f 938/1153/938 939/1154/939 940/1156/940
f 941/1158/941 938/1153/938 940/1156/940
f 775/1157/775 936/1151/936 942/1159/942
f 942/1159/942 936/1151/936 943/1160/943
f 775/1157/775 942/1159/942 944/1161/944
f 945/1162/945 942/1159/942 943/1160/943
f 780/1163/780 775/1157/775 944/1161/944
f 946/1164/946 942/1159/942 945/1162/945
f 944/1161/944 942/1159/942 946/1164/946
f 944/1161/944 947/1165/947 780/1163/780
f 948/1166/948 949/1167/949 950/1168/950
f 947/1165/947 944/1161/944 951/1169/951
f 952/1170/952 953/1171/953 947/1165/947
f 947/1165/947 951/1169/951 952/1170/952
f 952/1170/952 954/1172/954 953/1171/953
f 949/1167/949 948/1166/948 954/1172/954
f 946/1164/946 951/1169/951 944/1161/944
f 952/1170/952 955/1173/955 954/1172/954
f 951/1169/951 955/1173/955 952/1170/952
f 956/1174/956 949/1167/949 954/1172/954
f 951/1169/951 946/1164/946 957/1175/957
f 955/1173/955 956/1174/956 954/1172/954
f 951/1169/951 957/1175/957 958/1176/958
f 956/1174/956 955/1173/955 959/1177/959
f 955/1173/955 951/1169/951 958/1176/958
f 955/1173/955 958/1176/958 959/1177/959
f 790/1178/790 960/1179/960 801/1180/801
f 790/1178/790 789/1181/789 961/1182/961
f 962/1183/962 801/1180/801 960/1179/960
f 815/1184/815 801/1180/801 962/1183/962
f 790/1178/790 963/1185/963 960/1179/960
f 790/1178/790 961/1182/961 963/1185/963
f 962/1183/962 960/1179/960 964/1186/964
f 789/1181/789 965/1187/965 961/1182/961
f 962/1183/962 966/1188/966 815/1184/815
f 789/1181/789 967/1189/967 965/1187/965
f 962/1183/962 964/1186/964 968/1190/968
f 962/1183/962 968/1190/968 966/1188/966
f 960/1179/960 963/1185/963 969/1191/969
f 969/1191/969 964/1186/964 960/1179/960
f 964/1186/964 969/1191/969 968/1190/968
f 961/1182/961 965/1187/965 970/1192/970
f 971/1193/971 965/1187/965 967/1189/967
f 972/1194/972 969/1191/969 963/1185/963
f 972/1194/972 963/1185/963 961/1182/961
f 965/1187/965 971/1193/971 970/1192/970
f 961/1182/961 970/1192/970 972/1194/972
f 968/1190/968 973/1195/973 966/1188/966
f 966/1188/966 973/1195/973 974/1196/974
f 968/1190/968 969/1191/969 975/1197/975
f 969/1191/969 972/1194/972 976/1198/976
f 971/1193/971 977/1199/977 970/1192/970
f 977/1199/977 972/1194/972 970/1192/970
f 968/1190/968 975/1197/975 973/1195/973
f 977/1199/977 971/1193/971 978/1200/978
f 973/1195/973 975/1197/975 979/1201/979
f 975/1197/975 969/1191/969 980/1202/980
f 973/1195/973 979/1201/979 974/1196/974
f 980/1202/980 969/1191/969 976/1198/976
f 975/1197/975 980/1202/980 979/1201/979
f 981/1203/981 972/1194/972 977/1199/977
f 982/1204/982 976/1198/976 972/1194/972
f 974/1196/974 979/1201/979 983/1205/983
f 980/1202/980 984/1206/984 979/1201/979
f 981/1203/981 982/1204/982 972/1194/972
f 982/1204/982 980/1202/980 976/1198/976
f 979/1201/979 984/1206/984 983/1205/983
f 980/1202/980 982/1204/982 985/1207/985
f 980/1202/980 985/1207/985 984/1206/984
f 981/1203/981 985/1207/985 982/1204/982
f 986/1208/986 974/1196/974 983/1205/983
f 987/1209/987 986/1208/986 983/1205/983
f 983/1205/983 984/1206/984 987/1209/987
f 987/1209/987 984/1206/984 988/1210/988
f 988/1210/988 984/1206/984 985/1207/985
f 989/1211/989 987/1209/987 990/1212/990
f 987/1209/987 988/1210/988 990/1212/990
f 990/1212/990 988/1210/988 991/1213/991
f 992/1214/992 993/1215/993 994/1216/994
f 919/1217/919 994/1216/994 993/1215/993
f 919/1217/919 995/1218/995 922/1219/922
f 919/1217/919 993/1215/993 996/1220/996
f 919/1217/919 996/1220/996 995/1218/995
f 922/1219/922 995/1218/995 925/1221/925
f 996/1220/996 997/1222/997 995/1218/995
f 925/1221/925 995/1218/995 997/1222/997
f 997/1222/997 934/1223/934 925/1221/925
f 929/1224/929 925/1221/925 934/1223/934
f 997/1222/997 998/1225/998 934/1223/934
f 934/1223/934 998/1225/998 999/1226/999
f 1000/1227/1000 934/1223/934 999/1226/999
f 936/1228/936 934/1223/934 1000/1227/1000
f 936/1228/936 1000/1227/1000 943/1229/943
f 999/1226/999 1001/1230/1001 1002/1231/1002
f 1002/1231/1002 1000/1227/1000 999/1226/999
f 1000/1227/1000 1002/1231/1002 943/1229/943
f 1002/1231/1002 1001/1230/1001 1003/1232/1003
f 1003/1232/1003 1001/1230/1001 1004/1233/1004
f 1002/1231/1002 1003/1232/1003 943/1229/943
f 943/1229/943 1005/1234/1005 945/1235/945
f 1003/1232/1003 1004/1233/1004 1006/1236/1006
f 1006/1236/1006 1005/1234/1005 1003/1232/1003
f 1007/1237/1007 1008/1238/1008 949/1239/949
f 1009/1240/1009 1006/1236/1006 1010/1241/1010
f 1007/1237/1007 1011/1242/1011 1010/1241/1010
f 1007/1237/1007 949/1239/949 956/1243/956
f 1006/1236/1006 1012/1244/1012 1005/1234/1005
f 1011/1242/1011 1009/1240/1009 1010/1241/1010
f 1009/1240/1009 1012/1244/1012 1006/1236/1006
f 1009/1240/1009 1011/1242/1011 959/1245/959
f 1007/1237/1007 956/1243/956 1011/1242/1011
f 959/1245/959 1011/1242/1011 956/1243/956
f 958/1246/958 1012/1244/1012 1009/1240/1009
f 1009/1240/1009 959/1245/959 958/1246/958
f 1005/1234/1005 943/1229/943 1003/1232/1003
f 1013/1247/1013 799/1248/799 798/1249/798
f 799/1248/799 1013/1247/1013 817/1250/817
f 808/1251/808 819/1252/819 816/1253/816
f 1013/1247/1013 798/1249/798 823/1254/823
f 967/1255/967 789/1256/789 802/1257/802
f 967/1255/967 802/1257/802 1014/1258/1014
f 1015/1259/1015 817/1250/817 1013/1247/1013
f 819/1252/819 1016/1260/1016 816/1253/816
f 1016/1260/1016 819/1252/819 1017/1261/1017
f 1013/1247/1013 823/1254/823 1018/1262/1018
f 817/1250/817 1019/1263/1019 802/1257/802
f 802/1257/802 1019/1263/1019 1014/1258/1014
f 1013/1247/1013 1018/1262/1018 1015/1259/1015
f 828/1264/828 827/1265/827 1020/1266/1020
f 1021/1267/1021 1015/1259/1015 1018/1262/1018
f 1018/1262/1018 823/1254/823 1022/1268/1022
f 1015/1259/1015 1019/1263/1019 817/1250/817
f 1015/1259/1015 1021/1267/1021 1019/1263/1019
f 816/1253/816 1016/1260/1016 827/1265/827
f 1022/1268/1022 1021/1267/1021 1018/1262/1018
f 828/1264/828 1022/1268/1022 823/1254/823
f 828/1264/828 1020/1266/1020 1023/1269/1023
f 1016/1260/1016 1020/1266/1020 827/1265/827
f 828/1264/828 1023/1269/1023 1022/1268/1022
f 1024/1270/1024 1016/1260/1016 1017/1261/1017
f 1024/1270/1024 1017/1261/1017 1025/1271/1025
f 1024/1270/1024 1020/1266/1020 1016/1260/1016
f 1014/1258/1014 971/1272/971 967/1255/967
f 1026/1273/1026 1021/1267/1021 1022/1268/1022
f 1023/1269/1023 1026/1273/1026 1022/1268/1022
f 1014/1258/1014 1019/1263/1019 1027/1274/1027
f 1020/1266/1020 1028/1275/1028 1023/1269/1023
f 1021/1267/1021 1029/1276/1029 1019/1263/1019
f 1028/1275/1028 1026/1273/1026 1023/1269/1023
f 1021/1267/1021 1026/1273/1026 1030/1277/1030
f 1019/1263/1019 1029/1276/1029 1027/1274/1027
f 1030/1277/1030 1029/1276/1029 1021/1267/1021
f 1026/1273/1026 1028/1275/1028 1030/1277/1030
f 1027/1274/1027 1031/1278/1031 1014/1258/1014
f 971/1272/971 1014/1258/1014 1031/1278/1031
f 1025/1271/1025 1032/1279/1032 1024/1270/1024
f 1032/1279/1032 1020/1266/1020 1024/1270/1024
f 1033/1280/1033 1027/1274/1027 1029/1276/1029
f 1034/1281/1034 1029/1276/1029 1030/1277/1030
f 978/1282/978 971/1272/971 1031/1278/1031
f 1028/1275/1028 1035/1283/1035 1030/1277/1030
f 1036/1284/1036 978/1282/978 1031/1278/1031
f 1037/1285/1037 1028/1275/1028 1020/1266/1020
f 1037/1285/1037 1035/1283/1035 1028/1275/1028
f 1038/1286/1038 1036/1284/1036 1031/1278/1031
f 1035/1283/1035 1039/1287/1039 1030/1277/1030
f 1030/1277/1030 1039/1287/1039 1034/1281/1034
f 1027/1274/1027 1040/1288/1040 1031/1278/1031
f 1032/1279/1032 1037/1285/1037 1020/1266/1020
f 1033/1280/1033 1029/1276/1029 1041/1289/1041
f 1040/1288/1040 1038/1286/1038 1031/1278/1031
f 1033/1280/1033 1040/1288/1040 1027/1274/1027
f 1029/1276/1029 1034/1281/1034 1041/1289/1041
f 1042/1290/1042 1039/1287/1039 1035/1283/1035
f 1037/1285/1037 1032/1279/1032 1043/1291/1043
f 1035/1283/1035 1037/1285/1037 1042/1290/1042
f 1039/1287/1039 1042/1290/1042 1034/1281/1034
f 1040/1288/1040 1044/1292/1044 1038/1286/1038
f 1042/1290/1042 1045/1293/1045 1034/1281/1034
f 1043/1291/1043 1046/1294/1046 1037/1285/1037
f 1045/1293/1045 1041/1289/1041 1034/1281/1034
f 1041/1289/1041 1047/1295/1047 1033/1280/1033
f 1037/1285/1037 1045/1293/1045 1042/1290/1042
f 1041/1289/1041 1045/1293/1045 1047/1295/1047
f 1047/1295/1047 1040/1288/1040 1033/1280/1033
f 1043/1291/1043 1048/1296/1048 1046/1294/1046
f 1046/1294/1046 1048/1296/1048 1037/1285/1037
f 1045/1293/1045 1049/1297/1049 1047/1295/1047
f 1040/1288/1040 1047/1295/1047 1050/1298/1050
f 1040/1288/1040 1051/1299/1051 1044/1292/1044
f 1045/1293/1045 1037/1285/1037 1052/1300/1052
f 1048/1296/1048 1052/1300/1052 1037/1285/1037
f 1040/1288/1040 1050/1298/1050 1051/1299/1051
f 1050/1298/1050 1047/1295/1047 1049/1297/1049
f 1053/1301/1053 1045/1293/1045 1052/1300/1052
f 1050/1298/1050 1054/1302/1054 1051/1299/1051
f 1045/1293/1045 1053/1301/1053 1049/1297/1049
f 1055/1303/1055 1050/1298/1050 1049/1297/1049
f 1048/1296/1048 1056/1304/1056 1052/1300/1052
f 1055/1303/1055 1054/1302/1054 1050/1298/1050
f 1056/1304/1056 1057/1305/1057 1052/1300/1052
f 1056/1304/1056 1048/1296/1048 1058/1306/1058
f 1059/1307/1059 1055/1303/1055 1049/1297/1049
f 1053/1301/1053 1052/1300/1052 1057/1305/1057
f 1060/1308/1060 1049/1297/1049 1053/1301/1053
f 1060/1308/1060 1053/1301/1053 1057/1305/1057
f 1060/1308/1060 1059/1307/1059 1049/1297/1049
f 403/1309/403 570/1310/570 1061/1311/1061
f 807/1312/807 806/1313/806 1062/1314/1062
f 1063/1315/1063 806/1313/806 813/1316/813
f 1063/1315/1063 1062/1314/1062 806/1313/806
f 1063/1315/1063 813/1316/813 1064/1317/1064
f 818/1318/818 1065/1319/1065 813/1316/813
f 1064/1317/1064 813/1316/813 1065/1319/1065
f 807/1312/807 1066/1320/1066 819/1321/819
f 807/1312/807 1062/1314/1062 1067/1322/1067
f 819/1321/819 1066/1320/1066 1017/1323/1017
f 1068/1324/1068 1065/1319/1065 818/1318/818
f 1066/1320/1066 807/1312/807 1067/1322/1067
f 1069/1325/1069 1063/1315/1063 1064/1317/1064
f 1065/1319/1065 1070/1326/1070 1064/1317/1064
f 1064/1317/1064 1070/1326/1070 1069/1325/1069
f 1063/1315/1063 1071/1327/1071 1062/1314/1062
f 1071/1327/1071 1063/1315/1063 1069/1325/1069
f 1066/1320/1066 1067/1322/1067 1072/1328/1072
f 1066/1320/1066 1072/1328/1072 1017/1323/1017
f 1073/1329/1073 1062/1314/1062 1071/1327/1071
f 1074/1330/1074 1070/1326/1070 1065/1319/1065
f 1075/1331/1075 1065/1319/1065 1068/1324/1068
f 1062/1314/1062 1073/1329/1073 1067/1322/1067
f 1025/1332/1025 1017/1323/1017 1072/1328/1072
f 1076/1333/1076 1071/1327/1071 1069/1325/1069
f 1074/1330/1074 1065/1319/1065 1075/1331/1075
f 1075/1331/1075 1068/1324/1068 1077/1334/1077
f 1073/1329/1073 1071/1327/1071 1076/1333/1076
f 1077/1334/1077 1078/1335/1078 1075/1331/1075
f 1025/1332/1025 1072/1328/1072 1079/1336/1079
f 1079/1336/1079 1032/1337/1032 1025/1332/1025
f 1080/1338/1080 1067/1322/1067 1073/1329/1073
f 1081/1339/1081 1075/1331/1075 1078/1335/1078
f 1080/1338/1080 1073/1329/1073 1082/1340/1082
f 1072/1328/1072 1067/1322/1067 1080/1338/1080
f 1083/1341/1083 1080/1338/1080 1082/1340/1082
f 1077/1334/1077 1084/1342/1084 1078/1335/1078
f 1084/1342/1084 1077/1334/1077 1085/1343/1085
f 1086/1344/1086 1081/1339/1081 1078/1335/1078
f 1087/1345/1087 1072/1328/1072 1080/1338/1080
f 1087/1345/1087 1079/1336/1079 1072/1328/1072
f 1088/1346/1088 1081/1339/1081 1086/1344/1086
f 1087/1345/1087 1080/1338/1080 1083/1341/1083
f 1043/1347/1043 1032/1337/1032 1079/1336/1079
f 1089/1348/1089 1079/1336/1079 1087/1345/1087
f 1090/1349/1090 1087/1345/1087 1083/1341/1083
f 1079/1336/1079 1089/1348/1089 1043/1347/1043
f 1078/1335/1078 1084/1342/1084 1086/1344/1086
f 1084/1342/1084 1085/1343/1085 1091/1350/1091
f 1089/1348/1089 1087/1345/1087 1090/1349/1090
f 1083/1341/1083 1092/1351/1092 1093/1352/1093
f 1093/1352/1093 1090/1349/1090 1083/1341/1083
f 1043/1347/1043 1089/1348/1089 1094/1353/1094
f 1088/1346/1088 1086/1344/1086 1095/1354/1095
f 1095/1354/1095 1086/1344/1086 1084/1342/1084
f 1089/1348/1089 1090/1349/1090 1094/1353/1094
f 1094/1353/1094 1048/1355/1048 1043/1347/1043
f 1090/1349/1090 1093/1352/1093 1096/1356/1096
f 1097/1357/1097 1090/1349/1090 1096/1356/1096
f 1097/1357/1097 1094/1353/1094 1090/1349/1090
f 1084/1342/1084 1091/1350/1091 1098/1358/1098
f 1084/1342/1084 1098/1358/1098 1095/1354/1095
f 1091/1350/1091 1099/1359/1099 1098/1358/1098
f 1097/1357/1097 1096/1356/1096 1100/1360/1100
f 1098/1358/1098 1101/1361/1101 1095/1354/1095
f 1094/1353/1094 1058/1362/1058 1048/1355/1048
f 1102/1363/1102 1101/1361/1101 1103/1364/1103
f 1102/1363/1102 1103/1364/1103 1100/1360/1100
f 1097/1357/1097 1100/1360/1100 1104/1365/1104
f 1094/1353/1094 1097/1357/1097 1058/1362/1058
f 1100/1360/1100 1103/1364/1103 1104/1365/1104
f 1098/1358/1098 1099/1359/1099 1105/1366/1105
f 1106/1367/1106 1101/1361/1101 1098/1358/1098
f 1101/1361/1101 1106/1367/1106 1103/1364/1103
f 1098/1358/1098 1105/1366/1105 1106/1367/1106
f 1097/1357/1097 1107/1368/1107 1058/1362/1058
f 1105/1366/1105 1099/1359/1099 1108/1369/1108
f 1097/1357/1097 1104/1365/1104 1107/1368/1107
f 1104/1365/1104 1103/1364/1103 1109/1370/1109
f 1109/1370/1109 1103/1364/1103 1106/1367/1106
f 1106/1367/1106 1105/1366/1105 1110/1371/1110
f 1104/1365/1104 1111/1372/1111 1107/1368/1107
f 1110/1371/1110 1109/1370/1109 1106/1367/1106
f 1109/1370/1109 1110/1371/1110 1112/1373/1112
f 1104/1365/1104 1109/1370/1109 1111/1372/1111
f 362/1374/362 368/1375/368 494/1376/494
f 494/1376/494 368/1375/368 1113/1377/1113
f 1113/1377/1113 368/1375/368 374/1378/374
f 494/1376/494 1113/1377/1113 502/1379/502
f 1113/1377/1113 374/1378/374 864/1380/864
f 1113/1377/1113 511/1381/511 502/1379/502
f 1113/1377/1113 864/1380/864 871/1382/871
f 1113/1377/1113 1114/1383/1114 511/1381/511
f 1114/1383/1114 1113/1377/1113 871/1382/871
f 511/1381/511 886/1384/886 516/1385/516
f 511/1381/511 1114/1383/1114 886/1384/886
f 516/1385/516 533/1386/533 521/1387/521
f 516/1385/516 886/1384/886 533/1386/533
f 1114/1383/1114 871/1382/871 877/1388/877
f 886/1384/886 1114/1383/1114 1115/1389/1115
f 877/1388/877 1115/1389/1115 1114/1383/1114
f 886/1384/886 1115/1389/1115 885/1390/885
f 889/1391/889 1115/1389/1115 877/1388/877
f 889/1391/889 1116/1392/1116 1115/1389/1115
f 885/1390/885 1115/1389/1115 893/1393/893
f 893/1393/893 1115/1389/1115 1116/1392/1116
f 889/1391/889 895/1394/895 1116/1392/1116
f 1116/1392/1116 900/1395/900 893/1393/893
f 1117/1396/1117 1116/1392/1116 895/1394/895
f 900/1395/900 1116/1392/1116 1117/1396/1117
f 1117/1396/1117 895/1394/895 902/1397/902
f 900/1395/900 1117/1396/1117 909/1398/909
f 1117/1396/1117 902/1397/902 909/1398/909
f 909/1398/909 907/1399/907 900/1395/900
f 1118/1400/1118 1119/1401/1119 1120/1402/1120
f 1121/1403/1121 1118/1400/1118 1120/1402/1120
f 1121/1403/1121 1122/1404/1122 1118/1400/1118
f 1123/1405/1123 1124/1406/1124 1119/1401/1119
f 1118/1400/1118 1125/1407/1125 1119/1401/1119
f 1119/1401/1119 1126/1408/1126 1123/1405/1123
f 1118/1400/1118 1127/1409/1127 1125/1407/1125
f 1119/1401/1119 1125/1407/1125 1126/1408/1126
f 1122/1404/1122 1128/1410/1128 1118/1400/1118
f 1128/1410/1128 1127/1409/1127 1118/1400/1118
f 1129/1411/1129 1123/1405/1123 1126/1408/1126
f 1122/1404/1122 1130/1412/1130 1131/1413/1131
f 1128/1410/1128 1122/1404/1122 1132/1414/1132
f 1122/1404/1122 1131/1413/1131 1132/1414/1132
f 1133/1415/1133 1125/1407/1125 1127/1409/1127
f 1125/1407/1125 1133/1415/1133 1126/1408/1126
f 1134/1416/1134 1129/1411/1129 1126/1408/1126
f 1135/1417/1135 1129/1411/1129 1134/1416/1134
f 1136/1418/1136 1126/1408/1126 1133/1415/1133
f 1134/1416/1134 1126/1408/1126 1136/1418/1136
f 1136/1418/1136 1133/1415/1133 1137/1419/1137
f 1131/1413/1131 1130/1412/1130 1138/1420/1138
f 1136/1418/1136 1137/1419/1137 1139/1421/1139
f 1132/1414/1132 1131/1413/1131 1138/1420/1138
f 1140/1422/1140 1139/1421/1139 1137/1419/1137
f 1135/1417/1135 1134/1416/1134 1141/1423/1141
f 1136/1418/1136 1142/1424/1142 1134/1416/1134
f 1136/1418/1136 1139/1421/1139 1143/1425/1143
f 1141/1423/1141 1134/1416/1134 1142/1424/1142
f 1141/1423/1141 1142/1424/1142 1144/1426/1144
f 1143/1425/1143 1139/1421/1139 1140/1422/1140
f 1142/1424/1142 1136/1418/1136 1143/1425/1143
f 1142/1424/1142 1143/1425/1143 1145/1427/1145
f 1146/1428/1146 1143/1425/1143 1140/1422/1140
f 1145/1427/1145 1143/1425/1143 1146/1428/1146
f 1147/1429/1147 1145/1427/1145 1146/1428/1146
f 1148/1430/1148 1149/1431/1149 1150/1432/1150
f 1146/1428/1146 1140/1422/1140 1151/1433/1151
f 1142/1424/1142 1145/1427/1145 1152/1434/1152
f 1144/1426/1144 1142/1424/1142 1152/1434/1152
f 1148/1430/1148 1153/1435/1153 1149/1431/1149
f 1154/1436/1154 1149/1431/1149 1153/1435/1153
f 1155/1437/1155 1153/1435/1153 1148/1430/1148
f 1145/1427/1145 1147/1429/1147 1152/1434/1152
f 1156/1438/1156 1144/1426/1144 1152/1434/1152
f 1146/1428/1146 1151/1433/1151 1157/1439/1157
f 1157/1439/1157 1151/1433/1151 1158/1440/1158
f 1159/1441/1159 1154/1436/1154 1153/1435/1153
f 1159/1441/1159 1153/1435/1153 1160/1442/1160
f 1158/1440/1158 1154/1436/1154 1159/1441/1159
f 1160/1442/1160 1153/1435/1153 1155/1437/1155
f 1147/1429/1147 1161/1443/1161 1152/1434/1152
f 1157/1439/1157 1158/1440/1158 1159/1441/1159
f 1147/1429/1147 1146/1428/1146 1157/1439/1157
f 1160/1442/1160 1155/1437/1155 1162/1444/1162
f 1161/1443/1161 1156/1438/1156 1152/1434/1152
f 1157/1439/1157 1159/1441/1159 1160/1442/1160
f 1147/1429/1147 1157/1439/1157 1163/1445/1163
f 1161/1443/1161 1147/1429/1147 1163/1445/1163
f 1163/1445/1163 1157/1439/1157 1160/1442/1160
f 1160/1442/1160 1162/1444/1162 1164/1446/1164
f 1163/1445/1163 1160/1442/1160 1164/1446/1164
f 1165/1447/1165 1164/1446/1164 1162/1444/1162
f 1163/1445/1163 1166/1448/1166 1161/1443/1161
f 1163/1445/1163 1164/1446/1164 1166/1448/1166
f 696/1449/696 1167/1450/1167 710/1451/710
f 1167/1450/1167 696/1449/696 703/1452/703
f 714/1453/714 719/1454/719 706/1455/706
f 715/1456/715 710/1451/710 1168/1457/1168
f 1167/1450/1167 703/1452/703 1169/1458/1169
f 1167/1450/1167 1168/1457/1168 710/1451/710
f 1169/1458/1169 703/1452/703 845/1459/845
f 713/1460/713 720/1461/720 1170/1462/1170
f 1171/1463/1171 721/1464/721 718/1465/718
f 713/1460/713 1170/1462/1170 712/1466/712
f 720/1461/720 721/1464/721 1172/1467/1172
f 718/1465/718 719/1454/719 1173/1468/1173
f 1174/1469/1174 714/1453/714 715/1456/715
f 712/1466/712 1170/1462/1170 723/1470/723
f 719/1454/719 714/1453/714 1175/1471/1175
f 715/1456/715 1168/1457/1168 1174/1469/1174
f 1171/1463/1171 718/1465/718 1173/1468/1173
f 714/1453/714 1174/1469/1174 1175/1471/1175
f 1171/1463/1171 1172/1467/1172 721/1464/721
f 1168/1457/1168 1167/1450/1167 1169/1458/1169
f 719/1454/719 1175/1471/1175 1173/1468/1173
f 720/1461/720 1172/1467/1172 1170/1462/1170
f 1174/1469/1174 1168/1457/1168 1176/1472/1176
f 1170/1462/1170 1177/1473/1177 723/1470/723
f 853/1474/853 1169/1458/1169 845/1459/845
f 1168/1457/1168 1169/1458/1169 1176/1472/1176
f 1178/1475/1178 1173/1468/1173 1175/1471/1175
f 1178/1475/1178 1175/1471/1175 1174/1469/1174
f 1178/1475/1178 1174/1469/1174 1176/1472/1176
f 1179/1476/1179 1172/1467/1172 1171/1463/1171
f 1171/1463/1171 1173/1468/1173 1180/1477/1180
f 1176/1472/1176 1169/1458/1169 1181/1478/1181
f 1181/1478/1181 1169/1458/1169 853/1474/853
f 1170/1462/1170 1182/1479/1182 1177/1473/1177
f 1173/1468/1173 1178/1475/1178 1180/1477/1180
f 1170/1462/1170 1172/1467/1172 1182/1479/1182
f 1180/1477/1180 1179/1476/1179 1171/1463/1171
f 933/1480/933 723/1470/723 1177/1473/1177
f 1179/1476/1179 1182/1479/1182 1172/1467/1172
f 1183/1481/1183 1179/1476/1179 1180/1477/1180
f 1184/1482/1184 1178/1475/1178 1176/1472/1176
f 1180/1477/1180 1178/1475/1178 1185/1483/1185
f 1178/1475/1178 1184/1482/1184 1185/1483/1185
f 1182/1479/1182 1179/1476/1179 1186/1484/1186
f 1176/1472/1176 1181/1478/1181 1187/1485/1187
f 1181/1478/1181 853/1474/853 1188/1486/1188
f 1179/1476/1179 1183/1481/1183 1186/1484/1186
f 1180/1477/1180 1185/1483/1185 1183/1481/1183
f 1184/1482/1184 1176/1472/1176 1187/1485/1187
f 1181/1478/1181 1188/1486/1188 1187/1485/1187
f 1182/1479/1182 1189/1487/1189 1177/1473/1177
f 1182/1479/1182 1186/1484/1186 1189/1487/1189
f 938/1488/938 1190/1489/1190 935/1490/935
f 1191/1491/1191 1186/1484/1186 1183/1481/1183
f 1183/1481/1183 1185/1483/1185 1191/1491/1191
f 1185/1483/1185 1184/1482/1184 1192/1492/1192
f 1177/1473/1177 940/1493/940 933/1480/933
f 1188/1486/1188 853/1474/853 854/1494/854
f 1193/1495/1193 1194/1496/1194 1190/1489/1190
f 1192/1492/1192 1184/1482/1184 1195/1497/1195
f 1177/1473/1177 1189/1487/1189 1196/1498/1196
f 938/1488/938 1193/1495/1193 1190/1489/1190
f 1195/1497/1195 1184/1482/1184 1187/1485/1187
f 1189/1487/1189 1197/1499/1197 1196/1498/1196
f 1189/1487/1189 1186/1484/1186 1197/1499/1197
f 1192/1492/1192 1191/1491/1191 1185/1483/1185
f 1177/1473/1177 1196/1498/1196 940/1493/940
f 1195/1497/1195 1187/1485/1187 1198/1500/1198
f 1191/1491/1191 1197/1499/1197 1186/1484/1186
f 1199/1501/1199 1191/1491/1191 1192/1492/1192
f 1200/1502/1200 1193/1495/1193 938/1488/938
f 856/1503/856 1187/1485/1187 1188/1486/1188
f 1201/1504/1201 1194/1496/1194 1193/1495/1193
f 854/1494/854 856/1503/856 1188/1486/1188
f 1192/1492/1192 1195/1497/1195 1199/1501/1199
f 1200/1502/1200 1201/1504/1201 1193/1495/1193
f 1191/1491/1191 1199/1501/1199 1202/1505/1202
f 1200/1502/1200 1162/1506/1162 1201/1504/1201
f 1201/1504/1201 1148/1507/1148 1194/1496/1194
f 1199/1501/1199 1195/1497/1195 1203/1508/1203
f 856/1503/856 1204/1509/1204 1187/1485/1187
f 1195/1497/1195 1198/1500/1198 1203/1508/1203
f 1204/1509/1204 1198/1500/1198 1187/1485/1187
f 1148/1507/1148 1201/1504/1201 1155/1510/1155
f 1204/1509/1204 1205/1511/1205 1198/1500/1198
f 1196/1498/1196 1197/1499/1197 1206/1512/1206
f 1198/1500/1198 1205/1511/1205 1203/1508/1203
f 1162/1506/1162 1155/1510/1155 1201/1504/1201
f 1196/1498/1196 941/1513/941 940/1493/940
f 1206/1512/1206 941/1513/941 1196/1498/1196
f 1197/1499/1197 1191/1491/1191 1202/1505/1202
f 1204/1509/1204 856/1503/856 855/1514/855
f 1199/1501/1199 1203/1508/1203 1207/1515/1207
f 1208/1516/1208 1197/1499/1197 1202/1505/1202
f 938/1488/938 941/1517/941 1008/1518/1008
f 1209/1519/1209 941/1513/941 1206/1512/1206
f 1206/1512/1206 1197/1499/1197 1208/1516/1208
f 1210/1520/1210 1162/1506/1162 1200/1502/1200
f 950/1521/950 941/1513/941 1209/1519/1209
f 1206/1512/1206 1208/1516/1208 1209/1519/1209
f 1008/1518/1008 941/1517/941 950/1522/950
f 1200/1502/1200 938/1488/938 1008/1518/1008
f 1200/1502/1200 1008/1518/1008 1210/1520/1210
f 949/1523/949 1008/1518/1008 950/1522/950
f 1162/1506/1162 1210/1520/1210 1165/1524/1165
f 1007/1525/1007 1210/1520/1210 1008/1518/1008
f 1211/1526/1211 1165/1524/1165 1210/1520/1210
f 1210/1520/1210 1007/1525/1007 1211/1526/1211
f 812/1527/812 791/1528/791 1212/1529/1212
f 1213/1530/1213 791/1528/791 815/1531/815
f 1068/1532/1068 818/1533/818 824/1534/824
f 1213/1530/1213 1212/1529/1212 791/1528/791
f 1213/1530/1213 815/1531/815 966/1535/966
f 1214/1536/1214 825/1537/825 812/1527/812
f 1215/1538/1215 1068/1532/1068 824/1534/824
f 1215/1538/1215 824/1534/824 829/1539/829
f 1216/1540/1216 825/1537/825 1214/1536/1214
f 1213/1530/1213 1217/1541/1217 1212/1529/1212
f 1216/1540/1216 831/1542/831 825/1537/825
f 812/1527/812 1212/1529/1212 1218/1543/1218
f 966/1535/966 1217/1541/1217 1213/1530/1213
f 1217/1541/1217 1218/1543/1218 1212/1529/1212
f 829/1539/829 830/1544/830 1219/1545/1219
f 1215/1538/1215 829/1539/829 1220/1546/1220
f 1214/1536/1214 812/1527/812 1218/1543/1218
f 830/1544/830 831/1542/831 1221/1547/1221
f 1222/1548/1222 831/1542/831 1216/1540/1216
f 1214/1536/1214 1222/1548/1222 1216/1540/1216
f 1219/1545/1219 830/1544/830 1221/1547/1221
f 1222/1548/1222 1221/1547/1221 831/1542/831
f 1220/1546/1220 829/1539/829 1219/1545/1219
f 1068/1532/1068 1215/1538/1215 1077/1549/1077
f 1215/1538/1215 1220/1546/1220 1077/1549/1077
f 1214/1536/1214 1218/1543/1218 1222/1548/1222
f 1218/1543/1218 1217/1541/1217 1223/1550/1223
f 1217/1541/1217 966/1535/966 1223/1550/1223
f 966/1535/966 974/1551/974 1223/1550/1223
f 1224/1552/1224 1221/1547/1221 1222/1548/1222
f 1225/1553/1225 1218/1543/1218 1223/1550/1223
f 1226/1554/1226 1219/1545/1219 1221/1547/1221
f 1221/1547/1221 1224/1552/1224 1226/1554/1226
f 1227/1555/1227 1077/1549/1077 1220/1546/1220
f 1220/1546/1220 1219/1545/1219 1227/1555/1227
f 1225/1553/1225 1223/1550/1223 1228/1556/1228
f 1218/1543/1218 1225/1553/1225 1224/1552/1224
f 974/1551/974 1228/1556/1228 1223/1550/1223
f 1226/1554/1226 1227/1555/1227 1219/1545/1219
f 1224/1552/1224 1222/1548/1222 1218/1543/1218
f 1229/1557/1229 1224/1552/1224 1225/1553/1225
f 1229/1557/1229 1225/1553/1225 1228/1556/1228
f 1085/1558/1085 1077/1549/1077 1227/1555/1227
f 1230/1559/1230 1226/1554/1226 1224/1552/1224
f 1231/1560/1231 1227/1555/1227 1226/1554/1226
f 1231/1560/1231 1226/1554/1226 1230/1559/1230
f 1224/1552/1224 1229/1557/1229 1232/1561/1232
f 1224/1552/1224 1232/1561/1232 1230/1559/1230
f 1233/1562/1233 1228/1556/1228 974/1551/974
f 1227/1555/1227 1231/1560/1231 1234/1563/1234
f 1085/1558/1085 1227/1555/1227 1234/1563/1234
f 1235/1564/1235 1230/1559/1230 1232/1561/1232
f 1232/1561/1232 1229/1557/1229 1236/1565/1236
f 1229/1557/1229 1228/1556/1228 1236/1565/1236
f 1230/1559/1230 1235/1564/1235 1231/1560/1231
f 1233/1562/1233 974/1551/974 986/1566/986
f 1228/1556/1228 1233/1562/1233 1236/1565/1236
f 1237/1567/1237 1236/1565/1236 1233/1562/1233
f 1234/1563/1234 1091/1568/1091 1085/1558/1085
f 1235/1564/1235 1238/1569/1238 1231/1560/1231
f 1231/1560/1231 1238/1569/1238 1234/1563/1234
f 1239/1570/1239 1232/1561/1232 1236/1565/1236
f 1232/1561/1232 1239/1570/1239 1235/1564/1235
f 1237/1567/1237 1239/1570/1239 1236/1565/1236
f 1238/1569/1238 1235/1564/1235 1240/1571/1240
f 1237/1567/1237 1233/1562/1233 1241/1572/1241
f 1241/1572/1241 1233/1562/1233 986/1566/986
f 1242/1573/1242 1235/1564/1235 1239/1570/1239
f 1234/1563/1234 1238/1569/1238 1243/1574/1243
f 1240/1571/1240 1243/1574/1243 1238/1569/1238
f 1237/1567/1237 1241/1572/1241 1239/1570/1239
f 1091/1568/1091 1234/1563/1234 1099/1575/1099
f 989/1576/989 986/1566/986 987/1577/987
f 1099/1575/1099 1234/1563/1234 1243/1574/1243
f 1241/1572/1241 986/1566/986 989/1576/989
f 1235/1564/1235 1242/1573/1242 1240/1571/1240
f 1244/1578/1244 1239/1570/1239 1241/1572/1241
f 1243/1574/1243 1240/1571/1240 1245/1579/1245
f 1246/1580/1246 1239/1570/1239 1244/1578/1244
f 1239/1570/1239 1246/1580/1246 1247/1581/1247
f 1248/1582/1248 1249/1583/1249 1240/1571/1240
f 1243/1574/1243 1250/1584/1250 1099/1575/1099
f 1240/1571/1240 1249/1583/1249 1245/1579/1245
f 1243/1574/1243 1245/1579/1245 1250/1584/1250
f 1250/1584/1250 1108/1585/1108 1099/1575/1099
f 1251/1586/1251 1252/1587/1252 1253/1588/1253
f 1253/1588/1253 1254/1589/1254 1251/1586/1251
f 1254/1589/1254 1255/1590/1255 1251/1586/1251
f 1255/1590/1255 1256/1591/1256 1251/1586/1251
f 1251/1586/1251 1256/1591/1256 1252/1587/1252
f 1257/1592/1257 1258/1593/1258 1259/1594/1259
f 1260/1595/1260 1258/1593/1258 1257/1592/1257
f 1260/1595/1260 1257/1592/1257 1261/1596/1261
f 1255/1590/1255 1254/1589/1254 1262/1597/1262
f 1261/1596/1261 1257/1592/1257 1263/1598/1263
f 1253/1588/1253 1070/1599/1070 1254/1589/1254
f 1070/1599/1070 1264/1600/1264 1254/1589/1254
f 1069/1601/1069 1070/1599/1070 1253/1588/1253
f 1263/1598/1263 1252/1587/1252 1261/1596/1261
f 1263/1598/1263 1253/1588/1253 1252/1587/1252
f 1262/1597/1262 1254/1589/1254 1265/1602/1265
f 1254/1589/1254 1264/1600/1264 1265/1602/1265
f 1256/1591/1256 1261/1596/1261 1252/1587/1252
f 1255/1590/1255 1266/1603/1266 1256/1591/1256
f 1258/1593/1258 1260/1595/1260 1267/1604/1267
f 1258/1593/1258 1268/1605/1268 1259/1594/1259
f 1269/1606/1269 1255/1590/1255 1262/1597/1262
f 1267/1604/1267 1270/1607/1270 1258/1593/1258
f 1256/1591/1256 1260/1595/1260 1261/1596/1261
f 1255/1590/1255 1269/1606/1269 1266/1603/1266
f 1258/1593/1258 1270/1607/1270 1268/1605/1268
f 1271/1608/1271 1260/1595/1260 1256/1591/1256
f 1260/1595/1260 1272/1609/1272 1267/1604/1267
f 1267/1604/1267 1272/1609/1272 1270/1607/1270
f 1273/1610/1273 1256/1591/1256 1266/1603/1266
f 1273/1610/1273 1274/1611/1274 1256/1591/1256
f 1275/1612/1275 1272/1609/1272 1271/1608/1271
f 1273/1610/1273 1266/1603/1266 1276/1613/1276
f 1260/1595/1260 1271/1608/1271 1272/1609/1272
f 1266/1603/1266 1277/1614/1277 1276/1613/1276
f 1276/1613/1276 1274/1611/1274 1273/1610/1273
f 1269/1606/1269 1278/1615/1278 1266/1603/1266
f 1279/1616/1279 1272/1609/1272 1275/1612/1275
f 1272/1609/1272 1279/1616/1279 1270/1607/1270
f 1256/1591/1256 1274/1611/1274 1271/1608/1271
f 1275/1612/1275 1280/1617/1280 1279/1616/1279
f 1274/1611/1274 1275/1612/1275 1271/1608/1271
f 1281/1618/1281 1274/1611/1274 1276/1613/1276
f 1282/1619/1282 1279/1616/1279 1280/1617/1280
f 1283/1620/1283 1275/1612/1275 1274/1611/1274
f 1275/1612/1275 1284/1621/1284 1280/1617/1280
f 1281/1618/1281 1283/1620/1283 1274/1611/1274
f 1284/1621/1284 1275/1612/1275 1283/1620/1283
f 1278/1615/1278 1277/1614/1277 1266/1603/1266
f 1285/1622/1285 1286/1623/1286 1283/1620/1283
f 1285/1622/1285 1283/1620/1283 1281/1618/1281
f 1276/1613/1276 1277/1614/1277 1281/1618/1281
f 1286/1623/1286 1285/1622/1285 1287/1624/1287
f 1286/1623/1286 1284/1621/1284 1283/1620/1283
f 1281/1618/1281 1288/1625/1288 1285/1622/1285
f 1278/1615/1278 1289/1626/1289 1277/1614/1277
f 1287/1624/1287 1290/1627/1290 1286/1623/1286
f 1280/1617/1280 1284/1621/1284 1291/1628/1291
f 1277/1614/1277 1288/1625/1288 1281/1618/1281
f 1280/1617/1280 1291/1628/1291 1282/1619/1282
f 1287/1624/1287 1292/1629/1292 1290/1627/1290
f 1293/1630/1293 1287/1624/1287 1285/1622/1285
f 1291/1628/1291 1284/1621/1284 1294/1631/1294
f 1293/1630/1293 1285/1622/1285 1288/1625/1288
f 1288/1625/1288 1277/1614/1277 1293/1630/1293
f 1284/1621/1284 1286/1623/1286 1294/1631/1294
f 1292/1629/1292 1287/1624/1287 1295/1632/1295
f 1296/1633/1296 1291/1628/1291 1294/1631/1294
f 1289/1626/1289 1293/1630/1293 1277/1614/1277
f 1290/1627/1290 1297/1634/1297 1286/1623/1286
f 1298/1635/1298 1293/1630/1293 1289/1626/1289
f 1296/1633/1296 1294/1631/1294 1299/1636/1299
f 1299/1636/1299 1294/1631/1294 1286/1623/1286
f 1291/1628/1291 1300/1637/1300 1282/1619/1282
f 1286/1623/1286 1297/1634/1297 1299/1636/1299
f 1300/1637/1300 1291/1628/1291 1296/1633/1296
f 1301/1638/1301 1295/1632/1295 1287/1624/1287
f 1299/1636/1299 1302/1639/1302 1296/1633/1296
f 1293/1630/1293 1301/1638/1301 1287/1624/1287
f 1296/1633/1296 1303/1640/1303 1300/1637/1300
f 1296/1633/1296 1302/1639/1302 1303/1640/1303
f 1304/1641/1304 1301/1638/1301 1293/1630/1293
f 1293/1630/1293 1298/1635/1298 1304/1641/1304
f 1301/1638/1301 1304/1641/1304 1295/1632/1295
f 1259/1642/1259 1263/1643/1263 1257/1644/1257
f 1069/1645/1069 1253/1646/1253 1305/1647/1305
f 1263/1643/1263 1259/1642/1259 1306/1648/1306
f 1253/1646/1253 1263/1643/1263 1305/1647/1305
f 1259/1642/1259 1268/1649/1268 1307/1650/1307
f 1259/1642/1259 1307/1650/1307 1306/1648/1306
f 1076/1651/1076 1069/1645/1069 1305/1647/1305
f 1263/1643/1263 1306/1648/1306 1305/1647/1305
f 1307/1650/1307 1308/1652/1308 1306/1648/1306
f 1306/1648/1306 1309/1653/1309 1305/1647/1305
f 1076/1651/1076 1305/1647/1305 1309/1653/1309
f 1309/1653/1309 1306/1648/1306 1308/1652/1308
f 1073/1654/1073 1076/1651/1076 1309/1653/1309
f 1310/1655/1310 1308/1652/1308 1307/1650/1307
f 1082/1656/1082 1073/1654/1073 1309/1653/1309
f 1307/1650/1307 1311/1657/1311 1310/1655/1310
f 1308/1652/1308 1082/1656/1082 1309/1653/1309
f 1083/1658/1083 1082/1656/1082 1312/1659/1312
f 1310/1655/1310 1313/1660/1313 1308/1652/1308
f 1312/1659/1312 1308/1652/1308 1313/1660/1313
f 1313/1660/1313 1092/1661/1092 1312/1659/1312
f 1310/1655/1310 1314/1662/1314 1313/1660/1313
f 1314/1662/1314 1315/1663/1315 1313/1660/1313
f 1313/1660/1313 1316/1664/1316 1092/1661/1092
f 1316/1664/1316 1093/1665/1093 1092/1661/1092
f 1316/1664/1316 1313/1660/1313 1315/1663/1315
f 1096/1666/1096 1093/1665/1093 1316/1664/1316
f 1316/1664/1316 1315/1663/1315 1317/1667/1317
f 1096/1666/1096 1316/1664/1316 1317/1667/1317
f 1318/1668/1318 1317/1667/1317 1315/1663/1315
f 1318/1668/1318 1319/1669/1319 1317/1667/1317
f 1317/1667/1317 1320/1670/1320 1096/1666/1096
f 1320/1670/1320 1317/1667/1317 1319/1669/1319
f 1100/1671/1100 1096/1666/1096 1321/1672/1321
f 1321/1672/1321 1096/1666/1096 1320/1670/1320
f 1312/1659/1312 1082/1656/1082 1308/1652/1308
f 1092/1661/1092 1083/1658/1083 1312/1659/1312
f 1322/1673/1322 1323/1674/1323 1324/1675/1324
f 1322/1673/1322 1325/1676/1325 1323/1674/1323
f 1322/1673/1322 1326/1677/1326 1327/1678/1327
f 1325/1676/1325 1322/1673/1322 1127/1679/1127
f 1322/1673/1322 1327/1678/1327 1127/1679/1127
f 1127/1679/1127 1128/1680/1128 1325/1676/1325
f 1327/1678/1327 1326/1677/1326 1328/1681/1328
f 1329/1682/1329 1328/1681/1328 1326/1677/1326
f 1330/1683/1330 1137/1684/1137 1133/1685/1133
f 1326/1677/1326 1331/1686/1331 1329/1682/1329
f 1332/1687/1332 1137/1684/1137 1330/1683/1330
f 1329/1682/1329 1331/1686/1331 1333/1688/1333
f 1332/1687/1332 1330/1683/1330 1334/1689/1334
f 1335/1690/1335 1331/1686/1331 1326/1677/1326
f 1140/1691/1140 1137/1684/1137 1332/1687/1332
f 1332/1687/1332 1334/1689/1334 1336/1692/1336
f 1333/1688/1333 1331/1686/1331 1337/1693/1337
f 1331/1686/1331 1335/1690/1335 1337/1693/1337
f 1338/1694/1338 1337/1693/1337 1335/1690/1335
f 1339/1695/1339 1140/1691/1140 1332/1687/1332
f 1336/1692/1336 1339/1695/1339 1332/1687/1332
f 1340/1696/1340 935/1697/935 1190/1698/1190
f 1340/1696/1340 1341/1699/1341 935/1697/935
f 1194/1700/1194 1340/1696/1340 1190/1698/1190
f 1334/1689/1334 1342/1701/1342 1336/1692/1336
f 1337/1693/1337 1338/1694/1338 1343/1702/1343
f 1344/1703/1344 1343/1702/1343 1338/1694/1338
f 1336/1692/1336 1342/1701/1342 1345/1704/1345
f 1346/1705/1346 1340/1696/1340 1194/1700/1194
f 1346/1705/1346 1194/1700/1194 1150/1706/1150
f 1148/1707/1148 1150/1706/1150 1194/1700/1194
f 1339/1695/1339 1336/1692/1336 1345/1704/1345
f 1342/1701/1342 1347/1708/1347 1345/1704/1345
f 1150/1706/1150 1149/1709/1149 1348/1710/1348
f 1339/1695/1339 1151/1711/1151 1140/1691/1140
f 1346/1705/1346 1150/1706/1150 1349/1712/1349
f 1350/1713/1350 1340/1696/1340 1346/1705/1346
f 1351/1714/1351 1149/1709/1149 1154/1715/1154
f 1348/1710/1348 1149/1709/1149 1351/1714/1351
f 1351/1714/1351 1352/1716/1352 1348/1710/1348
f 1353/1717/1353 1345/1704/1345 1347/1708/1347
f 1345/1704/1345 1354/1718/1354 1339/1695/1339
f 1344/1703/1344 1355/1719/1355 1343/1702/1343
f 1356/1720/1356 1158/1721/1158 1151/1711/1151
f 1158/1721/1158 1356/1720/1356 1154/1715/1154
f 1350/1713/1350 1346/1705/1346 1357/1722/1357
f 1356/1720/1356 1351/1714/1351 1154/1715/1154
f 1151/1711/1151 1358/1723/1358 1356/1720/1356
f 1358/1723/1358 1151/1711/1151 1339/1695/1339
f 1354/1718/1354 1345/1704/1345 1359/1724/1359
f 1357/1722/1357 1346/1705/1346 1349/1712/1349
f 1353/1717/1353 1359/1724/1359 1345/1704/1345
f 1360/1725/1360 1349/1712/1349 1348/1710/1348
f 1360/1725/1360 1357/1722/1357 1349/1712/1349
f 1355/1719/1355 1344/1703/1344 1361/1726/1361
f 1352/1716/1352 1351/1714/1351 1356/1720/1356
f 1354/1718/1354 1358/1723/1358 1339/1695/1339
f 1362/1727/1362 1350/1713/1350 1357/1722/1357
f 1363/1728/1363 1348/1710/1348 1352/1716/1352
f 1348/1710/1348 1363/1728/1363 1360/1725/1360
f 1361/1726/1361 1344/1703/1344 1364/1729/1364
f 1365/1730/1365 1352/1716/1352 1356/1720/1356
f 1365/1730/1365 1356/1720/1356 1358/1723/1358
f 1353/1717/1353 1366/1731/1366 1359/1724/1359
f 1361/1726/1361 1367/1732/1367 1355/1719/1355
f 1354/1718/1354 1359/1724/1359 1368/1733/1368
f 1369/1734/1369 1360/1725/1360 1363/1728/1363
f 1359/1724/1359 1366/1731/1366 1368/1733/1368
f 1357/1722/1357 1360/1725/1360 1370/1735/1370
f 1357/1722/1357 1371/1736/1371 1362/1727/1362
f 1372/1737/1372 1371/1736/1371 1357/1722/1357
f 1367/1732/1367 1361/1726/1361 1373/1738/1373
f 1360/1725/1360 1369/1734/1369 1370/1735/1370
f 1358/1723/1358 1354/1718/1354 1368/1733/1368
f 1366/1731/1366 1374/1739/1374 1368/1733/1368
f 1372/1737/1372 1357/1722/1357 1370/1735/1370
f 1375/1740/1375 1369/1734/1369 1363/1728/1363
f 1375/1740/1375 1363/1728/1363 1352/1716/1352
f 1365/1730/1365 1375/1740/1375 1352/1716/1352
f 1368/1733/1368 1374/1739/1374 1376/1741/1376
f 1377/1742/1377 1367/1732/1367 1373/1738/1373
f 1378/1743/1378 1373/1738/1373 1361/1726/1361
f 1375/1740/1375 1370/1735/1370 1369/1734/1369
f 1358/1723/1358 1368/1733/1368 1376/1741/1376
f 1376/1741/1376 1377/1742/1377 1358/1723/1358
f 1375/1740/1375 1365/1730/1365 1379/1744/1379
f 1370/1735/1370 1380/1745/1380 1372/1737/1372
f 1378/1743/1378 1381/1746/1381 1373/1738/1373
f 1382/1747/1382 1372/1737/1372 1380/1745/1380
f 1381/1746/1381 1377/1742/1377 1373/1738/1373
f 1379/1744/1379 1365/1730/1365 1358/1723/1358
f 1383/1748/1383 1380/1745/1380 1370/1735/1370
f 1383/1748/1383 1370/1735/1370 1375/1740/1375
f 1358/1723/1358 1377/1742/1377 1379/1744/1379
f 1384/1749/1384 1371/1736/1371 1382/1747/1382
f 1381/1746/1381 1385/1750/1385 1377/1742/1377
f 1383/1748/1383 1375/1740/1375 1379/1744/1379
f 1383/1748/1383 1386/1751/1386 1380/1745/1380
f 1382/1747/1382 1380/1745/1380 1386/1751/1386
f 1387/1752/1387 1379/1744/1379 1377/1742/1377
f 1386/1751/1386 1388/1753/1388 1382/1747/1382
f 1387/1752/1387 1383/1748/1383 1379/1744/1379
f 1388/1753/1388 1384/1749/1384 1382/1747/1382
f 1386/1751/1386 1383/1748/1383 1387/1752/1387
f 1387/1752/1387 1377/1742/1377 1385/1750/1385
f 1389/1754/1389 1387/1752/1387 1385/1750/1385
f 1390/1755/1390 1386/1751/1386 1387/1752/1387
f 1391/1756/1391 1390/1755/1390 1387/1752/1387
f 1389/1754/1389 1391/1756/1391 1387/1752/1387
f 1328/1681/1328 1127/1679/1127 1327/1678/1327
f 1349/1712/1349 1150/1706/1150 1348/1710/1348
f 1382/1747/1382 1371/1736/1371 1372/1737/1372
f 373/1757/373 375/1758/375 1392/1759/1392
f 373/1757/373 1392/1759/1392 377/1760/377
f 373/1757/373 377/1760/377 376/1761/376
f 378/1762/378 1392/1759/1392 375/1758/375
f 1393/1763/1393 377/1760/377 1392/1759/1392
f 1392/1759/1392 378/1762/378 1394/1764/1394
f 507/1765/507 1394/1764/1394 378/1762/378
f 1392/1759/1392 880/1766/880 1393/1763/1393
f 377/1760/377 1393/1763/1393 872/1767/872
f 1394/1764/1394 880/1766/880 1392/1759/1392
f 880/1766/880 1394/1764/1394 507/1765/507
f 1393/1763/1393 1395/1768/1395 872/1767/872
f 880/1766/880 1395/1768/1395 1393/1763/1393
f 878/1769/878 880/1766/880 507/1765/507
f 879/1770/879 1395/1768/1395 880/1766/880
f 881/1771/881 872/1767/872 1395/1768/1395
f 878/1769/878 507/1765/507 523/1772/523
f 881/1771/881 1395/1768/1395 1396/1773/1396
f 1395/1768/1395 879/1770/879 1396/1773/1396
f 523/1772/523 887/1774/887 878/1769/878
f 1396/1773/1396 879/1770/879 894/1775/894
f 536/1776/536 887/1774/887 523/1772/523
f 1396/1773/1396 894/1775/894 1397/1777/1397
f 881/1771/881 1396/1773/1396 1397/1777/1397
f 898/1778/898 1397/1777/1397 894/1775/894
f 899/1779/899 881/1771/881 1397/1777/1397
f 1397/1777/1397 898/1778/898 1398/1780/1398
f 1398/1780/1398 899/1779/899 1397/1777/1397
f 1398/1780/1398 904/1781/904 899/1779/899
f 898/1778/898 901/1782/901 1398/1780/1398
f 901/1782/901 906/1783/906 1398/1780/1398
f 904/1781/904 1398/1780/1398 911/1784/911
f 1398/1780/1398 906/1783/906 1399/1785/1399
f 1399/1785/1399 911/1784/911 1398/1780/1398
f 911/1784/911 1399/1785/1399 912/1786/912
f 912/1786/912 1399/1785/1399 913/1787/913
f 1399/1785/1399 906/1783/906 914/1788/914
f 913/1787/913 1399/1785/1399 914/1788/914
f 1070/1789/1070 1074/1790/1074 1264/1791/1264
f 1074/1790/1074 1265/1792/1265 1264/1791/1264
f 1400/1793/1400 1262/1794/1262 1265/1792/1265
f 1400/1793/1400 1269/1795/1269 1262/1794/1262
f 1401/1796/1401 1400/1793/1400 1265/1792/1265
f 1265/1792/1265 1074/1790/1074 1401/1796/1401
f 1402/1797/1402 1269/1795/1269 1400/1793/1400
f 1403/1798/1403 1400/1793/1400 1401/1796/1401
f 1400/1793/1400 1403/1798/1403 1402/1797/1402
f 1269/1795/1269 1402/1797/1402 1278/1799/1278
f 1403/1798/1403 1401/1796/1401 1404/1800/1404
f 1402/1797/1402 1405/1801/1405 1278/1799/1278
f 1404/1800/1404 1401/1796/1401 1074/1790/1074
f 1406/1802/1406 1289/1803/1289 1278/1799/1278
f 1074/1790/1074 1075/1804/1075 1081/1805/1081
f 1406/1802/1406 1278/1799/1278 1405/1801/1405
f 1407/1806/1407 1402/1797/1402 1403/1798/1403
f 1408/1807/1408 1405/1801/1405 1402/1797/1402
f 1298/1808/1298 1289/1803/1289 1406/1802/1406
f 1404/1800/1404 1407/1806/1407 1403/1798/1403
f 1405/1801/1405 1409/1809/1409 1406/1802/1406
f 1408/1807/1408 1402/1797/1402 1407/1806/1407
f 1074/1790/1074 1081/1805/1081 1410/1810/1410
f 1074/1790/1074 1410/1810/1410 1404/1800/1404
f 1298/1808/1298 1406/1802/1406 1409/1809/1409
f 1408/1807/1408 1409/1809/1409 1405/1801/1405
f 1304/1811/1304 1298/1808/1298 1411/1812/1411
f 1409/1809/1409 1412/1813/1412 1298/1808/1298
f 1298/1808/1298 1412/1813/1412 1411/1812/1411
f 1408/1807/1408 1407/1806/1407 1413/1814/1413
f 1088/1815/1088 1410/1810/1410 1081/1805/1081
f 1409/1809/1409 1414/1816/1414 1412/1813/1412
f 1414/1816/1414 1409/1809/1409 1408/1807/1408
f 1408/1807/1408 1413/1814/1413 1414/1816/1414
f 1407/1806/1407 1404/1800/1404 1415/1817/1415
f 1416/1818/1416 1410/1810/1410 1088/1815/1088
f 1417/1819/1417 1411/1812/1411 1418/1820/1418
f 1415/1817/1415 1413/1814/1413 1407/1806/1407
f 1411/1812/1411 1412/1813/1412 1418/1820/1418
f 1404/1800/1404 1410/1810/1410 1416/1818/1416
f 1419/1821/1419 1417/1819/1417 1418/1820/1418
f 1404/1800/1404 1416/1818/1416 1420/1822/1420
f 1420/1822/1420 1415/1817/1415 1404/1800/1404
f 1412/1813/1412 1414/1816/1414 1418/1820/1418
f 1414/1816/1414 1413/1814/1413 1421/1823/1421
f 1416/1818/1416 1095/1824/1095 1422/1825/1422
f 1415/1817/1415 1420/1822/1420 1423/1826/1423
f 1416/1818/1416 1422/1825/1422 1420/1822/1420
f 1413/1814/1413 1415/1817/1415 1423/1826/1423
f 1421/1823/1421 1413/1814/1413 1424/1827/1424
f 1423/1826/1423 1420/1822/1420 1425/1828/1425
f 1418/1820/1418 1414/1816/1414 1421/1823/1421
f 1423/1826/1423 1424/1827/1424 1413/1814/1413
f 1419/1821/1419 1418/1820/1418 1426/1829/1426
f 1425/1828/1425 1420/1822/1420 1422/1825/1422
f 1427/1830/1427 1423/1826/1423 1425/1828/1425
f 1424/1827/1424 1423/1826/1423 1427/1830/1427
f 1421/1823/1421 1424/1827/1424 1428/1831/1428
f 1427/1830/1427 1429/1832/1429 1424/1827/1424
f 1418/1820/1418 1421/1823/1421 1430/1833/1430
f 1428/1831/1428 1424/1827/1424 1429/1832/1429
f 1426/1829/1426 1418/1820/1418 1430/1833/1430
f 1421/1823/1421 1431/1834/1431 1430/1833/1430
f 1430/1833/1430 1432/1835/1432 1426/1829/1426
f 1421/1823/1421 1428/1831/1428 1431/1834/1431
f 1432/1835/1432 1430/1833/1430 1433/1836/1433
f 1430/1833/1430 1431/1834/1431 1433/1836/1433
f 1431/1834/1431 1434/1837/1434 1433/1836/1433
f 1428/1831/1428 1434/1837/1434 1431/1834/1431
f 1433/1836/1433 1434/1837/1434 1435/1838/1435
f 1095/1824/1095 1416/1818/1416 1088/1815/1088
f 1436/1839/1436 1324/1840/1324 1437/1841/1437
f 1436/1839/1436 1437/1841/1437 1438/1842/1438
f 1438/1842/1438 1439/1843/1439 1436/1839/1436
f 1438/1842/1438 1440/1844/1440 1439/1843/1439
f 1440/1844/1440 1438/1842/1438 978/1845/978
f 1441/1846/1441 1439/1843/1439 1440/1844/1440
f 1439/1843/1439 1441/1846/1441 1442/1847/1442
f 1440/1844/1440 978/1845/978 1036/1848/1036
f 1442/1847/1442 1441/1846/1441 1443/1849/1443
f 1440/1844/1440 1036/1848/1036 1444/1850/1444
f 1444/1850/1444 1036/1848/1036 1038/1851/1038
f 1445/1852/1445 1440/1844/1440 1444/1850/1444
f 1445/1852/1445 1441/1846/1441 1440/1844/1440
f 1444/1850/1444 1038/1851/1038 1446/1853/1446
f 1038/1851/1038 1044/1854/1044 1446/1853/1446
f 1441/1846/1441 1445/1852/1445 1447/1855/1447
f 1441/1846/1441 1448/1856/1448 1443/1849/1443
f 1441/1846/1441 1447/1855/1447 1448/1856/1448
f 1444/1850/1444 1446/1853/1446 1445/1852/1445
f 1449/1857/1449 1447/1855/1447 1445/1852/1445
f 1445/1852/1445 1446/1853/1446 1450/1858/1450
f 1447/1855/1447 1451/1859/1451 1448/1856/1448
f 1450/1858/1450 1446/1853/1446 1044/1854/1044
f 1447/1855/1447 1449/1857/1449 1451/1859/1451
f 1443/1849/1443 1448/1856/1448 1452/1860/1452
f 1445/1852/1445 1450/1858/1450 1449/1857/1449
f 1453/1861/1453 1452/1860/1452 1448/1856/1448
f 1453/1861/1453 1448/1856/1448 1451/1859/1451
f 1044/1854/1044 1051/1862/1051 1450/1858/1450
f 1451/1859/1451 1454/1863/1454 1453/1861/1453
f 1453/1861/1453 1455/1864/1455 1452/1860/1452
f 1456/1865/1456 1449/1857/1449 1450/1858/1450
f 1457/1866/1457 1449/1857/1449 1456/1865/1456
f 1450/1858/1450 1051/1862/1051 1456/1865/1456
f 1451/1859/1451 1458/1867/1458 1454/1863/1454
f 1453/1861/1453 1454/1863/1454 1459/1868/1459
f 1456/1865/1456 1460/1869/1460 1457/1866/1457
f 1454/1863/1454 1458/1867/1458 1461/1870/1461
f 1453/1861/1453 1459/1868/1459 1455/1864/1455
f 1054/1871/1054 1462/1872/1462 1051/1862/1051
f 1456/1865/1456 1051/1862/1051 1462/1872/1462
f 1454/1863/1454 1463/1873/1463 1459/1868/1459
f 1464/1874/1464 1455/1864/1455 1459/1868/1459
f 1465/1875/1465 1455/1876/1455 1464/1877/1464
f 1460/1869/1460 1456/1865/1456 1462/1872/1462
f 1462/1872/1462 1466/1878/1466 1460/1869/1460
f 1461/1870/1461 1467/1879/1467 1454/1863/1454
f 1468/1880/1468 1462/1872/1462 1054/1871/1054
f 1468/1880/1468 1054/1871/1054 1469/1881/1469
f 1454/1863/1454 1467/1879/1467 1463/1873/1463
f 1470/1882/1470 1463/1883/1463 1464/1884/1464
f 1467/1879/1467 1461/1870/1461 1471/1885/1471
f 1463/1883/1463 1467/1886/1467 1464/1884/1464
f 1469/1881/1469 1472/1887/1472 1468/1880/1468
f 1464/1884/1464 1467/1886/1467 1473/1888/1473
f 1473/1889/1473 1465/1875/1465 1464/1877/1464
f 1474/1890/1474 1468/1880/1468 1472/1887/1472
f 1467/1879/1467 1471/1885/1471 1475/1891/1475
f 1468/1880/1468 1476/1892/1476 1462/1872/1462
f 1473/1893/1473 1467/1879/1467 1475/1891/1475
f 1477/1894/1477 1471/1885/1471 1478/1895/1478
f 1475/1891/1475 1471/1885/1471 1477/1894/1477
f 1475/1891/1475 1479/1896/1479 1473/1893/1473
f 1468/1880/1468 1480/1897/1480 1476/1892/1476
f 1477/1894/1477 1478/1895/1478 1481/1898/1481
f 1474/1890/1474 1480/1897/1480 1468/1880/1468
f 1475/1891/1475 1477/1894/1477 1479/1896/1479
f 1480/1897/1480 1474/1890/1474 1482/1899/1482
f 1477/1894/1477 1483/1900/1483 1484/1901/1484
f 1479/1896/1479 1477/1894/1477 1484/1901/1484
f 1324/1902/1324 1436/1903/1436 1322/1904/1322
f 1436/1903/1436 1326/1905/1326 1322/1904/1322
f 1326/1905/1326 1436/1903/1436 1439/1906/1439
f 1442/1907/1442 1326/1905/1326 1439/1906/1439
f 1326/1905/1326 1442/1907/1442 1335/1908/1335
f 1442/1907/1442 1443/1909/1443 1335/1908/1335
f 1485/1910/1485 1335/1908/1335 1443/1909/1443
f 1335/1908/1335 1485/1910/1485 1338/1911/1338
f 1485/1910/1485 1486/1912/1486 1338/1911/1338
f 1452/1913/1452 1485/1910/1485 1443/1909/1443
f 1486/1912/1486 1344/1914/1344 1338/1911/1338
f 1486/1912/1486 1485/1910/1485 1452/1913/1452
f 1487/1915/1487 1486/1912/1486 1452/1913/1452
f 1344/1914/1344 1486/1912/1486 1364/1916/1364
f 1487/1915/1487 1463/1917/1463 1486/1912/1486
f 1463/1917/1463 1488/1918/1488 1486/1912/1486
f 1463/1917/1463 1489/1919/1489 1488/1918/1488
f 1488/1918/1488 1364/1916/1364 1486/1912/1486
f 1489/1919/1489 1490/1920/1490 1488/1918/1488
f 1361/1921/1361 1364/1916/1364 1488/1918/1488
f 1378/1922/1378 1361/1921/1361 1488/1918/1488
f 1490/1920/1490 1491/1923/1491 1488/1918/1488
f 1491/1923/1491 1490/1920/1490 1479/1924/1479
f 1492/1925/1492 1491/1923/1491 1479/1924/1479
f 1307/1926/1307 1268/1927/1268 1493/1928/1493
f 1268/1927/1268 1270/1929/1270 1493/1928/1493
f 1493/1928/1493 1270/1929/1270 1494/1930/1494
f 1494/1930/1494 1270/1929/1270 1282/1931/1282
f 1494/1930/1494 1495/1932/1495 1493/1928/1493
f 1279/1933/1279 1282/1931/1282 1270/1929/1270
f 1495/1932/1495 1311/1934/1311 1493/1928/1493
f 1311/1934/1311 1307/1926/1307 1493/1928/1493
f 1282/1931/1282 1496/1935/1496 1494/1930/1494
f 1495/1932/1495 1494/1930/1494 1496/1935/1496
f 1311/1934/1311 1495/1932/1495 1497/1936/1497
f 1496/1935/1496 1282/1931/1282 1498/1937/1498
f 1496/1935/1496 1499/1938/1499 1495/1932/1495
f 1497/1936/1497 1314/1939/1314 1311/1934/1311
f 1282/1931/1282 1300/1940/1300 1498/1937/1498
f 1497/1936/1497 1495/1932/1495 1499/1938/1499
f 1500/1941/1500 1300/1940/1300 1303/1942/1303
f 1499/1938/1499 1496/1935/1496 1501/1943/1501
f 1498/1937/1498 1501/1943/1501 1496/1935/1496
f 1497/1936/1497 1502/1944/1502 1314/1939/1314
f 1500/1941/1500 1503/1945/1503 1300/1940/1300
f 1501/1943/1501 1498/1937/1498 1503/1945/1503
f 1504/1946/1504 1499/1938/1499 1501/1943/1501
f 1504/1946/1504 1497/1936/1497 1499/1938/1499
f 1310/1947/1310 1311/1934/1311 1314/1939/1314
f 1505/1948/1505 1504/1946/1504 1501/1943/1501
f 1504/1946/1504 1506/1949/1506 1497/1936/1497
f 1506/1949/1506 1504/1946/1504 1505/1948/1505
f 1502/1944/1502 1497/1936/1497 1506/1949/1506
f 1502/1944/1502 1507/1950/1507 1314/1939/1314
f 1502/1944/1502 1508/1951/1508 1507/1950/1507
f 1506/1949/1506 1508/1951/1508 1502/1944/1502
f 1503/1945/1503 1500/1941/1500 1509/1952/1509
f 1510/1953/1510 1501/1943/1501 1511/1954/1511
f 1512/1955/1512 1505/1948/1505 1510/1953/1510
f 1512/1956/1512 1510/1957/1510 1513/1958/1513
f 1510/1957/1510 1514/1959/1514 1513/1958/1513
f 1513/1958/1513 1514/1959/1514 1515/1960/1515
f 1516/1961/1516 1512/1956/1512 1513/1958/1513
f 1500/1941/1500 1517/1962/1517 1509/1952/1509
f 1512/1955/1512 1518/1963/1518 1505/1948/1505
f 1505/1948/1505 1518/1963/1518 1506/1949/1506
f 1518/1963/1518 1508/1951/1508 1506/1949/1506
f 1501/1943/1501 1503/1945/1503 1511/1954/1511
f 1516/1961/1516 1513/1958/1513 1515/1960/1515
f 1314/1939/1314 1507/1950/1507 1315/1964/1315
f 1318/1965/1318 1315/1964/1315 1507/1950/1507
f 1509/1952/1509 1519/1966/1519 1503/1945/1503
f 1503/1945/1503 1520/1967/1520 1511/1954/1511
f 1518/1963/1518 1512/1955/1512 1521/1968/1521
f 1520/1967/1520 1521/1968/1521 1511/1954/1511
f 1318/1965/1318 1507/1950/1507 1508/1951/1508
f 1520/1967/1520 1503/1945/1503 1519/1966/1519
f 1521/1968/1521 1520/1967/1520 1518/1963/1518
f 1508/1951/1508 1522/1969/1522 1318/1965/1318
f 1508/1951/1508 1518/1963/1518 1522/1969/1522
f 1520/1967/1520 1523/1970/1523 1518/1963/1518
f 1524/1971/1524 1509/1952/1509 1517/1962/1517
f 1522/1969/1522 1319/1972/1319 1318/1965/1318
f 1525/1973/1525 1519/1966/1519 1509/1952/1509
f 1520/1967/1520 1519/1966/1519 1523/1970/1523
f 1522/1969/1522 1518/1963/1518 1526/1974/1526
f 1509/1952/1509 1524/1971/1524 1525/1973/1525
f 1523/1970/1523 1526/1974/1526 1518/1963/1518
f 1519/1966/1519 1527/1975/1527 1523/1970/1523
f 1527/1975/1527 1519/1966/1519 1525/1973/1525
f 1523/1970/1523 1527/1975/1527 1526/1974/1526
f 1319/1972/1319 1528/1976/1528 1320/1977/1320
f 1529/1978/1529 1319/1972/1319 1522/1969/1522
f 1526/1974/1526 1529/1978/1529 1522/1969/1522
f 1529/1978/1529 1528/1976/1528 1319/1972/1319
f 1527/1975/1527 1530/1979/1530 1526/1974/1526
f 1526/1974/1526 1530/1979/1530 1529/1978/1529
f 1525/1973/1525 1524/1971/1524 1531/1980/1531
f 1531/1980/1531 1532/1981/1532 1525/1973/1525
f 1525/1973/1525 1532/1981/1532 1527/1975/1527
f 1530/1979/1530 1533/1982/1533 1529/1978/1529
f 1534/1983/1534 1533/1982/1533 1530/1979/1530
f 1530/1979/1530 1527/1975/1527 1535/1984/1535
f 1535/1984/1535 1534/1983/1534 1530/1979/1530
f 1536/1985/1536 1527/1975/1527 1532/1981/1532
f 1531/1980/1531 1536/1985/1536 1532/1981/1532
f 1535/1984/1535 1527/1975/1527 1536/1985/1536
f 1531/1980/1531 1537/1986/1537 1536/1985/1536
f 1498/1937/1498 1300/1940/1300 1503/1945/1503
f 1510/1953/1510 1505/1948/1505 1501/1943/1501
f 1133/1987/1133 1127/1988/1127 1328/1989/1328
f 1133/1987/1133 1328/1989/1328 1330/1990/1330
f 1330/1990/1330 1328/1989/1328 1329/1991/1329
f 1333/1992/1333 1330/1990/1330 1329/1991/1329
f 1334/1993/1334 1330/1990/1330 1333/1992/1333
f 1334/1993/1334 1333/1992/1333 1337/1994/1337
f 1342/1995/1342 1334/1993/1334 1337/1994/1337
f 1342/1995/1342 1337/1994/1337 1347/1996/1347
f 1343/1997/1343 1347/1996/1347 1337/1994/1337
f 1538/1998/1538 1347/1996/1347 1343/1997/1343
f 1343/1997/1343 1355/1999/1355 1538/1998/1538
f 1347/1996/1347 1538/1998/1538 1353/2000/1353
f 1366/2001/1366 1538/1998/1538 1355/1999/1355
f 1538/1998/1538 1366/2001/1366 1353/2000/1353
f 1367/2002/1367 1366/2001/1366 1355/1999/1355
f 1374/2003/1374 1366/2001/1366 1367/2002/1367
f 1367/2002/1367 1377/2004/1377 1374/2003/1374
f 1376/2005/1376 1374/2003/1374 1377/2004/1377
f 1539/2006/1539 1292/2007/1292 1295/2008/1295
f 1292/2007/1292 1540/2009/1540 1290/2010/1290
f 1292/2007/1292 1539/2006/1539 1540/2009/1540
f 1299/2011/1299 1541/2012/1541 1302/2013/1302
f 1290/2010/1290 1540/2009/1540 1297/2014/1297
f 1299/2011/1299 1297/2014/1297 1541/2012/1541
f 1295/2008/1295 1542/2015/1542 1539/2006/1539
f 1302/2013/1302 1543/2016/1543 1303/2017/1303
f 1543/2016/1543 1500/2018/1500 1303/2017/1303
f 1302/2013/1302 1541/2012/1541 1543/2016/1543
f 1542/2015/1542 1295/2008/1295 1304/2019/1304
f 1297/2014/1297 1544/2020/1544 1541/2012/1541
f 1297/2014/1297 1540/2009/1540 1544/2020/1544
f 1539/2006/1539 1542/2015/1542 1545/2021/1545
f 1539/2006/1539 1545/2021/1545 1540/2009/1540
f 1417/2022/1417 1304/2019/1304 1411/2023/1411
f 1540/2009/1540 1545/2021/1545 1544/2020/1544
f 1304/2019/1304 1417/2022/1417 1542/2015/1542
f 1543/2016/1543 1517/2024/1517 1500/2018/1500
f 1541/2012/1541 1544/2020/1544 1546/2025/1546
f 1542/2015/1542 1417/2022/1417 1545/2021/1545
f 1541/2012/1541 1546/2025/1546 1543/2016/1543
f 1547/2026/1547 1544/2020/1544 1545/2021/1545
f 1546/2025/1546 1548/2027/1548 1543/2016/1543
f 1543/2016/1543 1548/2027/1548 1517/2024/1517
f 1545/2021/1545 1417/2022/1417 1547/2026/1547
f 1544/2020/1544 1547/2026/1547 1549/2028/1549
f 1544/2020/1544 1550/2029/1550 1546/2025/1546
f 1544/2020/1544 1549/2028/1549 1550/2029/1550
f 1550/2029/1550 1551/2030/1551 1546/2025/1546
f 1548/2027/1548 1524/2031/1524 1517/2024/1517
f 1551/2030/1551 1548/2027/1548 1546/2025/1546
f 1552/2032/1552 1547/2026/1547 1417/2022/1417
f 1553/2033/1553 1549/2028/1549 1547/2026/1547
f 1417/2022/1417 1419/2034/1419 1552/2032/1552
f 1550/2029/1550 1549/2028/1549 1554/2035/1554
f 1553/2033/1553 1554/2035/1554 1549/2028/1549
f 1555/2036/1555 1552/2032/1552 1419/2034/1419
f 1556/2037/1556 1547/2026/1547 1552/2032/1552
f 1547/2026/1547 1556/2037/1556 1553/2033/1553
f 1551/2030/1551 1557/2038/1557 1548/2027/1548
f 1558/2039/1558 1551/2030/1551 1550/2029/1550
f 1553/2033/1553 1559/2040/1559 1554/2035/1554
f 1557/2038/1557 1551/2030/1551 1558/2039/1558
f 1560/2041/1560 1554/2035/1554 1559/2040/1559
f 1524/2031/1524 1548/2027/1548 1557/2038/1557
f 1559/2040/1559 1553/2033/1553 1556/2037/1556
f 1419/2034/1419 1432/2042/1432 1555/2036/1555
f 1426/2043/1426 1432/2042/1432 1419/2034/1419
f 1559/2040/1559 1558/2039/1558 1560/2041/1560
f 1559/2040/1559 1561/2044/1561 1558/2039/1558
f 1557/2038/1557 1531/2045/1531 1524/2031/1524
f 1557/2038/1557 1558/2039/1558 1561/2044/1561
f 1555/2036/1555 1432/2042/1432 1562/2046/1562
f 1555/2036/1555 1562/2046/1562 1552/2032/1552
f 1556/2037/1556 1552/2032/1552 1563/2047/1563
f 1556/2037/1556 1564/2048/1564 1559/2040/1559
f 1557/2038/1557 1561/2044/1561 1531/2045/1531
f 1564/2048/1564 1556/2037/1556 1563/2047/1563
f 1561/2044/1561 1559/2040/1559 1564/2048/1564
f 1552/2032/1552 1562/2046/1562 1563/2047/1563
f 1562/2046/1562 1432/2042/1432 1435/2049/1435
f 1432/2042/1432 1433/2050/1433 1435/2049/1435
f 1562/2046/1562 1435/2049/1435 1563/2047/1563
f 1563/2047/1563 1565/2051/1565 1564/2048/1564
f 1531/2045/1531 1561/2044/1561 1537/2052/1537
f 1566/2053/1566 1561/2044/1561 1564/2048/1564
f 1563/2047/1563 1435/2049/1435 1565/2051/1565
f 1565/2051/1565 1566/2053/1566 1564/2048/1564
f 1567/2054/1567 1565/2051/1565 1435/2049/1435
f 1561/2044/1561 1566/2053/1566 1537/2052/1537
f 1567/2054/1567 1568/2055/1568 1565/2051/1565
f 1565/2051/1565 1568/2055/1568 1566/2053/1566
f 1566/2053/1566 1569/2056/1569 1537/2052/1537
f 525/2057/525 520/2058/520 509/2059/509
f 1141/2060/1141 1144/2061/1144 1570/2062/1570
f 1571/2063/1571 1570/2062/1570 1144/2061/1144
f 1001/2064/1001 999/2065/999 1572/2066/1572
f 1572/2066/1572 1570/2062/1570 1571/2063/1571
f 1571/2063/1571 1144/2061/1144 1156/2067/1156
f 1572/2066/1572 1571/2063/1571 1573/2068/1573
f 1001/2064/1001 1572/2066/1572 1573/2068/1573
f 1573/2068/1573 1571/2063/1571 1156/2067/1156
f 1001/2064/1001 1573/2068/1573 1004/2069/1004
f 1156/2067/1156 1574/2070/1574 1573/2068/1573
f 1574/2070/1574 1156/2067/1156 1161/2071/1161
f 1573/2068/1573 1574/2070/1574 1575/2072/1575
f 1573/2068/1573 1575/2072/1575 1004/2069/1004
f 1575/2072/1575 1574/2070/1574 1161/2071/1161
f 1004/2069/1004 1575/2072/1575 1006/2073/1006
f 1575/2072/1575 1161/2071/1161 1166/2074/1166
f 1211/2075/1211 1007/2076/1007 1576/2077/1576
f 1577/2078/1577 1010/2079/1010 1006/2073/1006
f 1166/2074/1166 1577/2078/1577 1575/2072/1575
f 1575/2072/1575 1577/2078/1577 1006/2073/1006
f 1165/2080/1165 1211/2075/1211 1164/2081/1164
f 1010/2079/1010 1576/2077/1576 1007/2076/1007
f 1164/2081/1164 1578/2082/1578 1166/2074/1166
f 1577/2078/1577 1166/2074/1166 1578/2082/1578
f 1211/2075/1211 1578/2082/1578 1164/2081/1164
f 1211/2075/1211 1576/2077/1576 1578/2082/1578
f 1576/2077/1576 1010/2079/1010 1577/2078/1577
f 1578/2082/1578 1576/2077/1576 1577/2078/1577
f 521/2083/521 529/2084/529 525/2085/525
f 1511/2086/1511 1514/2087/1514 1510/2088/1510
f 1515/2089/1515 1514/2087/1514 1511/2086/1511
f 1515/2089/1515 1511/2086/1511 1521/2090/1521
f 1512/2091/1512 1516/2092/1516 1521/2093/1521
f 1515/2094/1515 1521/2093/1521 1516/2092/1516
f 1449/2095/1449 1458/2096/1458 1451/2097/1451
f 1457/2098/1457 1458/2096/1458 1449/2095/1449
f 1458/2096/1458 1457/2098/1457 1460/2099/1460
f 1460/2099/1460 1461/2100/1461 1458/2096/1458
f 1460/2099/1460 1466/2101/1466 1461/2100/1461
f 1466/2101/1466 1579/2102/1579 1461/2100/1461
f 1579/2102/1579 1471/2103/1471 1461/2100/1461
f 1488/2104/1488 1491/2105/1491 1378/2106/1378
f 1478/2107/1478 1471/2103/1471 1579/2102/1579
f 1466/2101/1466 1462/2108/1462 1580/2109/1580
f 1579/2102/1579 1466/2101/1466 1580/2109/1580
f 1581/2110/1581 1478/2107/1478 1579/2102/1579
f 1580/2109/1580 1581/2110/1581 1579/2102/1579
f 1580/2109/1580 1462/2108/1462 1476/2111/1476
f 1580/2109/1580 1582/2112/1582 1581/2110/1581
f 1583/2113/1583 1584/2114/1584 1585/2115/1585
f 1491/2105/1491 1381/2116/1381 1378/2106/1378
f 1581/2110/1581 1586/2117/1586 1478/2107/1478
f 1481/2118/1481 1586/2117/1586 1583/2113/1583
f 1481/2118/1481 1583/2113/1583 1587/2119/1587
f 1587/2119/1587 1583/2113/1583 1585/2115/1585
f 1381/2116/1381 1491/2105/1491 1492/2120/1492
f 1478/2107/1478 1586/2117/1586 1481/2118/1481
f 1582/2112/1582 1580/2109/1580 1476/2111/1476
f 1585/2115/1585 1588/2121/1588 1587/2119/1587
f 1582/2112/1582 1476/2111/1476 1589/2122/1589
f 1483/2123/1483 1477/2124/1477 1481/2118/1481
f 1483/2123/1483 1481/2118/1481 1587/2119/1587
f 1590/2125/1590 1480/2126/1480 1482/2127/1482
f 1480/2126/1480 1589/2122/1589 1476/2111/1476
f 1591/2128/1591 1587/2119/1587 1588/2121/1588
f 1589/2122/1589 1480/2126/1480 1590/2125/1590
f 1484/2129/1484 1492/2120/1492 1479/2130/1479
f 1385/2131/1385 1492/2120/1492 1592/2132/1592
f 1483/2123/1483 1587/2119/1587 1591/2128/1591
f 1484/2129/1484 1592/2132/1592 1492/2120/1492
f 1381/2116/1381 1492/2120/1492 1385/2131/1385
f 1592/2132/1592 1484/2129/1484 1483/2123/1483
f 1591/2128/1591 1593/2133/1593 1483/2123/1483
f 1592/2132/1592 1483/2123/1483 1593/2133/1593
f 1385/2131/1385 1592/2132/1592 1593/2133/1593
f 1594/2134/1594 1595/2135/1595 1596/2136/1596
f 1594/2134/1594 1593/2133/1593 1597/2137/1597
f 1385/2131/1385 1593/2133/1593 1389/2138/1389
f 1597/2137/1597 1595/2135/1595 1594/2134/1594
f 1389/2138/1389 1593/2133/1593 1594/2134/1594
f 1596/2136/1596 1598/2139/1598 1599/2140/1599
f 1594/2134/1594 1596/2136/1596 1600/2141/1600
f 1600/2141/1600 1596/2136/1596 1599/2140/1599
f 1594/2134/1594 1600/2141/1600 1389/2138/1389
f 1389/2138/1389 1600/2141/1600 1391/2142/1391
f 1391/2142/1391 1600/2141/1600 1599/2140/1599
f 1391/2142/1391 1599/2140/1599 1390/2143/1390
f 1601/2144/1601 1599/2140/1599 1388/2145/1388
f 1601/2144/1601 1390/2143/1390 1599/2140/1599
f 1602/2146/1602 1603/2147/1603 1604/2148/1604
f 1603/2147/1603 1602/2146/1602 1605/2149/1605
f 1606/2150/1606 1605/2149/1605 1602/2146/1602
f 1607/2151/1607 1605/2149/1605 1606/2150/1606
f 1607/2151/1607 1608/2152/1608 1605/2149/1605
f 1609/2153/1609 1607/2151/1607 1606/2150/1606
f 1610/2154/1610 1607/2151/1607 1609/2153/1609
f 1611/2155/1611 1607/2151/1607 1610/2154/1610
f 1612/2156/1612 1610/2154/1610 1609/2153/1609
f 1611/2155/1611 1608/2152/1608 1607/2151/1607
f 1610/2154/1610 1584/2157/1584 1611/2155/1611
f 1585/2158/1585 1610/2154/1610 1612/2156/1612
f 1584/2157/1584 1610/2154/1610 1585/2158/1585
f 1581/2159/1581 1582/2160/1582 1586/2161/1586
f 1584/2157/1584 1613/2162/1613 1611/2155/1611
f 1588/2163/1588 1585/2158/1585 1612/2156/1612
f 1608/2152/1608 1611/2155/1611 1590/2164/1590
f 1613/2162/1613 1584/2157/1584 1583/2165/1583
f 1586/2161/1586 1613/2162/1613 1583/2165/1583
f 1613/2162/1613 1590/2164/1590 1611/2155/1611
f 1590/2164/1590 1482/2166/1482 1608/2152/1608
f 1582/2160/1582 1613/2162/1613 1586/2161/1586
f 1613/2162/1613 1589/2167/1589 1590/2164/1590
f 1582/2160/1582 1589/2167/1589 1613/2162/1613
f 1199/2168/1199 1207/2169/1207 1202/2170/1202
f 1203/2171/1203 1614/2172/1614 1207/2169/1207
f 1615/2173/1615 1205/2174/1205 1204/2175/1204
f 1616/2176/1616 1207/2169/1207 1614/2172/1614
f 1616/2176/1616 1614/2172/1614 1617/2177/1617
f 1617/2177/1617 1614/2172/1614 1618/2178/1618
f 855/2179/855 1615/2173/1615 1204/2175/1204
f 836/2180/836 545/2181/545 1619/2182/1619
f 1205/2174/1205 1620/2183/1620 1614/2172/1614
f 776/2184/776 777/2185/777 778/2186/778
f 1619/2182/1619 545/2181/545 1621/2187/1621
f 542/2188/542 836/2180/836 549/2189/549
f 1208/2190/1208 1622/2191/1622 1209/2192/1209
f 774/2193/774 1623/2194/1623 777/2185/777
f 1624/2195/1624 1620/2183/1620 1615/2173/1615
f 777/2185/777 1625/2196/1625 778/2186/778
f 1208/2190/1208 1202/2170/1202 1622/2191/1622
f 1616/2176/1616 1617/2177/1617 1626/2197/1626
f 1627/2198/1627 1617/2177/1617 1618/2178/1618
f 1618/2178/1618 1614/2172/1614 1620/2183/1620
f 1205/2174/1205 1615/2173/1615 1620/2183/1620
f 549/2189/549 836/2180/836 1619/2182/1619
f 1207/2169/1207 1622/2191/1622 1202/2170/1202
f 1626/2197/1626 1617/2177/1617 1628/2199/1628
f 1627/2198/1627 1628/2199/1628 1617/2177/1617
f 1620/2183/1620 1629/2200/1629 1618/2178/1618
f 1623/2194/1623 1625/2196/1625 777/2185/777
f 1630/2201/1630 545/2181/545 778/2186/778
f 1630/2201/1630 1621/2187/1621 545/2181/545
f 1618/2178/1618 1629/2200/1629 1627/2198/1627
f 1207/2169/1207 1616/2176/1616 1631/2202/1631
f 1632/2203/1632 779/2204/779 781/2205/781
f 1633/2206/1633 774/2193/774 779/2204/779
f 950/2207/950 1209/2192/1209 1622/2191/1622
f 1631/2202/1631 1616/2176/1616 1626/2197/1626
f 1623/2194/1623 774/2193/774 1633/2206/1633
f 1629/2200/1629 1620/2183/1620 1624/2195/1624
f 1625/2196/1625 1623/2194/1623 1634/2208/1634
f 1619/2182/1619 550/2209/550 549/2189/549
f 1207/2169/1207 1631/2202/1631 1635/2210/1635
f 1627/2198/1627 1636/2211/1636 1628/2199/1628
f 779/2204/779 1632/2203/1632 1633/2206/1633
f 1629/2200/1629 1637/2212/1637 1627/2198/1627
f 1638/2213/1638 1637/2212/1637 1623/2194/1623
f 1630/2201/1630 778/2186/778 1625/2196/1625
f 855/2179/855 1639/2214/1639 1615/2173/1615
f 1640/2215/1640 541/2216/541 553/2217/553
f 1621/2187/1621 550/2209/550 1619/2182/1619
f 1637/2212/1637 1636/2211/1636 1627/2198/1627
f 1638/2213/1638 1636/2211/1636 1637/2212/1637
f 1623/2194/1623 1637/2212/1637 1634/2208/1634
f 1629/2200/1629 1641/2218/1641 1637/2212/1637
f 1624/2195/1624 1642/2219/1642 1629/2200/1629
f 1615/2173/1615 1642/2219/1642 1624/2195/1624
f 541/2216/541 1640/2215/1640 1639/2214/1639
f 1626/2197/1626 1628/2199/1628 1631/2202/1631
f 1638/2213/1638 1623/2194/1623 1633/2206/1633
f 1634/2208/1634 1637/2212/1637 1641/2218/1641
f 1629/2200/1629 1642/2219/1642 1641/2218/1641
f 1643/2220/1643 1630/2201/1630 1625/2196/1625
f 1644/2221/1644 1615/2173/1615 1639/2214/1639
f 550/2209/550 1621/2187/1621 1645/2222/1645
f 550/2209/550 1645/2222/1645 555/2223/555
f 1622/2191/1622 1207/2169/1207 1635/2210/1635
f 1640/2215/1640 1644/2221/1644 1639/2214/1639
f 555/2223/555 1640/2215/1640 553/2217/553
f 1635/2210/1635 1631/2202/1631 1646/2224/1646
f 1631/2202/1631 1628/2199/1628 1646/2224/1646
f 1647/2225/1647 1632/2203/1632 781/2205/781
f 1628/2199/1628 1636/2211/1636 1638/2213/1638
f 1632/2203/1632 1647/2225/1647 1638/2213/1638
f 1638/2213/1638 1633/2206/1633 1632/2203/1632
f 1643/2220/1643 1625/2196/1625 1634/2208/1634
f 1642/2219/1642 1644/2221/1644 1641/2218/1641
f 1615/2173/1615 1644/2221/1644 1642/2219/1642
f 1647/2225/1647 781/2205/781 780/2226/780
f 1640/2215/1640 555/2223/555 1645/2222/1645
f 1645/2222/1645 1621/2187/1621 1630/2201/1630
f 947/2227/947 1647/2225/1647 780/2226/780
f 1646/2224/1646 1628/2199/1628 1638/2213/1638
f 1641/2218/1641 1648/2228/1648 1634/2208/1634
f 1634/2208/1634 1648/2228/1648 1643/2220/1643
f 1648/2228/1648 1630/2201/1630 1643/2220/1643
f 1648/2228/1648 1645/2222/1645 1630/2201/1630
f 1649/2229/1649 1647/2225/1647 947/2227/947
f 1646/2224/1646 1638/2213/1638 1649/2229/1649
f 1649/2229/1649 1638/2213/1638 1647/2225/1647
f 1648/2228/1648 1641/2218/1641 1644/2221/1644
f 1648/2228/1648 1644/2221/1644 1640/2215/1640
f 1648/2228/1648 1640/2215/1640 1645/2222/1645
f 948/2230/948 950/2207/950 1622/2191/1622
f 947/2227/947 953/2231/953 1649/2229/1649
f 1635/2210/1635 948/2230/948 1622/2191/1622
f 953/2231/953 954/2232/954 1649/2229/1649
f 1649/2229/1649 1650/2233/1650 1646/2224/1646
f 1650/2233/1650 1635/2210/1635 1646/2224/1646
f 1650/2233/1650 954/2232/954 948/2230/948
f 1650/2233/1650 948/2230/948 1635/2210/1635
f 1649/2229/1649 954/2232/954 1650/2233/1650
f 1205/2174/1205 1614/2172/1614 1203/2171/1203
f 541/2216/541 1639/2214/1639 855/2179/855
f 443/2234/443 451/2235/451 448/2236/448
f 448/2236/448 1651/2237/1651 456/2238/456
f 1652/2239/1652 456/2238/456 1651/2237/1651
f 456/2238/456 1652/2239/1652 458/2240/458
f 458/2240/458 1653/2241/1653 461/2242/461
f 451/2235/451 1654/2243/1654 448/2236/448
f 1652/2239/1652 1653/2241/1653 458/2240/458
f 461/2242/461 1653/2241/1653 466/2244/466
f 1651/2237/1651 448/2236/448 1654/2243/1654
f 466/2244/466 1653/2241/1653 469/2245/469
f 1654/2243/1654 1655/2246/1655 1651/2237/1651
f 1652/2239/1652 1651/2237/1651 1656/2247/1656
f 1652/2239/1652 1657/2248/1657 1653/2241/1653
f 1658/2249/1658 469/2245/469 1653/2241/1653
f 451/2235/451 473/2250/473 1654/2243/1654
f 1656/2247/1656 1657/2248/1657 1652/2239/1652
f 1655/2246/1655 1656/2247/1656 1651/2237/1651
f 1653/2241/1653 1657/2248/1657 1658/2249/1658
f 469/2245/469 1658/2249/1658 474/2251/474
f 989/2252/989 1244/2253/1244 1241/2254/1241
f 1242/2255/1242 1239/2256/1239 1247/2257/1247
f 1659/2258/1659 1244/2253/1244 989/2252/989
f 1240/2259/1240 1242/2255/1242 1248/2260/1248
f 1242/2255/1242 1247/2257/1247 1248/2260/1248
f 1055/2261/1055 1660/2262/1660 1054/2263/1054
f 1247/2257/1247 1246/2264/1246 1661/2265/1661
f 1055/2261/1055 1059/2266/1059 1662/2267/1662
f 1660/2262/1660 1055/2261/1055 1662/2267/1662
f 1663/2268/1663 1246/2264/1246 1244/2253/1244
f 1659/2258/1659 1663/2268/1663 1244/2253/1244
f 1664/2269/1664 1248/2260/1248 1665/2270/1665
f 1247/2257/1247 1661/2265/1661 1666/2271/1666
f 1667/2272/1667 1660/2262/1660 1662/2267/1662
f 1664/2269/1664 1249/2273/1249 1248/2260/1248
f 1661/2265/1661 1662/2267/1662 1666/2271/1666
f 991/2274/991 1668/2275/1668 990/2276/990
f 1058/2277/1058 1669/2278/1669 1056/2279/1056
f 1670/2280/1670 1245/2281/1245 1249/2273/1249
f 1249/2273/1249 1664/2269/1664 1670/2280/1670
f 1666/2271/1666 1665/2270/1665 1247/2257/1247
f 1665/2270/1665 1666/2271/1666 1671/2282/1671
f 989/2252/989 1668/2275/1668 1659/2258/1659
f 990/2276/990 1668/2275/1668 989/2252/989
f 1672/2283/1672 1668/2275/1668 991/2274/991
f 1673/2284/1673 1060/2285/1060 1674/2286/1674
f 1661/2265/1661 1675/2287/1675 1662/2267/1662
f 1663/2268/1663 1659/2258/1659 1676/2288/1676
f 1671/2282/1671 1666/2271/1666 1662/2267/1662
f 1662/2267/1662 1059/2266/1059 1671/2282/1671
f 1056/2279/1056 1669/2278/1669 1057/2289/1057
f 1250/2290/1250 1245/2281/1245 1108/2291/1108
f 1246/2264/1246 1675/2287/1675 1661/2265/1661
f 1246/2264/1246 1663/2268/1663 1675/2287/1675
f 1060/2285/1060 1057/2289/1057 1674/2286/1674
f 1060/2285/1060 1671/2282/1671 1059/2266/1059
f 1675/2287/1675 1677/2292/1677 1662/2267/1662
f 1659/2258/1659 1668/2275/1668 1676/2288/1676
f 1660/2262/1660 1469/2293/1469 1054/2263/1054
f 1674/2286/1674 1057/2289/1057 1669/2278/1669
f 1675/2287/1675 1663/2268/1663 1676/2288/1676
f 1469/2293/1469 1660/2262/1660 1678/2294/1678
f 1668/2275/1668 1672/2283/1672 1679/2295/1679
f 1472/2296/1472 1679/2295/1679 1672/2283/1672
f 1669/2278/1669 1058/2277/1058 1107/2297/1107
f 1060/2285/1060 1673/2284/1673 1671/2282/1671
f 1675/2287/1675 1676/2288/1676 1677/2292/1677
f 1667/2272/1667 1678/2294/1678 1660/2262/1660
f 1679/2295/1679 1676/2288/1676 1668/2275/1668
f 1680/2298/1680 1673/2284/1673 1674/2286/1674
f 1664/2269/1664 1681/2299/1681 1670/2280/1670
f 1665/2270/1665 1671/2282/1671 1682/2300/1682
f 1678/2294/1678 1667/2272/1667 1662/2267/1662
f 1664/2269/1664 1665/2270/1665 1681/2299/1681
f 1678/2294/1678 1662/2267/1662 1677/2292/1677
f 1679/2295/1679 1677/2292/1677 1676/2288/1676
f 1681/2299/1681 1665/2270/1665 1682/2300/1682
f 1469/2293/1469 1678/2294/1678 1677/2292/1677
f 1472/2296/1472 1677/2292/1677 1679/2295/1679
f 1469/2293/1469 1677/2292/1677 1472/2296/1472
f 1673/2284/1673 1682/2300/1682 1671/2282/1671
f 1683/2301/1683 1681/2299/1681 1682/2300/1682
f 1684/2302/1684 1683/2301/1683 1682/2300/1682
f 1105/2303/1105 1108/2291/1108 1685/2304/1685
f 1245/2281/1245 1686/2305/1686 1108/2291/1108
f 1674/2286/1674 1669/2278/1669 1680/2298/1680
f 1245/2281/1245 1670/2280/1670 1686/2305/1686
f 1685/2304/1685 1110/2306/1110 1105/2303/1105
f 1682/2300/1682 1673/2284/1673 1684/2302/1684
f 1669/2278/1669 1107/2297/1107 1111/2307/1111
f 1685/2304/1685 1108/2291/1108 1686/2305/1686
f 1684/2302/1684 1673/2284/1673 1680/2298/1680
f 1685/2304/1685 1686/2305/1686 1687/2308/1687
f 1687/2308/1687 1686/2305/1686 1670/2280/1670
f 1687/2308/1687 1681/2299/1681 1688/2309/1688
f 1687/2308/1687 1670/2280/1670 1681/2299/1681
f 1683/2301/1683 1688/2309/1688 1681/2299/1681
f 1680/2298/1680 1689/2310/1689 1684/2302/1684
f 1683/2301/1683 1684/2302/1684 1690/2311/1690
f 1669/2278/1669 1111/2307/1111 1691/2312/1691
f 1109/2313/1109 1692/2314/1692 1111/2307/1111
f 1691/2312/1691 1111/2307/1111 1692/2314/1692
f 1693/2315/1693 1110/2306/1110 1685/2304/1685
f 1689/2310/1689 1690/2311/1690 1684/2302/1684
f 1687/2308/1687 1688/2309/1688 1693/2315/1693
f 1693/2315/1693 1112/2316/1112 1110/2306/1110
f 1680/2298/1680 1669/2278/1669 1691/2312/1691
f 1692/2314/1692 1690/2311/1690 1691/2312/1691
f 1693/2315/1693 1685/2304/1685 1687/2308/1687
f 1680/2298/1680 1691/2312/1691 1689/2310/1689
f 1683/2301/1683 1690/2311/1690 1688/2309/1688
f 1112/2316/1112 1692/2314/1692 1109/2313/1109
f 1691/2312/1691 1690/2311/1690 1689/2310/1689
f 1693/2315/1693 1690/2311/1690 1112/2316/1112
f 1690/2311/1690 1693/2315/1693 1688/2309/1688
f 1112/2316/1112 1690/2311/1690 1692/2314/1692
f 1247/2257/1247 1665/2270/1665 1248/2260/1248
f 1470/2317/1470 1487/2318/1487 1452/2319/1452
f 1470/2317/1470 1452/2319/1452 1455/2320/1455
f 1487/2318/1487 1470/2317/1470 1459/2321/1459
f 1463/2322/1463 1487/2318/1487 1459/2321/1459
f 1465/2323/1465 1470/2317/1470 1455/2320/1455
f 1470/2324/1470 1464/2325/1464 1459/2326/1459
f 1463/2322/1463 1470/2317/1470 1489/2327/1489
f 1470/2317/1470 1465/2323/1465 1489/2327/1489
f 1473/2328/1473 1489/2327/1489 1465/2323/1465
f 1473/2328/1473 1490/2329/1490 1489/2327/1489
f 1473/2328/1473 1479/2330/1479 1490/2329/1490
f 1694/2331/1694 1422/2332/1422 1095/2333/1095
f 1101/2334/1101 1694/2331/1694 1095/2333/1095
f 1100/2335/1100 1321/2336/1321 1102/2337/1102
f 1425/2338/1425 1422/2332/1422 1695/2339/1695
f 1101/2334/1101 1696/2340/1696 1694/2331/1694
f 1101/2334/1101 1102/2337/1102 1696/2340/1696
f 1425/2338/1425 1697/2341/1697 1427/2342/1427
f 1697/2341/1697 1425/2338/1425 1695/2339/1695
f 1321/2336/1321 1320/2343/1320 1528/2344/1528
f 1694/2331/1694 1695/2339/1695 1422/2332/1422
f 1696/2340/1696 1102/2337/1102 1321/2336/1321
f 1696/2340/1696 1321/2336/1321 1698/2345/1698
f 1698/2345/1698 1321/2336/1321 1528/2344/1528
f 1695/2339/1695 1694/2331/1694 1699/2346/1699
f 1694/2331/1694 1696/2340/1696 1699/2346/1699
f 1697/2341/1697 1700/2347/1700 1427/2342/1427
f 1528/2344/1528 1529/2348/1529 1533/2349/1533
f 1695/2339/1695 1699/2346/1699 1697/2341/1697
f 1700/2347/1700 1429/2350/1429 1427/2342/1427
f 1700/2347/1700 1697/2341/1697 1701/2351/1701
f 1528/2344/1528 1533/2349/1533 1698/2345/1698
f 1702/2352/1702 1697/2341/1697 1699/2346/1699
f 1696/2340/1696 1702/2352/1702 1699/2346/1699
f 1697/2341/1697 1702/2352/1702 1701/2351/1701
f 1696/2340/1696 1703/2353/1703 1702/2352/1702
f 1702/2352/1702 1703/2353/1703 1704/2354/1704
f 1703/2353/1703 1696/2340/1696 1698/2345/1698
f 1698/2345/1698 1533/2349/1533 1705/2355/1705
f 1701/2351/1701 1702/2352/1702 1704/2354/1704
f 1704/2354/1704 1703/2353/1703 1698/2345/1698
f 1706/2356/1706 1700/2347/1700 1701/2351/1701
f 1706/2356/1706 1429/2350/1429 1700/2347/1700
f 1705/2355/1705 1533/2349/1533 1534/2357/1534
f 1707/2358/1707 1701/2351/1701 1704/2354/1704
f 1708/2359/1708 1698/2345/1698 1705/2355/1705
f 1698/2345/1698 1708/2359/1708 1704/2354/1704
f 1704/2354/1704 1708/2359/1708 1707/2358/1707
f 1429/2350/1429 1706/2356/1706 1428/2360/1428
f 1709/2361/1709 1706/2356/1706 1701/2351/1701
f 1707/2358/1707 1708/2359/1708 1710/2362/1710
f 1707/2358/1707 1709/2361/1709 1701/2351/1701
f 1705/2355/1705 1710/2362/1710 1708/2359/1708
f 1709/2361/1709 1707/2358/1707 1711/2363/1711
f 1428/2360/1428 1706/2356/1706 1709/2361/1709
f 1534/2357/1534 1535/2364/1535 1705/2355/1705
f 1710/2362/1710 1712/2365/1712 1707/2358/1707
f 1709/2361/1709 1713/2366/1713 1428/2360/1428
f 1713/2366/1713 1709/2361/1709 1711/2363/1711
f 1711/2363/1711 1707/2358/1707 1712/2365/1712
f 1710/2362/1710 1714/2367/1714 1712/2365/1712
f 1715/2368/1715 1710/2362/1710 1705/2355/1705
f 1711/2363/1711 1714/2367/1714 1716/2369/1716
f 1711/2363/1711 1716/2369/1716 1713/2366/1713
f 1714/2367/1714 1710/2362/1710 1717/2370/1717
f 1710/2362/1710 1715/2368/1715 1717/2370/1717
f 1716/2369/1716 1714/2367/1714 1717/2370/1717
f 1713/2366/1713 1434/2371/1434 1428/2360/1428
f 1716/2369/1716 1718/2372/1718 1713/2366/1713
f 1715/2368/1715 1705/2355/1705 1535/2364/1535
f 1434/2371/1434 1713/2366/1713 1718/2372/1718
f 1536/2373/1536 1715/2368/1715 1535/2364/1535
f 1719/2374/1719 1716/2369/1716 1717/2370/1717
f 1435/2375/1435 1434/2371/1434 1567/2376/1567
f 1569/2377/1569 1715/2368/1715 1536/2373/1536
f 1720/2378/1720 1434/2371/1434 1718/2372/1718
f 1434/2371/1434 1720/2378/1720 1567/2376/1567
f 1567/2376/1567 1719/2374/1719 1568/2379/1568
f 1719/2374/1719 1717/2370/1717 1721/2380/1721
f 1569/2377/1569 1717/2370/1717 1715/2368/1715
f 1716/2369/1716 1719/2374/1719 1720/2378/1720
f 1718/2372/1718 1716/2369/1716 1720/2378/1720
f 1569/2377/1569 1536/2373/1536 1537/2381/1537
f 1567/2376/1567 1720/2378/1720 1719/2374/1719
f 1568/2379/1568 1721/2380/1721 1566/2382/1566
f 1721/2380/1721 1568/2379/1568 1719/2374/1719
f 1569/2377/1569 1721/2380/1721 1717/2370/1717
f 1569/2377/1569 1566/2382/1566 1721/2380/1721
f 1712/2365/1712 1714/2367/1714 1711/2363/1711
f 1722/2383/1722 1550/2384/1550 1723/2385/1723
f 1554/2386/1554 1723/2385/1723 1550/2384/1550
f 1550/2384/1550 1722/2383/1722 1724/2387/1724
f 1723/2385/1723 1724/2387/1724 1722/2383/1722
f 1558/2388/1558 1550/2384/1550 1724/2387/1724
f 1725/2389/1725 1724/2387/1724 1723/2385/1723
f 1723/2385/1723 1726/2390/1726 1725/2389/1725
f 1726/2390/1726 1727/2391/1727 1725/2389/1725
f 1726/2390/1726 1728/2392/1728 1727/2391/1727
f 1729/2393/1729 1724/2387/1724 1725/2389/1725
f 1727/2391/1727 1729/2393/1729 1725/2389/1725
f 1730/2394/1730 1728/2392/1728 1726/2390/1726
f 1728/2392/1728 1731/2395/1731 1727/2391/1727
f 1731/2395/1731 1729/2393/1729 1727/2391/1727
f 1732/2396/1732 1731/2395/1731 1728/2392/1728
f 1730/2394/1730 1732/2396/1732 1728/2392/1728
f 1732/2396/1732 1730/2394/1730 1733/2397/1733
f 1723/2398/1723 1554/2399/1554 1734/2400/1734
f 1554/2399/1554 1560/2401/1560 1734/2400/1734
f 1726/2402/1726 1723/2398/1723 1735/2403/1735
f 1734/2400/1734 1560/2401/1560 1736/2404/1736
f 1734/2400/1734 1735/2403/1735 1723/2398/1723
f 1736/2404/1736 1737/2405/1737 1734/2400/1734
f 1738/2406/1738 1726/2402/1726 1735/2403/1735
f 1734/2400/1734 1737/2405/1737 1735/2403/1735
f 1739/2407/1739 1738/2406/1738 1735/2403/1735
f 1738/2406/1738 1730/2408/1730 1726/2402/1726
f 1735/2403/1735 1737/2405/1737 1739/2407/1739
f 1740/2409/1740 1730/2408/1730 1738/2406/1738
f 1738/2406/1738 1739/2407/1739 1741/2410/1741
f 1738/2406/1738 1741/2410/1741 1740/2409/1740
f 1730/2408/1730 1742/2411/1742 1733/2412/1733
f 1730/2408/1730 1740/2409/1740 1742/2411/1742
f 1743/2413/1743 453/2414/453 454/2415/454
f 453/2414/453 1743/2413/1743 1654/2416/1654
f 449/2417/449 453/2414/453 464/2418/464
f 452/2419/452 1744/2420/1744 450/2421/450
f 453/2414/453 1654/2416/1654 473/2422/473
f 446/2423/446 464/2418/464 457/2424/457
f 1743/2413/1743 1655/2425/1655 1654/2416/1654
f 454/2415/454 1655/2425/1655 1743/2413/1743
f 454/2415/454 460/2426/460 1745/2427/1745
f 1745/2427/1745 460/2426/460 465/2428/465
f 471/2429/471 457/2424/457 1746/2430/1746
f 1745/2427/1745 1655/2425/1655 454/2415/454
f 1747/2431/1747 465/2428/465 462/2432/462
f 662/2433/662 660/2434/660 1748/2435/1748
f 661/2436/661 1746/2430/1746 1749/2437/1749
f 661/2436/661 471/2429/471 1746/2430/1746
f 457/2424/457 464/2418/464 1746/2430/1746
f 473/2422/473 464/2418/464 453/2414/453
f 1745/2427/1745 1656/2438/1656 1655/2425/1655
f 462/2432/462 470/2439/470 1747/2431/1747
f 664/2440/664 661/2436/661 1750/2441/1750
f 450/2421/450 1744/2420/1744 1751/2442/1751
f 465/2428/465 1747/2431/1747 1745/2427/1745
f 1656/2438/1656 1745/2427/1745 1747/2431/1747
f 1657/2443/1657 1752/2444/1752 1658/2445/1658
f 1748/2435/1748 660/2434/660 1750/2441/1750
f 660/2434/660 664/2440/664 1750/2441/1750
f 1750/2441/1750 661/2436/661 1749/2437/1749
f 464/2418/464 1753/2446/1753 1746/2430/1746
f 1753/2446/1753 464/2418/464 473/2422/473
f 470/2439/470 472/2447/472 1747/2431/1747
f 470/2439/470 468/2448/468 472/2447/472
f 662/2433/662 1748/2435/1748 1754/2449/1754
f 1657/2443/1657 1656/2438/1656 1752/2444/1752
f 1656/2438/1656 1747/2431/1747 1752/2444/1752
f 1747/2431/1747 472/2447/472 1752/2444/1752
f 1755/2450/1755 1756/2451/1756 1744/2420/1744
f 1751/2442/1751 1744/2420/1744 1756/2451/1756
f 474/2452/474 1658/2445/1658 1752/2444/1752
f 1754/2449/1754 624/2453/624 662/2433/662
f 1748/2435/1748 1750/2441/1750 1757/2454/1757
f 1749/2437/1749 1746/2430/1746 1758/2455/1758
f 1751/2442/1751 473/2422/473 450/2421/450
f 1746/2430/1746 1753/2446/1753 1758/2455/1758
f 474/2452/474 1752/2444/1752 472/2447/472
f 1748/2435/1748 1757/2454/1757 1759/2456/1759
f 1750/2441/1750 1749/2437/1749 1758/2455/1758
f 1760/2457/1760 622/2458/622 616/2459/616
f 1761/2460/1761 619/2461/619 624/2453/624
f 1761/2460/1761 624/2453/624 1754/2449/1754
f 1762/2462/1762 1753/2446/1753 473/2422/473
f 1763/2463/1763 1764/2464/1764 1757/2454/1757
f 1750/2441/1750 1758/2455/1758 1757/2454/1757
f 1763/2463/1763 1757/2454/1757 1758/2455/1758
f 1765/2465/1765 1751/2442/1751 1756/2451/1756
f 1751/2442/1751 1765/2465/1765 1762/2462/1762
f 1763/2463/1763 1753/2446/1753 1762/2462/1762
f 1763/2463/1763 1758/2455/1758 1753/2446/1753
f 1762/2462/1762 473/2422/473 1751/2442/1751
f 1764/2464/1764 1766/2466/1766 1757/2454/1757
f 1765/2465/1765 1756/2451/1756 1767/2467/1767
f 1763/2463/1763 1762/2462/1762 1768/2468/1768
f 1762/2462/1762 1765/2465/1765 1768/2468/1768
f 1759/2456/1759 1754/2449/1754 1748/2435/1748
f 1755/2450/1755 1769/2469/1769 1770/2470/1770
f 1764/2464/1764 1763/2463/1763 1768/2468/1768
f 1766/2466/1766 1759/2456/1759 1757/2454/1757
f 1767/2467/1767 1771/2471/1771 1765/2465/1765
f 1766/2466/1766 1764/2464/1764 1772/2472/1772
f 1764/2464/1764 1768/2468/1768 1772/2472/1772
f 1767/2467/1767 1756/2451/1756 1755/2450/1755
f 616/2459/616 619/2461/619 1760/2457/1760
f 619/2461/619 1761/2460/1761 1760/2457/1760
f 1754/2449/1754 1773/2473/1773 1761/2460/1761
f 1772/2472/1772 1768/2468/1768 1774/2474/1774
f 1775/2475/1775 1770/2470/1770 1769/2469/1769
f 1765/2465/1765 1771/2471/1771 1776/2476/1776
f 1771/2471/1771 1767/2467/1767 1770/2470/1770
f 1767/2467/1767 1755/2450/1755 1770/2470/1770
f 1766/2466/1766 1777/2477/1777 1759/2456/1759
f 1778/2478/1778 626/2479/626 623/2480/623
f 1777/2477/1777 1760/2457/1760 1761/2460/1761
f 1754/2449/1754 1759/2456/1759 1773/2473/1773
f 1759/2456/1759 1777/2477/1777 1773/2473/1773
f 1770/2470/1770 1775/2475/1775 1771/2471/1771
f 623/2480/623 622/2458/622 1778/2478/1778
f 1779/2481/1779 622/2458/622 1760/2457/1760
f 1780/2482/1780 1779/2481/1779 1777/2477/1777
f 1777/2477/1777 1766/2466/1766 1774/2474/1774
f 1772/2472/1772 1774/2474/1774 1766/2466/1766
f 1776/2476/1776 1774/2474/1774 1768/2468/1768
f 1765/2465/1765 1776/2476/1776 1768/2468/1768
f 1777/2477/1777 1779/2481/1779 1760/2457/1760
f 1780/2482/1780 1777/2477/1777 1774/2474/1774
f 1781/2483/1781 1776/2476/1776 1771/2471/1771
f 1771/2471/1771 1775/2475/1775 1781/2483/1781
f 1780/2482/1780 1774/2474/1774 1776/2476/1776
f 1781/2483/1781 1780/2482/1780 1776/2476/1776
f 1778/2478/1778 622/2458/622 1779/2481/1779
f 626/2479/626 1782/2484/1782 627/2485/627
f 1780/2482/1780 1783/2486/1783 1779/2481/1779
f 626/2479/626 1778/2478/1778 1782/2484/1782
f 1780/2482/1780 1781/2483/1781 1783/2486/1783
f 1775/2475/1775 1783/2486/1783 1781/2483/1781
f 625/2487/625 627/2485/627 1782/2484/1782
f 1779/2481/1779 1782/2484/1782 1778/2478/1778
f 1783/2486/1783 1782/2484/1782 1779/2481/1779
f 625/2487/625 1782/2484/1782 1783/2486/1783
f 1775/2475/1775 625/2487/625 1783/2486/1783
f 1773/2473/1773 1777/2477/1777 1761/2460/1761
f 1724/2488/1724 1784/2489/1784 1558/2490/1558
f 1784/2489/1784 1736/2491/1736 1560/2492/1560
f 1558/2490/1558 1784/2489/1784 1560/2492/1560
f 1784/2489/1784 1737/2493/1737 1736/2491/1736
f 1729/2494/1729 1785/2495/1785 1724/2488/1724
f 1737/2493/1737 1784/2489/1784 1785/2495/1785
f 1784/2489/1784 1724/2488/1724 1785/2495/1785
f 1785/2495/1785 1739/2496/1739 1737/2493/1737
f 1786/2497/1786 1785/2495/1785 1729/2494/1729
f 1731/2498/1731 1787/2499/1787 1729/2494/1729
f 1787/2499/1787 1786/2497/1786 1729/2494/1729
f 1739/2496/1739 1785/2495/1785 1786/2497/1786
f 1786/2497/1786 1741/2500/1741 1739/2496/1739
f 1788/2501/1788 1731/2498/1731 1732/2502/1732
f 1741/2500/1741 1786/2497/1786 1787/2499/1787
f 1788/2501/1788 1787/2499/1787 1731/2498/1731
f 1740/2503/1740 1741/2500/1741 1787/2499/1787
f 1788/2501/1788 1740/2503/1740 1787/2499/1787
f 1742/2504/1742 1788/2501/1788 1732/2502/1732
f 1740/2503/1740 1788/2501/1788 1742/2504/1742
f 1742/2504/1742 1732/2502/1732 1733/2505/1733
f 946/2506/946 945/2507/945 1005/2508/1005
f 946/2506/946 1005/2508/1005 957/2509/957
f 957/2509/957 1005/2508/1005 1012/2510/1012
f 958/2511/958 957/2509/957 1012/2510/1012
f 1789/2512/1789 1790/2513/1790 1791/2514/1791
f 1792/2515/1792 1790/2513/1790 1789/2512/1789
f 1793/2516/1793 1790/2513/1790 1792/2515/1792
f 1792/2515/1792 1794/2517/1794 1793/2516/1793
f 1795/2518/1795 1796/2519/1796 1797/2520/1797
f 1790/2521/1790 1793/2522/1793 1795/2518/1795
f 1797/2520/1797 1796/2519/1796 1798/2523/1798
f 1798/2523/1798 1796/2519/1796 1799/2524/1799
f 1796/2519/1796 1795/2518/1795 1799/2524/1799
f 1800/2525/1800 1795/2518/1795 1793/2522/1793
f 1798/2523/1798 1799/2524/1799 1801/2526/1801
f 1799/2524/1799 1795/2518/1795 1802/2527/1802
f 1802/2527/1802 1795/2518/1795 1800/2525/1800
f 1800/2525/1800 1793/2522/1793 1803/2528/1803
f 1804/2529/1804 1800/2525/1800 1803/2528/1803
f 1802/2527/1802 1800/2525/1800 1804/2529/1804
f 1801/2526/1801 1805/2530/1805 1806/2531/1806
f 1799/2524/1799 1805/2530/1805 1801/2526/1801
f 1799/2524/1799 1802/2527/1802 1807/2532/1807
f 1806/2531/1806 1805/2530/1805 1808/2533/1808
f 1807/2532/1807 1802/2527/1802 1804/2529/1804
f 1799/2524/1799 1807/2532/1807 1805/2530/1805
f 1809/2534/1809 1804/2529/1804 1803/2528/1803
f 1810/2535/1810 1804/2529/1804 1809/2534/1809
f 1807/2532/1807 1804/2529/1804 1811/2536/1811
f 1812/2537/1812 1805/2530/1805 1807/2532/1807
f 1805/2530/1805 1813/2538/1813 1808/2533/1808
f 1810/2535/1810 1809/2534/1809 1814/2539/1814
f 1811/2536/1811 1804/2529/1804 1810/2535/1810
f 1812/2537/1812 1813/2538/1813 1805/2530/1805
f 1815/2540/1815 1807/2532/1807 1811/2536/1811
f 1810/2535/1810 1814/2539/1814 1816/2541/1816
f 1812/2537/1812 1807/2532/1807 1815/2540/1815
f 1817/2542/1817 1812/2537/1812 1815/2540/1815
f 1811/2536/1811 1810/2535/1810 1816/2541/1816
f 1818/2543/1818 1815/2540/1815 1811/2536/1811
f 1812/2537/1812 1817/2542/1817 1813/2538/1813
f 1813/2538/1813 1817/2542/1817 1819/2544/1819
f 1820/2545/1820 1811/2536/1811 1816/2541/1816
f 1820/2545/1820 1816/2541/1816 1821/2546/1821
f 1818/2543/1818 1811/2536/1811 1820/2545/1820
f 1820/2545/1820 1821/2546/1821 1822/2547/1822
f 1815/2540/1815 1818/2543/1818 1817/2542/1817
f 1820/2545/1820 1822/2547/1822 1823/2548/1823
f 1818/2543/1818 1820/2545/1820 1823/2548/1823
f 1818/2543/1818 1824/2549/1824 1817/2542/1817
f 1823/2548/1823 1822/2547/1822 1825/2550/1825
f 1826/2551/1826 1819/2544/1819 1827/2552/1827
f 1827/2552/1827 1819/2544/1819 1817/2542/1817
f 1828/2553/1828 1824/2549/1824 1818/2543/1818
f 1827/2552/1827 1829/2554/1829 1826/2551/1826
f 1823/2548/1823 1825/2550/1825 1830/2555/1830
f 1828/2553/1828 1818/2543/1818 1823/2548/1823
f 1817/2542/1817 1824/2549/1824 1827/2552/1827
f 1827/2552/1827 1824/2549/1824 1829/2554/1829
f 1828/2553/1828 1823/2548/1823 1830/2555/1830
f 1829/2554/1829 1824/2549/1824 1831/2556/1831
f 1828/2553/1828 1830/2555/1830 1832/2557/1832
f 1824/2549/1824 1833/2558/1833 1831/2556/1831
f 1828/2553/1828 1832/2557/1832 1834/2559/1834
f 1833/2558/1833 1824/2549/1824 1828/2553/1828
f 1834/2559/1834 1832/2557/1832 1835/2560/1835
f 1831/2556/1831 1833/2558/1833 1836/2561/1836
f 1834/2559/1834 1837/2562/1837 1828/2553/1828
f 1833/2558/1833 1828/2553/1828 1837/2562/1837
f 1833/2558/1833 1838/2563/1838 1836/2561/1836
f 1833/2558/1833 1837/2562/1837 1838/2563/1838
f 1795/2564/1795 1797/2565/1797 1839/2566/1839
f 1790/2567/1790 1795/2564/1795 1839/2566/1839
f 1790/2568/1790 1840/2569/1840 1791/2570/1791
f 1839/2566/1839 1841/2571/1841 1790/2567/1790
f 1797/2565/1797 1842/2572/1842 1839/2566/1839
f 1841/2571/1841 1840/2573/1840 1790/2567/1790
f 1840/2569/1840 1843/2574/1843 1791/2570/1791
f 1798/2575/1798 1842/2572/1842 1797/2565/1797
f 1839/2566/1839 1844/2576/1844 1841/2571/1841
f 1839/2566/1839 1842/2572/1842 1844/2576/1844
f 1845/2577/1845 1793/2578/1793 1794/2579/1794
f 1846/2580/1846 1847/2581/1847 1848/2582/1848
f 1849/2583/1849 1850/2584/1850 1791/2570/1791
f 1849/2583/1849 1791/2570/1791 1843/2574/1843
f 1851/2585/1851 1847/2581/1847 1846/2580/1846
f 1852/2586/1852 1846/2580/1846 1848/2582/1848
f 1853/2587/1853 1842/2572/1842 1798/2575/1798
f 1849/2583/1849 1843/2574/1843 1854/2588/1854
f 1794/2579/1794 1855/2589/1855 1845/2577/1845
f 1851/2585/1851 1846/2580/1846 1856/2590/1856
f 1845/2577/1845 1803/2591/1803 1793/2578/1793
f 1850/2584/1850 1849/2583/1849 1857/2592/1857
f 1846/2580/1846 1858/2593/1858 1856/2590/1856
f 1854/2588/1854 1859/2594/1859 1849/2583/1849
f 1860/2595/1860 1844/2576/1844 1842/2572/1842
f 1842/2572/1842 1853/2587/1853 1860/2595/1860
f 1855/2589/1855 1861/2596/1861 1845/2577/1845
f 1806/2597/1806 1798/2575/1798 1801/2598/1801
f 1853/2587/1853 1798/2575/1798 1806/2597/1806
f 1849/2583/1849 1859/2594/1859 1857/2592/1857
f 1846/2580/1846 1852/2586/1852 1862/2599/1862
f 1846/2580/1846 1862/2599/1862 1858/2593/1858
f 1863/2600/1863 1852/2586/1852 1848/2582/1848
f 1858/2593/1858 1864/2601/1864 1856/2590/1856
f 1865/2602/1865 1845/2577/1845 1861/2596/1861
f 1866/2603/1866 1803/2591/1803 1845/2577/1845
f 1867/2604/1867 1857/2592/1857 1859/2594/1859
f 1868/2605/1868 1852/2586/1852 1863/2600/1863
f 1857/2592/1857 1869/2606/1869 1850/2584/1850
f 1853/2587/1853 1806/2597/1806 1870/2607/1870
f 1866/2603/1866 1845/2577/1845 1865/2602/1865
f 1871/2608/1871 1865/2602/1865 1861/2596/1861
f 1858/2593/1858 1862/2599/1862 1872/2609/1872
f 1860/2595/1860 1853/2587/1853 1870/2607/1870
f 1806/2597/1806 1808/2610/1808 1870/2607/1870
f 1855/2589/1855 1873/2611/1873 1861/2596/1861
f 1869/2606/1869 1857/2592/1857 1867/2604/1867
f 1855/2589/1855 1874/2612/1874 1873/2611/1873
f 1865/2613/1865 1871/2614/1871 1875/2615/1875
f 1870/2607/1870 1868/2605/1868 1863/2600/1863
f 1876/2616/1876 1803/2591/1803 1866/2603/1866
f 1861/2596/1861 1873/2611/1873 1877/2617/1877
f 1878/2618/1878 1875/2615/1875 1871/2614/1871
f 1879/2619/1879 1878/2618/1878 1871/2614/1871
f 1861/2596/1861 1879/2620/1879 1871/2608/1871
f 1880/2621/1880 1865/2613/1865 1875/2615/1875
f 1880/2622/1880 1875/2623/1875 1881/2624/1881
f 1875/2623/1875 1879/2620/1879 1881/2624/1881
f 1879/2620/1879 1861/2596/1861 1877/2617/1877
f 1858/2593/1858 1872/2609/1872 1882/2625/1882
f 1876/2616/1876 1883/2626/1883 1803/2591/1803
f 1884/2627/1884 1881/2628/1881 1885/2629/1885
f 1885/2630/1885 1880/2621/1880 1878/2618/1878
f 1885/2630/1885 1878/2618/1878 1879/2619/1879
f 1886/2631/1886 1869/2606/1869 1867/2604/1867
f 1885/2630/1885 1865/2613/1865 1880/2621/1880
f 1858/2593/1858 1882/2625/1882 1864/2601/1864
f 1881/2632/1881 1865/2613/1865 1885/2630/1885
f 1887/2633/1887 1865/2613/1865 1881/2632/1881
f 1887/2634/1887 1866/2603/1866 1865/2602/1865
f 1872/2609/1872 1862/2599/1862 1852/2586/1852
f 1867/2604/1867 1888/2635/1888 1886/2631/1886
f 1874/2612/1874 1889/2636/1889 1873/2611/1873
f 1886/2631/1886 1890/2637/1890 1869/2606/1869
f 1891/2638/1891 1864/2601/1864 1882/2625/1882
f 1892/2639/1892 1883/2626/1883 1876/2616/1876
f 1879/2620/1879 1877/2617/1877 1881/2624/1881
f 1893/2640/1893 1872/2609/1872 1852/2586/1852
f 1852/2586/1852 1868/2605/1868 1894/2641/1894
f 1895/2642/1895 1868/2605/1868 1870/2607/1870
f 1887/2634/1887 1876/2616/1876 1866/2603/1866
f 1896/2643/1896 1868/2605/1868 1895/2642/1895
f 1893/2640/1893 1852/2586/1852 1894/2641/1894
f 1808/2610/1808 1895/2642/1895 1870/2607/1870
f 1881/2624/1881 1877/2617/1877 1897/2644/1897
f 1877/2617/1877 1873/2611/1873 1889/2636/1889
f 1898/2645/1898 1892/2639/1892 1876/2616/1876
f 1887/2634/1887 1898/2645/1898 1876/2616/1876
f 1899/2646/1899 1886/2631/1886 1888/2635/1888
f 1813/2647/1813 1895/2642/1895 1808/2610/1808
f 1900/2648/1900 1887/2634/1887 1881/2624/1881
f 1890/2637/1890 1886/2631/1886 1899/2646/1899
f 1901/2649/1901 1900/2648/1900 1881/2624/1881
f 1902/2650/1902 1903/2651/1903 1904/2652/1904
f 1905/2653/1905 1901/2649/1901 1881/2624/1881
f 1902/2650/1902 1900/2648/1900 1901/2649/1901
f 1902/2650/1902 1901/2649/1901 1903/2651/1903
f 1868/2605/1868 1896/2643/1896 1894/2641/1894
f 1905/2653/1905 1900/2648/1900 1902/2650/1902
f 1895/2642/1895 1906/2654/1906 1896/2643/1896
f 1881/2624/1881 1897/2644/1897 1905/2653/1905
f 1890/2637/1890 1899/2646/1899 1907/2655/1907
f 1905/2653/1905 1887/2634/1887 1900/2648/1900
f 1898/2645/1898 1908/2656/1908 1892/2639/1892
f 1909/2657/1909 1891/2638/1891 1882/2625/1882
f 1819/2658/1819 1906/2654/1906 1895/2642/1895
f 1877/2617/1877 1889/2636/1889 1897/2644/1897
f 1813/2647/1813 1819/2658/1819 1895/2642/1895
f 1910/2659/1910 1887/2634/1887 1905/2653/1905
f 1821/2660/1821 1908/2656/1908 1911/2661/1911
f 1912/2662/1912 1898/2645/1898 1887/2634/1887
f 1872/2609/1872 1913/2663/1913 1882/2625/1882
f 1889/2636/1889 1914/2664/1914 1897/2644/1897
f 1911/2661/1911 1908/2656/1908 1898/2645/1898
f 1897/2644/1897 1915/2665/1915 1905/2653/1905
f 1882/2625/1882 1913/2663/1913 1909/2657/1909
f 1905/2653/1905 1916/2666/1916 1910/2659/1910
f 1917/2667/1917 1910/2668/1910 1918/2669/1918
f 1917/2667/1917 1918/2669/1918 1915/2670/1915
f 1911/2661/1911 1898/2645/1898 1912/2662/1912
f 1872/2609/1872 1893/2640/1893 1913/2663/1913
f 1910/2659/1910 1916/2666/1916 1915/2665/1915
f 1910/2659/1910 1915/2665/1915 1919/2671/1919
f 1920/2672/1920 1910/2659/1910 1917/2673/1917
f 1920/2672/1920 1887/2634/1887 1910/2659/1910
f 1899/2646/1899 1921/2674/1921 1907/2655/1907
f 1894/2641/1894 1896/2643/1896 1922/2675/1922
f 1922/2675/1922 1896/2643/1896 1906/2654/1906
f 1919/2671/1919 1915/2665/1915 1920/2672/1920
f 1912/2662/1912 1887/2634/1887 1920/2672/1920
f 1913/2663/1913 1893/2640/1893 1923/2676/1923
f 1897/2644/1897 1914/2664/1914 1924/2677/1924
f 1925/2678/1925 1821/2660/1821 1911/2661/1911
f 1819/2658/1819 1926/2679/1926 1906/2654/1906
f 1915/2665/1915 1897/2644/1897 1924/2677/1924
f 1920/2672/1920 1915/2665/1915 1912/2662/1912
f 1911/2661/1911 1912/2662/1912 1927/2680/1927
f 1928/2681/1928 1907/2655/1907 1921/2674/1921
f 1893/2640/1893 1894/2641/1894 1929/2682/1929
f 1923/2676/1923 1893/2640/1893 1929/2682/1929
f 1915/2665/1915 1924/2677/1924 1930/2683/1930
f 1925/2678/1925 1911/2661/1911 1931/2684/1931
f 1819/2658/1819 1826/2685/1826 1926/2679/1926
f 1913/2663/1913 1923/2676/1923 1932/2686/1932
f 1927/2680/1927 1912/2662/1912 1915/2665/1915
f 1911/2661/1911 1927/2680/1927 1931/2684/1931
f 1906/2654/1906 1933/2687/1933 1922/2675/1922
f 1913/2663/1913 1932/2686/1932 1909/2657/1909
f 1926/2679/1926 1933/2687/1933 1906/2654/1906
f 1924/2677/1924 1914/2664/1914 1934/2688/1934
f 1924/2677/1924 1934/2688/1934 1930/2683/1930
f 1935/2689/1935 1909/2657/1909 1932/2686/1932
f 1926/2679/1926 1936/2690/1936 1933/2687/1933
f 1930/2683/1930 1927/2680/1927 1915/2665/1915
f 1936/2690/1936 1926/2679/1926 1937/2691/1937
f 1928/2681/1928 1938/2692/1938 1907/2655/1907
f 1938/2692/1938 1939/2693/1939 1907/2655/1907
f 1931/2684/1931 1940/2694/1940 1925/2678/1925
f 1826/2685/1826 1937/2691/1937 1926/2679/1926
f 1941/2695/1941 1894/2641/1894 1922/2675/1922
f 1941/2695/1941 1922/2675/1922 1933/2687/1933
f 1942/2696/1942 1923/2676/1923 1929/2682/1929
f 1927/2680/1927 1940/2694/1940 1931/2684/1931
f 1829/2697/1829 1937/2691/1937 1826/2685/1826
f 1894/2641/1894 1943/2698/1943 1929/2682/1929
f 1894/2641/1894 1941/2695/1941 1943/2698/1943
f 1944/2699/1944 1941/2695/1941 1933/2687/1933
f 1930/2683/1930 1934/2688/1934 1945/2700/1945
f 1945/2700/1945 1927/2680/1927 1930/2683/1930
f 1946/2701/1946 1947/2702/1947 1948/2703/1948
f 1936/2690/1936 1944/2699/1944 1933/2687/1933
f 1929/2682/1929 1943/2698/1943 1942/2696/1942
f 1938/2692/1938 1928/2681/1928 1949/2704/1949
f 1942/2696/1942 1932/2686/1932 1923/2676/1923
f 1937/2691/1937 1944/2699/1944 1936/2690/1936
f 1943/2698/1943 1950/2705/1950 1942/2696/1942
f 1932/2686/1932 1942/2696/1942 1951/2706/1951
f 1952/2707/1952 1940/2694/1940 1927/2680/1927
f 1950/2705/1950 1953/2708/1953 1942/2696/1942
f 1954/2709/1954 1938/2692/1938 1949/2704/1949
f 1942/2696/1942 1953/2708/1953 1951/2706/1951
f 1955/2710/1955 1939/2693/1939 1938/2692/1938
f 1945/2700/1945 1956/2711/1956 1927/2680/1927
f 1946/2701/1946 1957/2712/1957 1947/2702/1947
f 1956/2711/1956 1952/2707/1952 1927/2680/1927
f 1944/2699/1944 1958/2713/1958 1959/2714/1959
f 1944/2699/1944 1937/2691/1937 1958/2713/1958
f 1958/2713/1958 1960/2715/1960 1959/2714/1959
f 1946/2701/1946 1960/2715/1960 1834/2716/1834
f 1958/2713/1958 1937/2691/1937 1836/2717/1836
f 1961/2718/1961 1938/2692/1938 1954/2709/1954
f 1952/2707/1952 1962/2719/1962 1832/2720/1832
f 1937/2691/1937 1829/2697/1829 1836/2717/1836
f 1938/2692/1938 1961/2718/1961 1955/2710/1955
f 1835/2721/1835 1832/2720/1832 1962/2719/1962
f 1946/2701/1946 1834/2716/1834 1957/2712/1957
f 1960/2715/1960 1958/2713/1958 1834/2716/1834
f 1952/2707/1952 1956/2711/1956 1962/2719/1962
f 1829/2697/1829 1831/2722/1831 1836/2717/1836
f 1954/2709/1954 1962/2719/1962 1961/2718/1961
f 1963/2723/1963 1956/2711/1956 1945/2700/1945
f 1956/2711/1956 1964/2724/1964 1962/2719/1962
f 1834/2716/1834 1958/2713/1958 1837/2725/1837
f 1963/2723/1963 1964/2724/1964 1956/2711/1956
f 1962/2719/1962 1965/2726/1965 1961/2718/1961
f 1966/2727/1966 1837/2725/1837 1958/2713/1958
f 1965/2726/1965 1962/2719/1962 1964/2724/1964
f 1836/2717/1836 1966/2727/1966 1958/2713/1958
f 1838/2728/1838 1966/2727/1966 1836/2717/1836
f 1921/2674/1921 1899/2646/1899 1888/2635/1888
f 1830/2729/1830 1952/2707/1952 1832/2720/1832
f 1791/2730/1791 1967/2731/1967 1789/2732/1789
f 1789/2733/1789 1968/2734/1968 1792/2735/1792
f 1968/2734/1968 1794/2736/1794 1792/2735/1792
f 1967/2737/1967 1969/2738/1969 1789/2733/1789
f 1968/2734/1968 1789/2733/1789 1969/2738/1969
f 1791/2730/1791 1850/2739/1850 1967/2731/1967
f 1967/2737/1967 1850/2740/1850 1969/2738/1969
f 1968/2734/1968 1969/2738/1969 1970/2741/1970
f 1794/2736/1794 1968/2734/1968 1971/2742/1971
f 1850/2740/1850 1972/2743/1972 1969/2738/1969
f 1794/2736/1794 1971/2742/1971 1855/2744/1855
f 1968/2734/1968 1973/2745/1973 1971/2742/1971
f 1970/2741/1970 1973/2745/1973 1968/2734/1968
f 1970/2741/1970 1969/2738/1969 1974/2746/1974
f 1975/2747/1975 1973/2745/1973 1970/2741/1970
f 1976/2748/1976 1855/2744/1855 1971/2742/1971
f 1969/2738/1969 1972/2743/1972 1977/2749/1977
f 1972/2743/1972 1850/2740/1850 1869/2750/1869
f 1978/2751/1978 1855/2744/1855 1976/2748/1976
f 1971/2742/1971 1973/2745/1973 1976/2748/1976
f 1979/2752/1979 1974/2753/1974 1980/2754/1980
f 1980/2755/1980 1969/2756/1969 1977/2757/1977
f 1874/2758/1874 1855/2744/1855 1978/2751/1978
f 1973/2745/1973 1975/2747/1975 1981/2759/1981
f 1972/2743/1972 1869/2750/1869 1977/2749/1977
f 1976/2748/1976 1982/2760/1982 1978/2751/1978
f 1983/2761/1983 1976/2748/1976 1973/2745/1973
f 1978/2751/1978 1982/2760/1982 1874/2758/1874
f 1981/2759/1981 1983/2761/1983 1973/2745/1973
f 1982/2760/1982 1976/2748/1976 1983/2761/1983
f 1869/2750/1869 1890/2762/1890 1977/2749/1977
f 1983/2761/1983 1981/2759/1981 1984/2763/1984
f 1979/2752/1979 1980/2754/1980 1985/2764/1985
f 1985/2765/1985 1980/2755/1980 1977/2757/1977
f 1889/2766/1889 1874/2758/1874 1982/2760/1982
f 1977/2757/1977 1890/2767/1890 1986/2768/1986
f 1985/2765/1985 1977/2757/1977 1986/2768/1986
f 1983/2761/1983 1987/2769/1987 1982/2760/1982
f 1983/2761/1983 1984/2763/1984 1988/2770/1988
f 1982/2760/1982 1989/2771/1989 1889/2766/1889
f 1988/2770/1988 1987/2769/1987 1983/2761/1983
f 1890/2762/1890 1907/2772/1907 1986/2773/1986
f 1989/2771/1989 1982/2760/1982 1987/2769/1987
f 1990/2774/1990 1985/2775/1985 1986/2773/1986
f 1989/2771/1989 1914/2776/1914 1889/2766/1889
f 1984/2763/1984 1991/2777/1991 1988/2770/1988
f 1989/2771/1989 1987/2769/1987 1992/2778/1992
f 1914/2776/1914 1989/2771/1989 1992/2778/1992
f 1993/2779/1993 1986/2773/1986 1907/2772/1907
f 1991/2777/1991 1994/2780/1994 1988/2770/1988
f 1914/2776/1914 1992/2778/1992 1934/2781/1934
f 1995/2782/1995 1990/2774/1990 1986/2773/1986
f 1994/2780/1994 1987/2769/1987 1988/2770/1988
f 1990/2774/1990 1995/2782/1995 1996/2783/1996
f 1995/2782/1995 1986/2773/1986 1993/2779/1993
f 1992/2778/1992 1987/2769/1987 1934/2781/1934
f 1997/2784/1997 1996/2783/1996 1998/2785/1998
f 1998/2785/1998 1996/2783/1996 1995/2782/1995
f 1995/2782/1995 1999/2786/1999 1998/2785/1998
f 2000/2787/2000 1997/2784/1997 1998/2785/1998
f 1987/2769/1987 1994/2780/1994 2001/2788/2001
f 1995/2782/1995 1993/2779/1993 2002/2789/2002
f 1999/2786/1999 2000/2787/2000 1998/2785/1998
f 2002/2789/2002 1999/2786/1999 1995/2782/1995
f 2001/2788/2001 1934/2781/1934 1987/2769/1987
f 1993/2779/1993 2003/2790/2003 2002/2789/2002
f 1934/2781/1934 2001/2788/2001 1945/2791/1945
f 1994/2780/1994 2004/2792/2004 2001/2788/2001
f 2000/2787/2000 1999/2786/1999 2004/2792/2004
f 1994/2780/1994 2000/2787/2000 2004/2792/2004
f 2002/2789/2002 2005/2793/2005 1999/2786/1999
f 1945/2791/1945 2001/2788/2001 2004/2792/2004
f 2005/2793/2005 2004/2792/2004 1999/2786/1999
f 2003/2790/2003 1955/2794/1955 2002/2789/2002
f 2002/2789/2002 1955/2794/1955 2005/2793/2005
f 2004/2792/2004 1963/2795/1963 1945/2791/1945
f 1955/2794/1955 1961/2796/1961 2005/2793/2005
f 1963/2795/1963 2004/2792/2004 2006/2797/2006
f 2004/2792/2004 2005/2793/2005 2006/2797/2006
f 1965/2798/1965 2005/2793/2005 1961/2796/1961
f 2006/2797/2006 2005/2793/2005 1965/2798/1965
f 2007/2799/2007 2008/2800/2008 2009/2801/2009
f 2009/2801/2009 2008/2800/2008 2010/2802/2010
f 2007/2799/2007 2011/2803/2011 2008/2800/2008
f 2012/2804/2012 2007/2799/2007 2009/2801/2009
f 2008/2800/2008 2011/2803/2011 2013/2805/2013
f 2014/2806/2014 2012/2804/2012 2009/2801/2009
f 2014/2806/2014 2009/2801/2009 2015/2807/2015
f 2010/2802/2010 2008/2800/2008 2013/2805/2013
f 2016/2808/2016 2011/2803/2011 2007/2799/2007
f 2017/2809/2017 2007/2799/2007 2012/2804/2012
f 2018/2810/2018 2015/2807/2015 2009/2801/2009
f 2011/2803/2011 2019/2811/2019 2013/2805/2013
f 2016/2808/2016 2019/2811/2019 2011/2803/2011
f 2016/2808/2016 2007/2799/2007 2017/2809/2017
f 2020/2812/2020 2021/2813/2021 2022/2814/2022
f 2018/2810/2018 2009/2801/2009 2010/2802/2010
f 2023/2815/2023 2013/2805/2013 2019/2811/2019
f 2022/2814/2022 2024/2816/2024 2020/2812/2020
f 2023/2815/2023 2019/2811/2019 2025/2817/2025
f 2021/2813/2021 2026/2818/2026 2022/2814/2022
f 2027/2819/2027 2020/2812/2020 2024/2816/2024
f 2016/2808/2016 2017/2809/2017 2028/2820/2028
f 2022/2814/2022 2029/2821/2029 2024/2816/2024
f 2010/2802/2010 2013/2805/2013 2030/2822/2030
f 2031/2823/2031 2025/2817/2025 2019/2811/2019
f 2032/2824/2032 2012/2804/2012 2014/2806/2014
f 2012/2804/2012 2032/2824/2032 2017/2809/2017
f 2033/2825/2033 2021/2813/2021 2020/2812/2020
f 2015/2807/2015 2034/2826/2034 2014/2806/2014
f 2017/2809/2017 2026/2818/2026 2028/2820/2028
f 2026/2818/2026 2035/2827/2035 2022/2814/2022
f 2036/2828/2036 2021/2813/2021 2037/2829/2037
f 2037/2829/2037 2021/2813/2021 2033/2825/2033
f 2020/2812/2020 2038/2830/2038 2033/2825/2033
f 2015/2807/2015 2018/2810/2018 2039/2831/2039
f 2040/2832/2040 2013/2805/2013 2023/2815/2023
f 2031/2823/2031 2019/2811/2019 2016/2808/2016
f 2032/2824/2032 2026/2818/2026 2017/2809/2017
f 2028/2820/2028 2026/2818/2026 2036/2828/2036
f 2036/2828/2036 2026/2818/2026 2021/2813/2021
f 2015/2807/2015 2039/2831/2039 2034/2826/2034
f 2032/2824/2032 2035/2827/2035 2026/2818/2026
f 2013/2805/2013 2040/2832/2040 2030/2822/2030
f 2036/2828/2036 2037/2829/2037 2028/2820/2028
f 2033/2825/2033 2038/2830/2038 2041/2833/2041
f 2042/2834/2042 2020/2812/2020 2027/2819/2027
f 2042/2834/2042 2038/2830/2038 2020/2812/2020
f 2043/2835/2043 2040/2832/2040 2023/2815/2023
f 2043/2835/2043 2023/2815/2023 2025/2817/2025
f 2014/2806/2014 2034/2826/2034 2044/2836/2044
f 2045/2837/2045 2028/2820/2028 2037/2829/2037
f 2046/2838/2046 2037/2829/2037 2033/2825/2033
f 2016/2808/2016 2028/2820/2028 2045/2837/2045
f 2046/2838/2046 2045/2837/2045 2037/2829/2037
f 2044/2836/2044 2047/2839/2047 2014/2806/2014
f 2042/2834/2042 2041/2833/2041 2038/2830/2038
f 2033/2825/2033 2041/2833/2041 2048/2840/2048
f 2039/2831/2039 2049/2841/2049 2034/2826/2034
f 2032/2824/2032 2050/2842/2050 2035/2827/2035
f 2048/2840/2048 2046/2838/2046 2033/2825/2033
f 2025/2817/2025 2031/2823/2031 2051/2843/2051
f 2050/2842/2050 2032/2824/2032 2047/2839/2047
f 2016/2808/2016 2052/2844/2052 2031/2823/2031
f 2027/2819/2027 2053/2845/2053 2042/2834/2042
f 2027/2819/2027 2054/2846/2054 2053/2845/2053
f 2041/2833/2041 2042/2834/2042 2048/2840/2048
f 2027/2819/2027 2055/2847/2055 2054/2846/2054
f 2053/2845/2053 2056/2848/2056 2042/2834/2042
f 2051/2843/2051 2031/2823/2031 2052/2844/2052
f 2045/2837/2045 2052/2844/2052 2016/2808/2016
f 2046/2838/2046 2057/2849/2057 2045/2837/2045
f 2058/2850/2058 2057/2849/2057 2046/2838/2046
f 2046/2838/2046 2048/2840/2048 2058/2850/2058
f 2045/2837/2045 2057/2849/2057 2059/2851/2059
f 2058/2850/2058 2060/2852/2060 2057/2849/2057
f 2060/2852/2060 2059/2851/2059 2057/2849/2057
f 2061/2853/2061 2060/2852/2060 2058/2850/2058
f 2062/2854/2062 2042/2834/2042 2056/2848/2056
f 2050/2842/2050 2022/2814/2022 2035/2827/2035
f 2047/2839/2047 2032/2824/2032 2014/2806/2014
f 2063/2855/2063 1843/2856/1843 1840/2857/1840
f 1841/2858/1841 2063/2855/2063 1840/2857/1840
f 1847/2859/1847 2063/2855/2063 1841/2858/1841
f 1851/2860/1851 2063/2855/2063 1847/2859/1847
f 1841/2858/1841 1844/2861/1844 1848/2862/1848
f 1847/2859/1847 1841/2858/1841 1848/2862/1848
f 2063/2855/2063 1851/2860/1851 1856/2863/1856
f 1854/2864/1854 1843/2856/1843 2063/2855/2063
f 2064/2865/2064 1848/2862/1848 1844/2861/1844
f 1854/2864/1854 2063/2855/2063 1856/2863/1856
f 2064/2865/2064 1844/2861/1844 1860/2866/1860
f 2065/2867/2065 1854/2864/1854 1856/2863/1856
f 2065/2867/2065 1859/2868/1859 1854/2864/1854
f 1863/2869/1863 2064/2865/2064 1860/2866/1860
f 1863/2869/1863 1848/2862/1848 2064/2865/2064
f 2065/2867/2065 1856/2863/1856 1864/2870/1864
f 1863/2869/1863 1860/2866/1860 1870/2871/1870
f 2065/2867/2065 1864/2870/1864 2066/2872/2066
f 1867/2873/1867 1859/2868/1859 2065/2867/2065
f 1867/2873/1867 2065/2867/2065 2066/2872/2066
f 2067/2874/2067 2068/2875/2068 2069/2876/2069
f 2070/2877/2070 2071/2878/2071 2072/2879/2072
f 2073/2880/2073 2070/2877/2070 2072/2879/2072
f 2074/2881/2074 2069/2876/2069 2068/2875/2068
f 2067/2874/2067 2069/2876/2069 2075/2882/2075
f 2076/2883/2076 2071/2878/2071 2070/2877/2070
f 2077/2884/2077 2076/2883/2076 2070/2877/2070
f 2078/2885/2078 2077/2884/2077 2070/2877/2070
f 2079/2886/2079 2080/2887/2080 2081/2888/2081
f 2082/2889/2082 2068/2875/2068 2083/2890/2083
f 2083/2890/2083 2068/2875/2068 2067/2874/2067
f 2067/2874/2067 2075/2882/2075 2084/2891/2084
f 2076/2883/2076 2085/2892/2085 2071/2878/2071
f 2086/2893/2086 2077/2884/2077 2078/2885/2078
f 2069/2876/2069 2074/2881/2074 2087/2894/2087
f 2067/2874/2067 2084/2891/2084 2088/2895/2088
f 2085/2892/2085 2076/2883/2076 2089/2896/2089
f 2090/2897/2090 2076/2883/2076 2077/2884/2077
f 2091/2898/2091 2070/2877/2070 2073/2880/2073
f 2070/2877/2070 2091/2898/2091 2078/2885/2078
f 2080/2887/2080 2086/2893/2086 2081/2888/2081
f 2092/2899/2092 2074/2881/2074 2068/2875/2068
f 2069/2876/2069 2087/2894/2087 2093/2900/2093
f 2094/2901/2094 2083/2890/2083 2067/2874/2067
f 2094/2901/2094 2067/2874/2067 2088/2895/2088
f 2072/2879/2072 2095/2902/2095 2073/2880/2073
f 2086/2893/2086 2092/2899/2092 2081/2888/2081
f 2081/2888/2081 2092/2899/2092 2082/2889/2082
f 2082/2889/2082 2092/2899/2092 2068/2875/2068
f 2082/2889/2082 2079/2886/2079 2081/2888/2081
f 2069/2876/2069 2093/2900/2093 2096/2903/2096
f 2076/2883/2076 2090/2897/2090 2089/2896/2089
f 2073/2880/2073 2097/2904/2097 2091/2898/2091
f 2077/2884/2077 2086/2893/2086 2080/2887/2080
f 2078/2885/2078 2091/2898/2091 2098/2905/2098
f 2078/2885/2078 2092/2899/2092 2086/2893/2086
f 2098/2905/2098 2099/2906/2099 2078/2885/2078
f 2092/2899/2092 2099/2906/2099 2074/2881/2074
f 2099/2906/2099 2098/2905/2098 2087/2894/2087
f 2074/2881/2074 2099/2906/2099 2087/2894/2087
f 2100/2907/2100 2082/2889/2082 2083/2890/2083
f 2075/2882/2075 2069/2876/2069 2096/2903/2096
f 2075/2882/2075 2096/2903/2096 2101/2908/2101
f 2087/2894/2087 2102/2909/2102 2093/2900/2093
f 2096/2903/2096 2093/2900/2093 2103/2910/2103
f 2095/2902/2095 2097/2904/2097 2073/2880/2073
f 2078/2885/2078 2099/2906/2099 2092/2899/2092
f 2100/2907/2100 2083/2890/2083 2104/2911/2104
f 2093/2900/2093 2102/2909/2102 2103/2910/2103
f 2090/2897/2090 2077/2884/2077 2080/2887/2080
f 2080/2887/2080 2079/2886/2079 2105/2912/2105
f 2082/2889/2082 2100/2907/2100 2079/2886/2079
f 2090/2897/2090 2106/2913/2106 2089/2896/2089
f 2091/2898/2091 2097/2904/2097 2107/2914/2107
f 2091/2898/2091 2107/2914/2107 2098/2905/2098
f 2107/2914/2107 2108/2915/2108 2098/2905/2098
f 2098/2905/2098 2108/2915/2108 2109/2916/2109
f 2110/2917/2110 2079/2886/2079 2100/2907/2100
f 2103/2910/2103 2102/2909/2102 2111/2918/2111
f 2101/2908/2101 2084/2891/2084 2075/2882/2075
f 2105/2912/2105 2079/2886/2079 2110/2917/2110
f 2112/2919/2112 2089/2896/2089 2106/2913/2106
f 2098/2905/2098 2109/2916/2109 2087/2894/2087
f 2087/2894/2087 2113/2920/2113 2102/2909/2102
f 2083/2890/2083 2114/2921/2114 2104/2911/2104
f 2114/2921/2114 2083/2890/2083 2094/2901/2094
f 2115/2922/2115 2090/2897/2090 2080/2887/2080
f 2080/2887/2080 2105/2912/2105 2115/2922/2115
f 2108/2915/2108 2116/2923/2116 2109/2916/2109
f 2087/2894/2087 2109/2916/2109 2113/2920/2113
f 2102/2909/2102 2117/2924/2117 2111/2918/2111
f 2090/2897/2090 2115/2922/2115 2106/2913/2106
f 2116/2923/2116 2113/2920/2113 2109/2916/2109
f 2113/2920/2113 2117/2924/2117 2102/2909/2102
f 2085/2925/2085 2118/2926/2118 2071/2927/2071
f 2085/2925/2085 2089/2928/2089 2119/2929/2119
f 2119/2929/2119 2118/2926/2118 2085/2925/2085
f 2072/2930/2072 2071/2927/2071 2118/2926/2118
f 2118/2926/2118 2119/2929/2119 2120/2931/2120
f 2118/2926/2118 2120/2931/2120 2072/2930/2072
f 2119/2929/2119 2089/2928/2089 2121/2932/2121
f 2095/2933/2095 2072/2930/2072 2122/2934/2122
f 2119/2929/2119 2123/2935/2123 2120/2931/2120
f 2122/2934/2122 2072/2930/2072 2120/2931/2120
f 2124/2936/2124 2119/2929/2119 2121/2932/2121
f 2120/2931/2120 2123/2935/2123 2122/2934/2122
f 2089/2928/2089 2125/2937/2125 2121/2932/2121
f 2089/2928/2089 2112/2938/2112 2125/2937/2125
f 2112/2938/2112 2126/2939/2126 2125/2937/2125
f 2127/2940/2127 2124/2936/2124 2121/2932/2121
f 2127/2940/2127 2121/2932/2121 2125/2937/2125
f 2119/2929/2119 2128/2941/2128 2123/2935/2123
f 2127/2940/2127 2125/2937/2125 2129/2942/2129
f 2123/2935/2123 2130/2943/2130 2122/2934/2122
f 2125/2937/2125 2126/2939/2126 2129/2942/2129
f 2130/2943/2130 2131/2944/2131 2122/2934/2122
f 2132/2945/2132 2124/2936/2124 2127/2940/2127
f 2132/2945/2132 2127/2940/2127 2129/2942/2129
f 2133/2946/2133 2123/2935/2123 2128/2941/2128
f 2134/2947/2134 2124/2936/2124 2132/2945/2132
f 2128/2941/2128 2124/2936/2124 2134/2947/2134
f 2123/2935/2123 2133/2946/2133 2130/2943/2130
f 2129/2942/2129 2126/2939/2126 2135/2948/2135
f 2128/2941/2128 2134/2947/2134 2133/2946/2133
f 2132/2945/2132 2129/2942/2129 2136/2949/2136
f 2129/2942/2129 2135/2948/2135 2136/2949/2136
f 2137/2950/2137 2130/2943/2130 2133/2946/2133
f 2130/2943/2130 2138/2951/2138 2131/2944/2131
f 2133/2946/2133 2134/2947/2134 2139/2952/2139
f 2130/2943/2130 2140/2953/2140 2138/2951/2138
f 2141/2954/2141 2136/2949/2136 2135/2948/2135
f 2137/2950/2137 2140/2953/2140 2130/2943/2130
f 2137/2950/2137 2133/2946/2133 2139/2952/2139
f 2137/2950/2137 2142/2955/2142 2140/2953/2140
f 2138/2951/2138 2140/2953/2140 2143/2956/2143
f 2142/2955/2142 2137/2950/2137 2139/2952/2139
f 2140/2953/2140 2144/2957/2144 2143/2956/2143
f 2140/2953/2140 2142/2955/2142 2144/2957/2144
f 2142/2955/2142 2139/2952/2139 2145/2958/2145
f 2144/2957/2144 2142/2955/2142 2145/2958/2145
f 2145/2958/2145 2146/2959/2146 2144/2957/2144
f 2147/2960/2147 2144/2957/2144 2148/2961/2148
f 2148/2961/2148 2144/2957/2144 2146/2959/2146
f 2148/2961/2148 2146/2959/2146 2149/2962/2149
f 2128/2941/2128 2119/2929/2119 2124/2936/2124
f 2150/2963/2150 2151/2964/2151 2152/2965/2152
f 2153/2966/2153 2151/2964/2151 2154/2967/2154
f 2155/2968/2155 2150/2963/2150 2152/2965/2152
f 2151/2964/2151 2153/2966/2153 2152/2965/2152
f 2152/2965/2152 2156/2969/2156 2157/2970/2157
f 2156/2969/2156 2158/2971/2158 2157/2970/2157
f 2152/2965/2152 2159/2972/2159 2156/2969/2156
f 2159/2972/2159 2152/2965/2152 2153/2966/2153
f 2159/2972/2159 2160/2973/2160 2156/2969/2156
f 2161/2974/2161 2153/2966/2153 2162/2975/2162
f 2156/2969/2156 2160/2973/2160 2158/2971/2158
f 2158/2971/2158 2160/2973/2160 2163/2976/2163
f 2159/2972/2159 2153/2966/2153 2161/2974/2161
f 2159/2972/2159 2161/2974/2161 2160/2973/2160
f 2164/2977/2164 2163/2976/2163 2160/2973/2160
f 2164/2977/2164 2160/2973/2160 2165/2978/2165
f 2166/2979/2166 2161/2974/2161 2162/2975/2162
f 2165/2978/2165 2160/2973/2160 2161/2974/2161
f 2167/2980/2167 2164/2977/2164 2165/2978/2165
f 2161/2974/2161 2166/2979/2166 2168/2981/2168
f 2165/2978/2165 2161/2974/2161 2168/2981/2168
f 2169/2982/2169 2167/2980/2167 2165/2978/2165
f 2165/2978/2165 2168/2981/2168 2170/2983/2170
f 2170/2983/2170 2169/2982/2169 2165/2978/2165
f 2171/2984/2171 2170/2983/2170 2168/2981/2168
f 2170/2983/2170 2172/2985/2172 2169/2982/2169
f 2171/2984/2171 2173/2986/2173 2170/2983/2170
f 2169/2982/2169 2172/2985/2172 2174/2987/2174
f 2175/2988/2175 2173/2986/2173 2171/2984/2171
f 1597/2989/1597 2176/2990/2176 1595/2991/1595
f 2176/2990/2176 1597/2989/1597 2154/2992/2154
f 1593/2993/1593 2177/2994/2177 1597/2989/1597
f 1593/2993/1593 2178/2995/2178 2177/2994/2177
f 2154/2992/2154 1597/2989/1597 2179/2996/2179
f 2179/2996/2179 2153/2997/2153 2154/2992/2154
f 1597/2989/1597 2177/2994/2177 2180/2998/2180
f 2180/2998/2180 2181/2999/2181 1597/2989/1597
f 2179/2996/2179 1597/2989/1597 2181/2999/2181
f 2153/2997/2153 2179/2996/2179 2182/3000/2182
f 2178/2995/2178 2183/3001/2183 2177/2994/2177
f 2179/2996/2179 2181/2999/2181 2184/3002/2184
f 2182/3000/2182 2179/2996/2179 2184/3002/2184
f 2182/3000/2182 2162/3003/2162 2153/2997/2153
f 2183/3001/2183 2185/3004/2185 2177/2994/2177
f 2183/3001/2183 2186/3005/2186 2185/3004/2185
f 2187/3006/2187 2177/2994/2177 2185/3004/2185
f 2188/3007/2188 2182/3000/2182 2184/3002/2184
f 2189/3008/2189 2185/3004/2185 2186/3005/2186
f 2185/3004/2185 2189/3008/2189 2190/3009/2190
f 2190/3009/2190 2187/3006/2187 2185/3004/2185
f 2188/3007/2188 2191/3010/2191 2182/3000/2182
f 2162/3003/2162 2182/3000/2182 2191/3010/2191
f 2190/3009/2190 2189/3008/2189 2192/3011/2192
f 2189/3008/2189 2193/3012/2193 2192/3011/2192
f 2194/3013/2194 2190/3009/2190 2192/3011/2192
f 2162/3003/2162 2191/3010/2191 2166/3014/2166
f 2166/3014/2166 2191/3010/2191 2195/3015/2195
f 2192/3011/2192 2196/3016/2196 2194/3013/2194
f 2192/3011/2192 2193/3012/2193 2196/3016/2196
f 2197/3017/2197 2196/3016/2196 2193/3012/2193
f 2194/3013/2194 2196/3016/2196 2198/3018/2198
f 2199/3019/2199 2166/3014/2166 2195/3015/2195
f 2195/3015/2195 2200/3020/2200 2201/3021/2201
f 2196/3016/2196 2202/3022/2202 2198/3018/2198
f 2196/3016/2196 2197/3017/2197 2203/3023/2203
f 2202/3022/2202 2196/3016/2196 2204/3024/2204
f 2204/3024/2204 2196/3016/2196 2203/3023/2203
f 2205/3025/2205 2202/3022/2202 2204/3024/2204
f 2203/3023/2203 2206/3026/2206 2204/3024/2204
f 2205/3025/2205 2204/3024/2204 2207/3027/2207
f 2201/3021/2201 2208/3028/2208 2195/3015/2195
f 2208/3028/2208 2199/3019/2199 2195/3015/2195
f 2209/3029/2209 2199/3019/2199 2208/3028/2208
f 2207/3027/2207 2210/3030/2210 2205/3025/2205
f 2204/3024/2204 2206/3026/2206 2207/3027/2207
f 2210/3030/2210 2207/3027/2207 2211/3031/2211
f 2212/3032/2212 2210/3030/2210 2211/3031/2211
f 2207/3027/2207 2206/3026/2206 2213/3033/2213
f 2214/3034/2214 2208/3028/2208 2201/3021/2201
f 2211/3031/2211 2215/3035/2215 2212/3032/2212
f 2216/3036/2216 2211/3031/2211 2207/3027/2207
f 2207/3027/2207 2213/3033/2213 2217/3037/2217
f 2218/3038/2218 2215/3035/2215 2211/3031/2211
f 2218/3038/2218 2219/3039/2219 2215/3035/2215
f 2216/3036/2216 2218/3038/2218 2211/3031/2211
f 2217/3037/2217 2216/3036/2216 2207/3027/2207
f 2220/3040/2220 2221/3041/2221 2222/3042/2222
f 2221/3041/2221 2220/3040/2220 2223/3043/2223
f 2224/3044/2224 2220/3040/2220 2222/3042/2222
f 2225/3045/2225 2224/3044/2224 2222/3042/2222
f 2226/3046/2226 2224/3044/2224 2225/3045/2225
f 2227/3047/2227 2222/3042/2222 2221/3041/2221
f 2225/3045/2225 2228/3048/2228 2226/3046/2226
f 2229/3049/2229 2230/3050/2230 2231/3051/2231
f 2230/3050/2230 2229/3049/2229 2232/3052/2232
f 2223/3043/2223 2233/3053/2233 2221/3041/2221
f 2222/3042/2222 2227/3047/2227 2234/3054/2234
f 2225/3045/2225 2222/3042/2222 2235/3055/2235
f 2232/3052/2232 2236/3056/2236 2230/3050/2230
f 2236/3056/2236 2237/3057/2237 2230/3050/2230
f 2227/3047/2227 2221/3041/2221 2233/3053/2233
f 2222/3042/2222 2234/3054/2234 2235/3055/2235
f 2230/3050/2230 2238/3058/2238 2231/3051/2231
f 2232/3052/2232 2239/3059/2239 2236/3056/2236
f 2240/3060/2240 2232/3052/2232 2229/3049/2229
f 2223/3043/2223 2241/3061/2241 2233/3053/2233
f 2242/3062/2242 2234/3054/2234 2227/3047/2227
f 2225/3045/2225 2235/3055/2235 2228/3048/2228
f 2240/3060/2240 2229/3049/2229 2231/3051/2231
f 2241/3061/2241 2232/3052/2232 2233/3053/2233
f 2243/3063/2243 2223/3043/2223 2220/3040/2220
f 2227/3047/2227 2233/3053/2233 2242/3062/2242
f 2239/3059/2239 2232/3052/2232 2241/3061/2241
f 2244/3064/2244 1388/3065/1388 1386/3066/1386
f 2231/3051/2231 2245/3067/2245 2240/3060/2240
f 2241/3061/2241 2223/3043/2223 2246/3068/2246
f 2236/3056/2236 2239/3059/2239 2247/3069/2247
f 2238/3058/2238 2230/3050/2230 2248/3070/2248
f 2241/3061/2241 2246/3068/2246 2239/3059/2239
f 2246/3068/2246 2223/3043/2223 2243/3063/2243
f 2233/3053/2233 2240/3060/2240 2242/3062/2242
f 2249/3071/2249 2235/3055/2235 2234/3054/2234
f 2250/3072/2250 2251/3073/2251 2252/3074/2252
f 2253/3075/2253 2234/3054/2234 2242/3062/2242
f 1970/3076/1970 2228/3048/2228 2235/3055/2235
f 1390/3077/1390 2244/3064/2244 1386/3066/1386
f 2254/3078/2254 2255/3079/2255 2256/3080/2256
f 2251/3073/2251 2255/3079/2255 2254/3078/2254
f 2244/3064/2244 2255/3079/2255 2251/3073/2251
f 2251/3073/2251 2254/3078/2254 2252/3074/2252
f 2257/3081/2257 2244/3064/2244 2251/3073/2251
f 2236/3056/2236 2247/3069/2247 2237/3057/2237
f 2253/3075/2253 2249/3071/2249 2234/3054/2234
f 2258/3082/2258 2259/3083/2259 2180/3084/2180
f 1390/3077/1390 2255/3079/2255 2244/3064/2244
f 2260/3085/2260 2257/3081/2257 2251/3073/2251
f 2247/3069/2247 2251/3073/2251 2250/3072/2250
f 2251/3073/2251 2247/3069/2247 2260/3085/2260
f 2260/3085/2260 2247/3069/2247 2239/3059/2239
f 2260/3085/2260 2239/3059/2239 2246/3068/2246
f 2242/3062/2242 2240/3060/2240 2245/3067/2245
f 2181/3086/2181 2180/3084/2180 2259/3083/2259
f 2254/3078/2254 2256/3080/2256 2261/3087/2261
f 2252/3074/2252 2254/3078/2254 2261/3087/2261
f 2250/3072/2250 2262/3088/2262 2247/3069/2247
f 2247/3069/2247 2262/3088/2262 2237/3057/2237
f 2263/3089/2263 2246/3068/2246 2243/3063/2243
f 2257/3081/2257 2260/3085/2260 2263/3089/2263
f 2260/3085/2260 2246/3068/2246 2263/3089/2263
f 2230/3050/2230 2237/3057/2237 2264/3090/2264
f 2264/3090/2264 2248/3070/2248 2230/3050/2230
f 2245/3067/2245 2265/3091/2265 2242/3062/2242
f 2256/3080/2256 2255/3079/2255 1390/3077/1390
f 2261/3087/2261 2266/3092/2266 2252/3074/2252
f 2258/3082/2258 2180/3084/2180 2177/3093/2177
f 2256/3080/2256 1390/3077/1390 2267/3094/2267
f 2250/3072/2250 2252/3074/2252 2268/3095/2268
f 2237/3057/2237 2262/3088/2262 2264/3090/2264
f 2242/3062/2242 2265/3091/2265 2253/3075/2253
f 2250/3072/2250 2268/3095/2268 2262/3088/2262
f 2259/3083/2259 2258/3082/2258 2269/3096/2269
f 2252/3074/2252 2266/3092/2266 2270/3097/2270
f 2268/3095/2268 2252/3074/2252 2270/3097/2270
f 2261/3087/2261 2256/3080/2256 2269/3096/2269
f 2266/3092/2266 2271/3098/2271 2270/3097/2270
f 2264/3090/2264 2262/3088/2262 2268/3095/2268
f 2261/3087/2261 2258/3082/2258 2266/3092/2266
f 2256/3080/2256 2272/3099/2272 2269/3096/2269
f 2256/3080/2256 2267/3094/2267 2272/3099/2272
f 2264/3090/2264 2268/3095/2268 2273/3100/2273
f 2248/3070/2248 2264/3090/2264 2273/3100/2273
f 2258/3082/2258 2261/3087/2261 2269/3096/2269
f 2258/3082/2258 2177/3093/2177 2274/3101/2274
f 2266/3092/2266 2258/3082/2258 2274/3101/2274
f 2270/3097/2270 2273/3100/2273 2268/3095/2268
f 2271/3098/2271 2266/3092/2266 2274/3101/2274
f 2274/3101/2274 2275/3102/2275 2271/3098/2271
f 2271/3098/2271 2276/3103/2276 2270/3097/2270
f 2274/3101/2274 2177/3093/2177 2187/3104/2187
f 2275/3102/2275 2274/3101/2274 2187/3104/2187
f 2240/3060/2240 2233/3053/2233 2232/3052/2232
f 2027/3105/2027 2024/3106/2024 2055/3107/2055
f 2024/3106/2024 2029/3108/2029 2055/3107/2055
f 2029/3108/2029 2022/3109/2022 2277/3110/2277
f 2278/3111/2278 2055/3107/2055 2029/3108/2029
f 2277/3110/2277 2022/3109/2022 2050/3112/2050
f 2049/3113/2049 2279/3114/2279 2034/3115/2034
f 2278/3111/2278 2029/3108/2029 2277/3110/2277
f 2279/3114/2279 2044/3116/2044 2034/3115/2034
f 2053/3117/2053 2054/3118/2054 2280/3119/2280
f 2050/3112/2050 2047/3120/2047 2281/3121/2281
f 2044/3116/2044 2282/3122/2282 2047/3120/2047
f 2050/3112/2050 2281/3121/2281 2277/3110/2277
f 2055/3107/2055 2283/3123/2283 2054/3118/2054
f 2279/3114/2279 2049/3113/2049 2284/3124/2284
f 2285/3125/2285 2280/3119/2280 2054/3118/2054
f 2282/3122/2282 2044/3116/2044 2279/3114/2279
f 2282/3122/2282 2279/3114/2279 2286/3126/2286
f 2283/3123/2283 2285/3125/2285 2054/3118/2054
f 2284/3124/2284 2049/3113/2049 2287/3127/2287
f 2277/3110/2277 2281/3121/2281 2288/3128/2288
f 2283/3123/2283 2055/3107/2055 2278/3111/2278
f 2277/3110/2277 2288/3128/2288 2278/3111/2278
f 2281/3121/2281 2047/3120/2047 2282/3122/2282
f 2283/3123/2283 2278/3111/2278 2285/3125/2285
f 2284/3124/2284 2286/3126/2286 2279/3114/2279
f 2288/3128/2288 2281/3121/2281 2289/3129/2289
f 2282/3122/2282 2286/3126/2286 2281/3121/2281
f 2290/3130/2290 2284/3124/2284 2287/3127/2287
f 2286/3126/2286 2289/3129/2289 2281/3121/2281
f 2291/3131/2291 2285/3125/2285 2278/3111/2278
f 2292/3132/2292 2286/3126/2286 2284/3124/2284
f 2278/3111/2278 2288/3128/2288 2291/3131/2291
f 2292/3132/2292 2284/3124/2284 2290/3130/2290
f 2288/3128/2288 2293/3133/2293 2291/3131/2291
f 2280/3119/2280 2285/3125/2285 2294/3134/2294
f 2295/3135/2295 2289/3129/2289 2286/3126/2286
f 2293/3133/2293 2288/3128/2288 2289/3129/2289
f 2290/3130/2290 2296/3136/2296 2292/3132/2292
f 2292/3132/2292 2295/3135/2295 2286/3126/2286
f 2297/3137/2297 2293/3133/2293 2289/3129/2289
f 2291/3131/2291 2298/3138/2298 2285/3125/2285
f 2299/3139/2299 2292/3132/2292 2296/3136/2296
f 2300/3140/2300 2289/3129/2289 2295/3135/2295
f 2295/3135/2295 2292/3132/2292 2299/3139/2299
f 2289/3129/2289 2300/3140/2300 2297/3137/2297
f 2301/3141/2301 2300/3140/2300 2295/3135/2295
f 2299/3139/2299 2301/3141/2301 2295/3135/2295
f 2293/3133/2293 2297/3137/2297 2302/3142/2302
f 2303/3143/2303 2285/3125/2285 2298/3138/2298
f 2298/3138/2298 2291/3131/2291 2293/3133/2293
f 2300/3140/2300 2302/3142/2302 2297/3137/2297
f 2302/3142/2302 2300/3140/2300 2301/3141/2301
f 2301/3141/2301 2299/3139/2299 2304/3144/2304
f 2305/3145/2305 2293/3133/2293 2302/3142/2302
f 2306/3146/2306 2298/3138/2298 2293/3133/2293
f 2298/3138/2298 2307/3147/2307 2303/3143/2303
f 2299/3139/2299 2296/3136/2296 2304/3144/2304
f 2298/3138/2298 2306/3146/2306 2307/3147/2307
f 2306/3146/2306 2293/3133/2293 2305/3145/2305
f 2308/3148/2308 2296/3136/2296 2309/3149/2309
f 2296/3136/2296 2308/3148/2308 2304/3144/2304
f 2301/3141/2301 2304/3144/2304 2302/3142/2302
f 2307/3147/2307 2310/3150/2310 2303/3143/2303
f 2311/3151/2311 2302/3142/2302 2304/3144/2304
f 2302/3142/2302 2311/3151/2311 2305/3145/2305
f 2312/3152/2312 2308/3148/2308 2309/3149/2309
f 2313/3153/2313 2305/3145/2305 2311/3151/2311
f 2305/3145/2305 2313/3153/2313 2314/3154/2314
f 2315/3155/2315 2310/3150/2310 2307/3147/2307
f 2305/3145/2305 2316/3156/2316 2306/3146/2306
f 2304/3144/2304 2308/3148/2308 2317/3157/2317
f 2304/3144/2304 2317/3157/2317 2311/3151/2311
f 2306/3146/2306 2318/3158/2318 2307/3147/2307
f 2307/3147/2307 2318/3158/2318 2315/3155/2315
f 2306/3146/2306 2316/3156/2316 2318/3158/2318
f 2314/3154/2314 2316/3156/2316 2305/3145/2305
f 2319/3159/2319 2311/3151/2311 2317/3157/2317
f 2311/3151/2311 2319/3159/2319 2313/3153/2313
f 2318/3158/2318 2316/3156/2316 2320/3160/2320
f 2315/3155/2315 2318/3158/2318 2321/3161/2321
f 2322/3162/2322 2308/3148/2308 2312/3152/2312
f 2314/3154/2314 2313/3153/2313 2323/3163/2323
f 2324/3164/2324 2316/3156/2316 2314/3154/2314
f 2317/3157/2317 2308/3148/2308 2325/3165/2325
f 2316/3156/2316 2324/3164/2324 2320/3160/2320
f 2325/3165/2325 2308/3148/2308 2322/3162/2322
f 2317/3157/2317 2326/3166/2326 2319/3159/2319
f 2324/3164/2324 2314/3154/2314 2323/3163/2323
f 2326/3166/2326 2313/3153/2313 2319/3159/2319
f 2313/3153/2313 2327/3167/2327 2323/3163/2323
f 2327/3167/2327 2324/3164/2324 2323/3163/2323
f 2325/3165/2325 2326/3166/2326 2317/3157/2317
f 2313/3153/2313 2326/3166/2326 2327/3167/2327
f 2328/3168/2328 2224/3169/2224 2226/3170/2226
f 2329/3171/2329 2328/3168/2328 2226/3170/2226
f 2329/3171/2329 2226/3170/2226 2228/3172/2228
f 2330/3173/2330 2224/3169/2224 2328/3168/2328
f 2331/3174/2331 2220/3175/2220 2224/3169/2224
f 2331/3174/2331 2224/3169/2224 2330/3173/2330
f 2330/3173/2330 2328/3168/2328 2329/3171/2329
f 2331/3174/2331 2332/3176/2332 2220/3175/2220
f 2329/3171/2329 2228/3172/2228 1970/3177/1970
f 2330/3173/2330 2329/3171/2329 2333/3178/2333
f 1601/3179/1601 1388/3180/1388 2244/3181/2244
f 2220/3175/2220 2332/3176/2332 2243/3182/2243
f 2334/3183/2334 1601/3184/1601 2244/3185/2244
f 2335/3186/2335 2332/3176/2332 2331/3174/2331
f 2333/3178/2333 2329/3171/2329 1974/3187/1974
f 2257/3188/2257 2334/3183/2334 2244/3185/2244
f 2263/3189/2263 2243/3182/2243 2332/3176/2332
f 2331/3174/2331 2330/3173/2330 2336/3190/2336
f 2181/3191/2181 2259/3192/2259 2337/3193/2337
f 1601/3184/1601 2267/3194/2267 1390/3195/1390
f 1601/3184/1601 2334/3183/2334 2267/3194/2267
f 2336/3190/2336 2330/3173/2330 2333/3178/2333
f 1974/3187/1974 2329/3171/2329 1970/3177/1970
f 2334/3183/2334 2257/3188/2257 2338/3196/2338
f 2263/3189/2263 2338/3196/2338 2257/3188/2257
f 2335/3186/2335 2331/3174/2331 2336/3190/2336
f 2337/3193/2337 2184/3197/2184 2181/3191/2181
f 2263/3189/2263 2339/3198/2339 2338/3196/2338
f 2338/3196/2338 2340/3199/2340 2334/3183/2334
f 2334/3183/2334 2341/3200/2341 2267/3194/2267
f 2342/3201/2342 2263/3189/2263 2332/3176/2332
f 2343/3202/2343 2335/3186/2335 2336/3190/2336
f 2259/3192/2259 2269/3203/2269 2272/3204/2272
f 2344/3205/2344 2334/3183/2334 2340/3199/2340
f 2338/3196/2338 2339/3198/2339 2340/3199/2340
f 2263/3189/2263 2342/3201/2342 2339/3198/2339
f 2342/3201/2342 2332/3176/2332 2335/3186/2335
f 2336/3190/2336 2333/3178/2333 2345/3206/2345
f 2272/3204/2272 2267/3194/2267 2341/3200/2341
f 2335/3186/2335 2346/3207/2346 2342/3201/2342
f 2337/3193/2337 2259/3192/2259 2272/3204/2272
f 2341/3200/2341 2334/3183/2334 2344/3205/2344
f 2340/3199/2340 2339/3198/2339 2347/3208/2347
f 2342/3201/2342 2348/3209/2348 2339/3198/2339
f 2349/3210/2349 2337/3193/2337 2272/3204/2272
f 2349/3210/2349 2272/3204/2272 2341/3200/2341
f 2344/3205/2344 2350/3211/2350 2341/3200/2341
f 2340/3199/2340 2351/3212/2351 2344/3205/2344
f 2351/3212/2351 2340/3199/2340 2347/3208/2347
f 2346/3207/2346 2348/3209/2348 2342/3201/2342
f 2184/3197/2184 2337/3193/2337 2352/3213/2352
f 2350/3211/2350 2349/3210/2349 2341/3200/2341
f 2352/3213/2352 2337/3193/2337 2349/3210/2349
f 2350/3211/2350 2353/3214/2353 2349/3210/2349
f 2344/3205/2344 2354/3215/2354 2350/3211/2350
f 2351/3212/2351 2354/3215/2354 2344/3205/2344
f 2347/3208/2347 2339/3198/2339 2348/3209/2348
f 2346/3207/2346 2335/3186/2335 2343/3202/2343
f 2352/3213/2352 2188/3216/2188 2184/3197/2184
f 2353/3214/2353 2352/3213/2352 2349/3210/2349
f 2188/3216/2188 2352/3213/2352 2353/3214/2353
f 2108/3217/2108 2107/3218/2107 2116/3219/2116
f 2097/3220/2097 2355/3221/2355 2107/3218/2107
f 2116/3219/2116 2107/3218/2107 2355/3221/2355
f 2356/3222/2356 2097/3220/2097 2095/3223/2095
f 2355/3221/2355 2097/3220/2097 2357/3224/2357
f 2358/3225/2358 2116/3219/2116 2355/3221/2355
f 2116/3219/2116 2359/3226/2359 2113/3227/2113
f 2360/3228/2360 2355/3221/2355 2357/3224/2357
f 2361/3229/2361 2111/3230/2111 2117/3231/2117
f 2361/3229/2361 2117/3231/2117 2362/3232/2362
f 2359/3226/2359 2362/3232/2362 2113/3227/2113
f 2113/3227/2113 2362/3232/2362 2117/3231/2117
f 2122/3233/2122 2356/3222/2356 2095/3223/2095
f 2116/3219/2116 2358/3225/2358 2359/3226/2359
f 2357/3224/2357 2097/3220/2097 2356/3222/2356
f 2360/3228/2360 2358/3225/2358 2355/3221/2355
f 2357/3224/2357 2363/3234/2363 2360/3228/2360
f 2358/3225/2358 2364/3235/2364 2365/3236/2365
f 2358/3225/2358 2360/3228/2360 2364/3235/2364
f 2362/3232/2362 2366/3237/2366 2361/3229/2361
f 2362/3232/2362 2367/3238/2367 2366/3237/2366
f 2360/3228/2360 2368/3239/2368 2364/3235/2364
f 2367/3238/2367 2362/3232/2362 2359/3226/2359
f 2122/3233/2122 2131/3240/2131 2356/3222/2356
f 2363/3234/2363 2368/3239/2368 2360/3228/2360
f 2365/3236/2365 2367/3238/2367 2359/3226/2359
f 2366/3237/2366 2369/3241/2369 2361/3229/2361
f 2356/3222/2356 2363/3234/2363 2357/3224/2357
f 2368/3239/2368 2365/3236/2365 2364/3235/2364
f 2368/3239/2368 2363/3234/2363 2370/3242/2370
f 2371/3243/2371 2363/3234/2363 2356/3222/2356
f 2369/3241/2369 2366/3237/2366 2372/3244/2372
f 2367/3238/2367 2365/3236/2365 2373/3245/2373
f 2131/3240/2131 2371/3243/2371 2356/3222/2356
f 2365/3236/2365 2374/3246/2374 2373/3245/2373
f 2374/3246/2374 2365/3236/2365 2368/3239/2368
f 2375/3247/2375 2366/3237/2366 2367/3238/2367
f 2375/3247/2375 2367/3238/2367 2373/3245/2373
f 2366/3237/2366 2376/3248/2376 2372/3244/2372
f 2371/3243/2371 2131/3240/2131 2138/3249/2138
f 2371/3243/2371 2377/3250/2377 2363/3234/2363
f 2363/3234/2363 2377/3250/2377 2370/3242/2370
f 2375/3247/2375 2376/3248/2376 2366/3237/2366
f 2138/3249/2138 2378/3251/2378 2371/3243/2371
f 2371/3243/2371 2378/3251/2378 2377/3250/2377
f 2373/3245/2373 2374/3246/2374 2375/3247/2375
f 2370/3242/2370 2379/3252/2379 2368/3239/2368
f 2379/3252/2379 2374/3246/2374 2368/3239/2368
f 2375/3247/2375 2380/3253/2380 2376/3248/2376
f 2372/3244/2372 2376/3248/2376 2381/3254/2381
f 2380/3253/2380 2381/3254/2381 2376/3248/2376
f 2374/3246/2374 2382/3255/2382 2375/3247/2375
f 2377/3250/2377 2383/3256/2383 2370/3242/2370
f 2370/3242/2370 2383/3256/2383 2379/3252/2379
f 2380/3253/2380 2375/3247/2375 2382/3255/2382
f 2378/3251/2378 2383/3256/2383 2377/3250/2377
f 2138/3249/2138 2143/3257/2143 2378/3251/2378
f 2143/3257/2143 2384/3258/2384 2378/3251/2378
f 2378/3251/2378 2384/3258/2384 2383/3256/2383
f 2374/3246/2374 2379/3252/2379 2382/3255/2382
f 2385/3259/2385 2379/3252/2379 2383/3256/2383
f 2384/3258/2384 2385/3259/2385 2383/3256/2383
f 2384/3258/2384 2143/3257/2143 2386/3260/2386
f 2384/3258/2384 2386/3260/2386 2385/3259/2385
f 2144/3261/2144 2386/3260/2386 2143/3257/2143
f 2382/3255/2382 2379/3252/2379 2387/3262/2387
f 2388/3263/2388 2379/3252/2379 2385/3259/2385
f 2389/3264/2389 2380/3253/2380 2382/3255/2382
f 2379/3252/2379 2388/3263/2388 2387/3262/2387
f 2380/3253/2380 2390/3265/2390 2381/3254/2381
f 2382/3255/2382 2391/3266/2391 2389/3264/2389
f 2380/3253/2380 2392/3267/2392 2390/3265/2390
f 2387/3262/2387 2391/3266/2391 2382/3255/2382
f 2386/3260/2386 2393/3268/2393 2385/3259/2385
f 2380/3253/2380 2389/3264/2389 2392/3267/2392
f 2387/3262/2387 2394/3269/2394 2391/3266/2391
f 2386/3260/2386 2144/3261/2144 2147/3270/2147
f 2387/3262/2387 2388/3263/2388 2395/3271/2395
f 2389/3264/2389 2391/3266/2391 2396/3272/2396
f 2387/3262/2387 2395/3271/2395 2394/3269/2394
f 2396/3272/2396 2391/3266/2391 2394/3269/2394
f 2397/3273/2397 2388/3263/2388 2393/3268/2393
f 2397/3273/2397 2395/3271/2395 2388/3263/2388
f 2389/3264/2389 2396/3272/2396 2392/3267/2392
f 2386/3260/2386 2147/3270/2147 2393/3268/2393
f 2397/3273/2397 2393/3268/2393 2398/3274/2398
f 2392/3267/2392 2396/3272/2396 2399/3275/2399
f 2395/3271/2395 2400/3276/2400 2394/3269/2394
f 2147/3270/2147 2398/3274/2398 2393/3268/2393
f 2392/3267/2392 2399/3275/2399 2401/3277/2401
f 2359/3226/2359 2358/3225/2358 2365/3236/2365
f 2393/3268/2393 2388/3263/2388 2385/3259/2385
f 2094/3278/2094 2088/3279/2088 2402/3280/2402
f 2403/3281/2403 2084/3282/2084 2101/3283/2101
f 2088/3279/2088 2084/3282/2084 2404/3284/2404
f 2103/3285/2103 2111/3286/2111 2405/3287/2405
f 2103/3285/2103 2405/3287/2405 2096/3288/2096
f 2084/3282/2084 2403/3281/2403 2404/3284/2404
f 2096/3288/2096 2403/3281/2403 2101/3283/2101
f 2402/3280/2402 2088/3279/2088 2404/3284/2404
f 2404/3284/2404 2403/3281/2403 2406/3289/2406
f 2096/3288/2096 2405/3287/2405 2403/3281/2403
f 2405/3287/2405 2407/3290/2407 2403/3281/2403
f 2408/3291/2408 2402/3280/2402 2409/3292/2409
f 2361/3293/2361 2369/3294/2369 2111/3286/2111
f 2404/3284/2404 2409/3292/2409 2402/3280/2402
f 2111/3286/2111 2369/3294/2369 2405/3287/2405
f 2405/3287/2405 2410/3295/2410 2407/3290/2407
f 2406/3289/2406 2409/3292/2409 2404/3284/2404
f 2405/3287/2405 2369/3294/2369 2410/3295/2410
f 2407/3290/2407 2406/3289/2406 2403/3281/2403
f 2409/3292/2409 2406/3289/2406 2411/3296/2411
f 2412/3297/2412 2408/3291/2408 2409/3292/2409
f 2409/3292/2409 2411/3296/2411 2412/3297/2412
f 2410/3295/2410 2413/3298/2413 2407/3290/2407
f 2410/3295/2410 2372/3299/2372 2413/3298/2413
f 2414/3300/2414 2411/3296/2411 2406/3289/2406
f 2407/3290/2407 2414/3300/2414 2406/3289/2406
f 2412/3297/2412 2411/3296/2411 2415/3301/2415
f 2416/3302/2416 2415/3301/2415 2411/3296/2411
f 2372/3299/2372 2381/3303/2381 2413/3298/2413
f 2417/3304/2417 2414/3300/2414 2407/3290/2407
f 2416/3302/2416 2411/3296/2411 2414/3300/2414
f 2417/3304/2417 2416/3302/2416 2414/3300/2414
f 2413/3298/2413 2418/3305/2418 2407/3290/2407
f 2418/3305/2418 2417/3304/2417 2407/3290/2407
f 2419/3306/2419 2416/3302/2416 2417/3304/2417
f 2420/3307/2420 2415/3301/2415 2416/3302/2416
f 2418/3305/2418 2421/3308/2421 2417/3304/2417
f 2419/3306/2419 2420/3307/2420 2416/3302/2416
f 2415/3301/2415 2422/3309/2422 2412/3297/2412
f 2419/3306/2419 2417/3304/2417 2421/3308/2421
f 2423/3310/2423 2418/3305/2418 2413/3298/2413
f 2413/3298/2413 2381/3303/2381 2423/3310/2423
f 2418/3305/2418 2424/3311/2424 2421/3308/2421
f 2424/3311/2424 2418/3305/2418 2423/3310/2423
f 2415/3301/2415 2425/3312/2425 2422/3309/2422
f 2426/3313/2426 2415/3301/2415 2420/3307/2420
f 2426/3313/2426 2425/3312/2425 2415/3301/2415
f 2381/3303/2381 2390/3314/2390 2423/3310/2423
f 2427/3315/2427 2424/3311/2424 2423/3310/2423
f 2425/3312/2425 2428/3316/2428 2422/3309/2422
f 2429/3317/2429 2423/3310/2423 2390/3314/2390
f 2430/3318/2430 2425/3312/2425 2426/3313/2426
f 2431/3319/2431 2425/3312/2425 2430/3318/2430
f 2423/3310/2423 2429/3317/2429 2427/3315/2427
f 2390/3314/2390 2392/3320/2392 2429/3317/2429
f 2432/3321/2432 2424/3311/2424 2427/3315/2427
f 2431/3319/2431 2428/3316/2428 2425/3312/2425
f 2433/3322/2433 2431/3319/2431 2430/3318/2430
f 2433/3322/2433 2430/3318/2430 2434/3323/2434
f 2428/3316/2428 2431/3319/2431 2435/3324/2435
f 2401/3325/2401 2429/3317/2429 2392/3320/2392
f 2401/3325/2401 2427/3315/2427 2429/3317/2429
f 2436/3326/2436 2427/3315/2427 2401/3325/2401
f 2437/3327/2437 2427/3315/2427 2436/3326/2436
f 2431/3319/2431 2433/3322/2433 2435/3324/2435
f 2372/3299/2372 2410/3295/2410 2369/3294/2369
f 2437/3327/2437 2432/3321/2432 2427/3315/2427
f 2402/3328/2402 2114/3329/2114 2094/3330/2094
f 2115/3331/2115 2105/3332/2105 2110/3333/2110
f 2110/3333/2110 2100/3334/2100 2438/3335/2438
f 2115/3331/2115 2439/3336/2439 2106/3337/2106
f 2100/3334/2100 2104/3338/2104 2438/3335/2438
f 2112/3339/2112 2106/3337/2106 2439/3336/2439
f 2104/3338/2104 2114/3329/2114 2440/3340/2440
f 2439/3336/2439 2126/3341/2126 2112/3339/2112
f 2115/3331/2115 2110/3333/2110 2441/3342/2441
f 2402/3328/2402 2408/3343/2408 2114/3329/2114
f 2441/3342/2441 2439/3336/2439 2115/3331/2115
f 2442/3344/2442 2110/3333/2110 2438/3335/2438
f 2438/3335/2438 2104/3338/2104 2440/3340/2440
f 2440/3340/2440 2114/3329/2114 2408/3343/2408
f 2408/3343/2408 2443/3345/2443 2440/3340/2440
f 2441/3342/2441 2110/3333/2110 2442/3344/2442
f 2439/3336/2439 2441/3342/2441 2444/3346/2444
f 2445/3347/2445 2440/3340/2440 2443/3345/2443
f 2446/3348/2446 2447/3349/2447 2448/3350/2448
f 2440/3340/2440 2445/3347/2445 2438/3335/2438
f 2126/3341/2126 2439/3336/2439 2444/3346/2444
f 2442/3344/2442 2449/3351/2449 2441/3342/2441
f 2448/3350/2448 2450/3352/2450 2446/3348/2446
f 2441/3342/2441 2449/3351/2449 2444/3346/2444
f 2438/3335/2438 2451/3353/2451 2442/3344/2442
f 2452/3354/2452 2450/3352/2450 2448/3350/2448
f 2438/3335/2438 2445/3347/2445 2451/3353/2451
f 2453/3355/2453 2446/3348/2446 2450/3352/2450
f 2448/3350/2448 2454/3356/2454 2452/3354/2452
f 2442/3344/2442 2451/3353/2451 2449/3351/2449
f 2455/3357/2455 2456/3358/2456 2457/3359/2457
f 2454/3356/2454 2458/3360/2458 2452/3354/2452
f 2126/3341/2126 2444/3346/2444 2135/3361/2135
f 2443/3345/2443 2408/3343/2408 2459/3362/2459
f 2456/3358/2456 2460/3363/2460 2457/3359/2457
f 2461/3364/2461 2462/3365/2462 2463/3366/2463
f 2451/3353/2451 2445/3347/2445 2464/3367/2464
f 2459/3362/2459 2445/3347/2445 2443/3345/2443
f 2457/3359/2457 2465/3368/2465 2455/3357/2455
f 2408/3343/2408 2412/3369/2412 2459/3362/2459
f 2466/3370/2466 2460/3363/2460 2450/3352/2450
f 2460/3363/2460 2467/3371/2467 2457/3359/2457
f 2450/3352/2450 2452/3354/2452 2466/3370/2466
f 2468/3372/2468 2461/3364/2461 2463/3366/2463
f 2466/3370/2466 2467/3371/2467 2460/3363/2460
f 2449/3351/2449 2451/3353/2451 2469/3373/2469
f 2452/3354/2452 2458/3360/2458 2461/3364/2461
f 2470/3374/2470 2457/3359/2457 2471/3375/2471
f 2467/3371/2467 2471/3375/2471 2457/3359/2457
f 2445/3347/2445 2472/3376/2472 2464/3367/2464
f 2445/3347/2445 2459/3362/2459 2472/3376/2472
f 2452/3354/2452 2461/3364/2461 2473/3377/2473
f 2474/3378/2474 2475/3379/2475 2470/3374/2470
f 2476/3380/2476 2470/3374/2470 2471/3375/2471
f 2451/3353/2451 2464/3367/2464 2469/3373/2469
f 2477/3381/2477 2475/3379/2475 2478/3382/2478
f 2444/3346/2444 2479/3383/2479 2135/3361/2135
f 2474/3378/2474 2478/3382/2478 2475/3379/2475
f 2444/3346/2444 2449/3351/2449 2480/3384/2480
f 2481/3385/2481 2477/3381/2477 2482/3386/2482
f 2482/3386/2482 2477/3381/2477 2478/3382/2478
f 2474/3378/2474 2470/3374/2470 2476/3380/2476
f 2449/3351/2449 2469/3373/2469 2480/3384/2480
f 2452/3354/2452 2473/3377/2473 2466/3370/2466
f 2483/3387/2483 2141/3388/2141 2135/3361/2135
f 2482/3386/2482 2484/3389/2484 2481/3385/2481
f 2482/3386/2482 2478/3382/2478 2485/3390/2485
f 2474/3378/2474 2476/3380/2476 2486/3391/2486
f 2478/3382/2478 2486/3391/2486 2485/3390/2485
f 2486/3391/2486 2478/3382/2478 2474/3378/2474
f 2466/3370/2466 2487/3392/2487 2467/3371/2467
f 2468/3372/2468 2473/3377/2473 2461/3364/2461
f 2469/3373/2469 2464/3367/2464 2488/3393/2488
f 2471/3375/2471 2467/3371/2467 2489/3394/2489
f 2484/3389/2484 2482/3386/2482 2490/3395/2490
f 2483/3387/2483 2135/3361/2135 2479/3383/2479
f 2444/3346/2444 2480/3384/2480 2479/3383/2479
f 2464/3367/2464 2472/3376/2472 2491/3396/2491
f 2472/3376/2472 2459/3362/2459 2492/3397/2492
f 2459/3362/2459 2412/3369/2412 2492/3397/2492
f 2488/3393/2488 2464/3367/2464 2491/3396/2491
f 2493/3398/2493 2494/3399/2494 2484/3389/2484
f 2489/3394/2489 2476/3380/2476 2471/3375/2471
f 2487/3392/2487 2466/3370/2466 2473/3377/2473
f 2484/3389/2484 2490/3395/2490 2493/3398/2493
f 2480/3384/2480 2469/3373/2469 2495/3400/2495
f 2491/3396/2491 2472/3376/2472 2492/3397/2492
f 2486/3391/2486 2476/3380/2476 2496/3401/2496
f 2492/3397/2492 2497/3402/2497 2491/3396/2491
f 2468/3372/2468 2498/3403/2498 2473/3377/2473
f 2479/3383/2479 2498/3404/2498 2483/3387/2483
f 2490/3395/2490 2482/3386/2482 2485/3390/2485
f 2485/3390/2485 2486/3391/2486 2499/3405/2499
f 2500/3406/2500 2473/3377/2473 2498/3403/2498
f 2492/3397/2492 2412/3369/2412 2422/3407/2422
f 2489/3394/2489 2467/3371/2467 2501/3408/2501
f 2495/3400/2495 2479/3383/2479 2480/3384/2480
f 2486/3391/2486 2496/3401/2496 2499/3405/2499
f 2495/3400/2495 2469/3373/2469 2488/3393/2488
f 2422/3407/2422 2497/3402/2497 2492/3397/2492
f 2501/3408/2501 2467/3371/2467 2502/3409/2502
f 2495/3400/2495 2488/3393/2488 2479/3383/2479
f 2500/3406/2500 2503/3410/2503 2473/3377/2473
f 2502/3409/2502 2467/3371/2467 2487/3392/2487
f 2487/3392/2487 2473/3377/2473 2503/3410/2503
f 2488/3393/2488 2491/3396/2491 2504/3411/2504
f 2497/3402/2497 2504/3411/2504 2491/3396/2491
f 2505/3412/2505 2476/3380/2476 2489/3394/2489
f 2498/3404/2498 2479/3383/2479 2506/3413/2506
f 2502/3409/2502 2487/3392/2487 2503/3410/2503
f 2479/3383/2479 2488/3393/2488 2506/3413/2506
f 2497/3402/2497 2422/3407/2422 2507/3414/2507
f 2496/3401/2496 2476/3380/2476 2508/3415/2508
f 2505/3412/2505 2508/3415/2508 2476/3380/2476
f 2509/3416/2509 2505/3412/2505 2489/3394/2489
f 2510/3417/2510 2493/3398/2493 2490/3395/2490
f 2497/3402/2497 2507/3414/2507 2504/3411/2504
f 2488/3393/2488 2504/3411/2504 2511/3418/2511
f 2490/3395/2490 2485/3390/2485 2512/3419/2512
f 2513/3420/2513 2502/3409/2502 2503/3410/2503
f 2513/3420/2513 2501/3408/2501 2502/3409/2502
f 2422/3407/2422 2428/3421/2428 2507/3414/2507
f 2514/3422/2514 2485/3390/2485 2499/3405/2499
f 2498/3403/2498 2515/3423/2515 2500/3406/2500
f 2511/3418/2511 2504/3411/2504 2516/3424/2516
f 2499/3405/2499 2496/3401/2496 2517/3425/2517
f 2515/3426/2515 2498/3404/2498 2506/3413/2506
f 2506/3413/2506 2488/3393/2488 2511/3418/2511
f 2518/3427/2518 2500/3406/2500 2515/3423/2515
f 2519/3428/2519 2515/3426/2515 2506/3413/2506
f 2504/3411/2504 2507/3414/2507 2516/3424/2516
f 2507/3414/2507 2428/3421/2428 2520/3429/2520
f 2516/3424/2516 2507/3414/2507 2520/3429/2520
f 2510/3417/2510 2490/3395/2490 2521/3430/2521
f 2512/3419/2512 2485/3390/2485 2514/3422/2514
f 2514/3422/2514 2499/3405/2499 2517/3425/2517
f 2509/3416/2509 2489/3394/2489 2501/3408/2501
f 2500/3406/2500 2522/3431/2522 2503/3410/2503
f 2522/3431/2522 2500/3406/2500 2518/3427/2518
f 2506/3413/2506 2511/3418/2511 2523/3432/2523
f 2490/3395/2490 2512/3419/2512 2521/3430/2521
f 2524/3433/2524 2505/3412/2505 2509/3416/2509
f 2511/3418/2511 2516/3424/2516 2523/3432/2523
f 2508/3415/2508 2505/3412/2505 2525/3434/2525
f 2516/3424/2516 2520/3429/2520 2526/3435/2526
f 2523/3432/2523 2519/3428/2519 2506/3413/2506
f 2428/3421/2428 2435/3436/2435 2520/3429/2520
f 2510/3417/2510 2521/3430/2521 2527/3437/2527
f 2508/3415/2508 2517/3425/2517 2496/3401/2496
f 2435/3436/2435 2526/3435/2526 2520/3429/2520
f 2505/3412/2505 2524/3433/2524 2525/3434/2525
f 2501/3408/2501 2513/3420/2513 2528/3438/2528
f 2518/3427/2518 2515/3423/2515 2529/3439/2529
f 2509/3416/2509 2501/3408/2501 2528/3438/2528
f 2522/3431/2522 2518/3427/2518 2530/3440/2530
f 2509/3416/2509 2528/3438/2528 2531/3441/2531
f 2532/3442/2532 2508/3415/2508 2525/3434/2525
f 2518/3427/2518 2529/3439/2529 2530/3440/2530
f 2512/3419/2512 2514/3422/2514 2533/3443/2533
f 2534/3444/2534 2503/3410/2503 2522/3431/2522
f 2521/3430/2521 2512/3419/2512 2535/3445/2535
f 2503/3410/2503 2536/3446/2536 2513/3420/2513
f 2535/3445/2535 2512/3419/2512 2537/3447/2537
f 2512/3419/2512 2533/3443/2533 2537/3447/2537
f 2534/3444/2534 2536/3446/2536 2503/3410/2503
f 2538/3448/2538 2513/3420/2513 2536/3446/2536
f 2521/3430/2521 2539/3449/2539 2527/3437/2527
f 2535/3445/2535 2540/3450/2540 2521/3430/2521
f 2541/3451/2541 2514/3422/2514 2517/3425/2517
f 2540/3450/2540 2539/3449/2539 2521/3430/2521
f 2524/3433/2524 2542/3452/2542 2525/3434/2525
f 2514/3422/2514 2541/3451/2541 2533/3443/2533
f 2517/3425/2517 2508/3415/2508 2532/3442/2532
f 2542/3452/2542 2532/3442/2532 2525/3434/2525
f 2531/3441/2531 2524/3433/2524 2509/3416/2509
f 2538/3448/2538 2528/3438/2528 2513/3420/2513
f 2543/3453/2543 2517/3425/2517 2532/3442/2532
f 2528/3438/2528 2538/3448/2538 2544/3454/2544
f 2545/3455/2545 2534/3444/2534 2522/3431/2522
f 2545/3455/2545 2522/3431/2522 2530/3440/2530
f 2537/3447/2537 2533/3443/2533 2546/3456/2546
f 2541/3451/2541 2517/3425/2517 2543/3453/2543
f 2542/3452/2542 2524/3433/2524 2547/3457/2547
f 2528/3438/2528 2544/3454/2544 2531/3441/2531
f 2548/3458/2548 2540/3450/2540 2535/3445/2535
f 2547/3457/2547 2524/3433/2524 2531/3441/2531
f 2535/3445/2535 2537/3447/2537 2548/3458/2548
f 2546/3456/2546 2548/3458/2548 2537/3447/2537
f 2546/3456/2546 2533/3443/2533 2549/3459/2549
f 2533/3443/2533 2541/3451/2541 2549/3459/2549
f 2547/3457/2547 2531/3441/2531 2544/3454/2544
f 2542/3452/2542 2550/3460/2550 2532/3442/2532
f 2546/3456/2546 2551/3461/2551 2548/3458/2548
f 2534/3444/2534 2545/3455/2545 2552/3462/2552
f 2532/3442/2532 2550/3460/2550 2543/3453/2543
f 2549/3459/2549 2541/3451/2541 2553/3463/2553
f 2541/3451/2541 2543/3453/2543 2553/3463/2553
f 2534/3444/2534 2538/3448/2538 2536/3446/2536
f 2554/3464/2554 2534/3444/2534 2552/3462/2552
f 2551/3461/2551 2546/3456/2546 2549/3459/2549
f 2553/3463/2553 2543/3453/2543 2555/3465/2555
f 2534/3444/2534 2554/3464/2554 2538/3448/2538
f 2540/3450/2540 2548/3458/2548 2556/3466/2556
f 2543/3453/2543 2550/3460/2550 2557/3467/2557
f 2542/3452/2542 2547/3457/2547 2550/3460/2550
f 2555/3465/2555 2543/3453/2543 2557/3467/2557
f 2558/3468/2558 2551/3461/2551 2549/3459/2549
f 2558/3468/2558 2549/3459/2549 2553/3463/2553
f 2548/3458/2548 2551/3461/2551 2559/3469/2559
f 2548/3458/2548 2559/3469/2559 2556/3466/2556
f 2560/3470/2560 2018/3471/2018 2010/3472/2010
f 2030/3473/2030 2561/3474/2561 2010/3472/2010
f 2562/3475/2562 2040/3476/2040 2043/3477/2043
f 2030/3473/2030 2040/3476/2040 2562/3475/2562
f 2560/3470/2560 2010/3472/2010 2561/3474/2561
f 2018/3471/2018 2560/3470/2560 2039/3478/2039
f 2561/3474/2561 2030/3473/2030 2562/3475/2562
f 2563/3479/2563 2562/3475/2562 2043/3477/2043
f 2287/3480/2287 2039/3478/2039 2564/3481/2564
f 2560/3470/2560 2564/3481/2564 2039/3478/2039
f 2562/3475/2562 2565/3482/2565 2561/3474/2561
f 2562/3475/2562 2566/3483/2566 2565/3482/2565
f 2567/3484/2567 2561/3474/2561 2568/3485/2568
f 2567/3484/2567 2560/3470/2560 2561/3474/2561
f 2568/3485/2568 2561/3474/2561 2565/3482/2565
f 2560/3470/2560 2567/3484/2567 2564/3481/2564
f 2290/3486/2290 2287/3480/2287 2564/3481/2564
f 2569/3487/2569 2565/3482/2565 2566/3483/2566
f 2290/3486/2290 2564/3481/2564 2570/3488/2570
f 2570/3488/2570 2564/3481/2564 2567/3484/2567
f 2571/3489/2571 2567/3484/2567 2568/3485/2568
f 2570/3488/2570 2296/3490/2296 2290/3486/2290
f 2572/3491/2572 2567/3484/2567 2571/3489/2571
f 2568/3485/2568 2565/3482/2565 2573/3492/2573
f 2565/3482/2565 2569/3487/2569 2574/3493/2574
f 2571/3489/2571 2568/3485/2568 2573/3492/2573
f 2574/3493/2574 2573/3492/2573 2565/3482/2565
f 2570/3488/2570 2567/3484/2567 2575/3494/2575
f 2309/3495/2309 2296/3490/2296 2570/3488/2570
f 2569/3487/2569 2576/3496/2576 2577/3497/2577
f 2569/3487/2569 2577/3497/2577 2574/3493/2574
f 2572/3491/2572 2575/3494/2575 2567/3484/2567
f 2575/3494/2575 2309/3495/2309 2570/3488/2570
f 2578/3498/2578 2572/3491/2572 2571/3489/2571
f 2571/3489/2571 2579/3499/2579 2578/3498/2578
f 2574/3493/2574 2580/3500/2580 2573/3492/2573
f 2580/3500/2580 2579/3499/2579 2573/3492/2573
f 2573/3492/2573 2579/3499/2579 2571/3489/2571
f 2575/3494/2575 2572/3491/2572 2578/3498/2578
f 2575/3494/2575 2581/3501/2581 2309/3495/2309
f 2574/3493/2574 2577/3497/2577 2580/3500/2580
f 2578/3498/2578 2581/3501/2581 2575/3494/2575
f 2582/3502/2582 2580/3500/2580 2577/3497/2577
f 2577/3497/2577 2576/3496/2576 2583/3503/2583
f 2580/3500/2580 2584/3504/2584 2579/3499/2579
f 2580/3500/2580 2582/3502/2582 2584/3504/2584
f 2579/3499/2579 2585/3505/2585 2578/3498/2578
f 2577/3497/2577 2583/3503/2583 2586/3506/2586
f 2582/3502/2582 2577/3497/2577 2586/3506/2586
f 2585/3505/2585 2581/3501/2581 2578/3498/2578
f 2312/3507/2312 2309/3495/2309 2581/3501/2581
f 2585/3505/2585 2579/3499/2579 2584/3504/2584
f 2581/3501/2581 2585/3505/2585 2312/3507/2312
f 2584/3504/2584 2587/3508/2587 2585/3505/2585
f 2585/3505/2585 2588/3509/2588 2312/3507/2312
f 2582/3502/2582 2586/3506/2586 2589/3510/2589
f 2586/3506/2586 2583/3503/2583 2589/3510/2589
f 2588/3509/2588 2585/3505/2585 2587/3508/2587
f 2584/3504/2584 2590/3511/2590 2587/3508/2587
f 2582/3502/2582 2591/3512/2591 2584/3504/2584
f 2590/3511/2590 2584/3504/2584 2591/3512/2591
f 2590/3511/2590 2588/3509/2588 2587/3508/2587
f 2592/3513/2592 2582/3502/2582 2589/3510/2589
f 2588/3509/2588 2322/3514/2322 2312/3507/2312
f 2588/3509/2588 2593/3515/2593 2322/3514/2322
f 2591/3512/2591 2582/3502/2582 2592/3513/2592
f 2588/3509/2588 2590/3511/2590 2593/3515/2593
f 2594/3516/2594 2592/3513/2592 2589/3510/2589
f 2591/3512/2591 2595/3517/2595 2590/3511/2590
f 2590/3511/2590 2596/3518/2596 2593/3515/2593
f 2591/3512/2591 2592/3513/2592 2595/3517/2595
f 2596/3518/2596 2590/3511/2590 2597/3519/2597
f 2593/3515/2593 2325/3520/2325 2322/3514/2322
f 2590/3511/2590 2595/3517/2595 2597/3519/2597
f 2596/3518/2596 2598/3521/2598 2593/3515/2593
f 2593/3515/2593 2599/3522/2599 2325/3520/2325
f 2598/3521/2598 2599/3522/2599 2593/3515/2593
f 2592/3513/2592 2594/3516/2594 2600/3523/2600
f 2592/3513/2592 2600/3523/2600 2595/3517/2595
f 2595/3517/2595 2600/3523/2600 2597/3519/2597
f 2287/3480/2287 2049/3524/2049 2039/3478/2039
f 2447/3525/2447 2601/3526/2601 2602/3527/2602
f 2601/3526/2601 2603/3528/2603 2602/3527/2602
f 2604/3529/2604 2603/3528/2603 2601/3526/2601
f 2605/3530/2605 2447/3525/2447 2602/3527/2602
f 2463/3531/2463 2462/3532/2462 2447/3525/2447
f 2605/3530/2605 2463/3531/2463 2447/3525/2447
f 2606/3533/2606 2607/3534/2607 2602/3527/2602
f 2602/3527/2602 2603/3528/2603 2606/3533/2606
f 2608/3535/2608 2609/3536/2609 2610/3537/2610
f 2607/3534/2607 2605/3530/2605 2602/3527/2602
f 2611/3538/2611 2612/3539/2612 2609/3536/2609
f 2603/3528/2603 2604/3529/2604 2613/3540/2613
f 2609/3536/2609 2608/3535/2608 2611/3538/2611
f 2608/3535/2608 2610/3537/2610 2614/3541/2614
f 2603/3528/2603 2613/3540/2613 2606/3533/2606
f 2604/3529/2604 2615/3542/2615 2613/3540/2613
f 2616/3543/2616 2605/3530/2605 2607/3534/2607
f 2617/3544/2617 2463/3531/2463 2605/3530/2605
f 2605/3530/2605 2454/3545/2454 2617/3544/2617
f 2458/3546/2458 2463/3531/2463 2617/3544/2617
f 2618/3547/2618 2616/3543/2616 2612/3539/2612
f 2616/3543/2616 2454/3545/2454 2605/3530/2605
f 2618/3547/2618 2612/3539/2612 2611/3538/2611
f 2608/3535/2608 2614/3541/2614 2619/3548/2619
f 2132/3549/2132 2618/3547/2618 2611/3538/2611
f 2611/3538/2611 2608/3535/2608 2620/3550/2620
f 2132/3549/2132 2611/3538/2611 2134/3551/2134
f 2620/3550/2620 2134/3551/2134 2611/3538/2611
f 2454/3545/2454 2621/3552/2621 2458/3546/2458
f 2621/3552/2621 2454/3545/2454 2616/3543/2616
f 2463/3531/2463 2458/3546/2458 2621/3552/2621
f 2613/3540/2613 2615/3542/2615 2622/3553/2622
f 2619/3548/2619 2614/3541/2614 2623/3554/2623
f 2608/3535/2608 2619/3548/2619 2624/3555/2624
f 2136/3556/2136 2618/3547/2618 2132/3549/2132
f 2613/3540/2613 2622/3553/2622 2625/3557/2625
f 2618/3547/2618 2621/3552/2621 2616/3543/2616
f 2626/3558/2626 2463/3531/2463 2621/3552/2621
f 2622/3553/2622 2627/3559/2627 2625/3557/2625
f 2624/3555/2624 2620/3550/2620 2608/3535/2608
f 2628/3560/2628 2619/3548/2619 2623/3554/2623
f 2622/3553/2622 2629/3561/2629 2627/3559/2627
f 2141/3562/2141 2618/3547/2618 2136/3556/2136
f 2468/3563/2468 2463/3531/2463 2626/3558/2626
f 2139/3564/2139 2134/3551/2134 2620/3550/2620
f 2139/3564/2139 2620/3550/2620 2624/3555/2624
f 2141/3562/2141 2621/3552/2621 2618/3547/2618
f 2629/3561/2629 2630/3565/2630 2631/3566/2631
f 2629/3561/2629 2631/3566/2631 2627/3559/2627
f 2619/3548/2619 2628/3560/2628 2632/3567/2632
f 2619/3548/2619 2632/3567/2632 2624/3555/2624
f 2141/3562/2141 2626/3558/2626 2621/3552/2621
f 2483/3568/2483 2468/3563/2468 2626/3558/2626
f 2141/3562/2141 2483/3568/2483 2626/3558/2626
f 2630/3565/2630 2633/3569/2633 2634/3570/2634
f 2631/3566/2631 2635/3571/2635 2627/3559/2627
f 2636/3572/2636 2139/3564/2139 2624/3555/2624
f 2631/3566/2631 2630/3565/2630 2634/3570/2634
f 2624/3555/2624 2632/3567/2632 2636/3572/2636
f 2631/3566/2631 2634/3570/2634 2635/3571/2635
f 2632/3567/2632 2628/3560/2628 2637/3573/2637
f 2638/3574/2638 2627/3559/2627 2635/3571/2635
f 2636/3572/2636 2632/3567/2632 2639/3575/2639
f 2498/3576/2498 2468/3563/2468 2483/3568/2483
f 2635/3571/2635 2640/3577/2640 2638/3574/2638
f 2641/3578/2641 2634/3570/2634 2633/3569/2633
f 2635/3571/2635 2634/3570/2634 2642/3579/2642
f 2640/3577/2640 2635/3571/2635 2642/3579/2642
f 2145/3580/2145 2139/3564/2139 2636/3572/2636
f 2643/3581/2643 2632/3567/2632 2637/3573/2637
f 2642/3579/2642 2634/3570/2634 2641/3578/2641
f 2639/3575/2639 2145/3580/2145 2636/3572/2636
f 2639/3575/2639 2146/3582/2146 2145/3580/2145
f 2644/3583/2644 2639/3575/2639 2632/3567/2632
f 2642/3579/2642 2641/3578/2641 2645/3584/2645
f 2632/3567/2632 2643/3581/2643 2644/3583/2644
f 2646/3585/2646 2647/3586/2647 2642/3579/2642
f 2646/3585/2646 2642/3579/2642 2645/3584/2645
f 2648/3587/2648 2529/3588/2529 2515/3589/2515
f 2644/3583/2644 2643/3581/2643 2649/3590/2649
f 2146/3582/2146 2650/3591/2650 2149/3592/2149
f 2650/3591/2650 2146/3582/2146 2639/3575/2639
f 2651/3593/2651 2149/3592/2149 2650/3591/2650
f 2651/3593/2651 2652/3594/2652 2653/3595/2653
f 2651/3593/2651 2650/3591/2650 2652/3594/2652
f 2654/3596/2654 2655/3597/2655 2653/3595/2653
f 2652/3594/2652 2654/3596/2654 2653/3595/2653
f 2654/3596/2654 2648/3587/2648 2655/3597/2655
f 2648/3587/2648 2654/3596/2654 2530/3598/2530
f 2639/3575/2639 2644/3583/2644 2656/3599/2656
f 2657/3600/2657 2645/3584/2645 2658/3601/2658
f 2646/3585/2646 2659/3602/2659 2647/3586/2647
f 2639/3575/2639 2660/3603/2660 2650/3591/2650
f 2530/3598/2530 2529/3588/2529 2648/3587/2648
f 2649/3590/2649 2661/3604/2661 2644/3583/2644
f 2656/3599/2656 2660/3603/2660 2639/3575/2639
f 2645/3584/2645 2657/3600/2657 2646/3585/2646
f 2545/3605/2545 2530/3598/2530 2654/3596/2654
f 2644/3583/2644 2661/3604/2661 2656/3599/2656
f 2650/3591/2650 2660/3603/2660 2652/3594/2652
f 2662/3606/2662 2659/3602/2659 2646/3585/2646
f 2646/3585/2646 2657/3600/2657 2663/3607/2663
f 2664/3608/2664 2659/3602/2659 2662/3606/2662
f 2663/3607/2663 2662/3606/2662 2646/3585/2646
f 2656/3599/2656 2661/3604/2661 2665/3609/2665
f 2666/3610/2666 2664/3608/2664 2662/3606/2662
f 2660/3603/2660 2667/3611/2667 2652/3594/2652
f 2668/3612/2668 2545/3605/2545 2654/3596/2654
f 2657/3600/2657 2669/3613/2669 2663/3607/2663
f 2652/3594/2652 2670/3614/2670 2654/3596/2654
f 2671/3615/2671 2666/3610/2666 2662/3606/2662
f 2667/3611/2667 2670/3614/2670 2652/3594/2652
f 2665/3609/2665 2660/3603/2660 2656/3599/2656
f 2668/3612/2668 2654/3596/2654 2670/3614/2670
f 2545/3605/2545 2668/3612/2668 2552/3616/2552
f 2672/3617/2672 2660/3603/2660 2665/3609/2665
f 2667/3611/2667 2660/3603/2660 2672/3617/2672
f 2673/3618/2673 2666/3610/2666 2671/3615/2671
f 2674/3619/2674 2662/3606/2662 2663/3607/2663
f 2673/3618/2673 2671/3615/2671 2675/3620/2675
f 2671/3615/2671 2662/3606/2662 2674/3619/2674
f 2676/3621/2676 2663/3607/2663 2669/3613/2669
f 2677/3622/2677 2667/3611/2667 2678/3623/2678
f 2667/3611/2667 2677/3622/2677 2670/3614/2670
f 2674/3619/2674 2675/3620/2675 2671/3615/2671
f 2673/3618/2673 2678/3623/2678 2666/3610/2666
f 2678/3623/2678 2673/3618/2673 2677/3622/2677
f 2676/3621/2676 2674/3619/2674 2663/3607/2663
f 2679/3624/2679 2231/3625/2231 2238/3626/2238
f 2231/3625/2231 2679/3624/2679 2245/3627/2245
f 2248/3628/2248 2679/3624/2679 2238/3626/2238
f 2679/3624/2679 2680/3629/2680 2245/3627/2245
f 2680/3629/2680 2265/3630/2265 2245/3627/2245
f 2248/3628/2248 2681/3631/2681 2679/3624/2679
f 2682/3632/2682 2253/3633/2253 2265/3630/2265
f 2683/3634/2683 2679/3624/2679 2681/3631/2681
f 2679/3624/2679 2683/3634/2683 2680/3629/2680
f 2248/3628/2248 2273/3635/2273 2681/3631/2681
f 2249/3636/2249 2253/3633/2253 2684/3637/2684
f 2273/3635/2273 2270/3638/2270 2685/3639/2685
f 2253/3633/2253 2682/3632/2682 2684/3637/2684
f 2683/3634/2683 2265/3630/2265 2680/3629/2680
f 2249/3636/2249 2684/3637/2684 2686/3640/2686
f 2682/3632/2682 2687/3641/2687 2684/3637/2684
f 2687/3641/2687 2686/3640/2686 2684/3637/2684
f 2265/3630/2265 2688/3642/2688 2682/3632/2682
f 2271/3643/2271 2275/3644/2275 2689/3645/2689
f 2276/3646/2276 2271/3643/2271 2689/3645/2689
f 2685/3639/2685 2270/3638/2270 2276/3646/2276
f 2682/3632/2682 2690/3647/2690 2687/3641/2687
f 2273/3635/2273 2685/3639/2685 2681/3631/2681
f 2691/3648/2691 2685/3639/2685 2276/3646/2276
f 2683/3634/2683 2688/3642/2688 2265/3630/2265
f 2190/3649/2190 2692/3650/2692 2187/3651/2187
f 2275/3644/2275 2187/3651/2187 2692/3650/2692
f 2689/3645/2689 2275/3644/2275 2692/3650/2692
f 2690/3647/2690 2682/3632/2682 2688/3642/2688
f 2686/3640/2686 2687/3641/2687 2693/3652/2693
f 2276/3646/2276 2689/3645/2689 2694/3653/2694
f 2691/3648/2691 2276/3646/2276 2694/3653/2694
f 2683/3634/2683 2695/3654/2695 2688/3642/2688
f 2685/3639/2685 2691/3648/2691 2681/3631/2681
f 2190/3649/2190 2696/3655/2696 2692/3650/2692
f 2694/3653/2694 2689/3645/2689 2692/3650/2692
f 2697/3656/2697 2692/3650/2692 2696/3655/2696
f 2683/3634/2683 2698/3657/2698 2695/3654/2695
f 2688/3642/2688 2699/3658/2699 2690/3647/2690
f 2681/3631/2681 2698/3657/2698 2683/3634/2683
f 2688/3642/2688 2695/3654/2695 2699/3658/2699
f 2194/3659/2194 2696/3655/2696 2190/3649/2190
f 2699/3658/2699 2695/3654/2695 2698/3657/2698
f 2693/3652/2693 2687/3641/2687 2700/3660/2700
f 2694/3653/2694 2692/3650/2692 2697/3656/2697
f 2691/3648/2691 2701/3661/2701 2681/3631/2681
f 2681/3631/2681 2701/3661/2701 2698/3657/2698
f 2702/3662/2702 2687/3641/2687 2690/3647/2690
f 2687/3641/2687 2702/3662/2702 2700/3660/2700
f 2694/3653/2694 2703/3663/2703 2691/3648/2691
f 2690/3647/2690 2699/3658/2699 2702/3662/2702
f 2702/3662/2702 2699/3658/2699 2704/3664/2704
f 2705/3665/2705 2702/3662/2702 2704/3664/2704
f 2706/3666/2706 2694/3653/2694 2697/3656/2697
f 2702/3662/2702 2705/3665/2705 2700/3660/2700
f 2703/3663/2703 2694/3653/2694 2706/3666/2706
f 2194/3659/2194 2198/3667/2198 2696/3655/2696
f 2698/3657/2698 2707/3668/2707 2699/3658/2699
f 2707/3668/2707 2704/3664/2704 2699/3658/2699
f 2708/3669/2708 2691/3648/2691 2703/3663/2703
f 2701/3661/2701 2691/3648/2691 2709/3670/2709
f 2706/3666/2706 2697/3656/2697 2710/3671/2710
f 2705/3665/2705 2711/3672/2711 2700/3660/2700
f 2711/3672/2711 2712/3673/2712 2700/3660/2700
f 2713/3674/2713 2696/3655/2696 2198/3667/2198
f 2701/3661/2701 2714/3675/2714 2698/3657/2698
f 2696/3655/2696 2713/3674/2713 2697/3656/2697
f 2713/3674/2713 2710/3671/2710 2697/3656/2697
f 2707/3668/2707 2705/3665/2705 2704/3664/2704
f 2709/3670/2709 2691/3648/2691 2708/3669/2708
f 2709/3670/2709 2714/3675/2714 2701/3661/2701
f 2710/3671/2710 2715/3676/2715 2706/3666/2706
f 2708/3669/2708 2703/3663/2703 2706/3666/2706
f 2716/3677/2716 2712/3673/2712 2711/3672/2711
f 2202/3678/2202 2713/3674/2713 2198/3667/2198
f 2717/3679/2717 2709/3670/2709 2708/3669/2708
f 2707/3668/2707 2718/3680/2718 2705/3665/2705
f 2705/3665/2705 2718/3680/2718 2711/3672/2711
f 2719/3681/2719 2713/3674/2713 2202/3678/2202
f 2709/3670/2709 2717/3679/2717 2720/3682/2720
f 2709/3670/2709 2720/3682/2720 2714/3675/2714
f 2710/3671/2710 2713/3674/2713 2719/3681/2719
f 2715/3676/2715 2721/3683/2721 2706/3666/2706
f 2706/3666/2706 2721/3683/2721 2708/3669/2708
f 2719/3681/2719 2722/3684/2722 2710/3671/2710
f 2723/3685/2723 2698/3657/2698 2714/3675/2714
f 2698/3657/2698 2723/3685/2723 2707/3668/2707
f 2715/3676/2715 2710/3671/2710 2722/3684/2722
f 2716/3677/2716 2711/3672/2711 2724/3686/2724
f 2708/3669/2708 2721/3683/2721 2717/3679/2717
f 2715/3676/2715 2722/3684/2722 2725/3687/2725
f 2721/3683/2721 2715/3676/2715 2725/3687/2725
f 2723/3685/2723 2714/3675/2714 2720/3682/2720
f 2718/3680/2718 2724/3686/2724 2711/3672/2711
f 2717/3679/2717 2726/3688/2726 2720/3682/2720
f 2727/3689/2727 2716/3677/2716 2724/3686/2724
f 2717/3679/2717 2721/3683/2721 2725/3687/2725
f 2724/3686/2724 2718/3680/2718 2728/3690/2728
f 2720/3682/2720 2726/3688/2726 2723/3685/2723
f 2729/3691/2729 2726/3688/2726 2717/3679/2717
f 2718/3680/2718 2707/3668/2707 2730/3692/2730
f 2717/3679/2717 2725/3687/2725 2731/3693/2731
f 2723/3685/2723 2726/3688/2726 2732/3694/2732
f 2718/3680/2718 2730/3692/2730 2728/3690/2728
f 2723/3685/2723 2733/3695/2733 2707/3668/2707
f 2734/3696/2734 2724/3686/2724 2728/3690/2728
f 2734/3696/2734 2727/3689/2727 2724/3686/2724
f 2717/3679/2717 2731/3693/2731 2729/3691/2729
f 2730/3692/2730 2707/3668/2707 2733/3695/2733
f 2730/3692/2730 2735/3697/2735 2728/3690/2728
f 2729/3691/2729 2736/3698/2736 2726/3688/2726
f 2726/3688/2726 2737/3699/2737 2732/3694/2732
f 2723/3685/2723 2732/3694/2732 2733/3695/2733
f 2735/3697/2735 2734/3696/2734 2728/3690/2728
f 2737/3699/2737 2733/3695/2733 2732/3694/2732
f 2738/3700/2738 2601/3701/2601 2447/3702/2447
f 2601/3701/2601 2739/3703/2739 2604/3704/2604
f 2601/3701/2601 2738/3700/2738 2740/3705/2740
f 2739/3703/2739 2601/3701/2601 2740/3705/2740
f 2446/3706/2446 2738/3700/2738 2447/3702/2447
f 2739/3703/2739 2741/3707/2741 2604/3704/2604
f 2738/3700/2738 2453/3708/2453 2740/3705/2740
f 2742/3709/2742 2743/3710/2743 2604/3704/2604
f 2453/3708/2453 2738/3700/2738 2446/3706/2446
f 2604/3704/2604 2741/3707/2741 2742/3709/2742
f 2615/3711/2615 2604/3704/2604 2743/3710/2743
f 2740/3705/2740 2744/3712/2744 2745/3713/2745
f 2453/3708/2453 2744/3712/2744 2740/3705/2740
f 2739/3703/2739 2740/3705/2740 2746/3714/2746
f 2746/3714/2746 2740/3705/2740 2745/3713/2745
f 2741/3707/2741 2739/3703/2739 2747/3715/2747
f 2455/3716/2455 2745/3713/2745 2744/3712/2744
f 2453/3708/2453 2456/3717/2456 2744/3712/2744
f 2745/3713/2745 2748/3718/2748 2746/3714/2746
f 2455/3716/2455 2744/3712/2744 2456/3717/2456
f 2450/3719/2450 2456/3717/2456 2453/3708/2453
f 2747/3715/2747 2739/3703/2739 2746/3714/2746
f 2742/3709/2742 2741/3707/2741 2749/3720/2749
f 2741/3707/2741 2747/3715/2747 2749/3720/2749
f 2465/3721/2465 2745/3713/2745 2455/3716/2455
f 2745/3713/2745 2465/3721/2465 2750/3722/2750
f 2745/3713/2745 2750/3722/2750 2748/3718/2748
f 2750/3722/2750 2465/3721/2465 2751/3723/2751
f 2751/3723/2751 2465/3721/2465 2752/3724/2752
f 2753/3725/2753 2754/3726/2754 2751/3723/2751
f 2751/3723/2751 2755/3727/2755 2753/3725/2753
f 2746/3714/2746 2756/3728/2756 2747/3715/2747
f 2757/3729/2757 2755/3727/2755 2751/3723/2751
f 2751/3723/2751 2754/3726/2754 2750/3722/2750
f 2748/3718/2748 2750/3722/2750 2754/3726/2754
f 2465/3721/2465 2457/3730/2457 2752/3724/2752
f 2758/3731/2758 2759/3732/2759 2760/3733/2760
f 2756/3728/2756 2746/3714/2746 2748/3718/2748
f 2747/3715/2747 2756/3728/2756 2749/3720/2749
f 2761/3734/2761 2759/3732/2759 2758/3731/2758
f 2762/3735/2762 2753/3725/2753 2763/3736/2763
f 2753/3725/2753 2762/3735/2762 2754/3726/2754
f 2754/3726/2754 2756/3728/2756 2748/3718/2748
f 2757/3729/2757 2751/3723/2751 2752/3724/2752
f 2764/3737/2764 2761/3734/2761 2758/3731/2758
f 2765/3738/2765 2755/3727/2755 2757/3729/2757
f 2766/3739/2766 2767/3740/2767 2768/3741/2768
f 2769/3742/2769 2765/3738/2765 2757/3729/2757
f 2757/3729/2757 2752/3724/2752 2769/3742/2769
f 2770/3743/2770 2760/3733/2760 2759/3732/2759
f 2768/3741/2768 2771/3744/2771 2766/3739/2766
f 2766/3739/2766 2771/3744/2771 2764/3737/2764
f 2763/3736/2763 2764/3737/2764 2771/3744/2771
f 2772/3745/2772 2761/3734/2761 2764/3737/2764
f 2764/3737/2764 2763/3736/2763 2753/3725/2753
f 2760/3733/2760 2767/3740/2767 2766/3739/2766
f 2768/3741/2768 2773/3746/2773 2771/3744/2771
f 2764/3737/2764 2758/3731/2758 2766/3739/2766
f 2764/3737/2764 2753/3725/2753 2772/3745/2772
f 2755/3727/2755 2772/3745/2772 2753/3725/2753
f 2762/3735/2762 2774/3747/2774 2754/3726/2754
f 2754/3726/2754 2774/3747/2774 2756/3728/2756
f 2766/3739/2766 2758/3731/2758 2760/3733/2760
f 2763/3736/2763 2771/3744/2771 2775/3748/2775
f 2761/3734/2761 2772/3745/2772 2765/3738/2765
f 2762/3735/2762 2763/3736/2763 2775/3748/2775
f 2772/3745/2772 2755/3727/2755 2765/3738/2765
f 2773/3746/2773 2768/3741/2768 2776/3749/2776
f 2771/3744/2771 2773/3746/2773 2775/3748/2775
f 2775/3748/2775 2774/3747/2774 2762/3735/2762
f 2775/3748/2775 2773/3746/2773 2777/3750/2777
f 2761/3734/2761 2765/3738/2765 2778/3751/2778
f 2769/3742/2769 2752/3724/2752 2475/3752/2475
f 2774/3747/2774 2775/3748/2775 2777/3750/2777
f 2778/3751/2778 2765/3738/2765 2769/3742/2769
f 2774/3747/2774 2779/3753/2779 2756/3728/2756
f 2752/3724/2752 2470/3754/2470 2475/3752/2475
f 2470/3754/2470 2752/3724/2752 2457/3730/2457
f 2769/3742/2769 2475/3752/2475 2778/3751/2778
f 2780/3755/2780 2770/3743/2770 2759/3732/2759
f 2780/3755/2780 2759/3732/2759 2761/3734/2761
f 2481/3756/2481 2780/3755/2780 2761/3734/2761
f 2481/3756/2481 2761/3734/2761 2778/3751/2778
f 2477/3757/2477 2778/3751/2778 2475/3752/2475
f 2770/3743/2770 2780/3755/2780 2781/3758/2781
f 2477/3757/2477 2481/3756/2481 2778/3751/2778
f 2780/3755/2780 2481/3756/2481 2484/3759/2484
f 2494/3760/2494 2781/3758/2781 2780/3755/2780
f 2494/3760/2494 2780/3755/2780 2484/3759/2484
f 2460/3761/2460 2456/3717/2456 2450/3719/2450
f 2025/3762/2025 2051/3763/2051 2782/3764/2782
f 2043/3765/2043 2025/3762/2025 2782/3764/2782
f 2783/3766/2783 2782/3764/2782 2051/3763/2051
f 2784/3767/2784 2052/3768/2052 2045/3769/2045
f 2782/3764/2782 2563/3770/2563 2043/3765/2043
f 2051/3763/2051 2052/3768/2052 2783/3766/2783
f 2045/3769/2045 2059/3771/2059 2784/3767/2784
f 2563/3770/2563 2566/3772/2566 2562/3773/2562
f 2785/3774/2785 2059/3771/2059 2060/3775/2060
f 2782/3764/2782 2783/3766/2783 2786/3776/2786
f 2785/3774/2785 2784/3767/2784 2059/3771/2059
f 2782/3764/2782 2786/3776/2786 2563/3770/2563
f 2787/3777/2787 2785/3774/2785 2060/3775/2060
f 2788/3778/2788 2783/3766/2783 2052/3768/2052
f 2052/3768/2052 2784/3767/2784 2788/3778/2788
f 2060/3775/2060 2061/3779/2061 2787/3777/2787
f 2783/3766/2783 2789/3780/2789 2786/3776/2786
f 2784/3767/2784 2785/3774/2785 2790/3781/2790
f 2791/3782/2791 2787/3777/2787 2061/3779/2061
f 2784/3767/2784 2790/3781/2790 2792/3783/2792
f 2783/3766/2783 2788/3778/2788 2789/3780/2789
f 2788/3778/2788 2784/3767/2784 2792/3783/2792
f 2785/3774/2785 2793/3784/2793 2790/3781/2790
f 2785/3774/2785 2787/3777/2787 2793/3784/2793
f 2792/3783/2792 2790/3781/2790 2793/3784/2793
f 2787/3777/2787 2791/3782/2791 2794/3785/2794
f 2788/3778/2788 2792/3783/2792 2795/3786/2795
f 2569/3787/2569 2566/3772/2566 2563/3770/2563
f 2794/3785/2794 2793/3784/2793 2787/3777/2787
f 2563/3770/2563 2786/3776/2786 2576/3788/2576
f 2569/3787/2569 2563/3770/2563 2576/3788/2576
f 2796/3789/2796 2793/3784/2793 2794/3785/2794
f 2576/3788/2576 2786/3776/2786 2797/3790/2797
f 2797/3790/2797 2786/3776/2786 2789/3780/2789
f 2789/3780/2789 2788/3778/2788 2795/3786/2795
f 2798/3791/2798 2792/3783/2792 2793/3784/2793
f 2799/3792/2799 2796/3789/2796 2794/3785/2794
f 2797/3790/2797 2789/3780/2789 2800/3793/2800
f 2576/3788/2576 2797/3790/2797 2800/3793/2800
f 2789/3780/2789 2795/3786/2795 2801/3794/2801
f 2795/3786/2795 2792/3783/2792 2798/3791/2798
f 2789/3780/2789 2801/3794/2801 2802/3795/2802
f 2795/3786/2795 2798/3791/2798 2801/3794/2801
f 2800/3793/2800 2789/3780/2789 2802/3795/2802
f 2796/3789/2796 2798/3791/2798 2793/3784/2793
f 2801/3794/2801 2798/3791/2798 2803/3796/2803
f 2804/3797/2804 2576/3788/2576 2800/3793/2800
f 2583/3798/2583 2576/3788/2576 2804/3797/2804
f 2804/3797/2804 2800/3793/2800 2802/3795/2802
f 2799/3792/2799 2805/3799/2805 2796/3789/2796
f 2806/3800/2806 2802/3795/2802 2801/3794/2801
f 2801/3794/2801 2803/3796/2803 2806/3800/2806
f 2805/3799/2805 2807/3801/2807 2796/3789/2796
f 2798/3791/2798 2796/3789/2796 2807/3801/2807
f 2583/3798/2583 2804/3797/2804 2808/3802/2808
f 2803/3796/2803 2798/3791/2798 2807/3801/2807
f 2804/3797/2804 2802/3795/2802 2808/3802/2808
f 2809/3803/2809 2806/3800/2806 2803/3796/2803
f 2807/3801/2807 2810/3804/2810 2803/3796/2803
f 2809/3803/2809 2802/3795/2802 2806/3800/2806
f 2802/3795/2802 2811/3805/2811 2808/3802/2808
f 2809/3803/2809 2811/3805/2811 2802/3795/2802
f 2812/3806/2812 2807/3801/2807 2805/3799/2805
f 2812/3806/2812 2805/3799/2805 2813/3807/2813
f 2810/3804/2810 2807/3801/2807 2814/3808/2814
f 2807/3801/2807 2812/3806/2812 2814/3808/2814
f 2810/3804/2810 2809/3803/2809 2803/3796/2803
f 2809/3803/2809 2810/3804/2810 2815/3809/2815
f 2808/3802/2808 2811/3805/2811 2816/3810/2816
f 2810/3804/2810 2814/3808/2814 2815/3809/2815
f 2815/3809/2815 2811/3805/2811 2809/3803/2809
f 2583/3798/2583 2808/3802/2808 2589/3811/2589
f 2811/3805/2811 2817/3812/2817 2816/3810/2816
f 2811/3805/2811 2815/3809/2815 2817/3812/2817
f 2818/3813/2818 2815/3809/2815 2814/3808/2814
f 2808/3802/2808 2594/3814/2594 2589/3811/2589
f 2815/3809/2815 2819/3815/2819 2817/3812/2817
f 2808/3802/2808 2816/3810/2816 2594/3814/2594
f 2819/3815/2819 2815/3809/2815 2818/3813/2818
f 2157/3816/2157 2820/3817/2820 2821/3818/2821
f 2822/3819/2822 2821/3818/2821 2823/3820/2823
f 2821/3818/2821 2820/3817/2820 2823/3820/2823
f 2820/3817/2820 2157/3816/2157 2158/3821/2158
f 2158/3821/2158 2163/3822/2163 2820/3817/2820
f 2824/3823/2824 2822/3819/2822 2823/3820/2823
f 2824/3823/2824 2823/3820/2823 2825/3824/2825
f 2826/3825/2826 2820/3817/2820 2163/3822/2163
f 2827/3826/2827 2824/3823/2824 2825/3824/2825
f 2826/3825/2826 2163/3822/2163 2164/3827/2164
f 2823/3820/2823 2820/3817/2820 2825/3824/2825
f 2820/3817/2820 2828/3828/2828 2825/3824/2825
f 2828/3828/2828 2820/3817/2820 2829/3829/2829
f 2825/3824/2825 2828/3828/2828 2830/3830/2830
f 2164/3827/2164 2167/3831/2167 2826/3825/2826
f 2831/3832/2831 2820/3817/2820 2826/3825/2826
f 2827/3826/2827 2825/3824/2825 2832/3833/2832
f 2829/3829/2829 2820/3817/2820 2831/3832/2831
f 2833/3834/2833 2828/3828/2828 2829/3829/2829
f 2829/3829/2829 2831/3832/2831 2834/3835/2834
f 2828/3828/2828 2835/3836/2835 2830/3830/2830
f 2421/3837/2421 2828/3828/2828 2833/3834/2833
f 2833/3834/2833 2829/3829/2829 2834/3835/2834
f 2167/3831/2167 2169/3838/2169 2826/3825/2826
f 2831/3832/2831 2826/3825/2826 2169/3838/2169
f 2419/3839/2419 2834/3835/2834 2420/3840/2420
f 2833/3834/2833 2834/3835/2834 2419/3839/2419
f 2828/3828/2828 2421/3837/2421 2424/3841/2424
f 2419/3839/2419 2421/3837/2421 2833/3834/2833
f 2835/3836/2835 2828/3828/2828 2424/3841/2424
f 2834/3835/2834 2831/3832/2831 2420/3840/2420
f 2832/3833/2832 2830/3830/2830 2836/3842/2836
f 2426/3843/2426 2420/3840/2420 2831/3832/2831
f 2831/3832/2831 2169/3838/2169 2837/3844/2837
f 2426/3843/2426 2831/3832/2831 2837/3844/2837
f 2169/3838/2169 2174/3845/2174 2837/3844/2837
f 2835/3836/2835 2424/3841/2424 2838/3846/2838
f 2835/3836/2835 2838/3846/2838 2830/3830/2830
f 2838/3846/2838 2424/3841/2424 2432/3847/2432
f 2837/3844/2837 2174/3845/2174 2839/3848/2839
f 2830/3830/2830 2840/3849/2840 2836/3842/2836
f 2838/3846/2838 2432/3847/2432 2437/3850/2437
f 2426/3843/2426 2837/3844/2837 2841/3851/2841
f 2838/3846/2838 2840/3849/2840 2830/3830/2830
f 2430/3852/2430 2426/3843/2426 2841/3851/2841
f 2434/3853/2434 2430/3852/2430 2841/3851/2841
f 2841/3851/2841 2837/3844/2837 2839/3848/2839
f 2842/3854/2842 2437/3850/2437 2434/3853/2434
f 2838/3846/2838 2437/3850/2437 2842/3854/2842
f 2174/3845/2174 2172/3855/2172 2839/3848/2839
f 2842/3854/2842 2434/3853/2434 2841/3851/2841
f 2838/3846/2838 2842/3854/2842 2840/3849/2840
f 2839/3848/2839 2843/3856/2843 2841/3851/2841
f 2841/3851/2841 2844/3857/2844 2842/3854/2842
f 2839/3848/2839 2172/3855/2172 2845/3858/2845
f 2841/3851/2841 2843/3856/2843 2844/3857/2844
f 2846/3859/2846 2840/3849/2840 2842/3854/2842
f 2839/3848/2839 2845/3858/2845 2843/3856/2843
f 2846/3859/2846 2842/3854/2842 2844/3857/2844
f 2843/3856/2843 2847/3860/2847 2844/3857/2844
f 2847/3860/2847 2843/3856/2843 2845/3858/2845
f 2830/3830/2830 2832/3833/2832 2825/3824/2825
f 1975/3861/1975 1970/3862/1970 2235/3863/2235
f 2235/3863/2235 2249/3864/2249 2848/3865/2848
f 2848/3865/2848 1975/3861/1975 2235/3863/2235
f 2849/3866/2849 2848/3865/2848 2249/3864/2249
f 1974/3867/1974 2850/3868/2850 2333/3869/2333
f 2686/3870/2686 2849/3866/2849 2249/3864/2249
f 2345/3871/2345 2333/3869/2333 2850/3868/2850
f 1979/3872/1979 2850/3868/2850 1974/3867/1974
f 1981/3873/1981 1975/3861/1975 2848/3865/2848
f 1984/3874/1984 1981/3873/1981 2848/3865/2848
f 2850/3868/2850 2851/3875/2851 2345/3871/2345
f 2849/3866/2849 2686/3870/2686 2693/3876/2693
f 2852/3877/2852 2851/3875/2851 2850/3868/2850
f 2850/3868/2850 1979/3872/1979 2852/3877/2852
f 2849/3866/2849 2693/3876/2693 1984/3874/1984
f 2852/3877/2852 2853/3878/2853 2851/3875/2851
f 1985/3879/1985 2852/3877/2852 1979/3872/1979
f 1984/3874/1984 2693/3876/2693 2854/3880/2854
f 2700/3881/2700 2854/3880/2854 2693/3876/2693
f 2855/3882/2855 2852/3877/2852 1985/3879/1985
f 2854/3880/2854 2700/3881/2700 2712/3883/2712
f 2855/3882/2855 1985/3879/1985 1990/3884/1990
f 1991/3885/1991 1984/3874/1984 2854/3880/2854
f 1991/3885/1991 2854/3880/2854 2712/3883/2712
f 2853/3878/2853 2852/3877/2852 2856/3886/2856
f 2856/3886/2856 2852/3877/2852 2855/3882/2855
f 2856/3886/2856 2855/3882/2855 1990/3884/1990
f 1991/3885/1991 2712/3883/2712 2716/3887/2716
f 2716/3887/2716 2857/3888/2857 1991/3885/1991
f 2857/3888/2857 1994/3889/1994 1991/3885/1991
f 2856/3886/2856 1990/3884/1990 2858/3890/2858
f 2858/3890/2858 1990/3884/1990 1996/3891/1996
f 2857/3888/2857 2716/3887/2716 2727/3892/2727
f 2859/3893/2859 2858/3890/2858 1996/3891/1996
f 2859/3893/2859 1996/3891/1996 1997/3894/1997
f 2860/3895/2860 2856/3886/2856 2858/3890/2858
f 2861/3896/2861 2860/3895/2860 2858/3890/2858
f 2859/3893/2859 2861/3896/2861 2858/3890/2858
f 1997/3894/1997 2862/3897/2862 2859/3893/2859
f 2727/3892/2727 2863/3898/2863 2857/3888/2857
f 2000/3899/2000 2862/3897/2862 1997/3894/1997
f 1994/3889/1994 2857/3888/2857 2000/3899/2000
f 2862/3897/2862 2861/3896/2861 2859/3893/2859
f 2727/3892/2727 2734/3900/2734 2863/3898/2863
f 2857/3888/2857 2863/3898/2863 2000/3899/2000
f 2860/3895/2860 2861/3896/2861 2864/3901/2864
f 2863/3898/2863 2862/3897/2862 2000/3899/2000
f 2865/3902/2865 2864/3901/2864 2861/3896/2861
f 2866/3903/2866 2862/3897/2862 2863/3898/2863
f 2862/3897/2862 2865/3902/2865 2861/3896/2861
f 2867/3904/2867 2865/3902/2865 2862/3897/2862
f 2866/3903/2866 2867/3904/2867 2862/3897/2862
f 1984/3874/1984 2848/3865/2848 2849/3866/2849
f 2048/3905/2048 2042/3906/2042 2062/3907/2062
f 2280/3908/2280 2056/3909/2056 2053/3910/2053
f 2058/3911/2058 2048/3905/2048 2062/3907/2062
f 2056/3909/2056 2280/3908/2280 2868/3912/2868
f 2869/3913/2869 2058/3911/2058 2062/3907/2062
f 2058/3911/2058 2791/3914/2791 2061/3915/2061
f 2870/3916/2870 2062/3907/2062 2056/3909/2056
f 2056/3909/2056 2868/3912/2868 2870/3916/2870
f 2062/3907/2062 2871/3917/2871 2869/3913/2869
f 2062/3907/2062 2870/3916/2870 2872/3918/2872
f 2791/3914/2791 2058/3911/2058 2869/3913/2869
f 2873/3919/2873 2870/3916/2870 2868/3912/2868
f 2280/3908/2280 2294/3920/2294 2868/3912/2868
f 2872/3918/2872 2871/3917/2871 2062/3907/2062
f 2874/3921/2874 2791/3914/2791 2869/3913/2869
f 2294/3920/2294 2873/3919/2873 2868/3912/2868
f 2873/3919/2873 2872/3918/2872 2870/3916/2870
f 2869/3913/2869 2871/3917/2871 2875/3922/2875
f 2294/3920/2294 2285/3923/2285 2303/3924/2303
f 2875/3922/2875 2874/3921/2874 2869/3913/2869
f 2871/3917/2871 2872/3918/2872 2876/3925/2876
f 2875/3922/2875 2871/3917/2871 2876/3925/2876
f 2877/3926/2877 2872/3918/2872 2873/3919/2873
f 2873/3919/2873 2294/3920/2294 2878/3927/2878
f 2872/3918/2872 2877/3926/2877 2876/3925/2876
f 2799/3928/2799 2794/3929/2794 2874/3921/2874
f 2873/3919/2873 2878/3927/2878 2879/3930/2879
f 2878/3927/2878 2294/3920/2294 2303/3924/2303
f 2874/3921/2874 2875/3922/2875 2880/3931/2880
f 2876/3925/2876 2877/3926/2877 2881/3932/2881
f 2877/3926/2877 2873/3919/2873 2879/3930/2879
f 2877/3926/2877 2879/3930/2879 2881/3932/2881
f 2303/3924/2303 2882/3933/2882 2878/3927/2878
f 2875/3922/2875 2883/3934/2883 2880/3931/2880
f 2878/3927/2878 2882/3933/2882 2879/3930/2879
f 2875/3922/2875 2876/3925/2876 2883/3934/2883
f 2880/3931/2880 2799/3928/2799 2874/3921/2874
f 2881/3932/2881 2883/3934/2883 2876/3925/2876
f 2799/3928/2799 2880/3931/2880 2805/3935/2805
f 2303/3924/2303 2310/3936/2310 2882/3933/2882
f 2884/3937/2884 2883/3934/2883 2881/3932/2881
f 2885/3938/2885 2882/3933/2882 2310/3936/2310
f 2879/3930/2879 2882/3933/2882 2886/3939/2886
f 2881/3932/2881 2879/3930/2879 2886/3939/2886
f 2886/3939/2886 2882/3933/2882 2885/3938/2885
f 2881/3932/2881 2886/3939/2886 2887/3940/2887
f 2888/3941/2888 2880/3931/2880 2883/3934/2883
f 2887/3940/2887 2886/3939/2886 2889/3942/2889
f 2880/3931/2880 2888/3941/2888 2890/3943/2890
f 2883/3934/2883 2884/3937/2884 2888/3941/2888
f 2886/3939/2886 2885/3938/2885 2891/3944/2891
f 2886/3939/2886 2891/3944/2891 2889/3942/2889
f 2884/3937/2884 2881/3932/2881 2887/3940/2887
f 2805/3935/2805 2880/3931/2880 2813/3945/2813
f 2891/3944/2891 2892/3946/2892 2889/3942/2889
f 2884/3937/2884 2887/3940/2887 2893/3947/2893
f 2893/3947/2893 2887/3940/2887 2894/3948/2894
f 2880/3931/2880 2890/3943/2890 2813/3945/2813
f 2893/3947/2893 2888/3941/2888 2884/3937/2884
f 2885/3938/2885 2310/3936/2310 2315/3949/2315
f 2315/3949/2315 2891/3944/2891 2885/3938/2885
f 2315/3949/2315 2895/3950/2895 2891/3944/2891
f 2896/3951/2896 2892/3946/2892 2891/3944/2891
f 2894/3948/2894 2896/3951/2896 2893/3947/2893
f 2896/3951/2896 2894/3948/2894 2892/3946/2892
f 2896/3951/2896 2891/3944/2891 2895/3950/2895
f 2888/3941/2888 2897/3952/2897 2890/3943/2890
f 2890/3943/2890 2897/3952/2897 2813/3945/2813
f 2898/3953/2898 2893/3947/2893 2896/3951/2896
f 2888/3941/2888 2893/3947/2893 2898/3953/2898
f 2813/3945/2813 2897/3952/2897 2899/3954/2899
f 2897/3952/2897 2888/3941/2888 2900/3955/2900
f 2898/3953/2898 2896/3951/2896 2895/3950/2895
f 2900/3955/2900 2888/3941/2888 2898/3953/2898
f 2901/3956/2901 2898/3953/2898 2895/3950/2895
f 2794/3929/2794 2791/3914/2791 2874/3921/2874
f 2336/3957/2336 2902/3958/2902 2343/3959/2343
f 2902/3958/2902 2336/3957/2336 2345/3960/2345
f 2343/3959/2343 2902/3958/2902 2903/3961/2903
f 2347/3962/2347 2348/3963/2348 2904/3964/2904
f 2351/3965/2351 2347/3962/2347 2905/3966/2905
f 2350/3967/2350 2354/3968/2354 2906/3969/2906
f 2346/3970/2346 2343/3959/2343 2907/3971/2907
f 2908/3972/2908 2351/3965/2351 2905/3966/2905
f 2353/3973/2353 2350/3967/2350 2906/3969/2906
f 2909/3974/2909 2902/3958/2902 2345/3960/2345
f 2354/3968/2354 2908/3972/2908 2906/3969/2906
f 2903/3961/2903 2902/3958/2902 2909/3974/2909
f 2910/3975/2910 2904/3964/2904 2348/3963/2348
f 2910/3975/2910 2348/3963/2348 2346/3970/2346
f 2907/3971/2907 2343/3959/2343 2903/3961/2903
f 2909/3974/2909 2345/3960/2345 2851/3976/2851
f 2905/3966/2905 2347/3962/2347 2904/3964/2904
f 2910/3975/2910 2346/3970/2346 2907/3971/2907
f 2907/3971/2907 2903/3961/2903 2911/3977/2911
f 2904/3964/2904 2912/3978/2912 2905/3966/2905
f 2906/3969/2906 2913/3979/2913 2353/3973/2353
f 2353/3973/2353 2913/3979/2913 2914/3980/2914
f 2903/3961/2903 2909/3974/2909 2911/3977/2911
f 2191/3981/2191 2188/3982/2188 2353/3973/2353
f 2911/3977/2911 2909/3974/2909 2915/3983/2915
f 2909/3974/2909 2851/3976/2851 2915/3983/2915
f 2916/3984/2916 2908/3972/2908 2905/3966/2905
f 2914/3980/2914 2191/3981/2191 2353/3973/2353
f 2907/3971/2907 2917/3985/2917 2910/3975/2910
f 2912/3978/2912 2904/3964/2904 2910/3975/2910
f 2853/3986/2853 2915/3983/2915 2851/3976/2851
f 2916/3984/2916 2905/3966/2905 2912/3978/2912
f 2908/3972/2908 2916/3984/2916 2906/3969/2906
f 2907/3971/2907 2911/3977/2911 2917/3985/2917
f 2918/3987/2918 2916/3984/2916 2912/3978/2912
f 2919/3988/2919 2913/3979/2913 2906/3969/2906
f 2914/3980/2914 2913/3979/2913 2200/3989/2200
f 2913/3979/2913 2919/3988/2919 2200/3989/2200
f 2912/3978/2912 2910/3975/2910 2920/3990/2920
f 2911/3977/2911 2915/3983/2915 2921/3991/2921
f 2920/3990/2920 2910/3975/2910 2917/3985/2917
f 2915/3983/2915 2853/3986/2853 2921/3991/2921
f 2922/3992/2922 2919/3988/2919 2906/3969/2906
f 2906/3969/2906 2916/3984/2916 2922/3992/2922
f 2200/3989/2200 2195/3993/2195 2191/3981/2191
f 2200/3989/2200 2191/3981/2191 2914/3980/2914
f 2911/3977/2911 2921/3991/2921 2917/3985/2917
f 2923/3994/2923 2922/3992/2922 2916/3984/2916
f 2916/3984/2916 2918/3987/2918 2923/3994/2923
f 2918/3987/2918 2912/3978/2912 2920/3990/2920
f 2920/3990/2920 2917/3985/2917 2924/3995/2924
f 2853/3986/2853 2856/3996/2856 2921/3991/2921
f 2918/3987/2918 2920/3990/2920 2925/3997/2925
f 2919/3988/2919 2926/3998/2926 2200/3989/2200
f 2922/3992/2922 2926/3998/2926 2919/3988/2919
f 2917/3985/2917 2921/3991/2921 2924/3995/2924
f 2925/3997/2925 2920/3990/2920 2927/3999/2927
f 2928/4000/2928 2920/3990/2920 2924/3995/2924
f 2923/3994/2923 2918/3987/2918 2925/3997/2925
f 2928/4000/2928 2927/3999/2927 2920/3990/2920
f 2924/3995/2924 2921/3991/2921 2929/4001/2929
f 2926/3998/2926 2922/3992/2922 2923/3994/2923
f 2925/3997/2925 2930/4002/2930 2923/3994/2923
f 2201/4003/2201 2200/3989/2200 2926/3998/2926
f 2925/3997/2925 2927/3999/2927 2930/4002/2930
f 2921/3991/2921 2856/3996/2856 2929/4001/2929
f 2924/3995/2924 2929/4001/2929 2931/4004/2931
f 2932/4005/2932 2930/4002/2930 2927/3999/2927
f 2928/4000/2928 2932/4005/2932 2927/3999/2927
f 2928/4000/2928 2924/3995/2924 2933/4006/2933
f 2924/3995/2924 2931/4004/2931 2933/4006/2933
f 2923/3994/2923 2930/4002/2930 2934/4007/2934
f 2928/4000/2928 2935/4008/2935 2932/4005/2932
f 2935/4008/2935 2928/4000/2928 2933/4006/2933
f 2936/4009/2936 2201/4003/2201 2926/3998/2926
f 2937/4010/2937 2926/3998/2926 2923/3994/2923
f 2929/4001/2929 2856/3996/2856 2860/4011/2860
f 2933/4006/2933 2931/4004/2931 2938/4012/2938
f 2937/4010/2937 2923/3994/2923 2934/4007/2934
f 2933/4006/2933 2939/4013/2939 2935/4008/2935
f 2926/3998/2926 2937/4010/2937 2936/4009/2936
f 2937/4010/2937 2934/4007/2934 2940/4014/2940
f 2941/4015/2941 2929/4001/2929 2860/4011/2860
f 2931/4004/2931 2929/4001/2929 2942/4016/2942
f 2214/4017/2214 2201/4003/2201 2936/4009/2936
f 2939/4013/2939 2933/4006/2933 2938/4012/2938
f 2941/4015/2941 2942/4016/2942 2929/4001/2929
f 2937/4010/2937 2943/4018/2943 2936/4009/2936
f 2931/4004/2931 2942/4016/2942 2938/4012/2938
f 2351/3965/2351 2908/3972/2908 2354/3968/2354
f 2607/4019/2607 2606/4020/2606 2609/4021/2609
f 2610/4022/2610 2609/4021/2609 2606/4020/2606
f 2612/4023/2612 2607/4019/2607 2609/4021/2609
f 2612/4023/2612 2616/4024/2616 2607/4019/2607
f 2610/4022/2610 2606/4020/2606 2613/4025/2613
f 2610/4022/2610 2613/4025/2613 2614/4026/2614
f 2613/4025/2613 2625/4027/2625 2614/4026/2614
f 2623/4028/2623 2614/4026/2614 2625/4027/2625
f 2623/4028/2623 2625/4027/2625 2944/4029/2944
f 2627/4030/2627 2944/4029/2944 2625/4027/2625
f 2628/4031/2628 2623/4028/2623 2944/4029/2944
f 2944/4029/2944 2627/4030/2627 2638/4032/2638
f 2628/4031/2628 2944/4029/2944 2637/4033/2637
f 2637/4033/2637 2944/4029/2944 2638/4032/2638
f 2638/4032/2638 2640/4034/2640 2637/4033/2637
f 2640/4034/2640 2642/4035/2642 2643/4036/2643
f 2643/4036/2643 2637/4033/2637 2640/4034/2640
f 2447/4037/2447 2462/4038/2462 2448/4039/2448
f 2448/4039/2448 2462/4038/2462 2617/4040/2617
f 2454/4041/2454 2448/4039/2448 2617/4040/2617
f 2458/4042/2458 2617/4040/2617 2462/4038/2462
f 2461/4043/2461 2458/4042/2458 2462/4038/2462
f 1969/4044/1969 1980/4045/1980 1974/4046/1974
f 2945/4047/2945 2946/4048/2946 2947/4049/2947
f 2947/4049/2947 2946/4048/2946 2948/4050/2948
f 2949/4051/2949 2945/4047/2945 2947/4049/2947
f 2949/4051/2949 2947/4049/2947 2948/4050/2948
f 2946/4048/2946 2950/4052/2950 2948/4050/2948
f 2951/4053/2951 2949/4051/2949 2948/4050/2948
f 2952/4054/2952 2948/4050/2948 2950/4052/2950
f 2948/4050/2948 2953/4055/2953 2951/4053/2951
f 2954/4056/2954 2951/4053/2951 2955/4057/2955
f 2952/4054/2952 2953/4055/2953 2948/4050/2948
f 2955/4057/2955 2951/4053/2951 2953/4055/2953
f 2956/4058/2956 2953/4055/2953 2952/4054/2952
f 2957/4059/2957 2955/4057/2955 2953/4055/2953
f 2953/4055/2953 2958/4060/2958 2957/4059/2957
f 2956/4058/2956 2958/4060/2958 2953/4055/2953
f 2958/4060/2958 2959/4061/2959 2957/4059/2957
f 2960/4062/2960 2961/4063/2961 2958/4060/2958
f 2962/4064/2962 2959/4061/2959 2958/4060/2958
f 2962/4064/2962 2958/4060/2958 2961/4063/2961
f 2963/4065/2963 2962/4064/2962 2961/4063/2961
f 2964/4066/2964 2946/4067/2946 2945/4068/2945
f 2965/4069/2965 2946/4067/2946 2964/4066/2964
f 2966/4070/2966 2946/4067/2946 2965/4069/2965
f 2967/4071/2967 2966/4070/2966 2965/4069/2965
f 2964/4066/2964 2968/4072/2968 2965/4069/2965
f 2968/4072/2968 2967/4071/2967 2965/4069/2965
f 2969/4073/2969 2968/4072/2968 2964/4066/2964
f 2970/4074/2970 2967/4071/2967 2968/4072/2968
f 2971/4075/2971 2972/4076/2972 2973/4077/2973
f 2971/4075/2971 2973/4077/2973 2974/4078/2974
f 2975/4079/2975 2968/4072/2968 2969/4073/2969
f 2976/4080/2976 2971/4075/2971 2974/4078/2974
f 2977/4081/2977 2970/4074/2970 2968/4072/2968
f 2971/4075/2971 2976/4080/2976 2978/4082/2978
f 2978/4082/2978 2972/4076/2972 2971/4075/2971
f 2975/4079/2975 2977/4081/2977 2968/4072/2968
f 2978/4082/2978 2979/4083/2979 2980/4084/2980
f 2981/4085/2981 2977/4081/2977 2975/4079/2975
f 2981/4085/2981 2982/4086/2982 2977/4081/2977
f 2978/4082/2978 2983/4087/2983 2972/4076/2972
f 2984/4088/2984 2983/4087/2983 2978/4082/2978
f 2984/4088/2984 2978/4082/2978 2980/4084/2980
f 2985/4089/2985 2984/4088/2984 2980/4084/2980
f 2986/4090/2986 2984/4088/2984 2985/4089/2985
f 2987/4091/2987 2982/4086/2982 2981/4085/2981
f 2984/4088/2984 2986/4090/2986 2983/4087/2983
f 2986/4090/2986 2985/4089/2985 2987/4091/2987
f 2981/4085/2981 2988/4092/2988 2987/4091/2987
f 2989/4093/2989 2986/4090/2986 2987/4091/2987
f 2988/4092/2988 2981/4085/2981 2990/4094/2990
f 2988/4092/2988 2989/4093/2989 2987/4091/2987
f 2988/4092/2988 2991/4095/2991 2989/4093/2989
f 2989/4093/2989 2992/4096/2992 2986/4090/2986
f 2989/4093/2989 2991/4095/2991 2992/4096/2992
f 2993/4097/2993 2945/4098/2945 2994/4099/2994
f 2994/4099/2994 2945/4098/2945 2949/4100/2949
f 2964/4101/2964 2945/4098/2945 2993/4097/2993
f 2994/4099/2994 2949/4100/2949 2995/4102/2995
f 2995/4102/2995 2949/4100/2949 2951/4103/2951
f 2993/4097/2993 2994/4099/2994 2996/4104/2996
f 2996/4104/2996 2994/4099/2994 2995/4102/2995
f 2997/4105/2997 2996/4104/2996 2995/4102/2995
f 2998/4106/2998 2993/4097/2993 2996/4104/2996
f 2999/4107/2999 2993/4097/2993 2998/4106/2998
f 2995/4102/2995 2951/4103/2951 2954/4108/2954
f 2995/4102/2995 2954/4108/2954 2997/4105/2997
f 2997/4105/2997 3000/4109/3000 2996/4104/2996
f 2997/4105/2997 2954/4108/2954 3001/4110/3001
f 2997/4105/2997 3001/4110/3001 3000/4109/3000
f 2998/4106/2998 2996/4104/2996 3000/4109/3000
f 2969/4111/2969 2964/4101/2964 2993/4097/2993
f 3002/4112/3002 2993/4097/2993 2999/4107/2999
f 2969/4111/2969 2993/4097/2993 3002/4112/3002
f 3003/4113/3003 2999/4107/2999 2998/4106/2998
f 2954/4108/2954 2955/4114/2955 3001/4110/3001
f 2998/4106/2998 3000/4109/3000 2976/4115/2976
f 2976/4115/2976 3000/4109/3000 2979/4116/2979
f 3001/4110/3001 2979/4116/2979 3000/4109/3000
f 3004/4117/3004 3002/4112/3002 2999/4107/2999
f 3003/4113/3003 2998/4106/2998 2976/4115/2976
f 2969/4111/2969 3002/4112/3002 2975/4118/2975
f 3004/4117/3004 2999/4107/2999 3003/4113/3003
f 2979/4116/2979 3001/4110/3001 3005/4119/3005
f 3001/4110/3001 2955/4114/2955 3005/4119/3005
f 3003/4113/3003 2976/4115/2976 3006/4120/3006
f 3005/4119/3005 2955/4114/2955 2957/4121/2957
f 2976/4115/2976 2979/4116/2979 2978/4122/2978
f 2957/4121/2957 2959/4123/2959 3007/4124/3007
f 2979/4116/2979 3005/4119/3005 3008/4125/3008
f 3005/4119/3005 2957/4121/2957 3007/4124/3007
f 2959/4123/2959 3009/4126/3009 3010/4127/3010
f 3008/4125/3008 3005/4119/3005 3007/4124/3007
f 2975/4118/2975 3002/4112/3002 3011/4128/3011
f 3012/4129/3012 2979/4116/2979 3008/4125/3008
f 3009/4126/3009 3013/4130/3013 3014/4131/3014
f 3010/4127/3010 3007/4124/3007 2959/4123/2959
f 3007/4124/3007 3010/4127/3010 3015/4132/3015
f 3010/4127/3010 3009/4126/3009 3014/4131/3014
f 3016/4133/3016 3008/4125/3008 3007/4124/3007
f 3017/4134/3017 3002/4112/3002 3004/4117/3004
f 3016/4133/3016 3007/4124/3007 3015/4132/3015
f 3017/4134/3017 3011/4128/3011 3002/4112/3002
f 2981/4135/2981 2975/4118/2975 3011/4128/3011
f 3014/4131/3014 3015/4132/3015 3010/4127/3010
f 3017/4134/3017 3018/4136/3018 3011/4128/3011
f 3013/4130/3013 3019/4137/3019 3014/4131/3014
f 2985/4138/2985 2980/4139/2980 3020/4140/3020
f 3020/4140/3020 2980/4139/2980 3012/4129/3012
f 3021/4141/3021 3012/4129/3012 3008/4125/3008
f 3022/4142/3022 3014/4131/3014 3019/4137/3019
f 3015/4132/3015 3014/4131/3014 3022/4142/3022
f 3012/4129/3012 3021/4141/3021 3020/4140/3020
f 3021/4141/3021 3008/4125/3008 3016/4133/3016
f 3011/4128/3011 3018/4136/3018 2990/4143/2990
f 2990/4143/2990 3018/4136/3018 3020/4140/3020
f 3011/4128/3011 2990/4143/2990 2981/4135/2981
f 3016/4133/3016 3015/4132/3015 3023/4144/3023
f 3022/4142/3022 3019/4137/3019 3024/4145/3024
f 3025/4146/3025 3020/4140/3020 3021/4141/3021
f 3021/4141/3021 3016/4133/3016 3023/4144/3023
f 3026/4147/3026 3022/4142/3022 3024/4145/3024
f 3023/4144/3023 3015/4132/3015 3022/4142/3022
f 3025/4146/3025 3021/4141/3021 3023/4144/3023
f 2990/4143/2990 3020/4140/3020 3027/4148/3027
f 3027/4148/3027 3020/4140/3020 3025/4146/3025
f 3028/4149/3028 3023/4144/3023 3022/4142/3022
f 3022/4142/3022 3026/4147/3026 3028/4149/3028
f 3028/4149/3028 3026/4147/3026 3029/4150/3029
f 3027/4148/3027 3025/4146/3025 3030/4151/3030
f 3030/4151/3030 3025/4146/3025 3023/4144/3023
f 3028/4149/3028 3029/4150/3029 3031/4152/3031
f 3032/4153/3032 3023/4144/3023 3028/4149/3028
f 3030/4151/3030 3023/4144/3023 3032/4153/3032
f 2980/4139/2980 2979/4116/2979 3012/4129/3012
f 1879/4154/1879 1875/4155/1875 1884/4156/1884
f 1884/4156/1884 1875/4155/1875 1878/4157/1878
f 1881/4158/1881 1884/4159/1884 1878/4160/1878
f 1885/4161/1885 1879/4154/1879 1884/4156/1884
f 1880/4162/1880 1881/4158/1881 1878/4160/1878
f 2743/4163/2743 2742/4164/2742 2622/4165/2622
f 2622/4165/2622 2615/4166/2615 2743/4163/2743
f 2742/4164/2742 2749/4167/2749 3033/4168/3033
f 3033/4168/3033 2622/4165/2622 2742/4164/2742
f 2776/4169/2776 3034/4170/3034 2773/4171/2773
f 2776/4169/2776 2768/4172/2768 3035/4173/3035
f 3036/4174/3036 2749/4167/2749 2756/4175/2756
f 2777/4176/2777 2773/4171/2773 3034/4170/3034
f 2774/4177/2774 3037/4178/3037 2779/4179/2779
f 2777/4176/2777 3037/4178/3037 2774/4177/2774
f 3036/4174/3036 2756/4175/2756 2779/4179/2779
f 2749/4167/2749 3036/4174/3036 3033/4168/3033
f 3038/4180/3038 2776/4169/2776 3035/4173/3035
f 2779/4179/2779 3039/4181/3039 3036/4174/3036
f 2776/4169/2776 3038/4180/3038 3034/4170/3034
f 3038/4180/3038 3040/4182/3040 3034/4170/3034
f 2777/4176/2777 3034/4170/3034 3037/4178/3037
f 2779/4179/2779 3037/4178/3037 3041/4183/3041
f 3042/4184/3042 3033/4168/3033 3036/4174/3036
f 3039/4181/3039 2779/4179/2779 3041/4183/3041
f 3039/4181/3039 3043/4185/3043 3036/4174/3036
f 3034/4170/3034 3040/4182/3040 3044/4186/3044
f 3034/4170/3034 3045/4187/3045 3037/4178/3037
f 3045/4187/3045 3041/4183/3041 3037/4178/3037
f 3040/4182/3040 3038/4180/3038 3046/4188/3046
f 3039/4181/3039 3047/4189/3047 3043/4185/3043
f 3048/4190/3048 3036/4174/3036 3043/4185/3043
f 3048/4190/3048 3042/4184/3042 3036/4174/3036
f 3049/4191/3049 3033/4168/3033 3042/4184/3042
f 3041/4183/3041 3050/4192/3050 3039/4181/3039
f 3047/4189/3047 3039/4181/3039 3050/4192/3050
f 3043/4185/3043 3051/4193/3051 3048/4190/3048
f 3050/4192/3050 3041/4183/3041 3045/4187/3045
f 3040/4182/3040 3046/4188/3046 3052/4194/3052
f 3040/4182/3040 3052/4194/3052 3044/4186/3044
f 3053/4195/3053 3050/4192/3050 3045/4187/3045
f 3054/4196/3054 3043/4185/3043 3047/4189/3047
f 3051/4193/3051 3043/4185/3043 3054/4196/3054
f 3045/4187/3045 3034/4170/3034 3044/4186/3044
f 3055/4197/3055 3042/4184/3042 3048/4190/3048
f 3051/4193/3051 3055/4197/3055 3048/4190/3048
f 3056/4198/3056 3049/4191/3049 3042/4184/3042
f 3044/4186/3044 3057/4199/3057 3045/4187/3045
f 3054/4196/3054 3058/4200/3058 3051/4193/3051
f 3053/4195/3053 3047/4189/3047 3050/4192/3050
f 3053/4195/3053 3045/4187/3045 3057/4199/3057
f 3059/4201/3059 3054/4196/3054 3047/4189/3047
f 3046/4188/3046 3060/4202/3060 3052/4194/3052
f 3052/4194/3052 3057/4199/3057 3044/4186/3044
f 3051/4193/3051 3061/4203/3061 3055/4197/3055
f 3053/4195/3053 3059/4201/3059 3047/4189/3047
f 3042/4184/3042 3062/4204/3062 3056/4198/3056
f 3051/4193/3051 3058/4200/3058 3061/4203/3061
f 3062/4204/3062 3042/4184/3042 3055/4197/3055
f 3060/4202/3060 3063/4205/3063 3052/4194/3052
f 3063/4205/3063 3057/4199/3057 3052/4194/3052
f 3057/4199/3057 3064/4206/3064 3053/4195/3053
f 3059/4201/3059 3053/4195/3053 3064/4206/3064
f 3059/4201/3059 3065/4207/3065 3054/4196/3054
f 3060/4202/3060 3066/4208/3066 3063/4205/3063
f 3067/4209/3067 3059/4201/3059 3064/4206/3064
f 3065/4207/3065 3058/4200/3058 3054/4196/3054
f 3065/4207/3065 3059/4201/3059 3067/4209/3067
f 3062/4204/3062 3068/4210/3068 3056/4198/3056
f 3061/4203/3061 3069/4211/3069 3055/4197/3055
f 3062/4204/3062 3055/4197/3055 3069/4211/3069
f 3061/4203/3061 3070/4212/3070 3069/4211/3069
f 3064/4206/3064 3057/4199/3057 3071/4213/3071
f 3070/4212/3070 3061/4203/3061 3058/4200/3058
f 3063/4205/3063 3071/4213/3071 3057/4199/3057
f 3072/4214/3072 3058/4200/3058 3065/4207/3065
f 3070/4212/3070 3058/4200/3058 3072/4214/3072
f 3068/4210/3068 3062/4204/3062 3073/4215/3073
f 3065/4207/3065 3074/4216/3074 3072/4214/3072
f 3073/4215/3073 3062/4204/3062 3069/4211/3069
f 3075/4217/3075 3067/4209/3067 3064/4206/3064
f 3075/4217/3075 3065/4207/3065 3067/4209/3067
f 3066/4208/3066 3076/4218/3076 3063/4205/3063
f 3064/4206/3064 3071/4213/3071 3077/4219/3077
f 3065/4207/3065 3075/4217/3075 3078/4220/3078
f 3063/4205/3063 3079/4221/3079 3071/4213/3071
f 3071/4213/3071 3080/4222/3080 3077/4219/3077
f 3064/4206/3064 3077/4219/3077 3075/4217/3075
f 3073/4215/3073 3081/4223/3081 3068/4210/3068
f 3065/4207/3065 3078/4220/3078 3074/4216/3074
f 3076/4218/3076 3079/4221/3079 3063/4205/3063
f 3071/4213/3071 3079/4221/3079 3080/4222/3080
f 3075/4217/3075 3082/4224/3082 3078/4220/3078
f 3069/4211/3069 3070/4212/3070 3083/4225/3083
f 3073/4215/3073 3069/4211/3069 3083/4225/3083
f 3084/4226/3084 3072/4214/3072 3074/4216/3074
f 3083/4225/3083 3085/4227/3085 3073/4215/3073
f 3070/4212/3070 3072/4214/3072 3084/4226/3084
f 3074/4216/3074 3086/4228/3086 3084/4226/3084
f 3086/4228/3086 3074/4216/3074 3078/4220/3078
f 3085/4227/3085 3081/4223/3081 3073/4215/3073
f 3077/4219/3077 3082/4224/3082 3075/4217/3075
f 3079/4221/3079 3076/4218/3076 3087/4229/3087
f 3078/4220/3078 3082/4224/3082 3086/4228/3086
f 3079/4221/3079 3087/4229/3087 3080/4222/3080
f 3088/4230/3088 3081/4223/3081 3085/4227/3085
f 3080/4222/3080 3089/4231/3089 3077/4219/3077
f 3077/4219/3077 3089/4231/3089 3082/4224/3082
f 3070/4212/3070 3090/4232/3090 3083/4225/3083
f 3090/4232/3090 3085/4227/3085 3083/4225/3083
f 3090/4232/3090 3070/4212/3070 3084/4226/3084
f 3091/4233/3091 3085/4227/3085 3090/4232/3090
f 3087/4229/3087 3092/4234/3092 3080/4222/3080
f 3093/4235/3093 3086/4228/3086 3082/4224/3082
f 3085/4227/3085 3091/4233/3091 3088/4230/3088
f 3076/4218/3076 3094/4236/3094 3087/4229/3087
f 3093/4235/3093 3095/4237/3095 3086/4228/3086
f 3086/4228/3086 3095/4237/3095 3084/4226/3084
f 3080/4222/3080 3092/4234/3092 3089/4231/3089
f 3089/4231/3089 3093/4235/3093 3082/4224/3082
f 3087/4229/3087 3096/4238/3096 3092/4234/3092
f 3097/4239/3097 3084/4226/3084 3098/4240/3098
f 3087/4229/3087 3094/4236/3094 3096/4238/3096
f 3095/4237/3095 3098/4240/3098 3084/4226/3084
f 3095/4237/3095 3099/4241/3099 3098/4240/3098
f 3093/4235/3093 3089/4231/3089 3100/4242/3100
f 3092/4234/3092 3100/4242/3100 3089/4231/3089
f 3094/4236/3094 3101/4243/3101 3096/4238/3096
f 3092/4234/3092 3102/4244/3102 3100/4242/3100
f 1809/4245/1809 1803/4246/1803 1883/4247/1883
f 1814/4248/1814 1809/4245/1809 1883/4247/1883
f 1816/4249/1816 1814/4248/1814 1883/4247/1883
f 1892/4250/1892 1816/4249/1816 1883/4247/1883
f 1816/4249/1816 1892/4250/1892 1908/4251/1908
f 1908/4251/1908 1821/4252/1821 1816/4249/1816
f 2966/4253/2966 2950/4254/2950 2946/4255/2946
f 3103/4256/3103 2950/4254/2950 2966/4253/2966
f 2967/4257/2967 3103/4256/3103 2966/4253/2966
f 3103/4256/3103 2952/4258/2952 2950/4254/2950
f 2960/4259/2960 2952/4258/2952 3103/4256/3103
f 2967/4257/2967 3104/4260/3104 3103/4256/3103
f 2973/4261/2973 3103/4256/3103 3104/4260/3104
f 2974/4262/2974 2973/4261/2973 3104/4260/3104
f 2970/4263/2970 3104/4260/3104 2967/4257/2967
f 2960/4259/2960 2956/4264/2956 2952/4258/2952
f 2970/4263/2970 2974/4262/2974 3104/4260/3104
f 2970/4263/2970 3105/4265/3105 2974/4262/2974
f 3103/4256/3103 2973/4261/2973 2972/4266/2972
f 2972/4266/2972 2960/4259/2960 3103/4256/3103
f 3106/4267/3106 3107/4268/3107 3009/4269/3009
f 3006/4270/3006 2974/4262/2974 3105/4265/3105
f 3006/4270/3006 2976/4271/2976 2974/4262/2974
f 2958/4272/2958 2956/4264/2956 2960/4259/2960
f 2977/4273/2977 3105/4265/3105 2970/4263/2970
f 2959/4274/2959 3106/4267/3106 3009/4269/3009
f 3108/4275/3108 3006/4270/3006 3105/4265/3105
f 3107/4268/3107 3013/4276/3013 3009/4269/3009
f 2977/4273/2977 3109/4277/3109 3105/4265/3105
f 2959/4274/2959 2962/4278/2962 3106/4267/3106
f 2982/4279/2982 3109/4277/3109 2977/4273/2977
f 2983/4280/2983 2960/4259/2960 2972/4266/2972
f 3110/4281/3110 2961/4282/2961 2960/4259/2960
f 3107/4268/3107 3106/4267/3106 3111/4283/3111
f 3112/4284/3112 3013/4276/3013 3107/4268/3107
f 2983/4280/2983 3110/4281/3110 2960/4259/2960
f 2962/4278/2962 3111/4283/3111 3106/4267/3106
f 2962/4278/2962 2963/4285/2963 3111/4283/3111
f 3113/4286/3113 3111/4283/3111 2963/4285/2963
f 3110/4281/3110 2963/4285/2963 2961/4282/2961
f 3019/4287/3019 3013/4276/3013 3112/4284/3112
f 3111/4283/3111 3112/4284/3112 3107/4268/3107
f 2982/4279/2982 2985/4288/2985 3109/4277/3109
f 3113/4286/3113 3112/4284/3112 3111/4283/3111
f 3019/4287/3019 3112/4284/3112 3114/4289/3114
f 3115/4290/3115 2963/4285/2963 3110/4281/3110
f 2987/4291/2987 2985/4288/2985 2982/4279/2982
f 2983/4280/2983 3116/4292/3116 3110/4281/3110
f 3115/4290/3115 3113/4286/3113 2963/4285/2963
f 3019/4287/3019 3114/4289/3114 3024/4293/3024
f 3024/4293/3024 3114/4289/3114 3117/4294/3117
f 2986/4295/2986 3116/4292/3116 2983/4280/2983
f 3118/4296/3118 3112/4284/3112 3113/4286/3113
f 3114/4289/3114 3112/4284/3112 3118/4296/3118
f 3116/4292/3116 3115/4290/3115 3110/4281/3110
f 3119/4297/3119 3118/4296/3118 3113/4286/3113
f 3119/4297/3119 3113/4286/3113 3115/4290/3115
f 2992/4298/2992 3116/4292/3116 2986/4295/2986
f 3120/4299/3120 3115/4290/3115 3116/4292/3116
f 2992/4298/2992 3120/4299/3120 3116/4292/3116
f 3121/4300/3121 3119/4297/3119 3115/4290/3115
f 3122/4301/3122 3121/4300/3121 3115/4290/3115
f 3120/4299/3120 3122/4301/3122 3115/4290/3115
f 1888/4302/1888 1867/4303/1867 2066/4304/2066
f 2066/4304/2066 1864/4305/1864 1891/4306/1891
f 1891/4306/1891 1888/4302/1888 2066/4304/2066
f 1921/4307/1921 1888/4302/1888 1891/4306/1891
f 1909/4308/1909 3123/4309/3123 1891/4306/1891
f 1935/4310/1935 3123/4309/3123 1909/4308/1909
f 1928/4311/1928 1921/4307/1921 3123/4309/3123
f 3123/4309/3123 1948/4312/1948 3124/4313/3124
f 1948/4312/1948 3123/4309/3123 1935/4310/1935
f 3124/4313/3124 1928/4311/1928 3123/4309/3123
f 1948/4312/1948 1935/4310/1935 1932/4314/1932
f 1949/4315/1949 1928/4311/1928 3124/4313/3124
f 1947/4316/1947 3124/4313/3124 1948/4312/1948
f 1944/4317/1944 1943/4318/1943 1941/4319/1941
f 1947/4316/1947 1949/4315/1949 3124/4313/3124
f 1948/4312/1948 1932/4314/1932 3125/4320/3125
f 1948/4312/1948 3125/4320/3125 1946/4321/1946
f 1950/4322/1950 1943/4318/1943 1944/4317/1944
f 1950/4322/1950 1944/4317/1944 1959/4323/1959
f 1954/4324/1954 1949/4315/1949 1947/4316/1947
f 3125/4320/3125 1932/4314/1932 1951/4325/1951
f 3126/4326/3126 1953/4327/1953 1950/4322/1950
f 1951/4325/1951 3127/4328/3127 3125/4320/3125
f 1950/4322/1950 1959/4323/1959 3126/4326/3126
f 1951/4325/1951 1953/4327/1953 3126/4326/3126
f 1960/4329/1960 1946/4321/1946 3125/4320/3125
f 1960/4329/1960 3125/4320/3125 3127/4328/3127
f 1951/4325/1951 3126/4326/3126 3127/4328/3127
f 1957/4330/1957 1954/4324/1954 1947/4316/1947
f 3126/4326/3126 1960/4329/1960 3127/4328/3127
f 3126/4326/3126 1959/4323/1959 1960/4329/1960
f 1835/4331/1835 1962/4332/1962 1954/4324/1954
f 1957/4330/1957 1835/4331/1835 1954/4324/1954
f 1957/4330/1957 1834/4333/1834 1835/4331/1835
f 3123/4309/3123 1921/4307/1921 1891/4306/1891
f 2622/4334/2622 3033/4335/3033 2629/4336/2629
f 3049/4337/3049 2629/4336/2629 3033/4335/3033
f 3128/4338/3128 2630/4339/2630 2629/4336/2629
f 2633/4340/2633 2630/4339/2630 3128/4338/3128
f 3128/4338/3128 2629/4336/2629 3049/4337/3049
f 3049/4337/3049 3056/4341/3056 3128/4338/3128
f 2641/4342/2641 2633/4340/2633 3128/4338/3128
f 2658/4343/2658 3128/4338/3128 3056/4341/3056
f 3128/4338/3128 2658/4343/2658 2641/4342/2641
f 3056/4341/3056 3068/4344/3068 2658/4343/2658
f 2641/4342/2641 2658/4343/2658 2645/4345/2645
f 2658/4343/2658 3068/4344/3068 3129/4346/3129
f 2657/4347/2657 2658/4343/2658 3129/4346/3129
f 3081/4348/3081 3129/4346/3129 3068/4344/3068
f 3081/4348/3081 3130/4349/3130 3129/4346/3129
f 3081/4348/3081 3088/4350/3088 3130/4349/3130
f 2657/4347/2657 3129/4346/3129 2669/4351/2669
f 3129/4346/3129 3130/4349/3130 2669/4351/2669
f 3130/4349/3130 3088/4350/3088 3131/4352/3131
f 3132/4353/3132 3131/4352/3131 3088/4350/3088
f 3132/4353/3132 3133/4354/3133 3131/4352/3131
f 2669/4351/2669 3130/4349/3130 3134/4355/3134
f 3133/4354/3133 3132/4353/3132 2675/4356/2675
f 3130/4349/3130 3131/4352/3131 3134/4355/3134
f 3131/4352/3131 3133/4354/3133 3134/4355/3134
f 2768/4357/2768 2767/4358/2767 3035/4359/3035
f 2767/4358/2767 3135/4360/3135 3136/4361/3136
f 2767/4358/2767 2760/4362/2760 3135/4360/3135
f 3136/4361/3136 3035/4359/3035 2767/4358/2767
f 2760/4362/2760 2770/4363/2770 3137/4364/3137
f 2770/4363/2770 2781/4365/2781 3137/4364/3137
f 3135/4360/3135 3138/4366/3138 3136/4361/3136
f 2760/4362/2760 3137/4364/3137 3135/4360/3135
f 3035/4359/3035 3046/4367/3046 3038/4368/3038
f 3137/4364/3137 2781/4365/2781 3139/4369/3139
f 3135/4360/3135 3137/4364/3137 3138/4366/3138
f 3035/4359/3035 3136/4361/3136 3140/4370/3140
f 3137/4364/3137 3139/4369/3139 3138/4366/3138
f 3046/4367/3046 3035/4359/3035 3140/4370/3140
f 3136/4361/3136 3138/4366/3138 3140/4370/3140
f 2781/4365/2781 3141/4371/3141 3139/4369/3139
f 3138/4366/3138 3142/4372/3142 3140/4370/3140
f 2781/4365/2781 3143/4373/3143 3141/4371/3141
f 2494/4374/2494 3143/4373/3143 2781/4365/2781
f 2494/4374/2494 2493/4375/2493 3143/4373/3143
f 3139/4369/3139 3142/4372/3142 3138/4366/3138
f 3140/4370/3140 3144/4376/3144 3046/4367/3046
f 3142/4372/3142 3144/4376/3144 3140/4370/3140
f 3142/4372/3142 3139/4369/3139 3145/4377/3145
f 3143/4373/3143 2493/4375/2493 2510/4378/2510
f 3141/4371/3141 3143/4373/3143 2510/4378/2510
f 3144/4376/3144 3060/4379/3060 3046/4367/3046
f 3139/4369/3139 3141/4371/3141 3145/4377/3145
f 3060/4379/3060 3144/4376/3144 3066/4380/3066
f 3141/4371/3141 3146/4381/3146 3145/4377/3145
f 3142/4372/3142 3147/4382/3147 3144/4376/3144
f 3145/4377/3145 3147/4382/3147 3142/4372/3142
f 3148/4383/3148 3066/4380/3066 3144/4376/3144
f 2510/4378/2510 3149/4384/3149 3141/4371/3141
f 3148/4383/3148 3144/4376/3144 3147/4382/3147
f 3147/4382/3147 3145/4377/3145 3150/4385/3150
f 3150/4385/3150 3145/4377/3145 3146/4381/3146
f 2510/4378/2510 2527/4386/2527 3149/4384/3149
f 3141/4371/3141 3149/4384/3149 3146/4381/3146
f 3066/4380/3066 3148/4383/3148 3076/4387/3076
f 3147/4382/3147 3150/4385/3150 3148/4383/3148
f 2527/4386/2527 2539/4388/2539 3149/4384/3149
f 3146/4381/3146 3149/4384/3149 3151/4389/3151
f 3149/4384/3149 2539/4388/2539 3151/4389/3151
f 3151/4389/3151 3150/4385/3150 3146/4381/3146
f 3150/4385/3150 3152/4390/3152 3148/4383/3148
f 3148/4383/3148 3152/4390/3152 3076/4387/3076
f 2539/4388/2539 3153/4391/3153 3151/4389/3151
f 3151/4389/3151 3154/4392/3154 3150/4385/3150
f 3152/4390/3152 3150/4385/3150 3155/4393/3155
f 2539/4388/2539 2540/4394/2540 3153/4391/3153
f 3154/4392/3154 3151/4389/3151 3153/4391/3153
f 3152/4390/3152 3094/4395/3094 3076/4387/3076
f 3153/4391/3153 3156/4396/3156 3154/4392/3154
f 2540/4394/2540 2556/4397/2556 3153/4391/3153
f 3155/4393/3155 3150/4385/3150 3154/4392/3154
f 3156/4396/3156 3153/4391/3153 2556/4397/2556
f 3155/4393/3155 3157/4398/3157 3152/4390/3152
f 3094/4395/3094 3152/4390/3152 3157/4398/3157
f 3154/4392/3154 3158/4399/3158 3155/4393/3155
f 3154/4392/3154 3156/4396/3156 3158/4399/3158
f 3155/4393/3155 3159/4400/3159 3157/4398/3157
f 3157/4398/3157 3101/4401/3101 3094/4395/3094
f 3156/4396/3156 2556/4397/2556 3160/4402/3160
f 3155/4393/3155 3158/4399/3158 3159/4400/3159
f 3161/4403/3161 3157/4398/3157 3159/4400/3159
f 3101/4401/3101 3157/4398/3157 3161/4403/3161
f 3160/4402/3160 3158/4399/3158 3156/4396/3156
f 1902/4404/1902 1904/4405/1904 3162/4406/3162
f 1903/4407/1903 1901/4407/1901 3162/4407/3162
f 1903/4407/1903 3162/4407/3162 1904/4407/1904
f 1905/4408/1905 3162/4406/3162 1901/4409/1901
f 3162/4406/3162 1905/4408/1905 1902/4404/1902
f 3163/4410/3163 2168/4411/2168 2166/4412/2166
f 2199/4413/2199 3163/4410/3163 2166/4412/2166
f 2171/4414/2171 2168/4411/2168 3163/4410/3163
f 3164/4415/3164 2171/4414/2171 3163/4410/3163
f 2175/4416/2175 2171/4417/2171 3164/4418/3164
f 2173/4419/2173 2172/4420/2172 2170/4421/2170
f 3024/4422/3024 2175/4416/2175 3164/4418/3164
f 3026/4423/3026 3024/4422/3024 3164/4418/3164
f 3165/4424/3165 2173/4419/2173 2175/4425/2175
f 3165/4426/3165 2175/4416/2175 3024/4422/3024
f 3165/4426/3165 3024/4422/3024 3031/4427/3031
f 3031/4427/3031 3029/4428/3029 3166/4429/3166
f 3031/4430/3031 3024/4431/3024 3167/4432/3167
f 3167/4432/3167 3028/4433/3028 3031/4430/3031
f 2213/4434/2213 3168/4435/3168 3169/4436/3169
f 3170/4437/3170 3031/4427/3031 3166/4429/3166
f 2173/4419/2173 2845/4438/2845 2172/4420/2172
f 3171/4439/3171 3170/4440/3170 3166/4441/3166
f 3165/4426/3165 3031/4427/3031 3172/4442/3172
f 3173/4443/3173 3169/4436/3169 3168/4435/3168
f 2173/4419/2173 3165/4424/3165 3172/4444/3172
f 3170/4437/3170 3172/4442/3172 3031/4427/3031
f 3174/4445/3174 3170/4437/3170 3032/4446/3032
f 3172/4442/3172 3170/4437/3170 3174/4445/3174
f 2847/4447/2847 2845/4438/2845 2173/4419/2173
f 3173/4448/3173 3168/4449/3168 3175/4450/3175
f 3172/4444/3172 2847/4447/2847 2173/4419/2173
f 3176/4451/3176 2847/4447/2847 3172/4444/3172
f 3172/4442/3172 3174/4445/3174 3177/4452/3177
f 3176/4451/3176 3172/4444/3172 3177/4453/3177
f 3173/4448/3173 3177/4452/3177 3174/4445/3174
f 3178/4454/3178 3179/4455/3179 3176/4451/3176
f 3179/4455/3179 2847/4447/2847 3176/4451/3176
f 3178/4454/3178 3176/4451/3176 3177/4453/3177
f 3173/4448/3173 3175/4450/3175 3177/4452/3177
f 3175/4456/3175 3178/4454/3178 3177/4453/3177
f 3004/4457/3004 3003/4458/3003 3006/4459/3006
f 3108/4460/3108 3004/4457/3004 3006/4459/3006
f 3109/4461/3109 3108/4460/3108 3105/4462/3105
f 3017/4463/3017 3004/4457/3004 3108/4460/3108
f 3018/4464/3018 3108/4460/3108 3109/4461/3109
f 3017/4463/3017 3108/4460/3108 3018/4464/3018
f 3109/4461/3109 2985/4465/2985 3018/4464/3018
f 3018/4464/3018 2985/4465/2985 3020/4466/3020
f 1916/4467/1916 1905/4468/1905 3180/4469/3180
f 1918/4470/1918 1910/4471/1910 3180/4472/3180
f 1917/4473/1917 3180/4472/3180 1919/4474/1919
f 3180/4472/3180 1910/4471/1910 1919/4474/1919
f 1915/4475/1915 1916/4467/1916 3180/4469/3180
f 1915/4476/1915 3180/4472/3180 1917/4473/1917
f 1920/4477/1920 1917/4473/1917 1919/4474/1919
f 1918/4478/1918 1905/4479/1905 1915/4480/1915
f 1918/4478/1918 3180/4481/3180 1905/4479/1905
f 2889/4482/2889 3181/4483/3181 2887/4484/2887
f 3182/4485/3182 2894/4486/2894 2887/4484/2887
f 2887/4484/2887 3181/4483/3181 3182/4485/3182
f 3183/4487/3183 3182/4485/3182 3181/4483/3181
f 3184/4488/3184 3185/4489/3185 3181/4483/3181
f 3185/4489/3185 3183/4487/3183 3181/4483/3181
f 3186/4490/3186 3185/4489/3185 3184/4488/3184
f 3185/4489/3185 3186/4490/3186 3187/4491/3187
f 3188/4492/3188 3185/4489/3185 3187/4491/3187
f 3183/4487/3183 3185/4489/3185 3189/4493/3189
f 3189/4493/3189 3185/4489/3185 3188/4492/3188
f 3190/4494/3190 3187/4491/3187 3186/4490/3186
f 3191/4495/3191 3190/4494/3190 3186/4490/3186
f 3188/4492/3188 3187/4491/3187 3192/4496/3192
f 3187/4491/3187 3190/4494/3190 3192/4496/3192
f 3193/4497/3193 3192/4496/3192 3190/4494/3190
f 2889/4498/2889 3194/4499/3194 3181/4500/3181
f 3181/4500/3181 3194/4499/3194 3184/4501/3184
f 3194/4499/3194 2889/4498/2889 2892/4502/2892
f 3194/4499/3194 3195/4503/3195 3184/4501/3184
f 3196/4504/3196 3194/4499/3194 2892/4502/2892
f 3184/4501/3184 3195/4503/3195 3197/4505/3197
f 3184/4501/3184 3197/4505/3197 3186/4506/3186
f 3186/4506/3186 3197/4505/3197 3198/4507/3198
f 3197/4505/3197 3195/4503/3195 3199/4508/3199
f 3198/4507/3198 3200/4509/3200 3186/4506/3186
f 3191/4510/3191 3186/4506/3186 3200/4509/3200
f 3191/4510/3191 3201/4511/3201 3190/4512/3190
f 3191/4510/3191 3200/4509/3200 3201/4511/3201
f 3190/4512/3190 3201/4511/3201 3193/4513/3193
f 1822/4514/1822 1821/4515/1821 1925/4516/1925
f 1825/4517/1825 1822/4514/1822 1925/4516/1925
f 1825/4517/1825 1925/4516/1925 1940/4518/1940
f 1940/4518/1940 1830/4519/1830 1825/4517/1825
f 1952/4520/1952 1830/4519/1830 1940/4518/1940
f 2719/4521/2719 2202/4522/2202 2205/4523/2205
f 2722/4524/2722 2719/4521/2719 2205/4523/2205
f 2725/4525/2725 2722/4524/2722 3202/4526/3202
f 2205/4523/2205 2210/4527/2210 2722/4524/2722
f 2722/4524/2722 2210/4527/2210 3202/4526/3202
f 3202/4526/3202 2731/4528/2731 2725/4525/2725
f 3203/4529/3203 2210/4527/2210 2212/4530/2212
f 2210/4527/2210 3203/4529/3203 3202/4526/3202
f 3202/4526/3202 3204/4531/3204 2731/4528/2731
f 2731/4528/2731 3204/4531/3204 2729/4532/2729
f 2736/4533/2736 2737/4534/2737 2726/4535/2726
f 3205/4536/3205 2730/4537/2730 2733/4538/2733
f 2733/4538/2733 3206/4539/3206 3205/4536/3205
f 2734/4540/2734 2735/4541/2735 3207/4542/3207
f 2729/4532/2729 3208/4543/3208 2736/4533/2736
f 3203/4529/3203 2212/4530/2212 2215/4544/2215
f 3203/4529/3203 3209/4545/3209 3202/4526/3202
f 3210/4546/3210 2729/4532/2729 3204/4531/3204
f 3205/4536/3205 3206/4539/3206 3211/4547/3211
f 2735/4541/2735 2730/4537/2730 3205/4536/3205
f 2734/4540/2734 3207/4542/3207 2863/4548/2863
f 3212/4549/3212 3213/4550/3213 3214/4551/3214
f 3206/4539/3206 2733/4538/2733 3215/4552/3215
f 2219/4553/2219 3216/4554/3216 2215/4544/2215
f 3209/4545/3209 3203/4529/3203 2215/4544/2215
f 3204/4531/3204 3202/4526/3202 3209/4545/3209
f 2729/4532/2729 3210/4546/3210 3208/4543/3208
f 2735/4541/2735 3205/4536/3205 3211/4547/3211
f 3216/4554/3216 2219/4553/2219 3217/4555/3217
f 3209/4545/3209 3218/4556/3218 3204/4531/3204
f 3219/4557/3219 3207/4542/3207 2735/4541/2735
f 3216/4554/3216 3209/4545/3209 2215/4544/2215
f 3218/4556/3218 3210/4546/3210 3204/4531/3204
f 3219/4557/3219 2735/4541/2735 3211/4547/3211
f 3215/4552/3215 2733/4538/2733 2737/4534/2737
f 3220/4558/3220 3221/4559/3221 3222/4560/3222
f 3210/4546/3210 3223/4561/3223 3208/4543/3208
f 3224/4562/3224 3225/4563/3225 3223/4561/3223
f 3223/4561/3223 3226/4564/3226 3208/4543/3208
f 3227/4565/3227 3228/4566/3228 3225/4563/3225
f 3225/4563/3225 3229/4567/3229 3208/4543/3208
f 3216/4554/3216 3218/4556/3218 3209/4545/3209
f 3218/4556/3218 3224/4562/3224 3210/4546/3210
f 3224/4562/3224 3223/4561/3223 3210/4546/3210
f 3225/4563/3225 3224/4562/3224 3230/4568/3230
f 3227/4565/3227 3225/4563/3225 3230/4568/3230
f 3231/4569/3231 3223/4570/3223 3225/4571/3225
f 2736/4533/2736 3208/4543/3208 3232/4572/3232
f 3233/4573/3233 2737/4534/2737 2736/4533/2736
f 3222/4560/3222 3221/4559/3221 3214/4551/3214
f 3222/4560/3222 3211/4547/3211 3220/4558/3220
f 3207/4542/3207 2866/4574/2866 2863/4548/2863
f 3217/4555/3217 3234/4575/3234 3216/4554/3216
f 3229/4567/3229 3232/4572/3232 3208/4543/3208
f 3233/4573/3233 2736/4533/2736 3232/4572/3232
f 2737/4534/2737 3233/4573/3233 3215/4552/3215
f 3219/4557/3219 2866/4574/2866 3207/4542/3207
f 3216/4554/3216 3234/4575/3234 3218/4556/3218
f 3218/4556/3218 3234/4575/3234 3235/4576/3235
f 3218/4556/3218 3235/4576/3235 3224/4562/3224
f 3230/4568/3230 3224/4562/3224 3235/4576/3235
f 3222/4560/3222 3219/4557/3219 3211/4547/3211
f 3214/4551/3214 3213/4550/3213 3236/4577/3236
f 3236/4577/3236 3222/4560/3222 3214/4551/3214
f 3222/4560/3222 3237/4578/3237 3219/4557/3219
f 3236/4577/3236 3237/4578/3237 3222/4560/3222
f 3236/4577/3236 3238/4579/3238 3237/4578/3237
f 2866/4574/2866 3237/4578/3237 3238/4579/3238
f 2866/4574/2866 3219/4557/3219 3237/4578/3237
f 2866/4574/2866 3238/4579/3238 2867/4580/2867
f 3211/4547/3211 3206/4539/3206 3220/4558/3220
f 2894/4581/2894 3182/4582/3182 3196/4583/3196
f 3196/4583/3196 2892/4584/2892 2894/4581/2894
f 3196/4583/3196 3195/4585/3195 3194/4586/3194
f 3182/4582/3182 3183/4587/3183 3239/4588/3239
f 3239/4588/3239 3196/4583/3196 3182/4582/3182
f 3199/4589/3199 3195/4585/3195 3196/4583/3196
f 3183/4587/3183 3189/4590/3189 3239/4588/3239
f 3240/4591/3240 3189/4590/3189 3188/4592/3188
f 3239/4588/3239 3199/4589/3199 3196/4583/3196
f 3199/4589/3199 3240/4591/3240 3197/4593/3197
f 3239/4588/3239 3240/4591/3240 3199/4589/3199
f 3239/4588/3239 3189/4590/3189 3240/4591/3240
f 3197/4593/3197 3240/4591/3240 3198/4594/3198
f 3188/4592/3188 3192/4595/3192 3240/4591/3240
f 3241/4596/3241 3200/4597/3200 3198/4594/3198
f 3240/4591/3240 3241/4596/3241 3198/4594/3198
f 3240/4591/3240 3192/4595/3192 3241/4596/3241
f 3192/4595/3192 3193/4598/3193 3241/4596/3241
f 3241/4596/3241 3193/4598/3193 3201/4599/3201
f 3241/4596/3241 3201/4599/3201 3200/4597/3200
f 2209/4600/2209 3163/4601/3163 2199/4602/2199
f 3164/4603/3164 3163/4601/3163 2209/4600/2209
f 2209/4600/2209 3026/4604/3026 3164/4603/3164
f 3242/4605/3242 2930/4606/2930 3243/4607/3243
f 3243/4607/3243 2930/4606/2930 2932/4608/2932
f 2934/4609/2934 2930/4606/2930 3242/4605/3242
f 2208/4610/2208 3026/4604/3026 2209/4600/2209
f 2932/4608/2932 3244/4611/3244 3243/4607/3243
f 3242/4605/3242 3243/4607/3243 3245/4612/3245
f 3244/4611/3244 2932/4608/2932 3246/4613/3246
f 2932/4608/2932 2935/4614/2935 3246/4613/3246
f 3167/4615/3167 3026/4604/3026 3247/4616/3247
f 3247/4616/3247 3026/4604/3026 2208/4610/2208
f 2934/4609/2934 3242/4605/3242 2940/4617/2940
f 3167/4615/3167 3029/4618/3029 3026/4604/3026
f 3244/4611/3244 3245/4612/3245 3243/4607/3243
f 3028/4619/3028 3167/4615/3167 3247/4616/3247
f 2214/4620/2214 3247/4616/3247 2208/4610/2208
f 2941/4621/2941 2860/4622/2860 2864/4623/2864
f 3248/4624/3248 3245/4612/3245 3244/4611/3244
f 2214/4620/2214 2936/4625/2936 2943/4626/2943
f 3245/4612/3245 2940/4617/2940 3242/4605/3242
f 3246/4613/3246 2935/4614/2935 3249/4627/3249
f 2935/4614/2935 2939/4628/2939 3249/4627/3249
f 3250/4629/3250 2939/4628/2939 2938/4630/2938
f 3251/4631/3251 3250/4629/3250 2942/4632/2942
f 2941/4621/2941 3251/4631/3251 2942/4632/2942
f 3251/4631/3251 2941/4621/2941 2864/4623/2864
f 3245/4612/3245 3248/4624/3248 3252/4633/3252
f 3244/4611/3244 3212/4634/3212 3248/4624/3248
f 3244/4611/3244 3246/4613/3246 3212/4634/3212
f 2938/4630/2938 2942/4632/2942 3250/4629/3250
f 3032/4635/3032 3028/4619/3028 3247/4616/3247
f 3245/4612/3245 3253/4636/3253 2940/4617/2940
f 3245/4612/3245 3252/4633/3252 3254/4637/3254
f 3249/4627/3249 3212/4634/3212 3246/4613/3246
f 3174/4638/3174 3032/4635/3032 3247/4616/3247
f 2217/4639/2217 3169/4640/3169 3255/4641/3255
f 2943/4626/2943 2937/4642/2937 3253/4636/3253
f 2937/4642/2937 2940/4617/2940 3253/4636/3253
f 3248/4624/3248 3221/4643/3221 3252/4633/3252
f 3250/4629/3250 3249/4627/3249 2939/4628/2939
f 3169/4640/3169 3173/4644/3173 3255/4641/3255
f 3256/4645/3256 3174/4638/3174 3247/4616/3247
f 2219/4646/2219 3247/4616/3247 2214/4620/2214
f 3228/4647/3228 3252/4633/3252 3221/4643/3221
f 3221/4643/3221 3248/4624/3248 3212/4634/3212
f 3212/4634/3212 3214/4648/3214 3221/4643/3221
f 3213/4649/3213 3212/4634/3212 3249/4627/3249
f 3169/4640/3169 2217/4639/2217 2213/4650/2213
f 2219/4646/2219 3256/4645/3256 3247/4616/3247
f 3217/4651/3217 2214/4620/2214 2943/4626/2943
f 3254/4637/3254 3252/4633/3252 3257/4652/3257
f 2219/4646/2219 2214/4620/2214 3217/4651/3217
f 3257/4652/3257 3252/4633/3252 3228/4647/3228
f 3215/4653/3215 3220/4654/3220 3206/4655/3206
f 3255/4641/3255 3173/4644/3173 3256/4645/3256
f 2218/4656/2218 3255/4641/3255 3256/4645/3256
f 2219/4646/2219 2218/4656/2218 3256/4645/3256
f 2218/4656/2218 2216/4657/2216 3255/4641/3255
f 2943/4626/2943 3253/4636/3253 3217/4651/3217
f 3173/4644/3173 3174/4638/3174 3256/4645/3256
f 3245/4612/3245 3254/4637/3254 3253/4636/3253
f 2216/4657/2216 2217/4639/2217 3255/4641/3255
f 3228/4647/3228 3221/4643/3221 3258/4658/3258
f 3253/4636/3253 3235/4659/3235 3217/4651/3217
f 3254/4637/3254 3235/4659/3235 3253/4636/3253
f 3221/4643/3221 3220/4654/3220 3258/4658/3258
f 2865/4660/2865 3251/4631/3251 2864/4623/2864
f 3257/4652/3257 3228/4647/3228 3227/4661/3227
f 3228/4647/3228 3258/4658/3258 3229/4662/3229
f 3232/4663/3232 3258/4658/3258 3220/4654/3220
f 3213/4649/3213 3249/4627/3249 3259/4664/3259
f 3215/4653/3215 3233/4665/3233 3220/4654/3220
f 3250/4629/3250 3251/4631/3251 3259/4664/3259
f 3254/4637/3254 3257/4652/3257 3235/4659/3235
f 3257/4652/3257 3230/4666/3230 3235/4659/3235
f 3258/4658/3258 3232/4663/3232 3229/4662/3229
f 3232/4663/3232 3220/4654/3220 3233/4665/3233
f 3259/4664/3259 3249/4627/3249 3250/4629/3250
f 3217/4651/3217 3235/4659/3235 3234/4667/3234
f 3236/4668/3236 3213/4649/3213 3259/4664/3259
f 3251/4631/3251 2865/4660/2865 3260/4669/3260
f 3260/4669/3260 3259/4664/3259 3251/4631/3251
f 3238/4670/3238 3260/4669/3260 2867/4671/2867
f 2865/4660/2865 2867/4671/2867 3260/4669/3260
f 3236/4668/3236 3259/4664/3259 3260/4669/3260
f 3260/4669/3260 3238/4670/3238 3236/4668/3236
f 3225/4672/3225 3228/4647/3228 3229/4662/3229
f 2642/4673/2642 2647/4674/2647 2643/4675/2643
f 2643/4675/2643 2647/4674/2647 2649/4676/2649
f 2649/4676/2649 2647/4674/2647 3261/4677/3261
f 3261/4677/3261 2647/4674/2647 2659/4678/2659
f 2661/4679/2661 2649/4676/2649 3261/4677/3261
f 2659/4678/2659 2664/4680/2664 3261/4677/3261
f 3261/4677/3261 2664/4680/2664 2661/4679/2661
f 2664/4680/2664 2665/4681/2665 2661/4679/2661
f 2664/4680/2664 2666/4682/2666 2665/4681/2665
f 2672/4683/2672 2665/4681/2665 2666/4682/2666
f 2678/4684/2678 2667/4685/2667 2672/4683/2672
f 2672/4683/2672 2666/4682/2666 2678/4684/2678
f 1907/4686/1907 1939/4687/1939 1993/4688/1993
f 1993/4688/1993 1939/4687/1939 2003/4689/2003
f 2003/4689/2003 1939/4687/1939 1955/4690/1955
f 3262/4691/3262 3263/4692/3263 2519/4693/2519
f 2523/4694/2523 2516/4695/2516 3264/4696/3264
f 2515/4697/2515 2519/4693/2519 3263/4692/3263
f 2519/4693/2519 2523/4694/2523 3262/4691/3262
f 2523/4694/2523 3264/4696/3264 3262/4691/3262
f 2394/4698/2394 2400/4699/2400 2396/4700/2396
f 2398/4701/2398 3265/4702/3265 2397/4703/2397
f 3265/4702/3265 2395/4704/2395 2397/4703/2397
f 3264/4696/3264 2516/4695/2516 2526/4705/2526
f 3263/4692/3263 2648/4706/2648 2515/4697/2515
f 2526/4705/2526 3266/4707/3266 3264/4696/3264
f 3267/4708/3267 2400/4699/2400 2395/4704/2395
f 3268/4709/3268 2433/4710/2433 2434/4711/2434
f 2437/4712/2437 3268/4709/3268 2434/4711/2434
f 3269/4713/3269 2400/4699/2400 3267/4708/3267
f 2149/4714/2149 3270/4715/3270 2148/4716/2148
f 2147/4717/2147 2148/4716/2148 3270/4715/3270
f 2526/4705/2526 3271/4718/3271 3266/4707/3266
f 2400/4699/2400 2399/4719/2399 2396/4700/2396
f 2147/4717/2147 3270/4715/3270 2398/4701/2398
f 2398/4701/2398 3272/4720/3272 3265/4702/3265
f 3267/4708/3267 2395/4704/2395 3265/4702/3265
f 3267/4708/3267 3273/4721/3273 3269/4713/3269
f 3266/4707/3266 3274/4722/3274 3264/4696/3264
f 3275/4723/3275 2400/4699/2400 3269/4713/3269
f 3276/4724/3276 3268/4709/3268 2437/4712/2437
f 3277/4725/3277 3278/4726/3278 3279/4727/3279
f 3272/4720/3272 3279/4727/3279 3265/4702/3265
f 3265/4702/3265 3279/4727/3279 3273/4721/3273
f 3263/4692/3263 3262/4691/3262 3264/4696/3264
f 3273/4721/3273 3267/4708/3267 3265/4702/3265
f 3280/4728/3280 3269/4713/3269 3273/4721/3273
f 3281/4729/3281 2400/4699/2400 3275/4723/3275
f 3281/4729/3281 2399/4719/2399 2400/4699/2400
f 2526/4705/2526 2435/4730/2435 3271/4718/3271
f 2436/4731/2436 3276/4724/3276 2437/4712/2437
f 2149/4714/2149 2651/4732/2651 3282/4733/3282
f 3282/4733/3282 2651/4732/2651 3277/4725/3277
f 2653/4734/2653 3277/4725/3277 2651/4732/2651
f 3282/4733/3282 3277/4725/3277 3279/4727/3279
f 3263/4692/3263 2655/4735/2655 2648/4706/2648
f 3279/4727/3279 3272/4720/3272 3282/4733/3282
f 3283/4736/3283 3263/4692/3263 3264/4696/3264
f 3284/4737/3284 3285/4738/3285 3279/4727/3279
f 3280/4728/3280 3279/4727/3279 3285/4738/3285
f 3283/4736/3283 3274/4722/3274 3285/4738/3285
f 3280/4728/3280 3285/4738/3285 3274/4722/3274
f 3274/4722/3274 3286/4739/3286 3280/4728/3280
f 3286/4739/3286 3269/4713/3269 3280/4728/3280
f 3271/4718/3271 2435/4730/2435 2433/4710/2433
f 3270/4715/3270 2149/4714/2149 3282/4733/3282
f 3270/4715/3270 3272/4720/3272 2398/4701/2398
f 3279/4727/3279 3280/4728/3280 3273/4721/3273
f 3266/4707/3266 3287/4740/3287 3274/4722/3274
f 2401/4741/2401 2399/4719/2399 3281/4729/3281
f 3288/4742/3288 3276/4724/3276 2436/4731/2436
f 2436/4731/2436 2401/4741/2401 3288/4742/3288
f 3272/4720/3272 3270/4715/3270 3282/4733/3282
f 3277/4725/3277 2653/4734/2653 3278/4726/3278
f 3284/4737/3284 3279/4727/3279 3278/4726/3278
f 3284/4737/3284 3263/4692/3263 3283/4736/3283
f 3283/4736/3283 3264/4696/3264 3274/4722/3274
f 3269/4713/3269 3286/4739/3286 3275/4723/3275
f 3286/4739/3286 3274/4722/3274 3287/4740/3287
f 3281/4729/3281 3288/4742/3288 2401/4741/2401
f 3288/4742/3288 3275/4723/3275 3276/4724/3276
f 3285/4738/3285 3284/4737/3284 3283/4736/3283
f 3266/4707/3266 3271/4718/3271 3287/4740/3287
f 3275/4723/3275 3288/4742/3288 3281/4729/3281
f 2655/4735/2655 3278/4726/3278 2653/4734/2653
f 3278/4726/3278 2655/4735/2655 3263/4692/3263
f 3278/4726/3278 3263/4692/3263 3284/4737/3284
f 3275/4723/3275 3286/4739/3286 3289/4743/3289
f 3287/4740/3287 3271/4718/3271 3290/4744/3290
f 3271/4718/3271 2433/4710/2433 3290/4744/3290
f 2433/4710/2433 3268/4709/3268 3290/4744/3290
f 3276/4724/3276 3290/4744/3290 3268/4709/3268
f 3287/4740/3287 3289/4743/3289 3286/4739/3286
f 3289/4743/3289 3276/4724/3276 3275/4723/3275
f 3276/4724/3276 3289/4743/3289 3290/4744/3290
f 3287/4740/3287 3290/4744/3290 3289/4743/3289
f 2812/4745/2812 2813/4746/2813 3291/4747/3291
f 3291/4747/3291 2814/4748/2814 2812/4745/2812
f 3291/4747/3291 2813/4746/2813 2899/4749/2899
f 2320/4750/2320 2321/4751/2321 2318/4752/2318
f 3292/4753/3292 2320/4750/2320 2324/4754/2324
f 2320/4750/2320 3292/4753/3292 2321/4751/2321
f 2895/4755/2895 2315/4756/2315 2321/4751/2321
f 2814/4748/2814 3293/4757/3293 2818/4758/2818
f 2814/4748/2814 3291/4747/3291 3293/4757/3293
f 2900/4759/2900 3294/4760/3294 2899/4749/2899
f 2900/4759/2900 2899/4749/2899 2897/4761/2897
f 2899/4749/2899 3295/4762/3295 3291/4747/3291
f 2321/4751/2321 2901/4763/2901 2895/4755/2895
f 2900/4759/2900 2898/4764/2898 3296/4765/3296
f 3297/4766/3297 3292/4753/3292 2324/4754/2324
f 3295/4762/3295 3293/4757/3293 3291/4747/3291
f 2901/4763/2901 2321/4751/2321 3292/4753/3292
f 2818/4758/2818 3293/4757/3293 3298/4767/3298
f 3293/4757/3293 3299/4768/3299 3298/4767/3298
f 2899/4749/2899 3294/4760/3294 3295/4762/3295
f 2900/4759/2900 3296/4765/3296 3294/4760/3294
f 2817/4769/2817 2819/4770/2819 3300/4771/3300
f 3301/4772/3301 2327/4773/2327 2326/4774/2326
f 2818/4758/2818 3298/4767/3298 2819/4770/2819
f 2324/4754/2324 2327/4773/2327 3302/4775/3302
f 2324/4754/2324 3302/4775/3302 3297/4766/3297
f 3303/4776/3303 3299/4768/3299 3293/4757/3293
f 3300/4771/3300 2816/4777/2816 2817/4769/2817
f 3298/4767/3298 3299/4768/3299 3304/4778/3304
f 3305/4779/3305 3304/4778/3304 3299/4768/3299
f 3305/4779/3305 3299/4768/3299 3306/4780/3306
f 3307/4781/3307 3306/4780/3306 3297/4766/3297
f 3303/4776/3303 3306/4780/3306 3299/4768/3299
f 3308/4782/3308 3297/4766/3297 3306/4780/3306
f 3303/4776/3303 3309/4783/3309 3306/4780/3306
f 3297/4766/3297 3308/4782/3308 3292/4753/3292
f 3295/4762/3295 3294/4760/3294 3309/4783/3309
f 3296/4765/3296 2898/4764/2898 2901/4763/2901
f 3302/4775/3302 3307/4781/3307 3297/4766/3297
f 3305/4779/3305 3306/4780/3306 3307/4781/3307
f 3295/4762/3295 3303/4776/3303 3293/4757/3293
f 3310/4784/3310 2326/4774/2326 2325/4785/2325
f 2819/4770/2819 3311/4786/3311 3300/4771/3300
f 3301/4772/3301 3302/4775/3302 2327/4773/2327
f 3302/4775/3302 3301/4772/3301 3307/4781/3307
f 3309/4783/3309 3308/4782/3308 3306/4780/3306
f 3295/4762/3295 3309/4783/3309 3303/4776/3303
f 3310/4784/3310 3301/4772/3301 2326/4774/2326
f 3312/4787/3312 3307/4781/3307 3301/4772/3301
f 3313/4788/3313 3298/4767/3298 3304/4778/3304
f 3294/4760/3294 3296/4765/3296 3309/4783/3309
f 3313/4788/3313 2819/4770/2819 3298/4767/3298
f 3307/4781/3307 3312/4787/3312 3305/4779/3305
f 3312/4787/3312 3304/4778/3304 3305/4779/3305
f 3314/4789/3314 2901/4763/2901 3292/4753/3292
f 2596/4790/2596 2597/4791/2597 3315/4792/3315
f 2594/4793/2594 3316/4794/3316 2600/4795/2600
f 3310/4784/3310 2325/4785/2325 2599/4796/2599
f 2594/4793/2594 2816/4777/2816 3316/4794/3316
f 2816/4777/2816 3300/4771/3300 3316/4794/3316
f 3312/4787/3312 3317/4797/3317 3304/4778/3304
f 3304/4778/3304 3311/4786/3311 3313/4788/3313
f 3318/4798/3318 3319/4799/3319 3315/4792/3315
f 3319/4799/3319 3301/4772/3301 3310/4784/3310
f 3318/4798/3318 3301/4772/3301 3319/4799/3319
f 3300/4771/3300 3311/4786/3311 3317/4797/3317
f 3311/4786/3311 3304/4778/3304 3317/4797/3317
f 2819/4770/2819 3313/4788/3313 3311/4786/3311
f 3309/4783/3309 3296/4765/3296 3314/4789/3314
f 3296/4765/3296 2901/4763/2901 3314/4789/3314
f 2599/4796/2599 2598/4800/2598 3319/4799/3319
f 3319/4799/3319 2596/4790/2596 3315/4792/3315
f 3310/4784/3310 2599/4796/2599 3319/4799/3319
f 3317/4797/3317 3318/4798/3318 3315/4792/3315
f 3316/4794/3316 3300/4771/3300 3317/4797/3317
f 3318/4798/3318 3312/4787/3312 3301/4772/3301
f 3317/4797/3317 3312/4787/3312 3318/4798/3318
f 3314/4789/3314 3308/4782/3308 3309/4783/3309
f 3308/4782/3308 3314/4789/3314 3292/4753/3292
f 2600/4795/2600 3320/4801/3320 2597/4791/2597
f 2596/4790/2596 3319/4799/3319 2598/4800/2598
f 3320/4801/3320 3315/4792/3315 2597/4791/2597
f 2600/4795/2600 3316/4794/3316 3320/4801/3320
f 3315/4792/3315 3320/4801/3320 3317/4797/3317
f 3316/4794/3316 3317/4797/3317 3320/4801/3320
f 2988/4802/2988 2990/4803/2990 3027/4804/3027
f 3117/4805/3117 3114/4806/3114 3118/4807/3118
f 3117/4805/3117 3118/4807/3118 3119/4808/3119
f 2988/4802/2988 3027/4804/3027 3321/4809/3321
f 3322/4810/3322 3166/4811/3166 3117/4805/3117
f 3029/4812/3029 3117/4805/3117 3166/4811/3166
f 3024/4813/3024 3117/4805/3117 3029/4812/3029
f 3167/4814/3167 3024/4813/3024 3029/4812/3029
f 3117/4805/3117 3119/4808/3119 3322/4810/3322
f 2988/4802/2988 3321/4809/3321 2991/4815/2991
f 3027/4804/3027 3030/4816/3030 3321/4809/3321
f 3166/4811/3166 3322/4810/3322 3323/4817/3323
f 3030/4816/3030 3171/4818/3171 3321/4809/3321
f 3324/4819/3324 3120/4820/3120 2992/4821/2992
f 3171/4818/3171 3166/4811/3166 3323/4817/3323
f 3321/4809/3321 3171/4818/3171 3325/4822/3325
f 2991/4815/2991 3324/4819/3324 2992/4821/2992
f 3325/4822/3325 3171/4818/3171 3323/4817/3323
f 3030/4816/3030 3032/4823/3032 3171/4818/3171
f 2991/4815/2991 3321/4809/3321 3324/4819/3324
f 3032/4823/3032 3170/4824/3170 3171/4818/3171
f 3324/4819/3324 3122/4825/3122 3120/4820/3120
f 3121/4826/3121 3323/4817/3323 3322/4810/3322
f 3325/4822/3325 3323/4817/3323 3122/4825/3122
f 3121/4826/3121 3322/4810/3322 3119/4808/3119
f 3323/4817/3323 3121/4826/3121 3122/4825/3122
f 3325/4822/3325 3122/4825/3122 3324/4819/3324
f 3324/4819/3324 3321/4809/3321 3325/4822/3325
f 3225/4827/3225 3208/4828/3208 3226/4829/3226
f 3227/4830/3227 3223/4831/3223 3231/4832/3231
f 3231/4833/3231 3225/4827/3225 3226/4829/3226
f 3226/4829/3226 3326/4834/3326 3231/4833/3231
f 3257/4835/3257 3227/4836/3227 3327/4837/3327
f 3227/4836/3227 3231/4833/3231 3327/4837/3327
f 3326/4834/3326 3327/4837/3327 3231/4833/3231
f 3327/4837/3327 3326/4834/3326 3328/4838/3328
f 3328/4838/3328 3329/4839/3329 3327/4837/3327
f 3330/4840/3330 3331/4841/3331 3326/4834/3326
f 3332/4842/3332 3333/4843/3333 3327/4837/3327
f 3329/4839/3329 3332/4842/3332 3327/4837/3327
f 3334/4844/3334 3332/4842/3332 3329/4839/3329
f 3333/4843/3333 3332/4842/3332 3335/4845/3335
f 3329/4839/3329 3336/4846/3336 3334/4844/3334
f 3329/4839/3329 3328/4838/3328 3336/4846/3336
f 3328/4838/3328 3326/4834/3326 3337/4847/3337
f 3333/4843/3333 3335/4845/3335 3338/4848/3338
f 3326/4834/3326 3331/4841/3331 3337/4847/3337
f 3339/4849/3339 3332/4842/3332 3334/4844/3334
f 3330/4840/3330 3340/4850/3340 3331/4841/3331
f 3335/4845/3335 3332/4842/3332 3341/4851/3341
f 3339/4849/3339 3341/4851/3341 3332/4842/3332
f 3328/4838/3328 3342/4852/3342 3336/4846/3336
f 3342/4852/3342 3343/4853/3343 3336/4846/3336
f 3334/4844/3334 3336/4846/3336 3344/4854/3344
f 3336/4846/3336 3343/4853/3343 3344/4854/3344
f 3342/4852/3342 3328/4838/3328 3345/4855/3345
f 3337/4847/3337 3345/4855/3345 3328/4838/3328
f 3338/4848/3338 3335/4845/3335 3346/4856/3346
f 3347/4857/3347 3348/4858/3348 3349/4859/3349
f 3344/4854/3344 3339/4849/3339 3334/4844/3334
f 3350/4860/3350 3341/4851/3341 3339/4849/3339
f 3349/4859/3349 3351/4861/3351 3347/4857/3347
f 3352/4862/3352 3353/4863/3353 3348/4858/3348
f 3346/4856/3346 3354/4864/3354 3338/4848/3338
f 3348/4858/3348 3353/4863/3353 3349/4859/3349
f 3355/4865/3355 3352/4862/3352 3356/4866/3356
f 3344/4854/3344 3350/4860/3350 3339/4849/3339
f 3357/4867/3357 3337/4847/3337 3331/4841/3331
f 3340/4850/3340 3357/4867/3357 3331/4841/3331
f 3358/4868/3358 3356/4869/3356 3359/4870/3359
f 3358/4871/3358 3355/4865/3355 3356/4866/3356
f 3337/4847/3337 3357/4867/3357 3345/4855/3345
f 3360/4872/3360 3335/4845/3335 3341/4851/3341
f 3361/4873/3361 3362/4874/3362 3363/4875/3363
f 3341/4851/3341 3350/4860/3350 3360/4872/3360
f 3364/4876/3364 3361/4873/3361 3358/4868/3358
f 3361/4873/3361 3363/4875/3363 3358/4868/3358
f 3365/4877/3365 3355/4865/3355 3358/4871/3358
f 3366/4878/3366 3358/4868/3358 3359/4870/3359
f 3353/4863/3353 3352/4862/3352 3355/4865/3355
f 3364/4876/3364 3358/4868/3358 3366/4878/3366
f 3367/4879/3367 3368/4880/3368 3351/4861/3351
f 3351/4861/3351 3349/4859/3349 3367/4879/3367
f 3369/4881/3369 3361/4873/3361 3364/4876/3364
f 3335/4845/3335 3360/4872/3360 3346/4856/3346
f 3353/4863/3353 3355/4865/3355 3370/4882/3370
f 3371/4883/3371 3355/4865/3355 3365/4877/3365
f 3369/4881/3369 3364/4876/3364 3366/4878/3366
f 3372/4884/3372 3345/4855/3345 3357/4867/3357
f 3373/4885/3373 3357/4867/3357 3340/4850/3340
f 3374/4886/3374 3369/4881/3369 3366/4878/3366
f 3355/4865/3355 3371/4883/3371 3370/4882/3370
f 3372/4884/3372 3375/4887/3375 3376/4888/3376
f 3377/4889/3377 3360/4872/3360 3350/4860/3350
f 3354/4864/3354 3346/4856/3346 3378/4890/3378
f 3340/4850/3340 3379/4891/3379 3380/4892/3380
f 3357/4867/3357 3375/4887/3375 3372/4884/3372
f 3373/4885/3373 3340/4850/3340 3380/4892/3380
f 3381/4893/3381 3376/4888/3376 3375/4887/3375
f 3367/4879/3367 3349/4859/3349 3382/4894/3382
f 3383/4895/3383 3370/4882/3370 3371/4883/3371
f 3384/4896/3384 3383/4895/3383 3371/4883/3371
f 3385/4897/3385 3375/4887/3375 3357/4867/3357
f 3353/4863/3353 3370/4882/3370 3386/4898/3386
f 3367/4879/3367 3387/4899/3387 3368/4880/3368
f 3388/4900/3388 3385/4897/3385 3357/4867/3357
f 3349/4859/3349 3353/4863/3353 3382/4894/3382
f 3375/4887/3375 3385/4897/3385 3381/4893/3381
f 3389/4901/3389 3370/4882/3370 3383/4895/3383
f 3346/4856/3346 3390/4902/3390 3378/4890/3378
f 3382/4894/3382 3353/4863/3353 3391/4903/3391
f 3389/4901/3389 3386/4898/3386 3370/4882/3370
f 3377/4889/3377 3390/4902/3390 3360/4872/3360
f 3387/4899/3387 3367/4879/3367 3392/4904/3392
f 3360/4872/3360 3390/4902/3390 3346/4856/3346
f 3385/4897/3385 3393/4905/3393 3381/4893/3381
f 3353/4863/3353 3386/4898/3386 3391/4903/3391
f 3394/4906/3394 3367/4879/3367 3382/4894/3382
f 3395/4907/3395 3393/4905/3393 3385/4897/3385
f 3373/4885/3373 3380/4892/3380 3396/4908/3396
f 3388/4900/3388 3395/4907/3395 3385/4897/3385
f 3392/4904/3392 3367/4879/3367 3394/4906/3394
f 3391/4903/3391 3386/4898/3386 3397/4909/3397
f 3387/4899/3387 3392/4904/3392 3398/4910/3398
f 3399/4911/3399 3397/4909/3397 3386/4898/3386
f 3399/4911/3399 3386/4898/3386 3389/4901/3389
f 3397/4912/3397 3399/4913/3399 3400/4914/3400
f 3401/4915/3401 3391/4903/3391 3397/4909/3397
f 3390/4902/3390 3402/4916/3402 3378/4890/3378
f 3403/4917/3403 3395/4907/3395 3388/4900/3388
f 3390/4902/3390 3377/4889/3377 3404/4918/3404
f 3405/4919/3405 3391/4903/3391 3401/4915/3401
f 3382/4894/3382 3391/4903/3391 3406/4920/3406
f 3407/4921/3407 3396/4908/3396 3380/4892/3380
f 3408/4922/3408 3395/4907/3395 3403/4917/3403
f 3398/4910/3398 3392/4904/3392 3409/4923/3409
f 3392/4904/3392 3394/4906/3394 3409/4923/3409
f 3410/4924/3410 3393/4905/3393 3395/4907/3395
f 3394/4906/3394 3382/4894/3382 3406/4920/3406
f 3390/4902/3390 3404/4918/3404 3411/4925/3411
f 3412/4926/3412 3404/4927/3404 3398/4910/3398
f 3390/4902/3390 3411/4925/3411 3402/4916/3402
f 3406/4920/3406 3391/4903/3391 3405/4919/3405
f 3409/4923/3409 3394/4906/3394 3413/4928/3413
f 3406/4920/3406 3405/4919/3405 3414/4929/3414
f 3411/4925/3411 3404/4918/3404 3415/4930/3415
f 3394/4906/3394 3406/4920/3406 3413/4928/3413
f 3416/4931/3416 3404/4927/3404 3412/4926/3412
f 3415/4930/3415 3404/4918/3404 3416/4932/3416
f 3412/4926/3412 3398/4910/3398 3409/4923/3409
f 3414/4929/3414 3417/4933/3417 3406/4920/3406
f 3417/4933/3417 3414/4929/3414 3418/4934/3418
f 3419/4935/3419 3410/4924/3410 3395/4907/3395
f 3408/4922/3408 3420/4936/3420 3395/4907/3395
f 3420/4936/3420 3419/4935/3419 3395/4907/3395
f 3421/4937/3421 3396/4908/3396 3407/4921/3407
f 3422/4938/3422 3420/4936/3420 3408/4922/3408
f 3412/4926/3412 3409/4923/3409 3423/4939/3423
f 3423/4939/3423 3415/4940/3415 3412/4926/3412
f 3411/4941/3411 3415/4940/3415 3424/4942/3424
f 3406/4920/3406 3425/4943/3425 3413/4928/3413
f 3426/4944/3426 3427/4945/3427 3428/4946/3428
f 3417/4933/3417 3429/4947/3429 3406/4920/3406
f 3407/4921/3407 3426/4944/3426 3421/4937/3421
f 3426/4944/3426 3430/4948/3430 3421/4937/3421
f 3426/4944/3426 3407/4921/3407 3431/4949/3431
f 3432/4950/3432 3415/4940/3415 3423/4939/3423
f 3424/4942/3424 3415/4940/3415 3432/4950/3432
f 3409/4923/3409 3432/4950/3432 3423/4939/3423
f 3409/4923/3409 3413/4928/3413 3432/4950/3432
f 3433/4951/3433 3425/4943/3425 3406/4920/3406
f 3433/4951/3433 3406/4920/3406 3429/4947/3429
f 3434/4952/3434 3433/4951/3433 3429/4947/3429
f 3427/4945/3427 3426/4944/3426 3435/4953/3435
f 3434/4952/3434 3429/4947/3429 3436/4954/3436
f 3437/4955/3437 3438/4956/3438 3429/4947/3429
f 3429/4947/3429 3438/4956/3438 3436/4954/3436
f 3426/4944/3426 3431/4949/3431 3439/4957/3439
f 3440/4958/3440 3424/4942/3424 3432/4950/3432
f 3413/4928/3413 3425/4943/3425 3432/4950/3432
f 3438/4956/3438 3435/4959/3435 3441/4960/3441
f 3436/4954/3436 3442/4961/3442 3425/4943/3425
f 3441/4962/3441 3426/4944/3426 3439/4957/3439
f 3442/4961/3442 3436/4954/3436 3438/4956/3438
f 3441/4962/3441 3435/4953/3435 3426/4944/3426
f 3438/4956/3438 3441/4960/3441 3442/4961/3442
f 3425/4943/3425 3442/4961/3442 3432/4950/3432
f 3441/4960/3441 3443/4963/3443 3442/4961/3442
f 3432/4950/3432 3442/4961/3442 3444/4964/3444
f 3432/4950/3432 3444/4964/3444 3440/4958/3440
f 3439/4957/3439 3445/4965/3445 3441/4962/3441
f 3443/4963/3443 3441/4960/3441 3445/4966/3445
f 3446/4967/3446 3442/4961/3442 3443/4963/3443
f 3444/4964/3444 3442/4961/3442 3446/4967/3446
f 3227/4968/3227 3447/4969/3447 3223/4970/3223
f 3223/4970/3223 3447/4969/3447 3226/4971/3226
f 3226/4971/3226 3447/4969/3447 3326/4972/3326
f 3227/4968/3227 3230/4973/3230 3447/4969/3447
f 3327/4974/3327 3230/4973/3230 3257/4975/3257
f 3230/4973/3230 3327/4974/3327 3447/4969/3447
f 3448/4976/3448 3326/4972/3326 3447/4969/3447
f 3327/4974/3327 3333/4977/3333 3447/4969/3447
f 3330/4978/3330 3326/4972/3326 3448/4976/3448
f 3333/4977/3333 3449/4979/3449 3447/4969/3447
f 3450/4980/3450 3448/4976/3448 3447/4969/3447
f 3450/4980/3450 3447/4969/3447 3449/4979/3449
f 3330/4978/3330 3451/4981/3451 3340/4982/3340
f 3333/4977/3333 3452/4983/3452 3449/4979/3449
f 3450/4980/3450 3449/4979/3449 3453/4984/3453
f 3330/4978/3330 3448/4976/3448 3451/4981/3451
f 3333/4977/3333 3338/4985/3338 3454/4986/3454
f 3448/4976/3448 3450/4980/3450 3455/4987/3455
f 3453/4984/3453 3449/4979/3449 3456/4988/3456
f 3456/4988/3456 3449/4979/3449 3452/4983/3452
f 3333/4977/3333 3454/4986/3454 3452/4983/3452
f 3457/4989/3457 3451/4981/3451 3448/4976/3448
f 3340/4990/3340 3451/4991/3451 3379/4992/3379
f 3457/4989/3457 3458/4993/3458 3451/4981/3451
f 3457/4989/3457 3448/4976/3448 3455/4987/3455
f 3451/4981/3451 3458/4993/3458 3379/4994/3379
f 3338/4985/3338 3354/4995/3354 3454/4986/3454
f 3354/4995/3354 3459/4996/3459 3454/4986/3454
f 3452/4983/3452 3454/4986/3454 3459/4996/3459
f 3457/4989/3457 3460/4997/3460 3458/4993/3458
f 3457/4989/3457 3455/4987/3455 3461/4998/3461
f 3452/4983/3452 3459/4996/3459 3462/4999/3462
f 3380/5000/3380 3379/4994/3379 3458/4993/3458
f 3463/5001/3463 3452/4983/3452 3462/4999/3462
f 3354/4995/3354 3378/5002/3378 3459/4996/3459
f 3457/4989/3457 3461/4998/3461 3464/5003/3464
f 3460/4997/3460 3465/5004/3465 3458/4993/3458
f 3465/5004/3465 3460/4997/3460 3466/5005/3466
f 3458/4993/3458 3467/5006/3467 3380/5000/3380
f 3468/5007/3468 3463/5001/3463 3462/4999/3462
f 3460/4997/3460 3457/4989/3457 3469/5008/3469
f 3469/5008/3469 3457/4989/3457 3464/5003/3464
f 3459/4996/3459 3470/5009/3470 3462/4999/3462
f 3459/4996/3459 3378/5002/3378 3470/5009/3470
f 3467/5010/3467 3458/5011/3458 3465/5012/3465
f 3471/5013/3471 3469/5008/3469 3464/5003/3464
f 3378/5002/3378 3472/5014/3472 3470/5009/3470
f 3473/5015/3473 3463/5001/3463 3468/5007/3468
f 3472/5014/3472 3378/5002/3378 3402/5016/3402
f 3469/5017/3469 3471/5018/3471 3474/5019/3474
f 3475/5020/3475 3470/5009/3470 3472/5014/3472
f 3465/5004/3465 3476/5021/3476 3467/5006/3467
f 3470/5009/3470 3477/5022/3477 3462/4999/3462
f 3476/5021/3476 3465/5004/3465 3466/5005/3466
f 3477/5022/3477 3468/5007/3468 3462/4999/3462
f 3478/5023/3478 3460/4997/3460 3469/5008/3469
f 3460/4997/3460 3478/5023/3478 3466/5005/3466
f 3467/5006/3467 3407/5024/3407 3380/5000/3380
f 3475/5020/3475 3477/5022/3477 3470/5009/3470
f 3469/5017/3469 3474/5019/3474 3479/5025/3479
f 3476/5021/3476 3407/5024/3407 3467/5006/3467
f 3480/5026/3480 3468/5007/3468 3477/5022/3477
f 3481/5027/3481 3468/5028/3468 3482/5029/3482
f 3468/5007/3468 3480/5026/3480 3482/5030/3482
f 3478/5023/3478 3469/5008/3469 3479/5031/3479
f 3479/5025/3479 3474/5019/3474 3483/5032/3483
f 3478/5023/3478 3484/5033/3484 3466/5005/3466
f 3476/5021/3476 3466/5005/3466 3484/5033/3484
f 3402/5016/3402 3416/5034/3416 3472/5014/3472
f 3477/5022/3477 3475/5020/3475 3480/5026/3480
f 3479/5025/3479 3483/5032/3483 3485/5035/3485
f 3402/5016/3402 3486/5036/3486 3416/5034/3416
f 3487/5037/3487 3480/5026/3480 3475/5020/3475
f 3488/5038/3488 3482/5030/3482 3480/5026/3480
f 3478/5023/3478 3479/5031/3479 3489/5039/3489
f 3402/5016/3402 3411/5040/3411 3486/5036/3486
f 3489/5039/3489 3479/5031/3479 3485/5041/3485
f 3407/5024/3407 3476/5021/3476 3484/5033/3484
f 3415/5042/3415 3416/5034/3416 3486/5036/3486
f 3490/5043/3490 3488/5038/3488 3491/5044/3491
f 3491/5044/3491 3488/5038/3488 3480/5026/3480
f 3407/5024/3407 3484/5033/3484 3431/5045/3431
f 3491/5044/3491 3480/5026/3480 3492/5046/3492
f 3493/5047/3493 3490/5043/3490 3491/5044/3491
f 3478/5023/3478 3489/5039/3489 3494/5048/3494
f 3493/5047/3493 3491/5044/3491 3492/5046/3492
f 3495/5049/3495 3480/5026/3480 3487/5037/3487
f 3496/5050/3496 3415/5042/3415 3440/5051/3440
f 3493/5047/3493 3485/5041/3485 3490/5043/3490
f 3489/5039/3489 3485/5041/3485 3493/5047/3493
f 3415/5042/3415 3486/5036/3486 3440/5051/3440
f 3424/5052/3424 3486/5036/3486 3411/5040/3411
f 3486/5036/3486 3424/5052/3424 3440/5051/3440
f 3480/5026/3480 3495/5049/3495 3492/5046/3492
f 3478/5023/3478 3494/5048/3494 3484/5033/3484
f 3484/5033/3484 3494/5048/3494 3497/5053/3497
f 3495/5049/3495 3498/5054/3498 3492/5046/3492
f 3494/5048/3494 3489/5039/3489 3493/5047/3493
f 3484/5033/3484 3497/5053/3497 3499/5055/3499
f 3431/5045/3431 3499/5055/3499 3439/5056/3439
f 3500/5057/3500 3496/5050/3496 3440/5051/3440
f 3494/5048/3494 3501/5058/3501 3497/5053/3497
f 3494/5048/3494 3493/5047/3493 3501/5058/3501
f 3498/5054/3498 3502/5059/3502 3492/5046/3492
f 3492/5046/3492 3502/5059/3502 3493/5047/3493
f 3493/5047/3493 3502/5059/3502 3501/5058/3501
f 3446/5060/3446 3503/5061/3503 3500/5057/3500
f 3500/5057/3500 3440/5051/3440 3444/5062/3444
f 3504/5063/3504 3503/5061/3503 3446/5060/3446
f 3505/5064/3505 3439/5056/3439 3499/5055/3499
f 3446/5060/3446 3500/5057/3500 3444/5062/3444
f 3506/5065/3506 3445/5066/3445 3439/5056/3439
f 3504/5063/3504 3446/5060/3446 3506/5065/3506
f 3506/5065/3506 3443/5067/3443 3445/5066/3445
f 3443/5067/3443 3506/5065/3506 3446/5060/3446
f 3499/5055/3499 3431/5045/3431 3484/5033/3484
f 3507/5068/3507 3508/5069/3508 3509/5070/3509
f 3510/5071/3510 3508/5069/3508 3511/5072/3511
f 3507/5068/3507 3511/5072/3511 3508/5069/3508
f 3510/5071/3510 3512/5073/3512 3508/5069/3508
f 3513/5074/3513 3507/5068/3507 3509/5070/3509
f 3514/5075/3514 3509/5070/3509 3508/5069/3508
f 3510/5071/3510 3511/5072/3511 3515/5076/3515
f 3511/5072/3511 3507/5068/3507 3515/5076/3515
f 3508/5069/3508 3512/5073/3512 3516/5077/3516
f 3514/5075/3514 3508/5069/3508 3516/5077/3516
f 3509/5070/3509 3514/5075/3514 3517/5078/3517
f 3509/5070/3509 3517/5078/3517 3513/5074/3513
f 3518/5079/3518 3507/5068/3507 3513/5074/3513
f 3515/5076/3515 3507/5068/3507 3519/5080/3519
f 3513/5074/3513 3517/5078/3517 3520/5081/3520
f 3521/5082/3521 3522/5083/3522 3523/5084/3523
f 3524/5085/3524 3525/5086/3525 3521/5082/3521
f 3510/5071/3510 3526/5087/3526 3512/5073/3512
f 3513/5074/3513 3520/5081/3520 3527/5088/3527
f 3522/5083/3522 3521/5082/3521 3525/5086/3525
f 3528/5089/3528 3524/5085/3524 3521/5082/3521
f 3529/5090/3529 3530/5091/3530 3531/5092/3531
f 3515/5076/3515 3532/5093/3532 3510/5071/3510
f 3533/5094/3533 3514/5075/3514 3516/5077/3516
f 3534/5095/3534 3514/5075/3514 3535/5096/3535
f 3534/5095/3534 3517/5078/3517 3514/5075/3514
f 3534/5095/3534 3520/5081/3520 3517/5078/3517
f 3523/5084/3523 3536/5097/3536 3521/5082/3521
f 3521/5082/3521 3536/5097/3536 3537/5098/3537
f 3537/5098/3537 3528/5089/3528 3521/5082/3521
f 3512/5073/3512 3538/5099/3538 3516/5077/3516
f 3523/5084/3523 3539/5100/3539 3540/5101/3540
f 3536/5097/3536 3540/5101/3540 3541/5102/3541
f 3523/5084/3523 3540/5101/3540 3536/5097/3536
f 3523/5084/3523 3542/5103/3542 3539/5100/3539
f 3522/5083/3522 3542/5103/3542 3523/5084/3523
f 3541/5102/3541 3537/5098/3537 3536/5097/3536
f 3524/5085/3524 3543/5104/3543 3525/5086/3525
f 3543/5104/3543 3544/5105/3544 3545/5106/3545
f 3524/5085/3524 3544/5105/3544 3543/5104/3543
f 3546/5107/3546 3524/5085/3524 3528/5089/3528
f 3516/5077/3516 3538/5099/3538 3533/5094/3533
f 3534/5095/3534 3535/5096/3535 3540/5101/3540
f 3520/5081/3520 3534/5095/3534 3539/5100/3539
f 3539/5100/3539 3534/5095/3534 3540/5101/3540
f 3542/5103/3542 3520/5081/3520 3539/5100/3539
f 3527/5088/3527 3522/5083/3522 3525/5086/3525
f 3547/5108/3547 3537/5098/3537 3541/5102/3541
f 3533/5094/3533 3548/5109/3548 3514/5075/3514
f 3513/5074/3513 3527/5088/3527 3518/5079/3518
f 3535/5096/3535 3541/5102/3541 3540/5101/3540
f 3520/5081/3520 3542/5103/3542 3527/5088/3527
f 3527/5088/3527 3542/5103/3542 3522/5083/3522
f 3529/5090/3529 3549/5110/3549 3530/5091/3530
f 3526/5087/3526 3510/5071/3510 3550/5111/3550
f 3514/5075/3514 3548/5109/3548 3535/5096/3535
f 3527/5088/3527 3525/5086/3525 3551/5112/3551
f 3541/5102/3541 3552/5113/3552 3547/5108/3547
f 3533/5094/3533 3538/5099/3538 3553/5114/3553
f 3533/5094/3533 3553/5114/3553 3554/5115/3554
f 3533/5094/3533 3554/5115/3554 3548/5109/3548
f 3548/5109/3548 3555/5116/3555 3535/5096/3535
f 3556/5117/3556 3541/5102/3541 3535/5096/3535
f 3547/5108/3547 3557/5118/3557 3537/5098/3537
f 3529/5090/3529 3558/5119/3558 3549/5110/3549
f 3529/5090/3529 3531/5092/3531 3550/5111/3550
f 3553/5114/3553 3538/5099/3538 3559/5120/3559
f 3560/5121/3560 3519/5080/3519 3507/5068/3507
f 3556/5117/3556 3535/5096/3535 3561/5122/3561
f 3541/5102/3541 3562/5123/3562 3552/5113/3552
f 3549/5110/3549 3563/5124/3563 3530/5091/3530
f 3541/5102/3541 3556/5117/3556 3562/5123/3562
f 3548/5109/3548 3564/5125/3564 3555/5116/3555
f 3565/5126/3565 3551/5112/3551 3525/5086/3525
f 3565/5126/3565 3525/5086/3525 3543/5104/3543
f 3545/5106/3545 3565/5126/3565 3543/5104/3543
f 3532/5093/3532 3529/5090/3529 3550/5111/3550
f 3510/5071/3510 3532/5093/3532 3550/5111/3550
f 3554/5115/3554 3553/5114/3553 3566/5127/3566
f 3518/5079/3518 3560/5121/3560 3507/5068/3507
f 3555/5116/3555 3561/5122/3561 3535/5096/3535
f 3567/5128/3567 3556/5117/3556 3561/5122/3561
f 3563/5124/3563 3568/5129/3568 3530/5091/3530
f 3530/5091/3530 3568/5129/3568 3569/5130/3569
f 3564/5125/3564 3548/5109/3548 3554/5115/3554
f 3555/5116/3555 3570/5131/3570 3561/5122/3561
f 3561/5122/3561 3570/5131/3570 3567/5128/3567
f 3562/5123/3562 3556/5117/3556 3567/5128/3567
f 3529/5090/3529 3532/5093/3532 3571/5132/3571
f 3554/5115/3554 3566/5127/3566 3572/5133/3572
f 3573/5134/3573 3569/5130/3569 3568/5129/3568
f 3564/5125/3564 3554/5115/3554 3572/5133/3572
f 3555/5116/3555 3564/5125/3564 3570/5131/3570
f 3574/5135/3574 3565/5126/3565 3545/5106/3545
f 3563/5124/3563 3549/5110/3549 3575/5136/3575
f 3563/5124/3563 3575/5136/3575 3576/5137/3576
f 3571/5132/3571 3558/5119/3558 3529/5090/3529
f 3574/5135/3574 3551/5112/3551 3565/5126/3565
f 3577/5138/3577 3549/5110/3549 3558/5119/3558
f 3575/5136/3575 3549/5110/3549 3577/5138/3577
f 3558/5119/3558 3578/5139/3578 3577/5138/3577
f 3563/5124/3563 3576/5137/3576 3579/5140/3579
f 3563/5124/3563 3579/5140/3579 3568/5129/3568
f 3578/5139/3578 3558/5119/3558 3580/5141/3580
f 3580/5141/3580 3558/5119/3558 3581/5142/3581
f 3568/5129/3568 3579/5140/3579 3582/5143/3582
f 3568/5129/3568 3583/5144/3583 3573/5134/3573
f 3582/5143/3582 3583/5144/3583 3568/5129/3568
f 3583/5144/3583 3584/5145/3584 3573/5134/3573
f 3583/5144/3583 3582/5143/3582 3585/5146/3585
f 3586/5147/3586 3583/5144/3583 3585/5146/3585
f 3587/5148/3587 3586/5147/3586 3585/5146/3585
f 3587/5148/3587 3588/5149/3588 3586/5147/3586
f 3552/5113/3552 3589/5150/3589 3547/5108/3547
f 3524/5151/3524 3590/5152/3590 3544/5153/3544
f 3544/5153/3544 3590/5152/3590 3545/5154/3545
f 3524/5151/3524 3546/5155/3546 3590/5152/3590
f 3546/5155/3546 3591/5156/3591 3590/5152/3590
f 3591/5156/3591 3546/5155/3546 3592/5157/3592
f 3545/5154/3545 3590/5152/3590 3593/5158/3593
f 3594/5159/3594 3593/5158/3593 3590/5152/3590
f 3595/5160/3595 3590/5152/3590 3591/5156/3591
f 3592/5157/3592 3596/5161/3596 3591/5156/3591
f 3545/5154/3545 3593/5158/3593 3574/5162/3574
f 3595/5160/3595 3594/5159/3594 3590/5152/3590
f 3597/5163/3597 3596/5161/3596 3592/5157/3592
f 3597/5163/3597 3592/5157/3592 3598/5164/3598
f 3596/5161/3596 3595/5160/3595 3591/5156/3591
f 3574/5162/3574 3593/5158/3593 3599/5165/3599
f 3598/5164/3598 3600/5166/3600 3597/5163/3597
f 3599/5165/3599 3593/5158/3593 3594/5159/3594
f 3601/5167/3601 3596/5161/3596 3597/5163/3597
f 3602/5168/3602 3594/5159/3594 3595/5160/3595
f 3597/5163/3597 3600/5166/3600 3603/5169/3603
f 3594/5159/3594 3604/5170/3604 3599/5165/3599
f 3597/5163/3597 3603/5169/3603 3605/5171/3605
f 3605/5171/3605 3601/5167/3601 3597/5163/3597
f 3606/5172/3606 3604/5170/3604 3594/5159/3594
f 3602/5168/3602 3606/5172/3606 3594/5159/3594
f 3601/5167/3601 3605/5171/3605 3607/5173/3607
f 3608/5174/3608 3599/5165/3599 3609/5175/3609
f 3610/5176/3610 3605/5171/3605 3603/5169/3603
f 3599/5165/3599 3604/5170/3604 3609/5175/3609
f 3605/5171/3605 3610/5176/3610 3611/5177/3611
f 3605/5171/3605 3611/5177/3611 3612/5178/3612
f 3613/5179/3613 3610/5180/3610 3614/5181/3614
f 3615/5182/3615 3604/5170/3604 3606/5172/3606
f 3611/5177/3611 3610/5176/3610 3616/5183/3616
f 3617/5184/3617 3618/5185/3618 3612/5178/3612
f 3612/5186/3612 3611/5187/3611 3619/5188/3619
f 3610/5189/3610 3619/5188/3619 3616/5190/3616
f 3620/5191/3620 3610/5180/3610 3613/5179/3613
f 3621/5192/3621 3611/5193/3611 3616/5194/3616
f 3610/5176/3610 3618/5185/3618 3617/5184/3617
f 3619/5188/3619 3622/5195/3622 3612/5186/3612
f 3619/5188/3619 3610/5189/3610 3622/5195/3622
f 3618/5185/3618 3605/5171/3605 3612/5178/3612
f 3623/5196/3623 3605/5171/3605 3618/5185/3618
f 3610/5180/3610 3620/5191/3620 3624/5197/3624
f 3618/5198/3618 3610/5180/3610 3624/5197/3624
f 3625/5199/3625 3615/5182/3615 3606/5172/3606
f 3625/5199/3625 3606/5172/3606 3626/5200/3626
f 3471/5201/3471 3607/5173/3607 3605/5171/3605
f 3604/5170/3604 3615/5182/3615 3609/5175/3609
f 3627/5202/3627 3628/5203/3628 3629/5204/3629
f 3627/5205/3627 3629/5206/3629 3630/5207/3630
f 3629/5204/3629 3628/5203/3628 3631/5208/3631
f 3623/5209/3623 3627/5205/3627 3631/5210/3631
f 3630/5207/3630 3632/5211/3632 3631/5210/3631
f 3633/5212/3633 3471/5201/3471 3605/5171/3605
f 3624/5197/3624 3620/5191/3620 3634/5213/3634
f 3627/5205/3627 3630/5207/3630 3631/5210/3631
f 3628/5203/3628 3635/5214/3635 3631/5208/3631
f 3636/5215/3636 3618/5198/3618 3624/5197/3624
f 3623/5196/3623 3633/5212/3633 3605/5171/3605
f 3613/5179/3613 3637/5216/3637 3620/5191/3620
f 3624/5217/3624 3638/5218/3638 3636/5219/3636
f 3638/5218/3638 3635/5220/3635 3618/5185/3618
f 3624/5217/3624 3635/5220/3635 3638/5218/3638
f 3618/5185/3618 3635/5220/3635 3623/5196/3623
f 3473/5221/3473 3625/5199/3625 3626/5200/3626
f 3635/5214/3635 3634/5213/3634 3620/5191/3620
f 3609/5175/3609 3615/5182/3615 3639/5222/3639
f 3620/5191/3620 3637/5216/3637 3635/5214/3635
f 3631/5208/3631 3635/5214/3635 3633/5223/3633
f 3623/5209/3623 3631/5210/3631 3633/5224/3633
f 3473/5225/3473 3468/5226/3468 3481/5227/3481
f 3482/5228/3482 3625/5199/3625 3473/5221/3473
f 3482/5228/3482 3473/5221/3473 3481/5229/3481
f 3633/5212/3633 3474/5230/3474 3471/5201/3471
f 3639/5222/3639 3615/5182/3615 3640/5231/3640
f 3615/5182/3615 3625/5199/3625 3641/5232/3641
f 3642/5233/3642 3483/5234/3483 3474/5230/3474
f 3643/5235/3643 3625/5199/3625 3482/5228/3482
f 3641/5232/3641 3625/5199/3625 3643/5235/3643
f 3642/5233/3642 3474/5230/3474 3633/5212/3633
f 3615/5182/3615 3641/5232/3641 3640/5231/3640
f 3635/5214/3635 3637/5216/3637 3644/5236/3644
f 3488/5237/3488 3643/5235/3643 3482/5228/3482
f 3635/5214/3635 3644/5236/3644 3645/5238/3645
f 3633/5223/3633 3645/5238/3645 3642/5239/3642
f 3485/5240/3485 3483/5234/3483 3642/5233/3642
f 3633/5223/3633 3635/5214/3635 3645/5238/3645
f 3646/5241/3646 3643/5242/3643 3488/5243/3488
f 3642/5239/3642 3647/5244/3647 3485/5245/3485
f 3647/5244/3647 3490/5246/3490 3485/5245/3485
f 3490/5246/3490 3646/5241/3646 3488/5243/3488
f 3647/5244/3647 3648/5247/3648 3490/5246/3490
f 3648/5247/3648 3646/5241/3646 3490/5246/3490
f 3643/5242/3643 3649/5248/3649 3641/5249/3641
f 3642/5239/3642 3645/5238/3645 3650/5250/3650
f 3643/5242/3643 3646/5241/3646 3649/5248/3649
f 3651/5251/3651 3646/5241/3646 3648/5247/3648
f 3652/5252/3652 3640/5253/3640 3641/5249/3641
f 3646/5241/3646 3653/5254/3653 3649/5248/3649
f 3653/5254/3653 3646/5241/3646 3654/5255/3654
f 3654/5255/3654 3648/5247/3648 3653/5254/3653
f 3655/5256/3655 3653/5254/3653 3648/5247/3648
f 3656/5257/3656 3655/5256/3655 3648/5247/3648
f 3657/5258/3657 3646/5241/3646 3651/5251/3651
f 3642/5239/3642 3658/5259/3658 3647/5244/3647
f 3656/5257/3656 3653/5254/3653 3657/5258/3657
f 3656/5257/3656 3651/5251/3651 3655/5256/3655
f 3658/5259/3658 3648/5247/3648 3647/5244/3647
f 3656/5257/3656 3657/5258/3657 3651/5251/3651
f 3659/5260/3659 3649/5248/3649 3653/5254/3653
f 3659/5260/3659 3653/5254/3653 3656/5257/3656
f 3648/5247/3648 3658/5259/3658 3656/5257/3656
f 3645/5238/3645 3644/5236/3644 3660/5261/3660
f 3642/5239/3642 3650/5250/3650 3658/5259/3658
f 3649/5248/3649 3661/5262/3661 3641/5249/3641
f 3645/5238/3645 3660/5261/3660 3650/5250/3650
f 3641/5249/3641 3661/5262/3661 3652/5252/3652
f 3658/5259/3658 3659/5260/3659 3656/5257/3656
f 3649/5248/3649 3659/5260/3659 3661/5262/3661
f 3658/5259/3658 3662/5263/3662 3659/5260/3659
f 3658/5259/3658 3650/5250/3650 3663/5264/3663
f 3661/5262/3661 3664/5265/3664 3652/5252/3652
f 3658/5259/3658 3663/5264/3663 3662/5263/3662
f 3650/5250/3650 3660/5261/3660 3665/5266/3665
f 3663/5264/3663 3650/5250/3650 3665/5266/3665
f 3659/5260/3659 3662/5263/3662 3666/5267/3666
f 3665/5266/3665 3667/5268/3667 3663/5264/3663
f 3668/5269/3668 3664/5265/3664 3661/5262/3661
f 3659/5260/3659 3666/5267/3666 3661/5262/3661
f 3661/5262/3661 3666/5267/3666 3668/5269/3668
f 3666/5267/3666 3669/5270/3669 3668/5269/3668
f 3662/5263/3662 3663/5264/3663 3666/5267/3666
f 3666/5267/3666 3663/5264/3663 3670/5271/3670
f 3670/5271/3670 3663/5264/3663 3667/5268/3667
f 3669/5270/3669 3666/5267/3666 3670/5271/3670
f 3671/5272/3671 3531/5273/3531 3530/5274/3530
f 3671/5272/3671 3672/5275/3672 3531/5273/3531
f 3672/5275/3672 3550/5276/3550 3531/5273/3531
f 3673/5277/3673 3671/5272/3671 3530/5274/3530
f 3673/5277/3673 3530/5274/3530 3569/5278/3569
f 3550/5276/3550 3672/5275/3672 3674/5279/3674
f 3675/5280/3675 3673/5277/3673 3569/5278/3569
f 3672/5275/3672 3671/5272/3671 3676/5281/3676
f 3672/5275/3672 3676/5281/3676 3674/5279/3674
f 3676/5281/3676 3671/5272/3671 3673/5277/3673
f 3674/5279/3674 3676/5281/3676 3677/5282/3677
f 3673/5277/3673 3675/5280/3675 3678/5283/3678
f 3679/5284/3679 3680/5285/3680 3675/5280/3675
f 3676/5281/3676 3673/5277/3673 3681/5286/3681
f 3677/5282/3677 3682/5287/3682 3683/5288/3683
f 3677/5282/3677 3676/5281/3676 3684/5289/3684
f 3682/5287/3682 3677/5282/3677 3684/5289/3684
f 3675/5280/3675 3680/5285/3680 3685/5290/3685
f 3678/5283/3678 3681/5286/3681 3673/5277/3673
f 3685/5290/3685 3678/5283/3678 3675/5280/3675
f 3681/5286/3681 3678/5283/3678 3686/5291/3686
f 3687/5292/3687 3688/5293/3688 3689/5294/3689
f 3690/5295/3690 3691/5296/3691 3692/5297/3692
f 3693/5298/3693 3689/5294/3689 3688/5293/3688
f 3689/5294/3689 3693/5298/3693 3692/5297/3692
f 3694/5299/3694 3680/5285/3680 3679/5284/3679
f 3693/5298/3693 3690/5295/3690 3692/5297/3692
f 3687/5292/3687 3689/5294/3689 3682/5287/3682
f 3695/5300/3695 3690/5295/3690 3693/5298/3693
f 3695/5300/3695 3693/5298/3693 3696/5301/3696
f 3685/5290/3685 3686/5291/3686 3678/5283/3678
f 3697/5302/3697 3698/5303/3698 3699/5304/3699
f 3699/5304/3699 3692/5297/3692 3691/5296/3691
f 3690/5295/3690 3688/5293/3688 3687/5292/3687
f 3694/5299/3694 3685/5290/3685 3680/5285/3680
f 3681/5286/3681 3700/5305/3700 3676/5281/3676
f 3682/5287/3682 3684/5289/3684 3687/5292/3687
f 3686/5291/3686 3700/5305/3700 3681/5286/3681
f 3684/5289/3684 3676/5281/3676 3700/5305/3700
f 3701/5306/3701 3691/5296/3691 3690/5295/3690
f 3702/5307/3702 3699/5304/3699 3691/5296/3691
f 3687/5292/3687 3701/5306/3701 3690/5295/3690
f 3697/5302/3697 3699/5304/3699 3702/5307/3702
f 3703/5308/3703 3685/5290/3685 3694/5299/3694
f 3702/5307/3702 3691/5296/3691 3701/5306/3701
f 3684/5289/3684 3700/5305/3700 3704/5309/3704
f 3701/5306/3701 3687/5292/3687 3684/5289/3684
f 3702/5307/3702 3705/5310/3705 3697/5302/3697
f 3685/5290/3685 3706/5311/3706 3686/5291/3686
f 3706/5311/3706 3700/5305/3700 3686/5291/3686
f 3701/5306/3701 3707/5312/3707 3702/5307/3702
f 3701/5306/3701 3684/5289/3684 3704/5309/3704
f 3685/5290/3685 3703/5308/3703 3708/5313/3708
f 3707/5312/3707 3709/5314/3709 3702/5307/3702
f 3704/5309/3704 3700/5305/3700 3710/5315/3710
f 3702/5307/3702 3709/5314/3709 3705/5310/3705
f 3685/5290/3685 3708/5313/3708 3711/5316/3711
f 3685/5290/3685 3711/5316/3711 3706/5311/3706
f 3700/5305/3700 3706/5311/3706 3712/5317/3712
f 3710/5315/3710 3700/5305/3700 3712/5317/3712
f 3713/5318/3713 3707/5312/3707 3701/5306/3701
f 3705/5310/3705 3709/5314/3709 3714/5319/3714
f 3704/5309/3704 3713/5318/3713 3701/5306/3701
f 3715/5320/3715 3708/5313/3708 3703/5308/3703
f 3706/5311/3706 3711/5316/3711 3712/5317/3712
f 3709/5314/3709 3707/5312/3707 3716/5321/3716
f 3709/5314/3709 3716/5321/3716 3714/5319/3714
f 3711/5316/3711 3708/5313/3708 3717/5322/3717
f 3713/5318/3713 3716/5321/3716 3707/5312/3707
f 3710/5315/3710 3713/5318/3713 3704/5309/3704
f 3715/5320/3715 3718/5323/3718 3717/5322/3717
f 3715/5320/3715 3717/5322/3717 3708/5313/3708
f 3718/5323/3718 3719/5324/3719 3717/5322/3717
f 3717/5322/3717 3719/5324/3719 3711/5316/3711
f 3716/5321/3716 3720/5325/3720 3714/5319/3714
f 3710/5315/3710 3712/5317/3712 3721/5326/3721
f 3716/5321/3716 3713/5318/3713 3722/5327/3722
f 3723/5328/3723 3711/5316/3711 3719/5324/3719
f 3711/5316/3711 3724/5329/3724 3712/5317/3712
f 3710/5315/3710 3725/5330/3725 3713/5318/3713
f 3720/5325/3720 3726/5331/3726 3714/5319/3714
f 3713/5318/3713 3725/5330/3725 3722/5327/3722
f 3716/5321/3716 3722/5327/3722 3720/5325/3720
f 3722/5327/3722 3726/5331/3726 3720/5325/3720
f 3712/5317/3712 3724/5329/3724 3721/5326/3721
f 3711/5316/3711 3723/5328/3723 3724/5329/3724
f 3724/5329/3724 3723/5328/3723 3727/5332/3727
f 3725/5330/3725 3710/5315/3710 3728/5333/3728
f 3710/5315/3710 3721/5326/3721 3728/5333/3728
f 3722/5327/3722 3725/5330/3725 3728/5333/3728
f 3724/5329/3724 3727/5332/3727 3729/5334/3729
f 3724/5329/3724 3729/5334/3729 3721/5326/3721
f 3729/5334/3729 3727/5332/3727 3730/5335/3730
f 3728/5333/3728 3721/5326/3721 3731/5336/3731
f 3732/5337/3732 3729/5334/3729 3730/5335/3730
f 3721/5326/3721 3729/5334/3729 3732/5337/3732
f 3732/5337/3732 3731/5336/3731 3721/5326/3721
f 3091/5338/3091 3733/5339/3733 3088/5340/3088
f 3088/5340/3088 3733/5339/3733 3132/5341/3132
f 3084/5342/3084 3097/5343/3097 3090/5344/3090
f 2544/5345/2544 2538/5346/2538 3734/5347/3734
f 3091/5338/3091 3090/5344/3090 3097/5343/3097
f 3735/5348/3735 2547/5349/2547 3736/5350/3736
f 3737/5351/3737 2547/5349/2547 2544/5345/2544
f 2552/5352/2552 3738/5353/3738 2554/5354/2554
f 2668/5355/2668 2670/5356/2670 2552/5352/2552
f 2538/5346/2538 2554/5354/2554 3739/5357/3739
f 2550/5358/2550 2547/5349/2547 3735/5348/3735
f 2670/5356/2670 3740/5359/3740 3738/5353/3738
f 3099/5360/3099 3095/5361/3095 3093/5362/3093
f 3741/5363/3741 2557/5364/2557 2550/5358/2550
f 3736/5350/3736 2547/5349/2547 3737/5351/3737
f 3739/5357/3739 3734/5347/3734 2538/5346/2538
f 2555/5365/2555 3742/5366/3742 2553/5367/2553
f 2555/5365/2555 2557/5364/2557 3742/5366/3742
f 3739/5357/3739 2554/5354/2554 3738/5353/3738
f 3733/5339/3733 2675/5368/2675 3132/5341/3132
f 3737/5351/3737 2544/5345/2544 3734/5347/3734
f 3742/5366/3742 2557/5364/2557 3741/5363/3741
f 3741/5363/3741 2550/5358/2550 3735/5348/3735
f 3097/5343/3097 3733/5339/3733 3091/5338/3091
f 3743/5369/3743 3099/5360/3099 3093/5362/3093
f 3098/5370/3098 3099/5360/3099 3744/5371/3744
f 3736/5350/3736 3745/5372/3745 3735/5348/3735
f 2670/5356/2670 2677/5373/2677 3740/5359/3740
f 2558/5374/2558 2553/5367/2553 3746/5375/3746
f 3747/5376/3747 3098/5370/3098 3744/5371/3744
f 3733/5339/3733 3097/5343/3097 3748/5377/3748
f 3749/5378/3749 3737/5351/3737 3734/5347/3734
f 3096/5379/3096 3102/5380/3102 3092/5381/3092
f 2559/5382/2559 2551/5383/2551 3750/5384/3750
f 2553/5367/2553 3742/5366/3742 3746/5375/3746
f 3746/5375/3746 3742/5366/3742 3751/5385/3751
f 3751/5385/3751 3742/5366/3742 3752/5386/3752
f 3742/5366/3742 3741/5363/3741 3753/5387/3753
f 3754/5388/3754 3745/5372/3745 3736/5350/3736
f 3747/5376/3747 3744/5371/3744 3754/5388/3754
f 3747/5376/3747 3754/5388/3754 3736/5350/3736
f 3755/5389/3755 3734/5347/3734 3739/5357/3739
f 3756/5390/3756 3757/5391/3757 3758/5392/3758
f 3756/5390/3756 3758/5392/3758 3751/5385/3751
f 3751/5385/3751 3752/5386/3752 3756/5390/3756
f 3744/5371/3744 3099/5360/3099 3759/5393/3759
f 3741/5363/3741 3735/5348/3735 3753/5387/3753
f 3754/5388/3754 3760/5394/3760 3745/5372/3745
f 3761/5395/3761 3097/5343/3097 3098/5370/3098
f 3098/5370/3098 3747/5376/3747 3761/5395/3761
f 3749/5378/3749 3734/5347/3734 3755/5389/3755
f 2551/5383/2551 2558/5374/2558 3750/5384/3750
f 3743/5369/3743 3093/5362/3093 3100/5396/3100
f 3099/5360/3099 3743/5369/3743 3759/5393/3759
f 3742/5366/3742 3753/5387/3753 3752/5386/3752
f 3759/5393/3759 3760/5394/3760 3754/5388/3754
f 3744/5371/3744 3759/5393/3759 3754/5388/3754
f 3748/5377/3748 3097/5343/3097 3761/5395/3761
f 3762/5397/3762 2675/5368/2675 3733/5339/3733
f 3763/5398/3763 2677/5373/2677 2673/5399/2673
f 3755/5389/3755 3739/5357/3739 3738/5353/3738
f 3738/5353/3738 3740/5359/3740 3755/5389/3755
f 3764/5400/3764 3100/5396/3100 3102/5380/3102
f 3759/5393/3759 3757/5391/3757 3760/5394/3760
f 3733/5339/3733 3748/5377/3748 3762/5397/3762
f 3763/5398/3763 2673/5399/2673 2675/5368/2675
f 3740/5359/3740 2677/5373/2677 3763/5398/3763
f 3102/5380/3102 3096/5379/3096 3765/5401/3765
f 3750/5384/3750 3766/5402/3766 2559/5382/2559
f 3750/5384/3750 3746/5375/3746 3766/5402/3766
f 3746/5375/3746 3750/5384/3750 2558/5374/2558
f 3758/5392/3758 3767/5403/3767 3768/5404/3768
f 3758/5392/3758 3769/5405/3769 3751/5385/3751
f 3757/5391/3757 3767/5403/3767 3758/5392/3758
f 3767/5403/3767 3757/5391/3757 3759/5393/3759
f 3756/5390/3756 3752/5386/3752 3753/5387/3753
f 3761/5395/3761 3770/5406/3770 3748/5377/3748
f 3736/5350/3736 3761/5395/3761 3747/5376/3747
f 3771/5407/3771 3736/5350/3736 3737/5351/3737
f 2556/5408/2556 3766/5402/3766 3160/5409/3160
f 2556/5408/2556 2559/5382/2559 3766/5402/3766
f 3768/5404/3768 3764/5400/3764 3102/5380/3102
f 3764/5400/3764 3743/5369/3743 3100/5396/3100
f 3767/5403/3767 3764/5400/3764 3768/5404/3768
f 3751/5385/3751 3769/5405/3769 3772/5410/3772
f 3769/5405/3769 3758/5392/3758 3768/5404/3768
f 3743/5369/3743 3764/5400/3764 3767/5403/3767
f 3743/5369/3743 3767/5403/3767 3759/5393/3759
f 3761/5395/3761 3736/5350/3736 3771/5407/3771
f 3737/5351/3737 3749/5378/3749 3771/5407/3771
f 3763/5398/3763 2675/5368/2675 3762/5397/3762
f 3773/5411/3773 3774/5412/3774 3158/5413/3158
f 3775/5414/3775 3768/5404/3768 3774/5412/3774
f 3751/5385/3751 3772/5410/3772 3746/5375/3746
f 3768/5404/3768 3775/5414/3775 3769/5405/3769
f 3760/5394/3760 3757/5391/3757 3756/5390/3756
f 3760/5394/3760 3756/5390/3756 3776/5415/3776
f 3776/5415/3776 3756/5390/3756 3753/5387/3753
f 3776/5415/3776 3753/5387/3753 3735/5348/3735
f 3745/5372/3745 3760/5394/3760 3776/5415/3776
f 3776/5415/3776 3735/5348/3735 3745/5372/3745
f 3771/5407/3771 3770/5406/3770 3761/5395/3761
f 3748/5377/3748 3770/5406/3770 3762/5397/3762
f 3161/5416/3161 3159/5417/3159 3774/5412/3774
f 3158/5413/3158 3160/5409/3160 3773/5411/3773
f 3765/5401/3765 3096/5379/3096 3101/5418/3101
f 3774/5412/3774 3773/5411/3773 3772/5410/3772
f 3772/5410/3772 3775/5414/3775 3774/5412/3774
f 3768/5404/3768 3102/5380/3102 3765/5401/3765
f 3772/5410/3772 3769/5405/3769 3775/5414/3775
f 3770/5406/3770 3749/5378/3749 3755/5389/3755
f 3158/5413/3158 3774/5412/3774 3159/5417/3159
f 3766/5402/3766 3777/5419/3777 3160/5409/3160
f 3766/5402/3766 3746/5375/3746 3777/5419/3777
f 3778/5420/3778 3770/5406/3770 3755/5389/3755
f 3160/5409/3160 3777/5419/3777 3773/5411/3773
f 3768/5404/3768 3765/5401/3765 3774/5412/3774
f 3746/5375/3746 3772/5410/3772 3777/5419/3777
f 3762/5397/3762 3770/5406/3770 3778/5420/3778
f 3755/5389/3755 3740/5359/3740 3778/5420/3778
f 3161/5416/3161 3765/5401/3765 3101/5418/3101
f 3740/5359/3740 3763/5398/3763 3778/5420/3778
f 3765/5401/3765 3161/5416/3161 3774/5412/3774
f 3777/5419/3777 3772/5410/3772 3773/5411/3773
f 3763/5398/3763 3762/5397/3762 3778/5420/3778
f 2552/5352/2552 2670/5356/2670 3738/5353/3738
f 3770/5406/3770 3771/5407/3771 3749/5378/3749
f 3537/5421/3537 3557/5422/3557 3528/5423/3528
f 3546/5424/3546 3528/5423/3528 3592/5425/3592
f 3592/5425/3592 3528/5423/3528 3557/5422/3557
f 3562/5426/3562 3779/5427/3779 3552/5428/3552
f 3547/5429/3547 3589/5430/3589 3780/5431/3780
f 3557/5422/3557 3547/5429/3547 3780/5431/3780
f 3589/5430/3589 3552/5428/3552 3781/5432/3781
f 3781/5432/3781 3780/5431/3780 3589/5430/3589
f 3552/5428/3552 3779/5427/3779 3782/5433/3782
f 3782/5433/3782 3781/5432/3781 3552/5428/3552
f 3592/5425/3592 3557/5422/3557 3598/5434/3598
f 3781/5432/3781 3782/5433/3782 3783/5435/3783
f 3598/5434/3598 3557/5422/3557 3780/5431/3780
f 3780/5431/3780 3781/5432/3781 3784/5436/3784
f 3781/5432/3781 3783/5435/3783 3784/5436/3784
f 3784/5436/3784 3598/5434/3598 3780/5431/3780
f 3598/5434/3598 3784/5436/3784 3600/5437/3600
f 3614/5438/3614 3600/5437/3600 3784/5436/3784
f 3783/5439/3783 3785/5440/3785 3784/5441/3784
f 3600/5437/3600 3614/5438/3614 3603/5442/3603
f 3603/5442/3603 3614/5438/3614 3610/5443/3610
f 3515/5444/3515 3786/5445/3786 3532/5446/3532
f 3786/5445/3786 3515/5444/3515 3519/5447/3519
f 3518/5448/3518 3527/5449/3527 3787/5450/3787
f 3786/5445/3786 3788/5451/3788 3532/5446/3532
f 3519/5447/3519 3560/5452/3560 3789/5453/3789
f 3560/5452/3560 3518/5454/3518 3790/5455/3790
f 3551/5456/3551 3791/5457/3791 3527/5449/3527
f 3527/5449/3527 3791/5457/3791 3787/5450/3787
f 3789/5453/3789 3560/5452/3560 3790/5455/3790
f 3787/5458/3787 3792/5459/3792 3518/5454/3518
f 3574/5460/3574 3791/5457/3791 3551/5456/3551
f 3532/5446/3532 3788/5451/3788 3571/5461/3571
f 3519/5447/3519 3789/5453/3789 3786/5445/3786
f 3790/5455/3790 3518/5454/3518 3792/5459/3792
f 3791/5462/3791 3793/5463/3793 3787/5458/3787
f 3794/5464/3794 3791/5462/3791 3574/5465/3574
f 3794/5464/3794 3793/5463/3793 3791/5462/3791
f 3571/5461/3571 3581/5466/3581 3558/5467/3558
f 3571/5461/3571 3788/5451/3788 3581/5466/3581
f 3788/5451/3788 3786/5445/3786 3795/5468/3795
f 3794/5469/3794 3574/5470/3574 3599/5471/3599
f 3786/5445/3786 3789/5453/3789 3795/5468/3795
f 3794/5469/3794 3599/5471/3599 3608/5472/3608
f 3581/5466/3581 3788/5451/3788 3795/5468/3795
f 3796/5473/3796 3793/5463/3793 3794/5464/3794
f 3787/5458/3787 3793/5463/3793 3797/5474/3797
f 3787/5458/3787 3798/5475/3798 3792/5459/3792
f 3787/5458/3787 3797/5474/3797 3798/5475/3798
f 3794/5469/3794 3608/5472/3608 3796/5476/3796
f 3799/5477/3799 3580/5478/3580 3800/5479/3800
f 3800/5479/3800 3580/5478/3580 3581/5466/3581
f 3793/5463/3793 3796/5473/3796 3797/5474/3797
f 3801/5480/3801 3789/5453/3789 3790/5455/3790
f 3801/5480/3801 3790/5455/3790 3792/5459/3792
f 3581/5466/3581 3802/5481/3802 3800/5479/3800
f 3792/5459/3792 3798/5475/3798 3801/5480/3801
f 3795/5468/3795 3789/5453/3789 3803/5482/3803
f 3789/5453/3789 3698/5483/3698 3803/5482/3803
f 3789/5453/3789 3801/5480/3801 3698/5483/3698
f 3797/5474/3797 3796/5473/3796 3804/5484/3804
f 3581/5466/3581 3795/5468/3795 3802/5481/3802
f 3795/5468/3795 3803/5482/3803 3802/5481/3802
f 3609/5485/3609 3796/5476/3796 3608/5472/3608
f 3805/5486/3805 3799/5477/3799 3800/5479/3800
f 3697/5487/3697 3803/5488/3803 3698/5489/3698
f 3798/5475/3798 3797/5474/3797 3806/5490/3806
f 3800/5479/3800 3802/5481/3802 3805/5486/3805
f 3804/5484/3804 3806/5490/3806 3797/5474/3797
f 3804/5484/3804 3796/5473/3796 3807/5491/3807
f 3801/5480/3801 3808/5492/3808 3698/5483/3698
f 3809/5493/3809 3802/5481/3802 3803/5482/3803
f 3807/5494/3807 3796/5476/3796 3609/5485/3609
f 3809/5495/3809 3803/5488/3803 3697/5487/3697
f 3698/5483/3698 3808/5492/3808 3699/5496/3699
f 3801/5480/3801 3798/5475/3798 3810/5497/3810
f 3807/5494/3807 3609/5485/3609 3639/5498/3639
f 3811/5499/3811 3798/5475/3798 3806/5490/3806
f 3812/5500/3812 3801/5480/3801 3810/5497/3810
f 3802/5481/3802 3813/5501/3813 3805/5486/3805
f 3809/5493/3809 3814/5502/3814 3802/5481/3802
f 3812/5500/3812 3808/5492/3808 3801/5480/3801
f 3810/5497/3810 3798/5475/3798 3811/5499/3811
f 3813/5501/3813 3802/5481/3802 3815/5503/3815
f 3814/5502/3814 3815/5503/3815 3802/5481/3802
f 3816/5504/3816 3804/5484/3804 3807/5491/3807
f 3817/5505/3817 3814/5502/3814 3809/5493/3809
f 3812/5500/3812 3810/5497/3810 3811/5499/3811
f 3639/5498/3639 3816/5506/3816 3807/5494/3807
f 3806/5490/3806 3804/5484/3804 3818/5507/3818
f 3804/5484/3804 3816/5504/3816 3819/5508/3819
f 3815/5503/3815 3814/5502/3814 3820/5509/3820
f 3809/5495/3809 3697/5487/3697 3817/5510/3817
f 3818/5507/3818 3804/5484/3804 3819/5508/3819
f 3814/5502/3814 3817/5505/3817 3820/5509/3820
f 3639/5498/3639 3640/5511/3640 3816/5506/3816
f 3705/5512/3705 3817/5510/3817 3697/5487/3697
f 3808/5492/3808 3812/5500/3812 3821/5513/3821
f 3815/5503/3815 3822/5514/3822 3813/5501/3813
f 3811/5499/3811 3818/5507/3818 3823/5515/3823
f 3812/5500/3812 3811/5499/3811 3823/5515/3823
f 3818/5507/3818 3819/5508/3819 3824/5516/3824
f 3816/5504/3816 3825/5517/3825 3819/5508/3819
f 3812/5500/3812 3823/5515/3823 3821/5513/3821
f 3826/5518/3826 3823/5515/3823 3818/5507/3818
f 3827/5519/3827 3820/5509/3820 3817/5505/3817
f 3822/5514/3822 3815/5503/3815 3820/5509/3820
f 3826/5518/3826 3818/5507/3818 3824/5516/3824
f 3825/5520/3825 3816/5506/3816 3640/5511/3640
f 3819/5508/3819 3825/5517/3825 3824/5516/3824
f 3652/5521/3652 3825/5522/3825 3640/5523/3640
f 3817/5505/3817 3705/5524/3705 3828/5525/3828
f 3828/5525/3828 3829/5526/3829 3817/5505/3817
f 3823/5515/3823 3826/5518/3826 3830/5527/3830
f 3817/5505/3817 3829/5526/3829 3827/5519/3827
f 3824/5516/3824 3825/5517/3825 3831/5528/3831
f 3714/5529/3714 3828/5525/3828 3705/5524/3705
f 3820/5509/3820 3832/5530/3832 3822/5514/3822
f 3820/5509/3820 3827/5519/3827 3833/5531/3833
f 3832/5530/3832 3820/5509/3820 3833/5531/3833
f 3832/5530/3832 3834/5532/3834 3822/5514/3822
f 3832/5533/3832 3833/5534/3833 3835/5535/3835
f 3829/5526/3829 3828/5525/3828 3836/5536/3836
f 3833/5531/3833 3827/5519/3827 3835/5537/3835
f 3836/5536/3836 3828/5525/3828 3714/5529/3714
f 3829/5526/3829 3837/5538/3837 3827/5519/3827
f 3838/5539/3838 3834/5540/3834 3832/5533/3832
f 3837/5538/3837 3829/5526/3829 3836/5536/3836
f 3835/5535/3835 3838/5539/3838 3832/5533/3832
f 3835/5537/3835 3827/5519/3827 3837/5538/3837
f 3834/5540/3834 3838/5539/3838 3839/5541/3839
f 3836/5536/3836 3722/5542/3722 3837/5538/3837
f 3838/5539/3838 3840/5543/3840 3839/5541/3839
f 3835/5535/3835 3840/5543/3840 3838/5539/3838
f 3837/5544/3837 3841/5545/3841 3835/5535/3835
f 3836/5536/3836 3714/5529/3714 3726/5546/3726
f 3841/5547/3841 3837/5538/3837 3722/5542/3722
f 3840/5543/3840 3835/5535/3835 3841/5545/3841
f 3722/5542/3722 3836/5536/3836 3726/5546/3726
f 3840/5543/3840 3842/5548/3842 3839/5541/3839
f 3840/5543/3840 3841/5545/3841 3842/5548/3842
f 3841/5545/3841 3843/5549/3843 3842/5548/3842
f 3843/5549/3843 3841/5545/3841 3728/5550/3728
f 3841/5545/3841 3722/5551/3722 3728/5550/3728
f 3818/5507/3818 3811/5499/3811 3806/5490/3806
f 3526/5552/3526 3538/5553/3538 3512/5554/3512
f 3538/5553/3538 3526/5552/3526 3559/5555/3559
f 3844/5556/3844 3526/5557/3526 3550/5558/3550
f 3553/5559/3553 3559/5560/3559 3845/5561/3845
f 3526/5557/3526 3846/5562/3846 3559/5560/3559
f 3553/5559/3553 3845/5561/3845 3566/5563/3566
f 3847/5564/3847 3572/5565/3572 3566/5563/3566
f 3844/5556/3844 3550/5558/3550 3674/5566/3674
f 3566/5563/3566 3848/5567/3848 3847/5564/3847
f 3559/5560/3559 3846/5562/3846 3845/5561/3845
f 3566/5563/3566 3845/5561/3845 3848/5567/3848
f 3844/5556/3844 3846/5562/3846 3526/5557/3526
f 3845/5561/3845 3849/5568/3849 3848/5567/3848
f 3848/5567/3848 3850/5569/3850 3847/5564/3847
f 3846/5562/3846 3844/5556/3844 3851/5570/3851
f 3846/5562/3846 3849/5568/3849 3845/5561/3845
f 3850/5569/3850 3848/5567/3848 3849/5568/3849
f 3852/5571/3852 3844/5556/3844 3674/5566/3674
f 3851/5570/3851 3844/5556/3844 3852/5571/3852
f 3852/5571/3852 3674/5566/3674 3677/5572/3677
f 3852/5573/3852 3677/5574/3677 3853/5575/3853
f 3849/5568/3849 3854/5576/3854 3850/5569/3850
f 3683/5577/3683 3853/5578/3853 3677/5572/3677
f 3855/5579/3855 3849/5568/3849 3846/5562/3846
f 3856/5580/3856 3850/5569/3850 3854/5576/3854
f 3849/5568/3849 3855/5579/3855 3854/5576/3854
f 3846/5562/3846 3851/5570/3851 3855/5579/3855
f 3852/5573/3852 3853/5575/3853 3857/5581/3857
f 3857/5582/3857 3853/5578/3853 3683/5577/3683
f 3858/5583/3858 3852/5573/3852 3857/5581/3857
f 3859/5584/3859 3857/5582/3857 3860/5585/3860
f 3857/5582/3857 3683/5577/3683 3860/5585/3860
f 3861/5586/3861 3857/5582/3857 3859/5584/3859
f 3862/5587/3862 3852/5573/3852 3858/5583/3858
f 3856/5580/3856 3854/5576/3854 3863/5588/3863
f 3851/5570/3851 3852/5571/3852 3864/5589/3864
f 3865/5590/3865 3866/5591/3866 3852/5592/3852
f 3866/5591/3866 3865/5590/3865 3867/5593/3867
f 3864/5589/3864 3852/5571/3852 3866/5594/3866
f 3865/5595/3865 3858/5596/3858 3857/5597/3857
f 3858/5596/3858 3865/5595/3865 3868/5598/3868
f 3855/5579/3855 3863/5588/3863 3854/5576/3854
f 3869/5599/3869 3861/5586/3861 3859/5584/3859
f 3865/5600/3865 3857/5601/3857 3861/5602/3861
f 3855/5579/3855 3851/5570/3851 3864/5589/3864
f 3860/5585/3860 3683/5577/3683 3682/5603/3682
f 3862/5604/3862 3858/5605/3858 3861/5586/3861
f 3861/5602/3861 3870/5606/3870 3865/5600/3865
f 3871/5607/3871 3856/5580/3856 3863/5588/3863
f 3865/5590/3865 3859/5608/3859 3867/5593/3867
f 3860/5585/3860 3682/5603/3682 3872/5609/3872
f 3873/5610/3873 3862/5604/3862 3861/5586/3861
f 3855/5579/3855 3874/5611/3874 3863/5588/3863
f 3860/5585/3860 3872/5609/3872 3859/5584/3859
f 3875/5612/3875 3867/5593/3867 3859/5608/3859
f 3875/5612/3875 3859/5608/3859 3872/5613/3872
f 3869/5599/3869 3875/5614/3875 3861/5586/3861
f 3855/5579/3855 3864/5589/3864 3873/5610/3873
f 3861/5586/3861 3875/5614/3875 3876/5615/3876
f 3874/5611/3874 3877/5616/3877 3863/5588/3863
f 3863/5588/3863 3877/5616/3877 3871/5607/3871
f 3873/5610/3873 3861/5586/3861 3876/5615/3876
f 3874/5611/3874 3855/5579/3855 3873/5610/3873
f 3873/5610/3873 3878/5617/3878 3874/5611/3874
f 3871/5607/3871 3877/5616/3877 3879/5618/3879
f 3880/5619/3880 3873/5610/3873 3876/5615/3876
f 3878/5617/3878 3873/5610/3873 3880/5619/3880
f 3878/5617/3878 3877/5616/3877 3874/5611/3874
f 3878/5617/3878 3881/5620/3881 3877/5616/3877
f 3877/5616/3877 3881/5620/3881 3879/5618/3879
f 3878/5617/3878 3880/5619/3880 3882/5621/3882
f 3881/5620/3881 3878/5617/3878 3882/5621/3882
f 3883/5622/3883 3881/5620/3881 3882/5621/3882
f 3884/5623/3884 3885/5624/3885 3886/5625/3886
f 3887/5626/3887 3884/5623/3884 3886/5625/3886
f 3885/5624/3885 3888/5627/3888 3886/5625/3886
f 3888/5627/3888 3889/5628/3889 3886/5625/3886
f 3889/5628/3889 3890/5629/3890 3886/5625/3886
f 3891/5630/3891 3889/5628/3889 3888/5627/3888
f 3887/5626/3887 3886/5625/3886 3890/5629/3890
f 3889/5628/3889 3892/5631/3892 3890/5629/3890
f 3887/5626/3887 3890/5629/3890 3893/5632/3893
f 3894/5633/3894 3362/5634/3362 3890/5629/3890
f 3362/5634/3362 3893/5632/3893 3890/5629/3890
f 3895/5635/3895 3889/5628/3889 3891/5630/3891
f 3363/5636/3363 3362/5634/3362 3896/5637/3896
f 3890/5629/3890 3892/5631/3892 3894/5633/3894
f 3362/5634/3362 3894/5633/3894 3896/5637/3896
f 3358/5638/3358 3363/5636/3363 3896/5637/3896
f 3891/5630/3891 3897/5639/3897 3895/5635/3895
f 3358/5638/3358 3896/5637/3896 3898/5640/3898
f 3361/5641/3361 3893/5632/3893 3362/5634/3362
f 3899/5642/3899 3892/5631/3892 3900/5643/3900
f 3901/5644/3901 3899/5642/3899 3900/5643/3900
f 3889/5628/3889 3902/5645/3902 3892/5631/3892
f 3900/5643/3900 3903/5646/3903 3901/5644/3901
f 3889/5628/3889 3895/5635/3895 3902/5645/3902
f 3904/5647/3904 3901/5644/3901 3903/5646/3903
f 3900/5643/3900 3892/5631/3892 3902/5645/3902
f 3905/5648/3905 3904/5647/3904 3906/5649/3906
f 3906/5649/3906 3904/5647/3904 3903/5646/3903
f 3907/5650/3907 3900/5643/3900 3908/5651/3908
f 3903/5646/3903 3900/5643/3900 3907/5650/3907
f 3897/5639/3897 3909/5652/3909 3895/5635/3895
f 3902/5645/3902 3895/5635/3895 3910/5653/3910
f 3908/5651/3908 3900/5643/3900 3902/5645/3902
f 3906/5649/3906 3903/5646/3903 3911/5654/3911
f 3907/5650/3907 3911/5654/3911 3903/5646/3903
f 3897/5639/3897 3912/5655/3912 3909/5652/3909
f 3908/5651/3908 3902/5645/3902 3913/5656/3913
f 3906/5649/3906 3911/5654/3911 3914/5657/3914
f 3895/5635/3895 3909/5652/3909 3910/5653/3910
f 3907/5650/3907 3915/5658/3915 3911/5654/3911
f 3907/5650/3907 3908/5651/3908 3916/5659/3916
f 3902/5645/3902 3910/5653/3910 3917/5660/3917
f 3913/5656/3913 3902/5645/3902 3917/5660/3917
f 3909/5652/3909 3912/5655/3912 3918/5661/3918
f 3914/5657/3914 3911/5654/3911 3915/5658/3915
f 3916/5659/3916 3908/5651/3908 3913/5656/3913
f 3919/5662/3919 3917/5660/3917 3910/5653/3910
f 3910/5653/3910 3909/5652/3909 3920/5663/3920
f 3921/5664/3921 3909/5652/3909 3918/5661/3918
f 3919/5662/3919 3910/5653/3910 3920/5663/3920
f 3920/5663/3920 3909/5652/3909 3921/5664/3921
f 3916/5659/3916 3913/5656/3913 3922/5665/3922
f 3917/5660/3917 3922/5665/3922 3913/5656/3913
f 3907/5650/3907 3916/5659/3916 3923/5666/3923
f 3916/5659/3916 3922/5665/3922 3924/5667/3924
f 3925/5668/3925 3922/5665/3922 3917/5660/3917
f 3923/5666/3923 3916/5659/3916 3924/5667/3924
f 3923/5666/3923 3915/5658/3915 3907/5650/3907
f 3918/5661/3918 3926/5669/3926 3921/5664/3921
f 3924/5667/3924 3922/5665/3922 3925/5668/3925
f 3924/5667/3924 3925/5668/3925 3927/5670/3927
f 3927/5670/3927 3923/5666/3923 3924/5667/3924
f 3928/5671/3928 3915/5658/3915 3923/5666/3923
f 3929/5672/3929 3923/5666/3923 3927/5670/3927
f 3920/5663/3920 3930/5673/3930 3919/5662/3919
f 3921/5664/3921 3930/5673/3930 3920/5663/3920
f 3917/5660/3917 3919/5662/3919 3925/5668/3925
f 3931/5674/3931 3915/5658/3915 3928/5671/3928
f 3927/5670/3927 3925/5668/3925 3932/5675/3932
f 3933/5676/3933 3931/5674/3931 3934/5677/3934
f 3935/5678/3935 3921/5664/3921 3926/5669/3926
f 3928/5671/3928 3923/5666/3923 3936/5679/3936
f 3937/5680/3937 3919/5662/3919 3930/5673/3930
f 3930/5673/3930 3921/5664/3921 3938/5681/3938
f 3925/5668/3925 3919/5662/3919 3937/5680/3937
f 3936/5679/3936 3923/5666/3923 3929/5672/3929
f 3937/5680/3937 3939/5682/3939 3932/5675/3932
f 3937/5680/3937 3932/5675/3932 3925/5668/3925
f 3929/5672/3929 3927/5670/3927 3940/5683/3940
f 3940/5683/3940 3927/5670/3927 3932/5675/3932
f 3932/5675/3932 3939/5682/3939 3940/5683/3940
f 3936/5679/3936 3929/5672/3929 3941/5684/3941
f 3939/5682/3939 3942/5685/3942 3940/5683/3940
f 3943/5686/3943 3939/5682/3939 3937/5680/3937
f 3929/5672/3929 3940/5683/3940 3942/5685/3942
f 3941/5684/3941 3929/5672/3929 3942/5685/3942
f 3930/5673/3930 3944/5687/3944 3937/5680/3937
f 3944/5687/3944 3930/5673/3930 3938/5681/3938
f 3938/5681/3938 3921/5664/3921 3935/5678/3935
f 3943/5686/3943 3942/5685/3942 3939/5682/3939
f 3945/5688/3945 3941/5684/3941 3942/5685/3942
f 3946/5689/3946 3934/5677/3934 3947/5690/3947
f 3931/5674/3931 3928/5671/3928 3948/5691/3948
f 3936/5679/3936 3941/5684/3941 3949/5692/3949
f 3928/5671/3928 3936/5679/3936 3950/5693/3950
f 3951/5694/3951 3937/5680/3937 3944/5687/3944
f 3952/5695/3952 3951/5694/3951 3944/5687/3944
f 3947/5690/3947 3934/5677/3934 3948/5691/3948
f 3948/5691/3948 3928/5671/3928 3950/5693/3950
f 3949/5692/3949 3941/5684/3941 3945/5688/3945
f 3943/5686/3943 3425/5696/3425 3942/5685/3942
f 3433/5697/3433 3942/5685/3942 3425/5696/3425
f 3950/5693/3950 3936/5679/3936 3949/5692/3949
f 3953/5698/3953 3938/5681/3938 3935/5678/3935
f 3938/5681/3938 3953/5698/3953 3944/5687/3944
f 3950/5693/3950 3949/5692/3949 3954/5699/3954
f 3951/5694/3951 3952/5695/3952 3955/5700/3955
f 3934/5677/3934 3931/5674/3931 3948/5691/3948
f 3956/5701/3956 3957/5702/3957 3958/5703/3958
f 1965/5704/1965 3958/5703/3958 3957/5702/3957
f 3959/5705/3959 3960/5706/3960 3961/5707/3961
f 3958/5703/3958 3962/5708/3962 3956/5701/3956
f 3961/5707/3961 3960/5706/3960 3963/5709/3963
f 3962/5708/3962 3958/5703/3958 1965/5704/1965
f 1963/5710/1963 2006/5711/2006 3961/5707/3961
f 3964/5712/3964 3965/5713/3965 3966/5714/3966
f 3960/5706/3960 3959/5705/3959 3967/5715/3967
f 3962/5708/3962 3968/5716/3968 3956/5701/3956
f 3963/5709/3963 1963/5710/1963 3961/5707/3961
f 3962/5708/3962 1965/5704/1965 3969/5717/3969
f 3970/5718/3970 3971/5719/3971 3965/5713/3965
f 3972/5720/3972 3973/5721/3973 3956/5701/3956
f 3956/5701/3956 3973/5721/3973 3957/5702/3957
f 3957/5702/3957 3961/5707/3961 2006/5711/2006
f 3963/5709/3963 1964/5722/1964 1963/5710/1963
f 3974/5723/3974 1965/5704/1965 1964/5722/1964
f 3964/5712/3964 1837/5724/1837 3975/5725/3975
f 1837/5724/1837 3976/5726/3976 3975/5725/3975
f 3966/5714/3966 3965/5713/3965 3977/5727/3977
f 3965/5713/3965 3978/5728/3978 3970/5718/3970
f 3979/5729/3979 3968/5716/3968 3980/5730/3980
f 3960/5706/3960 3981/5731/3981 3963/5709/3963
f 3974/5723/3974 3969/5717/3969 1965/5704/1965
f 1964/5722/1964 3963/5709/3963 3964/5712/3964
f 3964/5712/3964 3963/5709/3963 1837/5724/1837
f 3982/5732/3982 3983/5733/3983 3984/5734/3984
f 3965/5713/3965 3964/5712/3964 3975/5725/3975
f 3985/5735/3985 3964/5712/3964 3966/5714/3966
f 3978/5728/3978 3965/5713/3965 3975/5725/3975
f 3971/5719/3971 3986/5736/3986 3965/5713/3965
f 3977/5727/3977 3965/5713/3965 3986/5736/3986
f 3956/5701/3956 3968/5716/3968 3972/5720/3972
f 3973/5721/3973 3959/5705/3959 3961/5707/3961
f 3980/5730/3980 3962/5708/3962 3987/5737/3987
f 3987/5737/3987 3962/5708/3962 3969/5717/3969
f 3963/5709/3963 3981/5731/3981 1837/5724/1837
f 3974/5723/3974 1964/5722/1964 3964/5712/3964
f 3976/5726/3976 1837/5724/1837 1966/5738/1966
f 3976/5726/3976 3988/5739/3988 3975/5725/3975
f 3986/5736/3986 3989/5740/3989 3977/5727/3977
f 3981/5731/3981 1838/5741/1838 1837/5724/1837
f 3983/5733/3983 3987/5737/3987 3969/5717/3969
f 3984/5734/3984 3969/5717/3969 3974/5723/3974
f 3983/5733/3983 3969/5717/3969 3984/5734/3984
f 3990/5742/3990 3984/5734/3984 3974/5723/3974
f 3988/5739/3988 3978/5728/3978 3975/5725/3975
f 3985/5735/3985 3966/5714/3966 3977/5727/3977
f 3977/5727/3977 3989/5740/3989 3991/5743/3991
f 3978/5728/3978 3992/5744/3992 3970/5718/3970
f 3990/5742/3990 3974/5723/3974 3964/5712/3964
f 3970/5718/3970 3992/5744/3992 3993/5745/3993
f 3985/5735/3985 3990/5742/3990 3964/5712/3964
f 3994/5746/3994 3977/5727/3977 3991/5743/3991
f 3995/5747/3995 3980/5730/3980 3987/5737/3987
f 3983/5733/3983 3996/5748/3996 3987/5737/3987
f 3982/5732/3982 3984/5734/3984 3985/5735/3985
f 3985/5735/3985 3984/5734/3984 3990/5742/3990
f 3977/5727/3977 3994/5746/3994 3985/5735/3985
f 3982/5732/3982 3985/5735/3985 3994/5746/3994
f 3978/5728/3978 3997/5749/3997 3992/5744/3992
f 3987/5737/3987 3996/5748/3996 3995/5747/3995
f 3983/5733/3983 3982/5732/3982 3998/5750/3998
f 3997/5749/3997 3978/5728/3978 3988/5739/3988
f 3991/5743/3991 3989/5740/3989 3999/5751/3999
f 3996/5748/3996 3983/5733/3983 3998/5750/3998
f 3991/5743/3991 4000/5752/4000 3994/5746/3994
f 3982/5732/3982 3994/5746/3994 3998/5750/3998
f 4000/5752/4000 3991/5743/3991 4001/5753/4001
f 3999/5751/3999 4001/5753/4001 3991/5743/3991
f 4000/5752/4000 3998/5750/3998 3994/5746/3994
f 1965/5704/1965 3957/5702/3957 2006/5711/2006
f 3973/5721/3973 3961/5707/3961 3957/5702/3957
f 3962/5708/3962 3980/5730/3980 3968/5716/3968
f 4002/5754/4002 3885/5755/3885 3884/5756/3884
f 4003/5757/4003 3888/5758/3888 3885/5755/3885
f 4002/5754/4002 4003/5757/4003 3885/5755/3885
f 4002/5754/4002 3884/5756/3884 4004/5759/4004
f 4005/5760/4005 4003/5757/4003 4002/5754/4002
f 4002/5754/4002 4004/5759/4004 4005/5760/4005
f 3891/5761/3891 3888/5758/3888 4003/5757/4003
f 4004/5759/4004 3884/5756/3884 4006/5762/4006
f 4006/5762/4006 4007/5763/4007 4004/5759/4004
f 4008/5764/4008 4006/5762/4006 3884/5756/3884
f 4005/5760/4005 3891/5761/3891 4003/5757/4003
f 4008/5764/4008 3884/5756/3884 3887/5765/3887
f 4009/5766/4009 4007/5763/4007 4006/5762/4006
f 4008/5764/4008 3887/5765/3887 4010/5767/4010
f 4011/5768/4011 4006/5762/4006 4008/5764/4008
f 4009/5766/4009 4006/5762/4006 4011/5768/4011
f 3891/5761/3891 4005/5760/4005 4012/5769/4012
f 4007/5763/4007 4005/5760/4005 4004/5759/4004
f 4012/5769/4012 3897/5770/3897 3891/5761/3891
f 4005/5760/4005 4007/5763/4007 4013/5771/4013
f 4011/5768/4011 4008/5764/4008 4014/5772/4014
f 4008/5764/4008 4010/5767/4010 4014/5772/4014
f 4013/5771/4013 4012/5769/4012 4005/5760/4005
f 4014/5772/4014 4010/5767/4010 4015/5773/4015
f 4016/5774/4016 4009/5766/4009 4011/5768/4011
f 4017/5775/4017 4011/5768/4011 4014/5772/4014
f 4017/5775/4017 4016/5774/4016 4011/5768/4011
f 4016/5774/4016 4007/5763/4007 4009/5766/4009
f 4015/5773/4015 4018/5776/4018 4014/5772/4014
f 4019/5777/4019 4017/5775/4017 4014/5772/4014
f 3897/5770/3897 4012/5769/4012 3912/5778/3912
f 4020/5779/4020 4012/5769/4012 4013/5771/4013
f 4016/5774/4016 4021/5780/4021 4007/5763/4007
f 4022/5781/4022 4016/5774/4016 4017/5775/4017
f 4021/5780/4021 4013/5771/4013 4007/5763/4007
f 4019/5777/4019 4014/5772/4014 4018/5776/4018
f 4017/5775/4017 4019/5777/4019 4022/5781/4022
f 4020/5779/4020 3912/5778/3912 4012/5769/4012
f 4023/5782/4023 4016/5774/4016 4022/5781/4022
f 4021/5780/4021 4016/5774/4016 4023/5782/4023
f 4024/5783/4024 4020/5779/4020 4013/5771/4013
f 4018/5776/4018 4025/5784/4025 4019/5777/4019
f 4022/5781/4022 4019/5777/4019 4026/5785/4026
f 4027/5786/4027 3918/5787/3918 3912/5778/3912
f 3912/5778/3912 4020/5779/4020 4027/5786/4027
f 4025/5784/4025 4026/5785/4026 4019/5777/4019
f 4023/5782/4023 4022/5781/4022 4028/5788/4028
f 4026/5785/4026 4028/5788/4028 4022/5781/4022
f 4024/5783/4024 4013/5771/4013 4021/5780/4021
f 4024/5783/4024 4027/5786/4027 4020/5779/4020
f 4021/5780/4021 4023/5782/4023 4029/5789/4029
f 4026/5785/4026 4025/5784/4025 4030/5790/4030
f 4026/5785/4026 4030/5790/4030 4028/5788/4028
f 4029/5789/4029 4024/5783/4024 4021/5780/4021
f 4031/5791/4031 4027/5786/4027 4024/5783/4024
f 4028/5788/4028 4029/5789/4029 4023/5782/4023
f 4027/5786/4027 3926/5792/3926 3918/5787/3918
f 4032/5793/4032 4030/5790/4030 4025/5784/4025
f 4033/5794/4033 4031/5791/4031 4024/5783/4024
f 4034/5795/4034 4029/5789/4029 4028/5788/4028
f 3935/5796/3935 3926/5792/3926 4027/5786/4027
f 4035/5797/4035 3935/5796/3935 4027/5786/4027
f 4033/5794/4033 4024/5783/4024 4029/5789/4029
f 4030/5790/4030 4032/5793/4032 4036/5798/4036
f 4034/5795/4034 4033/5794/4033 4029/5789/4029
f 4034/5795/4034 4028/5788/4028 4030/5790/4030
f 4035/5797/4035 4027/5786/4027 4031/5791/4031
f 4032/5793/4032 4037/5799/4037 4036/5798/4036
f 4030/5790/4030 4036/5798/4036 4034/5795/4034
f 4038/5800/4038 4033/5794/4033 4034/5795/4034
f 3953/5801/3953 3935/5796/3935 4035/5797/4035
f 4039/5802/4039 4034/5795/4034 4036/5798/4036
f 4038/5800/4038 4031/5791/4031 4033/5794/4033
f 4040/5803/4040 4036/5798/4036 4037/5799/4037
f 4038/5800/4038 4034/5795/4034 4039/5802/4039
f 4039/5802/4039 4036/5798/4036 4040/5803/4040
f 4040/5803/4040 4041/5804/4041 4039/5802/4039
f 3953/5801/3953 4035/5797/4035 4042/5805/4042
f 4035/5797/4035 4031/5791/4031 4043/5806/4043
f 4043/5806/4043 4031/5791/4031 4038/5800/4038
f 4038/5800/4038 4044/5807/4044 4043/5806/4043
f 4038/5800/4038 4039/5802/4039 4044/5807/4044
f 4042/5805/4042 4035/5797/4035 4043/5806/4043
f 4043/5806/4043 4044/5807/4044 4045/5808/4045
f 4044/5807/4044 4039/5802/4039 4041/5804/4041
f 4041/5804/4041 4045/5808/4045 4044/5807/4044
f 4043/5806/4043 4045/5808/4045 4042/5805/4042
f 3567/5809/3567 4046/5810/4046 3562/5811/3562
f 3562/5811/3562 4046/5810/4046 3779/5812/3779
f 3564/5813/3564 3572/5814/3572 4047/5815/4047
f 4047/5815/4047 3572/5814/3572 3847/5816/3847
f 3570/5817/3570 4048/5818/4048 3567/5809/3567
f 4049/5819/4049 4046/5810/4046 3567/5809/3567
f 4050/5820/4050 3779/5812/3779 4046/5810/4046
f 4051/5821/4051 4052/5822/4052 3564/5813/3564
f 3564/5813/3564 4052/5822/4052 3570/5817/3570
f 3779/5812/3779 4050/5820/4050 3782/5823/3782
f 4051/5821/4051 3564/5813/3564 4047/5815/4047
f 4049/5819/4049 4053/5824/4053 4046/5810/4046
f 4053/5824/4053 4050/5820/4050 4046/5810/4046
f 4048/5818/4048 4049/5819/4049 3567/5809/3567
f 4052/5822/4052 4048/5818/4048 3570/5817/3570
f 4054/5825/4054 4049/5819/4049 4048/5818/4048
f 3782/5823/3782 4055/5826/4055 3783/5827/3783
f 4050/5820/4050 4055/5826/4055 3782/5823/3782
f 4049/5819/4049 4054/5825/4054 4053/5824/4053
f 4050/5820/4050 4056/5828/4056 4055/5826/4055
f 4057/5829/4057 4051/5821/4051 4047/5815/4047
f 4053/5824/4053 4056/5828/4056 4050/5820/4050
f 4047/5815/4047 3847/5816/3847 3850/5830/3850
f 4051/5821/4051 4057/5829/4057 4052/5822/4052
f 4052/5822/4052 4058/5831/4058 4048/5818/4048
f 3850/5830/3850 4057/5829/4057 4047/5815/4047
f 4058/5831/4058 4054/5825/4054 4048/5818/4048
f 3785/5832/3785 3783/5827/3783 4055/5826/4055
f 3785/5832/3785 4059/5833/4059 3784/5834/3784
f 4057/5829/4057 3850/5830/3850 3856/5835/3856
f 4052/5822/4052 4060/5836/4060 4058/5831/4058
f 4054/5825/4054 4061/5837/4061 4053/5824/4053
f 4062/5838/4062 4054/5825/4054 4058/5831/4058
f 4063/5839/4063 4055/5826/4055 4056/5828/4056
f 4062/5838/4062 4058/5831/4058 4060/5836/4060
f 4061/5837/4061 4064/5840/4064 4053/5824/4053
f 4057/5829/4057 4060/5836/4060 4052/5822/4052
f 4061/5837/4061 4054/5825/4054 4062/5838/4062
f 4053/5824/4053 4064/5840/4064 4056/5828/4056
f 4064/5840/4064 4063/5839/4063 4056/5828/4056
f 4064/5840/4064 4061/5837/4061 4065/5841/4065
f 3856/5835/3856 3871/5842/3871 4057/5829/4057
f 3785/5832/3785 4066/5843/4066 4059/5833/4059
f 4061/5837/4061 4062/5838/4062 4067/5844/4067
f 4065/5841/4065 4061/5837/4061 4067/5844/4067
f 4064/5840/4064 4065/5841/4065 4068/5845/4068
f 4069/5846/4069 4070/5847/4070 4071/5848/4071
f 4072/5849/4072 4067/5844/4067 4062/5838/4062
f 4069/5846/4069 4065/5841/4065 4070/5847/4070
f 3785/5832/3785 4073/5850/4073 4066/5843/4066
f 3634/5851/3634 4059/5852/4059 4066/5853/4066
f 4074/5854/4074 4060/5836/4060 4057/5829/4057
f 4062/5838/4062 4060/5836/4060 4074/5854/4074
f 4075/5855/4075 4065/5841/4065 4069/5846/4069
f 4068/5845/4068 4065/5841/4065 4075/5855/4075
f 4063/5839/4063 4073/5850/4073 3785/5832/3785
f 4075/5855/4075 4071/5848/4071 4072/5849/4072
f 4075/5855/4075 4069/5846/4069 4071/5848/4071
f 4076/5856/4076 4066/5843/4066 4073/5850/4073
f 3618/5857/3618 4066/5843/4066 4076/5856/4076
f 3624/5858/3624 3634/5859/3634 4077/5860/4077
f 4073/5850/4073 4063/5839/4063 4064/5840/4064
f 4077/5861/4077 3638/5862/3638 3618/5857/3618
f 4077/5861/4077 3618/5857/3618 4076/5856/4076
f 4074/5854/4074 4072/5849/4072 4062/5838/4062
f 4077/5860/4077 4076/5863/4076 3635/5864/3635
f 3624/5858/3624 4077/5860/4077 3635/5864/3635
f 4072/5849/4072 4074/5854/4074 4075/5855/4075
f 4068/5845/4068 4078/5865/4078 4064/5840/4064
f 4074/5854/4074 4057/5829/4057 4079/5866/4079
f 3871/5842/3871 4079/5866/4079 4057/5829/4057
f 4075/5855/4075 4074/5854/4074 4080/5867/4080
f 4081/5868/4081 4068/5845/4068 4075/5855/4075
f 4078/5865/4078 4068/5845/4068 4081/5868/4081
f 4064/5840/4064 4078/5865/4078 4073/5850/4073
f 4080/5867/4080 4081/5868/4081 4075/5855/4075
f 4082/5869/4082 4074/5854/4074 4079/5866/4079
f 4074/5854/4074 4082/5869/4082 4080/5867/4080
f 4073/5850/4073 4083/5870/4083 4076/5856/4076
f 3871/5842/3871 4082/5869/4082 4079/5866/4079
f 4082/5869/4082 3871/5842/3871 3879/5871/3879
f 4082/5869/4082 4084/5872/4084 4080/5867/4080
f 4085/5873/4085 4082/5869/4082 3879/5871/3879
f 4073/5850/4073 4086/5874/4086 4083/5870/4083
f 4081/5868/4081 4080/5867/4080 4084/5872/4084
f 4081/5868/4081 4087/5875/4087 4078/5865/4078
f 4073/5850/4073 4078/5865/4078 4088/5876/4088
f 4085/5873/4085 4089/5877/4089 4082/5869/4082
f 4084/5872/4084 4090/5878/4090 4081/5868/4081
f 4082/5869/4082 4089/5877/4089 4084/5872/4084
f 4090/5878/4090 4087/5875/4087 4081/5868/4081
f 4089/5877/4089 4090/5878/4090 4084/5872/4084
f 4073/5850/4073 4088/5876/4088 4086/5874/4086
f 4078/5865/4078 4091/5879/4091 4088/5876/4088
f 4088/5876/4088 4092/5880/4092 4086/5874/4086
f 3879/5871/3879 4093/5881/4093 4085/5873/4085
f 4087/5875/4087 4091/5879/4091 4078/5865/4078
f 4085/5873/4085 4093/5881/4093 4089/5877/4089
f 4094/5882/4094 4090/5878/4090 4089/5877/4089
f 4083/5870/4083 4086/5874/4086 4095/5883/4095
f 4087/5875/4087 4096/5884/4096 4091/5879/4091
f 4095/5883/4095 4086/5874/4086 4092/5880/4092
f 4091/5879/4091 4097/5885/4097 4088/5876/4088
f 4090/5878/4090 4096/5884/4096 4087/5875/4087
f 4097/5885/4097 4092/5880/4092 4088/5876/4088
f 4096/5884/4096 4098/5886/4098 4091/5879/4091
f 3883/5887/3883 4093/5881/4093 3879/5871/3879
f 4094/5882/4094 4096/5884/4096 4090/5878/4090
f 4091/5879/4091 4098/5886/4098 4097/5885/4097
f 4099/5888/4099 4095/5883/4095 4092/5880/4092
f 3881/5889/3881 3883/5887/3883 3879/5871/3879
f 4094/5882/4094 4089/5877/4089 4100/5890/4100
f 4093/5881/4093 4101/5891/4101 4089/5877/4089
f 4092/5880/4092 4097/5885/4097 4102/5892/4102
f 4100/5890/4100 4089/5877/4089 4101/5891/4101
f 4102/5892/4102 4099/5888/4099 4092/5880/4092
f 4103/5893/4103 4098/5886/4098 4096/5884/4096
f 4094/5882/4094 4104/5894/4104 4096/5884/4096
f 4105/5895/4105 4093/5881/4093 3883/5887/3883
f 4093/5881/4093 4105/5895/4105 4101/5891/4101
f 4096/5884/4096 4104/5894/4104 4103/5893/4103
f 4100/5890/4100 4104/5894/4104 4094/5882/4094
f 3785/5832/3785 4055/5826/4055 4063/5839/4063
f 3967/5896/3967 3959/5897/3959 4106/5898/4106
f 3972/5899/3972 4107/5900/4107 3973/5901/3973
f 3973/5901/3973 4107/5900/4107 3959/5897/3959
f 3979/5902/3979 4108/5903/4108 3968/5904/3968
f 4106/5898/4106 3960/5905/3960 3967/5896/3967
f 4108/5903/4108 3972/5899/3972 3968/5904/3968
f 4107/5900/4107 4109/5906/4109 3959/5897/3959
f 3960/5905/3960 4106/5898/4106 4110/5907/4110
f 4106/5898/4106 3959/5897/3959 4109/5906/4109
f 4106/5898/4106 4111/5908/4111 4110/5907/4110
f 4111/5908/4111 4112/5909/4112 4110/5907/4110
f 3972/5899/3972 4113/5910/4113 4107/5900/4107
f 4113/5910/4113 3972/5899/3972 4108/5903/4108
f 4108/5903/4108 3979/5902/3979 4114/5911/4114
f 4114/5911/4114 4115/5912/4115 4108/5903/4108
f 4106/5898/4106 4116/5913/4116 4111/5908/4111
f 4113/5910/4113 4117/5914/4117 4107/5900/4107
f 4108/5903/4108 4115/5912/4115 4113/5910/4113
f 4113/5910/4113 4115/5912/4115 4117/5914/4117
f 4116/5913/4116 4106/5898/4106 4109/5906/4109
f 4118/5915/4118 4107/5900/4107 4117/5914/4117
f 4109/5906/4109 4107/5900/4107 4118/5915/4118
f 4118/5915/4118 4116/5913/4116 4109/5906/4109
f 4112/5909/4112 4111/5908/4111 4119/5916/4119
f 4116/5913/4116 4120/5917/4120 4111/5908/4111
f 4115/5912/4115 4114/5911/4114 4121/5918/4121
f 4116/5913/4116 4122/5919/4122 4120/5917/4120
f 4119/5916/4119 4111/5908/4111 4120/5917/4120
f 4117/5914/4117 4123/5920/4123 4118/5915/4118
f 4124/5921/4124 4115/5912/4115 4121/5918/4121
f 4115/5912/4115 4124/5921/4124 4117/5914/4117
f 4118/5915/4118 4122/5919/4122 4116/5913/4116
f 4123/5920/4123 4117/5914/4117 4125/5922/4125
f 4125/5922/4125 4117/5914/4117 4124/5921/4124
f 4118/5915/4118 4126/5923/4126 4122/5919/4122
f 4125/5922/4125 4127/5924/4127 4123/5920/4123
f 4127/5924/4127 4118/5915/4118 4123/5920/4123
f 4118/5915/4118 4127/5924/4127 4126/5923/4126
f 4122/5919/4122 4128/5925/4128 4120/5917/4120
f 4122/5919/4122 4126/5923/4126 4129/5926/4129
f 4130/5927/4130 4131/5928/4131 4119/5916/4119
f 4130/5927/4130 4119/5916/4119 4120/5917/4120
f 4120/5917/4120 4128/5925/4128 4130/5927/4130
f 4127/5924/4127 4125/5922/4125 4132/5929/4132
f 4129/5926/4129 4128/5925/4128 4122/5919/4122
f 4125/5922/4125 4124/5921/4124 4132/5929/4132
f 4128/5925/4128 4133/5930/4133 4130/5927/4130
f 4124/5921/4124 4121/5918/4121 4134/5931/4134
f 4128/5925/4128 4129/5926/4129 4133/5930/4133
f 4129/5926/4129 4126/5923/4126 4135/5932/4135
f 4133/5930/4133 4129/5926/4129 4135/5932/4135
f 4124/5921/4124 4136/5933/4136 4132/5929/4132
f 4137/5934/4137 4131/5928/4131 4130/5927/4130
f 4136/5933/4136 4124/5921/4124 4134/5931/4134
f 4127/5924/4127 4138/5935/4138 4126/5923/4126
f 4132/5929/4132 4138/5935/4138 4127/5924/4127
f 4139/5936/4139 4131/5928/4131 4137/5934/4137
f 4133/5930/4133 4140/5937/4140 4130/5927/4130
f 4130/5927/4130 4140/5937/4140 4137/5934/4137
f 4135/5932/4135 4126/5923/4126 4138/5935/4138
f 4135/5932/4135 4140/5937/4140 4133/5930/4133
f 4132/5929/4132 4136/5933/4136 4141/5938/4141
f 4138/5935/4138 4132/5929/4132 4141/5938/4141
f 4134/5931/4134 4142/5939/4142 4136/5933/4136
f 4143/5940/4143 4135/5932/4135 4138/5935/4138
f 4135/5932/4135 4143/5940/4143 4140/5937/4140
f 4137/5934/4137 4144/5941/4144 4139/5936/4139
f 4137/5934/4137 4140/5937/4140 4144/5941/4144
f 4144/5941/4144 4145/5942/4145 4139/5936/4139
f 4136/5933/4136 4146/5943/4146 4141/5938/4141
f 4146/5943/4146 4136/5933/4136 4142/5939/4142
f 4143/5940/4143 4138/5935/4138 4141/5938/4141
f 4143/5940/4143 4141/5938/4141 4147/5944/4147
f 4140/5937/4140 4148/5945/4148 4144/5941/4144
f 4148/5945/4148 4145/5942/4145 4144/5941/4144
f 4140/5937/4140 4143/5940/4143 4148/5945/4148
f 4142/5939/4142 4149/5946/4149 4146/5943/4146
f 4143/5940/4143 4150/5947/4150 4148/5945/4148
f 4151/5948/4151 4141/5938/4141 4146/5943/4146
f 4152/5949/4152 4149/5946/4149 4142/5939/4142
f 4147/5944/4147 4141/5938/4141 4151/5948/4151
f 4148/5945/4148 4153/5950/4153 4145/5942/4145
f 4149/5946/4149 4151/5948/4151 4146/5943/4146
f 4147/5944/4147 4150/5947/4150 4143/5940/4143
f 4151/5948/4151 4154/5951/4154 4147/5944/4147
f 4155/5952/4155 4148/5945/4148 4150/5947/4150
f 4150/5947/4150 4147/5944/4147 4154/5951/4154
f 4154/5951/4154 4156/5953/4156 4150/5947/4150
f 4155/5952/4155 4157/5954/4157 4148/5945/4148
f 4155/5952/4155 4150/5947/4150 4156/5953/4156
f 4158/5955/4158 4154/5951/4154 4151/5948/4151
f 4149/5946/4149 4158/5955/4158 4151/5948/4151
f 4148/5945/4148 4157/5954/4157 4153/5950/4153
f 4154/5951/4154 4159/5956/4159 4156/5953/4156
f 2669/5957/2669 3134/5958/3134 2676/5959/2676
f 3133/5960/3133 2675/5961/2675 2674/5962/2674
f 3133/5960/3133 2676/5959/2676 3134/5958/3134
f 2676/5959/2676 3133/5960/3133 2674/5962/2674
f 3960/5963/3960 4160/5964/4160 3981/5965/3981
f 3960/5963/3960 4110/5966/4110 4160/5964/4160
f 1838/5967/1838 3976/5968/3976 1966/5969/1966
f 3988/5970/3988 3976/5968/3976 4161/5971/4161
f 1838/5967/1838 4161/5971/4161 3976/5968/3976
f 3992/5972/3992 4162/5973/4162 3993/5974/3993
f 4160/5964/4160 1838/5975/1838 3981/5965/3981
f 4161/5971/4161 3997/5976/3997 3988/5970/3988
f 4162/5973/4162 3992/5972/3992 3997/5976/3997
f 3997/5976/3997 4161/5971/4161 4163/5977/4163
f 1838/5967/1838 4163/5977/4163 4161/5971/4161
f 4162/5973/4162 3997/5976/3997 4164/5978/4164
f 4165/5979/4165 4166/5980/4166 4162/5973/4162
f 4165/5979/4165 4162/5973/4162 4164/5978/4164
f 1838/5967/1838 4160/5981/4160 4167/5982/4167
f 4110/5983/4110 4112/5984/4112 4160/5981/4160
f 4167/5982/4167 4163/5977/4163 1838/5967/1838
f 3997/5976/3997 4163/5977/4163 4164/5978/4164
f 4112/5984/4112 4168/5985/4168 4160/5981/4160
f 4169/5986/4169 4166/5980/4166 4165/5979/4165
f 4168/5985/4168 4167/5982/4167 4160/5981/4160
f 4168/5985/4168 4112/5984/4112 4170/5987/4170
f 4164/5978/4164 4171/5988/4171 4165/5979/4165
f 4165/5979/4165 4171/5988/4171 4169/5986/4169
f 4112/5984/4112 4119/5989/4119 4170/5987/4170
f 4163/5977/4163 4172/5990/4172 4164/5978/4164
f 4173/5991/4173 4169/5986/4169 4171/5988/4171
f 4164/5978/4164 4172/5990/4172 4171/5988/4171
f 4167/5982/4167 4174/5992/4174 4163/5977/4163
f 4174/5992/4174 4172/5990/4172 4163/5977/4163
f 4168/5985/4168 4170/5987/4170 4175/5993/4175
f 4175/5993/4175 4167/5982/4167 4168/5985/4168
f 4167/5982/4167 4176/5994/4176 4174/5992/4174
f 4174/5992/4174 4177/5995/4177 4172/5990/4172
f 4172/5990/4172 4178/5996/4178 4171/5988/4171
f 4171/5988/4171 4178/5996/4178 4179/5997/4179
f 4179/5997/4179 4173/5991/4173 4171/5988/4171
f 4119/5989/4119 4131/5998/4131 4170/5987/4170
f 4175/5993/4175 4170/5987/4170 4131/5998/4131
f 4176/5994/4176 4167/5982/4167 4175/5993/4175
f 4176/5994/4176 4180/5999/4180 4174/5992/4174
f 4181/6000/4181 4174/5992/4174 4180/5999/4180
f 4182/6001/4182 4181/6000/4181 4180/5999/4180
f 4182/6001/4182 4180/5999/4180 4176/5994/4176
f 4183/6002/4183 4181/6003/4181 4182/6004/4182
f 4178/5996/4178 4184/6005/4184 4179/5997/4179
f 4179/5997/4179 4184/6005/4184 4173/5991/4173
f 4183/6002/4183 4182/6004/4182 4185/6006/4185
f 4177/5995/4177 4186/6007/4186 4172/5990/4172
f 4185/6008/4185 4182/6001/4182 4176/5994/4176
f 4187/6009/4187 4186/6007/4186 4177/5995/4177
f 4186/6007/4186 4178/5996/4178 4172/5990/4172
f 4184/6005/4184 4188/6010/4188 4173/5991/4173
f 4185/6008/4185 4176/5994/4176 4189/6011/4189
f 4176/5994/4176 4190/6012/4190 4189/6011/4189
f 4183/6002/4183 4185/6006/4185 4191/6013/4191
f 4192/6014/4192 4184/6005/4184 4178/5996/4178
f 4191/6015/4191 4185/6008/4185 4189/6011/4189
f 4186/6007/4186 4187/6009/4187 4191/6015/4191
f 4175/5993/4175 4193/6016/4193 4176/5994/4176
f 4193/6016/4193 4175/5993/4175 4131/5998/4131
f 4190/6012/4190 4176/5994/4176 4193/6016/4193
f 4190/6012/4190 4193/6016/4193 4194/6017/4194
f 4193/6016/4193 4131/5998/4131 4195/6018/4195
f 4184/6005/4184 4196/6019/4196 4188/6010/4188
f 4191/6015/4191 4197/6020/4197 4186/6007/4186
f 4192/6014/4192 4196/6019/4196 4184/6005/4184
f 4195/6018/4195 4131/5998/4131 4139/6021/4139
f 4186/6007/4186 4197/6020/4197 4178/5996/4178
f 4197/6020/4197 4191/6015/4191 4189/6011/4189
f 4189/6011/4189 4190/6012/4190 4197/6020/4197
f 4192/6014/4192 4178/5996/4178 4197/6020/4197
f 4194/6017/4194 4193/6016/4193 4195/6018/4195
f 4197/6020/4197 4198/6022/4198 4192/6014/4192
f 4199/6023/4199 4196/6019/4196 4192/6014/4192
f 4196/6019/4196 4200/6024/4200 4188/6010/4188
f 4190/6012/4190 4201/6025/4201 4197/6020/4197
f 4190/6012/4190 4194/6017/4194 4201/6025/4201
f 4201/6025/4201 4198/6022/4198 4197/6020/4197
f 4199/6023/4199 4192/6014/4192 4198/6022/4198
f 4202/6026/4202 4201/6025/4201 4194/6017/4194
f 4194/6017/4194 4195/6018/4195 4203/6027/4203
f 4203/6027/4203 4195/6018/4195 4139/6021/4139
f 4203/6027/4203 4204/6028/4204 4194/6017/4194
f 4196/6019/4196 4205/6029/4205 4200/6024/4200
f 4203/6027/4203 4139/6021/4139 4145/6030/4145
f 4205/6029/4205 4196/6019/4196 4206/6031/4206
f 4194/6017/4194 4204/6028/4204 4202/6026/4202
f 4207/6032/4207 4201/6025/4201 4202/6026/4202
f 4206/6031/4206 4196/6019/4196 4199/6023/4199
f 4198/6022/4198 4208/6033/4208 4199/6023/4199
f 4209/6034/4209 4202/6026/4202 4204/6028/4204
f 4201/6025/4201 4210/6035/4210 4198/6022/4198
f 4198/6022/4198 4211/6036/4211 4208/6033/4208
f 4204/6028/4204 4203/6027/4203 4209/6034/4209
f 4207/6032/4207 4210/6035/4210 4201/6025/4201
f 4211/6036/4211 4198/6022/4198 4210/6035/4210
f 4212/6037/4212 4199/6023/4199 4208/6033/4208
f 4199/6023/4199 4212/6037/4212 4206/6031/4206
f 4206/6031/4206 4213/6038/4213 4205/6029/4205
f 4214/6039/4214 4207/6032/4207 4202/6026/4202
f 4215/6040/4215 4210/6035/4210 4207/6032/4207
f 4202/6026/4202 4209/6034/4209 4214/6039/4214
f 4203/6027/4203 4145/6030/4145 4153/6041/4153
f 4207/6032/4207 4214/6039/4214 4216/6042/4216
f 4207/6032/4207 4216/6042/4216 4215/6040/4215
f 4210/6035/4210 4215/6040/4215 4211/6036/4211
f 4209/6034/4209 4217/6043/4217 4214/6039/4214
f 4211/6036/4211 4215/6040/4215 4218/6044/4218
f 4219/6045/4219 4203/6027/4203 4153/6041/4153
f 4162/5973/4162 4166/5980/4166 3993/5974/3993
f 4203/6027/4203 4219/6045/4219 4209/6034/4209
f 3986/6046/3986 4220/6047/4220 3989/6048/3989
f 3986/6046/3986 3971/6049/3971 4220/6047/4220
f 4221/6050/4221 3971/6049/3971 3970/6051/3970
f 4221/6050/4221 3970/6051/3970 4222/6052/4222
f 4220/6047/4220 3971/6049/3971 4221/6050/4221
f 3970/6051/3970 3993/6053/3993 4222/6052/4222
f 4220/6047/4220 3999/6054/3999 3989/6048/3989
f 4221/6050/4221 4223/6055/4223 4220/6047/4220
f 4222/6052/4222 3993/6053/3993 4224/6056/4224
f 4166/6057/4166 4224/6056/4224 3993/6053/3993
f 3999/6054/3999 4220/6047/4220 4225/6058/4225
f 4001/6059/4001 3999/6054/3999 4226/6060/4226
f 4227/6061/4227 4222/6052/4222 4224/6056/4224
f 4221/6050/4221 4222/6052/4222 4227/6061/4227
f 4226/6060/4226 3999/6054/3999 4225/6058/4225
f 4220/6047/4220 4223/6055/4223 4225/6058/4225
f 4223/6055/4223 4221/6050/4221 4227/6061/4227
f 4166/6057/4166 4169/6062/4169 4224/6056/4224
f 4227/6061/4227 4228/6063/4228 4223/6055/4223
f 4226/6060/4226 4229/6064/4229 4001/6059/4001
f 4226/6060/4226 4225/6058/4225 4230/6065/4230
f 4227/6061/4227 4224/6056/4224 4231/6066/4231
f 4224/6056/4224 4169/6062/4169 4231/6066/4231
f 4226/6060/4226 4232/6067/4232 4229/6064/4229
f 4233/6068/4233 4230/6065/4230 4225/6058/4225
f 4234/6069/4234 4232/6067/4232 4226/6060/4226
f 4227/6061/4227 4231/6066/4231 4228/6063/4228
f 4231/6066/4231 4169/6062/4169 4173/6070/4173
f 4234/6069/4234 4226/6060/4226 4230/6065/4230
f 4223/6055/4223 4228/6063/4228 4233/6068/4233
f 4233/6068/4233 4228/6063/4228 4235/6071/4235
f 4234/6069/4234 4230/6065/4230 4236/6072/4236
f 4230/6065/4230 4233/6068/4233 4236/6072/4236
f 4237/6073/4237 4232/6067/4232 4234/6069/4234
f 4233/6068/4233 4238/6074/4238 4236/6072/4236
f 4228/6063/4228 4231/6066/4231 4239/6075/4239
f 4188/6076/4188 4231/6066/4231 4173/6070/4173
f 4239/6075/4239 4235/6071/4235 4228/6063/4228
f 4188/6076/4188 4239/6075/4239 4231/6066/4231
f 4233/6068/4233 4235/6071/4235 4240/6077/4240
f 4233/6068/4233 4240/6077/4240 4238/6074/4238
f 4234/6069/4234 4236/6072/4236 4238/6074/4238
f 4241/6078/4241 4237/6073/4237 4234/6069/4234
f 4234/6069/4234 4238/6074/4238 4241/6078/4241
f 4242/6079/4242 4235/6071/4235 4239/6075/4239
f 4237/6073/4237 4241/6078/4241 4243/6080/4243
f 4239/6075/4239 4188/6076/4188 4200/6081/4200
f 4235/6071/4235 4242/6079/4242 4240/6077/4240
f 4243/6080/4243 4241/6078/4241 4244/6082/4244
f 4244/6082/4244 4241/6078/4241 4245/6083/4245
f 4238/6074/4238 4240/6077/4240 4245/6083/4245
f 4238/6074/4238 4245/6083/4245 4241/6078/4241
f 4242/6079/4242 4239/6075/4239 4246/6084/4246
f 4239/6075/4239 4247/6085/4247 4246/6084/4246
f 4200/6081/4200 4247/6085/4247 4239/6075/4239
f 4240/6077/4240 4242/6079/4242 4248/6086/4248
f 4249/6087/4249 4248/6086/4248 4242/6079/4242
f 4250/6088/4250 4249/6087/4249 4242/6079/4242
f 4240/6077/4240 4248/6086/4248 4251/6089/4251
f 4240/6077/4240 4251/6089/4251 4245/6083/4245
f 4200/6081/4200 4205/6090/4205 4247/6085/4247
f 4250/6088/4250 4242/6079/4242 4246/6084/4246
f 4248/6086/4248 4252/6091/4252 4251/6089/4251
f 4253/6092/4253 4244/6082/4244 4245/6083/4245
f 4245/6083/4245 4251/6089/4251 4254/6093/4254
f 4247/6085/4247 4205/6090/4205 4213/6094/4213
f 4245/6083/4245 4254/6093/4254 4253/6092/4253
f 4252/6091/4252 4255/6095/4255 4251/6089/4251
f 4251/6089/4251 4255/6095/4255 4256/6096/4256
f 4257/6097/4257 4250/6088/4250 4246/6084/4246
f 4246/6084/4246 4247/6085/4247 4258/6098/4258
f 4250/6088/4250 4257/6097/4257 4259/6099/4259
f 4213/6094/4213 4258/6098/4258 4247/6085/4247
f 4257/6097/4257 4246/6084/4246 4258/6098/4258
f 4251/6089/4251 4256/6096/4256 4254/6093/4254
f 4255/6095/4255 4259/6099/4259 4256/6096/4256
f 4259/6099/4259 4257/6097/4257 4256/6096/4256
f 4260/6100/4260 4257/6097/4257 4261/6101/4261
f 4257/6097/4257 4260/6100/4260 4256/6096/4256
f 4256/6096/4256 4260/6100/4260 4262/6102/4262
f 4262/6102/4262 4260/6100/4260 4263/6103/4263
f 4233/6068/4233 4225/6058/4225 4223/6055/4223
f 4256/6096/4256 4262/6102/4262 4254/6093/4254
f 3577/6104/3577 4264/6105/4264 3575/6106/3575
f 3577/6104/3577 4265/6107/4265 4264/6105/4264
f 4266/6108/4266 3576/6109/3576 3575/6106/3575
f 3577/6104/3577 3578/6110/3578 4265/6107/4265
f 3575/6106/3575 4264/6105/4264 4266/6108/4266
f 4267/6111/4267 3579/6112/3579 3576/6109/3576
f 3576/6109/3576 4266/6108/4266 4267/6111/4267
f 3569/6113/3569 3573/6114/3573 3675/6115/3675
f 4266/6108/4266 4264/6105/4264 4268/6116/4268
f 3580/6117/3580 4265/6107/4265 3578/6110/3578
f 4267/6111/4267 4266/6108/4266 4269/6118/4269
f 4265/6107/4265 4270/6119/4270 4264/6105/4264
f 4266/6108/4266 4268/6116/4268 4271/6120/4271
f 4266/6108/4266 4271/6120/4271 4269/6118/4269
f 4268/6116/4268 4264/6105/4264 4270/6119/4270
f 3579/6112/3579 4267/6111/4267 3582/6121/3582
f 4265/6107/4265 3580/6117/3580 4272/6122/4272
f 4267/6111/4267 4273/6123/4273 3582/6121/3582
f 4272/6122/4272 4270/6119/4270 4265/6107/4265
f 4272/6122/4272 3580/6117/3580 4274/6124/4274
f 3573/6114/3573 3584/6125/3584 3675/6115/3675
f 4273/6123/4273 4267/6111/4267 4275/6126/4275
f 4267/6111/4267 4269/6118/4269 4275/6126/4275
f 3799/6127/3799 4274/6124/4274 3580/6117/3580
f 4276/6128/4276 3675/6115/3675 3584/6125/3584
f 3585/6129/3585 3582/6121/3582 4273/6123/4273
f 4272/6122/4272 4274/6124/4274 4277/6130/4277
f 3675/6115/3675 4276/6128/4276 3679/6131/3679
f 3583/6132/3583 3586/6133/3586 3584/6125/3584
f 3799/6127/3799 4278/6134/4278 4274/6124/4274
f 4279/6135/4279 4272/6122/4272 4277/6130/4277
f 4277/6130/4277 4274/6124/4274 4278/6134/4278
f 4273/6123/4273 4275/6126/4275 4280/6136/4280
f 3799/6127/3799 3805/6137/3805 4278/6134/4278
f 3586/6133/3586 4281/6138/4281 3584/6125/3584
f 3584/6125/3584 4281/6138/4281 4276/6128/4276
f 3585/6129/3585 4282/6139/4282 3587/6140/3587
f 4276/6128/4276 4283/6141/4283 3679/6131/3679
f 4284/6142/4284 4279/6135/4279 4277/6130/4277
f 3805/6137/3805 3813/6143/3813 4278/6134/4278
f 4273/6123/4273 4282/6139/4282 3585/6129/3585
f 4276/6128/4276 4281/6138/4281 4283/6141/4283
f 4282/6139/4282 4273/6123/4273 4280/6136/4280
f 4285/6144/4285 4277/6130/4277 4278/6134/4278
f 3588/6145/3588 4281/6138/4281 3586/6133/3586
f 4278/6134/4278 3813/6143/3813 4285/6144/4285
f 3679/6131/3679 4283/6141/4283 3694/6146/3694
f 4286/6147/4286 3588/6145/3588 3587/6140/3587
f 4281/6138/4281 4287/6148/4287 4283/6141/4283
f 3587/6140/3587 4282/6139/4282 4286/6147/4286
f 4284/6142/4284 4277/6130/4277 4288/6149/4288
f 4289/6150/4289 4282/6139/4282 4280/6136/4280
f 3694/6146/3694 4283/6141/4283 4290/6151/4290
f 4287/6148/4287 4281/6138/4281 3588/6145/3588
f 4286/6147/4286 4291/6152/4291 3588/6145/3588
f 3588/6145/3588 4291/6152/4291 4287/6148/4287
f 4290/6151/4290 4283/6141/4283 4287/6148/4287
f 4288/6149/4288 4277/6130/4277 4285/6144/4285
f 4292/6153/4292 4284/6142/4284 4288/6149/4288
f 3703/6154/3703 3694/6146/3694 4290/6151/4290
f 4285/6144/4285 3813/6143/3813 4293/6155/4293
f 4289/6150/4289 4294/6156/4294 4282/6139/4282
f 4293/6155/4293 4288/6149/4288 4285/6144/4285
f 3813/6143/3813 3822/6157/3822 4293/6155/4293
f 4292/6153/4292 4288/6149/4288 4295/6158/4295
f 4296/6159/4296 4286/6147/4286 4282/6139/4282
f 4291/6152/4291 4286/6147/4286 4296/6159/4296
f 4290/6151/4290 4287/6148/4287 4297/6160/4297
f 4295/6158/4295 4288/6149/4288 4293/6155/4293
f 3703/6154/3703 4290/6151/4290 4297/6160/4297
f 4297/6160/4297 4287/6148/4287 4291/6152/4291
f 4296/6159/4296 4297/6160/4297 4291/6152/4291
f 4282/6139/4282 4294/6156/4294 4298/6161/4298
f 4295/6158/4295 4293/6155/4293 4299/6162/4299
f 4297/6160/4297 3718/6163/3718 3703/6154/3703
f 4296/6159/4296 4300/6164/4300 4297/6160/4297
f 3715/6165/3715 3703/6154/3703 3718/6163/3718
f 4301/6166/4301 4282/6139/4282 4298/6161/4298
f 4297/6160/4297 4300/6164/4300 3718/6163/3718
f 4298/6161/4298 4294/6156/4294 4302/6167/4302
f 4282/6139/4282 4301/6166/4301 4296/6159/4296
f 4295/6158/4295 4299/6162/4299 4303/6168/4303
f 3822/6157/3822 3834/6169/3834 4293/6155/4293
f 3719/6170/3719 3718/6163/3718 4300/6164/4300
f 4296/6159/4296 4301/6166/4301 4300/6164/4300
f 4302/6167/4302 4294/6156/4294 4304/6171/4304
f 4305/6172/4305 4303/6168/4303 4299/6162/4299
f 3834/6169/3834 3839/6173/3839 4293/6155/4293
f 4306/6174/4306 4301/6166/4301 4298/6161/4298
f 4293/6155/4293 3839/6173/3839 4299/6162/4299
f 4301/6166/4301 4307/6175/4307 4300/6164/4300
f 4300/6164/4300 4307/6175/4307 4308/6176/4308
f 4300/6164/4300 4308/6176/4308 3719/6170/3719
f 4302/6167/4302 4309/6177/4309 4298/6161/4298
f 4309/6177/4309 4302/6167/4302 4304/6171/4304
f 4301/6166/4301 4306/6174/4306 4307/6175/4307
f 4309/6177/4309 4304/6171/4304 4310/6178/4310
f 4310/6178/4310 4305/6172/4305 4311/6179/4311
f 4298/6161/4298 4309/6177/4309 4306/6174/4306
f 4311/6179/4311 4305/6172/4305 4299/6162/4299
f 4309/6177/4309 4310/6178/4310 4311/6179/4311
f 3839/6173/3839 3842/6180/3842 4299/6162/4299
f 4312/6181/4312 4306/6174/4306 4309/6177/4309
f 4308/6176/4308 3727/6182/3727 3719/6170/3719
f 3723/6183/3723 3719/6170/3719 3727/6182/3727
f 4306/6174/4306 4312/6181/4312 4307/6175/4307
f 4311/6179/4311 4299/6162/4299 3842/6180/3842
f 4312/6181/4312 4313/6184/4313 4307/6175/4307
f 4307/6175/4307 4314/6185/4314 4308/6176/4308
f 4314/6185/4314 4307/6175/4307 4313/6184/4313
f 4311/6179/4311 4315/6186/4315 4309/6177/4309
f 4309/6177/4309 4315/6186/4315 4312/6181/4312
f 4313/6184/4313 4312/6181/4312 4315/6186/4315
f 3842/6180/3842 4315/6186/4315 4311/6179/4311
f 3842/6180/3842 3843/6187/3843 4316/6188/4316
f 4315/6186/4315 4317/6189/4317 4313/6184/4313
f 4308/6176/4308 3730/6190/3730 3727/6182/3727
f 3842/6180/3842 4316/6188/4316 4315/6186/4315
f 4314/6185/4314 4313/6184/4313 4317/6189/4317
f 3730/6190/3730 4308/6176/4308 4314/6185/4314
f 4316/6188/4316 4317/6189/4317 4315/6186/4315
f 4316/6188/4316 4318/6191/4318 4317/6189/4317
f 4317/6189/4317 4318/6191/4318 4314/6185/4314
f 3843/6187/3843 4318/6191/4318 4316/6188/4316
f 3843/6187/3843 3728/6192/3728 3731/6193/3731
f 3843/6187/3843 3731/6193/3731 4318/6191/4318
f 4314/6185/4314 3732/6194/3732 3730/6190/3730
f 4318/6191/4318 3732/6194/3732 4314/6185/4314
f 3732/6194/3732 4318/6191/4318 3731/6193/3731
f 3980/6195/3980 3995/6196/3995 3979/6197/3979
f 3996/6198/3996 3998/6199/3998 4319/6200/4319
f 4320/6201/4320 3996/6198/3996 4319/6200/4319
f 4320/6201/4320 3995/6196/3995 3996/6198/3996
f 3979/6197/3979 3995/6196/3995 4321/6202/4321
f 3979/6197/3979 4321/6202/4321 4114/6203/4114
f 3995/6196/3995 4320/6201/4320 4322/6204/4322
f 4000/6205/4000 4001/6206/4001 4229/6207/4229
f 4320/6201/4320 4319/6200/4319 4322/6204/4322
f 4000/6205/4000 4323/6208/4323 3998/6199/3998
f 4324/6209/4324 3998/6199/3998 4323/6208/4323
f 4325/6210/4325 4323/6208/4323 4000/6205/4000
f 3998/6199/3998 4324/6209/4324 4319/6200/4319
f 4000/6205/4000 4229/6207/4229 4325/6210/4325
f 4321/6202/4321 4121/6211/4121 4114/6203/4114
f 4324/6209/4324 4326/6212/4326 4319/6200/4319
f 4232/6213/4232 4325/6210/4325 4229/6207/4229
f 4322/6204/4322 4319/6200/4319 4326/6212/4326
f 4327/6214/4327 4321/6202/4321 4322/6204/4322
f 4327/6214/4327 4121/6211/4121 4321/6202/4321
f 4322/6204/4322 4326/6212/4326 4327/6214/4327
f 4328/6215/4328 4327/6214/4327 4326/6212/4326
f 4324/6209/4324 4329/6216/4329 4326/6212/4326
f 4323/6208/4323 4325/6210/4325 4330/6217/4330
f 4324/6209/4324 4323/6208/4323 4329/6216/4329
f 4325/6210/4325 4232/6213/4232 4237/6218/4237
f 4326/6212/4326 4329/6216/4329 4331/6219/4331
f 4325/6210/4325 4237/6218/4237 4330/6217/4330
f 4329/6216/4329 4323/6208/4323 4332/6220/4332
f 4331/6219/4331 4328/6215/4328 4326/6212/4326
f 4327/6214/4327 4134/6221/4134 4121/6211/4121
f 4331/6219/4331 4329/6216/4329 4333/6222/4333
f 4327/6214/4327 4328/6215/4328 4334/6223/4334
f 4328/6215/4328 4331/6219/4331 4334/6223/4334
f 4332/6220/4332 4333/6222/4333 4329/6216/4329
f 4335/6224/4335 4332/6220/4332 4323/6208/4323
f 4323/6208/4323 4330/6217/4330 4335/6224/4335
f 4336/6225/4336 4333/6222/4333 4332/6220/4332
f 4336/6225/4336 4332/6220/4332 4335/6224/4335
f 4243/6226/4243 4330/6217/4330 4237/6218/4237
f 4333/6222/4333 4334/6223/4334 4331/6219/4331
f 4337/6227/4337 4335/6224/4335 4330/6217/4330
f 4330/6217/4330 4243/6226/4243 4337/6227/4337
f 4134/6221/4134 4327/6214/4327 4142/6228/4142
f 4333/6222/4333 4338/6229/4338 4334/6223/4334
f 4335/6224/4335 4339/6230/4339 4336/6225/4336
f 4340/6231/4340 4339/6230/4339 4335/6224/4335
f 4327/6214/4327 4334/6223/4334 4341/6232/4341
f 4333/6222/4333 4336/6225/4336 4338/6229/4338
f 4335/6224/4335 4337/6227/4337 4342/6233/4342
f 4335/6224/4335 4342/6233/4342 4340/6231/4340
f 4341/6232/4341 4142/6228/4142 4327/6214/4327
f 4337/6227/4337 4243/6226/4243 4343/6234/4343
f 4244/6235/4244 4343/6234/4343 4243/6226/4243
f 4338/6229/4338 4341/6232/4341 4334/6223/4334
f 4338/6229/4338 4336/6225/4336 4344/6236/4344
f 4336/6225/4336 4339/6230/4339 4345/6237/4345
f 4337/6227/4337 4343/6234/4343 4346/6238/4346
f 4340/6231/4340 4342/6233/4342 4347/6239/4347
f 4346/6238/4346 4342/6233/4342 4337/6227/4337
f 4348/6240/4348 4343/6234/4343 4244/6235/4244
f 4338/6229/4338 4349/6241/4349 4341/6232/4341
f 4344/6236/4344 4336/6225/4336 4345/6237/4345
f 4347/6239/4347 4342/6233/4342 4346/6238/4346
f 4348/6240/4348 4244/6235/4244 4253/6242/4253
f 4152/6243/4152 4142/6228/4142 4341/6232/4341
f 4344/6236/4344 4349/6241/4349 4338/6229/4338
f 4345/6237/4345 4339/6230/4339 4350/6244/4350
f 4340/6231/4340 4350/6244/4350 4339/6230/4339
f 4347/6239/4347 4350/6244/4350 4340/6231/4340
f 4351/6245/4351 4341/6232/4341 4349/6241/4349
f 4152/6243/4152 4341/6232/4341 4351/6245/4351
f 4321/6202/4321 3995/6196/3995 4322/6204/4322
f 4352/6246/4352 3595/6247/3595 3596/6248/3596
f 4352/6246/4352 3450/6249/3450 3453/6250/3453
f 4352/6246/4352 3453/6250/3453 3595/6247/3595
f 3450/6249/3450 4352/6246/4352 3596/6248/3596
f 3456/6251/3456 3595/6247/3595 3453/6250/3453
f 3602/6252/3602 3595/6247/3595 3456/6251/3456
f 3452/6253/3452 3602/6252/3602 3456/6251/3456
f 3606/6254/3606 3602/6252/3602 3452/6253/3452
f 3463/6255/3463 3606/6254/3606 3452/6253/3452
f 3626/6256/3626 3606/6254/3606 3463/6255/3463
f 3473/6257/3473 3626/6256/3626 3463/6255/3463
f 4010/6258/4010 3887/6259/3887 4353/6260/4353
f 4353/6260/4353 3887/6259/3887 3893/6261/3893
f 3893/6261/3893 4354/6262/4354 4353/6260/4353
f 4355/6263/4355 3366/6264/3366 3359/6265/3359
f 3359/6265/3359 4356/6266/4356 4355/6263/4355
f 4354/6262/4354 3893/6261/3893 3361/6267/3361
f 4353/6260/4353 4354/6262/4354 4010/6258/4010
f 4015/6268/4015 4010/6258/4010 4354/6262/4354
f 3374/6269/3374 3366/6264/3366 4355/6263/4355
f 4354/6262/4354 3361/6267/3361 3369/6270/3369
f 4357/6271/4357 4355/6263/4355 4356/6266/4356
f 4357/6271/4357 4356/6266/4356 4358/6272/4358
f 4357/6271/4357 3374/6269/3374 4355/6263/4355
f 4359/6273/4359 4354/6262/4354 3369/6270/3369
f 4358/6272/4358 4356/6266/4356 4360/6274/4360
f 4359/6273/4359 3369/6270/3369 3374/6269/3374
f 4018/6275/4018 4015/6268/4015 4361/6276/4361
f 4015/6268/4015 4354/6262/4354 4359/6273/4359
f 4359/6273/4359 3374/6269/3374 4362/6277/4362
f 4361/6276/4361 4015/6268/4015 4359/6273/4359
f 4362/6277/4362 3374/6269/3374 4357/6271/4357
f 4362/6277/4362 4363/6278/4363 4359/6273/4359
f 4357/6271/4357 4358/6272/4358 4364/6279/4364
f 4362/6277/4362 4357/6271/4357 4364/6279/4364
f 4361/6276/4361 4025/6280/4025 4018/6275/4018
f 4358/6272/4358 4365/6281/4365 4364/6279/4364
f 4363/6278/4363 4361/6276/4361 4359/6273/4359
f 4366/6282/4366 4363/6278/4363 4362/6277/4362
f 4367/6283/4367 4362/6277/4362 4364/6279/4364
f 4365/6281/4365 4368/6284/4368 4364/6279/4364
f 4361/6276/4361 4363/6278/4363 4025/6280/4025
f 4367/6283/4367 4366/6282/4366 4362/6277/4362
f 4364/6279/4364 4368/6284/4368 4367/6283/4367
f 4368/6284/4368 4369/6285/4369 4367/6283/4367
f 4369/6285/4369 4366/6282/4366 4367/6283/4367
f 4363/6278/4363 4366/6282/4366 4370/6286/4370
f 4368/6284/4368 4365/6281/4365 4371/6287/4371
f 4366/6282/4366 4369/6285/4369 4370/6286/4370
f 4363/6278/4363 4370/6286/4370 4372/6288/4372
f 4368/6284/4368 4371/6287/4371 4373/6289/4373
f 4373/6289/4373 4369/6285/4369 4368/6284/4368
f 4372/6288/4372 4025/6280/4025 4363/6278/4363
f 4032/6290/4032 4025/6280/4025 4372/6288/4372
f 4370/6286/4370 4369/6285/4369 4374/6291/4374
f 4372/6288/4372 4370/6286/4370 4375/6292/4375
f 4373/6289/4373 4371/6287/4371 4376/6293/4376
f 4374/6291/4374 4369/6285/4369 4373/6289/4373
f 4373/6289/4373 4376/6293/4376 4374/6291/4374
f 4377/6294/4377 4370/6286/4370 4374/6291/4374
f 4376/6293/4376 4371/6287/4371 3428/6295/3428
f 3428/6295/3428 4378/6296/4378 4379/6297/4379
f 3428/6295/3428 4371/6287/4371 4378/6296/4378
f 4377/6294/4377 4374/6291/4374 4380/6298/4380
f 4037/6299/4037 4032/6290/4032 4372/6288/4372
f 4380/6298/4380 4374/6291/4374 4376/6293/4376
f 3428/6295/3428 4379/6297/4379 3430/6300/3430
f 4037/6299/4037 4372/6288/4372 4375/6292/4375
f 3428/6295/3428 3430/6300/3430 3426/6301/3426
f 4365/6281/4365 4358/6272/4358 4360/6274/4360
f 4381/6302/4381 3344/6303/3344 3343/6304/3343
f 4381/6302/4381 3343/6304/3343 3348/6305/3348
f 3342/6306/3342 3348/6305/3348 3343/6304/3343
f 3344/6303/3344 4381/6302/4381 4382/6307/4382
f 3342/6306/3342 4383/6308/4383 3348/6305/3348
f 4381/6302/4381 3348/6305/3348 3347/6309/3347
f 3347/6309/3347 4382/6307/4382 4381/6302/4381
f 3352/6310/3352 3348/6305/3348 4383/6308/4383
f 3347/6309/3347 3351/6311/3351 4382/6307/4382
f 3352/6310/3352 4383/6308/4383 3356/6312/3356
f 4382/6307/4382 4384/6313/4384 3344/6303/3344
f 4384/6313/4384 4382/6307/4382 3351/6311/3351
f 4384/6313/4384 3350/6314/3350 3344/6303/3344
f 3368/6315/3368 4384/6313/4384 3351/6311/3351
f 4385/6316/4385 3350/6314/3350 4384/6313/4384
f 4384/6313/4384 3368/6315/3368 4385/6316/4385
f 3377/6317/3377 3350/6314/3350 4385/6316/4385
f 4386/6318/4386 3377/6317/3377 4385/6316/4385
f 3387/6319/3387 4385/6316/4385 3368/6315/3368
f 3387/6319/3387 4386/6318/4386 4385/6316/4385
f 4386/6318/4386 4387/6320/4387 3377/6317/3377
f 4386/6318/4386 3387/6319/3387 4387/6320/4387
f 4387/6320/4387 3387/6319/3387 3398/6321/3398
f 4387/6320/4387 3404/6322/3404 3377/6317/3377
f 4387/6320/4387 3398/6321/3398 3404/6322/3404
f 4383/6323/4383 3342/6324/3342 4388/6325/4388
f 4388/6325/4388 3342/6324/3342 3345/6326/3345
f 4383/6323/4383 4388/6325/4388 4389/6327/4389
f 4390/6328/4390 4389/6327/4389 4388/6325/4388
f 4391/6329/4391 4389/6327/4389 4390/6328/4390
f 4392/6330/4392 4390/6328/4390 4388/6325/4388
f 3372/6331/3372 4388/6325/4388 3345/6326/3345
f 4391/6329/4391 4390/6328/4390 4392/6330/4392
f 3372/6331/3372 4392/6330/4392 4388/6325/4388
f 4393/6332/4393 3372/6331/3372 3376/6333/3376
f 4392/6330/4392 3372/6331/3372 4393/6332/4393
f 4392/6330/4392 4393/6332/4393 4394/6334/4394
f 4391/6329/4391 4392/6330/4392 4394/6334/4394
f 4395/6335/4395 4393/6332/4393 3376/6333/3376
f 4394/6334/4394 4393/6332/4393 4395/6335/4395
f 4395/6335/4395 3376/6333/3376 3381/6336/3381
f 4396/6337/4396 4394/6334/4394 4395/6335/4395
f 4397/6338/4397 4396/6337/4396 4395/6335/4395
f 4397/6338/4397 4395/6335/4395 3381/6336/3381
f 4398/6339/4398 4396/6337/4396 4397/6338/4397
f 4397/6338/4397 3381/6336/3381 4399/6340/4399
f 4399/6340/4399 3381/6336/3381 3393/6341/3393
f 3400/6342/3400 4397/6338/4397 4399/6340/4399
f 3397/6343/3397 3400/6342/3400 3401/6344/3401
f 3401/6344/3401 3400/6342/3400 4399/6340/4399
f 3401/6344/3401 4399/6340/4399 4400/6345/4400
f 4400/6345/4400 4399/6340/4399 3393/6341/3393
f 4401/6346/4401 3405/6347/3405 3401/6344/3401
f 4401/6346/4401 3401/6344/3401 4400/6345/4400
f 4400/6345/4400 3393/6341/3393 3410/6348/3410
f 4402/6349/4402 4400/6345/4400 3410/6348/3410
f 4401/6346/4401 4400/6345/4400 4402/6349/4402
f 4403/6350/4403 4401/6346/4401 4402/6349/4402
f 4402/6349/4402 3410/6348/3410 3419/6351/3419
f 4404/6352/4404 4403/6350/4403 4402/6349/4402
f 4405/6353/4405 4406/6354/4406 4407/6355/4407
f 4408/6356/4408 4406/6354/4406 4405/6353/4405
f 4406/6354/4406 4409/6357/4409 4407/6355/4407
f 4410/6358/4410 4411/6359/4411 4412/6360/4412
f 4411/6359/4411 4410/6358/4410 4413/6361/4413
f 4413/6361/4413 4410/6358/4410 4414/6362/4414
f 4411/6359/4411 4413/6361/4413 4415/6363/4415
f 4416/6364/4416 4406/6354/4406 4408/6356/4408
f 4417/6365/4417 4407/6355/4407 4409/6357/4409
f 4418/6366/4418 4411/6359/4411 4419/6367/4419
f 4411/6359/4411 4415/6363/4415 4419/6367/4419
f 4419/6367/4419 4415/6363/4415 4420/6368/4420
f 4420/6368/4420 4415/6363/4415 4413/6361/4413
f 4413/6361/4413 4414/6362/4414 4421/6369/4421
f 4416/6364/4416 4409/6357/4409 4406/6354/4406
f 4422/6370/4422 4414/6362/4414 4410/6358/4410
f 4423/6371/4423 4413/6361/4413 4421/6369/4421
f 4421/6369/4421 4407/6355/4407 4423/6371/4423
f 4424/6372/4424 4420/6368/4420 4425/6373/4425
f 4426/6374/4426 4407/6355/4407 4421/6369/4421
f 4405/6353/4405 4407/6355/4407 4426/6374/4426
f 4408/6356/4408 4405/6353/4405 4427/6375/4427
f 4411/6359/4411 4428/6376/4428 4412/6360/4412
f 4422/6370/4422 4410/6358/4410 4429/6377/4429
f 4414/6362/4414 4430/6378/4430 4421/6369/4421
f 4420/6368/4420 4413/6361/4413 4423/6371/4423
f 4426/6374/4426 4431/6379/4431 4405/6353/4405
f 4405/6353/4405 4431/6379/4431 4427/6375/4427
f 4407/6355/4407 4417/6365/4417 4423/6371/4423
f 4417/6365/4417 4409/6357/4409 4432/6380/4432
f 4432/6380/4432 4409/6357/4409 4433/6381/4433
f 4430/6378/4430 4414/6362/4414 4422/6370/4422
f 4421/6369/4421 4430/6378/4430 4426/6374/4426
f 4416/6364/4416 4408/6356/4408 4271/6382/4271
f 4411/6359/4411 4418/6366/4418 4428/6376/4428
f 4420/6368/4420 4423/6371/4423 4425/6373/4425
f 4425/6373/4425 4423/6371/4423 4417/6365/4417
f 4271/6382/4271 4268/6383/4268 4416/6364/4416
f 4430/6378/4430 4434/6384/4434 4426/6374/4426
f 4419/6367/4419 4420/6368/4420 4424/6372/4424
f 4269/6385/4269 4271/6382/4271 4408/6356/4408
f 4270/6386/4270 4409/6357/4409 4416/6364/4416
f 4435/6387/4435 4418/6366/4418 4419/6367/4419
f 4435/6387/4435 4419/6367/4419 4424/6372/4424
f 4431/6379/4431 4426/6374/4426 4434/6384/4434
f 4436/6388/4436 4417/6365/4417 4432/6380/4432
f 4436/6388/4436 4432/6380/4432 4433/6381/4433
f 4268/6383/4268 4270/6386/4270 4416/6364/4416
f 4437/6389/4437 4428/6376/4428 4418/6366/4418
f 4417/6365/4417 4438/6390/4438 4424/6372/4424
f 4439/6391/4439 4430/6378/4430 4422/6370/4422
f 4427/6375/4427 4440/6392/4440 4408/6356/4408
f 4270/6386/4270 4433/6381/4433 4409/6357/4409
f 4441/6393/4441 4428/6376/4428 4437/6389/4437
f 4418/6366/4418 4442/6394/4442 4437/6389/4437
f 4442/6394/4442 4418/6366/4418 4435/6387/4435
f 4435/6387/4435 4424/6372/4424 4438/6390/4438
f 4440/6392/4440 4269/6385/4269 4408/6356/4408
f 4438/6390/4438 4417/6365/4417 4436/6388/4436
f 4439/6391/4439 4434/6384/4434 4430/6378/4430
f 4443/6395/4443 4442/6394/4442 4435/6387/4435
f 4435/6387/4435 4438/6390/4438 4443/6395/4443
f 4417/6365/4417 4424/6372/4424 4425/6373/4425
f 3601/6396/3601 3450/6397/3450 3596/6398/3596
f 3601/6396/3601 3455/6399/3455 3450/6397/3450
f 3461/6400/3461 3455/6399/3455 3601/6396/3601
f 3461/6400/3461 3601/6396/3601 3607/6401/3607
f 3464/6402/3464 3461/6400/3461 3607/6401/3607
f 3471/6403/3471 3464/6402/3464 3607/6401/3607
f 4412/6404/4412 4429/6405/4429 4410/6406/4410
f 4444/6407/4444 4441/6408/4441 4437/6409/4437
f 4429/6405/4429 4445/6410/4445 4422/6411/4422
f 4428/6412/4428 4446/6413/4446 4412/6404/4412
f 4412/6404/4412 4447/6414/4447 4429/6405/4429
f 4429/6405/4429 4448/6415/4448 4445/6410/4445
f 4429/6405/4429 4447/6414/4447 4448/6415/4448
f 4422/6411/4422 4445/6410/4445 4439/6416/4439
f 4446/6413/4446 4428/6412/4428 4441/6408/4441
f 4445/6410/4445 4449/6417/4449 4439/6416/4439
f 4412/6404/4412 4446/6413/4446 4447/6414/4447
f 4450/6418/4450 4441/6408/4441 4444/6407/4444
f 4444/6407/4444 4437/6409/4437 4451/6419/4451
f 4441/6408/4441 4450/6418/4450 4446/6413/4446
f 4445/6410/4445 4448/6415/4448 4449/6417/4449
f 4447/6414/4447 4452/6420/4452 4448/6415/4448
f 4446/6413/4446 4453/6421/4453 4447/6414/4447
f 4444/6407/4444 4451/6419/4451 4454/6422/4454
f 4447/6414/4447 4453/6421/4453 4452/6420/4452
f 4449/6417/4449 4448/6415/4448 4455/6423/4455
f 4450/6418/4450 4456/6424/4456 4446/6413/4446
f 4450/6418/4450 4444/6407/4444 4454/6422/4454
f 4456/6424/4456 4453/6421/4453 4446/6413/4446
f 4455/6423/4455 4457/6425/4457 4449/6417/4449
f 4453/6421/4453 4456/6424/4456 4452/6420/4452
f 4450/6418/4450 4454/6422/4454 4458/6426/4458
f 4459/6427/4459 4455/6423/4455 4448/6415/4448
f 4450/6418/4450 4458/6426/4458 4456/6424/4456
f 4459/6427/4459 4448/6415/4448 4452/6420/4452
f 4458/6426/4458 4454/6422/4454 4460/6428/4460
f 4461/6429/4461 4457/6425/4457 4455/6423/4455
f 4452/6420/4452 4462/6430/4462 4459/6427/4459
f 4452/6420/4452 4463/6431/4463 4462/6430/4462
f 4456/6424/4456 4464/6432/4464 4452/6420/4452
f 4463/6431/4463 4452/6420/4452 4464/6432/4464
f 4456/6424/4456 4465/6433/4465 4464/6432/4464
f 4458/6426/4458 4466/6434/4466 4456/6424/4456
f 4459/6427/4459 4461/6429/4461 4455/6423/4455
f 4458/6426/4458 4460/6428/4460 4466/6434/4466
f 4466/6434/4466 4467/6435/4467 4456/6424/4456
f 4467/6435/4467 4465/6433/4465 4456/6424/4456
f 4468/6436/4468 4461/6429/4461 4459/6427/4459
f 4464/6432/4464 4465/6433/4465 4469/6437/4469
f 4470/6438/4470 4462/6430/4462 4471/6439/4471
f 4470/6438/4470 4471/6439/4471 4469/6437/4469
f 4462/6430/4462 4470/6438/4470 4459/6427/4459
f 4469/6437/4469 4465/6433/4465 4470/6438/4470
f 4465/6433/4465 4472/6440/4472 4470/6438/4470
f 4470/6438/4470 4473/6441/4473 4459/6427/4459
f 4460/6428/4460 4474/6442/4474 4475/6443/4475
f 4460/6428/4460 4476/6444/4476 4466/6434/4466
f 4475/6443/4475 4477/6445/4477 4460/6428/4460
f 4459/6427/4459 4478/6446/4478 4468/6436/4468
f 4460/6428/4460 4477/6445/4477 4476/6444/4476
f 4459/6427/4459 4473/6441/4473 4478/6446/4478
f 4467/6435/4467 4479/6447/4479 4465/6433/4465
f 4473/6441/4473 4470/6438/4470 4472/6440/4472
f 4466/6434/4466 4480/6448/4480 4467/6435/4467
f 4480/6448/4480 4466/6434/4466 4476/6444/4476
f 4472/6440/4472 4465/6433/4465 4479/6447/4479
f 4467/6435/4467 4480/6448/4480 4479/6447/4479
f 4476/6444/4476 4477/6445/4477 4481/6449/4481
f 4476/6444/4476 4481/6449/4481 4480/6448/4480
f 4481/6449/4481 4477/6445/4477 4482/6450/4482
f 4473/6441/4473 4483/6451/4483 4478/6446/4478
f 4480/6448/4480 4484/6452/4484 4479/6447/4479
f 4480/6448/4480 4481/6449/4481 4484/6452/4484
f 4485/6453/4485 4472/6440/4472 4479/6447/4479
f 4486/6454/4486 4483/6451/4483 4473/6441/4473
f 4482/6450/4482 4487/6455/4487 4481/6449/4481
f 4473/6441/4473 4472/6440/4472 4486/6454/4486
f 4485/6453/4485 4479/6447/4479 4484/6452/4484
f 4486/6454/4486 4472/6440/4472 4485/6453/4485
f 4481/6449/4481 4487/6455/4487 4484/6452/4484
f 4488/6456/4488 4483/6451/4483 4486/6454/4486
f 4485/6453/4485 4489/6457/4489 4486/6454/4486
f 4485/6453/4485 4484/6452/4484 4490/6458/4490
f 4490/6458/4490 4484/6452/4484 4487/6455/4487
f 4491/6459/4491 4383/6460/4383 4389/6461/4389
f 3356/6462/3356 4383/6460/4383 4491/6459/4491
f 4356/6463/4356 3359/6464/3359 3356/6462/3356
f 4356/6463/4356 3356/6462/3356 4491/6459/4491
f 4391/6465/4391 4491/6459/4491 4389/6461/4389
f 4491/6459/4491 4391/6465/4391 4356/6463/4356
f 4360/6466/4360 4356/6463/4356 4391/6465/4391
f 4360/6466/4360 4391/6465/4391 4492/6467/4492
f 4492/6467/4492 4391/6465/4391 4394/6468/4394
f 4492/6467/4492 4394/6468/4394 4396/6469/4396
f 4360/6466/4360 4492/6467/4492 4365/6470/4365
f 4396/6469/4396 4398/6471/4398 4492/6467/4492
f 3399/6472/3399 4492/6467/4492 4398/6471/4398
f 4398/6471/4398 4397/6473/4397 3400/6474/3400
f 3399/6472/3399 4398/6471/4398 3400/6474/3400
f 4492/6467/4492 3399/6472/3399 4493/6475/4493
f 4492/6467/4492 4494/6476/4494 4365/6470/4365
f 3399/6472/3399 4495/6477/4495 4493/6475/4493
f 4494/6476/4494 4492/6467/4492 4493/6475/4493
f 4493/6475/4493 4495/6477/4495 4401/6478/4401
f 4365/6470/4365 4494/6476/4494 4371/6479/4371
f 4493/6475/4493 4401/6478/4401 4403/6480/4403
f 4494/6476/4494 4493/6475/4493 4496/6481/4496
f 4371/6479/4371 4494/6476/4494 4496/6481/4496
f 4493/6475/4493 4403/6480/4403 4496/6481/4496
f 4378/6482/4378 4496/6481/4496 4403/6480/4403
f 4371/6479/4371 4496/6481/4496 4378/6482/4378
f 4403/6480/4403 4404/6483/4404 4378/6482/4378
f 4402/6484/4402 3419/6485/3419 4404/6483/4404
f 4378/6482/4378 4404/6483/4404 4379/6486/4379
f 4404/6483/4404 3419/6485/3419 3420/6487/3420
f 4379/6486/4379 4404/6483/4404 3420/6487/3420
f 3892/6488/3892 3899/6489/3899 3894/6490/3894
f 3901/6491/3901 3896/6492/3896 3894/6490/3894
f 3901/6491/3901 3894/6490/3894 3899/6489/3899
f 3365/6493/3365 3358/6494/3358 3898/6495/3898
f 4497/6496/4497 3896/6492/3896 3901/6491/3901
f 3898/6495/3898 3896/6492/3896 4497/6496/4497
f 4497/6496/4497 3901/6491/3901 3904/6497/3904
f 4498/6498/4498 3365/6493/3365 3898/6495/3898
f 3898/6495/3898 4497/6496/4497 4499/6499/4499
f 4497/6496/4497 3904/6497/3904 3905/6500/3905
f 4499/6499/4499 4497/6496/4497 3905/6500/3905
f 4499/6499/4499 4498/6498/4498 3898/6495/3898
f 3784/6501/3784 4059/6502/4059 3614/6503/3614
f 4500/6504/4500 3613/6505/3613 3614/6503/3614
f 3614/6503/3614 4059/6502/4059 4500/6504/4500
f 3634/6506/3634 4500/6504/4500 4059/6502/4059
f 4500/6504/4500 3637/6507/3637 3613/6505/3613
f 3635/6508/3635 4076/6509/4076 3634/6506/3634
f 4500/6504/4500 3634/6506/3634 4076/6509/4076
f 4500/6504/4500 3644/6510/3644 3637/6507/3637
f 3644/6510/3644 4500/6504/4500 4076/6509/4076
f 3644/6510/3644 4076/6509/4076 4083/6511/4083
f 4095/6512/4095 4501/6513/4501 3644/6510/3644
f 4501/6513/4501 3660/6514/3660 3644/6510/3644
f 4501/6513/4501 4095/6512/4095 3660/6514/3660
f 4502/6515/4502 3652/6516/3652 3664/6517/3664
f 4099/6518/4099 4503/6519/4503 4095/6512/4095
f 4504/6520/4504 4503/6519/4503 4099/6518/4099
f 4502/6515/4502 4505/6521/4505 4506/6522/4506
f 4502/6515/4502 3664/6517/3664 4505/6521/4505
f 4506/6522/4506 4507/6523/4507 4508/6524/4508
f 4095/6512/4095 3665/6525/3665 3660/6514/3660
f 4503/6519/4503 3665/6525/3665 4095/6512/4095
f 4507/6523/4507 4506/6522/4506 4505/6521/4505
f 4504/6520/4504 4508/6524/4508 4503/6519/4503
f 4508/6524/4508 4507/6523/4507 4503/6519/4503
f 4507/6523/4507 4505/6521/4505 3669/6526/3669
f 3664/6517/3664 3669/6526/3669 4505/6521/4505
f 4503/6519/4503 4507/6523/4507 4509/6527/4509
f 4509/6527/4509 3667/6528/3667 4503/6519/4503
f 3669/6526/3669 4509/6527/4509 4507/6523/4507
f 3669/6526/3669 3664/6517/3664 3668/6529/3668
f 4509/6527/4509 3670/6530/3670 3667/6528/3667
f 3669/6526/3669 3670/6530/3670 4509/6527/4509
f 4095/6512/4095 3644/6510/3644 4083/6511/4083
f 3667/6528/3667 3665/6525/3665 4503/6519/4503
f 4433/6531/4433 4270/6532/4270 4510/6533/4510
f 4510/6533/4510 4270/6532/4270 4272/6534/4272
f 4511/6535/4511 4436/6536/4436 4433/6531/4433
f 4512/6537/4512 4438/6538/4438 4436/6536/4436
f 4279/6539/4279 4510/6533/4510 4272/6534/4272
f 4437/6540/4437 4442/6541/4442 4451/6542/4451
f 4442/6541/4442 4443/6543/4443 4513/6544/4513
f 4438/6538/4438 4512/6537/4512 4443/6543/4443
f 4436/6536/4436 4511/6535/4511 4512/6537/4512
f 4433/6531/4433 4510/6533/4510 4514/6545/4514
f 4433/6531/4433 4514/6545/4514 4511/6535/4511
f 4443/6543/4443 4512/6537/4512 4515/6546/4515
f 4279/6539/4279 4514/6545/4514 4510/6533/4510
f 4451/6542/4451 4442/6541/4442 4513/6544/4513
f 4515/6546/4515 4512/6537/4512 4516/6547/4516
f 4511/6535/4511 4516/6547/4516 4512/6537/4512
f 4451/6542/4451 4513/6544/4513 4454/6548/4454
f 4514/6545/4514 4517/6549/4517 4511/6535/4511
f 4513/6544/4513 4443/6543/4443 4515/6546/4515
f 4517/6549/4517 4516/6547/4516 4511/6535/4511
f 4514/6545/4514 4279/6539/4279 4518/6550/4518
f 4284/6551/4284 4518/6550/4518 4279/6539/4279
f 4516/6547/4516 4517/6549/4517 4519/6552/4519
f 4514/6545/4514 4518/6550/4518 4517/6549/4517
f 4460/6553/4460 4454/6548/4454 4513/6544/4513
f 4520/6554/4520 4515/6546/4515 4516/6547/4516
f 4521/6555/4521 4517/6549/4517 4518/6550/4518
f 4292/6556/4292 4518/6550/4518 4284/6551/4284
f 4516/6547/4516 4519/6552/4519 4520/6554/4520
f 4460/6553/4460 4513/6544/4513 4474/6557/4474
f 4522/6558/4522 4513/6544/4513 4515/6546/4515
f 4292/6556/4292 4521/6555/4521 4518/6550/4518
f 4522/6558/4522 4474/6557/4474 4513/6544/4513
f 4519/6552/4519 4517/6549/4517 4521/6555/4521
f 4520/6554/4520 4523/6559/4523 4515/6546/4515
f 4521/6555/4521 4524/6560/4524 4519/6552/4519
f 4522/6558/4522 4515/6546/4515 4525/6561/4525
f 4515/6546/4515 4523/6559/4523 4526/6562/4526
f 4474/6557/4474 4522/6558/4522 4525/6561/4525
f 4515/6546/4515 4526/6562/4526 4525/6561/4525
f 4524/6560/4524 4521/6555/4521 4527/6563/4527
f 4527/6563/4527 4521/6555/4521 4292/6556/4292
f 4519/6552/4519 4524/6560/4524 4520/6554/4520
f 4525/6561/4525 4475/6564/4475 4474/6557/4474
f 4528/6565/4528 4523/6559/4523 4520/6554/4520
f 4477/6566/4477 4475/6564/4475 4529/6567/4529
f 4475/6564/4475 4525/6561/4525 4529/6567/4529
f 4527/6563/4527 4292/6556/4292 4295/6568/4295
f 4520/6554/4520 4530/6569/4530 4528/6565/4528
f 4526/6562/4526 4523/6559/4523 4531/6570/4531
f 4531/6570/4531 4523/6559/4523 4528/6565/4528
f 4525/6561/4525 4526/6562/4526 4532/6571/4532
f 4520/6554/4520 4524/6560/4524 4530/6569/4530
f 4532/6571/4532 4529/6567/4529 4525/6561/4525
f 4533/6572/4533 4527/6563/4527 4295/6568/4295
f 4477/6566/4477 4529/6567/4529 4482/6573/4482
f 4527/6563/4527 4533/6572/4533 4524/6560/4524
f 4303/6574/4303 4533/6572/4533 4295/6568/4295
f 4532/6571/4532 4526/6562/4526 4531/6570/4531
f 4524/6560/4524 4534/6575/4534 4530/6569/4530
f 4531/6570/4531 4528/6565/4528 4535/6576/4535
f 4536/6577/4536 4528/6565/4528 4530/6569/4530
f 4534/6575/4534 4524/6560/4524 4533/6572/4533
f 4529/6567/4529 4532/6571/4532 4482/6573/4482
f 4537/6578/4537 4532/6571/4532 4531/6570/4531
f 4528/6565/4528 4536/6577/4536 4535/6576/4535
f 4530/6569/4530 4534/6575/4534 4536/6577/4536
f 4305/6579/4305 4533/6572/4533 4303/6574/4303
f 4482/6573/4482 4532/6571/4532 4538/6580/4538
f 4532/6571/4532 4537/6578/4537 4539/6581/4539
f 4535/6576/4535 4537/6578/4537 4531/6570/4531
f 4533/6572/4533 4305/6579/4305 4540/6582/4540
f 4534/6575/4534 4533/6572/4533 4540/6582/4540
f 4532/6571/4532 4539/6581/4539 4538/6580/4538
f 4305/6579/4305 4541/6583/4541 4540/6582/4540
f 4427/6584/4427 4431/6585/4431 4542/6586/4542
f 4434/6587/4434 4542/6586/4542 4431/6585/4431
f 4543/6588/4543 4434/6587/4434 4439/6589/4439
f 4440/6590/4440 4544/6591/4544 4269/6592/4269
f 4275/6593/4275 4269/6592/4269 4544/6591/4544
f 4427/6584/4427 4545/6594/4545 4440/6590/4440
f 4542/6586/4542 4434/6587/4434 4546/6595/4546
f 4545/6594/4545 4544/6591/4544 4440/6590/4440
f 4543/6588/4543 4439/6589/4439 4449/6596/4449
f 4434/6587/4434 4543/6588/4543 4546/6595/4546
f 4542/6586/4542 4545/6594/4545 4427/6584/4427
f 4542/6586/4542 4547/6597/4547 4545/6594/4545
f 4280/6598/4280 4275/6593/4275 4544/6591/4544
f 4546/6595/4546 4543/6588/4543 4548/6599/4548
f 4542/6586/4542 4546/6595/4546 4548/6599/4548
f 4543/6588/4543 4449/6596/4449 4457/6600/4457
f 4542/6586/4542 4548/6599/4548 4547/6597/4547
f 4543/6588/4543 4457/6600/4457 4548/6599/4548
f 4547/6597/4547 4549/6601/4549 4545/6594/4545
f 4545/6594/4545 4549/6601/4549 4544/6591/4544
f 4549/6601/4549 4280/6598/4280 4544/6591/4544
f 4457/6600/4457 4550/6602/4550 4548/6599/4548
f 4280/6598/4280 4549/6601/4549 4289/6603/4289
f 4457/6600/4457 4461/6604/4461 4550/6602/4550
f 4547/6597/4547 4548/6599/4548 4551/6605/4551
f 4547/6597/4547 4552/6606/4552 4549/6601/4549
f 4551/6605/4551 4548/6599/4548 4550/6602/4550
f 4461/6604/4461 4553/6607/4553 4550/6602/4550
f 4551/6605/4551 4554/6608/4554 4547/6597/4547
f 4549/6601/4549 4552/6606/4552 4289/6603/4289
f 4468/6609/4468 4553/6607/4553 4461/6604/4461
f 4547/6597/4547 4554/6608/4554 4552/6606/4552
f 4550/6602/4550 4553/6607/4553 4551/6605/4551
f 4551/6605/4551 4555/6610/4555 4554/6608/4554
f 4289/6603/4289 4552/6606/4552 4294/6611/4294
f 4555/6610/4555 4551/6605/4551 4556/6612/4556
f 4557/6613/4557 4468/6609/4468 4478/6614/4478
f 4553/6607/4553 4468/6609/4468 4557/6613/4557
f 4551/6605/4551 4553/6607/4553 4556/6612/4556
f 4553/6607/4553 4557/6613/4557 4556/6612/4556
f 4555/6610/4555 4552/6606/4552 4554/6608/4554
f 4558/6615/4558 4294/6611/4294 4552/6606/4552
f 4478/6614/4478 4483/6616/4483 4557/6613/4557
f 4557/6613/4557 4559/6617/4559 4556/6612/4556
f 4552/6606/4552 4560/6618/4560 4558/6615/4558
f 4552/6606/4552 4555/6610/4555 4560/6618/4560
f 4557/6613/4557 4488/6619/4488 4559/6617/4559
f 4555/6610/4555 4556/6612/4556 4561/6620/4561
f 4294/6611/4294 4558/6615/4558 4304/6621/4304
f 4557/6613/4557 4483/6616/4483 4488/6619/4488
f 4559/6617/4559 4561/6620/4561 4556/6612/4556
f 4488/6619/4488 4562/6622/4562 4559/6617/4559
f 4560/6618/4560 4555/6610/4555 4561/6620/4561
f 4563/6623/4563 4558/6615/4558 4560/6618/4560
f 4561/6620/4561 4559/6617/4559 4562/6622/4562
f 4560/6618/4560 4561/6620/4561 4564/6624/4564
f 4561/6620/4561 4562/6622/4562 4564/6624/4564
f 4564/6624/4564 4563/6623/4563 4560/6618/4560
f 4498/6625/4498 3371/6626/3371 3365/6627/3365
f 3384/6628/3384 4498/6625/4498 4499/6629/4499
f 4565/6630/4565 3384/6628/3384 4499/6629/4499
f 3905/6631/3905 4565/6630/4565 4499/6629/4499
f 4498/6625/4498 3384/6628/3384 3371/6626/3371
f 3905/6631/3905 4566/6632/4566 4565/6630/4565
f 3905/6631/3905 3906/6633/3906 4566/6632/4566
f 3384/6628/3384 4565/6630/4565 3383/6634/3383
f 3383/6634/3383 4565/6630/4565 4566/6632/4566
f 4566/6632/4566 3389/6635/3389 3383/6634/3383
f 4567/6636/4567 3389/6635/3389 4566/6632/4566
f 3906/6633/3906 4567/6636/4567 4566/6632/4566
f 4567/6636/4567 4568/6637/4568 3389/6635/3389
f 3906/6633/3906 3914/6638/3914 4567/6636/4567
f 4568/6637/4568 3399/6639/3399 3389/6635/3389
f 4568/6637/4568 4495/6640/4495 3399/6639/3399
f 3914/6638/3914 4568/6637/4568 4567/6636/4567
f 3405/6641/3405 4495/6640/4495 4568/6637/4568
f 3914/6638/3914 4569/6642/4569 4568/6637/4568
f 4401/6643/4401 4495/6640/4495 3405/6641/3405
f 4569/6642/4569 3405/6641/3405 4568/6637/4568
f 3414/6644/3414 3405/6641/3405 4569/6642/4569
f 4569/6642/4569 3914/6638/3914 3915/6645/3915
f 3915/6645/3915 4570/6646/4570 4569/6642/4569
f 3414/6644/3414 4569/6642/4569 4570/6646/4570
f 3931/6647/3931 4570/6646/4570 3915/6645/3915
f 3388/6648/3388 3357/6649/3357 3373/6650/3373
f 3403/6651/3403 3388/6648/3388 3373/6650/3373
f 3396/6652/3396 3403/6651/3403 3373/6650/3373
f 3408/6653/3408 3403/6651/3403 3396/6652/3396
f 3396/6652/3396 3422/6654/3422 3408/6653/3408
f 3421/6655/3421 3422/6654/3422 3396/6652/3396
f 3421/6655/3421 4379/6656/4379 3422/6654/3422
f 4379/6656/4379 3420/6657/3420 3422/6654/3422
f 3421/6655/3421 3430/6658/3430 4379/6656/4379
f 3682/6659/3682 3689/6660/3689 3696/6661/3696
f 3696/6661/3696 3689/6660/3689 3692/6662/3692
f 3696/6661/3696 3693/6663/3693 3688/6664/3688
f 3696/6661/3696 3692/6662/3692 3695/6665/3695
f 3695/6665/3695 3688/6664/3688 3690/6666/3690
f 3872/6667/3872 3696/6661/3696 3688/6664/3688
f 3872/6667/3872 3682/6659/3682 3696/6661/3696
f 3695/6665/3695 3692/6662/3692 4571/6668/4571
f 3872/6667/3872 3688/6664/3688 3695/6665/3695
f 4571/6668/4571 3872/6667/3872 3695/6665/3695
f 4571/6668/4571 3692/6662/3692 3699/6669/3699
f 4571/6668/4571 3876/6670/3876 3872/6667/3872
f 3875/6671/3875 3872/6667/3872 3876/6670/3876
f 3808/6672/3808 4571/6668/4571 3699/6669/3699
f 4571/6668/4571 4572/6673/4572 3876/6670/3876
f 3808/6672/3808 4572/6673/4572 4571/6668/4571
f 3880/6674/3880 3876/6670/3876 4572/6673/4572
f 3808/6672/3808 3821/6675/3821 4572/6673/4572
f 4572/6673/4572 3821/6675/3821 4573/6676/4573
f 4574/6677/4574 4572/6673/4572 4573/6676/4573
f 3880/6674/3880 4572/6673/4572 4574/6677/4574
f 3880/6674/3880 4574/6677/4574 4575/6678/4575
f 3882/6679/3882 3880/6674/3880 4575/6678/4575
f 4574/6677/4574 4573/6676/4573 4576/6680/4576
f 3882/6679/3882 4575/6678/4575 4577/6681/4577
f 3882/6679/3882 4577/6681/4577 3883/6682/3883
f 4574/6677/4574 4578/6683/4578 4575/6678/4575
f 4579/6684/4579 4574/6677/4574 4576/6680/4576
f 4574/6677/4574 4579/6684/4579 4578/6683/4578
f 3862/6685/3862 3865/6686/3865 3852/6687/3852
f 3868/6688/3868 3865/6686/3865 3862/6685/3862
f 3866/6689/3866 3868/6688/3868 3864/6690/3864
f 3862/6685/3862 3864/6690/3864 3868/6688/3868
f 3873/6691/3873 3864/6690/3864 3862/6685/3862
f 3859/6692/3859 3865/6693/3865 3869/6694/3869
f 3868/6695/3868 3866/6696/3866 3870/6697/3870
f 3870/6697/3870 3866/6696/3866 3867/6698/3867
f 3858/6699/3858 3868/6695/3868 3870/6697/3870
f 3861/6700/3861 3858/6701/3858 3870/6702/3870
f 3865/6693/3865 3870/6703/3870 3869/6694/3869
f 3867/6698/3867 3869/6704/3869 3870/6697/3870
f 3867/6698/3867 3875/6705/3875 3869/6704/3869
f 4177/6706/4177 4174/6707/4174 4181/6708/4181
f 4183/6709/4183 4177/6706/4177 4181/6708/4181
f 4183/6709/4183 4187/6710/4187 4177/6706/4177
f 4191/6711/4191 4187/6710/4187 4183/6709/4183
f 3617/6712/3617 3612/6713/3612 3616/6714/3616
f 3617/6712/3617 3616/6714/3616 3619/6715/3619
f 3621/6716/3621 3616/6717/3616 3612/6718/3612
f 3622/6719/3622 3621/6716/3621 3612/6718/3612
f 3622/6719/3622 3617/6720/3617 3621/6716/3621
f 3610/6721/3610 3617/6720/3617 3622/6719/3622
f 3621/6722/3621 3619/6723/3619 3611/6724/3611
f 3617/6725/3617 3619/6723/3619 3621/6722/3621
f 4070/6726/4070 4067/6727/4067 4071/6728/4071
f 4067/6727/4067 4070/6726/4070 4065/6729/4065
f 4071/6728/4071 4067/6727/4067 4072/6730/4072
f 3632/6731/3632 3623/6732/3623 3629/6733/3629
f 3632/6731/3632 3629/6733/3629 3631/6734/3631
f 3632/6735/3632 3628/6736/3628 3627/6737/3627
f 3632/6735/3632 3627/6737/3627 3623/6738/3623
f 3630/6739/3630 3629/6740/3629 3623/6738/3623
f 3635/6741/3635 3628/6736/3628 3632/6735/3632
f 3635/6741/3635 3630/6739/3630 3623/6738/3623
f 3635/6741/3635 3632/6735/3632 3630/6739/3630
f 3634/6742/3634 4066/6743/4066 3636/6744/3636
f 3636/6744/3636 4066/6743/4066 3618/6745/3618
f 3636/6744/3636 3638/6746/3638 3634/6742/3634
f 3634/6742/3634 3638/6746/3638 4077/6747/4077
f 4580/6748/4580 4581/6749/4581 4582/6750/4582
f 4580/6748/4580 4583/6751/4583 4581/6749/4581
f 4580/6748/4580 4582/6750/4582 4584/6752/4584
f 4584/6752/4584 4582/6750/4582 4585/6753/4585
f 4582/6750/4582 4586/6754/4586 4585/6753/4585
f 4581/6749/4581 4587/6755/4587 4582/6750/4582
f 4584/6752/4584 4585/6753/4585 4588/6756/4588
f 4589/6757/4589 4588/6756/4588 4585/6753/4585
f 4589/6757/4589 4585/6753/4585 4590/6758/4590
f 4585/6753/4585 4591/6759/4591 4590/6758/4590
f 4592/6760/4592 4589/6757/4589 4590/6758/4590
f 4592/6760/4592 4590/6758/4590 4593/6761/4593
f 4588/6756/4588 4589/6757/4589 4592/6760/4592
f 4582/6750/4582 4587/6755/4587 4586/6754/4586
f 4585/6753/4585 4586/6754/4586 4591/6759/4591
f 4593/6761/4593 4590/6758/4590 4594/6762/4594
f 4594/6762/4594 4590/6758/4590 4595/6763/4595
f 4594/6762/4594 4595/6763/4595 4463/6764/4463
f 4463/6764/4463 4464/6765/4464 4594/6762/4594
f 4596/6766/4596 4593/6761/4593 4594/6762/4594
f 4590/6758/4590 4591/6759/4591 4595/6763/4595
f 4595/6763/4595 4462/6767/4462 4463/6764/4463
f 4597/6768/4597 4580/6769/4580 4584/6770/4584
f 4584/6770/4584 4588/6771/4588 4598/6772/4598
f 4599/6773/4599 4583/6774/4583 4580/6769/4580
f 4597/6768/4597 4584/6770/4584 4598/6772/4598
f 4588/6771/4588 4592/6775/4592 4598/6772/4598
f 4580/6769/4580 4597/6768/4597 4599/6773/4599
f 4594/6776/4594 4464/6777/4464 4596/6778/4596
f 4599/6773/4599 4597/6768/4597 4600/6779/4600
f 4592/6775/4592 4593/6780/4593 4601/6781/4601
f 4597/6768/4597 4598/6772/4598 4600/6779/4600
f 4596/6778/4596 4464/6777/4464 4469/6782/4469
f 4601/6781/4601 4598/6772/4598 4592/6775/4592
f 4601/6781/4601 4593/6780/4593 4596/6778/4596
f 4598/6772/4598 4602/6783/4602 4600/6779/4600
f 4602/6783/4602 4598/6772/4598 4601/6781/4601
f 4601/6781/4601 4596/6778/4596 4603/6784/4603
f 4601/6781/4601 4603/6784/4603 4602/6783/4602
f 4596/6778/4596 4469/6782/4469 4603/6784/4603
f 4471/6785/4471 4603/6784/4603 4469/6782/4469
f 4587/6786/4587 4581/6787/4581 4583/6788/4583
f 4599/6789/4599 4587/6786/4587 4583/6788/4583
f 4586/6790/4586 4604/6791/4604 4591/6792/4591
f 4586/6790/4586 4587/6786/4587 4604/6791/4604
f 4599/6789/4599 4604/6791/4604 4587/6786/4587
f 4599/6789/4599 4600/6793/4600 4604/6791/4604
f 4600/6793/4600 4602/6794/4602 4604/6791/4604
f 4591/6792/4591 4605/6795/4605 4595/6796/4595
f 4602/6794/4602 4605/6795/4605 4591/6792/4591
f 4602/6794/4602 4591/6792/4591 4604/6791/4604
f 4605/6795/4605 4602/6794/4602 4603/6797/4603
f 4603/6797/4603 4595/6796/4595 4605/6795/4605
f 4595/6796/4595 4603/6797/4603 4471/6798/4471
f 4471/6798/4471 4462/6799/4462 4595/6796/4595
f 3475/6800/3475 3472/6801/3472 3416/6802/3416
f 3487/6803/3487 3475/6800/3475 3416/6802/3416
f 4606/6804/4606 3416/6802/3416 3412/6805/3412
f 3412/6805/3412 3415/6806/3415 4606/6804/4606
f 4606/6804/4606 3487/6803/3487 3416/6802/3416
f 3415/6806/3415 3496/6807/3496 4606/6804/4606
f 3487/6803/3487 4606/6804/4606 3495/6808/3495
f 3495/6808/3495 4606/6804/4606 3496/6807/3496
f 3495/6808/3495 3496/6807/3496 3498/6809/3498
f 3496/6807/3496 3500/6810/3500 3503/6811/3503
f 3498/6809/3498 3496/6807/3496 3503/6811/3503
f 3498/6809/3498 3503/6811/3503 4607/6812/4607
f 3501/6813/3501 3505/6814/3505 3497/6815/3497
f 3505/6814/3505 3499/6816/3499 3497/6815/3497
f 3498/6809/3498 4607/6812/4607 3502/6817/3502
f 4608/6818/4608 3505/6814/3505 3501/6813/3501
f 4607/6812/4607 4608/6818/4608 3502/6817/3502
f 3502/6817/3502 4608/6818/4608 3501/6813/3501
f 4607/6812/4607 3503/6811/3503 3504/6819/3504
f 4607/6812/4607 3504/6819/3504 4608/6818/4608
f 3505/6814/3505 4608/6818/4608 3506/6820/3506
f 3439/6821/3439 3505/6814/3505 3506/6820/3506
f 3506/6820/3506 4608/6818/4608 3504/6819/3504
f 4609/6822/4609 3418/6823/3418 4610/6824/4610
f 4610/6824/4610 3418/6823/3418 3414/6825/3414
f 4610/6824/4610 3414/6825/3414 4570/6826/4570
f 4610/6824/4610 4570/6826/4570 3933/6827/3933
f 4609/6822/4609 4610/6824/4610 3933/6827/3933
f 3933/6827/3933 4570/6826/4570 3931/6828/3931
f 4609/6822/4609 3933/6827/3933 3946/6829/3946
f 3933/6827/3933 3934/6830/3934 3946/6829/3946
f 4611/6831/4611 3417/6832/3417 3418/6833/3418
f 3418/6833/3418 4609/6834/4609 4611/6831/4611
f 4612/6835/4612 3417/6832/3417 4611/6831/4611
f 3946/6836/3946 4611/6831/4611 4609/6834/4609
f 3946/6836/3946 3947/6837/3947 4611/6831/4611
f 3437/6838/3437 3429/6839/3429 3417/6832/3417
f 4612/6835/4612 3437/6838/3437 3417/6832/3417
f 3947/6837/3947 4612/6835/4612 4611/6831/4611
f 3433/6840/3433 3945/6841/3945 3942/6842/3942
f 4612/6835/4612 3434/6843/3434 3437/6838/3437
f 3947/6837/3947 3950/6844/3950 4612/6835/4612
f 4612/6835/4612 3954/6845/3954 3434/6843/3434
f 3948/6846/3948 3950/6844/3950 3947/6837/3947
f 3433/6840/3433 3949/6847/3949 3945/6841/3945
f 3954/6845/3954 3433/6840/3433 3434/6843/3434
f 3950/6844/3950 3954/6845/3954 4612/6835/4612
f 3949/6847/3949 3433/6840/3433 3954/6845/3954
f 4375/6848/4375 4370/6849/4370 4377/6850/4377
f 4376/6851/4376 3428/6852/3428 3427/6853/3427
f 4613/6854/4613 4376/6851/4376 3427/6853/3427
f 3943/6855/3943 3937/6856/3937 3951/6857/3951
f 4037/6858/4037 4375/6848/4375 4614/6859/4614
f 4614/6859/4614 4375/6848/4375 4377/6850/4377
f 3435/6860/3435 4613/6854/4613 3427/6853/3427
f 3951/6857/3951 4615/6861/4615 3943/6855/3943
f 3437/6862/3437 3434/6863/3434 3438/6864/3438
f 4616/6865/4616 4613/6854/4613 3435/6860/3435
f 4380/6866/4380 4376/6851/4376 4613/6854/4613
f 4614/6859/4614 4377/6850/4377 4617/6867/4617
f 4614/6859/4614 4040/6868/4040 4037/6858/4037
f 4618/6869/4618 3434/6863/3434 3436/6870/3436
f 4618/6869/4618 3438/6864/3438 3434/6863/3434
f 4617/6867/4617 4613/6854/4613 4616/6865/4616
f 4380/6866/4380 4613/6854/4613 4617/6867/4617
f 4377/6850/4377 4380/6866/4380 4617/6867/4617
f 3425/6871/3425 3943/6855/3943 4615/6861/4615
f 4616/6865/4616 3435/6860/3435 3438/6864/3438
f 4615/6861/4615 3436/6870/3436 3425/6871/3425
f 4616/6865/4616 3438/6864/3438 4619/6872/4619
f 3953/6873/3953 4620/6874/4620 3944/6875/3944
f 3438/6864/3438 4618/6869/4618 4619/6872/4619
f 4619/6872/4619 4615/6861/4615 3955/6876/3955
f 3951/6857/3951 3955/6876/3955 4615/6861/4615
f 3944/6875/3944 4620/6874/4620 3952/6877/3952
f 4617/6867/4617 4616/6865/4616 4621/6878/4621
f 4617/6867/4617 4621/6878/4621 4622/6879/4622
f 4619/6872/4619 4618/6869/4618 3436/6870/3436
f 4619/6872/4619 3436/6870/3436 4615/6861/4615
f 4616/6865/4616 4619/6872/4619 3955/6876/3955
f 3955/6876/3955 4621/6878/4621 4616/6865/4616
f 4614/6859/4614 4622/6879/4622 4040/6868/4040
f 3952/6877/3952 4620/6874/4620 3955/6876/3955
f 3955/6876/3955 4620/6874/4620 4621/6878/4621
f 3953/6873/3953 4042/6880/4042 4620/6874/4620
f 4040/6868/4040 4622/6879/4622 4041/6881/4041
f 4621/6878/4621 4041/6881/4041 4622/6879/4622
f 4045/6882/4045 4620/6874/4620 4042/6880/4042
f 4621/6878/4621 4620/6874/4620 4045/6882/4045
f 4041/6881/4041 4621/6878/4621 4045/6882/4045
f 4622/6879/4622 4614/6859/4614 4617/6867/4617
f 4248/6883/4248 4249/6884/4249 4623/6885/4623
f 4623/6885/4623 4249/6884/4249 4624/6886/4624
f 4624/6886/4624 4249/6884/4249 4250/6887/4250
f 4623/6885/4623 4624/6886/4624 4625/6888/4625
f 4626/6889/4626 4625/6888/4625 4624/6886/4624
f 4627/6890/4627 4626/6889/4626 4624/6886/4624
f 4628/6891/4628 4626/6889/4626 4627/6890/4627
f 4626/6889/4626 4628/6891/4628 4629/6892/4629
f 4629/6892/4629 4628/6891/4628 4630/6893/4630
f 4631/6894/4631 4629/6892/4629 4630/6893/4630
f 4632/6895/4632 4631/6894/4631 4633/6896/4633
f 4634/6897/4634 4628/6891/4628 4627/6890/4627
f 4628/6891/4628 4634/6897/4634 4635/6898/4635
f 4628/6891/4628 4635/6898/4635 4630/6893/4630
f 4631/6894/4631 4630/6893/4630 4633/6896/4633
f 4636/6899/4636 4630/6893/4630 4635/6898/4635
f 4633/6896/4633 4630/6893/4630 4636/6899/4636
f 4633/6896/4633 4637/6900/4637 4632/6895/4632
f 4632/6895/4632 4637/6900/4637 4638/6901/4638
f 4639/6902/4639 4638/6901/4638 4640/6903/4640
f 4640/6903/4640 4638/6901/4638 4637/6900/4637
f 4640/6903/4640 4637/6900/4637 4641/6904/4641
f 4642/6905/4642 4640/6903/4640 4641/6904/4641
f 4643/6906/4643 3821/6907/3821 3823/6908/3823
f 3826/6909/3826 3824/6910/3824 4644/6911/4644
f 4643/6906/4643 3823/6908/3823 4645/6912/4645
f 3826/6909/3826 4644/6911/4644 3830/6913/3830
f 4644/6911/4644 3824/6910/3824 3831/6914/3831
f 3821/6907/3821 4643/6906/4643 4573/6915/4573
f 4643/6906/4643 4645/6912/4645 4646/6916/4646
f 3831/6914/3831 3825/6917/3825 4647/6918/4647
f 4645/6912/4645 3823/6908/3823 3830/6913/3830
f 4648/6919/4648 3830/6913/3830 4644/6911/4644
f 3830/6913/3830 4648/6919/4648 4645/6912/4645
f 4647/6918/4647 3825/6917/3825 3652/6920/3652
f 4647/6918/4647 4644/6911/4644 3831/6914/3831
f 4649/6921/4649 4645/6912/4645 4648/6919/4648
f 4650/6922/4650 4648/6919/4648 4644/6911/4644
f 4644/6911/4644 4647/6918/4647 4651/6923/4651
f 4652/6924/4652 4653/6925/4653 4648/6919/4648
f 4648/6919/4648 4650/6922/4650 4652/6924/4652
f 4644/6911/4644 4651/6923/4651 4650/6922/4650
f 4651/6923/4651 4647/6918/4647 4502/6926/4502
f 4646/6916/4646 4649/6921/4649 4653/6925/4653
f 4648/6919/4648 4653/6925/4653 4649/6921/4649
f 4654/6927/4654 4097/6928/4097 4098/6929/4098
f 4573/6915/4573 4643/6906/4643 4576/6930/4576
f 4643/6906/4643 4646/6916/4646 4655/6931/4655
f 4656/6932/4656 4652/6924/4652 4657/6933/4657
f 4656/6932/4656 4653/6925/4653 4652/6924/4652
f 4647/6918/4647 3652/6920/3652 4502/6926/4502
f 4658/6934/4658 4655/6931/4655 4646/6916/4646
f 4658/6934/4658 4646/6916/4646 4653/6925/4653
f 4098/6929/4098 4103/6935/4103 4659/6936/4659
f 4659/6936/4659 4654/6927/4654 4098/6929/4098
f 4643/6906/4643 4655/6931/4655 4576/6930/4576
f 4657/6933/4657 4652/6924/4652 4650/6922/4650
f 4658/6934/4658 4653/6925/4653 4656/6932/4656
f 4660/6937/4660 4659/6936/4659 4103/6935/4103
f 4660/6937/4660 4661/6938/4661 4659/6936/4659
f 4660/6937/4660 4657/6933/4657 4661/6938/4661
f 4654/6927/4654 4102/6939/4102 4097/6928/4097
f 4655/6931/4655 4658/6934/4658 4662/6940/4662
f 4663/6941/4663 4658/6934/4658 4656/6932/4656
f 4656/6932/4656 4657/6933/4657 4664/6942/4664
f 4657/6933/4657 4660/6937/4660 4664/6942/4664
f 4660/6937/4660 4103/6935/4103 4665/6943/4665
f 4651/6923/4651 4502/6926/4502 4666/6944/4666
f 4666/6944/4666 4502/6926/4502 4667/6945/4667
f 4099/6946/4099 4102/6939/4102 4504/6947/4504
f 4506/6948/4506 4667/6945/4667 4502/6926/4502
f 4577/6949/4577 4105/6950/4105 3883/6951/3883
f 4577/6949/4577 4575/6952/4575 4662/6940/4662
f 4577/6949/4577 4662/6940/4662 4668/6953/4668
f 4663/6941/4663 4662/6940/4662 4658/6934/4658
f 4656/6932/4656 4664/6942/4664 4663/6941/4663
f 4657/6933/4657 4669/6954/4669 4661/6938/4661
f 4657/6933/4657 4650/6922/4650 4669/6954/4669
f 4659/6936/4659 4670/6955/4670 4654/6927/4654
f 4654/6927/4654 4670/6955/4670 4102/6939/4102
f 4669/6954/4669 4671/6956/4671 4661/6938/4661
f 4669/6954/4669 4667/6945/4667 4671/6956/4671
f 4666/6944/4666 4650/6922/4650 4651/6923/4651
f 4506/6948/4506 4508/6957/4508 4667/6945/4667
f 4101/6958/4101 4105/6950/4105 4672/6959/4672
f 4673/6960/4673 4663/6941/4663 4664/6942/4664
f 4665/6943/4665 4664/6942/4664 4660/6937/4660
f 4661/6938/4661 4670/6955/4670 4659/6936/4659
f 4667/6945/4667 4508/6957/4508 4671/6956/4671
f 4105/6950/4105 4577/6949/4577 4668/6953/4668
f 4655/6931/4655 4579/6961/4579 4576/6930/4576
f 4662/6940/4662 4579/6961/4579 4655/6931/4655
f 4578/6962/4578 4579/6961/4579 4662/6940/4662
f 4578/6962/4578 4662/6940/4662 4575/6952/4575
f 4668/6953/4668 4672/6959/4672 4105/6950/4105
f 4662/6940/4662 4663/6941/4663 4668/6953/4668
f 4668/6953/4668 4673/6960/4673 4672/6959/4672
f 4672/6959/4672 4674/6963/4674 4101/6958/4101
f 4668/6953/4668 4663/6941/4663 4673/6960/4673
f 4665/6943/4665 4103/6935/4103 4104/6964/4104
f 4661/6938/4661 4671/6956/4671 4670/6955/4670
f 4650/6922/4650 4666/6944/4666 4669/6954/4669
f 4669/6954/4669 4666/6944/4666 4667/6945/4667
f 4671/6956/4671 4508/6957/4508 4675/6965/4675
f 4674/6963/4674 4672/6959/4672 4673/6960/4673
f 4100/6966/4100 4674/6963/4674 4104/6964/4104
f 4504/6947/4504 4675/6965/4675 4508/6957/4508
f 4664/6942/4664 4665/6943/4665 4673/6960/4673
f 4673/6960/4673 4665/6943/4665 4674/6963/4674
f 4665/6943/4665 4104/6964/4104 4674/6963/4674
f 4675/6965/4675 4670/6955/4670 4671/6956/4671
f 4102/6939/4102 4670/6955/4670 4675/6965/4675
f 4675/6965/4675 4504/6947/4504 4102/6939/4102
f 4649/6921/4649 4646/6916/4646 4645/6912/4645
f 4674/6963/4674 4100/6966/4100 4101/6958/4101
f 4623/6967/4623 4625/6968/4625 4248/6969/4248
f 4248/6969/4248 4625/6968/4625 4252/6970/4252
f 4676/6971/4676 4625/6968/4625 4626/6972/4626
f 4625/6968/4625 4677/6973/4677 4252/6970/4252
f 4677/6973/4677 4625/6968/4625 4676/6971/4676
f 4678/6974/4678 4626/6972/4626 4629/6975/4629
f 4676/6971/4676 4626/6972/4626 4678/6974/4678
f 4679/6976/4679 4678/6974/4678 4629/6975/4629
f 4680/6977/4680 4676/6971/4676 4678/6974/4678
f 4631/6978/4631 4679/6976/4679 4629/6975/4629
f 4676/6971/4676 4681/6979/4681 4677/6973/4677
f 4679/6976/4679 4631/6978/4631 4682/6980/4682
f 4682/6980/4682 4631/6978/4631 4632/6981/4632
f 4680/6977/4680 4681/6979/4681 4676/6971/4676
f 4678/6974/4678 4679/6976/4679 4680/6977/4680
f 4632/6981/4632 4638/6982/4638 4639/6983/4639
f 4642/6984/4642 4639/6983/4639 4640/6985/4640
f 4679/6976/4679 4682/6980/4682 4683/6986/4683
f 4632/6981/4632 4639/6983/4639 4684/6987/4684
f 4680/6977/4680 4679/6976/4679 4683/6986/4683
f 4682/6980/4682 4632/6981/4632 4684/6987/4684
f 4683/6986/4683 4682/6980/4682 4685/6988/4685
f 4682/6980/4682 4684/6987/4684 4685/6988/4685
f 4686/6989/4686 4684/6987/4684 4639/6983/4639
f 4642/6984/4642 4686/6989/4686 4639/6983/4639
f 3651/6990/3651 3648/6991/3648 3654/6992/3654
f 3657/6993/3657 3654/6992/3654 3646/6994/3646
f 3655/6995/3655 3657/6993/3657 3653/6996/3653
f 3655/6995/3655 3654/6992/3654 3657/6993/3657
f 3655/6995/3655 3651/6990/3651 3654/6992/3654
f 4348/6997/4348 4346/6998/4346 4343/6999/4343
f 4346/6998/4346 4348/6997/4348 4687/7000/4687
f 4346/6998/4346 4687/7000/4687 4688/7001/4688
f 4349/7002/4349 4344/7003/4344 4689/7004/4689
f 4350/7005/4350 4347/7006/4347 4346/6998/4346
f 4344/7003/4344 4345/7007/4345 4689/7004/4689
f 4688/7001/4688 4350/7005/4350 4346/6998/4346
f 4213/7008/4213 4206/7009/4206 4212/7010/4212
f 4258/7011/4258 4261/7012/4261 4257/7013/4257
f 4349/7002/4349 4689/7004/4689 4690/7014/4690
f 4350/7005/4350 4691/7015/4691 4345/7007/4345
f 4692/7016/4692 4212/7010/4212 4208/7017/4208
f 4348/6997/4348 4253/7018/4253 4693/7019/4693
f 4693/7019/4693 4253/7018/4253 4254/7020/4254
f 4691/7015/4691 4689/7004/4689 4345/7007/4345
f 4261/7012/4261 4258/7011/4258 4213/7008/4213
f 4692/7016/4692 4213/7008/4213 4212/7010/4212
f 4348/6997/4348 4693/7019/4693 4687/7000/4687
f 4349/7002/4349 4690/7014/4690 4351/7021/4351
f 4689/7004/4689 4691/7015/4691 4694/7022/4694
f 4688/7001/4688 4691/7015/4691 4350/7005/4350
f 4692/7016/4692 4208/7017/4208 4211/7023/4211
f 4690/7014/4690 4689/7004/4689 4695/7024/4695
f 4692/7016/4692 4696/7025/4696 4213/7008/4213
f 4696/7025/4696 4261/7012/4261 4213/7008/4213
f 4211/7023/4211 4218/7026/4218 4697/7027/4697
f 4698/7028/4698 4696/7025/4696 4692/7016/4692
f 4694/7022/4694 4695/7024/4695 4689/7004/4689
f 4692/7016/4692 4211/7023/4211 4697/7027/4697
f 4698/7028/4698 4692/7016/4692 4697/7027/4697
f 4214/7029/4214 4217/7030/4217 4216/7031/4216
f 4694/7022/4694 4699/7032/4699 4700/7033/4700
f 4694/7022/4694 4691/7015/4691 4699/7032/4699
f 4701/7034/4701 4261/7012/4261 4696/7025/4696
f 4149/7035/4149 4152/7036/4152 4351/7021/4351
f 4702/7037/4702 4703/7038/4703 4700/7033/4700
f 4688/7001/4688 4704/7039/4704 4691/7015/4691
f 4698/7028/4698 4701/7034/4701 4696/7025/4696
f 4705/7040/4705 4687/7000/4687 4693/7019/4693
f 4254/7020/4254 4705/7040/4705 4693/7019/4693
f 4217/7030/4217 4219/7041/4219 4153/7042/4153
f 4217/7030/4217 4209/7043/4209 4219/7041/4219
f 4706/7044/4706 4215/7045/4215 4216/7031/4216
f 4700/7033/4700 4707/7046/4707 4694/7022/4694
f 4708/7047/4708 4698/7028/4698 4697/7027/4697
f 4687/7000/4687 4709/7048/4709 4688/7001/4688
f 4687/7000/4687 4705/7040/4705 4709/7048/4709
f 4216/7031/4216 4710/7049/4710 4708/7047/4708
f 4695/7024/4695 4694/7022/4694 4711/7050/4711
f 4707/7046/4707 4711/7050/4711 4694/7022/4694
f 4706/7044/4706 4218/7026/4218 4215/7045/4215
f 4700/7033/4700 4703/7038/4703 4712/7051/4712
f 4699/7032/4699 4702/7037/4702 4700/7033/4700
f 4708/7047/4708 4697/7027/4697 4706/7044/4706
f 4712/7051/4712 4703/7038/4703 4708/7047/4708
f 4691/7015/4691 4704/7039/4704 4699/7032/4699
f 4703/7038/4703 4698/7028/4698 4708/7047/4708
f 4705/7040/4705 4254/7020/4254 4262/7052/4262
f 4216/7031/4216 4217/7030/4217 4710/7049/4710
f 4216/7031/4216 4708/7047/4708 4706/7044/4706
f 4700/7033/4700 4712/7051/4712 4707/7046/4707
f 4706/7044/4706 4697/7027/4697 4218/7026/4218
f 4699/7032/4699 4704/7039/4704 4702/7037/4702
f 4703/7038/4703 4702/7037/4702 4713/7053/4713
f 4713/7053/4713 4701/7034/4701 4698/7028/4698
f 4709/7048/4709 4704/7039/4704 4688/7001/4688
f 4710/7049/4710 4712/7051/4712 4708/7047/4708
f 4698/7028/4698 4703/7038/4703 4713/7053/4713
f 4702/7037/4702 4704/7039/4704 4714/7054/4714
f 4713/7053/4713 4702/7037/4702 4714/7054/4714
f 4709/7048/4709 4714/7054/4714 4704/7039/4704
f 4715/7055/4715 4149/7035/4149 4351/7021/4351
f 4716/7056/4716 4717/7057/4717 4710/7049/4710
f 4717/7057/4717 4712/7051/4712 4710/7049/4710
f 4263/7058/4263 4260/7059/4260 4261/7012/4261
f 4718/7060/4718 4155/7061/4155 4156/7062/4156
f 4149/7035/4149 4715/7055/4715 4158/7063/4158
f 4710/7049/4710 4718/7060/4718 4716/7056/4716
f 4351/7021/4351 4690/7014/4690 4715/7055/4715
f 4717/7057/4717 4711/7050/4711 4707/7046/4707
f 4701/7034/4701 4263/7058/4263 4261/7012/4261
f 4153/7042/4153 4719/7064/4719 4217/7030/4217
f 4217/7030/4217 4719/7064/4719 4710/7049/4710
f 4707/7046/4707 4712/7051/4712 4717/7057/4717
f 4155/7061/4155 4718/7060/4718 4157/7065/4157
f 4153/7042/4153 4157/7065/4157 4719/7064/4719
f 4719/7064/4719 4718/7060/4718 4710/7049/4710
f 4711/7050/4711 4717/7057/4717 4720/7066/4720
f 4701/7034/4701 4713/7053/4713 4721/7067/4721
f 4713/7053/4713 4714/7054/4714 4721/7067/4721
f 4705/7040/4705 4262/7052/4262 4709/7048/4709
f 4722/7068/4722 4262/7052/4262 4263/7058/4263
f 4718/7060/4718 4719/7064/4719 4157/7065/4157
f 4716/7056/4716 4720/7066/4720 4717/7057/4717
f 4715/7055/4715 4690/7014/4690 4695/7024/4695
f 4720/7066/4720 4695/7024/4695 4711/7050/4711
f 4701/7034/4701 4722/7068/4722 4263/7058/4263
f 4716/7056/4716 4156/7062/4156 4159/7069/4159
f 4721/7067/4721 4714/7054/4714 4722/7068/4722
f 4709/7048/4709 4262/7052/4262 4722/7068/4722
f 4158/7063/4158 4159/7069/4159 4154/7070/4154
f 4701/7034/4701 4721/7067/4721 4722/7068/4722
f 4722/7068/4722 4714/7054/4714 4709/7048/4709
f 4723/7071/4723 4159/7069/4159 4158/7063/4158
f 4723/7071/4723 4158/7063/4158 4715/7055/4715
f 4715/7055/4715 4695/7024/4695 4720/7066/4720
f 4159/7069/4159 4720/7066/4720 4716/7056/4716
f 4720/7066/4720 4723/7071/4723 4715/7055/4715
f 4723/7071/4723 4720/7066/4720 4159/7069/4159
f 4716/7056/4716 4718/7060/4718 4156/7062/4156
f 4724/7072/4724 4627/7073/4627 4624/7074/4624
f 4724/7072/4724 4624/7074/4624 4250/7075/4250
f 4250/7075/4250 4259/7076/4259 4724/7072/4724
f 4724/7072/4724 4725/7077/4725 4627/7073/4627
f 4634/7078/4634 4627/7073/4627 4725/7077/4725
f 4726/7079/4726 4635/7080/4635 4634/7078/4634
f 4633/7081/4633 4727/7082/4727 4637/7083/4637
f 4725/7077/4725 4726/7079/4726 4634/7078/4634
f 4633/7081/4633 4636/7084/4636 4727/7082/4727
f 4641/7085/4641 4637/7083/4637 4727/7082/4727
f 4635/7080/4635 4726/7079/4726 4636/7084/4636
f 4726/7079/4726 4728/7086/4728 4636/7084/4636
f 4636/7084/4636 4728/7086/4728 4727/7082/4727
f 4729/7087/4729 4642/7088/4642 4641/7085/4641
f 4729/7087/4729 4641/7085/4641 4727/7082/4727
f 4730/7089/4730 4727/7082/4727 4728/7086/4728
f 4730/7089/4730 4729/7087/4729 4727/7082/4727
f 4677/7090/4677 4255/7091/4255 4252/7092/4252
f 4255/7091/4255 4677/7090/4677 4731/7093/4731
f 4724/7094/4724 4259/7095/4259 4731/7093/4731
f 4731/7093/4731 4677/7090/4677 4681/7096/4681
f 4259/7095/4259 4255/7091/4255 4731/7093/4731
f 4724/7094/4724 4731/7093/4731 4725/7097/4725
f 4681/7096/4681 4680/7098/4680 4732/7099/4732
f 4732/7099/4732 4731/7093/4731 4681/7096/4681
f 4731/7093/4731 4732/7099/4732 4725/7097/4725
f 4680/7098/4680 4683/7100/4683 4732/7099/4732
f 4732/7099/4732 4726/7101/4726 4725/7097/4725
f 4732/7099/4732 4683/7100/4683 4733/7102/4733
f 4685/7103/4685 4733/7102/4733 4683/7100/4683
f 4732/7099/4732 4733/7102/4733 4726/7101/4726
f 4728/7104/4728 4726/7101/4726 4733/7102/4733
f 4734/7105/4734 4733/7102/4733 4685/7103/4685
f 4734/7105/4734 4685/7103/4685 4684/7106/4684
f 4733/7102/4733 4730/7107/4730 4728/7104/4728
f 4734/7105/4734 4730/7107/4730 4733/7102/4733
f 4684/7106/4684 4686/7108/4686 4734/7105/4734
f 4686/7108/4686 4642/7109/4642 4729/7110/4729
f 4729/7110/4729 4734/7105/4734 4686/7108/4686
f 4730/7107/4730 4734/7105/4734 4729/7110/4729
f 4735/7111/4735 4482/7112/4482 4538/7113/4538
f 4736/7114/4736 4735/7111/4735 4538/7113/4538
f 4737/7115/4737 4304/7116/4304 4558/7117/4558
f 4310/7118/4310 4304/7116/4304 4737/7115/4737
f 4536/7119/4536 4534/7120/4534 4540/7121/4540
f 4535/7122/4535 4539/7123/4539 4537/7124/4537
f 4738/7125/4738 4535/7122/4535 4536/7119/4536
f 4482/7112/4482 4735/7111/4735 4487/7126/4487
f 4736/7114/4736 4538/7113/4538 4539/7123/4539
f 4488/7127/4488 4486/7128/4486 4562/7129/4562
f 4539/7123/4539 4535/7122/4535 4736/7114/4736
f 4310/7118/4310 4739/7130/4739 4305/7131/4305
f 4489/7132/4489 4485/7133/4485 4740/7134/4740
f 4741/7135/4741 4562/7129/4562 4486/7128/4486
f 4535/7122/4535 4738/7125/4738 4736/7114/4736
f 4540/7121/4540 4742/7136/4742 4536/7119/4536
f 4562/7129/4562 4743/7137/4743 4564/7138/4564
f 4743/7137/4743 4563/7139/4563 4564/7138/4564
f 4742/7136/4742 4738/7125/4738 4536/7119/4536
f 4558/7117/4558 4563/7139/4563 4737/7115/4737
f 4739/7130/4739 4310/7118/4310 4737/7115/4737
f 4486/7128/4486 4489/7132/4489 4741/7135/4741
f 4744/7140/4744 4487/7126/4487 4735/7111/4735
f 4741/7135/4741 4489/7132/4489 4740/7134/4740
f 4745/7141/4745 4746/7142/4746 4743/7137/4743
f 4746/7142/4746 4563/7139/4563 4743/7137/4743
f 4740/7134/4740 4747/7143/4747 4741/7135/4741
f 4735/7111/4735 4736/7114/4736 4744/7140/4744
f 4747/7143/4747 4748/7144/4748 4741/7135/4741
f 4748/7144/4748 4562/7129/4562 4741/7135/4741
f 4748/7144/4748 4743/7137/4743 4562/7129/4562
f 4748/7144/4748 4745/7141/4745 4743/7137/4743
f 4746/7142/4746 4745/7141/4745 4737/7115/4737
f 4746/7142/4746 4737/7115/4737 4563/7139/4563
f 4305/7131/4305 4739/7130/4739 4541/7145/4541
f 4485/7133/4485 4490/7146/4490 4740/7134/4740
f 4747/7143/4747 4749/7147/4749 4748/7144/4748
f 4750/7148/4750 4736/7114/4736 4738/7125/4738
f 4750/7148/4750 4738/7125/4738 4749/7147/4749
f 4749/7147/4749 4745/7141/4745 4748/7144/4748
f 4750/7148/4750 4749/7147/4749 4747/7143/4747
f 4742/7136/4742 4749/7147/4749 4738/7125/4738
f 4742/7136/4742 4745/7141/4745 4749/7147/4749
f 4737/7115/4737 4745/7141/4745 4751/7149/4751
f 4737/7115/4737 4751/7149/4751 4739/7130/4739
f 4739/7130/4739 4751/7149/4751 4541/7145/4541
f 4747/7143/4747 4740/7134/4740 4752/7150/4752
f 4744/7140/4744 4750/7148/4750 4752/7150/4752
f 4744/7140/4744 4736/7114/4736 4750/7148/4750
f 4742/7136/4742 4540/7121/4540 4751/7149/4751
f 4490/7146/4490 4487/7126/4487 4744/7140/4744
f 4490/7146/4490 4744/7140/4744 4752/7150/4752
f 4752/7150/4752 4740/7134/4740 4490/7146/4490
f 4752/7150/4752 4750/7148/4750 4747/7143/4747
f 4742/7136/4742 4751/7149/4751 4745/7141/4745
f 4751/7149/4751 4540/7121/4540 4541/7145/4541
f 4753/7151/4753 1/7152/1 4754/7153/4754
f 4754/7153/4754 3/7154/3 4755/7155/4755
f 1/7152/1 4753/7151/4753 4/7156/4
f 4756/7157/4756 4755/7155/4755 3/7154/3
f 4755/7155/4755 4757/7158/4757 4754/7153/4754
f 3/7154/3 6/7159/6 4756/7157/4756
f 4754/7153/4754 4758/7160/4758 4753/7151/4753
f 4759/7161/4759 4754/7153/4754 4757/7158/4757
f 4760/7162/4760 4756/7157/4756 6/7159/6
f 4755/7155/4755 4756/7157/4756 4760/7162/4760
f 4759/7161/4759 4758/7160/4758 4754/7153/4754
f 4755/7155/4755 4761/7163/4761 4757/7158/4757
f 4762/7164/4762 4759/7161/4759 4757/7158/4757
f 4762/7164/4762 4757/7158/4757 4761/7163/4761
f 4761/7163/4761 4755/7155/4755 4763/7165/4763
f 4763/7165/4763 4755/7155/4755 4760/7162/4760
f 4764/7166/4764 4760/7162/4760 6/7159/6
f 4764/7166/4764 6/7159/6 10/7167/10
f 4764/7166/4764 4763/7165/4763 4760/7162/4760
f 4765/7168/4765 4762/7164/4762 4761/7163/4761
f 4766/7169/4766 4759/7161/4759 4762/7164/4762
f 4767/7170/4767 4761/7163/4761 4763/7165/4763
f 4767/7170/4767 4763/7165/4763 4768/7171/4768
f 4764/7166/4764 4768/7171/4768 4763/7165/4763
f 4769/7172/4769 4766/7169/4766 4762/7164/4762
f 4767/7170/4767 4765/7168/4765 4761/7163/4761
f 4770/7173/4770 4764/7166/4764 10/7167/10
f 18/7174/18 4770/7173/4770 10/7167/10
f 4770/7173/4770 4768/7171/4768 4764/7166/4764
f 4762/7164/4762 4765/7168/4765 4769/7172/4769
f 4767/7170/4767 4768/7171/4768 4771/7175/4771
f 4768/7171/4768 4770/7173/4770 4772/7176/4772
f 4765/7168/4765 4767/7170/4767 4771/7175/4771
f 4773/7177/4773 4769/7172/4769 4765/7168/4765
f 4774/7178/4774 4770/7173/4770 18/7174/18
f 4765/7168/4765 4771/7175/4771 4773/7177/4773
f 4775/7179/4775 4766/7169/4766 4769/7172/4769
f 4776/7180/4776 4773/7177/4773 4771/7175/4771
f 4771/7175/4771 4768/7171/4768 4772/7176/4772
f 4777/7181/4777 4766/7169/4766 4778/7182/4778
f 4778/7182/4778 4766/7169/4766 4775/7179/4775
f 4772/7176/4772 4770/7173/4770 4774/7178/4774
f 32/7183/32 4774/7178/4774 18/7174/18
f 4771/7175/4771 4772/7176/4772 4776/7180/4776
f 4779/7184/4779 4775/7179/4775 4769/7172/4769
f 233/7185/233 4778/7182/4778 4775/7179/4775
f 4780/7186/4780 4769/7172/4769 4773/7177/4773
f 4779/7184/4779 4769/7172/4769 4780/7186/4780
f 4776/7180/4776 4781/7187/4781 4773/7177/4773
f 4774/7178/4774 32/7183/32 4772/7176/4772
f 4773/7177/4773 4781/7187/4781 4780/7186/4780
f 4775/7179/4775 4779/7184/4779 235/7188/235
f 235/7188/235 233/7185/233 4775/7179/4775
f 236/7189/236 4779/7184/4779 4780/7186/4780
f 235/7188/235 4779/7184/4779 236/7189/236
f 4776/7180/4776 4772/7176/4772 4782/7190/4782
f 4783/7191/4783 236/7189/236 4780/7186/4780
f 4783/7191/4783 4780/7186/4780 4781/7187/4781
f 4784/7192/4784 4772/7176/4772 32/7183/32
f 4782/7190/4782 4772/7176/4772 4784/7192/4784
f 44/7193/44 4784/7192/4784 32/7183/32
f 4781/7187/4781 4776/7180/4776 4785/7194/4785
f 4776/7180/4776 4782/7190/4782 4786/7195/4786
f 4787/7196/4787 4782/7190/4782 4784/7192/4784
f 4786/7195/4786 4785/7194/4785 4776/7180/4776
f 238/7197/238 236/7189/236 4783/7191/4783
f 4781/7187/4781 4785/7194/4785 4783/7191/4783
f 4782/7190/4782 4787/7196/4787 4786/7195/4786
f 4787/7196/4787 4784/7192/4784 44/7193/44
f 242/7198/242 238/7197/238 4783/7191/4783
f 242/7198/242 4783/7191/4783 4785/7194/4785
f 4788/7199/4788 4787/7196/4787 44/7193/44
f 242/7198/242 4785/7194/4785 4789/7200/4789
f 44/7193/44 65/7201/65 4788/7199/4788
f 4785/7194/4785 4786/7195/4786 4790/7202/4790
f 4785/7194/4785 4790/7202/4790 4789/7200/4789
f 4787/7196/4787 259/7203/259 4786/7195/4786
f 241/7204/241 242/7198/242 4789/7200/4789
f 4788/7199/4788 259/7203/259 4787/7196/4787
f 4789/7200/4789 4790/7202/4790 251/7205/251
f 4786/7195/4786 259/7203/259 4790/7202/4790
f 241/7204/241 4789/7200/4789 251/7205/251
f 257/7206/257 4790/7202/4790 259/7203/259
f 254/7207/254 251/7205/251 4790/7202/4790
f 4790/7202/4790 257/7206/257 254/7207/254
f 90/7208/90 4788/7199/4788 65/7201/65
f 257/7206/257 256/7209/256 254/7207/254
f 261/7210/261 259/7203/259 4788/7199/4788
f 90/7208/90 261/7210/261 4788/7199/4788
f 3/7154/3 4754/7153/4754 1/7152/1
f 4753/7151/4753 4758/7160/4758 4/7156/4
f 4/7156/4 4758/7160/4758 4791/7211/4791
f 4792/7212/4792 4758/7160/4758 4759/7161/4759
f 11/7213/11 4/7156/4 4791/7211/4791
f 4791/7211/4791 4758/7160/4758 4793/7214/4793
f 4792/7212/4792 4793/7214/4793 4758/7160/4758
f 4766/7169/4766 4792/7212/4792 4759/7161/4759
f 11/7213/11 4791/7211/4791 4794/7215/4794
f 4795/7216/4795 4793/7214/4793 4792/7212/4792
f 4791/7211/4791 4793/7214/4793 4794/7215/4794
f 4795/7216/4795 4792/7212/4792 4796/7217/4796
f 4796/7217/4796 4792/7212/4792 4766/7169/4766
f 11/7213/11 4794/7215/4794 26/7218/26
f 4777/7181/4777 4796/7217/4796 4766/7169/4766
f 4794/7215/4794 4793/7214/4793 4797/7219/4797
f 4798/7220/4798 4793/7214/4793 4795/7216/4795
f 4796/7217/4796 4799/7221/4799 4795/7216/4795
f 4799/7221/4799 4798/7220/4798 4795/7216/4795
f 4797/7219/4797 26/7218/26 4794/7215/4794
f 4793/7214/4793 4800/7222/4800 4797/7219/4797
f 4793/7214/4793 4798/7220/4798 4800/7222/4800
f 4777/7181/4777 4778/7182/4778 4796/7217/4796
f 4797/7219/4797 35/7223/35 26/7218/26
f 4796/7217/4796 4778/7182/4778 232/7224/232
f 4800/7222/4800 4798/7220/4798 4801/7225/4801
f 4796/7217/4796 232/7224/232 4799/7221/4799
f 233/7185/233 232/7224/232 4778/7182/4778
f 4797/7219/4797 4800/7222/4800 4801/7225/4801
f 4801/7225/4801 4798/7220/4798 4799/7221/4799
f 4797/7219/4797 4802/7226/4802 35/7223/35
f 4803/7227/4803 4801/7225/4801 4799/7221/4799
f 4801/7225/4801 4802/7226/4802 4797/7219/4797
f 4799/7221/4799 232/7224/232 4803/7227/4803
f 35/7223/35 4802/7226/4802 52/7228/52
f 4804/7229/4804 4802/7226/4802 4801/7225/4801
f 4803/7227/4803 4804/7229/4804 4801/7225/4801
f 4805/7230/4805 4803/7227/4803 232/7224/232
f 52/7228/52 4802/7226/4802 4806/7231/4806
f 239/7232/239 4805/7230/4805 232/7224/232
f 4802/7226/4802 4807/7233/4807 4806/7231/4806
f 67/7234/67 52/7228/52 4806/7231/4806
f 4804/7229/4804 4807/7233/4807 4802/7226/4802
f 239/7232/239 246/7235/246 4805/7230/4805
f 4803/7227/4803 4808/7236/4808 4804/7229/4804
f 4804/7229/4804 4808/7236/4808 4807/7233/4807
f 81/7237/81 67/7234/67 4806/7231/4806
f 4803/7227/4803 4805/7230/4805 247/7238/247
f 4805/7230/4805 246/7235/246 247/7238/247
f 4806/7231/4806 4807/7233/4807 81/7237/81
f 4809/7239/4809 4803/7227/4803 247/7238/247
f 4808/7236/4808 4803/7227/4803 4809/7239/4809
f 4807/7233/4807 4808/7236/4808 4810/7240/4810
f 4809/7239/4809 247/7238/247 266/7241/266
f 4809/7239/4809 4811/7242/4811 4808/7236/4808
f 248/7243/248 266/7241/266 247/7238/247
f 4807/7233/4807 4810/7240/4810 4812/7244/4812
f 81/7237/81 4807/7233/4807 4812/7244/4812
f 4811/7242/4811 4809/7239/4809 266/7241/266
f 4808/7236/4808 4811/7242/4811 4810/7240/4810
f 81/7237/81 4812/7244/4812 102/7245/102
f 4813/7246/4813 4812/7244/4812 4810/7240/4810
f 4811/7242/4811 4813/7246/4813 4810/7240/4810
f 270/7247/270 4811/7242/4811 266/7241/266
f 4814/7248/4814 4812/7244/4812 4813/7246/4813
f 4812/7244/4812 4814/7248/4814 102/7245/102
f 109/7249/109 102/7245/102 4814/7248/4814
f 4813/7246/4813 4811/7242/4811 282/7250/282
f 4811/7242/4811 270/7247/270 279/7251/279
f 4813/7246/4813 282/7250/282 4814/7248/4814
f 4814/7248/4814 287/7252/287 109/7249/109
f 4811/7242/4811 279/7251/279 282/7250/282
f 283/7253/283 4814/7248/4814 282/7250/282
f 287/7252/287 4814/7248/4814 283/7253/283
f 193/7254/193 167/7255/167 170/7256/170
f 167/7255/167 4815/7257/4815 171/7258/171
f 167/7255/167 193/7254/193 4815/7257/4815
f 171/7258/171 4815/7257/4815 4816/7259/4816
f 4817/7260/4817 4816/7259/4816 4815/7257/4815
f 171/7258/171 4816/7259/4816 179/7261/179
f 4815/7257/4815 193/7254/193 4818/7262/4818
f 179/7261/179 4816/7259/4816 4819/7263/4819
f 4817/7260/4817 4819/7263/4819 4816/7259/4816
f 4818/7262/4818 4817/7260/4817 4815/7257/4815
f 193/7254/193 4820/7264/4820 4818/7262/4818
f 193/7254/193 196/7265/196 4820/7264/4820
f 4819/7263/4819 4817/7260/4817 4818/7262/4818
f 182/7266/182 179/7261/179 4819/7263/4819
f 4819/7263/4819 4818/7262/4818 4821/7267/4821
f 4821/7267/4821 4818/7262/4818 4822/7268/4822
f 4822/7268/4822 4818/7262/4818 4820/7264/4820
f 4820/7264/4820 196/7265/196 4822/7268/4822
f 4823/7269/4823 4819/7263/4819 4821/7267/4821
f 4821/7267/4821 4822/7268/4822 4824/7270/4824
f 182/7266/182 4819/7263/4819 4823/7269/4823
f 204/7271/204 4822/7268/4822 196/7265/196
f 188/7272/188 182/7266/182 4823/7269/4823
f 4823/7269/4823 4821/7267/4821 4825/7273/4825
f 4821/7267/4821 4824/7270/4824 4825/7273/4825
f 4826/7274/4826 4822/7268/4822 204/7271/204
f 4824/7270/4824 4822/7268/4822 4826/7274/4826
f 4826/7274/4826 4827/7275/4827 4824/7270/4824
f 4825/7273/4825 4828/7276/4828 4823/7269/4823
f 4829/7277/4829 4824/7270/4824 4827/7275/4827
f 4823/7269/4823 4828/7276/4828 188/7272/188
f 4825/7273/4825 4824/7270/4824 4829/7277/4829
f 4826/7274/4826 204/7271/204 205/7278/205
f 4826/7274/4826 210/7279/210 4827/7275/4827
f 210/7279/210 4826/7274/4826 205/7278/205
f 188/7272/188 4828/7276/4828 190/7280/190
f 4830/7281/4830 4825/7273/4825 4829/7277/4829
f 4831/7282/4831 4827/7275/4827 210/7279/210
f 4825/7273/4825 4832/7283/4832 4828/7276/4828
f 4831/7282/4831 4829/7277/4829 4827/7275/4827
f 4832/7283/4832 4825/7273/4825 4830/7281/4830
f 4830/7281/4830 4829/7277/4829 4831/7282/4831
f 190/7280/190 4828/7276/4828 4832/7283/4832
f 4830/7281/4830 4831/7282/4831 4833/7284/4833
f 4834/7285/4834 4831/7282/4831 210/7279/210
f 190/7280/190 4832/7283/4832 4835/7286/4835
f 4834/7285/4834 4833/7284/4833 4831/7282/4831
f 4836/7287/4836 4832/7283/4832 4830/7281/4830
f 4836/7287/4836 4830/7281/4830 4833/7284/4833
f 217/7288/217 4834/7285/4834 210/7279/210
f 4833/7284/4833 4834/7285/4834 4837/7289/4837
f 4836/7287/4836 4833/7284/4833 4837/7289/4837
f 4834/7285/4834 217/7288/217 4837/7289/4837
f 4835/7286/4835 4832/7283/4832 4838/7290/4838
f 4832/7283/4832 4836/7287/4836 4838/7290/4838
f 4839/7291/4839 4836/7287/4836 4837/7289/4837
f 4837/7289/4837 217/7288/217 222/7292/222
f 4837/7289/4837 222/7292/222 4839/7291/4839
f 4838/7290/4838 4836/7287/4836 4840/7293/4840
f 4836/7287/4836 4839/7291/4839 4840/7293/4840
f 4839/7291/4839 222/7292/222 224/7294/224
f 228/7295/228 4840/7293/4840 4839/7291/4839
f 228/7295/228 4839/7291/4839 224/7294/224
f 181/7296/181 4841/7297/4841 185/7298/185
f 4841/7297/4841 181/7296/181 183/7299/183
f 4841/7297/4841 201/7300/201 185/7298/185
f 4842/7301/4842 183/7299/183 184/7302/184
f 4842/7301/4842 184/7302/184 4843/7303/4843
f 184/7302/184 186/7304/186 4843/7303/4843
f 4841/7297/4841 183/7299/183 4842/7301/4842
f 4844/7305/4844 201/7300/201 4841/7297/4841
f 4841/7297/4841 4842/7301/4842 4844/7305/4844
f 4843/7303/4843 186/7304/186 187/7306/187
f 4843/7303/4843 187/7306/187 189/7307/189
f 4845/7308/4845 4843/7303/4843 189/7307/189
f 4843/7303/4843 4845/7308/4845 4842/7301/4842
f 4844/7305/4844 207/7309/207 201/7300/201
f 4846/7310/4846 4844/7305/4844 4842/7301/4842
f 4844/7305/4844 4846/7310/4846 207/7309/207
f 4847/7311/4847 4846/7310/4846 4842/7301/4842
f 189/7307/189 4848/7312/4848 4845/7308/4845
f 4842/7301/4842 4845/7308/4845 4847/7311/4847
f 189/7307/189 190/7280/190 4848/7312/4848
f 4848/7312/4848 4849/7313/4849 4845/7308/4845
f 4847/7311/4847 4845/7308/4845 4849/7313/4849
f 207/7309/207 4846/7310/4846 214/7314/214
f 4848/7312/4848 190/7280/190 4850/7315/4850
f 190/7280/190 4835/7286/4835 4850/7315/4850
f 4851/7316/4851 4846/7310/4846 4847/7311/4847
f 4849/7313/4849 4848/7312/4848 4850/7315/4850
f 214/7314/214 4846/7310/4846 4851/7316/4851
f 4851/7316/4851 219/7317/219 214/7314/214
f 4850/7315/4850 4852/7318/4852 4849/7313/4849
f 4847/7311/4847 4853/7319/4853 4851/7316/4851
f 4852/7318/4852 4850/7315/4850 4835/7286/4835
f 4847/7311/4847 4849/7313/4849 4854/7320/4854
f 4853/7319/4853 219/7317/219 4851/7316/4851
f 4847/7311/4847 4854/7320/4854 4853/7319/4853
f 4852/7318/4852 4835/7286/4835 4855/7321/4855
f 4835/7286/4835 4838/7290/4838 4855/7321/4855
f 4854/7320/4854 4849/7313/4849 4852/7318/4852
f 4856/7322/4856 219/7317/219 4853/7319/4853
f 4840/7293/4840 4855/7321/4855 4838/7290/4838
f 4856/7322/4856 4853/7319/4853 4854/7320/4854
f 4852/7318/4852 4857/7323/4857 4854/7320/4854
f 4855/7321/4855 4857/7323/4857 4852/7318/4852
f 219/7317/219 4856/7322/4856 227/7324/227
f 4855/7321/4855 4840/7293/4840 4858/7325/4858
f 4854/7320/4854 4857/7323/4857 4856/7322/4856
f 4856/7322/4856 4857/7323/4857 4859/7326/4859
f 228/7295/228 4858/7325/4858 4840/7293/4840
f 4857/7323/4857 4855/7321/4855 4860/7327/4860
f 227/7324/227 4856/7322/4856 4859/7326/4859
f 4859/7326/4859 4857/7323/4857 4860/7327/4860
f 229/7328/229 4858/7325/4858 228/7295/228
f 4855/7321/4855 4858/7325/4858 4860/7327/4860
f 4859/7326/4859 4861/7329/4861 227/7324/227
f 4859/7326/4859 4860/7327/4860 4861/7329/4861
f 4861/7329/4861 4860/7327/4860 4858/7325/4858
f 4861/7329/4861 4858/7325/4858 229/7328/229
f 231/7330/231 229/7328/229 230/7331/230
f 231/7330/231 227/7324/227 4861/7329/4861
f 4861/7329/4861 229/7328/229 231/7330/231
f 325/7332/325 299/7333/299 4862/7334/4862
f 4862/7334/4862 295/7335/295 297/7336/297
f 295/7335/295 4862/7334/4862 299/7333/299
f 325/7332/325 4862/7334/4862 4863/7337/4863
f 4862/7334/4862 297/7336/297 4864/7338/4864
f 4863/7337/4863 4862/7334/4862 4864/7338/4864
f 4864/7338/4864 297/7336/297 298/7339/298
f 328/7340/328 325/7332/325 4863/7337/4863
f 4864/7338/4864 4865/7341/4865 4863/7337/4863
f 4863/7337/4863 337/7342/337 328/7340/328
f 4865/7341/4865 337/7342/337 4863/7337/4863
f 298/7339/298 304/7343/304 4864/7338/4864
f 4864/7338/4864 304/7343/304 4866/7344/4866
f 4865/7341/4865 4864/7338/4864 4866/7344/4866
f 328/7340/328 337/7342/337 329/7345/329
f 339/7346/339 337/7342/337 4865/7341/4865
f 4866/7344/4866 4867/7347/4867 4865/7341/4865
f 339/7346/339 4865/7341/4865 4867/7347/4867
f 4868/7348/4868 339/7346/339 4867/7347/4867
f 310/7349/310 4866/7344/4866 304/7343/304
f 4869/7350/4869 4867/7347/4867 4866/7344/4866
f 310/7349/310 4869/7350/4869 4866/7344/4866
f 340/7351/340 339/7346/339 4868/7348/4868
f 4867/7347/4867 4869/7350/4869 4868/7348/4868
f 4869/7350/4869 310/7349/310 4870/7352/4870
f 4868/7348/4868 4869/7350/4869 4871/7353/4871
f 340/7351/340 4868/7348/4868 4871/7353/4871
f 4871/7353/4871 4869/7350/4869 4872/7354/4872
f 4869/7350/4869 4870/7352/4870 4872/7354/4872
f 310/7349/310 314/7355/314 4870/7352/4870
f 340/7351/340 4871/7353/4871 343/7356/343
f 4870/7352/4870 314/7355/314 4873/7357/4873
f 4871/7353/4871 4872/7354/4872 343/7356/343
f 4870/7352/4870 4873/7357/4873 4872/7354/4872
f 4873/7357/4873 314/7355/314 318/7358/318
f 343/7356/343 4872/7354/4872 4874/7359/4874
f 4874/7359/4874 4872/7354/4872 4873/7357/4873
f 343/7356/343 4875/7360/4875 345/7361/345
f 320/7362/320 4873/7357/4873 318/7358/318
f 4875/7360/4875 343/7356/343 4874/7359/4874
f 320/7362/320 4874/7359/4874 4873/7357/4873
f 4876/7363/4876 4875/7360/4875 4874/7359/4874
f 4876/7363/4876 4874/7359/4874 320/7362/320
f 349/7364/349 345/7361/345 4875/7360/4875
f 320/7362/320 321/7365/321 4876/7363/4876
f 349/7364/349 4875/7360/4875 4876/7363/4876
f 321/7365/321 323/7366/323 351/7367/351
f 351/7367/351 4876/7363/4876 321/7365/321
f 349/7364/349 4876/7363/4876 351/7367/351
f 397/7368/397 388/7369/388 395/7370/395
f 4877/7371/4877 397/7368/397 395/7370/395
f 4877/7371/4877 399/7372/399 397/7368/397
f 4877/7371/4877 4878/7373/4878 399/7372/399
f 399/7372/399 409/7374/409 398/7375/398
f 395/7370/395 1061/7376/1061 4877/7371/4877
f 403/7377/403 1061/7376/1061 395/7370/395
f 4879/7378/4879 409/7374/409 399/7372/399
f 399/7372/399 4878/7373/4878 4879/7378/4879
f 4877/7371/4877 1061/7376/1061 4878/7373/4878
f 4880/7379/4880 4878/7373/4878 1061/7376/1061
f 1061/7376/1061 570/7380/570 4880/7379/4880
f 4879/7378/4879 4878/7373/4878 4881/7381/4881
f 570/7380/570 571/7382/571 4880/7379/4880
f 409/7374/409 4879/7378/4879 4882/7383/4882
f 4879/7378/4879 4881/7381/4881 4883/7384/4883
f 571/7382/571 4884/7385/4884 4880/7379/4880
f 4879/7378/4879 4883/7384/4883 4882/7383/4882
f 4884/7385/4884 571/7382/571 574/7386/574
f 410/7387/410 409/7374/409 4882/7383/4882
f 4878/7373/4878 4880/7379/4880 4884/7385/4884
f 4881/7381/4881 4878/7373/4878 4884/7385/4884
f 4884/7385/4884 4885/7388/4885 4881/7381/4881
f 4883/7384/4883 4881/7381/4881 4885/7388/4885
f 4884/7385/4884 4886/7389/4886 4885/7388/4885
f 572/7390/572 580/7391/580 574/7386/574
f 4884/7385/4884 574/7386/574 4886/7389/4886
f 4887/7392/4887 4882/7383/4882 4883/7384/4883
f 410/7387/410 4882/7383/4882 4888/7393/4888
f 4889/7394/4889 4887/7392/4887 4883/7384/4883
f 4889/7394/4889 4883/7384/4883 4885/7388/4885
f 4887/7392/4887 4888/7393/4888 4882/7383/4882
f 574/7386/574 580/7391/580 4890/7395/4890
f 4886/7389/4886 4891/7396/4891 4885/7388/4885
f 4886/7389/4886 574/7386/574 4890/7395/4890
f 4891/7396/4891 4892/7397/4892 4885/7388/4885
f 4889/7394/4889 4885/7388/4885 4892/7397/4892
f 4890/7395/4890 4891/7396/4891 4886/7389/4886
f 586/7398/586 4890/7395/4890 580/7391/580
f 4889/7394/4889 4892/7397/4892 4887/7392/4887
f 4893/7399/4893 410/7387/410 4888/7393/4888
f 4890/7395/4890 4894/7400/4894 4891/7396/4891
f 4893/7399/4893 424/7401/424 410/7387/410
f 4888/7393/4888 4887/7392/4887 4895/7402/4895
f 4892/7397/4892 4895/7402/4895 4887/7392/4887
f 586/7398/586 598/7403/598 4890/7395/4890
f 4894/7400/4894 4890/7395/4890 598/7403/598
f 4894/7400/4894 4896/7404/4896 4891/7396/4891
f 4891/7396/4891 4896/7404/4896 4892/7397/4892
f 4888/7393/4888 4895/7402/4895 4893/7399/4893
f 4896/7404/4896 4894/7400/4894 4897/7405/4897
f 4892/7397/4892 4896/7404/4896 4895/7402/4895
f 604/7406/604 598/7403/598 595/7407/595
f 604/7406/604 4894/7400/4894 598/7403/598
f 4893/7399/4893 430/7408/430 424/7401/424
f 4898/7409/4898 4895/7402/4895 4896/7404/4896
f 4894/7400/4894 4899/7410/4899 4897/7405/4897
f 4899/7410/4899 4894/7400/4894 604/7406/604
f 4900/7411/4900 4896/7404/4896 4897/7405/4897
f 4896/7404/4896 4901/7412/4901 4898/7409/4898
f 4898/7409/4898 4893/7399/4893 4895/7402/4895
f 435/7413/435 430/7408/430 4893/7399/4893
f 4893/7399/4893 4898/7409/4898 435/7413/435
f 4898/7409/4898 436/7414/436 435/7413/435
f 4900/7411/4900 4901/7412/4901 4896/7404/4896
f 4902/7415/4902 4900/7411/4900 4897/7405/4897
f 430/7408/430 435/7413/435 437/7416/437
f 4898/7409/4898 4903/7417/4903 436/7414/436
f 4899/7410/4899 4902/7415/4902 4897/7405/4897
f 4898/7409/4898 4901/7412/4901 4903/7417/4903
f 4901/7412/4901 4900/7411/4900 4902/7415/4902
f 4903/7417/4903 4904/7418/4904 436/7414/436
f 4903/7417/4903 4905/7419/4905 4904/7418/4904
f 4901/7412/4901 4905/7419/4905 4903/7417/4903
f 436/7414/436 4904/7418/4904 441/7420/441
f 4899/7410/4899 604/7406/604 609/7421/609
f 4899/7410/4899 4906/7422/4906 4902/7415/4902
f 609/7421/609 4906/7422/4906 4899/7410/4899
f 4905/7419/4905 4901/7412/4901 4907/7423/4907
f 4905/7419/4905 4908/7424/4908 4904/7418/4904
f 441/7420/441 4904/7418/4904 452/7425/452
f 4904/7418/4904 4908/7424/4908 452/7425/452
f 4906/7422/4906 4909/7426/4909 4902/7415/4902
f 4901/7412/4901 4902/7415/4902 4909/7426/4909
f 4909/7426/4909 4907/7423/4907 4901/7412/4901
f 4907/7423/4907 4908/7424/4908 4905/7419/4905
f 4907/7423/4907 1744/7427/1744 4908/7424/4908
f 4908/7424/4908 1744/7427/1744 452/7425/452
f 1755/7428/1755 4907/7423/4907 4909/7426/4909
f 4907/7423/4907 1755/7428/1755 1744/7427/1744
f 4906/7422/4906 1769/7429/1769 4909/7426/4909
f 4909/7426/4909 1769/7429/1769 1755/7428/1755
f 4906/7422/4906 609/7421/609 625/7430/625
f 4906/7422/4906 625/7430/625 1769/7429/1769
f 1775/7431/1775 1769/7429/1769 625/7430/625
f 4910/7432/4910 4911/7433/4911 4912/7434/4912
f 4913/7435/4913 916/7436/916 4911/7433/4911
f 4912/7434/4912 1120/7437/1120 4910/7432/4910
f 4912/7434/4912 1121/7438/1121 1120/7437/1120
f 916/7436/916 920/7439/920 4911/7433/4911
f 4914/7440/4914 4912/7434/4912 4911/7433/4911
f 920/7439/920 4914/7440/4914 4911/7433/4911
f 4914/7440/4914 1121/7438/1121 4912/7434/4912
f 920/7439/920 924/7441/924 4914/7440/4914
f 1121/7438/1121 4914/7440/4914 1122/7442/1122
f 1437/7443/1437 1324/7444/1324 1323/7445/1323
f 4915/7446/4915 1437/7443/1437 1323/7445/1323
f 1325/7447/1325 4915/7446/4915 1323/7445/1323
f 924/7441/924 4916/7448/4916 4914/7440/4914
f 4914/7440/4914 4916/7448/4916 1122/7442/1122
f 4915/7446/4915 1325/7447/1325 4917/7449/4917
f 4915/7446/4915 1438/7450/1438 1437/7443/1437
f 1128/7451/1128 4917/7449/4917 1325/7447/1325
f 4915/7446/4915 4918/7452/4918 1438/7450/1438
f 4915/7446/4915 4917/7449/4917 4918/7452/4918
f 930/7453/930 4916/7448/4916 924/7441/924
f 4916/7448/4916 1130/7454/1130 1122/7442/1122
f 4917/7449/4917 1128/7451/1128 1132/7455/1132
f 4919/7456/4919 1130/7454/1130 4916/7448/4916
f 1438/7450/1438 4918/7452/4918 977/7457/977
f 4916/7448/4916 930/7453/930 4919/7456/4919
f 1438/7450/1438 977/7457/977 978/7458/978
f 4917/7449/4917 4920/7459/4920 4918/7452/4918
f 930/7453/930 4921/7460/4921 4919/7456/4919
f 930/7453/930 932/7461/932 4921/7460/4921
f 4918/7452/4918 4920/7459/4920 4922/7462/4922
f 1138/7463/1138 4920/7459/4920 4917/7449/4917
f 1138/7463/1138 4917/7449/4917 1132/7455/1132
f 1138/7463/1138 1130/7454/1130 4919/7456/4919
f 977/7457/977 4918/7452/4918 4922/7462/4922
f 1138/7463/1138 4923/7464/4923 4920/7459/4920
f 4924/7465/4924 1138/7463/1138 4919/7456/4919
f 4924/7465/4924 4919/7456/4919 4921/7460/4921
f 4924/7465/4924 4921/7460/4921 932/7461/932
f 4922/7462/4922 981/7466/981 977/7457/977
f 1138/7463/1138 4925/7467/4925 4923/7464/4923
f 935/7468/935 1341/7469/1341 4924/7465/4924
f 4923/7464/4923 4926/7470/4926 4920/7459/4920
f 1138/7463/1138 4924/7465/4924 4925/7467/4925
f 4924/7465/4924 932/7461/932 935/7468/935
f 4926/7470/4926 4923/7464/4923 4927/7471/4927
f 4922/7462/4922 4920/7459/4920 981/7466/981
f 4924/7465/4924 1341/7469/1341 4928/7472/4928
f 4926/7470/4926 981/7466/981 4920/7459/4920
f 4928/7472/4928 1341/7469/1341 1340/7473/1340
f 4929/7474/4929 4924/7465/4924 4928/7472/4928
f 4929/7474/4929 4925/7467/4925 4924/7465/4924
f 981/7466/981 4926/7470/4926 985/7475/985
f 4927/7471/4927 4923/7464/4923 4925/7467/4925
f 985/7475/985 4926/7470/4926 4927/7471/4927
f 4929/7474/4929 1603/7476/1603 4925/7467/4925
f 1604/7477/1604 4929/7474/4929 4928/7472/4928
f 1350/7478/1350 4928/7472/4928 1340/7473/1340
f 4928/7472/4928 1350/7478/1350 4930/7479/4930
f 1603/7476/1603 4927/7471/4927 4925/7467/4925
f 985/7475/985 4927/7471/4927 988/7480/988
f 1604/7477/1604 1603/7476/1603 4929/7474/4929
f 1604/7477/1604 4928/7472/4928 4930/7479/4930
f 988/7480/988 4927/7471/4927 1603/7476/1603
f 1604/7477/1604 4931/7481/4931 1602/7482/1602
f 4930/7479/4930 4931/7481/4931 1604/7477/1604
f 988/7480/988 1603/7476/1603 4932/7483/4932
f 991/7484/991 988/7480/988 4932/7483/4932
f 4931/7481/4931 4930/7479/4930 4933/7485/4933
f 1603/7476/1603 1605/7486/1605 4932/7483/4932
f 4930/7479/4930 1350/7478/1350 4933/7485/4933
f 1672/7487/1672 991/7484/991 4932/7483/4932
f 4931/7481/4931 1606/7488/1606 1602/7482/1602
f 1362/7489/1362 4933/7485/4933 1350/7478/1350
f 4933/7485/4933 1606/7488/1606 4931/7481/4931
f 4934/7490/4934 4932/7483/4932 1605/7486/1605
f 4934/7490/4934 1672/7487/1672 4932/7483/4932
f 1608/7491/1608 4934/7490/4934 1605/7486/1605
f 1672/7487/1672 1474/7492/1474 1472/7493/1472
f 1672/7487/1672 4934/7490/4934 1474/7492/1474
f 1371/7494/1371 4933/7485/4933 1362/7489/1362
f 1612/7495/1612 1609/7496/1609 4935/7497/4935
f 4935/7497/4935 1609/7496/1609 1606/7488/1606
f 4933/7485/4933 4935/7497/4935 1606/7488/1606
f 4934/7490/4934 1482/7498/1482 1474/7492/1474
f 4936/7499/4936 4933/7485/4933 1371/7494/1371
f 4937/7500/4937 4935/7497/4935 4933/7485/4933
f 4938/7501/4938 4936/7499/4936 1371/7494/1371
f 1612/7495/1612 4935/7497/4935 4939/7502/4939
f 4937/7500/4937 4933/7485/4933 4936/7499/4936
f 4934/7490/4934 1608/7491/1608 1482/7498/1482
f 1588/7503/1588 1612/7495/1612 4939/7502/4939
f 4938/7501/4938 4937/7500/4937 4936/7499/4936
f 4939/7502/4939 4935/7497/4935 4937/7500/4937
f 4938/7501/4938 1371/7494/1371 1384/7504/1384
f 1598/7505/1598 4939/7502/4939 4937/7500/4937
f 4938/7501/4938 1598/7505/1598 4937/7500/4937
f 1596/7506/1596 1588/7503/1588 4939/7502/4939
f 1596/7506/1596 4939/7502/4939 1598/7505/1598
f 4938/7501/4938 1384/7504/1384 1388/7507/1388
f 1599/7508/1599 1598/7505/1598 4938/7501/4938
f 4938/7501/4938 1388/7507/1388 1599/7508/1599
f 1591/7509/1591 1588/7503/1588 1596/7506/1596
f 4911/7433/4911 4910/7432/4910 4913/7435/4913
f 4910/7432/4910 4940/7510/4940 4913/7435/4913
f 918/7511/918 917/7512/917 4913/7435/4913
f 4913/7435/4913 917/7512/917 916/7436/916
f 918/7511/918 4913/7435/4913 992/7513/992
f 4910/7432/4910 1120/7437/1120 4941/7514/4941
f 4940/7510/4940 4910/7432/4910 4941/7514/4941
f 4913/7435/4913 4940/7510/4940 992/7513/992
f 918/7511/918 992/7513/992 994/7515/994
f 919/7516/919 918/7511/918 994/7515/994
f 992/7513/992 4940/7510/4940 993/7517/993
f 1120/7437/1120 1119/7518/1119 4941/7514/4941
f 4942/7519/4942 993/7517/993 4940/7510/4940
f 1124/7520/1124 4940/7510/4940 4941/7514/4941
f 4943/7521/4943 4940/7510/4940 1124/7520/1124
f 1119/7518/1119 1124/7520/1124 4941/7514/4941
f 4942/7519/4942 4940/7510/4940 4943/7521/4943
f 1124/7520/1124 1129/7522/1129 4943/7521/4943
f 4944/7523/4944 4942/7519/4942 4943/7521/4943
f 996/7524/996 993/7517/993 4942/7519/4942
f 1124/7520/1124 1123/7525/1123 1129/7522/1129
f 996/7524/996 4942/7519/4942 4944/7523/4944
f 4943/7521/4943 1129/7522/1129 4944/7523/4944
f 4944/7523/4944 997/7526/997 996/7524/996
f 1129/7522/1129 4945/7527/4945 4944/7523/4944
f 4945/7527/4945 1129/7522/1129 1135/7528/1135
f 997/7526/997 4944/7523/4944 4945/7527/4945
f 4945/7527/4945 998/7529/998 997/7526/997
f 4945/7527/4945 4946/7530/4946 998/7529/998
f 1135/7528/1135 1570/7531/1570 4945/7527/4945
f 1141/7532/1141 1570/7531/1570 1135/7528/1135
f 4946/7530/4946 999/7533/999 998/7529/998
f 4946/7530/4946 4945/7527/4945 1570/7531/1570
f 999/7533/999 4946/7530/4946 1572/7534/1572
f 1572/7534/1572 4946/7530/4946 1570/7531/1570
f 2151/7535/2151 2150/7536/2150 4947/7537/4947
f 4948/7538/4948 4947/7537/4947 2150/7536/2150
f 4949/7539/4949 4947/7537/4947 4948/7538/4948
f 4947/7537/4947 4949/7539/4949 4950/7540/4950
f 4949/7539/4949 4948/7538/4948 4951/7541/4951
f 4947/7537/4947 4950/7540/4950 1595/7542/1595
f 1595/7542/1595 2176/7543/2176 4947/7537/4947
f 1591/7544/1591 1596/7545/1596 4950/7540/4950
f 1593/7546/1593 4950/7540/4950 4949/7539/4949
f 1593/7546/1593 1591/7544/1591 4950/7540/4950
f 1595/7542/1595 4950/7540/4950 1596/7545/1596
f 2151/7535/2151 4947/7537/4947 2154/7547/2154
f 2176/7543/2176 2154/7547/2154 4947/7537/4947
f 2150/7536/2150 2155/7548/2155 4948/7538/4948
f 2155/7548/2155 4951/7541/4951 4948/7538/4948
f 2178/7549/2178 4949/7539/4949 4952/7550/4952
f 2821/7551/2821 4951/7541/4951 2155/7548/2155
f 2155/7548/2155 2157/7552/2157 2821/7551/2821
f 4952/7550/4952 4949/7539/4949 4951/7541/4951
f 2152/7553/2152 2157/7552/2157 2155/7548/2155
f 4953/7554/4953 2178/7549/2178 4952/7550/4952
f 2821/7551/2821 2822/7555/2822 4951/7541/4951
f 2178/7549/2178 4953/7554/4953 2183/7556/2183
f 4954/7557/4954 4952/7550/4952 4951/7541/4951
f 4954/7557/4954 4951/7541/4951 2822/7555/2822
f 4955/7558/4955 4953/7554/4953 4952/7550/4952
f 4955/7558/4955 4952/7550/4952 4956/7559/4956
f 4954/7557/4954 4956/7559/4956 4952/7550/4952
f 2186/7560/2186 2183/7556/2183 4953/7554/4953
f 4956/7559/4956 4954/7557/4954 2822/7555/2822
f 2822/7555/2822 2824/7561/2824 4956/7559/4956
f 4957/7562/4957 4953/7554/4953 4955/7558/4955
f 2186/7560/2186 4953/7554/4953 4957/7562/4957
f 4956/7559/4956 4958/7563/4958 4955/7558/4955
f 4956/7559/4956 2824/7561/2824 4958/7563/4958
f 4959/7564/4959 4957/7562/4957 4955/7558/4955
f 4958/7563/4958 4960/7565/4960 4955/7558/4955
f 2186/7560/2186 4957/7562/4957 2189/7566/2189
f 4959/7564/4959 4955/7558/4955 4960/7565/4960
f 4958/7563/4958 2824/7561/2824 2827/7567/2827
f 4959/7564/4959 2189/7566/2189 4957/7562/4957
f 2178/7549/2178 1593/7546/1593 4949/7539/4949
f 4960/7565/4960 4958/7563/4958 4961/7568/4961
f 4961/7568/4961 4958/7563/4958 2827/7567/2827
f 4960/7565/4960 4962/7569/4962 4959/7564/4959
f 2193/7570/2193 2189/7566/2189 4959/7564/4959
f 4963/7571/4963 4960/7565/4960 4961/7568/4961
f 4962/7569/4962 4960/7565/4960 4963/7571/4963
f 4962/7569/4962 2193/7570/2193 4959/7564/4959
f 4961/7568/4961 2827/7567/2827 2832/7572/2832
f 2832/7572/2832 4963/7571/4963 4961/7568/4961
f 4964/7573/4964 4962/7569/4962 4963/7571/4963
f 2197/7574/2197 2193/7570/2193 4962/7569/4962
f 2832/7572/2832 4964/7573/4964 4963/7571/4963
f 4964/7573/4964 2197/7574/2197 4962/7569/4962
f 4964/7573/4964 2832/7572/2832 2836/7575/2836
f 2203/7576/2203 2197/7574/2197 4964/7573/4964
f 2206/7577/2206 2203/7576/2203 4964/7573/4964
f 4965/7578/4965 4964/7573/4964 2836/7575/2836
f 2206/7577/2206 4964/7573/4964 4965/7578/4965
f 2206/7577/2206 4965/7578/4965 2213/7579/2213
f 4965/7578/4965 2836/7575/2836 2840/7580/2840
f 4965/7578/4965 3168/7581/3168 2213/7579/2213
f 4965/7578/4965 2840/7580/2840 3168/7581/3168
f 2840/7580/2840 2846/7582/2846 4966/7583/4966
f 2840/7580/2840 4966/7583/4966 3168/7581/3168
f 3179/7584/3179 2846/7582/2846 2844/7585/2844
f 2846/7582/2846 3179/7584/3179 4966/7583/4966
f 3168/7581/3168 4966/7583/4966 3175/7586/3175
f 3179/7584/3179 2844/7585/2844 2847/7587/2847
f 3179/7584/3179 3178/7588/3178 4966/7583/4966
f 3175/7586/3175 4966/7583/4966 3178/7588/3178
