# Blender 5.0.1
# www.blender.org
mtllib SM_Skewer_Pimento.mtl
o surface_7
v 0.130120 0.051049 0.001415
v 0.131133 0.046597 -0.000927
v 0.129371 0.050585 -0.000821
v 0.132704 0.032889 -0.005489
v 0.131568 0.028341 -0.008295
v 0.129545 0.030842 -0.008569
v 0.130280 0.036716 -0.005685
v 0.132436 0.039385 -0.002881
v 0.125241 0.043163 -0.005805
v 0.131376 0.114787 0.010240
v 0.129118 0.123090 0.007724
v 0.131509 0.120621 0.010838
v 0.130936 0.107747 0.009138
v 0.126837 0.113771 0.006240
v 0.128994 0.100606 0.008079
v 0.122541 0.105732 0.003573
v 0.128799 0.126675 0.008967
v 0.130579 0.123642 0.010675
v 0.129210 0.054308 0.000693
v 0.119360 0.050967 -0.006057
v 0.126301 0.101014 0.006035
v 0.122515 0.057027 -0.002172
v 0.126516 0.061909 0.001823
v 0.123886 0.127762 0.005317
v 0.129137 0.023270 -0.011755
v 0.126327 0.024858 -0.013243
v 0.125629 0.090759 0.005963
v 0.122255 0.095247 0.003486
v 0.120356 0.036017 -0.011347
v 0.122886 0.130489 0.005880
v 0.121614 0.069963 0.001154
v 0.124502 0.069471 0.003294
v 0.121171 0.064108 -0.000578
v 0.123450 0.073648 0.003051
v 0.121232 0.077218 0.002328
v 0.123228 0.078781 0.003851
v 0.119181 0.122280 0.002104
v 0.120464 0.087191 0.002343
v 0.123978 0.084453 0.004705
v 0.115918 0.081022 -0.000458
v 0.119984 0.018119 -0.019113
v 0.118683 0.029510 -0.015379
v 0.114995 0.114355 -0.000316
v 0.115109 0.074137 -0.001612
v 0.110791 0.068222 -0.005104
v 0.116543 0.021918 -0.020190
v 0.113615 0.131716 0.000028
v 0.112056 0.042896 -0.012870
v 0.108840 0.095034 -0.004444
v 0.113099 0.101327 -0.002041
v 0.106486 0.087380 -0.006156
v 0.114691 0.133275 0.001701
v 0.114825 0.106894 -0.000901
v 0.111002 0.060997 -0.007067
v 0.113165 0.017841 -0.023979
v 0.104822 0.078678 -0.007177
v 0.109631 0.111452 -0.003455
v 0.107007 0.128304 -0.004437
v 0.109299 0.033091 -0.018784
v 0.107368 0.052994 -0.011625
v 0.107631 0.122049 -0.004734
v 0.100735 0.029371 -0.026241
v 0.107080 0.036872 -0.017393
v 0.108546 0.107825 -0.004344
v 0.105180 0.020952 -0.027213
v 0.107100 0.045459 -0.013886
v 0.106315 0.039614 -0.015701
v 0.105399 0.134259 -0.004187
v 0.105840 0.102767 -0.005675
v 0.104092 0.052470 -0.012436
v 0.103770 0.067457 -0.009152
v 0.107091 0.111661 -0.004357
v 0.104764 0.059372 -0.010831
v 0.104893 0.116431 -0.006185
v 0.106607 0.108642 -0.004279
v 0.101333 0.035735 -0.019975
v 0.102394 0.092194 -0.007844
v 0.103647 0.097661 -0.006470
v 0.101569 0.063363 -0.010634
v 0.099887 0.034191 -0.023901
v 0.099455 0.074889 -0.009153
v 0.101834 0.118844 -0.008320
v 0.103590 0.016598 -0.029840
v 0.101012 0.088049 -0.008675
v 0.100121 0.080676 -0.009163
v 0.099847 0.068941 -0.009501
v 0.097925 0.018199 -0.032893
v 0.096633 0.023497 -0.031225
v 0.096922 0.119719 -0.011682
v 0.098113 0.124278 -0.010512
v 0.088064 0.131544 -0.015234
v 0.091966 0.036830 -0.027042
v 0.095847 0.134971 -0.009672
v 0.084617 0.123788 -0.018507
v 0.090963 0.035903 -0.028940
v 0.090975 0.126394 -0.014461
v 0.089112 0.134640 -0.013560
v 0.085814 0.032224 -0.033962
v 0.087985 0.118014 -0.017052
v 0.083689 0.023199 -0.039135
v 0.086090 0.019400 -0.039042
v 0.082267 0.037748 -0.032834
v 0.079028 0.118423 -0.022014
v 0.081273 0.133249 -0.018342
v 0.068427 0.036600 -0.041934
v 0.074842 0.022300 -0.044501
v 0.075840 0.130146 -0.022568
v 0.076842 0.115768 -0.023008
v 0.072986 0.030002 -0.042383
v 0.070158 0.125223 -0.026077
v 0.068240 0.039499 -0.039657
v 0.070989 0.025356 -0.045698
v 0.063414 0.116099 -0.029945
v 0.072081 0.131040 -0.024344
v 0.068126 0.113778 -0.027201
v 0.064524 0.129603 -0.028242
v 0.059111 0.031676 -0.049753
v 0.058346 0.026452 -0.051812
v 0.059981 0.126305 -0.031215
v 0.057288 0.041150 -0.045291
v 0.056873 0.111219 -0.032502
v 0.053282 0.036369 -0.050680
v 0.054661 0.127846 -0.033195
v 0.048679 0.041276 -0.050269
v 0.051455 0.120114 -0.035839
v 0.044806 0.115173 -0.039685
v 0.048275 0.043686 -0.047945
v 0.049886 0.108329 -0.036700
v 0.047205 0.124506 -0.037547
v 0.045214 0.126050 -0.037715
v 0.044205 0.030884 -0.059289
v 0.042863 0.036507 -0.056646
v 0.039992 0.109648 -0.042331
v 0.041202 0.105953 -0.041442
v 0.042049 0.044916 -0.051094
v 0.036339 0.043609 -0.056234
v 0.038330 0.125358 -0.041295
v 0.034824 0.123427 -0.044420
v 0.033153 0.045720 -0.056493
v 0.033273 0.106945 -0.046117
v 0.034501 0.034096 -0.063356
v 0.029896 0.118192 -0.047964
v 0.031981 0.112233 -0.047025
v 0.028047 0.042281 -0.062340
v 0.032008 0.127857 -0.045251
v 0.032086 0.030674 -0.066499
v 0.025515 0.034917 -0.068302
v 0.024964 0.110834 -0.051102
v 0.027143 0.128977 -0.048807
v 0.024434 0.045670 -0.062041
v 0.016046 0.125318 -0.055672
v 0.023722 0.132815 -0.050777
v 0.020469 0.041750 -0.067645
v 0.024784 0.113684 -0.051286
v 0.021798 0.029673 -0.073298
v 0.019811 0.114111 -0.054076
v 0.018955 0.118181 -0.054237
v 0.019394 0.130912 -0.053658
v 0.019702 0.031969 -0.073537
v 0.016885 0.044867 -0.067508
v 0.013839 0.038371 -0.073863
v 0.011782 0.133033 -0.057916
v 0.011974 0.117426 -0.058631
v 0.015655 0.136951 -0.054712
v 0.010668 0.033248 -0.078549
v 0.009373 0.043744 -0.073275
v 0.009360 0.027455 -0.081398
v 0.006500 0.121953 -0.061969
v 0.007388 0.136546 -0.060140
v 0.002374 0.131065 -0.063768
v 0.005309 0.028787 -0.084486
v 0.006443 0.139855 -0.060148
v 0.003771 0.040505 -0.079357
v 0.003043 0.120612 -0.064194
v 0.001983 0.033872 -0.083835
v -0.003047 0.139169 -0.066394
v 0.001167 0.042869 -0.078170
v -0.002320 0.027372 -0.090246
v -0.002428 0.141646 -0.065670
v -0.002738 0.037857 -0.084995
v -0.003034 0.040798 -0.083449
v -0.004446 0.028862 -0.090557
v -0.010783 0.133598 -0.071928
v -0.006419 0.041309 -0.084640
v -0.005221 0.122901 -0.069388
v -0.008088 0.126354 -0.071021
v -0.009144 0.034722 -0.090422
v -0.011042 0.039375 -0.089135
v -0.011571 0.142272 -0.071646
v -0.013179 0.029448 -0.095962
v -0.010996 0.026552 -0.095589
v -0.013214 0.123613 -0.074246
v -0.013740 0.041137 -0.088672
v -0.014391 0.138588 -0.073700
v -0.015857 0.127192 -0.075694
v -0.017642 0.039804 -0.092854
v -0.019918 0.142332 -0.076807
v -0.019384 0.034007 -0.097428
v -0.018840 0.078440 -0.076112
v -0.023954 0.086985 -0.079540
v -0.018063 0.087715 -0.075291
v -0.018295 0.094116 -0.075677
v -0.020852 0.095024 -0.077797
v -0.018024 0.027717 -0.099728
v -0.019577 0.070680 -0.078391
v -0.023451 0.078086 -0.079750
v -0.019815 0.043651 -0.090534
v -0.022459 0.144168 -0.077232
v -0.022718 0.124086 -0.079811
v -0.019242 0.099887 -0.076559
v -0.023335 0.070145 -0.081927
v -0.021017 0.064555 -0.081717
v -0.024049 0.136224 -0.079880
v -0.018724 0.122529 -0.076988
v -0.023200 0.105333 -0.079584
v -0.022073 0.059113 -0.085407
v -0.023160 0.063902 -0.084460
v -0.027448 0.129766 -0.082384
v -0.034290 0.075859 -0.088036
v -0.022282 0.030998 -0.101170
v -0.029802 0.060576 -0.090826
v -0.026282 0.049940 -0.093233
v -0.022459 0.048292 -0.090336
v -0.022525 0.053653 -0.088034
v -0.029231 0.042194 -0.099755
v -0.024473 0.119743 -0.080362
v -0.030941 0.069644 -0.087698
v -0.029851 0.094431 -0.083808
v -0.029447 0.101905 -0.083645
v -0.027963 0.035366 -0.102443
v -0.024486 0.109831 -0.079304
v -0.030099 0.109723 -0.083916
v -0.024553 0.029349 -0.103187
v -0.029942 0.114214 -0.083560
v -0.026618 0.115089 -0.080614
v -0.032828 0.087350 -0.085676
v -0.030502 0.047386 -0.097669
v -0.028827 0.142940 -0.082268
v -0.036257 0.082615 -0.088168
v -0.031191 0.121477 -0.084720
v -0.039646 0.054035 -0.100754
v -0.038595 0.107839 -0.089502
v -0.037736 0.098765 -0.089192
v -0.035248 0.039025 -0.105564
v -0.031747 0.033023 -0.106271
v -0.032213 0.144536 -0.083433
v -0.030066 0.030409 -0.104932
v -0.035010 0.137867 -0.086623
v -0.035708 0.117540 -0.087214
v -0.037253 0.124323 -0.088900
v -0.038629 0.091079 -0.089711
v -0.034911 0.032939 -0.107143
v -0.039876 0.068206 -0.094705
v -0.041587 0.116960 -0.091276
v -0.036276 0.142512 -0.087085
v -0.041309 0.046401 -0.105914
v -0.039994 0.144086 -0.088637
v -0.041284 0.084205 -0.091348
v -0.042641 0.130520 -0.092332
v -0.043745 0.060665 -0.100147
v -0.041863 0.075196 -0.093333
v -0.040141 0.038372 -0.109197
v -0.041598 0.094349 -0.091317
v -0.041546 0.042235 -0.108248
v -0.043555 0.067301 -0.097013
v -0.043523 0.103041 -0.091643
v -0.045580 0.055477 -0.103575
v -0.044710 0.109769 -0.092901
v -0.044687 0.138213 -0.092892
v -0.045888 0.125996 -0.094429
v -0.044847 0.044594 -0.108964
v -0.045765 0.049815 -0.106793
v -0.045414 0.142070 -0.092715
v -0.046269 0.117582 -0.094022
v -0.046737 0.132667 -0.094759
v -0.046369 0.142569 -0.092095
v -0.047058 0.138067 -0.094186
v 0.107100 0.045459 -0.013886
v 0.106315 0.039614 -0.015701
v 0.102661 0.041209 -0.010150
v 0.103452 0.047668 -0.009706
v 0.108546 0.107825 -0.004344
v 0.106607 0.108642 -0.004279
v 0.107091 0.111661 -0.004357
v 0.104092 0.052470 -0.012436
v 0.099807 0.045667 -0.005750
v 0.102820 0.036792 -0.015785
v 0.104377 0.108459 -0.001204
v 0.102477 0.110608 0.000137
v 0.104183 0.104710 -0.003616
v 0.101932 0.052746 -0.008711
v 0.091471 0.045367 0.008612
v 0.089265 0.049339 0.011866
v 0.092557 0.050334 0.006676
v 0.104594 0.113946 -0.004225
v 0.105840 0.102767 -0.005675
v 0.101688 0.103838 0.000932
v 0.098951 0.104319 0.005027
v 0.098099 0.053919 -0.003550
v 0.095329 0.044718 0.000683
v 0.082057 0.050195 0.023285
v 0.084832 0.047904 0.019093
v 0.082908 0.045719 0.021523
v 0.104893 0.116431 -0.006185
v 0.095052 0.041345 -0.001012
v 0.095625 0.049387 0.000291
v 0.092568 0.043024 0.005103
v 0.100288 0.060273 -0.007722
v 0.095151 0.053879 0.001637
v 0.092315 0.056504 0.004580
v 0.090092 0.053049 0.009967
v 0.103647 0.097661 -0.006470
v 0.107080 0.036872 -0.017393
v 0.101850 0.098768 -0.003116
v 0.098140 0.037584 -0.010751
v 0.097740 0.107875 0.005609
v 0.098314 0.097129 0.001779
v 0.095910 0.039414 -0.005333
v 0.089303 0.041949 0.006762
v 0.088096 0.045272 0.011594
v 0.102184 0.058127 -0.010924
v 0.104764 0.059372 -0.010831
v 0.086556 0.052731 0.015411
v 0.086316 0.046659 0.015206
v 0.101569 0.063363 -0.010634
v 0.094087 0.096757 0.009568
v 0.095098 0.102788 0.010245
v 0.096602 0.058538 -0.002271
v 0.091984 0.039575 -0.000095
v 0.083441 0.043242 0.016270
v 0.078785 0.046860 0.025942
v 0.078237 0.050094 0.028756
v 0.077692 0.053072 0.029562
v 0.098538 0.111963 0.001939
v 0.089223 0.057107 0.009951
v 0.090295 0.057103 0.007354
v 0.086940 0.044426 0.013982
v 0.093659 0.090456 0.006831
v 0.089319 0.097127 0.017035
v 0.090679 0.103694 0.014412
v 0.084157 0.041855 0.012048
v 0.094131 0.060360 0.001175
v 0.096827 0.063225 -0.003274
v 0.088883 0.091869 0.015454
v 0.082382 0.056150 0.019533
v 0.079417 0.054163 0.025283
v 0.090253 0.061672 0.006792
v 0.078881 0.043297 0.021673
v 0.074486 0.049913 0.031451
v 0.099414 0.090664 -0.004788
v 0.099269 0.066224 -0.008102
v 0.092004 0.062181 0.003240
v 0.101745 0.116166 -0.004757
v 0.093025 0.109925 0.007037
v 0.093165 0.064131 0.002458
v 0.095734 0.090893 0.001791
v 0.085741 0.060938 0.013263
v 0.084909 0.098557 0.021955
v 0.102394 0.092194 -0.007844
v 0.099847 0.068941 -0.009501
v 0.092336 0.037199 -0.007770
v 0.086964 0.039479 0.004211
v 0.095142 0.085687 0.000070
v 0.089724 0.086647 0.011105
v 0.088340 0.066987 0.008559
v 0.084987 0.085466 0.018535
v 0.083889 0.090591 0.021951
v 0.094140 0.068833 -0.000586
v 0.073481 0.044299 0.025620
v 0.073534 0.054979 0.033467
v 0.101012 0.088049 -0.008675
v 0.098553 0.084954 -0.006456
v 0.097239 0.072647 -0.005884
v 0.099455 0.074889 -0.009153
v 0.080432 0.092482 0.026943
v 0.076082 0.057100 0.029562
v 0.070633 0.052382 0.034087
v 0.082811 0.102173 0.022352
v 0.076902 0.061506 0.027293
v 0.070579 0.060320 0.035976
v 0.091664 0.080661 0.004036
v 0.087851 0.080629 0.011978
v 0.085094 0.080238 0.017035
v 0.086422 0.106144 0.015868
v 0.086368 0.076009 0.013000
v 0.084093 0.074579 0.017223
v 0.081704 0.078148 0.021520
v 0.081025 0.074436 0.020485
v 0.080016 0.063341 0.021543
v 0.079868 0.083869 0.025279
v 0.073891 0.061512 0.031640
v 0.100121 0.080676 -0.009163
v 0.096339 0.079417 -0.004491
v 0.088046 0.072135 0.008560
v 0.069116 0.055725 0.037462
v 0.078728 0.041190 0.016839
v 0.078179 0.096201 0.028655
v 0.075564 0.089916 0.030718
v 0.093046 0.076580 -0.000022
v 0.082950 0.067172 0.015792
v 0.081298 0.071782 0.019644
v 0.079237 0.068160 0.021408
v 0.082695 0.069320 0.017639
v 0.077887 0.065228 0.025519
v 0.074656 0.065341 0.028895
v 0.089322 0.075181 0.005970
v 0.089162 0.108567 0.011125
v 0.084251 0.071527 0.013879
v 0.077169 0.077586 0.027135
v 0.077280 0.074277 0.025101
v 0.075776 0.082961 0.029865
v 0.075304 0.077726 0.030543
v 0.071565 0.067003 0.033348
v 0.079915 0.039737 0.010689
v 0.076699 0.072626 0.022655
v 0.074801 0.075055 0.029541
v 0.075177 0.069030 0.026494
v 0.072858 0.073540 0.031310
v 0.066786 0.058737 0.039806
v 0.070030 0.077635 0.034978
v 0.070303 0.071355 0.035524
v 0.065199 0.051011 0.036392
v 0.071313 0.082338 0.034190
v 0.075068 0.072245 0.026836
v 0.073781 0.041252 0.021058
v 0.073013 0.070663 0.030332
v 0.068029 0.048567 0.033147
v 0.065219 0.068778 0.040476
v 0.073456 0.074539 0.028643
v 0.066538 0.044236 0.028490
v 0.062564 0.063865 0.043013
v 0.074211 0.099538 0.029206
v 0.073195 0.092803 0.032542
v 0.069110 0.086136 0.035359
v 0.065089 0.073841 0.039546
v 0.080292 0.106318 0.019013
v 0.062765 0.055826 0.041076
v 0.068208 0.041912 0.023597
v 0.055912 0.059645 0.045116
v 0.077467 0.102703 0.025134
v 0.069112 0.095826 0.033203
v 0.061469 0.048057 0.033984
v 0.058070 0.051262 0.038431
v 0.059200 0.069585 0.044070
v 0.062846 0.046326 0.032571
v 0.063675 0.078540 0.039049
v 0.056091 0.054849 0.042272
v 0.064431 0.090810 0.036737
v 0.062896 0.085780 0.038413
v 0.054968 0.064900 0.046707
v 0.057516 0.077334 0.042326
v 0.060018 0.073701 0.041470
v 0.067523 0.101346 0.028939
v 0.051513 0.068328 0.046978
v 0.065821 0.040083 0.022928
v 0.067028 0.039915 0.019621
v 0.061828 0.044449 0.029507
v 0.057505 0.043542 0.030789
v 0.056402 0.073757 0.044469
v 0.062185 0.040309 0.023946
v 0.060140 0.041745 0.026878
v 0.056959 0.087799 0.040195
v 0.058042 0.092490 0.037570
v 0.054701 0.081971 0.043062
v 0.053506 0.045641 0.034013
v 0.060305 0.096250 0.034603
v 0.052409 0.076295 0.044966
v 0.046782 0.061764 0.048516
v 0.050888 0.086318 0.042291
v 0.048186 0.054204 0.045178
v 0.050362 0.049513 0.039002
v 0.046126 0.073093 0.047750
v 0.042985 0.056004 0.048041
v 0.044939 0.079560 0.046186
v 0.050901 0.039845 0.026606
v 0.046727 0.041599 0.031326
v 0.041010 0.068273 0.050070
v 0.042133 0.051637 0.045792
v 0.044412 0.046503 0.037629
v 0.035574 0.057601 0.050770
v 0.037938 0.048894 0.042970
v 0.038961 0.064322 0.050786
v 0.047425 0.091159 0.039324
v 0.039597 0.073822 0.049013
v 0.042808 0.084390 0.044225
v 0.036491 0.051479 0.048312
v 0.030726 0.053239 0.051143
v 0.038231 0.079713 0.046323
v 0.033479 0.066857 0.051370
v 0.033849 0.075340 0.048094
v 0.033486 0.070769 0.050538
v 0.035949 0.042466 0.035561
v 0.029655 0.061950 0.052016
v 0.032051 0.059021 0.051977
v 0.029300 0.050103 0.048163
v 0.028890 0.068934 0.051042
v 0.025213 0.054818 0.052711
v 0.028989 0.046263 0.042290
v 0.023964 0.059672 0.052105
v 0.028521 0.072427 0.049746
v 0.019942 0.063452 0.050524
v 0.017930 0.049607 0.049102
v 0.021816 0.068561 0.050015
v 0.021160 0.046368 0.044857
v 0.017380 0.056857 0.052615
v 0.024427 0.041868 0.038124
v 0.016935 0.053598 0.052079
v 0.012054 0.055399 0.051510
v 0.013325 0.043235 0.041611
v 0.012260 0.058059 0.051375
v 0.010817 0.050932 0.049123
v 0.004314 0.057841 0.048895
v 0.001044 0.055041 0.046886
v -0.003492 0.061349 0.045544
v -0.010861 0.061417 0.041959
v -0.041699 0.064603 0.023960
v -0.046577 0.068560 0.016764
v -0.040546 0.068259 0.024570
v -0.046203 0.062357 0.016169
v -0.041059 0.060659 0.022693
v -0.043695 0.072672 0.019141
v -0.046652 0.058101 0.010291
v -0.042586 0.057148 0.017463
v -0.040219 0.053928 0.015307
v -0.044764 0.076011 0.013970
v -0.045441 0.054856 0.005732
v -0.048903 0.064627 0.010211
v -0.048923 0.072379 0.010141
v -0.042038 0.051755 0.004079
v -0.043200 0.052164 -0.002822
v -0.047942 0.057371 0.001170
v -0.048949 0.075991 0.005774
v -0.046045 0.055141 -0.007347
v -0.042004 0.051457 -0.009815
v -0.049974 0.062273 -0.001189
v -0.050904 0.070299 0.001253
v -0.045685 0.079266 0.006902
v -0.049093 0.078957 -0.002059
v -0.042719 0.052535 -0.016673
v -0.038829 0.049357 -0.013988
v -0.045246 0.082801 -0.000602
v -0.038602 0.049578 -0.021296
v -0.050537 0.074546 0.000985
v -0.046021 0.056158 -0.013977
v -0.048596 0.059982 -0.010292
v -0.034187 0.047310 -0.025687
v -0.039865 0.051459 -0.028399
v -0.033036 0.048709 -0.044814
v -0.030112 0.045944 -0.037594
v -0.026611 0.045155 -0.048103
v -0.033978 0.047767 -0.034421
v -0.037963 0.050841 -0.035455
v -0.048918 0.082971 -0.013057
v -0.050010 0.064264 -0.011200
v -0.042310 0.053079 -0.023951
v -0.051154 0.068603 -0.006791
v -0.045527 0.057518 -0.023978
v -0.044425 0.088546 -0.011153
v -0.050245 0.078008 -0.007504
v -0.026447 0.045982 -0.055645
v -0.047266 0.059767 -0.019487
v -0.051195 0.073055 -0.008954
v -0.050776 0.070061 -0.013747
v -0.047610 0.087550 -0.017456
v -0.042801 0.055454 -0.031751
v -0.049196 0.064196 -0.017566
v -0.027545 0.048376 -0.061008
v -0.022613 0.043963 -0.062294
v -0.050776 0.076418 -0.015901
v -0.031916 0.051110 -0.054327
v -0.046368 0.091129 -0.021254
v -0.024308 0.045726 -0.066769
v -0.022060 0.044370 -0.071489
v -0.039858 0.055219 -0.041573
v -0.048322 0.065766 -0.025636
v -0.036179 0.052633 -0.046945
v -0.049838 0.070694 -0.022163
v -0.025928 0.048760 -0.067951
v -0.045476 0.061463 -0.031951
v -0.049922 0.083232 -0.022516
v -0.028603 0.052751 -0.064430
v -0.031913 0.055343 -0.058611
v -0.035305 0.055536 -0.052318
v -0.022539 0.078372 -0.069413
v -0.018840 0.078440 -0.076112
v -0.019253 0.085183 -0.072750
v -0.024156 0.047787 -0.073783
v -0.049092 0.089099 -0.028076
v -0.018063 0.087715 -0.075291
v -0.021201 0.073923 -0.073044
v -0.025474 0.085530 -0.066219
v -0.042946 0.059845 -0.039290
v -0.020989 0.043966 -0.079933
v -0.050072 0.078478 -0.025746
v -0.018958 0.093029 -0.074248
v -0.025158 0.052859 -0.073796
v -0.022936 0.067785 -0.073296
v -0.019577 0.070680 -0.078391
v -0.029502 0.056980 -0.063484
v -0.046401 0.069013 -0.034640
v -0.018295 0.094116 -0.075677
v -0.024248 0.091850 -0.068783
v -0.025864 0.067143 -0.067873
v -0.043546 0.063976 -0.039841
v -0.046506 0.094418 -0.028600
v -0.020894 0.097551 -0.073386
v -0.027253 0.073296 -0.064995
v -0.026283 0.059424 -0.069677
v -0.039618 0.062754 -0.047827
v -0.023339 0.047764 -0.081273
v -0.030596 0.062455 -0.061463
v -0.028867 0.078095 -0.062638
v -0.035492 0.059407 -0.054044
v -0.049303 0.073980 -0.028135
v -0.019242 0.099887 -0.076559
v -0.022199 0.063986 -0.077397
v -0.029988 0.083273 -0.062584
v -0.031033 0.068324 -0.060748
v -0.034454 0.064922 -0.056365
v -0.021017 0.064555 -0.081717
v -0.031318 0.073387 -0.060128
v -0.022152 0.045636 -0.087042
v -0.019442 0.042868 -0.087147
v -0.044875 0.070608 -0.039954
v -0.047725 0.074051 -0.033651
v -0.049743 0.085064 -0.031396
v -0.024293 0.051410 -0.078863
v -0.023716 0.056886 -0.078816
v -0.036297 0.073156 -0.054022
v -0.048399 0.092753 -0.032904
v -0.020737 0.103520 -0.076009
v -0.022327 0.060759 -0.081824
v -0.030843 0.090123 -0.063475
v -0.042026 0.069055 -0.044540
v -0.038637 0.068131 -0.050039
v -0.023200 0.105333 -0.079584
v -0.024179 0.099643 -0.071666
v -0.035097 0.077914 -0.056488
v -0.023373 0.049915 -0.085788
v -0.045570 0.075096 -0.040257
v -0.049268 0.080416 -0.033405
v -0.022073 0.059113 -0.085407
v -0.024854 0.105623 -0.074584
v -0.030584 0.096188 -0.066072
v -0.034904 0.082492 -0.058189
v -0.022875 0.055255 -0.085246
v -0.041235 0.079308 -0.049626
v -0.019815 0.043651 -0.090534
v -0.022459 0.048292 -0.090336
v -0.024486 0.109831 -0.079304
v -0.044721 0.099188 -0.035671
v -0.047008 0.097223 -0.037917
v -0.047914 0.079615 -0.038609
v -0.037221 0.087874 -0.058215
v -0.022525 0.053653 -0.088034
v -0.045850 0.081435 -0.044055
v -0.036239 0.095004 -0.062041
v -0.040593 0.085306 -0.053870
v -0.029663 0.100694 -0.068949
v -0.048133 0.084242 -0.039798
v -0.048311 0.090493 -0.041282
v -0.045826 0.099977 -0.041886
v -0.040268 0.105938 -0.048750
v -0.042064 0.103169 -0.042078
v -0.044349 0.102035 -0.048527
v -0.047574 0.095630 -0.042410
v -0.029941 0.108711 -0.072745
v -0.035612 0.109693 -0.064052
v -0.029775 0.114679 -0.067218
v -0.034880 0.110784 -0.059024
v -0.044307 0.089133 -0.051064
v -0.034237 0.100002 -0.065445
v -0.041772 0.092499 -0.055443
v -0.027505 0.112024 -0.077374
v -0.046711 0.088347 -0.045942
v -0.045990 0.098998 -0.047976
v -0.036064 0.104809 -0.065299
v -0.041861 0.104535 -0.053731
v -0.030046 0.113475 -0.073448
v -0.026661 0.117035 -0.072386
v -0.033046 0.110683 -0.068953
v -0.045693 0.094376 -0.050062
v -0.039706 0.106087 -0.058818
v -0.026332 0.117395 -0.077794
v -0.041825 0.097724 -0.057399
v -0.038930 0.099944 -0.062145
v -0.024473 0.119743 -0.080362
v -0.026618 0.115089 -0.080614
v -0.044003 0.100024 -0.053619
v -0.041040 0.101476 -0.058832
v 0.115304 0.071058 0.086903
v 0.115370 0.079626 0.087482
v 0.113492 0.070630 0.092556
v 0.112503 0.076805 0.093708
v 0.109110 0.069947 0.098966
v 0.110289 0.063965 0.095257
v 0.113055 0.065336 0.088470
v 0.105925 0.074342 0.100782
v 0.105248 0.065981 0.102335
v 0.116435 0.073860 0.081388
v 0.117097 0.078729 0.081129
v 0.111509 0.060843 0.086730
v 0.109953 0.057388 0.090637
v 0.105749 0.053957 0.097162
v 0.103868 0.080568 0.099280
v 0.099836 0.060576 0.104146
v 0.113600 0.065656 0.079218
v 0.109179 0.050439 0.090802
v 0.106414 0.042688 0.093068
v 0.102352 0.046814 0.098694
v 0.110515 0.046908 0.085965
v 0.100567 0.068227 0.105615
v 0.111332 0.053123 0.082259
v 0.110500 0.085443 0.090498
v 0.110464 0.038278 0.082850
v 0.116267 0.084815 0.078893
v 0.106600 0.034317 0.088669
v 0.113441 0.086079 0.085629
v 0.101721 0.034766 0.095637
v 0.111822 0.044296 0.079693
v 0.100980 0.039664 0.098100
v 0.116932 0.079953 0.073442
v 0.112285 0.037605 0.077329
v 0.106819 0.024497 0.083279
v 0.109883 0.029863 0.080777
v 0.102653 0.028853 0.091823
v 0.112020 0.048095 0.075299
v 0.111584 0.058771 0.077678
v 0.096701 0.050898 0.102884
v 0.116023 0.073714 0.070975
v 0.113375 0.090562 0.078041
v 0.112399 0.029564 0.074889
v 0.111024 0.019847 0.072384
v 0.102608 0.085728 0.096750
v 0.109137 0.090920 0.085998
v 0.113682 0.033426 0.069000
v 0.112594 0.042589 0.071966
v 0.113193 0.026625 0.070648
v 0.093792 0.044584 0.102784
v 0.096032 0.072450 0.107013
v 0.102847 0.021337 0.087690
v 0.093943 0.066326 0.108186
v 0.106895 0.014415 0.078646
v 0.105134 0.018483 0.083887
v 0.095168 0.079181 0.104491
v 0.095476 0.036378 0.100061
v 0.093595 0.057008 0.105872
v 0.113541 0.020900 0.061169
v 0.105351 0.089876 0.091111
v 0.102890 0.011538 0.082878
v 0.097364 0.028540 0.095897
v 0.111920 0.051675 0.069262
v 0.100033 0.016563 0.088373
v 0.097431 0.024430 0.093477
v 0.109496 0.013274 0.066790
v 0.114404 0.067056 0.066868
v 0.113764 0.038068 0.063614
v 0.115698 0.088090 0.068324
v 0.115207 0.028027 0.057191
v 0.102566 0.007648 0.077331
v 0.116370 0.084287 0.062703
v 0.105004 0.008382 0.072960
v 0.088064 0.020764 0.095246
v 0.108975 0.096495 0.076137
v 0.088430 0.029936 0.099613
v 0.089677 0.051976 0.105993
v 0.112860 0.060219 0.065296
v 0.098427 0.007005 0.081217
v 0.112534 0.049385 0.062433
v 0.098098 0.010392 0.085749
v 0.093321 0.086448 0.100632
v 0.089741 0.012558 0.090481
v 0.087236 0.058354 0.108429
v 0.115152 0.034002 0.056446
v 0.085177 0.039460 0.104258
v 0.095982 0.092384 0.094262
v 0.112902 0.094552 0.067446
v 0.086591 0.073670 0.108724
v 0.103019 0.096726 0.084442
v 0.110345 0.013302 0.053355
v 0.116446 0.073651 0.060165
v 0.085781 0.066349 0.110242
v 0.114370 0.041938 0.057909
v 0.117070 0.033182 0.048057
v 0.116282 0.037664 0.052046
v 0.106891 0.009005 0.062258
v 0.090016 0.006069 0.084940
v 0.113500 0.058578 0.058900
v 0.117239 0.078058 0.052506
v 0.116741 0.043299 0.050688
v 0.098473 0.003589 0.073897
v 0.116641 0.070890 0.052442
v 0.115185 0.064376 0.054902
v 0.100632 0.003418 0.065231
v 0.081927 0.049158 0.107330
v 0.117375 0.026575 0.044109
v 0.114399 0.048737 0.055165
v 0.114436 0.093443 0.058566
v 0.115697 0.019541 0.040433
v 0.118612 0.039721 0.043276
v 0.113998 0.054279 0.055237
v 0.116945 0.052924 0.047770
v 0.087136 0.082347 0.104835
v 0.116026 0.087883 0.053191
v 0.092288 0.001695 0.077577
v 0.119075 0.030993 0.040594
v 0.115043 0.060024 0.051930
v 0.119963 0.049440 0.041060
v 0.077242 0.058624 0.110284
v 0.121121 0.036851 0.036545
v 0.121548 0.031907 0.034425
v 0.121322 0.044154 0.036542
v 0.120116 0.026045 0.034329
v 0.121620 0.057815 0.035327
v 0.117782 0.058031 0.045045
v 0.108190 0.101986 0.065087
v 0.102146 0.004580 0.053890
v 0.101554 0.101672 0.076777
v 0.105135 0.102344 0.070293
v 0.116794 0.064335 0.046435
v 0.123575 0.034841 0.029642
v 0.117802 0.075239 0.042230
v 0.117224 0.082488 0.045127
v 0.112596 0.100717 0.055816
v 0.073698 0.071607 0.109932
v 0.123188 0.050977 0.032331
v 0.123171 0.040978 0.030976
v 0.110389 0.012260 0.044118
v 0.092366 -0.001053 0.069259
v 0.083037 -0.000835 0.079354
v 0.123419 0.028532 0.026629
v 0.076061 0.004489 0.086705
v 0.076282 0.031520 0.102970
v 0.081345 0.014507 0.093642
v 0.125836 0.038191 0.022456
v 0.119203 0.065148 0.038984
v 0.074936 0.040915 0.106461
v 0.125988 0.033308 0.021233
v 0.080231 0.026818 0.099888
v 0.074787 0.064557 0.111129
v 0.125483 0.045638 0.022284
v 0.125114 0.054678 0.020623
v 0.115593 0.095671 0.050404
v 0.123311 0.058810 0.027635
v 0.119437 0.020614 0.027392
v 0.119145 0.071595 0.035204
v 0.074555 0.079442 0.107008
v 0.126119 0.028498 0.015565
v 0.110952 0.012066 0.036281
v 0.116984 0.091778 0.044533
v 0.085330 -0.003332 0.072194
v 0.121478 0.067079 0.028253
v 0.094631 -0.000291 0.060475
v 0.123859 0.025050 0.019651
v 0.118067 0.102287 0.043521
v 0.075855 0.020375 0.097402
v 0.128327 0.035114 0.011560
v 0.119264 0.095872 0.039826
v 0.114981 0.015297 0.027931
v 0.114764 0.106861 0.046565
v 0.075659 0.010180 0.091371
v 0.127977 0.042060 0.013181
v 0.120347 0.019103 0.016945
v 0.117387 0.087069 0.040136
v 0.105896 0.107448 0.058998
v 0.122677 0.103356 0.032355
v 0.118444 0.083773 0.033332
v 0.127626 0.048466 0.012784
v 0.105882 0.007478 0.040447
v 0.125365 0.097042 0.024055
v 0.120762 0.090741 0.030973
v 0.130900 0.035844 0.001865
v 0.128282 0.028857 0.006445
v 0.123981 0.020892 0.008084
v 0.123871 0.066168 0.015782
v 0.119808 0.110560 0.035650
v 0.119199 0.078174 0.029981
v 0.120401 0.074549 0.025554
v 0.066513 0.031417 0.104069
v 0.130189 0.045421 0.004412
v 0.126472 0.058093 0.011838
v 0.070315 0.025945 0.100955
v 0.128845 0.050760 0.008373
v 0.126209 0.103469 0.022870
v 0.069311 0.051898 0.109541
v 0.121740 0.073061 0.020108
v 0.125252 0.110468 0.025044
v 0.121733 0.088011 0.023102
v 0.114290 0.113599 0.040394
v 0.100883 0.004562 0.039176
v 0.107322 0.008621 0.030054
v 0.128201 0.099250 0.014246
v 0.129460 0.107718 0.014941
v 0.066979 0.045238 0.108251
v 0.124700 0.116632 0.024898
v 0.107851 0.112689 0.048886
v 0.095352 0.000756 0.052452
v 0.096142 0.001920 0.045342
v 0.132436 0.039385 -0.002881
v 0.127900 0.057652 0.004977
v 0.128853 0.114562 0.018104
v 0.129860 0.026420 -0.002632
v 0.120373 0.080625 0.022736
v 0.132704 0.032889 -0.005489
v 0.131133 0.046597 -0.000927
v 0.099797 0.108233 0.065378
v 0.130120 0.051049 0.001415
v 0.117101 0.118621 0.031678
v 0.115148 0.013218 0.012569
v 0.128118 0.121722 0.016315
v 0.126416 0.093537 0.010438
v 0.131376 0.114787 0.010240
v 0.131509 0.120621 0.010838
v 0.131568 0.028341 -0.008295
v 0.072100 -0.000568 0.082103
v 0.130936 0.107747 0.009138
v 0.123162 0.121338 0.022604
v 0.110475 0.010675 0.021066
v 0.126768 0.020793 -0.004700
v 0.129210 0.054308 0.000693
v 0.128994 0.100606 0.008079
v 0.125409 0.065650 0.005709
v 0.122915 0.074974 0.011814
v 0.122242 0.084592 0.015913
v 0.129371 0.050585 -0.000821
v 0.072850 -0.004011 0.077185
v 0.121984 0.079293 0.015097
v 0.100796 0.113953 0.053929
v 0.130579 0.123642 0.010675
v 0.126516 0.061909 0.001823
v 0.064584 0.039191 0.106973
v 0.129137 0.023270 -0.011755
v 0.123721 0.073792 0.005840
v 0.128300 0.125544 0.011461
v 0.118932 0.014517 0.000520
v 0.122668 0.125234 0.017564
v 0.125629 0.090759 0.005963
v 0.073575 -0.006803 0.070656
v 0.128799 0.126675 0.008967
v 0.124537 0.087171 0.008209
v 0.123479 0.081710 0.007073
v 0.103993 0.117077 0.045855
v 0.109378 0.009711 0.012838
v 0.102315 0.005915 0.028756
v 0.124502 0.069471 0.003294
v 0.108938 0.119242 0.038449
v 0.123978 0.084453 0.004705
v 0.123247 0.017603 -0.010325
v 0.123450 0.073648 0.003051
v 0.102777 0.006849 0.016053
v 0.123228 0.078781 0.003851
v 0.111146 0.123001 0.030306
v 0.112081 0.010782 0.002485
v 0.119984 0.018119 -0.019113
v 0.094496 0.100744 0.083583
v 0.095982 0.092384 0.094262
v 0.103019 0.096726 0.084442
v 0.087375 0.092987 0.096765
v 0.093321 0.086448 0.100632
v 0.078940 0.091376 0.099218
v 0.101554 0.101672 0.076777
v 0.087136 0.082347 0.104835
v 0.086977 0.098707 0.089593
v 0.077241 0.086304 0.103165
v 0.074555 0.079442 0.107008
v 0.094470 0.107811 0.070363
v 0.105135 0.102344 0.070293
v 0.075172 0.097497 0.092920
v 0.099797 0.108233 0.065378
v 0.083381 0.103439 0.082551
v 0.084341 0.107440 0.074803
v 0.065452 0.087286 0.102049
v 0.078323 0.100948 0.087623
v 0.070285 0.091422 0.099301
v 0.100796 0.113953 0.053929
v 0.095001 0.116954 0.052462
v 0.093055 0.113463 0.060490
v 0.128300 0.125544 0.011461
v 0.120064 0.128446 0.013066
v 0.122668 0.125234 0.017564
v 0.128799 0.126675 0.008967
v 0.123162 0.121338 0.022604
v 0.113597 0.125891 0.022853
v 0.117101 0.118621 0.031678
v 0.059513 0.080817 0.105010
v 0.111146 0.123001 0.030306
v 0.086142 0.111576 0.066586
v 0.066319 0.095835 0.095016
v 0.122886 0.130489 0.005880
v 0.103730 0.122447 0.036039
v 0.108938 0.119242 0.038449
v 0.103993 0.117077 0.045855
v 0.097229 0.121175 0.042112
v 0.065156 0.103008 0.086162
v 0.074284 0.106363 0.078922
v 0.054677 0.092849 0.096413
v 0.117792 0.131448 0.006980
v 0.106958 0.128826 0.019114
v 0.105865 0.126026 0.027029
v 0.086713 0.115942 0.058009
v 0.090581 0.120210 0.047258
v 0.109027 0.131166 0.011172
v 0.051386 0.084527 0.101510
v 0.074291 0.113423 0.064931
v 0.106451 0.133223 0.003783
v 0.114691 0.133275 0.001701
v 0.094578 0.128530 0.022282
v 0.096022 0.125444 0.032246
v 0.062348 0.108876 0.076782
v 0.059515 0.098958 0.091521
v 0.077079 0.118893 0.051994
v 0.085784 0.121968 0.043998
v 0.087984 0.124420 0.037200
v 0.054938 0.104033 0.085198
v 0.101038 0.130846 0.013829
v 0.088415 0.126640 0.029759
v 0.040098 0.093944 0.092290
v 0.079254 0.123130 0.041109
v 0.047384 0.101226 0.087523
v 0.042990 0.086281 0.098538
v 0.105399 0.134259 -0.004187
v 0.077973 0.125939 0.031855
v 0.054362 0.113950 0.066677
v 0.090359 0.130259 0.014658
v 0.100797 0.134821 -0.004274
v 0.096185 0.132836 0.003897
v 0.057524 0.116914 0.057637
v 0.049536 0.110042 0.075453
v 0.070133 0.121672 0.043668
v 0.036655 0.099733 0.086466
v 0.063971 0.119679 0.048225
v 0.040968 0.106051 0.080458
v 0.078508 0.127939 0.022289
v 0.092632 0.133655 -0.002935
v 0.095847 0.134971 -0.009672
v 0.069234 0.123980 0.036413
v 0.030558 0.089391 0.093477
v 0.033972 0.085324 0.096954
v 0.086432 0.131488 0.005513
v 0.077228 0.129023 0.013762
v 0.060419 0.121813 0.039996
v 0.092435 0.134685 -0.008805
v 0.050989 0.119062 0.048981
v 0.065678 0.125788 0.026774
v 0.089112 0.134640 -0.013560
v 0.081471 0.131894 -0.003893
v 0.037406 0.114605 0.064622
v 0.077425 0.130252 0.002974
v 0.027704 0.095043 0.088430
v 0.049837 0.121404 0.038381
v 0.027773 0.106236 0.077474
v 0.042577 0.117424 0.055715
v 0.034219 0.110928 0.072045
v 0.081847 0.133031 -0.012218
v 0.018602 0.089276 0.091156
v 0.068135 0.127111 0.019076
v 0.029499 0.080299 0.098595
v 0.013218 0.083197 0.093788
v 0.064216 0.127189 0.004021
v 0.054165 0.123420 0.030171
v 0.019342 0.101876 0.080741
v 0.018498 0.096914 0.085231
v 0.081273 0.133249 -0.018342
v 0.070298 0.129208 -0.004322
v 0.052573 0.123943 0.023496
v 0.056944 0.125243 0.012196
v 0.071051 0.130105 -0.013358
v 0.030982 0.117472 0.055444
v 0.009774 0.087527 0.090958
v 0.036929 0.121432 0.038374
v 0.023935 0.111596 0.069061
v 0.012246 0.105962 0.075386
v 0.074809 0.131848 -0.020947
v 0.044517 0.122513 0.028985
v 0.021815 0.114509 0.063116
v 0.001556 0.094710 0.085201
v 0.007129 0.101237 0.079986
v 0.010253 0.110577 0.068946
v 0.059154 0.126858 -0.010285
v 0.072081 0.131040 -0.024344
v 0.031119 0.119549 0.047529
v 0.043518 0.122468 0.018811
v 0.000079 0.089177 0.088691
v 0.068523 0.130287 -0.024096
v 0.035125 0.122179 0.028734
v 0.019045 0.117386 0.054969
v 0.022197 0.119173 0.048704
v 0.042693 0.122210 0.009444
v 0.037389 0.122046 0.023414
v 0.050965 0.124390 -0.001786
v 0.023915 0.121268 0.037580
v 0.011847 0.116354 0.057510
v 0.064524 0.129603 -0.028242
v 0.004985 0.113757 0.063099
v -0.003849 0.099706 0.080667
v 0.059037 0.128230 -0.025387
v 0.025830 0.121575 0.025909
v -0.003029 0.105790 0.074402
v 0.028873 0.120286 0.012717
v 0.009949 0.118951 0.048336
v 0.014648 0.120001 0.044251
v -0.002099 0.109576 0.069612
v 0.047796 0.124422 -0.013310
v 0.043459 0.122721 -0.002548
v -0.013178 0.088165 0.087403
v 0.054661 0.127846 -0.033195
v 0.048268 0.125106 -0.020063
v 0.030770 0.120085 -0.000354
v -0.003482 0.119106 0.047203
v -0.019447 0.093936 0.083370
v 0.038172 0.121881 -0.008834
v -0.011769 0.103824 0.076073
v -0.016590 0.100552 0.078822
v -0.009533 0.117421 0.053493
v 0.011206 0.121139 0.033693
v 0.012781 0.121099 0.027086
v 0.045894 0.125632 -0.031844
v -0.009097 0.112945 0.064073
v 0.016947 0.119811 0.015270
v 0.039738 0.122601 -0.017236
v -0.012316 0.108933 0.070010
v 0.001447 0.120806 0.037594
v 0.045214 0.126050 -0.037715
v 0.038379 0.122708 -0.027439
v 0.017291 0.118526 0.004652
v -0.018557 0.105978 0.073158
v 0.031955 0.120510 -0.017618
v -0.024541 0.097437 0.080142
v -0.019402 0.112644 0.063713
v 0.003577 0.121456 0.029053
v -0.028253 0.102354 0.075173
v 0.021473 0.118954 -0.009737
v 0.009352 0.120321 0.016520
v -0.019789 0.115945 0.057116
v -0.023878 0.107948 0.069788
v 0.002298 0.121880 0.020437
v -0.032647 0.094603 0.079565
v 0.027232 0.119627 -0.021814
v 0.035983 0.124666 -0.038644
v 0.033974 0.122467 -0.033937
v 0.013851 0.118709 -0.003664
v -0.028181 0.113406 0.060322
v 0.008949 0.119220 0.004005
v -0.000942 0.122434 0.011049
v 0.029455 0.120377 -0.028705
v 0.004550 0.120458 0.007262
v -0.005918 0.122358 0.030636
v -0.004718 0.123011 0.024534
v -0.012049 0.122173 0.034461
v -0.032402 0.107056 0.068612
v 0.024821 0.120469 -0.028186
v 0.020829 0.119788 -0.021154
v -0.039316 0.101126 0.072240
v 0.038330 0.125358 -0.041295
v 0.030091 0.126768 -0.041896
v 0.027893 0.122334 -0.034113
v 0.032008 0.127857 -0.045251
v 0.006072 0.120167 -0.001923
v 0.016183 0.119459 -0.013165
v -0.020765 0.121626 0.037996
v -0.011995 0.125360 0.014397
v -0.025244 0.118992 0.047433
v 0.009810 0.120157 -0.008880
v 0.019386 0.121833 -0.026660
v 0.016066 0.121574 -0.021628
v 0.013785 0.120684 -0.016017
v -0.015465 0.124819 0.022310
v 0.021711 0.124527 -0.034074
v -0.041507 0.105895 0.065888
v -0.042355 0.110018 0.059358
v 0.007759 0.124831 -0.019495
v -0.033800 0.115709 0.052869
v 0.020310 0.129445 -0.041108
v -0.002806 0.123694 -0.000313
v -0.011147 0.126043 0.007165
v 0.026162 0.130582 -0.046811
v 0.007883 0.122549 -0.014367
v 0.013413 0.125382 -0.027142
v 0.003240 0.123251 -0.010110
v 0.023722 0.132815 -0.050777
v 0.009908 0.129866 -0.033303
v -0.024644 0.124592 0.025511
v -0.047561 0.101011 0.067489
v -0.031100 0.121699 0.036391
v 0.015057 0.133544 -0.045604
v -0.002988 0.129638 -0.019913
v -0.005748 0.127770 -0.009955
v -0.008750 0.127627 -0.003616
v -0.039768 0.118778 0.041674
v 0.004067 0.129425 -0.026270
v -0.026501 0.128602 0.009348
v -0.050826 0.104971 0.060567
v -0.020777 0.129756 0.003451
v -0.014466 0.129829 -0.001952
v -0.041580 0.122781 0.029437
v 0.006118 0.133036 -0.038156
v -0.045449 0.114242 0.049159
v -0.049536 0.109393 0.055082
v -0.055711 0.100646 0.060476
v -0.000760 0.131902 -0.028665
v -0.012227 0.131185 -0.011143
v 0.015655 0.136951 -0.054712
v -0.030042 0.127297 0.015316
v -0.033610 0.125637 0.021385
v -0.000158 0.133896 -0.035835
v 0.006213 0.136335 -0.047991
v 0.011357 0.137868 -0.054719
v -0.050446 0.116355 0.040540
v -0.008638 0.133453 -0.028135
v -0.056427 0.107268 0.051607
v -0.053720 0.112127 0.046381
v -0.012477 0.132284 -0.018080
v -0.018749 0.133527 -0.008396
v -0.049491 0.120047 0.032892
v -0.002344 0.136406 -0.043590
v -0.022909 0.134623 -0.006928
v 0.006443 0.139855 -0.060148
v -0.018773 0.134116 -0.015857
v -0.029031 0.134748 -0.004573
v 0.002526 0.140140 -0.059550
v -0.064222 0.102343 0.048326
v -0.037612 0.129427 0.008636
v -0.016327 0.134069 -0.024964
v -0.032493 0.132435 0.000778
v -0.046119 0.127141 0.015290
v -0.009926 0.135944 -0.037957
v -0.021336 0.134694 -0.022324
v -0.005786 0.138673 -0.051765
v -0.023854 0.135571 -0.012874
v -0.061793 0.112365 0.038068
v -0.032997 0.136743 -0.011487
v -0.028274 0.136085 -0.018613
v -0.052398 0.124738 0.020310
v -0.056224 0.117414 0.033778
v -0.011916 0.137529 -0.044708
v -0.067256 0.108749 0.037538
v -0.017121 0.135648 -0.034026
v -0.042223 0.131800 0.002554
v -0.022821 0.135392 -0.029248
v -0.055090 0.121895 0.025514
v -0.002428 0.141646 -0.065670
v -0.004360 0.141218 -0.062588
v -0.040221 0.135741 -0.006535
v -0.020860 0.137545 -0.045019
v -0.065767 0.116164 0.028396
v -0.011042 0.140633 -0.059819
v -0.017537 0.139425 -0.054607
v -0.061669 0.119564 0.025797
v -0.030848 0.136055 -0.025265
v -0.048742 0.130505 0.005927
v -0.024628 0.136666 -0.040026
v -0.028291 0.136258 -0.035397
v -0.049457 0.133733 -0.001947
v -0.061720 0.123023 0.019504
v -0.042147 0.137486 -0.023567
v -0.044689 0.137717 -0.015333
v -0.011631 0.142779 -0.068742
v -0.011571 0.142272 -0.071646
v -0.059975 0.128962 0.007990
v -0.051785 0.136091 -0.007496
v -0.072118 0.112455 0.028147
v -0.035693 0.136335 -0.033957
v -0.063759 0.126398 0.012113
v -0.017728 0.141792 -0.065590
v -0.069999 0.119778 0.019799
v -0.057166 0.133232 -0.001245
v -0.076943 0.106912 0.029391
v -0.032696 0.136944 -0.045541
v -0.062959 0.131981 0.000325
v -0.026672 0.139375 -0.057818
v -0.029812 0.138046 -0.052461
v -0.071928 0.123603 0.012628
v -0.043563 0.136864 -0.029528
v -0.055298 0.138156 -0.014036
v -0.027018 0.141200 -0.065860
v -0.022751 0.142910 -0.071563
v -0.081136 0.112472 0.020396
v -0.022459 0.144168 -0.077232
v -0.076787 0.117008 0.018787
v -0.043119 0.136080 -0.036309
v -0.062486 0.135985 -0.008066
v -0.069384 0.129641 0.002775
v -0.040025 0.136039 -0.042200
v -0.053588 0.137627 -0.027445
v -0.054850 0.138668 -0.020403
v -0.037659 0.136742 -0.051003
v -0.075012 0.127033 0.004997
v -0.050369 0.135742 -0.035340
v -0.035314 0.139216 -0.062641
v -0.037174 0.137654 -0.056819
v -0.044692 0.135312 -0.049631
v -0.071447 0.133610 -0.006713
v -0.048493 0.134826 -0.042714
v -0.065337 0.138409 -0.015198
v -0.028760 0.143658 -0.077583
v -0.062410 0.139193 -0.018435
v -0.057841 0.135682 -0.033901
v -0.081585 0.123215 0.007497
v -0.045045 0.136075 -0.058169
v -0.068472 0.136454 -0.011050
v -0.061295 0.138916 -0.023222
v -0.088562 0.116329 0.011081
v -0.043322 0.138269 -0.065828
v -0.083583 0.119825 0.010845
v -0.038306 0.141964 -0.076638
v -0.039782 0.140101 -0.069919
v -0.078934 0.130139 -0.003810
v -0.052463 0.133553 -0.049111
v -0.060685 0.133171 -0.040506
v -0.032213 0.144536 -0.083433
v -0.065744 0.137866 -0.027679
v -0.067983 0.139280 -0.021958
v -0.076434 0.134440 -0.011625
v -0.092199 0.112284 0.011965
v -0.073496 0.137123 -0.015372
v -0.061195 0.131737 -0.047304
v -0.086330 0.127364 -0.002976
v -0.053101 0.133844 -0.056398
v -0.092481 0.119904 0.004675
v -0.037350 0.143688 -0.083114
v -0.073967 0.138457 -0.020218
v -0.089450 0.123745 0.001749
v -0.054553 0.135169 -0.064566
v -0.069385 0.132638 -0.038298
v -0.070338 0.136191 -0.031017
v -0.073500 0.138813 -0.024302
v -0.098334 0.115640 0.004551
v -0.048325 0.139585 -0.074991
v -0.089850 0.130890 -0.015870
v -0.039994 0.144086 -0.088637
v -0.081979 0.135027 -0.018051
v -0.044421 0.142800 -0.085632
v -0.064512 0.131029 -0.053806
v -0.054869 0.137261 -0.071893
v -0.077733 0.137135 -0.028221
v -0.080871 0.137063 -0.025129
v -0.071929 0.130138 -0.044579
v -0.049991 0.141250 -0.084653
v -0.064021 0.132160 -0.061283
v -0.094704 0.125816 -0.006445
v -0.100666 0.119909 -0.002010
v -0.045885 0.143026 -0.089655
v -0.087350 0.134388 -0.024076
v -0.074836 0.128846 -0.049102
v -0.084514 0.134763 -0.031034
v -0.046369 0.142569 -0.092095
v -0.079460 0.129025 -0.043308
v -0.058569 0.138192 -0.080588
v -0.069153 0.130652 -0.061458
v -0.062796 0.134498 -0.070495
v -0.105487 0.114505 -0.000501
v -0.049127 0.141329 -0.090719
v -0.103296 0.122477 -0.009281
v -0.060074 0.136689 -0.075274
v -0.072777 0.129026 -0.057313
v -0.053856 0.140111 -0.086204
v -0.095505 0.131190 -0.026200
v -0.089884 0.133469 -0.030252
v -0.100170 0.125713 -0.012788
v -0.068356 0.131818 -0.069106
v -0.065479 0.134493 -0.077494
v -0.077432 0.127392 -0.052960
v -0.081013 0.126517 -0.049024
v -0.059806 0.137369 -0.085371
v -0.107736 0.118346 -0.007715
v -0.102224 0.126607 -0.020165
v -0.072605 0.129033 -0.066999
v -0.110922 0.114796 -0.007005
v -0.064646 0.134813 -0.082218
v -0.108013 0.121291 -0.015277
v -0.095287 0.130823 -0.032554
v -0.101302 0.128478 -0.029322
v -0.106845 0.124067 -0.022763
v -0.114598 0.114280 -0.013298
v -0.112102 0.119009 -0.020076
v -0.106103 0.125411 -0.030516
v 0.070513 0.015183 0.094809
v 0.081345 0.014507 0.093642
v 0.075855 0.020375 0.097402
v 0.077242 0.058624 0.110284
v 0.074787 0.064557 0.111129
v 0.064340 0.060263 0.110532
v 0.075659 0.010180 0.091371
v 0.069311 0.051898 0.109541
v 0.065045 0.022413 0.099439
v 0.064548 0.066146 0.110374
v 0.073698 0.071607 0.109932
v 0.070315 0.025945 0.100955
v 0.060758 0.051906 0.109614
v 0.066979 0.045238 0.108251
v 0.059513 0.080817 0.105010
v 0.074555 0.079442 0.107008
v 0.076061 0.004489 0.086705
v 0.062523 0.009708 0.090669
v 0.066513 0.031417 0.104069
v 0.057731 0.024597 0.100909
v 0.060764 0.018691 0.097277
v 0.064584 0.039191 0.106973
v 0.058581 0.032990 0.105020
v 0.054141 0.045651 0.108180
v 0.056277 0.055799 0.109755
v 0.054622 0.073660 0.107143
v 0.065549 0.003272 0.085466
v 0.052247 0.035602 0.105577
v 0.072100 -0.000568 0.082103
v 0.054397 0.063387 0.109389
v 0.047343 0.027059 0.101671
v 0.072850 -0.004011 0.077185
v 0.062448 -0.002360 0.079017
v 0.052710 0.003326 0.083232
v 0.048884 0.056634 0.108748
v 0.047725 0.020957 0.098215
v 0.063223 -0.006534 0.072150
v 0.051563 0.014994 0.094108
v 0.047691 0.066586 0.107654
v 0.056164 -0.005342 0.072619
v 0.044767 0.009920 0.088763
v 0.043139 0.050178 0.107255
v 0.041356 0.040049 0.105081
v 0.041837 0.015604 0.093510
v 0.051386 0.084527 0.101510
v 0.044093 0.080421 0.102105
v 0.041513 0.058508 0.107216
v 0.041231 0.033072 0.103170
v 0.042871 0.074250 0.104461
v 0.047237 -0.002418 0.074166
v 0.035127 0.046230 0.104729
v 0.031232 0.070739 0.102583
v 0.037613 0.022101 0.097420
v 0.033940 0.026303 0.098817
v 0.037146 0.065533 0.105384
v 0.033515 0.055690 0.105254
v 0.040941 0.005783 0.083319
v 0.029765 0.034904 0.100461
v 0.043912 -0.006084 0.065417
v 0.029499 0.080299 0.098595
v 0.042990 0.086281 0.098538
v 0.025821 0.062694 0.102649
v 0.033884 0.015178 0.091503
v 0.033972 0.085324 0.096954
v 0.029567 0.008722 0.083850
v 0.031501 0.002077 0.074669
v 0.027981 0.020806 0.094018
v 0.021847 0.044758 0.100604
v 0.023320 0.051874 0.102110
v 0.019452 0.015318 0.087222
v 0.025643 0.027349 0.096730
v 0.035785 -0.002092 0.069725
v 0.015264 0.075728 0.097107
v 0.029259 -0.004669 0.061120
v 0.012487 0.037676 0.095627
v 0.015615 0.022471 0.090962
v 0.016360 0.068123 0.099195
v 0.014368 0.030197 0.093947
v 0.018537 0.004988 0.074602
v 0.013754 0.049928 0.099072
v 0.030558 0.089391 0.093477
v 0.021868 -0.000377 0.066363
v 0.009889 0.058614 0.098286
v 0.017789 0.008820 0.080272
v 0.013218 0.083197 0.093788
v 0.002089 0.046156 0.094784
v 0.010671 0.011259 0.080562
v 0.003986 0.019639 0.085259
v 0.003631 0.025310 0.088407
v 0.002101 0.052397 0.095885
v 0.004026 0.067464 0.096029
v 0.005342 0.014508 0.081792
v 0.014419 -0.003415 0.056657
v 0.009668 0.003077 0.067612
v 0.001013 0.031010 0.089736
v -0.001140 0.082530 0.091609
v 0.005665 0.007768 0.074314
v -0.000596 0.059620 0.095305
v -0.000674 0.011107 0.076284
v -0.002484 0.074191 0.093576
v -0.005404 0.038380 0.089987
v 0.008583 -0.001237 0.059148
v 0.009774 0.087527 0.090958
v -0.005486 0.018413 0.080815
v 0.000079 0.089177 0.088691
v -0.017822 0.057931 0.090354
v -0.007513 0.063013 0.093395
v 0.004728 0.001287 0.062527
v -0.014359 0.049291 0.090374
v -0.003695 0.003926 0.065001
v -0.009306 0.027448 0.084752
v -0.018662 0.033474 0.083694
v -0.013178 0.088165 0.087403
v -0.010735 0.007399 0.068193
v -0.006709 -0.000725 0.056167
v -0.012499 0.081925 0.089904
v -0.019938 0.069327 0.089815
v -0.015153 0.024141 0.080824
v -0.013914 0.011923 0.072178
v -0.021297 0.043650 0.086503
v -0.022540 0.018958 0.074397
v -0.030269 0.056542 0.086010
v -0.022704 0.078728 0.088202
v -0.018272 0.002929 0.060012
v -0.021667 0.083902 0.087331
v -0.028100 0.025099 0.075800
v -0.024369 0.011257 0.067675
v -0.029016 0.048547 0.085127
v -0.028868 0.038113 0.081733
v -0.030953 0.064323 0.086343
v -0.019668 -0.000173 0.055000
v -0.025232 0.088301 0.084959
v -0.019447 0.093936 0.083370
v -0.030316 0.083335 0.085000
v -0.033864 0.032451 0.077028
v -0.031718 0.015106 0.067502
v -0.033999 0.077765 0.084634
v -0.034584 0.070115 0.084856
v -0.032647 0.094603 0.079565
v -0.024541 0.097437 0.080142
v -0.028803 0.005130 0.059278
v -0.040287 0.055462 0.081340
v -0.027033 -0.000316 0.051840
v -0.039667 0.043088 0.078582
v -0.036305 0.021945 0.069740
v -0.036843 0.086458 0.081650
v -0.040075 0.064456 0.082412
v -0.034230 0.010058 0.061995
v -0.038903 0.026938 0.071307
v -0.040778 0.075133 0.081737
v -0.038500 0.008482 0.057685
v -0.036555 0.003672 0.052951
v -0.042152 0.081480 0.080408
v -0.042805 0.033229 0.072612
v -0.045276 0.071136 0.079471
v -0.047170 0.049356 0.076127
v -0.048826 0.063125 0.077096
v -0.043281 0.021970 0.065439
v -0.033432 0.000172 0.048905
v -0.039316 0.101126 0.072240
v -0.042372 0.094233 0.075587
v -0.040942 0.013892 0.061275
v -0.049089 0.029937 0.066288
v -0.047891 0.036985 0.071198
v -0.049202 0.086707 0.074617
v -0.042795 0.003661 0.047357
v -0.047499 0.009350 0.050932
v -0.052678 0.044041 0.070531
v -0.050896 0.080058 0.074862
v -0.046363 0.013568 0.056554
v -0.039404 0.000530 0.044109
v -0.052590 0.073215 0.074308
v -0.047561 0.101011 0.067489
v -0.048571 0.019586 0.059690
v -0.049821 0.092305 0.072022
v -0.055086 0.026479 0.058867
v -0.054799 0.053949 0.071641
v -0.053251 0.095538 0.067247
v -0.056517 0.036505 0.063924
v -0.054059 0.019708 0.054579
v -0.051635 0.004326 0.037839
v -0.064207 0.049644 0.061843
v -0.059501 0.064363 0.068572
v -0.059584 0.079294 0.067145
v -0.043903 0.000510 0.038254
v -0.056861 0.088476 0.067534
v -0.059927 0.043264 0.063934
v -0.053907 0.008211 0.042156
v -0.063293 0.016079 0.041338
v -0.055711 0.100646 0.060476
v -0.063745 0.072531 0.063577
v -0.050120 0.001830 0.032367
v -0.065957 0.057314 0.061700
v -0.063427 0.085877 0.060820
v -0.060672 0.093558 0.060444
v -0.066991 0.066413 0.060603
v -0.062772 0.023233 0.048618
v -0.068348 0.041177 0.054463
v -0.059934 0.009199 0.036369
v -0.068950 0.079800 0.055871
v -0.066587 0.030715 0.050657
v -0.058555 0.004483 0.028017
v -0.064222 0.102343 0.048326
v -0.068653 0.093914 0.049518
v -0.063376 0.007127 0.028327
v -0.073239 0.055809 0.053132
v -0.074741 0.047030 0.049411
v -0.071608 0.026833 0.042477
v -0.073519 0.074094 0.051753
v -0.069965 0.086594 0.051949
v -0.066525 0.011037 0.031887
v -0.077200 0.035937 0.042604
v -0.062253 0.004443 0.021402
v -0.072585 0.014357 0.030155
v -0.080068 0.068560 0.044936
v -0.077215 0.040682 0.044550
v -0.075088 0.019607 0.033175
v -0.070436 0.009987 0.025864
v -0.071506 0.007902 0.020083
v -0.077459 0.081839 0.044509
v -0.074105 0.098619 0.039277
v -0.082228 0.054128 0.042278
v -0.080009 0.089937 0.037781
v -0.079698 0.032534 0.038204
v -0.083140 0.062700 0.042000
v -0.077237 0.101801 0.033274
v -0.067256 0.108749 0.037538
v -0.081307 0.028382 0.034034
v -0.078201 0.012523 0.021946
v -0.083778 0.043450 0.038054
v -0.080539 0.016762 0.025287
v -0.087083 0.074968 0.035440
v -0.083982 0.024695 0.029004
v -0.076943 0.106912 0.029391
v -0.088110 0.034754 0.030816
v -0.088010 0.040289 0.032732
v -0.089333 0.051018 0.033706
v -0.082376 0.010926 0.014202
v -0.088444 0.017658 0.018388
v -0.080225 0.008247 0.009183
v -0.089127 0.057405 0.034954
v -0.089135 0.022073 0.022008
v -0.089367 0.065075 0.034744
v -0.088829 0.083787 0.030868
v -0.090750 0.028421 0.024915
v -0.094987 0.046141 0.026759
v -0.085733 0.093381 0.029722
v -0.099408 0.040444 0.020883
v -0.084098 0.105361 0.023869
v -0.090851 0.014612 0.011599
v -0.096436 0.057735 0.027171
v -0.081136 0.112472 0.020396
v -0.087735 0.100968 0.023381
v -0.090574 0.011278 0.004623
v -0.095701 0.068668 0.027582
v -0.091989 0.091038 0.024688
v -0.095140 0.063736 0.028739
v -0.094542 0.073609 0.027738
v -0.095522 0.080071 0.025166
v -0.095252 0.033532 0.023000
v -0.095569 0.021266 0.014694
v -0.086815 0.109400 0.018455
v -0.098642 0.030771 0.018159
v -0.098234 0.051325 0.024346
v -0.096137 0.095504 0.018728
v -0.098339 0.017648 0.007416
v -0.099761 0.026929 0.014705
v -0.093796 0.104118 0.016109
v -0.102389 0.055600 0.020591
v -0.092199 0.112284 0.011965
v -0.097655 0.087783 0.020576
v -0.103241 0.034356 0.014816
v -0.101946 0.065393 0.021421
v -0.100972 0.074333 0.020992
v -0.097292 0.014981 0.004471
v -0.106354 0.060674 0.016599
v -0.102247 0.022842 0.008697
v -0.105526 0.049413 0.016234
v -0.095516 0.108427 0.012076
v -0.105086 0.079846 0.015456
v -0.100691 0.013783 -0.002772
v -0.091280 0.008351 -0.005842
v -0.105541 0.070886 0.016922
v -0.107849 0.028614 0.006683
v -0.099595 0.011580 -0.007174
v -0.108771 0.035300 0.008840
v -0.104289 0.017177 -0.001052
v -0.108831 0.086408 0.009954
v -0.110039 0.043639 0.009937
v -0.101433 0.105572 0.008942
v -0.100982 0.110921 0.006063
v -0.106094 0.020591 0.001477
v -0.110215 0.068108 0.011982
v -0.098334 0.115640 0.004551
v -0.107925 0.097708 0.007167
v -0.111160 0.055540 0.010667
v -0.112122 0.076175 0.008574
v -0.110501 0.025959 0.001363
v -0.105524 0.013660 -0.011838
v -0.116713 0.049242 0.002639
v -0.112752 0.029978 0.001225
v -0.107344 0.102800 0.005448
v -0.109191 0.018752 -0.006003
v -0.113904 0.037406 0.003035
v -0.112158 0.023188 -0.004146
v -0.115798 0.060236 0.005026
v -0.105487 0.114505 -0.000501
v -0.108732 0.107240 0.001738
v -0.116757 0.065696 0.003584
v -0.117581 0.041692 -0.000666
v -0.119807 0.073297 -0.001486
v -0.115471 0.097893 -0.000585
v -0.113227 0.020680 -0.010212
v -0.117728 0.026121 -0.011335
v -0.116825 0.029615 -0.005462
v -0.117897 0.034460 -0.004218
v -0.113846 0.019197 -0.016018
v -0.109558 0.015089 -0.016946
v -0.106518 0.012076 -0.022218
v -0.111487 0.111198 -0.003791
v -0.117547 0.087402 -0.000013
v -0.111906 0.016035 -0.023495
v -0.121876 0.058065 -0.004722
v -0.110922 0.114796 -0.007005
v -0.120533 0.079843 -0.002773
v -0.114453 0.106224 -0.003505
v -0.121641 0.049320 -0.005012
v -0.120391 0.031888 -0.010592
v -0.118446 0.023529 -0.019183
v -0.121389 0.092409 -0.006466
v -0.122058 0.040574 -0.008683
v -0.115991 0.108561 -0.007582
v -0.118121 0.103604 -0.006782
v -0.124063 0.068115 -0.009090
v -0.124333 0.085414 -0.009225
v -0.124369 0.053163 -0.009777
v -0.123911 0.038152 -0.014057
v -0.114598 0.114280 -0.013298
v -0.122916 0.032399 -0.016845
v -0.121523 0.099359 -0.009805
v -0.121618 0.027456 -0.021734
v -0.124875 0.044444 -0.012988
v -0.126697 0.058549 -0.015560
v -0.125792 0.049530 -0.013713
v -0.118548 0.109046 -0.013337
v -0.121046 0.103795 -0.012511
v -0.125457 0.080466 -0.010814
v -0.127283 0.044287 -0.019854
v -0.126806 0.093235 -0.016605
v -0.128087 0.072671 -0.017511
v -0.127038 0.039442 -0.023472
v -0.124081 0.102945 -0.020255
v -0.129707 0.079135 -0.020948
v -0.128286 0.063381 -0.019376
v -0.128704 0.051644 -0.022514
v -0.128626 0.086839 -0.017813
v -0.129879 0.060211 -0.026276
v 0.094631 -0.000291 0.060475
v 0.092366 -0.001053 0.069259
v 0.088269 -0.003396 0.064659
v 0.085330 -0.003332 0.072194
v 0.087525 -0.002992 0.057940
v 0.095352 0.000756 0.052452
v 0.089116 -0.001156 0.049601
v 0.096142 0.001920 0.045342
v 0.079094 -0.006585 0.066496
v 0.079066 -0.006094 0.059280
v 0.100883 0.004562 0.039176
v 0.092704 0.002214 0.033399
v 0.080145 -0.003632 0.049778
v 0.087245 -0.000434 0.041909
v 0.073575 -0.006803 0.070656
v 0.102315 0.005915 0.028756
v 0.123247 0.017603 -0.010325
v 0.118932 0.014517 0.000520
v 0.114571 0.012658 -0.009157
v 0.091352 0.003268 0.023062
v 0.102777 0.006849 0.016053
v 0.070282 -0.008371 0.062328
v 0.112081 0.010782 0.002485
v 0.116650 0.015104 -0.015637
v 0.063223 -0.006534 0.072150
v 0.072850 -0.004011 0.077185
v 0.119984 0.018119 -0.019113
v 0.109378 0.009711 0.012838
v 0.102819 0.008076 -0.000307
v 0.102632 0.007412 0.005829
v 0.093806 0.004829 0.013522
v 0.066841 -0.007819 0.055585
v 0.071580 -0.005820 0.050425
v 0.106267 0.009779 -0.007486
v 0.078346 0.000733 0.025954
v 0.062686 -0.008553 0.065109
v 0.071096 -0.002080 0.035625
v 0.111346 0.015272 -0.022292
v 0.107729 0.011613 -0.014329
v 0.113165 0.017841 -0.023979
v 0.090390 0.005543 0.003922
v 0.082662 0.003193 0.014179
v 0.056523 -0.008497 0.059907
v 0.054175 -0.007614 0.066357
v 0.104236 0.013479 -0.022479
v 0.095445 0.008435 -0.009237
v 0.100973 0.010673 -0.015457
v 0.056164 -0.005342 0.072619
v 0.091514 0.006874 -0.003615
v 0.059305 -0.005643 0.044521
v 0.103590 0.016598 -0.029840
v 0.043912 -0.006084 0.065417
v 0.053203 -0.007379 0.050957
v 0.046039 -0.007506 0.060202
v 0.094843 0.011949 -0.021546
v 0.066798 0.000262 0.022176
v 0.061252 -0.002940 0.035273
v 0.096701 0.015141 -0.029388
v 0.090673 0.010235 -0.016923
v 0.078456 0.004957 0.002599
v 0.072650 0.002701 0.012371
v 0.044577 -0.006940 0.053310
v 0.086492 0.008248 -0.010596
v 0.062519 -0.000960 0.026885
v 0.082798 0.006757 -0.004995
v 0.073603 0.007049 -0.005615
v 0.051127 -0.002843 0.034204
v 0.086068 0.012223 -0.022812
v 0.097925 0.018199 -0.032893
v 0.081043 0.010960 -0.018635
v 0.063779 0.001807 0.014529
v 0.045906 -0.005113 0.043242
v 0.076893 0.009559 -0.013945
v 0.050241 -0.000340 0.024604
v 0.086086 0.014500 -0.028727
v 0.056970 0.001126 0.017596
v 0.067560 0.005500 0.000463
v 0.034535 -0.006120 0.057829
v 0.029259 -0.004669 0.061120
v 0.063147 0.003623 0.007474
v 0.038264 -0.001471 0.032661
v 0.086090 0.019400 -0.039042
v 0.035988 -0.003908 0.042556
v 0.068812 0.009917 -0.013044
v 0.077348 0.014636 -0.027838
v 0.083439 0.017839 -0.036282
v 0.052046 0.004570 0.007273
v 0.028097 -0.004941 0.048710
v 0.019652 -0.004804 0.052335
v 0.055396 0.008169 -0.003528
v 0.062386 0.008737 -0.007877
v 0.070266 0.012217 -0.019612
v 0.066810 0.014976 -0.025636
v 0.045550 0.002817 0.015059
v 0.038846 0.001295 0.022777
v 0.069276 0.018807 -0.036386
v 0.026217 -0.003161 0.041267
v 0.026581 -0.000704 0.032618
v 0.077129 0.020294 -0.041230
v 0.060403 0.013396 -0.019275
v 0.045874 0.009096 -0.001791
v 0.074842 0.022300 -0.044501
v 0.053199 0.012298 -0.013319
v 0.029298 0.002620 0.022644
v 0.014419 -0.003415 0.056657
v 0.035035 0.009685 0.002970
v 0.032218 0.005790 0.013802
v 0.066954 0.022529 -0.044738
v 0.012756 -0.004087 0.044765
v 0.061142 0.017947 -0.031781
v 0.008940 -0.003832 0.052333
v 0.014107 -0.003192 0.040391
v 0.054233 0.017340 -0.027772
v 0.051032 0.015394 -0.020984
v 0.017206 -0.001722 0.035609
v 0.042178 0.014057 -0.012926
v 0.018479 0.003131 0.023091
v 0.015376 0.000613 0.028828
v 0.008583 -0.001237 0.059148
v 0.058346 0.026452 -0.051812
v -0.001092 -0.003214 0.051374
v 0.054471 0.020632 -0.037225
v 0.056199 0.024769 -0.048096
v 0.005810 -0.004193 0.045397
v 0.018343 0.006854 0.015780
v 0.042806 0.016537 -0.020473
v 0.000395 -0.004192 0.047057
v 0.034812 0.013665 -0.007513
v 0.021959 0.009778 0.008876
v 0.042700 0.018759 -0.027055
v 0.003159 -0.003680 0.040131
v -0.006709 -0.000725 0.056167
v 0.008723 -0.000215 0.029963
v 0.029857 0.016704 -0.013367
v 0.047622 0.024421 -0.045642
v 0.000673 -0.001746 0.031745
v 0.043058 0.022378 -0.037945
v 0.023825 0.015572 -0.006451
v 0.020993 0.012708 0.002631
v 0.001450 0.002415 0.022446
v 0.030926 0.019496 -0.022677
v -0.003926 -0.004374 0.041442
v -0.003384 -0.003448 0.036087
v -0.013459 -0.003799 0.047487
v 0.007281 0.007716 0.014156
v 0.033208 0.021370 -0.029673
v 0.048584 0.026754 -0.051472
v 0.017440 0.015856 -0.004353
v -0.010059 -0.004630 0.043071
v 0.011400 0.012181 0.006238
v 0.046015 0.028710 -0.056158
v 0.022896 0.019728 -0.019718
v 0.011235 0.014599 0.000776
v -0.004810 0.000125 0.025196
v -0.010916 -0.004237 0.035792
v 0.034611 0.023635 -0.037664
v 0.019478 0.018371 -0.013232
v 0.044205 0.030884 -0.059289
v 0.037216 0.025281 -0.045380
v -0.020400 -0.002835 0.049022
v -0.019668 -0.000173 0.055000
v -0.011720 -0.001794 0.027270
v 0.040073 0.027724 -0.054086
v -0.017817 -0.004780 0.040605
v -0.002528 0.006739 0.013840
v 0.002090 0.012895 0.003732
v 0.011830 0.017549 -0.008671
v 0.027812 0.023800 -0.036401
v 0.023191 0.022060 -0.029227
v 0.004750 0.015403 -0.002014
v 0.032213 0.025664 -0.046823
v -0.019659 -0.004413 0.033877
v -0.016776 -0.003175 0.029229
v -0.027033 -0.000316 0.051840
v -0.024656 -0.003924 0.042607
v 0.037943 0.029619 -0.060494
v 0.013480 0.019178 -0.016435
v -0.001055 0.010604 0.007498
v -0.011214 0.003303 0.016866
v 0.029773 0.024845 -0.041758
v 0.016812 0.020742 -0.024886
v -0.031672 -0.001884 0.044635
v 0.020848 0.022750 -0.034569
v 0.027521 0.026386 -0.054664
v -0.027341 -0.003997 0.036429
v 0.024763 0.024270 -0.040781
v 0.006260 0.017630 -0.011446
v 0.032045 0.028508 -0.060191
v -0.023020 0.000196 0.019126
v 0.032086 0.030674 -0.066499
v -0.008534 0.010796 0.003103
v 0.026348 0.025209 -0.047151
v -0.010749 0.007884 0.008151
v 0.008560 0.019020 -0.021548
v 0.011801 0.020293 -0.030704
v 0.019504 0.023683 -0.046129
v 0.000405 0.015936 -0.006902
v -0.004544 0.013983 -0.003070
v -0.033432 0.000172 0.048905
v 0.016051 0.022070 -0.039310
v -0.024774 -0.002270 0.025440
v -0.000999 0.016403 -0.014309
v 0.017872 0.024137 -0.053882
v -0.035621 -0.002239 0.038559
v 0.004220 0.018231 -0.028948
v -0.019760 0.004266 0.010958
v 0.021970 0.026557 -0.062121
v -0.012442 0.012014 -0.004021
v -0.007548 0.014139 -0.007983
v -0.039404 0.000530 0.044109
v 0.025217 0.028949 -0.067954
v -0.032471 -0.002704 0.028356
v -0.000724 0.016814 -0.022526
v 0.009402 0.020770 -0.046268
v 0.006859 0.019193 -0.035531
v -0.018761 0.008294 0.001672
v -0.037874 -0.002076 0.029839
v -0.019196 0.009859 -0.003741
v -0.008001 0.014932 -0.023477
v -0.012445 0.013555 -0.016843
v -0.043903 0.000510 0.038254
v -0.027475 0.001919 0.012989
v -0.042491 -0.000994 0.032640
v 0.021798 0.029673 -0.073298
v -0.003706 0.016070 -0.033125
v -0.018681 0.011284 -0.010961
v -0.035085 -0.000504 0.019295
v -0.001580 0.016869 -0.041949
v -0.025084 0.005727 0.003648
v 0.018586 0.027805 -0.071577
v 0.009809 0.023882 -0.067089
v -0.037755 0.001478 0.011617
v -0.042053 -0.000002 0.019007
v -0.031134 0.003361 0.007032
v 0.006355 0.021235 -0.057613
v -0.028057 0.007011 -0.003313
v -0.050120 0.001830 0.032367
v -0.012582 0.013618 -0.030398
v -0.020988 0.011244 -0.018672
v -0.002076 0.017937 -0.053627
v -0.047492 0.000333 0.023530
v -0.011981 0.013749 -0.036927
v -0.035865 0.004297 0.001133
v 0.010620 0.026474 -0.077018
v 0.009360 0.027455 -0.081398
v -0.019092 0.011999 -0.026258
v -0.006172 0.015969 -0.048673
v -0.029967 0.007944 -0.011092
v 0.002137 0.021300 -0.066525
v -0.012972 0.013772 -0.044109
v -0.000934 0.019493 -0.061801
v -0.043133 0.003258 0.003464
v -0.055549 0.002615 0.024868
v -0.037388 0.005598 -0.006978
v -0.021319 0.011711 -0.036547
v -0.029568 0.009116 -0.021802
v -0.052859 0.003319 0.004971
v -0.057538 0.002828 0.011945
v -0.002475 0.021527 -0.074194
v -0.056660 0.002490 0.019205
v 0.001076 0.024613 -0.081586
v -0.058555 0.004483 0.028017
v -0.019611 0.012362 -0.043427
v -0.013724 0.014609 -0.053087
v -0.007282 0.018970 -0.068969
v -0.028591 0.010128 -0.031933
v -0.045774 0.005155 -0.008798
v -0.011023 0.016572 -0.061561
v -0.042429 0.006302 -0.016479
v -0.038480 0.007626 -0.023246
v -0.022569 0.012543 -0.049558
v -0.049389 0.004271 -0.001261
v -0.062253 0.004443 0.021402
v -0.034608 0.008865 -0.029395
v -0.063844 0.004061 0.014750
v -0.030593 0.010523 -0.041217
v -0.017076 0.017299 -0.071848
v -0.020359 0.014852 -0.062746
v -0.004078 0.025492 -0.088850
v -0.024974 0.013295 -0.057063
v -0.002320 0.027372 -0.090246
v -0.010509 0.020086 -0.077486
v -0.008220 0.023421 -0.086442
v -0.032222 0.011497 -0.050219
v -0.056682 0.005161 -0.005902
v -0.039628 0.008938 -0.035976
v -0.043106 0.007790 -0.029148
v -0.015982 0.020437 -0.082980
v -0.049642 0.006698 -0.023733
v -0.053482 0.005921 -0.016488
v -0.071506 0.007902 0.020083
v -0.072294 0.006498 0.014209
v -0.043012 0.010198 -0.046258
v -0.068989 0.004875 -0.002949
v -0.026824 0.015566 -0.070362
v -0.054440 0.007693 -0.031992
v -0.074137 0.005536 0.004922
v -0.064203 0.005831 -0.013493
v -0.010996 0.026552 -0.095589
v -0.038089 0.012398 -0.057753
v -0.013434 0.025236 -0.094260
v -0.017903 0.023242 -0.091630
v -0.024366 0.017786 -0.078269
v -0.062062 0.006480 -0.023836
v -0.033333 0.014307 -0.066568
v -0.080225 0.008247 0.009183
v -0.044291 0.014393 -0.067367
v -0.028376 0.019412 -0.084665
v -0.018024 0.027717 -0.099728
v -0.022946 0.021509 -0.089268
v -0.055562 0.008881 -0.041274
v -0.019685 0.026415 -0.098511
v -0.032960 0.017474 -0.079114
v -0.078240 0.005299 -0.005757
v -0.083523 0.007095 -0.000332
v -0.039878 0.016314 -0.074910
v -0.075851 0.005602 -0.018754
v -0.025658 0.024092 -0.095434
v -0.032537 0.021959 -0.091313
v -0.053928 0.011279 -0.054396
v -0.058047 0.010083 -0.049116
v -0.024553 0.029349 -0.103187
v -0.053198 0.012687 -0.060259
v -0.028097 0.026750 -0.100048
v -0.068475 0.007775 -0.038374
v -0.036990 0.019617 -0.085459
v -0.090574 0.011278 0.004623
v -0.083452 0.005409 -0.017095
v -0.043461 0.019061 -0.082717
v -0.086664 0.006044 -0.010484
v -0.030066 0.030409 -0.104932
v -0.079622 0.006145 -0.028937
v -0.091280 0.008351 -0.005842
v -0.041915 0.022108 -0.090117
v -0.069583 0.009991 -0.048962
v -0.050291 0.016948 -0.074763
v -0.053297 0.014687 -0.067198
v -0.061852 0.012136 -0.057326
v -0.039635 0.024779 -0.095782
v -0.038882 0.027591 -0.100335
v -0.035871 0.030358 -0.104432
v -0.050030 0.019079 -0.080384
v -0.056663 0.017444 -0.073513
v -0.060176 0.015034 -0.066137
v -0.091824 0.006199 -0.018198
v -0.071552 0.012732 -0.056539
v -0.034911 0.032939 -0.107143
v -0.049372 0.021724 -0.086544
v -0.081985 0.006774 -0.035369
v -0.097902 0.008366 -0.017247
v -0.050070 0.025052 -0.092054
v -0.080182 0.008102 -0.041939
v -0.067037 0.016047 -0.065789
v -0.057552 0.020400 -0.079453
v -0.091558 0.006518 -0.027328
v -0.064729 0.019050 -0.072834
v -0.046322 0.027655 -0.097894
v -0.099083 0.009930 -0.012244
v -0.099595 0.011580 -0.007174
v -0.056903 0.022888 -0.084476
v -0.079412 0.010204 -0.048427
v -0.088817 0.007529 -0.037327
v -0.078741 0.017591 -0.062071
v -0.098580 0.007899 -0.025635
v -0.084334 0.009301 -0.045132
v -0.081242 0.012522 -0.052853
v -0.063442 0.024056 -0.081633
v -0.087167 0.011669 -0.049373
v -0.105524 0.013660 -0.011838
v -0.073881 0.020352 -0.069267
v -0.097144 0.008037 -0.033131
v -0.091713 0.010596 -0.045704
v -0.106518 0.012076 -0.022218
v -0.086321 0.015680 -0.055715
v -0.096347 0.009833 -0.041521
v -0.105130 0.010912 -0.028730
v -0.103210 0.010437 -0.035326
v -0.095501 0.014396 -0.049951
v -0.106454 0.012125 -0.034404
v -0.105507 0.015297 -0.044475
v -0.038882 0.027591 -0.100335
v -0.043079 0.032307 -0.104458
v -0.035871 0.030358 -0.104432
v -0.040141 0.038372 -0.109197
v -0.034911 0.032939 -0.107143
v -0.041315 0.036126 -0.108267
v -0.046197 0.075464 -0.090248
v -0.041284 0.084205 -0.091348
v -0.041863 0.075196 -0.093333
v -0.045164 0.087423 -0.089159
v -0.041598 0.094349 -0.091317
v -0.046322 0.027655 -0.097894
v -0.070338 0.136191 -0.031017
v -0.069385 0.132638 -0.038298
v -0.077666 0.131699 -0.037880
v -0.046142 0.098572 -0.088855
v -0.043523 0.103041 -0.091643
v -0.043555 0.067301 -0.097013
v -0.047174 0.068104 -0.093452
v -0.050772 0.091772 -0.085038
v -0.050654 0.080156 -0.085734
v -0.048435 0.032329 -0.101916
v -0.050070 0.025052 -0.092054
v -0.053559 0.030296 -0.096516
v -0.059791 0.027715 -0.088913
v -0.056903 0.022888 -0.084476
v -0.078032 0.134209 -0.033600
v -0.077733 0.137135 -0.028221
v -0.047209 0.060696 -0.098671
v -0.054921 0.073561 -0.083205
v -0.043745 0.060665 -0.100147
v -0.050760 0.108521 -0.088267
v -0.053882 0.084327 -0.082976
v -0.046873 0.040067 -0.107592
v -0.048170 0.036319 -0.105126
v -0.055809 0.078341 -0.081783
v -0.045580 0.055477 -0.103575
v -0.044710 0.109769 -0.092901
v -0.052836 0.059527 -0.093868
v -0.053675 0.068138 -0.086819
v -0.067574 0.022581 -0.076661
v -0.057552 0.020400 -0.079453
v -0.064729 0.019050 -0.072834
v -0.044847 0.044594 -0.108964
v -0.048846 0.055310 -0.100907
v -0.046534 0.043791 -0.108293
v -0.057242 0.063491 -0.085869
v -0.056632 0.098126 -0.080727
v -0.059160 0.066875 -0.081511
v -0.063442 0.024056 -0.081633
v -0.059070 0.084272 -0.079085
v -0.047199 0.047835 -0.106890
v -0.045765 0.049815 -0.106793
v -0.049651 0.049772 -0.103644
v -0.053404 0.118931 -0.089980
v -0.046269 0.117582 -0.094022
v -0.054862 0.035150 -0.099421
v -0.061388 0.091848 -0.077006
v -0.062564 0.071332 -0.077408
v -0.079460 0.129025 -0.043308
v -0.049937 0.044396 -0.105522
v -0.053229 0.052044 -0.098677
v -0.065774 0.078164 -0.075019
v -0.084514 0.134763 -0.031034
v -0.073881 0.020352 -0.069267
v -0.069236 0.026832 -0.080181
v -0.052623 0.039962 -0.103337
v -0.059195 0.056973 -0.087889
v -0.045888 0.125996 -0.094429
v -0.048757 0.123264 -0.093647
v -0.061811 0.107669 -0.078931
v -0.052295 0.128979 -0.091683
v -0.046737 0.132667 -0.094759
v -0.060479 0.032965 -0.092898
v -0.064330 0.099680 -0.074362
v -0.065255 0.058721 -0.079695
v -0.068357 0.062481 -0.075124
v -0.051072 0.135529 -0.092075
v -0.047058 0.138067 -0.094186
v -0.049484 0.139961 -0.092023
v -0.046369 0.142569 -0.092095
v -0.045414 0.142070 -0.092715
v -0.049127 0.141329 -0.090719
v -0.055114 0.045045 -0.100258
v -0.058225 0.050489 -0.093419
v -0.067795 0.085679 -0.073698
v -0.075134 0.024663 -0.073439
v -0.058100 0.113967 -0.084860
v -0.058447 0.040168 -0.097225
v -0.069184 0.067958 -0.073227
v -0.084535 0.132130 -0.035939
v -0.063254 0.051938 -0.085573
v -0.063866 0.030175 -0.087738
v -0.074502 0.097132 -0.067927
v -0.053856 0.140111 -0.086204
v -0.062479 0.047578 -0.088950
v -0.060185 0.045387 -0.093433
v -0.065799 0.034552 -0.088007
v -0.062259 0.038471 -0.092681
v -0.068685 0.107349 -0.072571
v -0.055784 0.138432 -0.088078
v -0.065200 0.040914 -0.088497
v -0.070532 0.031601 -0.082237
v -0.081013 0.126517 -0.049024
v -0.074836 0.128846 -0.049102
v -0.067579 0.046354 -0.083516
v -0.086630 0.127661 -0.042252
v -0.070766 0.051869 -0.077804
v -0.074866 0.055690 -0.072765
v -0.074017 0.028972 -0.077802
v -0.082177 0.024612 -0.068234
v -0.078741 0.017591 -0.062071
v -0.058856 0.135868 -0.087982
v -0.077646 0.069730 -0.068375
v -0.077631 0.061388 -0.068676
v -0.062265 0.124857 -0.085883
v -0.066039 0.117752 -0.080259
v -0.072242 0.102918 -0.068324
v -0.076950 0.078834 -0.069494
v -0.086321 0.015680 -0.055715
v -0.089254 0.022254 -0.061245
v -0.071598 0.041843 -0.081125
v -0.090501 0.131187 -0.035561
v -0.089884 0.133469 -0.030252
v -0.059173 0.131782 -0.088372
v -0.059806 0.137369 -0.085371
v -0.076526 0.036398 -0.077508
v -0.075469 0.048194 -0.075320
v -0.079393 0.030231 -0.073965
v -0.081220 0.086755 -0.067033
v -0.076811 0.126694 -0.059462
v -0.072777 0.129026 -0.057313
v -0.072605 0.129033 -0.066999
v -0.105130 0.010912 -0.028730
v -0.106518 0.012076 -0.022218
v -0.110405 0.015175 -0.033058
v -0.075917 0.108841 -0.065947
v -0.077432 0.127392 -0.052960
v -0.080254 0.124748 -0.055225
v -0.094199 0.018026 -0.054477
v -0.095287 0.130823 -0.032554
v -0.095501 0.014396 -0.049951
v -0.078192 0.040913 -0.075274
v -0.068356 0.131818 -0.069106
v -0.065479 0.134493 -0.077494
v -0.069427 0.131285 -0.073773
v -0.074499 0.115915 -0.069535
v -0.064107 0.131800 -0.084999
v -0.084472 0.124096 -0.049757
v -0.111906 0.016035 -0.023495
v -0.074223 0.126824 -0.068256
v -0.080064 0.104665 -0.062558
v -0.084747 0.057389 -0.065668
v -0.082065 0.048824 -0.070254
v -0.078992 0.123476 -0.060579
v -0.064646 0.134813 -0.082218
v -0.067663 0.132682 -0.078753
v -0.086694 0.067015 -0.063773
v -0.083845 0.121218 -0.054044
v -0.067988 0.125884 -0.080876
v -0.085809 0.029046 -0.068529
v -0.071248 0.120352 -0.075461
v -0.071045 0.128771 -0.074940
v -0.086461 0.099479 -0.060965
v -0.068251 0.130299 -0.080272
v -0.076598 0.122829 -0.066432
v -0.084816 0.039606 -0.070888
v -0.084241 0.034668 -0.071369
v -0.072823 0.124819 -0.073165
v -0.081155 0.117402 -0.060043
v -0.094778 0.127770 -0.038475
v -0.084580 0.111146 -0.057674
v -0.084602 0.074404 -0.065793
v -0.094574 0.052364 -0.063045
v -0.102400 0.020542 -0.052526
v -0.106454 0.012125 -0.034404
v -0.084989 0.116577 -0.055468
v -0.085062 0.092493 -0.064146
v -0.099685 0.025424 -0.057997
v -0.088800 0.120300 -0.049820
v -0.094202 0.121620 -0.045637
v -0.092210 0.028857 -0.064247
v -0.116714 0.020771 -0.026907
v -0.089616 0.034171 -0.067630
v -0.087025 0.079204 -0.065266
v -0.089713 0.114182 -0.052819
v -0.103210 0.010437 -0.035326
v -0.108709 0.015271 -0.039666
v -0.089223 0.107115 -0.056260
v -0.105507 0.015297 -0.044475
v -0.091408 0.042982 -0.066801
v -0.101596 0.127251 -0.034504
v -0.113846 0.019197 -0.016018
v -0.093465 0.069975 -0.061372
v -0.101302 0.128478 -0.029322
v -0.096100 0.116302 -0.048453
v -0.118446 0.023529 -0.019183
v -0.107928 0.020339 -0.048140
v -0.096779 0.060142 -0.059957
v -0.100137 0.124605 -0.039990
v -0.092220 0.083906 -0.062969
v -0.096656 0.037603 -0.064440
v -0.097522 0.031346 -0.062366
v -0.113761 0.019560 -0.036686
v -0.097377 0.101249 -0.055834
v -0.096001 0.110041 -0.052007
v -0.093160 0.089929 -0.061593
v -0.095389 0.095424 -0.059088
v -0.106845 0.124067 -0.022763
v -0.112938 0.119655 -0.029846
v -0.112102 0.119009 -0.020076
v -0.120840 0.025620 -0.026432
v -0.098398 0.047208 -0.063108
v -0.112719 0.021222 -0.042704
v -0.116878 0.114532 -0.023148
v -0.114598 0.114280 -0.013298
v -0.121618 0.027456 -0.021734
v -0.104817 0.119192 -0.042876
v -0.106103 0.125411 -0.030516
v -0.097733 0.078226 -0.060973
v -0.107892 0.123099 -0.035324
v -0.101129 0.042820 -0.062583
v -0.120352 0.026515 -0.033704
v -0.103860 0.069400 -0.057064
v -0.105275 0.035692 -0.059732
v -0.109604 0.028586 -0.054135
v -0.118548 0.109046 -0.013337
v -0.124045 0.030969 -0.028104
v -0.105553 0.113242 -0.047125
v -0.122916 0.032399 -0.016845
v -0.125821 0.035291 -0.025308
v -0.099112 0.085752 -0.060286
v -0.105872 0.122083 -0.039554
v -0.100973 0.090398 -0.058762
v -0.104825 0.049590 -0.059766
v -0.114658 0.027580 -0.048048
v -0.117428 0.026123 -0.041128
v -0.124081 0.102945 -0.020255
v -0.121046 0.103795 -0.012511
v -0.103682 0.107848 -0.050732
v -0.110379 0.056140 -0.055458
v -0.127038 0.039442 -0.023472
v -0.113684 0.062977 -0.052666
v -0.112569 0.118677 -0.037419
v -0.122420 0.108358 -0.027843
v -0.107049 0.095025 -0.055181
v -0.110712 0.115866 -0.042689
v -0.108345 0.087548 -0.056366
v -0.106804 0.101112 -0.052909
v -0.127283 0.044287 -0.019854
v -0.128704 0.051644 -0.022514
v -0.128810 0.046087 -0.027191
v -0.109241 0.043397 -0.058662
v -0.120812 0.034416 -0.045609
v -0.122609 0.032035 -0.038779
v -0.124885 0.033429 -0.032905
v -0.106766 0.078695 -0.057343
v -0.110013 0.106732 -0.049349
v -0.113830 0.037410 -0.055286
v -0.110785 0.050386 -0.056770
v -0.116627 0.032684 -0.050594
v -0.127754 0.041072 -0.032411
v -0.120872 0.110856 -0.035394
v -0.118776 0.042727 -0.052275
v -0.114565 0.070850 -0.052193
v -0.117850 0.112680 -0.039939
v -0.124432 0.036747 -0.040538
v -0.112892 0.081060 -0.054064
v -0.113230 0.111685 -0.045114
v -0.130202 0.069328 -0.025346
v -0.128286 0.063381 -0.019376
v -0.128087 0.072671 -0.017511
v -0.128739 0.093754 -0.023152
v -0.126806 0.093235 -0.016605
v -0.128626 0.086839 -0.017813
v -0.112950 0.094750 -0.052446
v -0.116209 0.106063 -0.046877
v -0.118101 0.051880 -0.052605
v -0.129841 0.054563 -0.032187
v -0.129879 0.060211 -0.026276
v -0.130281 0.087397 -0.025364
v -0.129707 0.079135 -0.020948
v -0.130494 0.078418 -0.027040
v -0.116557 0.085164 -0.051171
v -0.126980 0.042101 -0.038767
v -0.116200 0.100603 -0.048693
v -0.118061 0.109319 -0.043682
v -0.128896 0.047207 -0.034323
v -0.119954 0.056396 -0.050817
v -0.124703 0.042003 -0.044750
v -0.128784 0.095228 -0.029313
v -0.118093 0.074911 -0.050028
v -0.121765 0.063483 -0.048190
v -0.130417 0.066642 -0.030157
v -0.125837 0.103452 -0.033277
v -0.130002 0.059994 -0.033324
v -0.119132 0.094440 -0.047650
v -0.130359 0.071108 -0.030693
v -0.119893 0.080497 -0.048077
v -0.123274 0.050397 -0.048597
v -0.128209 0.048909 -0.039438
v -0.123026 0.106166 -0.039765
v -0.126422 0.046941 -0.043557
v -0.128977 0.054573 -0.038212
v -0.129893 0.084573 -0.030175
v -0.128549 0.062312 -0.038956
v -0.129171 0.080322 -0.032617
v -0.128900 0.075452 -0.034767
v -0.123474 0.076442 -0.044144
v -0.129316 0.068829 -0.035409
v -0.122308 0.102359 -0.042893
v -0.122531 0.087909 -0.044249
v -0.123755 0.069495 -0.045197
v -0.129002 0.089687 -0.032918
v -0.127257 0.052832 -0.043124
v -0.127266 0.070051 -0.039789
v -0.124942 0.082137 -0.041162
v -0.125430 0.057824 -0.045675
v -0.125335 0.063818 -0.044520
v -0.126809 0.097552 -0.036884
v -0.126658 0.087719 -0.037860
v -0.124755 0.094662 -0.040797
v -0.126298 0.076658 -0.039823
v 0.101333 0.035735 -0.019975
v 0.102820 0.036792 -0.015785
v 0.107080 0.036872 -0.017393
v 0.098140 0.037584 -0.010751
v 0.098891 0.036147 -0.015225
v 0.091813 0.036180 -0.012243
v 0.092336 0.037199 -0.007770
v 0.085151 0.037908 -0.000257
v 0.091984 0.039575 -0.000095
v 0.091906 0.035753 -0.017067
v 0.086964 0.039479 0.004211
v 0.079915 0.039737 0.010689
v 0.094450 0.035866 -0.021869
v 0.072638 0.039648 0.016637
v 0.078728 0.041190 0.016839
v 0.086199 0.036630 -0.007742
v 0.073781 0.041252 0.021058
v 0.082467 0.036297 -0.013298
v 0.091966 0.036830 -0.027042
v 0.079216 0.036711 -0.007320
v 0.068208 0.041912 0.023597
v 0.067028 0.039915 0.019621
v 0.084936 0.037052 -0.027247
v 0.072108 0.038428 0.010955
v 0.074447 0.038192 0.006294
v 0.085013 0.036037 -0.021055
v 0.064338 0.038291 0.013416
v 0.062185 0.040309 0.023946
v 0.065821 0.040083 0.022928
v 0.062359 0.039268 0.020679
v 0.067392 0.038128 0.008480
v 0.075813 0.037367 -0.002364
v 0.070184 0.037501 -0.000097
v 0.063771 0.037479 0.001313
v 0.057197 0.037786 0.016222
v 0.075887 0.036820 -0.022056
v 0.070500 0.036962 -0.006547
v 0.052036 0.038413 0.021829
v 0.060140 0.041745 0.026878
v 0.070932 0.037235 -0.015061
v 0.082267 0.037748 -0.032834
v 0.050901 0.039845 0.026606
v 0.060579 0.037516 0.006263
v 0.053836 0.037501 0.012069
v 0.062861 0.037463 -0.006838
v 0.045528 0.037340 0.015846
v 0.051707 0.037455 0.006589
v 0.039096 0.037298 0.021583
v 0.053352 0.037785 -0.000091
v 0.074135 0.038131 -0.031638
v 0.034102 0.038748 0.029403
v 0.046727 0.041599 0.031326
v 0.035949 0.042466 0.035561
v 0.061259 0.038206 -0.017264
v 0.067288 0.038316 -0.029304
v 0.068240 0.039499 -0.039657
v 0.051020 0.038626 -0.009336
v 0.044771 0.037393 0.009323
v 0.068595 0.038942 -0.036867
v 0.060721 0.038591 -0.023954
v 0.024427 0.041868 0.038124
v 0.040649 0.038586 0.001504
v 0.037262 0.037542 0.010069
v 0.025078 0.037576 0.023418
v 0.032844 0.037085 0.016402
v 0.053173 0.039106 -0.018669
v 0.062191 0.040038 -0.038474
v 0.058316 0.040434 -0.034887
v 0.049831 0.040793 -0.029213
v 0.024063 0.038725 0.030910
v 0.040994 0.039451 -0.006463
v 0.017272 0.040347 0.035701
v 0.032961 0.038981 0.002742
v 0.043391 0.040928 -0.024078
v 0.013325 0.043235 0.041611
v 0.042351 0.040137 -0.014446
v 0.021224 0.038034 0.015418
v 0.028991 0.038077 0.009171
v 0.057008 0.041618 -0.043449
v 0.008362 0.045370 0.043587
v 0.017930 0.049607 0.049102
v 0.014312 0.039217 0.029829
v 0.010817 0.050932 0.049123
v 0.050237 0.041598 -0.036537
v 0.003083 0.049201 0.044729
v 0.057288 0.041150 -0.045291
v 0.025489 0.039525 0.003174
v 0.010306 0.041128 0.035983
v 0.027971 0.041257 -0.008274
v 0.001044 0.055041 0.046886
v 0.005247 0.043463 0.038171
v 0.034296 0.040935 -0.014122
v 0.049457 0.042910 -0.043729
v 0.035092 0.041574 -0.020639
v 0.009703 0.039747 0.022285
v 0.003480 0.042243 0.030830
v 0.017711 0.040036 0.006293
v 0.001031 0.046596 0.040457
v 0.048275 0.043686 -0.047945
v 0.022835 0.041283 -0.003980
v 0.038304 0.042454 -0.033339
v -0.003824 0.054662 0.043760
v 0.041918 0.042982 -0.040013
v 0.008292 0.041370 0.011576
v 0.023254 0.042831 -0.018101
v 0.011286 0.042718 -0.000496
v -0.002338 0.046396 0.035982
v -0.007157 0.051118 0.037701
v 0.026481 0.042945 -0.027743
v 0.037536 0.044662 -0.048920
v 0.027670 0.043250 -0.035207
v -0.010861 0.061417 0.041959
v -0.005878 0.046045 0.029469
v 0.000030 0.042938 0.020259
v 0.042049 0.044916 -0.051094
v -0.011543 0.057555 0.039712
v 0.015469 0.043367 -0.010895
v 0.029970 0.043872 -0.041630
v -0.010352 0.048600 0.030502
v -0.007992 0.045713 0.021640
v -0.017355 0.053869 0.032467
v 0.012972 0.044130 -0.016784
v -0.006016 0.045005 0.013166
v 0.033153 0.045720 -0.056493
v -0.003554 0.044977 0.003946
v 0.018787 0.043719 -0.033222
v 0.005945 0.044647 -0.013228
v -0.018039 0.059977 0.037123
v 0.015703 0.043921 -0.026742
v 0.028933 0.044928 -0.051371
v 0.011356 0.044450 -0.023304
v 0.001816 0.044734 -0.004766
v -0.014123 0.047934 0.023519
v 0.017058 0.044421 -0.043147
v -0.023000 0.065114 0.035952
v -0.015758 0.046794 0.015478
v 0.006926 0.044818 -0.019595
v -0.019135 0.050520 0.026303
v 0.019332 0.044639 -0.049017
v -0.005541 0.044845 -0.012848
v 0.010100 0.044441 -0.032809
v -0.022938 0.048468 0.018097
v 0.023009 0.045302 -0.057112
v -0.014353 0.045860 0.006736
v -0.033101 0.062588 0.030470
v -0.026381 0.057223 0.030756
v -0.010681 0.045307 -0.003044
v 0.000563 0.044587 -0.025042
v -0.028299 0.053579 0.025847
v 0.024434 0.045670 -0.062041
v -0.026424 0.050995 0.022818
v 0.004514 0.043669 -0.045939
v 0.016117 0.044880 -0.060998
v 0.008931 0.044190 -0.049292
v -0.000947 0.043813 -0.036356
v -0.026278 0.046793 0.006702
v -0.022991 0.045561 -0.001945
v -0.032002 0.050868 0.018302
v 0.016885 0.044867 -0.067508
v -0.013794 0.043566 -0.025133
v -0.037029 0.056727 0.023252
v -0.005564 0.043880 -0.029255
v -0.021456 0.044461 -0.013172
v -0.003527 0.043194 -0.043312
v -0.034695 0.053996 0.021974
v -0.041059 0.060659 0.022693
v 0.001640 0.043186 -0.056254
v -0.034751 0.049377 0.010540
v 0.004057 0.043402 -0.063044
v 0.007820 0.043878 -0.069029
v -0.040219 0.053928 0.015307
v 0.009373 0.043744 -0.073275
v -0.041699 0.064603 0.023960
v -0.013473 0.043043 -0.035238
v -0.034213 0.048179 0.003505
v -0.027825 0.045594 -0.007587
v -0.024947 0.044280 -0.023851
v -0.005921 0.042458 -0.053263
v -0.042586 0.057148 0.017463
v -0.032690 0.046981 -0.004164
v -0.012449 0.042690 -0.043532
v -0.020615 0.043390 -0.031506
v -0.001956 0.042430 -0.071869
v -0.038700 0.049561 -0.001317
v -0.008714 0.041580 -0.065767
v -0.028476 0.045034 -0.019871
v -0.042038 0.051755 0.004079
v -0.034934 0.047625 -0.009670
v -0.017832 0.042911 -0.041342
v -0.033626 0.046912 -0.016939
v -0.045441 0.054856 0.005732
v 0.001167 0.042869 -0.078170
v -0.014855 0.042047 -0.055546
v -0.023678 0.043770 -0.037053
v -0.029788 0.045530 -0.030116
v -0.023415 0.043803 -0.042334
v -0.034187 0.047310 -0.025687
v -0.043200 0.052164 -0.002822
v -0.020713 0.043190 -0.046993
v -0.042004 0.051457 -0.009815
v -0.038829 0.049357 -0.013988
v -0.004748 0.041735 -0.080826
v -0.030112 0.045944 -0.037594
v -0.038602 0.049578 -0.021296
v -0.006419 0.041309 -0.084640
v -0.008396 0.041218 -0.076737
v -0.021124 0.043180 -0.054374
v -0.014267 0.041272 -0.066350
v -0.018170 0.042077 -0.070668
v -0.019014 0.042437 -0.059653
v -0.026611 0.045155 -0.048103
v -0.033978 0.047767 -0.034421
v -0.014065 0.040923 -0.074253
v -0.026447 0.045982 -0.055645
v -0.022613 0.043963 -0.062294
v -0.013244 0.040885 -0.084576
v -0.016849 0.041391 -0.081115
v -0.022060 0.044370 -0.071489
v -0.013740 0.041137 -0.088672
v -0.020989 0.043966 -0.079933
v -0.019442 0.042868 -0.087147
v -0.019815 0.043651 -0.090534
v 0.101745 0.116166 -0.004757
v 0.098538 0.111963 0.001939
v 0.095768 0.115467 -0.002177
v 0.093025 0.109925 0.007037
v 0.104893 0.116431 -0.006185
v 0.101834 0.118844 -0.008320
v 0.096625 0.117931 -0.008834
v 0.083228 0.108880 0.013024
v 0.089162 0.108567 0.011125
v 0.086422 0.106144 0.015868
v 0.087372 0.111455 0.006761
v 0.080292 0.106318 0.019013
v 0.096922 0.119719 -0.011682
v 0.085729 0.113686 0.000266
v 0.077583 0.107956 0.016159
v 0.077467 0.102703 0.025134
v 0.072505 0.105275 0.022430
v 0.067523 0.101346 0.028939
v 0.074211 0.099538 0.029206
v 0.080609 0.110830 0.008035
v 0.085895 0.115419 -0.007870
v 0.064674 0.104232 0.022960
v 0.087985 0.118014 -0.017052
v 0.086190 0.116718 -0.015409
v 0.073076 0.108016 0.015002
v 0.077028 0.112353 -0.000852
v 0.072402 0.109438 0.008613
v 0.058054 0.100568 0.029055
v 0.060305 0.096250 0.034603
v 0.049791 0.094626 0.036003
v 0.058042 0.092490 0.037570
v 0.057581 0.105145 0.013315
v 0.069052 0.110562 -0.000296
v 0.047425 0.091159 0.039324
v 0.048046 0.097187 0.031901
v 0.075559 0.114446 -0.017019
v 0.052934 0.101776 0.023257
v 0.062602 0.108286 0.003583
v 0.068923 0.112112 -0.009695
v 0.043518 0.098045 0.026675
v 0.039843 0.087316 0.041889
v 0.042808 0.084390 0.044225
v 0.076842 0.115768 -0.023008
v 0.039171 0.091127 0.037492
v 0.038231 0.079713 0.046323
v 0.032735 0.085468 0.041130
v 0.033849 0.075340 0.048094
v 0.026962 0.078016 0.045254
v 0.040261 0.094952 0.031834
v 0.052698 0.104844 0.005753
v 0.042566 0.099353 0.019656
v 0.067066 0.112725 -0.021626
v 0.059991 0.109056 -0.005311
v 0.068126 0.113778 -0.027201
v 0.032510 0.091160 0.033782
v 0.028521 0.072427 0.049746
v 0.041981 0.100680 0.008784
v 0.050899 0.105784 -0.004222
v 0.059263 0.110353 -0.016599
v 0.033088 0.095111 0.024333
v 0.021816 0.068561 0.050015
v 0.017469 0.072918 0.046676
v 0.024131 0.086859 0.035146
v 0.020488 0.080428 0.041033
v 0.052955 0.107502 -0.010079
v 0.058486 0.111051 -0.027031
v 0.012831 0.069414 0.047225
v 0.019942 0.063452 0.050524
v 0.041455 0.102019 -0.001609
v 0.030793 0.096442 0.012054
v 0.021325 0.090450 0.025039
v 0.005963 0.066661 0.046473
v 0.012260 0.058059 0.051375
v 0.003786 0.061569 0.047811
v 0.008109 0.072774 0.044138
v 0.004314 0.057841 0.048895
v 0.024003 0.093440 0.016286
v 0.043040 0.104528 -0.014350
v 0.012004 0.081991 0.035161
v 0.007111 0.076776 0.040151
v 0.017862 0.087136 0.029819
v 0.047852 0.106997 -0.023878
v 0.029940 0.097821 -0.000173
v 0.056873 0.111219 -0.032502
v 0.048047 0.107142 -0.033743
v 0.035221 0.101059 -0.009535
v 0.001583 0.071023 0.043588
v 0.049886 0.108329 -0.036700
v 0.006502 0.085524 0.025702
v 0.013991 0.090708 0.014211
v -0.002444 0.073734 0.040731
v -0.003456 0.066724 0.043983
v 0.019291 0.093939 0.002690
v -0.003492 0.061349 0.045544
v 0.036480 0.102839 -0.019729
v 0.027887 0.098405 -0.008614
v 0.006549 0.088267 0.017669
v -0.001047 0.081432 0.030617
v 0.016763 0.092153 0.009573
v 0.040337 0.105008 -0.035268
v 0.032979 0.102922 -0.027342
v 0.025150 0.099502 -0.018191
v -0.006852 0.075851 0.037159
v 0.021897 0.096350 -0.007628
v -0.010313 0.070943 0.039780
v -0.012466 0.065806 0.040886
v 0.041202 0.105953 -0.041442
v -0.010861 0.061417 0.041959
v 0.007666 0.091406 0.003598
v 0.013885 0.094949 -0.009038
v 0.033664 0.104584 -0.037357
v 0.017058 0.096973 -0.014684
v -0.006095 0.086485 0.016737
v -0.017346 0.081272 0.023429
v 0.036744 0.105669 -0.043220
v 0.023567 0.102574 -0.029855
v 0.033273 0.106945 -0.046117
v -0.014352 0.077211 0.031785
v -0.001804 0.090790 0.004457
v -0.016964 0.073311 0.035132
v 0.028493 0.107664 -0.046522
v 0.005772 0.093829 -0.007334
v -0.023000 0.065114 0.035952
v 0.013553 0.100170 -0.023613
v -0.019061 0.070173 0.036118
v 0.022998 0.106779 -0.040802
v 0.017473 0.104893 -0.034522
v 0.006609 0.097395 -0.017307
v -0.014513 0.089467 0.006794
v -0.024595 0.075850 0.028857
v -0.019965 0.085186 0.014559
v 0.024964 0.110834 -0.051102
v -0.005463 0.095011 -0.008617
v -0.029094 0.071425 0.030660
v 0.019074 0.111216 -0.049497
v -0.033734 0.068009 0.029842
v -0.033101 0.062588 0.030470
v 0.011554 0.109784 -0.043252
v 0.004068 0.106479 -0.035135
v -0.014441 0.092915 -0.001028
v -0.000200 0.101434 -0.024901
v -0.007262 0.098865 -0.017938
v 0.019811 0.114111 -0.054076
v -0.032202 0.082499 0.014027
v -0.031170 0.078188 0.022797
v 0.011417 0.115128 -0.054252
v -0.038135 0.073341 0.023786
v -0.035241 0.075916 0.023548
v -0.029164 0.087290 0.006099
v -0.015907 0.097032 -0.011058
v -0.008689 0.104880 -0.030275
v 0.011974 0.117426 -0.058631
v -0.040546 0.068259 0.024570
v 0.001916 0.112641 -0.047072
v -0.022407 0.094569 -0.005874
v -0.038031 0.079096 0.016773
v -0.041699 0.064603 0.023960
v -0.015495 0.102039 -0.023242
v -0.027085 0.091828 -0.001775
v -0.025832 0.099357 -0.017630
v -0.043695 0.072672 0.019141
v 0.004176 0.118552 -0.060510
v -0.044764 0.076011 0.013970
v -0.013857 0.109106 -0.038820
v -0.005172 0.117740 -0.058082
v -0.038567 0.085365 0.003365
v -0.032506 0.089872 -0.000777
v -0.029779 0.095063 -0.009792
v -0.040517 0.081871 0.008780
v -0.018476 0.104776 -0.029329
v -0.034334 0.093295 -0.009215
v 0.003043 0.120612 -0.064194
v -0.045685 0.079266 0.006902
v -0.002520 0.120994 -0.065555
v -0.009399 0.115468 -0.052527
v -0.016557 0.112813 -0.048215
v -0.039864 0.089606 -0.006755
v -0.025622 0.103706 -0.028290
v -0.045246 0.082801 -0.000602
v -0.026103 0.105873 -0.034276
v -0.033812 0.097465 -0.017719
v -0.048949 0.075991 0.005774
v -0.006969 0.120018 -0.064109
v -0.005221 0.122901 -0.069388
v -0.032866 0.101077 -0.025710
v -0.023180 0.109759 -0.042889
v -0.044425 0.088546 -0.011153
v -0.014763 0.118198 -0.061592
v -0.040898 0.094053 -0.017418
v -0.008609 0.122235 -0.069731
v -0.039473 0.096759 -0.021679
v -0.019415 0.115966 -0.057980
v -0.039035 0.099401 -0.027380
v -0.030780 0.106943 -0.040078
v -0.014893 0.121223 -0.070492
v -0.037197 0.102897 -0.034741
v -0.024027 0.113006 -0.052651
v -0.030618 0.109642 -0.047768
v -0.013214 0.123613 -0.074246
v -0.046368 0.091129 -0.021254
v -0.026946 0.114114 -0.058779
v -0.043493 0.097324 -0.028486
v -0.020050 0.119126 -0.068841
v -0.046506 0.094418 -0.028600
v -0.023888 0.116769 -0.064456
v -0.036469 0.106360 -0.043761
v -0.044721 0.099188 -0.035671
v -0.018724 0.122529 -0.076988
v -0.032282 0.111012 -0.053862
v -0.042064 0.103169 -0.042078
v -0.022366 0.120013 -0.075075
v -0.035497 0.109010 -0.050659
v -0.040268 0.105938 -0.048750
v -0.029775 0.114679 -0.067218
v -0.034880 0.110784 -0.059024
v -0.026661 0.117035 -0.072386
v -0.024473 0.119743 -0.080362
v -0.045826 0.099977 -0.041886
v -0.026332 0.117395 -0.077794
vn 0.9802 0.1858 0.0689
vn 0.9197 0.2431 -0.3082
vn 0.4547 0.3379 -0.8241
vn 0.9924 -0.1140 0.0466
vn 0.9471 -0.1656 -0.2750
vn 0.4635 0.3672 -0.8064
vn 0.4664 0.3628 -0.8068
vn 0.9844 0.1430 -0.1023
vn 0.4550 0.3262 -0.8286
vn 0.9938 -0.0395 -0.1039
vn 0.5840 0.0534 -0.8100
vn 0.9845 0.1331 0.1142
vn 0.9434 -0.1147 -0.3111
vn 0.5160 0.0179 -0.8564
vn 0.8940 -0.2055 -0.3981
vn 0.5166 0.0111 -0.8562
vn 0.6725 0.7390 -0.0404
vn 0.8531 0.4450 0.2723
vn 0.7188 0.3320 -0.6108
vn 0.4498 0.3031 -0.8401
vn 0.5700 -0.0105 -0.8216
vn 0.4663 0.2869 -0.8368
vn 0.8094 0.3218 -0.4913
vn 0.5057 0.1883 -0.8419
vn 0.8290 -0.5152 -0.2176
vn 0.4895 0.3185 -0.8117
vn 0.8668 -0.1706 -0.4686
vn 0.5270 -0.0025 -0.8498
vn 0.4369 0.3656 -0.8219
vn 0.4908 0.8677 -0.0789
vn 0.4730 0.1973 -0.8587
vn 0.9276 0.2648 -0.2636
vn 0.4646 0.2505 -0.8494
vn 0.8474 0.1565 -0.5074
vn 0.4995 0.1453 -0.8540
vn 0.8615 0.0398 -0.5062
vn 0.4962 0.0539 -0.8665
vn 0.5237 0.0110 -0.8518
vn 0.8140 -0.0683 -0.5768
vn 0.5163 0.0379 -0.8556
vn 0.6512 -0.4160 -0.6347
vn 0.4620 0.3874 -0.7978
vn 0.4969 0.0196 -0.8676
vn 0.4968 0.1204 -0.8595
vn 0.4844 0.1810 -0.8559
vn 0.4852 0.3471 -0.8026
vn 0.5052 0.2042 -0.8385
vn 0.4275 0.3059 -0.8507
vn 0.4936 0.0188 -0.8695
vn 0.4968 0.0019 -0.8679
vn 0.4937 0.0213 -0.8694
vn 0.1996 0.9797 -0.0186
vn 0.4947 0.0438 -0.8680
vn 0.4545 0.2695 -0.8490
vn 0.5369 0.0500 -0.8422
vn 0.4706 0.0670 -0.8798
vn 0.4899 0.0141 -0.8716
vn 0.5118 0.1356 -0.8483
vn 0.4200 0.4896 -0.7642
vn 0.4265 0.2870 -0.8578
vn 0.5169 0.0295 -0.8555
vn 0.4771 0.3896 -0.7877
vn 0.2602 0.4975 -0.8275
vn 0.4493 0.0665 -0.8909
vn 0.4774 0.3398 -0.8103
vn -0.3926 0.1787 -0.9022
vn -0.3294 0.4327 -0.8392
vn 0.4748 0.5314 -0.7016
vn 0.1624 0.1095 -0.9806
vn -0.4874 0.0455 -0.8720
vn 0.3915 0.1617 -0.9058
vn -0.4488 -0.2989 -0.8421
vn 0.2625 0.2204 -0.9394
vn 0.3663 -0.1715 -0.9146
vn -0.5214 0.2136 -0.8262
vn 0.0817 0.9746 -0.2083
vn 0.0025 0.2154 -0.9765
vn -0.4171 0.3013 -0.8575
vn -0.4038 0.0082 -0.9148
vn 0.4609 0.6040 -0.6502
vn -0.3272 0.0541 -0.9434
vn 0.3861 -0.4682 -0.7948
vn 0.4342 -0.4867 -0.7580
vn -0.3177 0.1893 -0.9291
vn -0.2387 0.0655 -0.9689
vn -0.4719 0.0304 -0.8811
vn 0.4758 0.0814 -0.8758
vn 0.4813 0.3539 -0.8019
vn 0.5282 -0.0761 -0.8457
vn 0.5167 0.1044 -0.8498
vn 0.4957 0.1922 -0.8470
vn 0.2000 0.9735 -0.1110
vn 0.3499 0.7218 -0.5971
vn 0.4892 0.1011 -0.8663
vn 0.4728 0.4801 -0.7389
vn 0.5090 0.1406 -0.8492
vn 0.0584 0.9439 -0.3251
vn 0.4715 0.3832 -0.7942
vn 0.5146 -0.3086 -0.8000
vn 0.4782 0.3328 -0.8128
vn 0.3207 -0.4803 -0.8164
vn 0.3560 0.7875 -0.5032
vn 0.4669 0.0394 -0.8834
vn 0.1473 0.8561 -0.4954
vn 0.4493 0.4551 -0.7688
vn 0.3344 -0.2977 -0.8942
vn 0.4769 0.1661 -0.8631
vn 0.4165 -0.7071 -0.5714
vn 0.4688 0.3688 -0.8026
vn 0.4533 0.0780 -0.8879
vn 0.2660 0.9335 -0.2406
vn 0.4624 0.3118 -0.8301
vn 0.4578 -0.0139 -0.8889
vn 0.3265 0.4885 -0.8092
vn 0.3561 -0.8661 -0.3508
vn 0.2166 0.7222 -0.6569
vn 0.4699 0.3572 -0.8073
vn 0.3223 -0.3803 -0.8669
vn 0.4369 0.0959 -0.8944
vn 0.4085 0.6685 -0.6214
vn 0.5148 -0.5216 -0.6803
vn 0.4456 0.4430 -0.7780
vn -0.0190 0.9455 -0.3250
vn 0.4337 0.5334 -0.7262
vn 0.4487 0.0651 -0.8913
vn 0.4830 0.0295 -0.8751
vn 0.2072 0.9717 -0.1133
vn 0.5506 -0.2822 -0.7856
vn 0.4378 0.1635 -0.8841
vn -0.0748 0.9892 -0.1264
vn 0.4900 0.2078 -0.8466
vn 0.4611 0.4633 -0.7568
vn 0.4979 -0.0283 -0.8668
vn 0.4664 -0.7176 -0.5172
vn 0.3005 0.8930 -0.3351
vn 0.4577 0.5192 -0.7217
vn 0.3231 0.9179 -0.2305
vn 0.5093 0.1328 -0.8503
vn 0.1454 0.9739 -0.1741
vn 0.4156 -0.2560 -0.8728
vn 0.4698 0.4409 -0.7647
vn 0.5060 0.0680 -0.8599
vn 0.4990 0.0048 -0.8666
vn 0.4621 0.4879 -0.7405
vn 0.5897 0.7604 -0.2720
vn 0.5180 -0.2472 -0.8189
vn 0.4837 0.4242 -0.7656
vn 0.1955 -0.5332 -0.8231
vn 0.5321 0.0617 -0.8444
vn 0.1347 0.9514 -0.2770
vn 0.5184 0.0424 -0.8541
vn 0.5823 0.7338 -0.3499
vn 0.4746 0.4772 -0.7396
vn 0.5051 0.0377 -0.8622
vn 0.5621 -0.0569 -0.8251
vn 0.1711 -0.5772 -0.7985
vn 0.5152 0.0493 -0.8557
vn 0.5182 0.0380 -0.8544
vn 0.4912 0.3969 -0.7754
vn 0.1592 0.9181 -0.3629
vn 0.4850 0.4341 -0.7591
vn 0.5165 0.0910 -0.8514
vn 0.3098 -0.4983 -0.8098
vn 0.5479 0.7687 -0.3300
vn 0.5115 0.3543 -0.7829
vn 0.3476 0.7190 -0.6018
vn 0.5444 -0.4673 -0.6966
vn 0.5353 0.0575 -0.8427
vn 0.5256 0.1169 -0.8426
vn 0.5334 0.0789 -0.8422
vn 0.5431 0.3278 -0.7730
vn 0.5169 0.6241 -0.5860
vn 0.4815 0.4779 -0.7347
vn 0.3093 -0.5543 -0.7727
vn 0.4947 0.3979 -0.7726
vn 0.5353 0.0929 -0.8395
vn -0.0167 0.9839 -0.1779
vn 0.5602 -0.0680 -0.8255
vn 0.3716 0.8639 -0.3400
vn 0.4838 0.4010 -0.7779
vn 0.4138 0.5935 -0.6904
vn 0.4766 0.4373 -0.7626
vn 0.5265 0.0864 -0.8458
vn 0.0906 0.9554 -0.2812
vn 0.4761 -0.2534 -0.8421
vn 0.5375 0.0693 -0.8404
vn 0.4861 0.4121 -0.7706
vn 0.4348 0.5201 -0.7351
vn 0.5161 0.3876 -0.7638
vn 0.5061 0.3817 -0.7734
vn 0.4829 -0.3737 -0.7919
vn 0.4781 -0.3321 -0.8131
vn 0.3150 0.9161 -0.2478
vn 0.5292 0.0740 -0.8453
vn 0.5130 0.0639 -0.8560
vn 0.5380 0.4846 -0.6897
vn 0.5190 0.1780 -0.8360
vn 0.5066 0.4288 -0.7480
vn 0.9847 -0.0687 -0.1601
vn 0.5775 0.0040 -0.8164
vn 0.8795 -0.0177 -0.4757
vn 0.9911 0.1103 -0.0747
vn 0.5645 -0.0274 -0.8250
vn 0.4739 -0.1641 -0.8652
vn 0.9884 -0.1022 -0.1121
vn 0.5821 0.1292 -0.8028
vn 0.6833 0.6834 -0.2569
vn 0.1257 0.9858 -0.1117
vn 0.5127 -0.0269 -0.8582
vn 0.9448 0.2151 -0.2471
vn 0.5911 0.2619 -0.7629
vn 0.9600 -0.0407 -0.2770
vn 0.5254 0.0650 -0.8484
vn 0.4656 -0.7344 -0.4939
vn 0.6429 0.0864 -0.7611
vn 0.8488 0.1457 -0.5083
vn 0.5741 0.3287 -0.7499
vn 0.5303 0.0394 -0.8469
vn 0.5666 0.2150 -0.7954
vn 0.5052 0.3855 -0.7722
vn 0.5509 0.3441 -0.7604
vn 0.5595 0.3957 -0.7283
vn 0.9458 0.2926 -0.1407
vn 0.8222 0.2272 -0.5218
vn 0.5251 0.4083 -0.7467
vn 0.6920 -0.3615 -0.6249
vn 0.5607 0.3069 -0.7691
vn 0.5613 -0.0179 -0.8274
vn 0.5505 0.0021 -0.8348
vn 0.5109 0.4083 -0.7565
vn 0.8954 0.3988 -0.1978
vn 0.5545 0.0387 -0.8313
vn 0.3024 -0.3784 -0.8749
vn 0.5640 -0.0052 -0.8257
vn 0.9833 -0.0493 -0.1753
vn 0.5636 0.0128 -0.8260
vn 0.5395 0.4108 -0.7350
vn 0.5149 0.1905 -0.8358
vn 0.5694 0.0759 -0.8186
vn 0.5292 -0.0304 -0.8479
vn 0.5258 0.3835 -0.7593
vn 0.5141 0.0037 -0.8577
vn 0.5195 0.0017 -0.8544
vn 0.5217 0.3917 -0.7579
vn 0.4953 0.2238 -0.8394
vn 0.1274 0.9714 -0.2002
vn 0.0491 -0.6921 -0.7201
vn 0.5417 0.0709 -0.8376
vn 0.5440 -0.0335 -0.8384
vn 0.5505 -0.0272 -0.8344
vn 0.5491 -0.0096 -0.8357
vn 0.0078 -0.4717 -0.8817
vn 0.5422 0.2976 -0.7858
vn 0.5326 -0.0160 -0.8462
vn 0.5170 0.1886 -0.8349
vn 0.5142 0.3984 -0.7595
vn 0.0515 0.9705 -0.2356
vn -0.0444 0.1170 -0.9921
vn 0.5481 0.0502 -0.8349
vn 0.3609 0.4021 -0.8415
vn -0.0808 0.3491 -0.9336
vn 0.1415 0.0250 -0.9896
vn -0.2633 -0.0406 -0.9639
vn 0.5089 0.3850 -0.7700
vn -0.3352 0.4512 -0.8271
vn -0.1968 -0.1511 -0.9687
vn -0.2532 0.5210 -0.8151
vn -0.2921 -0.2096 -0.9331
vn 0.5385 0.0860 -0.8382
vn 0.1567 -0.0341 -0.9871
vn -0.0551 0.1656 -0.9847
vn 0.0698 0.4624 -0.8839
vn 0.2484 0.3937 -0.8851
vn -0.2663 -0.1391 -0.9538
vn -0.2615 0.0049 -0.9652
vn -0.3488 0.8349 -0.4258
vn -0.3699 0.2291 -0.9004
vn -0.4406 0.1846 -0.8785
vn -0.3416 0.4826 -0.8065
vn -0.6750 0.4231 -0.6045
vn -0.7721 -0.0258 -0.6349
vn 0.5114 0.1063 -0.8527
vn -0.5970 0.2167 -0.7724
vn -0.4193 -0.2167 -0.8816
vn -0.5472 -0.0251 -0.8366
vn -0.7909 0.0671 -0.6082
vn -0.3931 0.7811 -0.4851
vn -0.7838 0.1014 -0.6126
vn -0.6195 -0.3418 -0.7067
vn -0.7729 0.3125 -0.5523
vn -0.8213 -0.0980 -0.5621
vn -0.7832 0.2525 -0.5681
vn -0.8236 0.0454 -0.5654
vn -0.8701 -0.0637 -0.4888
vn -0.4554 -0.5811 -0.6745
vn 0.2347 0.0986 -0.9670
vn -0.8196 0.2935 -0.4921
vn -0.8031 0.1049 -0.5865
vn -0.8278 -0.0552 -0.5583
vn -0.8661 0.1392 -0.4801
vn -0.8173 -0.0841 -0.5700
vn -0.8604 0.1523 -0.4862
vn -0.7016 0.4494 -0.5530
vn 0.4743 -0.1597 -0.8658
vn -0.7179 0.4786 -0.5055
vn -0.8627 0.0155 -0.5055
vn -0.6941 0.5384 -0.4780
vn -0.8348 -0.1224 -0.5368
vn -0.8510 -0.1005 -0.5155
vn -0.8172 -0.1879 -0.5448
vn -0.8417 -0.1647 -0.5142
vn -0.4466 0.2842 -0.8484
vn 0.3807 0.4996 -0.7781
vn -0.8141 0.3246 -0.4816
vn -0.3346 0.8537 -0.3990
vn -0.6152 -0.3816 -0.6899
vn -0.8304 0.3168 -0.4584
vn -0.4433 0.7968 -0.4105
vn -0.4860 0.7208 -0.4941
vn -0.6936 0.4701 -0.5458
vn -0.7100 -0.0031 -0.7041
vn 0.3746 0.2536 -0.8918
vn -0.8111 -0.1841 -0.5551
vn -0.7883 0.3251 -0.5224
vn -0.4697 0.0245 -0.8825
vn -0.8323 0.2408 -0.4992
vn -0.7803 -0.0126 -0.6253
vn -0.8247 -0.1185 -0.5531
vn -0.3601 0.8617 -0.3576
vn -0.5914 0.6904 -0.4167
vn -0.5234 0.5545 -0.6470
vn -0.7094 0.2477 -0.6598
vn -0.7708 -0.1186 -0.6259
vn -0.3494 -0.6846 -0.6398
vn -0.8310 -0.1905 -0.5227
vn -0.8547 -0.1678 -0.4912
vn -0.7326 0.5137 -0.4465
vn -0.8454 0.2989 -0.4427
vn -0.7816 0.0850 -0.6179
vn -0.6296 -0.3691 -0.6836
vn -0.4463 0.8138 -0.3722
vn -0.8125 -0.0862 -0.5766
vn -0.8342 -0.1115 -0.5402
vn -0.8139 0.2505 -0.5243
vn -0.8205 -0.2014 -0.5350
vn -0.8396 -0.2358 -0.4893
vn -0.8398 -0.0890 -0.5356
vn -0.3718 0.7871 -0.4922
vn -0.4026 0.5235 -0.7509
vn -0.8090 0.3102 -0.4992
vn -0.8380 -0.1332 -0.5292
vn -0.8282 0.0022 -0.5604
vn -0.1004 -0.8452 -0.5249
vn -0.3268 -0.7277 -0.6030
vn -0.8194 -0.0773 -0.5680
vn -0.8604 0.2982 -0.4133
vn -0.8057 -0.1661 -0.5685
vn -0.7188 -0.0927 -0.6890
vn 0.0057 0.2154 -0.9765
vn -0.5792 0.0027 -0.8152
vn -0.1719 0.9532 -0.2487
vn -0.3012 0.8941 -0.3314
vn -0.8559 0.2431 -0.4565
vn -0.8487 0.2504 -0.4658
vn -0.8127 -0.0911 -0.5756
vn -0.8176 0.1804 -0.5468
vn -0.7853 0.1645 -0.5969
vn -0.8333 -0.1101 -0.5417
vn -0.2601 0.7609 -0.5944
vn -0.6728 0.0497 -0.7381
vn -0.3109 0.1958 -0.9301
vn -0.8213 0.1903 -0.5378
vn -0.8327 -0.0542 -0.5511
vn -0.3935 0.0545 -0.9177
vn -0.7191 0.0794 -0.6903
vn -0.7996 -0.1878 -0.5704
vn -0.4326 0.4429 -0.7853
vn -0.5219 -0.4823 -0.7036
vn -0.8276 -0.1400 -0.5437
vn -0.7285 -0.0871 -0.6795
vn -0.8623 0.2169 -0.4576
vn -0.8788 0.2056 -0.4307
vn -0.8507 0.1508 -0.5035
vn -0.4002 -0.6974 -0.5945
vn -0.8930 0.1437 -0.4265
vn -0.8205 0.2567 -0.5108
vn -0.7835 0.1957 -0.5897
vn -0.6744 0.3295 -0.6607
vn -0.8518 -0.1299 -0.5075
vn -0.7702 0.1417 -0.6219
vn -0.7996 -0.1519 -0.5810
vn -0.2357 0.0652 -0.9697
vn -0.8309 0.1143 -0.5445
vn -0.8537 0.0237 -0.5202
vn -0.5658 0.2997 -0.7682
vn -0.3064 0.9002 -0.3095
vn -0.5802 -0.2172 -0.7850
vn -0.6522 0.0465 -0.7566
vn -0.8449 0.0429 -0.5332
vn -0.8389 -0.0337 -0.5433
vn -0.7280 0.1155 -0.6758
vn -0.7867 -0.1348 -0.6024
vn -0.8517 0.1273 -0.5084
vn -0.8110 -0.2009 -0.5495
vn -0.7920 -0.2210 -0.5691
vn -0.8765 0.0717 -0.4761
vn -0.3347 -0.7544 -0.5646
vn -0.8439 0.2125 -0.4926
vn -0.8050 0.2459 -0.5399
vn -0.7437 0.4490 -0.4953
vn -0.7125 0.0269 -0.7011
vn -0.7641 0.1119 -0.6353
vn -0.8091 -0.0852 -0.5814
vn -0.1705 0.9593 -0.2249
vn -0.7560 0.1643 -0.6337
vn -0.7360 0.4608 -0.4959
vn -0.8276 -0.1905 -0.5280
vn -0.8881 0.3110 -0.3386
vn -0.5422 0.1098 -0.8330
vn -0.6050 -0.0650 -0.7936
vn -0.7432 0.0098 -0.6690
vn -0.3036 0.6141 -0.7286
vn -0.6266 0.0174 -0.7791
vn -0.8322 0.2187 -0.5095
vn -0.1848 0.8851 -0.4272
vn -0.8891 -0.0112 -0.4577
vn -0.2974 0.6450 -0.7039
vn -0.6331 -0.1223 -0.7644
vn -0.8716 0.2250 -0.4356
vn -0.2419 0.7876 -0.5667
vn -0.5286 0.0203 -0.8486
vn -0.3557 -0.4891 -0.7964
vn -0.4755 -0.1795 -0.8612
vn -0.4775 -0.1027 -0.8726
vn -0.5223 -0.1687 -0.8359
vn -0.1930 -0.8334 -0.5179
vn -0.3270 0.4555 -0.8280
vn -0.2107 0.8487 -0.4850
vn -0.3385 0.3150 -0.8867
vn -0.1974 -0.7551 -0.6252
vn -0.2721 -0.4276 -0.8621
vn -0.1708 0.6715 -0.7210
vn -0.2040 0.6833 -0.7011
vn -0.4594 -0.2132 -0.8622
vn -0.1808 0.7228 -0.6670
vn -0.4739 -0.1426 -0.8690
vn -0.2635 0.5986 -0.7565
vn -0.3447 -0.2794 -0.8961
vn -0.4101 -0.1703 -0.8960
vn -0.3403 0.0171 -0.9402
vn -0.4481 -0.1879 -0.8740
vn -0.4888 -0.2364 -0.8398
vn 0.0030 -0.7984 -0.6021
vn -0.2725 -0.1413 -0.9517
vn -0.2299 0.8866 -0.4013
vn -0.0847 0.9675 -0.2384
vn -0.2123 0.8032 -0.5566
vn -0.1853 0.7999 -0.5708
vn -0.4085 -0.2524 -0.8771
vn -0.1146 0.8897 -0.4420
vn -0.1800 0.8509 -0.4935
vn -0.2808 -0.3463 -0.8951
vn -0.1149 -0.5428 -0.8319
vn -0.3440 -0.2266 -0.9112
vn -0.1909 0.7097 -0.6781
vn 0.0008 -0.7132 -0.7010
vn -0.2978 -0.2231 -0.9282
vn -0.2720 0.1176 -0.9551
vn -0.1384 -0.4544 -0.8800
vn -0.3225 0.5733 -0.7532
vn -0.2477 0.7256 -0.6420
vn -0.2618 -0.2222 -0.9392
vn -0.3040 0.3555 -0.8838
vn -0.1792 -0.3265 -0.9280
vn -0.1215 0.9267 -0.3558
vn -0.1635 0.8079 -0.5661
vn -0.2306 -0.1234 -0.9652
vn -0.2932 0.6924 -0.6592
vn -0.2063 0.7433 -0.6363
vn -0.2398 0.1583 -0.9578
vn -0.2064 0.8031 -0.5590
vn -0.1955 0.0271 -0.9803
vn 0.0417 -0.6545 -0.7549
vn -0.1030 -0.3227 -0.9409
vn 0.0707 -0.5248 -0.8483
vn -0.2600 0.6610 -0.7039
vn -0.1861 0.4755 -0.8598
vn 0.1395 -0.5221 -0.8414
vn -0.0957 -0.1257 -0.9874
vn 0.0767 -0.5157 -0.8533
vn -0.0583 -0.3206 -0.9454
vn -0.1732 0.7981 -0.5771
vn -0.0204 -0.0793 -0.9966
vn -0.1542 -0.0102 -0.9880
vn -0.1421 0.7901 -0.5963
vn 0.1034 -0.1979 -0.9748
vn -0.0719 0.2592 -0.9632
vn -0.1815 0.7913 -0.5839
vn 0.0234 -0.1894 -0.9816
vn 0.1748 -0.5125 -0.8407
vn 0.1873 -0.3031 -0.9344
vn 0.0047 0.6962 -0.7178
vn 0.2317 -0.3101 -0.9220
vn -0.1144 0.7881 -0.6048
vn 0.0767 -0.1268 -0.9890
vn -0.1088 0.8528 -0.5107
vn 0.0878 0.4262 -0.9004
vn 0.3252 0.2063 -0.9229
vn 0.0742 0.8398 -0.5378
vn 0.2191 -0.2675 -0.9383
vn 0.2887 0.4918 -0.8215
vn 0.3514 0.0248 -0.9359
vn 0.4228 0.2601 -0.8681
vn 0.3779 -0.0574 -0.9241
vn 0.4956 0.1698 -0.8518
vn 0.7265 0.1119 -0.6780
vn 0.8719 -0.1133 -0.4764
vn 0.6291 -0.1995 -0.7513
vn 0.8552 0.2714 -0.4416
vn 0.6332 0.4302 -0.6435
vn 0.6976 -0.3894 -0.6014
vn 0.8344 0.4823 -0.2667
vn 0.6778 0.5675 -0.4675
vn 0.5075 0.7863 -0.3524
vn 0.6733 -0.5553 -0.4882
vn 0.6906 0.6988 -0.1864
vn 0.9614 0.1656 -0.2197
vn 0.9337 -0.1957 -0.2999
vn 0.4548 0.8675 -0.2018
vn 0.6495 0.7601 -0.0195
vn 0.8774 0.4753 -0.0648
vn 0.8234 -0.4821 -0.2992
vn 0.7876 0.6134 0.0586
vn 0.5807 0.8139 0.0160
vn 0.9664 0.2530 -0.0451
vn 0.9940 0.0127 -0.1082
vn 0.6090 -0.6968 -0.3789
vn 0.8172 -0.5402 -0.2011
vn 0.7179 0.6919 0.0767
vn 0.4867 0.8736 -0.0011
vn 0.6257 -0.7138 -0.3146
vn 0.5439 0.8372 0.0568
vn 0.9630 -0.2328 -0.1359
vn 0.8136 0.5735 0.0958
vn 0.9071 0.4129 0.0818
vn 0.4154 0.9092 0.0272
vn 0.6426 0.7575 0.1152
vn 0.6392 0.7471 0.1822
vn 0.3809 0.9238 0.0391
vn 0.3899 0.9188 0.0623
vn 0.5104 0.8568 0.0733
vn 0.6787 0.7173 0.1580
vn 0.8880 -0.4289 -0.1657
vn 0.9654 0.2468 0.0838
vn 0.7431 0.6602 0.1097
vn 0.9932 0.1159 0.0130
vn 0.8699 0.4691 0.1527
vn 0.6831 -0.6606 -0.3114
vn 0.9659 -0.2519 -0.0595
vn 0.5923 0.7920 0.1480
vn 0.9093 0.3915 0.1413
vn 0.9974 -0.0715 -0.0066
vn 0.9892 0.1071 0.1005
vn 0.8712 -0.4476 -0.2020
vn 0.8262 0.5286 0.1947
vn 0.9561 0.2600 0.1350
vn 0.7955 0.5598 0.2321
vn 0.5138 0.8565 0.0497
vn 0.9958 -0.0883 0.0239
vn 0.7607 0.5702 0.3103
vn 0.7429 -0.6124 -0.2703
vn 0.7558 0.6395 0.1409
vn 0.6432 0.7600 0.0931
vn 0.8206 0.4811 0.3086
vn 0.9452 0.2540 0.2052
vn 0.7691 0.5660 0.2968
vn 0.9839 0.1246 0.1279
vn 0.8892 0.3803 0.2545
vn 0.9216 0.3024 0.2432
vn 0.9800 -0.1902 -0.0590
vn 0.9082 0.2062 0.3641
vn 0.8599 0.2424 0.4492
vn 0.8493 0.3387 0.4048
vn 0.7834 -0.1074 0.6122
vn 0.9893 -0.0786 -0.1226
vn 0.8075 -0.0020 0.5899
vn 0.9055 0.3985 0.1458
vn 0.9512 -0.2946 -0.0912
vn 0.8873 -0.0120 -0.4610
vn 0.8495 -0.1921 0.4914
vn 0.6722 0.0961 0.7341
vn 0.8897 0.3197 0.3259
vn 0.7005 0.7127 0.0364
vn 0.9960 0.0291 0.0842
vn 0.7662 0.1274 0.6299
vn 0.9608 0.0733 0.2675
vn 0.8805 -0.2319 0.4135
vn 0.9918 -0.1143 -0.0570
vn 0.8843 0.0419 0.4650
vn 0.9346 0.1981 0.2954
vn 0.9911 0.1324 0.0168
vn 0.6294 0.2099 0.7482
vn 0.8348 -0.1300 0.5350
vn 0.9114 0.1803 0.3698
vn 0.7656 -0.5846 -0.2685
vn 0.6860 0.2409 0.6866
vn 0.7776 -0.1017 0.6205
vn 0.9095 -0.1083 0.4013
vn 0.8727 0.1774 0.4550
vn 0.9314 0.3569 0.0708
vn 0.8413 -0.0072 0.5405
vn 0.7103 0.0430 0.7026
vn 0.8423 0.1372 0.5213
vn 0.9643 0.1600 0.2111
vn 0.9582 0.2046 -0.2001
vn 0.9160 -0.2667 0.2998
vn 0.6005 0.1694 0.7814
vn 0.7901 -0.0301 0.6122
vn 0.8221 0.0405 0.5680
vn 0.9758 -0.0868 -0.2009
vn 0.7713 -0.0489 0.6346
vn 0.8730 0.4770 0.1019
vn 0.4418 0.8950 0.0623
vn 0.9000 0.1771 0.3983
vn 0.9317 0.2238 0.2861
vn 0.9949 -0.0542 0.0854
vn 0.9893 0.0491 0.1372
vn 0.9628 -0.1554 0.2212
vn 0.7896 0.0886 0.6072
vn 0.9417 -0.3294 -0.0685
vn 0.7506 0.4717 0.4627
vn 0.9500 -0.2549 0.1803
vn 0.5536 0.2554 0.7927
vn 0.8545 0.1467 0.4983
vn 0.8486 0.0421 0.5273
vn 0.5779 0.0600 -0.8139
vn 0.5232 0.3506 0.7768
vn 0.7192 0.1913 0.6679
vn 0.9885 0.0354 0.1473
vn 0.8711 0.2398 0.4285
vn 0.9749 0.1164 0.1898
vn 0.8437 0.1557 -0.5138
vn 0.5332 0.4770 0.6987
vn 0.5183 0.3347 0.7870
vn 0.6759 0.2583 0.6903
vn 0.9717 -0.1558 0.1775
vn 0.7817 0.2635 0.5653
vn 0.6719 0.6915 -0.2654
vn 0.9456 0.2935 -0.1407
vn 0.8830 0.4380 -0.1689
vn 0.6080 -0.7430 -0.2797
vn 0.8790 -0.4641 -0.1095
vn 0.9198 0.2236 0.3225
vn 0.6288 0.2708 0.7289
vn 0.8232 0.2324 -0.5180
vn 0.8444 0.2755 0.4594
vn 0.5954 0.3229 0.7357
vn 0.7043 0.3111 0.6381
vn 0.5411 0.3667 0.7568
vn 0.9580 0.1084 0.2656
vn 0.9857 -0.0402 0.1636
vn 0.8177 -0.5720 -0.0649
vn 0.5719 -0.8095 -0.1329
vn 0.5040 -0.8214 -0.2670
vn 0.7928 -0.6082 0.0392
vn 0.9720 -0.2047 0.1158
vn 0.6801 0.2734 0.6802
vn 0.8074 -0.5187 0.2812
vn 0.5581 -0.8288 -0.0414
vn 0.5489 -0.8329 -0.0699
vn 0.8133 0.2371 0.5313
vn 0.5429 0.2791 0.7921
vn 0.7413 0.2332 0.6293
vn 0.7998 0.2314 0.5539
vn 0.9192 0.1455 0.3660
vn 0.9473 -0.2572 0.1910
vn 0.7593 0.0227 0.6504
vn 0.7982 -0.5824 0.1538
vn 0.8652 -0.3543 0.3548
vn 0.5128 -0.8511 -0.1125
vn 0.8417 -0.3112 0.4413
vn 0.9181 0.0406 0.3942
vn 0.8345 -0.4505 0.3172
vn 0.8512 -0.4983 0.1646
vn 0.8042 0.1681 0.5701
vn 0.7140 0.1680 0.6797
vn 0.6633 -0.3417 -0.6658
vn 0.9918 -0.0967 -0.0834
vn 0.9064 -0.1980 0.3730
vn 0.8662 -0.1684 0.4705
vn 0.9657 -0.1991 0.1667
vn 0.9156 0.1681 0.3653
vn 0.9002 -0.1150 0.4201
vn 0.7448 0.2497 0.6188
vn 0.7564 -0.0156 0.6540
vn 0.8168 -0.2708 0.5095
vn 0.9208 -0.3443 0.1831
vn 0.5544 0.2595 0.7907
vn 0.6497 -0.1778 0.7392
vn 0.9791 -0.1973 0.0492
vn 0.9923 0.0337 0.1196
vn 0.9623 -0.2342 0.1381
vn 0.9317 -0.1792 0.3161
vn 0.7266 -0.1906 0.6601
vn 0.5078 0.4253 0.7492
vn 0.5401 -0.2544 0.8023
vn 0.9515 -0.3063 0.0271
vn 0.9111 -0.1132 0.3964
vn 0.8175 -0.2035 0.5388
vn 0.5957 -0.1699 0.7850
vn 0.9438 -0.0920 0.3175
vn 0.4842 0.0036 0.8749
vn 0.9919 -0.0218 0.1254
vn 0.6491 0.4619 0.6044
vn 0.9132 -0.1458 0.3805
vn 0.9433 0.3013 0.1390
vn 0.8289 -0.2393 0.5057
vn 0.7958 0.4713 0.3803
vn 0.6647 -0.2937 0.6869
vn 0.9853 -0.0060 0.1707
vn 0.5713 -0.2203 0.7906
vn 0.9995 0.0103 -0.0308
vn 0.9710 -0.0347 0.2366
vn 0.8414 -0.2368 0.4858
vn 0.8810 -0.2058 0.4261
vn 0.7112 -0.3211 0.6254
vn 0.9963 0.0662 0.0555
vn 0.9868 -0.1518 0.0569
vn 0.4750 -0.2196 0.8521
vn 0.9842 -0.1767 -0.0069
vn 0.8121 0.5388 0.2239
vn 0.9419 -0.1293 0.3100
vn 0.9067 -0.2891 0.3072
vn 0.4374 0.5523 0.7097
vn 0.6313 0.6447 0.4311
vn 0.9907 0.0266 0.1331
vn 0.9933 0.0815 0.0814
vn 0.9727 -0.1375 0.1872
vn 0.3572 -0.2174 0.9084
vn 0.3482 0.2508 0.9032
vn 0.6999 -0.2897 0.6529
vn 0.3073 -0.0785 0.9484
vn 0.8544 -0.3745 0.3603
vn 0.7778 -0.2644 0.5702
vn 0.3312 0.4192 0.8453
vn 0.3621 -0.3061 0.8804
vn 0.3544 -0.2409 0.9035
vn 0.9405 -0.3141 0.1294
vn 0.4697 0.6441 0.6037
vn 0.6694 -0.4991 0.5504
vn 0.4314 -0.3966 0.8103
vn 0.9976 0.0109 0.0688
vn 0.4755 -0.3961 0.7855
vn 0.4222 -0.4157 0.8056
vn 0.8722 -0.4678 0.1425
vn 0.9679 -0.2414 0.0692
vn 0.9888 0.0917 0.1179
vn 0.9547 0.2930 0.0514
vn 0.9864 -0.0471 0.1576
vn 0.6503 -0.6762 0.3463
vn 0.9965 0.0821 0.0172
vn 0.7383 -0.6490 0.1832
vn 0.2592 -0.4318 0.8639
vn 0.6644 0.6772 0.3162
vn 0.2511 -0.3986 0.8821
vn 0.3035 -0.2415 0.9217
vn 0.9836 -0.1467 0.1045
vn 0.4308 -0.7585 0.4890
vn 0.9890 0.0445 0.1409
vn 0.3803 -0.5913 0.7112
vn 0.2455 0.5785 0.7779
vn 0.2361 -0.5442 0.8051
vn 0.2354 -0.2156 0.9477
vn 0.9775 0.0344 0.2082
vn 0.2305 -0.2916 0.9283
vn 0.3000 0.7182 0.6279
vn 0.8513 0.4916 0.1834
vn 0.1314 0.2964 0.9460
vn 0.4335 0.7545 0.4928
vn 0.8213 -0.5667 0.0647
vn 0.9924 -0.1030 0.0674
vn 0.1447 0.0114 0.9894
vn 0.9664 0.0824 0.2434
vn 0.9721 -0.0459 0.2301
vn 0.9646 -0.0125 0.2633
vn 0.7431 -0.6683 0.0334
vn 0.2466 -0.7058 0.6641
vn 0.9823 -0.0997 0.1589
vn 0.9981 0.0225 0.0574
vn 0.9467 0.0347 0.3202
vn 0.5211 -0.8159 0.2507
vn 0.9866 -0.1238 0.1061
vn 0.9738 -0.1823 0.1363
vn 0.5965 -0.7994 0.0716
vn 0.1811 -0.2309 0.9560
vn 0.9587 -0.2029 0.1992
vn 0.9463 0.0900 0.3105
vn 0.9598 0.2599 0.1059
vn 0.8699 -0.4698 0.1502
vn 0.9519 -0.0476 0.3026
vn 0.9626 0.0141 0.2707
vn 0.9281 0.0665 0.3664
vn 0.1111 0.4915 0.8638
vn 0.9883 0.1226 0.0909
vn 0.3739 -0.8231 0.4275
vn 0.9433 -0.1091 0.3134
vn 0.9622 -0.0527 0.2673
vn 0.9382 0.0143 0.3459
vn 0.0873 -0.1744 0.9808
vn 0.9345 -0.0455 0.3531
vn 0.9294 -0.1577 0.3336
vn 0.9389 -0.0406 0.3418
vn 0.9091 -0.3163 0.2712
vn 0.9414 0.1100 0.3187
vn 0.9337 0.0704 0.3512
vn 0.7318 0.6197 0.2836
vn 0.6239 -0.7815 -0.0042
vn 0.4220 0.8114 0.4044
vn 0.5204 0.7675 0.3744
vn 0.9713 -0.0090 0.2378
vn 0.9474 -0.0790 0.3102
vn 0.9909 0.0284 0.1315
vn 0.9946 0.0584 0.0858
vn 0.8468 0.4092 0.3397
vn -0.0639 0.2814 0.9575
vn 0.9639 0.0342 0.2641
vn 0.9545 -0.0130 0.2979
vn 0.7616 -0.6446 0.0668
vn 0.4513 -0.8770 0.1651
vn 0.2116 -0.8111 0.5452
vn 0.9173 -0.2925 0.2700
vn 0.0898 -0.6697 0.7371
vn 0.1519 -0.3820 0.9116
vn 0.1314 -0.5040 0.8537
vn 0.9656 0.0093 0.2597
vn 0.9562 0.1201 0.2671
vn 0.1257 -0.2763 0.9528
vn 0.9592 -0.1411 0.2449
vn 0.1680 -0.4395 0.8824
vn -0.0011 0.0388 0.9992
vn 0.9706 0.0498 0.2353
vn 0.9720 0.1276 0.1973
vn 0.9551 0.0916 0.2817
vn 0.9666 0.1631 0.1979
vn 0.8345 -0.5134 0.2001
vn 0.9761 0.1301 0.1740
vn -0.0322 0.4184 0.9077
vn 0.9301 -0.3090 0.1985
vn 0.7435 -0.6642 0.0777
vn 0.9800 -0.0344 0.1962
vn 0.3065 -0.9046 0.2962
vn 0.9615 0.1925 0.1961
vn 0.4620 -0.8864 -0.0302
vn 0.8646 -0.4592 0.2040
vn 0.9040 0.1361 0.4054
vn 0.1157 -0.4623 0.8792
vn 0.9680 -0.1019 0.2295
vn 0.9353 -0.1307 0.3287
vn 0.7185 -0.6858 0.1159
vn 0.7443 0.4638 0.4806
vn 0.0554 -0.6031 0.7957
vn 0.9689 0.0284 0.2459
vn 0.7531 -0.6407 0.1492
vn 0.9749 -0.0949 0.2017
vn 0.6285 0.6562 0.4176
vn 0.9227 0.0325 0.3841
vn 0.9815 -0.0725 0.1771
vn 0.9629 0.0935 0.2532
vn 0.6326 -0.7744 0.0157
vn 0.9323 -0.2402 0.2704
vn 0.9240 -0.2742 0.2665
vn 0.9585 -0.1064 0.2645
vn 0.9243 -0.3041 0.2308
vn 0.7923 -0.5828 0.1807
vn 0.9671 0.1949 0.1635
vn 0.8128 0.3184 0.4878
vn 0.9849 0.0784 0.1543
vn 0.9708 0.1513 0.1861
vn 0.0714 -0.3840 0.9206
vn 0.9684 0.0728 0.2386
vn 0.9577 0.2037 0.2031
vn 0.0861 -0.4576 0.8850
vn 0.9642 0.1462 0.2210
vn 0.9428 -0.0502 0.3296
vn 0.0627 -0.1880 0.9802
vn 0.9712 0.1546 0.1813
vn 0.9046 0.0465 0.4236
vn 0.9342 -0.2939 0.2021
vn 0.6063 0.6013 0.5204
vn 0.4184 -0.9057 -0.0686
vn 0.5718 -0.8204 -0.0035
vn 0.9477 -0.2499 0.1985
vn 0.9427 -0.1040 0.3171
vn 0.0501 -0.2131 0.9758
vn 0.7849 0.3121 0.5354
vn 0.5690 0.6681 0.4794
vn 0.4004 -0.9106 -0.1023
vn 0.3427 -0.9320 -0.1180
vn 0.9717 0.1595 -0.1739
vn 0.9579 0.2509 0.1397
vn 0.9083 0.0429 0.4160
vn 0.8947 -0.3933 0.2117
vn 0.9794 -0.0366 0.1988
vn 0.9937 -0.1099 0.0226
vn 0.8738 0.2738 -0.4019
vn 0.4039 0.8044 0.4357
vn 0.9732 0.1805 0.1425
vn 0.5573 0.6365 0.5332
vn 0.6293 -0.7705 0.1018
vn 0.7494 0.4208 0.5111
vn 0.9278 -0.3476 0.1353
vn 0.9953 -0.0380 -0.0893
vn 0.9643 0.1430 0.2229
vn 0.9418 -0.1584 -0.2966
vn 0.0179 -0.7577 0.6523
vn 0.9200 -0.0954 -0.3802
vn 0.5160 0.6633 0.5420
vn 0.5554 -0.8304 0.0451
vn 0.7476 -0.6549 0.1105
vn 0.5669 0.3519 -0.7449
vn 0.8686 -0.1821 -0.4609
vn 0.9645 0.2433 0.1022
vn 0.9824 0.1075 0.1529
vn 0.9587 -0.2115 0.1900
vn 0.3625 0.3658 -0.8572
vn 0.0273 -0.8708 0.4909
vn 0.9827 0.0205 0.1843
vn 0.4237 0.7844 0.4530
vn 0.7873 0.4645 0.4055
vn 0.7235 0.3173 -0.6131
vn 0.0147 -0.2725 0.9620
vn 0.8147 -0.5374 -0.2178
vn 0.9905 0.1250 0.0572
vn 0.4937 0.7393 0.4580
vn 0.5967 -0.8002 0.0603
vn 0.4127 0.7761 0.4768
vn 0.8322 -0.1453 -0.5351
vn 0.1005 -0.9504 0.2942
vn 0.6420 0.7665 -0.0188
vn 0.9549 -0.2722 0.1188
vn 0.9901 -0.0815 0.1147
vn 0.3675 0.8074 0.4616
vn 0.3934 -0.9192 -0.0199
vn 0.3111 -0.9467 -0.0838
vn 0.9016 0.2474 -0.3548
vn 0.4243 0.7525 0.5036
vn 0.7578 -0.0466 -0.6508
vn 0.5773 -0.8079 -0.1180
vn 0.7723 0.1486 -0.6177
vn 0.3125 -0.9476 -0.0659
vn 0.7942 0.0684 -0.6038
vn 0.3297 0.8338 0.4428
vn 0.3699 -0.9282 -0.0411
vn 0.5994 -0.4681 -0.6493
vn 0.2456 0.8298 0.5011
vn 0.3215 0.7074 0.6295
vn 0.4491 0.7407 0.4997
vn 0.1440 0.7094 0.6900
vn 0.2754 0.5699 0.7742
vn 0.0794 0.6512 0.7547
vn 0.4397 0.8017 0.4049
vn 0.1271 0.5106 0.8504
vn 0.1628 0.8045 0.5712
vn 0.0142 0.5423 0.8400
vn -0.0054 0.4302 0.9027
vn 0.2754 0.8502 0.4487
vn 0.5244 0.7648 0.3743
vn 0.0557 0.7740 0.6307
vn 0.4173 0.7968 0.4370
vn 0.1270 0.8638 0.4875
vn 0.1283 0.8767 0.4635
vn -0.0860 0.5359 0.8399
vn 0.0771 0.8446 0.5299
vn -0.0429 0.6324 0.7735
vn 0.4491 0.7704 0.4526
vn 0.2694 0.8622 0.4290
vn 0.2403 0.8604 0.4494
vn 0.4962 0.7352 0.4618
vn 0.2484 0.8923 0.3769
vn 0.4331 0.7606 0.4837
vn 0.6472 0.7623 -0.0067
vn 0.5052 0.6798 0.5317
vn 0.3259 0.8322 0.4486
vn 0.5416 0.6526 0.5298
vn -0.1146 0.4215 0.8995
vn 0.3627 0.8154 0.4511
vn 0.1259 0.8771 0.4635
vn -0.0173 0.7244 0.6892
vn 0.4838 0.8716 -0.0794
vn 0.2377 0.8732 0.4255
vn 0.4521 0.7338 0.5070
vn 0.4013 0.7846 0.4726
vn 0.1830 0.9012 0.3929
vn 0.0454 0.8307 0.5549
vn 0.0898 0.8758 0.4743
vn -0.1319 0.6204 0.7731
vn 0.1286 0.9447 0.3018
vn 0.1292 0.9339 0.3333
vn 0.1479 0.9223 0.3571
vn 0.0841 0.9052 0.4165
vn 0.0919 0.9158 0.3911
vn 0.1181 0.9455 0.3035
vn -0.1679 0.5394 0.8251
vn 0.0628 0.9085 0.4132
vn 0.0060 0.9787 0.2050
vn 0.2095 0.9772 -0.0331
vn 0.0203 0.9627 0.2697
vn 0.1137 0.9337 0.3394
vn 0.0612 0.8885 0.4548
vn -0.0530 0.7260 0.6857
vn 0.0119 0.9294 0.3688
vn 0.0685 0.9257 0.3721
vn 0.0513 0.9430 0.3290
vn -0.0413 0.8101 0.5849
vn -0.0070 0.9695 0.2449
vn -0.0099 0.9686 0.2483
vn -0.1699 0.6111 0.7731
vn -0.0332 0.9454 0.3241
vn -0.1328 0.6972 0.7045
vn -0.1859 0.5482 0.8154
vn 0.4493 0.5753 -0.6835
vn -0.0543 0.9682 0.2442
vn 0.0251 0.9305 0.3653
vn -0.0750 0.9778 0.1959
vn -0.0377 0.9850 0.1684
vn -0.0566 0.9807 0.1871
vn 0.0074 0.9481 0.3179
vn -0.0152 0.8760 0.4820
vn -0.0660 0.9431 0.3260
vn -0.1590 0.6957 0.7005
vn -0.0459 0.9612 0.2722
vn -0.1094 0.7917 0.6010
vn -0.0689 0.9794 0.1897
vn -0.1332 0.9777 0.1623
vn 0.3459 0.7466 -0.5682
vn -0.1100 0.9601 0.2572
vn -0.1848 0.5557 0.8106
vn -0.2115 0.4927 0.8441
vn -0.1359 0.9794 0.1495
vn -0.1586 0.9804 0.1172
vn -0.1044 0.9595 0.2616
vn -0.1530 0.9775 0.1453
vn -0.0133 0.9733 0.2291
vn -0.1261 0.9761 0.1773
vn 0.0635 0.9441 -0.3235
vn -0.2113 0.9710 0.1120
vn -0.0245 0.9272 0.3737
vn -0.2081 0.9727 0.1025
vn -0.1623 0.6283 0.7608
vn -0.0416 0.9779 0.2048
vn -0.1095 0.7795 0.6168
vn 0.0010 0.9653 0.2612
vn -0.0763 0.8572 0.5094
vn -0.2236 0.9685 0.1098
vn -0.1358 0.5560 0.8200
vn -0.1770 0.9817 0.0703
vn -0.2077 0.4217 0.8826
vn -0.1540 0.4269 0.8911
vn -0.2134 0.9750 0.0622
vn -0.1140 0.9743 0.1941
vn -0.1200 0.6970 0.7069
vn -0.0916 0.6408 0.7622
vn 0.1522 0.8479 -0.5078
vn -0.2346 0.9693 0.0740
vn -0.1700 0.9835 0.0627
vn -0.2034 0.9786 0.0326
vn -0.2484 0.9650 0.0846
vn -0.0154 0.9546 0.2976
vn -0.1264 0.4931 0.8607
vn -0.0053 0.9872 0.1595
vn -0.0681 0.8633 0.5001
vn -0.0687 0.7656 0.6396
vn -0.2509 0.9655 0.0694
vn -0.0697 0.9948 0.0747
vn -0.0409 0.9160 0.3992
vn -0.0895 0.5894 0.8029
vn -0.0669 0.6942 0.7166
vn -0.0601 0.8387 0.5412
vn -0.2354 0.9690 0.0753
vn 0.3111 0.5288 -0.7897
vn -0.0036 0.9761 0.2171
vn -0.1564 0.9877 -0.0068
vn -0.1187 0.4873 0.8652
vn -0.2320 0.9706 0.0644
vn -0.0758 0.9969 -0.0201
vn -0.0226 0.9542 0.2982
vn -0.0169 0.9745 0.2238
vn -0.1856 0.9826 0.0064
vn -0.0951 0.9942 -0.0510
vn -0.2227 0.9738 0.0470
vn -0.0231 0.9953 0.0937
vn -0.0217 0.9472 0.3198
vn 0.2072 0.7388 -0.6413
vn -0.0332 0.8968 0.4412
vn -0.0573 0.6832 0.7279
vn -0.2324 0.9690 0.0839
vn -0.0403 0.9983 -0.0423
vn -0.0427 0.7481 0.6622
vn -0.1009 0.9926 -0.0681
vn -0.0216 0.9721 0.2337
vn -0.0281 0.9884 0.1495
vn -0.0332 0.8239 0.5657
vn -0.2315 0.9706 0.0652
vn -0.2052 0.9782 0.0329
vn -0.1372 0.4414 0.8868
vn -0.0253 0.9514 -0.3070
vn -0.2515 0.9641 0.0850
vn -0.1573 0.9876 0.0021
vn 0.0127 0.9735 0.2282
vn -0.1375 0.5260 0.8393
vn -0.2044 0.9783 0.0351
vn -0.0488 0.7301 0.6816
vn -0.0871 0.6394 0.7639
vn -0.0098 0.9470 0.3212
vn -0.0027 0.9974 0.0722
vn 0.0041 0.9985 -0.0539
vn -0.2590 0.9580 0.1228
vn -0.0288 0.8897 0.4557
vn -0.0024 0.9934 -0.1143
vn -0.2584 0.9649 0.0467
vn -0.0481 0.8041 0.5925
vn 0.0222 0.9883 0.1508
vn -0.0626 0.9861 -0.1542
vn -0.2709 0.9596 0.0754
vn -0.0773 0.9960 -0.0450
vn -0.0901 0.7362 0.6707
vn -0.2110 0.9774 0.0080
vn -0.1719 0.5928 0.7868
vn -0.0760 0.8520 0.5180
vn 0.0795 0.9947 0.0657
vn -0.1988 0.6682 0.7169
vn -0.1284 0.9917 0.0090
vn 0.1505 0.9858 -0.0751
vn -0.0673 0.9226 0.3799
vn -0.1327 0.7975 0.5885
vn 0.1853 0.9827 0.0015
vn -0.2837 0.4913 0.8235
vn -0.1460 0.9886 0.0368
vn -0.1331 0.9462 0.2951
vn -0.2781 0.9339 0.2248
vn 0.1041 0.9929 0.0569
vn -0.1771 0.8549 0.4876
vn 0.1117 0.9915 -0.0665
vn 0.2905 0.9568 0.0134
vn -0.1760 0.9760 0.1279
vn 0.2538 0.9665 -0.0390
vn 0.1027 0.9845 0.1425
vn 0.1632 0.9816 0.0987
vn 0.0489 0.9783 0.2011
vn -0.2385 0.7772 0.5823
vn 0.2256 0.9269 0.2998
vn 0.1382 0.9785 0.1528
vn -0.3106 0.6351 0.7072
vn 0.3841 0.8473 -0.3668
vn 0.2293 0.8428 0.4869
vn 0.1462 0.8741 0.4631
vn 0.5811 0.7655 -0.2763
vn 0.3440 0.9325 0.1102
vn 0.1250 0.9853 0.1165
vn 0.0033 0.9690 0.2470
vn 0.2055 0.9707 0.1246
vn -0.0759 0.9495 0.3045
vn 0.3055 0.9322 0.1940
vn 0.3918 0.8455 0.3628
vn 0.4062 0.8524 0.3294
vn 0.3502 0.8946 0.2775
vn 0.0962 0.9784 0.1833
vn 0.3533 0.8147 0.4599
vn -0.3552 0.7350 0.5776
vn -0.2620 0.8377 0.4792
vn 0.3940 0.8500 0.3497
vn -0.1892 0.9017 0.3887
vn 0.3206 0.8295 0.4573
vn 0.3954 0.9053 0.1553
vn 0.3415 0.9267 0.1572
vn 0.2863 0.8642 0.4138
vn 0.3800 0.8710 0.3114
vn 0.4129 0.8289 0.3774
vn 0.4118 0.8713 0.2670
vn 0.5672 0.7652 -0.3045
vn 0.3428 0.8577 0.3831
vn -0.0081 0.9719 0.2352
vn -0.4620 0.5967 0.6561
vn -0.0775 0.9602 0.2685
vn 0.2630 0.8926 0.3662
vn 0.3519 0.8916 0.2849
vn 0.4323 0.8657 0.2525
vn 0.4235 0.8746 0.2359
vn -0.1783 0.9228 0.3416
vn 0.3668 0.8579 0.3598
vn 0.0985 0.9609 0.2587
vn -0.4734 0.6905 0.5470
vn 0.1933 0.9268 0.3219
vn 0.3593 0.8943 0.2668
vn -0.0907 0.9449 0.3146
vn 0.2110 0.9215 0.3261
vn -0.2815 0.8701 0.4047
vn -0.3904 0.7862 0.4791
vn -0.6213 0.5610 0.5471
vn 0.2659 0.9180 0.2941
vn 0.3796 0.9035 0.1990
vn 0.5398 0.7828 -0.3097
vn 0.0376 0.9685 0.2463
vn -0.0187 0.9560 0.2929
vn 0.2060 0.9416 0.2664
vn 0.1357 0.9459 0.2949
vn 0.1604 0.9374 0.3091
vn -0.3158 0.8604 0.3999
vn 0.1847 0.9571 0.2234
vn -0.5431 0.6772 0.4964
vn -0.4067 0.8048 0.4323
vn 0.2640 0.9519 0.1555
vn 0.3590 0.9194 0.1609
vn -0.2209 0.9016 0.3719
vn 0.1371 0.9589 0.2485
vn 0.2288 0.9289 0.2912
vn 0.5103 0.6510 -0.5620
vn 0.2870 0.9575 0.0292
vn 0.0890 0.9288 0.3597
vn 0.0908 0.9604 0.2633
vn -0.6530 0.5267 0.5442
vn 0.0055 0.9460 0.3240
vn 0.1473 0.9778 0.1492
vn 0.0496 0.9211 0.3862
vn -0.0483 0.9442 0.3258
vn 0.0908 0.9715 0.2189
vn 0.1809 0.9831 0.0275
vn 0.0600 0.9706 0.2332
vn 0.2002 0.9789 0.0417
vn -0.4408 0.7669 0.4665
vn 0.0743 0.9933 0.0884
vn 0.1399 0.9897 -0.0315
vn -0.1344 0.9141 0.3827
vn -0.3328 0.8319 0.4441
vn 0.0311 0.9784 0.2042
vn -0.5795 0.6196 0.5294
vn 0.0695 0.9837 0.1656
vn 0.0086 0.9232 0.3842
vn 0.0822 0.9920 0.0959
vn -0.2252 0.8858 0.4058
vn 0.3343 0.8909 -0.3074
vn 0.0329 0.9744 0.2223
vn 0.0156 0.9450 0.3268
vn -0.0318 0.9851 0.1691
vn -0.3981 0.7697 0.4992
vn -0.0017 0.9734 0.2292
vn -0.0290 0.9791 0.2012
vn -0.3196 0.8251 0.4660
vn 0.1017 0.9948 0.0025
vn -0.0277 0.9294 0.3682
vn 0.0061 0.9927 0.1204
vn 0.0287 0.9982 0.0532
vn -0.0073 0.9211 0.3892
vn -0.2590 0.8490 0.4605
vn 0.0946 0.9946 -0.0428
vn 0.0622 0.9894 0.1312
vn 0.0279 0.9862 0.1629
vn 0.5086 0.4783 -0.7160
vn -0.0906 0.9153 0.3924
vn 0.0011 0.9498 0.3129
vn -0.5001 0.6682 0.5508
vn 0.0178 0.9997 -0.0178
vn -0.2136 0.8713 0.4419
vn -0.0492 0.9746 0.2184
vn -0.3417 0.7944 0.5022
vn -0.0473 0.9157 0.3990
vn -0.5702 0.5578 0.6031
vn -0.0710 0.9948 0.0728
vn -0.1464 0.8971 0.4168
vn -0.1094 0.9750 0.1934
vn -0.1086 0.9839 0.1418
vn -0.3087 0.8042 0.5079
vn 0.0077 0.9903 -0.1389
vn 0.0248 0.9725 0.2317
vn -0.1217 0.9672 0.2229
vn -0.0643 0.9730 0.2215
vn -0.5039 0.5990 0.6223
vn 0.1695 0.9756 -0.1398
vn -0.4030 0.7207 0.5640
vn -0.0644 0.9936 -0.0924
vn -0.0798 0.9222 0.3785
vn -0.2040 0.8841 0.4205
vn -0.1099 0.9937 -0.0209
vn 0.0306 0.9787 -0.2030
vn 0.0744 0.9968 -0.0281
vn -0.1716 0.9780 0.1190
vn -0.2699 0.8488 0.4546
vn -0.0697 0.9762 -0.2056
vn -0.1602 0.9631 0.2161
vn -0.1742 0.9675 0.1834
vn -0.1877 0.9814 0.0394
vn -0.2042 0.8836 0.4213
vn -0.1666 0.9797 -0.1113
vn -0.0820 0.9586 0.2726
vn -0.1314 0.9663 0.2214
vn 0.0357 0.9965 0.0751
vn -0.0638 0.9390 -0.3381
vn -0.3243 0.7912 0.5186
vn -0.2259 0.9605 0.1626
vn -0.1926 0.8996 0.3920
vn 0.0465 0.9864 -0.1574
vn -0.4611 0.6236 0.6313
vn -0.2207 0.9457 0.2385
vn -0.4000 0.7029 0.5882
vn -0.1763 0.9586 0.2238
vn -0.1757 0.9572 0.2299
vn -0.2915 0.8740 0.3887
vn -0.2150 0.9766 0.0058
vn -0.1482 0.9596 -0.2390
vn 0.1546 0.9575 -0.2436
vn -0.0299 0.9384 -0.3444
vn -0.0354 0.9989 -0.0310
vn -0.3199 0.8678 0.3803
vn -0.5232 0.5242 0.6719
vn -0.2469 0.9093 0.3349
vn -0.1955 0.9748 -0.1079
vn -0.2981 0.8682 0.3966
vn -0.2254 0.9663 0.1240
vn -0.4257 0.6886 0.5870
vn -0.1618 0.9648 0.2071
vn -0.2290 0.9533 0.1969
vn -0.3781 0.7889 0.4845
vn -0.2347 0.9448 0.2286
vn -0.1143 0.9175 -0.3811
vn -0.0765 0.8932 -0.4431
vn -0.0936 0.9667 -0.2381
vn -0.4975 0.5944 0.6318
vn -0.2145 0.9519 0.2190
vn -0.3529 0.8871 0.2976
vn 0.0453 0.9710 -0.2346
vn -0.3492 0.8932 0.2832
vn -0.1985 0.9597 0.1990
vn -0.2241 0.9731 0.0526
vn -0.2402 0.9382 0.2493
vn -0.1154 0.9272 -0.3564
vn -0.3058 0.9520 0.0155
vn -0.1775 0.9564 -0.2318
vn -0.2297 0.9591 0.1653
vn -0.2545 0.9512 0.1746
vn -0.3803 0.8411 0.3845
vn -0.4768 0.7155 0.5106
vn -0.2853 0.9582 0.0219
vn -0.3837 0.9072 0.1722
vn -0.2438 0.9650 -0.0966
vn -0.1872 0.9099 -0.3703
vn -0.2985 0.8778 -0.3746
vn -0.2228 0.9213 -0.3186
vn -0.3260 0.9371 0.1245
vn -0.3504 0.9321 0.0917
vn -0.3142 0.9252 0.2129
vn -0.5699 0.5660 0.5956
vn -0.4386 0.8825 -0.1698
vn -0.4997 0.7806 0.3755
vn -0.3487 0.9178 0.1898
vn -0.3849 0.9226 -0.0278
vn -0.4183 0.8921 -0.1709
vn -0.4029 0.9057 0.1320
vn -0.3408 0.9309 -0.1317
vn -0.4367 0.8587 0.2681
vn -0.4570 0.8840 0.0986
vn -0.4995 0.8639 0.0654
vn -0.4698 0.8677 -0.1622
vn -0.3880 0.8632 -0.3231
vn -0.5620 0.7665 -0.3108
vn -0.6030 0.6903 0.3998
vn -0.4745 0.8588 0.1929
vn -0.5718 0.8194 -0.0401
vn -0.6692 0.6030 0.4343
vn -0.6425 0.7201 -0.2619
vn -0.6039 0.7557 0.2535
vn -0.3785 0.8870 -0.2645
vn -0.4883 0.8727 -0.0027
vn -0.6187 0.7772 0.1151
vn -0.7156 0.6455 0.2669
vn -0.6888 0.7085 0.1536
vn -0.5875 0.8090 -0.0161
vn 0.0267 -0.5417 0.8402
vn 0.1452 -0.4937 0.8574
vn 0.1165 -0.4614 0.8795
vn 0.1032 -0.1666 0.9806
vn 0.0229 0.0098 0.9997
vn -0.0439 -0.0493 0.9978
vn 0.0768 -0.5957 0.7996
vn 0.0589 -0.1778 0.9823
vn 0.0495 -0.4931 0.8686
vn -0.1054 0.1621 0.9811
vn -0.0233 0.2702 0.9625
vn 0.0945 -0.4567 0.8846
vn -0.0164 -0.1506 0.9885
vn 0.0626 -0.2156 0.9745
vn -0.1135 0.3991 0.9099
vn 0.0013 0.4085 0.9128
vn 0.1120 -0.6644 0.7390
vn -0.0557 -0.6363 0.7694
vn 0.0782 -0.3932 0.9161
vn -0.0047 -0.4783 0.8782
vn -0.0185 -0.5680 0.8229
vn 0.0328 -0.2682 0.9628
vn -0.0154 -0.3794 0.9251
vn -0.0958 -0.1865 0.9778
vn -0.1020 -0.0718 0.9922
vn -0.1446 0.3023 0.9422
vn -0.0811 -0.6831 0.7258
vn -0.0935 -0.2877 0.9532
vn 0.0635 -0.7476 0.6611
vn -0.1433 0.1187 0.9825
vn -0.1050 -0.4268 0.8982
vn 0.0795 -0.8605 0.5032
vn -0.1037 -0.7902 0.6041
vn -0.1416 -0.7423 0.6550
vn -0.1549 -0.0187 0.9878
vn -0.0738 -0.5469 0.8340
vn -0.0438 -0.9173 0.3957
vn -0.0675 -0.6249 0.7778
vn -0.2085 0.1806 0.9612
vn -0.1846 -0.8358 0.5170
vn -0.1211 -0.6973 0.7064
vn -0.1925 -0.1151 0.9745
vn -0.1925 -0.2140 0.9577
vn -0.1223 -0.6204 0.7747
vn -0.1709 0.5266 0.8328
vn -0.1966 0.4260 0.8831
vn -0.2313 0.0474 0.9717
vn -0.1927 -0.3181 0.9283
vn -0.2207 0.3189 0.9217
vn -0.1945 -0.8217 0.5357
vn -0.2655 -0.1671 0.9495
vn -0.2419 0.2636 0.9338
vn -0.1639 -0.5247 0.8353
vn -0.2303 -0.3866 0.8930
vn -0.2466 0.1584 0.9561
vn -0.2596 -0.0271 0.9653
vn -0.1800 -0.7793 0.6002
vn -0.2800 -0.2631 0.9233
vn -0.1898 -0.9203 0.3421
vn -0.2046 0.4142 0.8869
vn -0.1848 0.5389 0.8218
vn -0.2693 0.0901 0.9588
vn -0.1945 -0.6454 0.7386
vn -0.2056 0.4835 0.8508
vn -0.1908 -0.7531 0.6296
vn -0.2015 -0.8209 0.5344
vn -0.2513 -0.5247 0.8134
vn -0.2835 -0.2114 0.9354
vn -0.2826 -0.0548 0.9577
vn -0.2384 -0.6240 0.7442
vn -0.2868 -0.3716 0.8830
vn -0.2124 -0.8621 0.4600
vn -0.2137 0.2774 0.9367
vn -0.1819 -0.9300 0.3193
vn -0.2972 -0.2730 0.9150
vn -0.2798 -0.4718 0.8361
vn -0.2637 0.1569 0.9518
vn -0.2980 -0.3272 0.8967
vn -0.1887 -0.8398 0.5090
vn -0.2873 -0.1072 0.9518
vn -0.1712 0.5627 0.8088
vn -0.1986 -0.8672 0.4567
vn -0.2737 0.0278 0.9614
vn -0.2005 -0.7572 0.6216
vn -0.1742 0.4141 0.8934
vn -0.2938 -0.2357 0.9264
vn -0.2305 -0.7098 0.6656
vn -0.2741 -0.5375 0.7974
vn -0.3032 -0.4214 0.8547
vn -0.2841 -0.0913 0.9544
vn -0.2410 0.1161 0.9636
vn -0.2660 -0.6259 0.7331
vn -0.1556 -0.9356 0.3170
vn -0.1809 -0.8597 0.4776
vn -0.3068 -0.3141 0.8984
vn -0.1634 0.3429 0.9251
vn -0.1887 -0.8167 0.5454
vn -0.2663 0.0099 0.9638
vn -0.2515 -0.6957 0.6728
vn -0.2179 0.1596 0.9628
vn -0.3019 -0.2938 0.9069
vn -0.1399 -0.8953 0.4230
vn -0.1331 0.4886 0.8623
vn -0.2958 -0.5586 0.7749
vn -0.1212 0.4767 0.8707
vn -0.2939 -0.0568 0.9541
vn -0.2579 0.0492 0.9649
vn -0.1313 -0.8659 0.4826
vn -0.3027 -0.1765 0.9366
vn -0.1413 -0.8487 0.5096
vn -0.3082 -0.4141 0.8565
vn -0.3305 -0.3590 0.8729
vn -0.1410 0.4235 0.8948
vn -0.2046 -0.7685 0.6063
vn -0.0906 -0.8904 0.4461
vn -0.1848 0.2597 0.9479
vn -0.2758 0.0477 0.9600
vn -0.3384 -0.4611 0.8203
vn -0.2738 -0.6490 0.7099
vn -0.3044 -0.2883 0.9079
vn -0.3221 -0.5482 0.7718
vn -0.3544 -0.1145 0.9281
vn -0.2514 0.1351 0.9584
vn -0.1515 -0.8165 0.5571
vn -0.2168 0.2829 0.9343
vn -0.3613 -0.4504 0.8164
vn -0.2721 -0.6604 0.6999
vn -0.3715 -0.2276 0.9001
vn -0.3639 -0.3335 0.8697
vn -0.3292 -0.0184 0.9441
vn -0.1172 -0.8642 0.4893
vn -0.2491 0.3848 0.8888
vn -0.1237 0.5193 0.8456
vn -0.3028 0.2301 0.9249
vn -0.3926 -0.3961 0.8300
vn -0.3894 -0.5521 0.7373
vn -0.3435 0.1110 0.9326
vn -0.3751 0.0343 0.9263
vn -0.2957 0.4707 0.8313
vn -0.1798 0.5768 0.7969
vn -0.2528 -0.7511 0.6098
vn -0.4507 -0.1556 0.8790
vn -0.2296 -0.8486 0.4767
vn -0.4486 -0.2868 0.8465
vn -0.3982 -0.4980 0.7703
vn -0.3849 0.3085 0.8699
vn -0.4440 -0.0410 0.8951
vn -0.3523 -0.6443 0.6788
vn -0.4499 -0.4531 0.7696
vn -0.4791 0.0565 0.8759
vn -0.4386 -0.6790 0.5887
vn -0.3804 -0.7652 0.5193
vn -0.4858 0.1671 0.8579
vn -0.4667 -0.3955 0.7911
vn -0.5187 0.0385 0.8541
vn -0.5376 -0.1954 0.8203
vn -0.5680 -0.0643 0.8205
vn -0.5043 -0.4875 0.7128
vn -0.3284 -0.8553 0.4007
vn -0.3056 0.6241 0.7191
vn -0.4384 0.4368 0.7855
vn -0.4591 -0.5538 0.6947
vn -0.5478 -0.4405 0.7112
vn -0.5436 -0.3497 0.7630
vn -0.5244 0.2676 0.8083
vn -0.4656 -0.7733 0.4305
vn -0.5375 -0.6600 0.5248
vn -0.5992 -0.2669 0.7548
vn -0.6005 0.1311 0.7888
vn -0.5606 -0.5760 0.5949
vn -0.3708 -0.8726 0.3180
vn -0.6508 0.0390 0.7583
vn -0.4749 0.5741 0.6670
vn -0.5662 -0.4940 0.6598
vn -0.5604 0.3718 0.7401
vn -0.6054 -0.4563 0.6521
vn -0.6436 -0.1408 0.7523
vn -0.5943 0.4573 0.6616
vn -0.6279 -0.3767 0.6810
vn -0.6047 -0.5312 0.5934
vn -0.4684 -0.8099 0.3529
vn -0.7010 -0.1915 0.6870
vn -0.6752 -0.0095 0.7376
vn -0.7165 0.1294 0.6854
vn -0.3701 -0.8975 0.2400
vn -0.6781 0.2556 0.6891
vn -0.6629 -0.2758 0.6961
vn -0.5475 -0.6942 0.4672
vn -0.5873 -0.5878 0.5564
vn -0.6301 0.5388 0.5591
vn -0.7330 0.0898 0.6743
vn -0.3564 -0.9210 0.1574
vn -0.7168 -0.0799 0.6926
vn -0.7601 0.2472 0.6010
vn -0.7159 0.4003 0.5721
vn -0.7591 0.0353 0.6500
vn -0.6183 -0.5096 0.5983
vn -0.6881 -0.2950 0.6629
vn -0.5376 -0.7058 0.4612
vn -0.7620 0.1797 0.6221
vn -0.6492 -0.4095 0.6410
vn -0.4107 -0.8747 0.2573
vn -0.6692 0.5100 0.5404
vn -0.7259 0.3807 0.5728
vn -0.4594 -0.8149 0.3533
vn -0.7591 -0.0617 0.6480
vn -0.7384 -0.1788 0.6502
vn -0.6227 -0.4769 0.6203
vn -0.7630 0.1366 0.6318
vn -0.7516 0.2804 0.5971
vn -0.5102 -0.7070 0.4897
vn -0.6858 -0.3228 0.6523
vn -0.3369 -0.9201 0.1999
vn -0.5339 -0.6567 0.5327
vn -0.7549 0.0950 0.6489
vn -0.7237 -0.2369 0.6481
vn -0.5850 -0.5359 0.6088
vn -0.4809 -0.7631 0.4318
vn -0.4124 -0.8477 0.3336
vn -0.7478 0.2152 0.6281
vn -0.7092 0.4103 0.5733
vn -0.7485 -0.1120 0.6537
vn -0.7136 0.3379 0.6137
vn -0.6487 -0.3873 0.6551
vn -0.7479 -0.0073 0.6638
vn -0.6519 0.4568 0.6053
vn -0.5847 0.6176 0.5261
vn -0.6260 -0.4332 0.6485
vn -0.4908 -0.7439 0.4536
vn -0.7308 -0.1739 0.6600
vn -0.5515 -0.6169 0.5615
vn -0.7326 0.1606 0.6614
vn -0.6045 -0.4734 0.6406
vn -0.5807 0.5514 0.5990
vn -0.6835 -0.2884 0.6705
vn -0.7097 -0.1948 0.6771
vn -0.7279 -0.1243 0.6744
vn -0.4554 -0.8028 0.3850
vn -0.5366 -0.6649 0.5196
vn -0.3458 -0.9067 0.2414
vn -0.7406 -0.0521 0.6699
vn -0.6061 -0.5090 0.6113
vn -0.7418 0.0705 0.6669
vn -0.7090 0.2426 0.6621
vn -0.6492 -0.3959 0.6494
vn -0.7184 -0.1438 0.6805
vn -0.6484 0.3837 0.6575
vn -0.7195 -0.1820 0.6703
vn -0.5888 0.4924 0.6409
vn -0.4932 -0.7536 0.4346
vn -0.7290 -0.0575 0.6821
vn -0.5173 0.5919 0.6182
vn -0.6295 0.4025 0.6647
vn -0.4090 -0.8582 0.3102
vn -0.7202 0.1138 0.6844
vn -0.6790 0.2946 0.6724
vn -0.7263 0.0193 0.6871
vn -0.7161 0.1551 0.6805
vn -0.7045 0.1912 0.6835
vn -0.6943 -0.2722 0.6662
vn -0.6150 -0.5454 0.5694
vn -0.5564 0.4976 0.6655
vn -0.6817 -0.3395 0.6481
vn -0.7223 -0.1159 0.6818
vn -0.6452 0.3232 0.6923
vn -0.5862 -0.6426 0.4935
vn -0.6662 -0.4173 0.6181
vn -0.5961 0.4072 0.6920
vn -0.7334 -0.0779 0.6753
vn -0.5281 0.5131 0.6766
vn -0.6848 0.2459 0.6860
vn -0.7137 -0.2750 0.6443
vn -0.7308 0.0468 0.6810
vn -0.7148 0.1408 0.6850
vn -0.5009 -0.7699 0.3954
vn -0.7572 -0.0252 0.6527
vn -0.6528 -0.5191 0.5517
vn -0.7355 -0.1175 0.6672
vn -0.5599 0.4464 0.6980
vn -0.7081 0.1730 0.6846
vn -0.4779 -0.8164 0.3243
vn -0.3434 -0.9084 0.2387
vn -0.7333 0.1110 0.6707
vn -0.7053 -0.3729 0.6029
vn -0.4446 -0.8546 0.2683
vn -0.7427 -0.2352 0.6270
vn -0.5806 -0.7047 0.4079
vn -0.7014 0.2028 0.6833
vn -0.7610 -0.1551 0.6299
vn -0.5919 0.3807 0.7105
vn -0.5638 0.4705 0.6788
vn -0.6461 -0.5950 0.4781
vn -0.7799 0.0417 0.6245
vn -0.5053 0.5829 0.6363
vn -0.6438 0.2861 0.7097
vn -0.7688 -0.0734 0.6352
vn -0.7620 0.1078 0.6386
vn -0.7253 -0.4757 0.4976
vn -0.5458 -0.8027 0.2402
vn -0.8155 -0.0974 0.5705
vn -0.7772 -0.3130 0.5458
vn -0.6525 0.3374 0.6786
vn -0.6185 -0.7106 0.3353
vn -0.7868 -0.2188 0.5771
vn -0.7266 -0.5409 0.4236
vn -0.8093 -0.0222 0.5870
vn -0.5835 0.5456 0.6016
vn -0.6336 0.3993 0.6627
vn -0.8282 0.0229 0.5599
vn -0.8199 -0.1794 0.5437
vn -0.8466 0.0103 0.5321
vn -0.7252 0.2493 0.6418
vn -0.7341 -0.6135 0.2911
vn -0.8032 -0.4978 0.3272
vn -0.7940 -0.4067 0.4517
vn -0.8345 -0.2575 0.4871
vn -0.6991 -0.6930 0.1761
vn -0.6114 -0.7714 0.1765
vn -0.5163 -0.8511 0.0946
vn -0.6472 0.4969 0.5780
vn -0.7689 0.1399 0.6238
vn -0.6776 -0.7348 0.0303
vn -0.8712 -0.0078 0.4908
vn -0.6767 0.5865 0.4451
vn -0.8140 0.0607 0.5778
vn -0.6985 0.3681 0.6136
vn -0.8645 -0.1056 0.4914
vn -0.8590 -0.3399 0.3828
vn -0.7814 -0.5969 0.1820
vn -0.8228 0.1870 0.5367
vn -0.8649 -0.1997 0.4606
vn -0.7633 0.4872 0.4242
vn -0.7872 0.3297 0.5211
vn -0.8959 0.0050 0.4442
vn -0.8533 0.1123 0.5092
vn -0.9100 -0.0252 0.4138
vn -0.9029 -0.2560 0.3453
vn -0.7279 0.6273 0.2768
vn -0.8930 -0.3767 0.2462
vn -0.8481 0.2852 0.4464
vn -0.8662 -0.4701 0.1692
vn -0.9077 -0.1520 0.3911
vn -0.9368 -0.0191 0.3493
vn -0.9360 -0.0689 0.3451
vn -0.8145 0.5305 0.2349
vn -0.8514 0.3834 0.3579
vn -0.8911 -0.0282 0.4529
vn -0.9539 -0.1561 0.2564
vn -0.8855 0.2607 0.3845
vn -0.9309 -0.0466 0.3623
vn -0.9500 -0.2598 0.1731
vn -0.8880 0.4019 0.2237
vn -0.9590 -0.0266 0.2820
vn -0.9457 -0.0572 0.3200
vn -0.9736 -0.0575 0.2208
vn -0.9366 0.0869 0.3394
vn -0.9835 -0.0463 0.1748
vn 0.4904 -0.8714 -0.0122
vn 0.4647 -0.8700 0.1649
vn 0.3655 -0.9306 0.0172
vn 0.3127 -0.9068 0.2826
vn 0.3285 -0.9348 -0.1353
vn 0.4413 -0.8927 -0.0910
vn 0.2978 -0.9427 -0.1506
vn 0.3958 -0.9135 -0.0938
vn 0.2686 -0.9593 0.0876
vn 0.2549 -0.9542 -0.1568
vn 0.4607 -0.8863 -0.0473
vn 0.2583 -0.9571 -0.1312
vn 0.2281 -0.9501 -0.2128
vn 0.2009 -0.9627 -0.1811
vn 0.1545 -0.9378 0.3110
vn 0.3712 -0.9257 -0.0732
vn 0.5862 -0.8049 -0.0928
vn 0.6001 -0.7968 0.0710
vn 0.4108 -0.9059 -0.1034
vn 0.2096 -0.9716 -0.1099
vn 0.3731 -0.9272 -0.0331
vn 0.1157 -0.9932 -0.0141
vn 0.4132 -0.9106 -0.0069
vn 0.3676 -0.8889 -0.2735
vn -0.0291 -0.9205 0.3896
vn 0.0844 -0.8666 0.4918
vn 0.6128 -0.5068 -0.6063
vn 0.4202 -0.9074 0.0104
vn 0.2221 -0.9690 -0.1079
vn 0.2446 -0.9652 -0.0926
vn 0.1790 -0.9776 -0.1110
vn 0.0804 -0.9793 -0.1858
vn 0.1631 -0.9571 -0.2397
vn 0.2372 -0.9602 -0.1477
vn 0.1446 -0.9758 -0.1639
vn 0.0063 -0.9837 0.1799
vn 0.1409 -0.9662 -0.2159
vn 0.3488 -0.8402 -0.4153
vn 0.2690 -0.9269 -0.2619
vn 0.5401 -0.0738 -0.8384
vn 0.1160 -0.9823 -0.1473
vn 0.1099 -0.9819 -0.1541
vn -0.0341 -0.9984 -0.0445
vn -0.1218 -0.9617 0.2456
vn 0.1981 -0.9216 -0.3338
vn 0.1176 -0.9705 -0.2106
vn 0.1279 -0.9546 -0.2691
vn -0.1677 -0.8460 0.5062
vn 0.0980 -0.9788 -0.1798
vn 0.0567 -0.9660 -0.2524
vn 0.3944 -0.6064 -0.6905
vn -0.1733 -0.9184 0.3556
vn -0.0152 -0.9833 -0.1815
vn -0.1227 -0.9898 0.0724
vn 0.0687 -0.9374 -0.3415
vn 0.0770 -0.9775 -0.1966
vn 0.0344 -0.9671 -0.2522
vn 0.0888 -0.8858 -0.4555
vn 0.0379 -0.9556 -0.2921
vn 0.0401 -0.9785 -0.2022
vn 0.0564 -0.9774 -0.2036
vn -0.0916 -0.9863 -0.1372
vn 0.0113 -0.9616 -0.2743
vn 0.0261 -0.9748 -0.2213
vn 0.0182 -0.9726 -0.2318
vn -0.0425 -0.9557 -0.2912
vn -0.0280 -0.9644 -0.2628
vn -0.0190 -0.9388 -0.3439
vn 0.4604 -0.0383 -0.8869
vn -0.0613 -0.9387 -0.3393
vn -0.0122 -0.9680 -0.2508
vn -0.0640 -0.9683 -0.2415
vn -0.0448 -0.9500 -0.3091
vn -0.0518 -0.9663 -0.2520
vn 0.0045 -0.9255 -0.3786
vn -0.0389 -0.9653 -0.2582
vn -0.0512 -0.9551 -0.2917
vn -0.1153 -0.9926 0.0383
vn -0.1875 -0.9187 0.3476
vn -0.0218 -0.9667 -0.2548
vn -0.0843 -0.9591 -0.2703
vn 0.2914 -0.5723 -0.7665
vn -0.0673 -0.9686 -0.2392
vn -0.0968 -0.9360 -0.3385
vn -0.0752 -0.9280 -0.3649
vn -0.0302 -0.9117 -0.4098
vn -0.1240 -0.9367 -0.3274
vn -0.0467 -0.9865 -0.1569
vn -0.0834 -0.9953 0.0498
vn -0.1381 -0.9272 -0.3482
vn -0.1171 -0.9352 -0.3343
vn -0.0966 -0.9288 -0.3577
vn -0.1059 -0.9305 -0.3508
vn -0.1461 -0.9323 -0.3308
vn -0.1280 -0.9442 -0.3034
vn -0.0842 -0.9246 -0.3716
vn -0.0020 -0.9663 -0.2574
vn -0.0330 -0.9501 -0.3101
vn -0.0398 -0.9011 -0.4318
vn -0.1303 -0.9281 -0.3489
vn -0.1838 -0.9201 -0.3459
vn 0.3109 -0.3806 -0.8709
vn -0.1511 -0.9268 -0.3437
vn -0.0892 -0.9320 -0.3513
vn -0.1698 -0.9301 0.3257
vn -0.1837 -0.9158 -0.3572
vn -0.1505 -0.9146 -0.3752
vn -0.0502 -0.9031 -0.4265
vn -0.0077 -0.9916 -0.1290
vn -0.1057 -0.9334 -0.3430
vn -0.0911 -0.9719 0.2171
vn 0.0436 -0.9663 -0.2538
vn -0.1254 -0.9352 -0.3313
vn -0.1414 -0.9331 -0.3307
vn 0.0182 -0.9537 -0.3001
vn -0.1745 -0.9247 -0.3383
vn 0.0125 -0.9044 -0.4264
vn 0.0382 -0.9299 -0.3658
vn -0.1648 -0.8943 0.4160
vn 0.2877 -0.4373 -0.8521
vn -0.0824 -0.9434 0.3213
vn -0.0993 -0.9325 -0.3472
vn -0.0766 -0.9211 -0.3816
vn -0.0231 -0.9997 -0.0075
vn -0.0773 -0.8956 -0.4382
vn -0.1721 -0.9335 -0.3145
vn -0.0032 -0.9956 0.0937
vn -0.1966 -0.9203 -0.3382
vn -0.1499 -0.8998 -0.4097
vn -0.1490 -0.9369 -0.3163
vn 0.0543 -0.9844 -0.1671
vn -0.1003 -0.8887 0.4475
vn 0.0751 -0.9366 -0.3423
vn -0.1732 -0.9360 -0.3063
vn -0.0800 -0.9385 -0.3359
vn 0.1031 -0.9394 -0.3269
vn -0.1376 -0.9397 -0.3131
vn -0.1775 -0.9247 -0.3367
vn -0.1474 -0.9164 -0.3721
vn 0.0886 -0.8866 -0.4540
vn -0.1455 -0.9451 -0.2926
vn 0.0661 -0.9942 -0.0844
vn 0.1032 -0.9647 -0.2422
vn -0.0493 -0.9628 0.2656
vn 0.0523 -0.8718 -0.4871
vn -0.1413 -0.9425 -0.3030
vn -0.0290 -0.9224 -0.3852
vn -0.1426 -0.9295 -0.3401
vn 0.0097 -0.9989 0.0469
vn -0.0369 -0.8922 -0.4501
vn 0.0477 -0.8969 -0.4396
vn -0.0763 -0.9664 -0.2453
vn -0.0312 -0.9341 -0.3558
vn 0.1347 -0.8994 -0.4158
vn 0.0754 -0.9836 -0.1639
vn -0.0967 -0.9631 -0.2512
vn -0.1096 -0.9536 -0.2804
vn 0.4831 0.1162 -0.8678
vn -0.0963 -0.9565 -0.2753
vn -0.1213 -0.9292 0.3491
vn -0.1086 -0.8694 0.4821
vn 0.1222 -0.9216 -0.3685
vn 0.0374 -0.9620 -0.2705
vn -0.0286 -0.9989 0.0378
vn 0.1511 -0.8608 -0.4860
vn 0.1060 -0.9067 -0.4082
vn -0.0010 -0.9655 -0.2606
vn -0.0177 -0.9704 -0.2408
vn 0.0020 -0.9736 -0.2282
vn 0.1059 -0.9562 -0.2730
vn 0.0518 -0.9825 -0.1788
vn -0.0249 -0.9882 -0.1513
vn 0.0727 -0.9569 -0.2813
vn -0.2235 -0.8520 0.4734
vn -0.1445 -0.9729 0.1807
vn 0.1625 -0.9098 -0.3820
vn 0.0547 -0.9835 -0.1726
vn 0.1593 -0.8732 -0.4606
vn 0.1605 -0.8824 -0.4423
vn 0.0213 -0.9860 -0.1654
vn 0.1074 -0.9855 -0.1311
vn -0.2306 -0.9292 0.2889
vn 0.1815 -0.9731 -0.1421
vn 0.1625 -0.9699 -0.1815
vn -0.1118 -0.9921 -0.0568
vn 0.1830 -0.9774 -0.1055
vn 0.1464 -0.9790 -0.1415
vn 0.1977 -0.9448 -0.2614
vn 0.1244 -0.9195 -0.3728
vn 0.5134 -0.3236 -0.7948
vn 0.2444 -0.9074 -0.3418
vn 0.1714 -0.9794 -0.1070
vn 0.2254 -0.8812 -0.4155
vn 0.2070 -0.9759 -0.0687
vn 0.2181 -0.9720 -0.0876
vn 0.2456 -0.9643 -0.0985
vn 0.2021 -0.9666 -0.1574
vn 0.2159 -0.9324 -0.2899
vn -0.3309 -0.8547 0.3999
vn 0.2550 -0.9633 -0.0839
vn 0.0049 -0.9651 -0.2617
vn 0.2388 -0.9689 -0.0642
vn 0.2611 -0.9560 -0.1340
vn -0.2466 -0.9590 0.1398
vn 0.2630 -0.9644 -0.0260
vn 0.1982 -0.9040 -0.3788
vn 0.2571 -0.9464 -0.1955
vn 0.2776 -0.9343 -0.2237
vn 0.2608 -0.9589 -0.1119
vn -0.3816 -0.8692 0.3144
vn 0.2722 -0.9219 -0.2756
vn -0.0678 -0.9831 -0.1698
vn 0.2499 -0.9680 -0.0235
vn 0.2912 -0.9518 -0.0966
vn 0.2836 -0.9572 -0.0579
vn 0.2686 -0.9067 -0.3252
vn -0.1810 -0.9822 -0.0494
vn 0.2838 -0.9328 -0.2224
vn 0.2563 -0.9665 -0.0138
vn 0.2624 -0.9634 -0.0550
vn -0.3767 -0.8958 0.2358
vn 0.1020 -0.9430 -0.3168
vn -0.3000 -0.9509 0.0758
vn 0.5648 -0.1447 -0.8124
vn 0.2669 -0.9637 -0.0072
vn 0.2798 -0.9527 -0.1188
vn 0.0247 -0.9629 -0.2688
vn 0.2898 -0.9554 -0.0564
vn 0.2271 -0.9196 -0.3205
vn 0.3130 -0.9167 -0.2484
vn 0.2948 -0.9355 -0.1947
vn 0.0180 -0.9720 -0.2343
vn -0.1000 -0.9821 -0.1597
vn 0.1521 -0.9425 -0.2976
vn 0.2975 -0.9447 -0.1378
vn 0.2419 -0.9441 -0.2239
vn -0.3594 -0.9202 0.1554
vn 0.2467 -0.9691 0.0012
vn 0.2719 -0.9601 -0.0660
vn 0.2943 -0.9475 -0.1253
vn -0.2274 -0.9737 -0.0120
vn 0.2468 -0.9688 -0.0218
vn 0.1313 -0.9662 -0.2220
vn 0.3089 -0.9219 -0.2339
vn 0.5139 -0.5639 -0.6465
vn 0.2420 -0.9698 -0.0287
vn 0.2718 -0.9568 -0.1031
vn 0.2352 -0.9638 -0.1253
vn 0.2963 -0.9381 -0.1792
vn 0.2321 -0.9698 -0.0754
vn 0.2841 -0.9460 -0.1562
vn 0.0141 -0.9837 -0.1795
vn -0.3033 -0.9450 0.1223
vn 0.1706 -0.9712 -0.1663
vn 0.1986 -0.9795 -0.0323
vn 0.2203 -0.9723 -0.0781
vn -0.0480 -0.9860 -0.1595
vn -0.1303 -0.9896 -0.0615
vn 0.2834 -0.9294 -0.2363
vn -0.2501 -0.9675 0.0385
vn 0.2966 -0.9191 -0.2596
vn -0.4155 -0.8727 0.2565
vn 0.1782 -0.9816 -0.0682
vn 0.2121 -0.9676 -0.1369
vn 0.2544 -0.9470 -0.1963
vn 0.1814 -0.9809 -0.0705
vn 0.0203 -0.9905 -0.1363
vn 0.2398 -0.9568 -0.1642
vn 0.1075 -0.9864 -0.1246
vn 0.1457 -0.9838 -0.1044
vn 0.1517 -0.9807 -0.1234
vn -0.0348 -0.9881 -0.1497
vn -0.3452 -0.9175 0.1974
vn 0.1500 -0.9831 -0.1053
vn -0.2395 -0.9672 0.0851
vn 0.1212 -0.9871 -0.1042
vn 0.1825 -0.9588 -0.2178
vn 0.1696 -0.9705 -0.1712
vn 0.3128 -0.8630 -0.3967
vn 0.1029 -0.9805 -0.1676
vn 0.5495 -0.2356 -0.8016
vn 0.2400 -0.9387 -0.2474
vn 0.2448 -0.9209 -0.3035
vn 0.0843 -0.9857 -0.1456
vn -0.0156 -0.9933 -0.1143
vn 0.0823 -0.9883 -0.1282
vn 0.0766 -0.9893 -0.1243
vn 0.1648 -0.9399 -0.2991
vn 0.0446 -0.9924 -0.1148
vn 0.0028 -0.9962 -0.0870
vn -0.4121 -0.8522 0.3223
vn -0.3170 -0.9298 0.1872
vn 0.0497 -0.9870 -0.1527
vn -0.0296 -0.9977 -0.0603
vn 0.0835 -0.9722 -0.2189
vn 0.0436 -0.9906 -0.1297
vn -0.1947 -0.9776 0.0796
vn 0.0184 -0.9974 -0.0696
vn 0.4628 -0.4785 -0.7462
vn 0.0383 -0.9810 -0.1902
vn 0.2099 -0.8883 -0.4085
vn 0.1646 -0.9107 -0.3789
vn 0.1152 -0.9575 -0.2645
vn 0.0371 -0.9954 -0.0879
vn 0.0432 -0.9770 -0.2089
vn -0.3450 -0.9070 0.2417
vn -0.0091 -0.9702 -0.2420
vn 0.0667 -0.9448 -0.3206
vn 0.4412 -0.2794 -0.8528
vn 0.0897 -0.9263 -0.3660
vn 0.0395 -0.9859 -0.1626
vn 0.1044 -0.8514 -0.5140
vn 0.0143 -0.9600 -0.2796
vn -0.1286 -0.9894 0.0674
vn -0.2830 -0.9385 0.1978
vn -0.0215 -0.9609 -0.2760
vn 0.0368 -0.9976 -0.0591
vn 0.0673 -0.8921 -0.4469
vn -0.0189 -0.8991 -0.4373
vn 0.0113 -0.9767 -0.2143
vn 0.0184 -0.9818 -0.1891
vn 0.2712 -0.5026 -0.8209
vn -0.0085 -0.9731 -0.2302
vn -0.0222 -0.8380 -0.5452
vn 0.0452 -0.9888 -0.1421
vn -0.0320 -0.9343 -0.3551
vn -0.4149 -0.8578 0.3035
vn -0.0428 -0.9988 -0.0257
vn -0.0873 -0.9359 -0.3414
vn -0.2189 -0.9669 0.1313
vn 0.0357 -0.7094 -0.7039
vn 0.0177 -0.9960 -0.0877
vn -0.3580 -0.9049 0.2303
vn -0.1285 -0.8891 -0.4393
vn -0.0062 -0.9687 -0.2482
vn -0.0924 -0.9400 -0.3283
vn -0.0769 -0.9497 -0.3037
vn -0.0550 -0.9502 -0.3068
vn -0.1114 -0.8602 -0.4977
vn -0.1592 -0.7816 -0.6031
vn -0.1516 -0.7281 -0.6685
vn -0.1580 -0.9147 -0.3719
vn -0.1663 -0.9071 -0.3866
vn -0.1058 -0.9354 -0.3374
vn -0.1937 -0.9801 0.0432
vn -0.1512 -0.9032 -0.4017
vn -0.0344 -0.5100 -0.8595
vn -0.2009 -0.8768 -0.4369
vn 0.0151 -0.9903 -0.1380
vn -0.3883 -0.9092 0.1500
vn -0.3229 -0.7790 -0.5375
vn -0.0240 -0.9682 -0.2492
vn -0.2055 -0.8797 -0.4288
vn -0.2639 -0.8506 -0.4548
vn -0.0891 -0.9935 -0.0710
vn -0.2676 -0.8423 -0.4679
vn -0.2989 -0.7425 -0.5994
vn -0.4128 -0.8846 0.2171
vn -0.4254 -0.8600 0.2819
vn -0.3283 -0.7966 -0.5076
vn -0.0616 -0.9220 -0.3823
vn -0.0963 -0.9757 -0.1966
vn -0.3156 -0.7682 -0.5570
vn -0.3511 -0.9363 0.0094
vn -0.1077 -0.9284 -0.3557
vn -0.1530 -0.8758 -0.4577
vn -0.4031 -0.7346 -0.5458
vn -0.1861 -0.8466 -0.4986
vn -0.5473 -0.8056 0.2270
vn -0.3730 -0.7516 -0.5441
vn -0.2178 -0.9650 -0.1463
vn -0.1539 -0.9192 -0.3626
vn -0.5462 -0.8344 0.0736
vn -0.2936 -0.7363 -0.6097
vn -0.3046 -0.8777 -0.3698
vn -0.5321 -0.8465 -0.0170
vn -0.4215 -0.8756 -0.2357
vn -0.3330 -0.7549 -0.5650
vn -0.5945 -0.7891 -0.1548
vn -0.4626 -0.7458 -0.4793
vn -0.1065 -0.8128 -0.5727
vn -0.2631 -0.6744 -0.6900
vn -0.0954 -0.7555 -0.6481
vn 0.2033 0.0603 -0.9773
vn 0.0112 -0.5099 -0.8601
vn -0.2778 -0.5015 -0.8194
vn -0.5978 0.2472 -0.7626
vn 0.1050 0.1101 -0.9884
vn 0.0474 0.3275 -0.9437
vn -0.5554 0.0364 -0.8308
vn -0.1403 -0.0209 -0.9899
vn -0.2669 -0.7688 -0.5811
vn -0.0594 0.8998 -0.4322
vn -0.1025 0.9182 -0.3826
vn -0.1215 0.8778 -0.4634
vn -0.5763 -0.1229 -0.8080
vn -0.1317 -0.1327 -0.9824
vn -0.2289 0.4687 -0.8532
vn -0.6207 0.4294 -0.6560
vn -0.6013 -0.0020 -0.7990
vn -0.6242 0.0988 -0.7750
vn -0.4163 -0.6080 -0.6760
vn -0.2778 -0.8087 -0.5184
vn -0.4564 -0.6389 -0.6193
vn -0.4530 -0.6655 -0.5933
vn -0.3000 -0.8223 -0.4835
vn -0.0859 0.8698 -0.4859
vn -0.1147 0.9200 -0.3747
vn -0.5532 0.4716 -0.6867
vn -0.6463 0.2005 -0.7362
vn 0.5131 0.3425 -0.7870
vn -0.5804 -0.2486 -0.7754
vn -0.5978 0.0378 -0.8007
vn -0.4620 -0.2169 -0.8599
vn -0.4715 -0.4502 -0.7583
vn -0.5951 0.0666 -0.8009
vn -0.1153 0.5009 -0.8578
vn -0.1723 -0.1963 -0.9653
vn -0.6683 0.4354 -0.6031
vn -0.6652 0.3465 -0.6614
vn -0.3794 -0.7459 -0.5475
vn -0.2305 -0.8717 -0.4324
vn -0.2369 -0.8691 -0.4343
vn 0.0785 0.1976 -0.9771
vn -0.6202 0.4378 -0.6509
vn -0.5491 0.0542 -0.8340
vn -0.6851 0.4062 -0.6046
vn -0.6205 -0.1214 -0.7748
vn -0.6623 0.2959 -0.6883
vn -0.3956 -0.7424 -0.5406
vn -0.5671 0.0449 -0.8225
vn -0.5727 0.2930 -0.7656
vn 0.2323 0.4717 -0.8506
vn -0.6420 0.3590 -0.6775
vn -0.5395 -0.2087 -0.8157
vn -0.0990 -0.1469 -0.9842
vn -0.6125 -0.3812 -0.6925
vn -0.5719 0.0536 -0.8185
vn -0.5952 0.1234 -0.7941
vn -0.2058 0.9253 -0.3184
vn -0.6587 0.1239 -0.7422
vn -0.6938 0.3837 -0.6094
vn -0.5087 0.0142 -0.8608
vn -0.1875 0.9056 -0.3805
vn -0.3556 -0.7721 -0.5266
vn -0.5228 -0.5763 -0.6281
vn -0.6643 -0.1218 -0.7375
vn -0.7204 0.3758 -0.5830
vn 0.3459 -0.0190 -0.9381
vn -0.4656 -0.0435 -0.8839
vn -0.6245 -0.2733 -0.7317
vn -0.4727 -0.0398 -0.8803
vn -0.0873 0.0248 -0.9959
vn -0.6419 -0.3735 -0.6697
vn -0.6196 -0.0596 -0.7827
vn -0.6697 0.3380 -0.6612
vn -0.6059 0.2618 -0.7513
vn -0.4892 0.1344 -0.8618
vn -0.2371 0.2196 -0.9463
vn -0.5391 0.4671 -0.7008
vn -0.2954 0.8193 -0.4914
vn 0.3955 0.3359 -0.8548
vn -0.4687 0.8568 -0.2151
vn -0.7287 0.2206 -0.6484
vn -0.7509 0.3337 -0.5699
vn -0.4803 0.0887 -0.8726
vn -0.4937 -0.5954 -0.6338
vn -0.5813 -0.3040 -0.7548
vn -0.7510 -0.0302 -0.6596
vn -0.5378 0.0851 -0.8388
vn -0.1275 0.8487 -0.5132
vn -0.7378 0.3252 -0.5915
vn -0.6063 -0.4530 -0.6536
vn -0.4862 0.1814 -0.8548
vn -0.3957 0.9070 -0.1440
vn -0.7622 0.2931 -0.5772
vn -0.7792 0.2331 -0.5818
vn -0.7126 -0.1475 -0.6859
vn -0.7612 -0.0088 -0.6485
vn -0.6787 -0.2424 -0.6933
vn -0.5042 0.5866 -0.6338
vn -0.7463 0.1584 -0.6465
vn -0.6614 -0.3126 -0.6818
vn -0.3796 0.8676 -0.3212
vn -0.2240 0.9718 -0.0736
vn -0.6900 0.3009 -0.6582
vn -0.2765 0.8122 -0.5137
vn -0.6316 0.3202 -0.7061
vn -0.5734 0.2982 -0.7631
vn -0.6169 -0.3547 -0.7025
vn -0.4594 -0.6050 -0.6503
vn -0.2885 -0.7973 -0.5302
vn -0.5460 0.3364 -0.7672
vn -0.4552 -0.0287 -0.8899
vn -0.5096 0.1584 -0.8457
vn -0.5637 -0.1672 -0.8089
vn -0.6506 -0.2886 -0.7024
vn -0.6168 0.0013 -0.7872
vn -0.4234 -0.0107 -0.9059
vn -0.2787 -0.7575 -0.5903
vn -0.3993 -0.6155 -0.6794
vn -0.6911 0.2238 -0.6872
vn -0.2457 0.8473 -0.4708
vn -0.3438 0.9288 -0.1387
vn -0.4924 0.0055 -0.8704
vn -0.5897 0.7129 -0.3795
vn -0.6667 -0.0227 -0.7450
vn -0.6220 0.2719 -0.7343
vn -0.5746 -0.3274 -0.7501
vn -0.4050 0.1327 -0.9046
vn -0.6431 0.7478 -0.1651
vn -0.3286 0.9445 -0.0034
vn -0.5774 0.8156 -0.0371
vn -0.4944 -0.8692 -0.0015
vn -0.4928 -0.8617 0.1210
vn -0.6645 -0.7429 -0.0805
vn -0.7069 -0.0681 -0.7040
vn -0.4633 0.8744 -0.1439
vn -0.6421 0.7015 -0.3094
vn -0.3542 -0.6510 -0.6713
vn -0.3759 0.8831 -0.2808
vn -0.3148 -0.7676 -0.5582
vn -0.6074 0.2014 -0.7685
vn -0.4187 0.8984 0.1323
vn -0.4710 0.8775 0.0900
vn -0.6989 0.7117 -0.0707
vn -0.7887 -0.1480 -0.5967
vn -0.6821 0.1591 -0.7138
vn -0.4897 0.7096 -0.5066
vn -0.6592 -0.7503 0.0505
vn -0.8251 0.4894 -0.2822
vn -0.5426 0.1918 -0.8178
vn -0.4393 0.2187 -0.8713
vn -0.4993 0.2494 -0.8298
vn -0.8201 0.4313 -0.3759
vn -0.6725 0.6518 -0.3505
vn -0.7719 0.6017 -0.2052
vn -0.4102 -0.0033 -0.9120
vn -0.6987 0.4564 -0.5509
vn -0.7524 -0.0938 -0.6520
vn -0.5343 -0.3831 -0.7535
vn -0.7916 -0.1588 -0.5901
vn -0.8657 0.4034 -0.2963
vn -0.3993 0.3354 -0.8533
vn -0.8332 0.2168 -0.5087
vn -0.8646 0.1456 -0.4809
vn -0.5456 0.1080 -0.8311
vn -0.5946 -0.1214 -0.7948
vn -0.8766 0.0800 -0.4744
vn -0.7947 0.1241 -0.5941
vn -0.2974 0.7734 -0.5598
vn -0.6229 0.2035 -0.7554
vn -0.3991 -0.1099 -0.9103
vn -0.3827 0.2585 -0.8870
vn -0.4226 -0.6216 -0.6596
vn -0.5666 -0.8137 -0.1296
vn -0.6757 0.2977 -0.6744
vn -0.3853 0.2443 -0.8899
vn -0.4307 -0.4959 -0.7540
vn -0.4948 0.5019 -0.7094
vn -0.3438 0.6529 -0.6749
vn -0.4538 -0.4264 -0.7825
vn -0.7362 -0.6756 -0.0399
vn -0.5034 -0.1430 -0.8521
vn -0.3777 -0.0262 -0.9255
vn -0.4861 0.3941 -0.7800
vn -0.3713 -0.9072 -0.1979
vn -0.6277 -0.7208 -0.2942
vn -0.4162 0.3666 -0.8321
vn -0.4489 -0.7582 -0.4729
vn -0.4333 0.1147 -0.8939
vn -0.4287 0.8300 -0.3569
vn -0.6694 -0.7149 0.2018
vn -0.3702 -0.0854 -0.9250
vn -0.4816 0.8764 0.0010
vn -0.3436 0.5049 -0.7919
vn -0.7631 -0.6261 0.1603
vn -0.5708 -0.5975 -0.5631
vn -0.3781 0.1271 -0.9170
vn -0.3478 0.7323 -0.5854
vn -0.3585 0.1054 -0.9276
vn -0.4397 -0.1092 -0.8915
vn -0.4648 -0.3160 -0.8271
vn -0.7354 -0.6430 -0.2140
vn -0.3091 0.3944 -0.8654
vn -0.3174 0.4360 -0.8421
vn -0.3361 0.2119 -0.9177
vn -0.3302 0.3260 -0.8858
vn -0.6125 0.7795 0.1313
vn -0.6969 0.7172 0.0014
vn -0.6866 0.7082 0.1645
vn -0.8087 -0.5878 -0.0226
vn -0.3722 0.2095 -0.9042
vn -0.6826 -0.6126 -0.3986
vn -0.7655 0.6309 0.1264
vn -0.7156 0.6379 0.2846
vn -0.8558 -0.4875 0.1728
vn -0.3306 0.5997 -0.7287
vn -0.5734 0.8192 -0.0090
vn -0.3722 -0.0611 -0.9261
vn -0.5503 0.7846 -0.2854
vn -0.4289 0.0276 -0.9029
vn -0.7895 -0.5852 -0.1853
vn -0.3961 -0.0755 -0.9151
vn -0.4623 -0.2473 -0.8515
vn -0.5185 -0.4617 -0.7197
vn -0.8075 0.5364 0.2454
vn -0.8774 -0.4789 -0.0293
vn -0.2961 0.5235 -0.7989
vn -0.8868 -0.3905 0.2472
vn -0.9270 -0.3671 0.0768
vn -0.3571 0.0906 -0.9297
vn -0.4414 0.7117 -0.5464
vn -0.3363 0.2269 -0.9140
vn -0.3884 0.2160 -0.8958
vn -0.6769 -0.5481 -0.4914
vn -0.7520 -0.5633 -0.3424
vn -0.8752 0.4311 0.2197
vn -0.8382 0.4065 0.3634
vn -0.2700 0.4337 -0.8596
vn -0.3965 0.2135 -0.8929
vn -0.9488 -0.2680 0.1674
vn -0.4208 0.0820 -0.9034
vn -0.6222 0.7195 -0.3085
vn -0.8220 0.5550 0.1280
vn -0.3471 0.2925 -0.8910
vn -0.4361 0.6411 -0.6315
vn -0.4402 0.1011 -0.8922
vn -0.3367 0.3570 -0.8713
vn -0.9540 -0.1584 0.2545
vn -0.9766 -0.0678 0.2042
vn -0.9863 -0.1490 0.0707
vn -0.4902 0.0149 -0.8715
vn -0.7682 -0.3980 -0.5015
vn -0.8113 -0.5043 -0.2958
vn -0.8976 -0.4183 -0.1390
vn -0.4229 -0.0708 -0.9034
vn -0.3417 0.4038 -0.8486
vn -0.6001 -0.2287 -0.7666
vn -0.4830 0.1356 -0.8651
vn -0.6919 -0.3763 -0.6161
vn -0.9549 -0.2872 -0.0759
vn -0.7687 0.6359 -0.0687
vn -0.6544 -0.1231 -0.7460
vn -0.5256 -0.0209 -0.8505
vn -0.6329 0.6491 -0.4220
vn -0.8792 -0.3783 -0.2895
vn -0.5558 -0.0018 -0.8313
vn -0.4073 0.5556 -0.7248
vn -0.9832 -0.0198 0.1816
vn -0.9434 -0.0553 0.3271
vn -0.9288 -0.0414 0.3682
vn -0.9372 0.2914 0.1916
vn -0.8788 0.2616 0.3991
vn -0.9326 0.0936 0.3486
vn -0.5151 0.2022 -0.8329
vn -0.5119 0.3499 -0.7846
vn -0.5201 0.0833 -0.8500
vn -0.9969 -0.0791 -0.0034
vn -0.9847 -0.0689 0.1603
vn -0.9938 0.0985 0.0518
vn -0.9611 -0.0468 0.2722
vn -1.0000 0.0060 0.0022
vn -0.6447 0.0650 -0.7617
vn -0.9320 -0.2659 -0.2462
vn -0.5232 0.2525 -0.8140
vn -0.6252 0.4739 -0.6202
vn -0.9824 -0.1536 -0.1061
vn -0.5422 0.1350 -0.8293
vn -0.8160 -0.2519 -0.5203
vn -0.9590 0.2830 -0.0128
vn -0.6725 -0.0871 -0.7349
vn -0.5960 0.1278 -0.7928
vn -0.9963 -0.0151 -0.0851
vn -0.9077 0.4186 -0.0295
vn -0.9925 -0.0113 -0.1217
vn -0.6992 0.1087 -0.7066
vn -0.9838 0.0412 -0.1743
vn -0.7341 0.0403 -0.6778
vn -0.7352 -0.0320 -0.6771
vn -0.9562 -0.1345 -0.2601
vn -0.8284 0.4216 -0.3688
vn -0.8802 -0.1489 -0.4506
vn -0.9629 -0.0191 -0.2690
vn -0.9682 0.0286 -0.2484
vn -0.9316 0.0532 -0.3595
vn -0.9324 0.0487 -0.3581
vn -0.9405 0.0836 -0.3293
vn -0.7622 0.0723 -0.6432
vn -0.9522 0.1012 -0.2883
vn -0.7450 0.2076 -0.6340
vn -0.7888 0.0464 -0.6129
vn -0.7047 0.1483 -0.6938
vn -0.9508 0.0662 -0.3026
vn -0.8894 -0.0064 -0.4572
vn -0.8796 0.1154 -0.4614
vn -0.8498 0.0587 -0.5239
vn -0.8027 0.0793 -0.5912
vn -0.8101 0.1247 -0.5728
vn -0.9193 0.1791 -0.3506
vn -0.8855 0.0201 -0.4641
vn -0.8301 0.0579 -0.5546
vn -0.8734 0.1168 -0.4727
vn 0.1865 0.9311 -0.3134
vn -0.3654 0.7822 -0.5047
vn 0.3209 0.5228 -0.7897
vn -0.3482 0.8318 -0.4323
vn -0.0912 0.9766 -0.1949
vn -0.0479 0.9875 -0.1499
vn -0.2317 0.9311 -0.2817
vn -0.0982 0.9764 -0.1924
vn -0.3822 0.8522 -0.3573
vn 0.0264 0.9996 0.0076
vn -0.3200 0.8791 -0.3533
vn -0.2204 0.9398 -0.2609
vn 0.0387 0.9929 0.1124
vn -0.1460 0.9597 -0.2400
vn -0.3327 0.8868 -0.3209
vn -0.0210 0.9901 -0.1388
vn -0.2118 0.8799 -0.4253
vn 0.0624 0.9977 -0.0252
vn 0.2274 0.9582 -0.1739
vn 0.0306 0.9970 -0.0711
vn -0.2490 0.8354 -0.4900
vn -0.1499 0.9605 -0.2345
vn 0.0444 0.9908 0.1279
vn -0.1139 0.9822 -0.1496
vn -0.0508 0.9919 -0.1168
vn 0.0498 0.9974 0.0512
vn -0.0807 0.9894 -0.1206
vn -0.1257 0.8759 -0.4658
vn -0.2907 0.8811 -0.3730
vn -0.1182 0.9678 -0.2222
vn -0.0470 0.9966 -0.0670
vn -0.0191 0.9935 -0.1120
vn 0.0089 0.9974 -0.0712
vn -0.0100 0.9995 -0.0298
vn -0.0923 0.9867 -0.1335
vn 0.0803 0.9939 0.0759
vn 0.0406 0.9989 -0.0242
vn -0.0906 0.9656 -0.2436
vn -0.1837 0.8449 -0.5024
vn 0.0896 0.9954 0.0344
vn 0.3597 0.7719 -0.5242
vn -0.1370 0.9188 -0.3702
vn -0.0282 0.9993 -0.0257
vn -0.0362 0.9990 -0.0264
vn 0.0691 0.9969 0.0370
vn -0.0297 0.9991 -0.0295
vn 0.0326 0.9979 0.0558
vn -0.0566 0.9846 -0.1651
vn 0.0680 0.9959 0.0597
vn 0.0571 0.9911 0.1203
vn -0.0986 0.9303 -0.3532
vn -0.1642 0.8158 -0.5546
vn -0.1699 0.8023 -0.5722
vn 0.0903 0.9941 0.0594
vn 0.1091 0.9908 0.0797
vn 0.2770 0.9149 -0.2937
vn 0.1059 0.9915 0.0757
vn 0.0181 0.9979 0.0618
vn 0.0985 0.9892 0.1087
vn 0.1244 0.9876 0.0958
vn -0.1197 0.8483 -0.5158
vn 0.0748 0.9897 0.1218
vn 0.0357 0.9935 0.1079
vn 0.0686 0.9952 -0.0696
vn 0.0313 0.9990 0.0307
vn 0.1297 0.9871 0.0937
vn 0.1534 0.9810 0.1190
vn 0.1459 0.9815 0.1240
vn 0.1193 0.9856 0.1197
vn -0.0127 0.9633 -0.2682
vn 0.1060 0.9896 0.0974
vn 0.0211 0.9349 -0.3543
vn 0.0846 0.9820 0.1690
vn 0.1040 0.9904 0.0911
vn -0.0336 0.8249 -0.5642
vn 0.1107 0.9889 0.0995
vn 0.1587 0.9834 0.0881
vn 0.0912 0.9850 0.1466
vn 0.1959 0.9774 0.0794
vn 0.1906 0.7399 -0.6452
vn -0.0370 0.6892 -0.7236
vn 0.1641 0.9801 -0.1120
vn 0.2424 0.5656 -0.7882
vn 0.1092 0.9839 0.1417
vn 0.4376 0.5513 -0.7103
vn 0.4130 0.6795 -0.6064
vn 0.1422 0.9708 0.1930
vn 0.2116 0.9375 -0.2762
vn 0.1230 0.9853 0.1184
vn 0.4122 0.3202 -0.8530
vn 0.3336 0.8728 -0.3563
vn 0.1219 0.9878 0.0970
vn 0.1078 0.9829 0.1495
vn 0.1149 0.9899 0.0826
vn 0.2241 0.9744 0.0170
vn 0.3427 0.9304 -0.1303
vn 0.1757 0.9702 0.1666
vn 0.4596 0.7205 -0.5193
vn 0.2556 0.9538 -0.1580
vn 0.1449 0.9767 0.1584
vn 0.0728 0.9901 0.1203
vn 0.5347 0.4576 -0.7104
vn 0.0798 0.9874 0.1365
vn 0.2359 0.9648 0.1165
vn 0.1259 0.9900 0.0636
vn 0.1713 0.9757 0.1365
vn 0.4627 0.8184 -0.3407
vn 0.5187 0.6351 -0.5724
vn 0.1018 0.9935 0.0504
vn 0.0426 0.9880 0.1481
vn 0.0673 0.9941 0.0853
vn 0.4925 0.2164 -0.8430
vn 0.3917 0.8968 -0.2057
vn 0.3000 0.9536 0.0263
vn 0.3203 0.8621 -0.3928
vn 0.5129 0.4972 -0.6998
vn 0.1384 0.9849 0.1045
vn 0.0298 0.9932 0.1124
vn 0.4305 0.8015 -0.4150
vn 0.3076 0.9486 -0.0748
vn 0.4128 0.6747 -0.6118
vn 0.1184 0.9919 0.0467
vn 0.2184 0.9757 0.0174
vn 0.1685 0.9621 -0.2145
vn 0.1607 0.9845 0.0700
vn 0.0765 0.9963 0.0394
vn 0.0729 0.9965 0.0397
vn 0.4382 0.4405 -0.7835
vn 0.1021 0.9946 0.0185
vn -0.0116 0.9939 0.1099
vn 0.0794 0.9968 -0.0059
vn 0.0823 0.9964 0.0197
vn 0.2867 0.9301 -0.2296
vn 0.0126 0.9993 0.0339
vn 0.4503 -0.0285 -0.8924
vn 0.1545 0.9803 -0.1228
vn 0.0367 0.9993 -0.0039
vn 0.3026 0.8522 -0.4268
vn -0.0284 0.9981 0.0546
vn -0.0211 0.9986 -0.0481
vn -0.0138 0.9997 -0.0205
vn 0.2073 0.9463 -0.2480
vn -0.0478 0.9965 0.0684
vn 0.0735 0.9955 -0.0600
vn 0.5136 0.3458 -0.7853
vn 0.4118 0.5790 -0.7037
vn 0.0183 0.9987 -0.0479
vn -0.0295 0.9988 -0.0383
vn 0.3582 0.7416 -0.5672
vn 0.1597 0.9357 -0.3147
vn 0.2633 0.8803 -0.3946
vn -0.0729 0.9969 -0.0303
vn -0.0972 0.9953 0.0033
vn -0.0809 0.9966 0.0136
vn -0.0588 0.9968 -0.0540
vn 0.1412 0.9791 -0.1463
vn 0.0871 0.9922 -0.0894
vn 0.3333 0.8746 -0.3521
vn 0.1890 0.8955 -0.4028
vn -0.0215 0.9978 -0.0629
vn 0.4998 0.5976 -0.6269
vn -0.0678 0.9961 -0.0564
vn 0.0320 0.9972 -0.0677
vn -0.0657 0.9960 -0.0604
vn 0.4382 0.7664 -0.4697
vn 0.6986 0.4108 -0.5858
vn -0.1192 0.9927 -0.0193
vn 0.3227 0.9189 -0.2271
vn -0.1331 0.9910 -0.0113
vn -0.1189 0.9927 -0.0201
vn 0.5673 0.7658 -0.3028
vn 0.3639 0.6977 -0.6171
vn 0.7899 0.1511 -0.5943
vn -0.0235 0.9988 -0.0441
vn 0.2677 0.9575 -0.1073
vn 0.2120 0.9765 -0.0378
vn 0.1376 0.9900 -0.0300
vn -0.0702 0.9963 -0.0491
vn 0.7298 0.5501 -0.4059
vn 0.2513 0.9641 -0.0853
vn -0.0267 0.9982 -0.0533
vn 0.1139 0.9931 -0.0273
vn -0.1512 0.9884 -0.0173
vn 0.4453 0.8946 -0.0374
vn -0.1008 0.9940 -0.0415
vn 0.2632 0.9636 -0.0471
vn 0.5193 0.8403 -0.1555
vn 0.4008 0.9159 -0.0240
vn 0.0854 0.9959 -0.0306
vn 0.3131 0.9494 -0.0240
vn 0.7159 0.6829 -0.1454
vn 0.0294 0.9714 -0.2357
vn 0.0504 0.9973 -0.0541
vn 0.1784 0.9838 -0.0148
vn 0.2982 0.9545 -0.0042
vn 0.2872 0.9576 0.0230
vn 0.4951 0.8669 0.0582
vn 0.6684 0.7437 -0.0107
vn 0.1502 0.9884 -0.0234
vn 0.6201 0.7837 0.0362
vn 0.5368 0.8432 0.0281
vn -0.1412 0.9898 -0.0172
vn 0.4519 0.8880 0.0855
vn 0.5829 0.8084 0.0821
vn 0.1231 0.9348 -0.3332
vn -0.0864 0.9961 -0.0162
vn 0.3491 0.9371 0.0087
vn 0.0671 0.9962 -0.0558
vn 0.3524 0.9359 -0.0029
vn 0.2609 0.9652 -0.0193
vn 0.4713 0.8781 0.0830
vn 0.5478 0.8304 0.1013
vn 0.0238 0.9997 -0.0072
vn 0.6355 0.7571 0.1510
vn 0.5727 0.8168 0.0699
vn 0.0062 1.0000 0.0067
vn 0.2827 0.9591 0.0118
vn 0.6653 0.7424 0.0789
vn 0.3592 0.8626 -0.3562
vn 0.7011 0.7122 0.0345
vn 0.5095 0.8576 0.0695
vn 0.7176 0.6649 -0.2071
vn -0.2092 -0.7700 -0.6027
vn -0.3744 -0.6660 -0.6452
vn -0.0060 -0.9203 -0.3911
vn -0.3534 -0.6998 -0.6207
vn 0.4257 -0.1521 -0.8920
vn 0.3760 -0.4483 -0.8109
vn 0.2081 -0.9296 -0.3043
vn -0.1331 -0.8849 -0.4464
vn -0.3696 -0.7253 -0.5809
vn -0.4103 -0.6777 -0.6102
vn -0.0564 -0.9017 -0.4287
vn -0.2747 -0.7783 -0.5646
vn 0.5190 -0.1184 -0.8465
vn 0.1221 -0.9604 -0.2505
vn -0.0068 -0.9298 -0.3681
vn -0.2501 -0.7296 -0.6365
vn -0.0083 -0.8848 -0.4660
vn -0.0791 -0.7499 -0.6568
vn -0.3633 -0.5112 -0.7789
vn 0.1048 -0.9587 -0.2645
vn 0.1994 -0.9644 -0.1738
vn 0.1664 -0.9404 -0.2965
vn 0.5194 -0.3462 -0.7813
vn 0.2445 -0.9502 -0.1932
vn 0.1742 -0.9525 -0.2496
vn 0.1873 -0.9635 -0.1914
vn 0.1989 -0.9580 -0.2068
vn 0.1294 -0.8698 -0.4761
vn -0.0633 -0.6728 -0.7371
vn 0.0926 -0.7694 -0.6320
vn -0.1436 -0.5207 -0.8416
vn 0.2538 -0.9488 -0.1880
vn 0.2238 -0.9591 -0.1733
vn -0.0326 -0.6062 -0.7947
vn 0.2106 -0.8692 -0.4474
vn 0.2340 -0.9631 -0.1326
vn 0.2362 -0.9374 -0.2559
vn 0.2685 -0.9490 -0.1655
vn 0.2278 -0.9649 -0.1305
vn 0.2708 -0.9119 -0.3084
vn 0.1608 -0.6405 -0.7509
vn -0.0215 -0.4970 -0.8675
vn 0.4305 -0.6843 -0.5885
vn 0.2331 -0.7725 -0.5908
vn 0.0891 -0.4814 -0.8719
vn 0.2540 -0.6630 -0.7042
vn 0.0622 -0.4764 -0.8770
vn 0.1931 -0.5910 -0.7832
vn 0.2824 -0.8594 -0.4262
vn 0.3138 -0.9380 -0.1476
vn 0.3107 -0.9369 -0.1603
vn 0.2465 -0.9643 -0.0970
vn 0.2796 -0.9483 -0.1502
vn 0.3756 -0.8357 -0.4007
vn 0.3340 -0.8342 -0.4388
vn 0.1236 -0.5046 -0.8544
vn 0.3180 -0.9381 -0.1374
vn 0.3225 -0.9342 -0.1524
vn 0.2956 -0.9507 -0.0935
vn 0.3336 -0.9108 -0.2434
vn 0.2055 -0.3205 -0.9247
vn 0.2267 -0.5781 -0.7839
vn 0.3213 -0.7903 -0.5217
vn 0.2619 -0.6929 -0.6718
vn 0.3208 -0.9382 -0.1299
vn 0.3186 -0.9448 -0.0766
vn 0.2356 -0.3410 -0.9101
vn 0.1690 -0.2503 -0.9533
vn 0.3271 -0.9344 -0.1409
vn 0.3190 -0.9372 -0.1414
vn 0.3181 -0.9009 -0.2954
vn 0.2168 -0.3515 -0.9107
vn 0.2073 -0.3344 -0.9193
vn 0.2278 -0.3134 -0.9219
vn 0.2130 -0.5416 -0.8132
vn 0.3573 -0.0596 -0.9321
vn 0.3165 -0.9326 -0.1735
vn 0.3284 -0.9377 -0.1136
vn 0.2685 -0.8118 -0.5186
vn 0.2127 -0.7429 -0.6347
vn 0.2963 -0.8662 -0.4024
vn 0.3107 -0.9485 -0.0611
vn 0.3162 -0.9391 -0.1348
vn 0.5222 -0.4365 -0.7326
vn 0.3463 -0.9362 -0.0605
vn 0.3125 -0.9391 -0.1431
vn 0.2477 -0.4364 -0.8650
vn 0.5438 -0.2714 -0.7942
vn 0.2025 -0.8953 -0.3967
vn 0.2469 -0.9514 -0.1838
vn 0.2197 -0.6196 -0.7536
vn 0.2898 -0.3312 -0.8980
vn 0.2482 -0.9554 -0.1602
vn 0.3782 -0.1275 -0.9169
vn 0.2906 -0.9484 -0.1267
vn 0.2828 -0.9411 -0.1853
vn 0.1849 -0.9466 -0.2641
vn 0.2035 -0.8425 -0.4988
vn 0.2410 -0.9577 -0.1574
vn 0.2316 -0.9714 -0.0531
vn 0.2076 -0.9703 -0.1242
vn 0.1903 -0.9579 -0.2148
vn 0.2295 -0.7542 -0.6152
vn 0.2606 -0.9490 -0.1776
vn 0.3218 -0.4636 -0.8256
vn 0.3941 -0.2275 -0.8905
vn 0.4384 -0.7356 -0.5164
vn 0.4862 0.1412 -0.8623
vn 0.1497 -0.9669 -0.2064
vn 0.1195 -0.9678 -0.2217
vn -0.0277 -0.9681 -0.2490
vn 0.1456 -0.9449 -0.2931
vn 0.1411 -0.9257 -0.3509
vn 0.2025 -0.8713 -0.4471
vn -0.0117 -0.9716 -0.2363
vn 0.0121 -0.9556 -0.2944
vn 0.4083 -0.3030 -0.8611
vn 0.2421 -0.8084 -0.5366
vn 0.0330 -0.9559 -0.2919
vn 0.3205 -0.6381 -0.7001
vn -0.1518 -0.9313 -0.3312
vn 0.0448 -0.9650 -0.2583
vn 0.4483 -0.1268 -0.8848
vn -0.0190 -0.9150 -0.4031
vn 0.3989 -0.4236 -0.8133
vn -0.1349 -0.9245 -0.3566
vn -0.0932 -0.9044 -0.4163
vn -0.0348 -0.9259 -0.3762
vn 0.1070 -0.9106 -0.3993
vn 0.2884 -0.7279 -0.6220
vn 0.1736 -0.8902 -0.4212
vn 0.2096 -0.5246 -0.8251
vn -0.0644 -0.9405 -0.3335
vn 0.3904 -0.4869 -0.7814
vn -0.1722 -0.8842 -0.4342
vn 0.5106 -0.2400 -0.8257
vn 0.5210 0.2372 -0.8200
vn -0.1241 -0.8952 -0.4281
vn -0.0613 -0.8937 -0.4444
vn -0.0253 -0.9311 -0.3639
vn -0.0630 -0.8961 -0.4394
vn -0.0877 -0.9173 -0.3885
vn 0.1671 -0.5725 -0.8027
vn 0.2469 -0.8617 -0.4432
vn 0.2329 -0.8308 -0.5055
vn -0.0855 -0.8988 -0.4300
vn 0.5443 -0.5371 -0.6444
vn 0.3652 -0.6586 -0.6579
vn 0.2013 -0.8739 -0.4425
vn -0.0346 -0.9243 -0.3802
vn -0.0538 -0.9008 -0.4309
vn 0.3093 -0.4897 -0.8152
vn 0.6827 -0.2110 -0.6995
vn -0.0303 -0.9070 -0.4200
vn 0.0903 -0.9068 -0.4117
vn 0.4509 -0.7616 -0.4654
vn 0.7934 0.0654 -0.6052
vn -0.0309 -0.9152 -0.4019
vn 0.1750 -0.8781 -0.4454
vn 0.1029 -0.9143 -0.3917
vn 0.7031 -0.4261 -0.5693
vn -0.0213 -0.8934 -0.4489
vn 0.6665 -0.5939 -0.4506
vn 0.0046 -0.9109 -0.4126
vn -0.0256 -0.9141 -0.4046
vn 0.3782 -0.8279 -0.4141
vn 0.3153 -0.8525 -0.4170
vn 0.2054 -0.8874 -0.4127
vn 0.4396 -0.8092 -0.3897
vn 0.0359 -0.9134 -0.4056
vn 0.3387 -0.8507 -0.4019
vn 0.3004 -0.5634 -0.7697
vn 0.6382 -0.6945 -0.3323
vn 0.0363 -0.9036 -0.4268
vn 0.0403 -0.9129 -0.4062
vn 0.0874 -0.9150 -0.3940
vn 0.4547 -0.8014 -0.3885
vn 0.1018 -0.9165 -0.3870
vn 0.6555 -0.6902 -0.3066
vn 0.1780 -0.9196 -0.3502
vn 0.3049 -0.8711 -0.3849
vn 0.8038 -0.5264 -0.2772
vn 0.1163 -0.9255 -0.3605
vn 0.4624 -0.2843 -0.8399
vn 0.2669 -0.8991 -0.3470
vn 0.1681 -0.9220 -0.3488
vn 0.6884 -0.6572 -0.3070
vn 0.1519 -0.9297 -0.3355
vn 0.5160 -0.7799 -0.3543
vn 0.1712 -0.8833 -0.4364
vn 0.3877 -0.8447 -0.3690
vn 0.2194 -0.9242 -0.3126
vn 0.4130 -0.8537 -0.3170
vn 0.2540 -0.9069 -0.3361
vn 0.2372 -0.9045 -0.3545
vn 0.3419 -0.8805 -0.3283
vn 0.2235 -0.9227 -0.3140
vn 0.2581 -0.9156 -0.3083
vn 0.4867 -0.3707 -0.7910
vn 0.7316 -0.6217 -0.2799
vn 0.3362 -0.9142 -0.2264
vn 0.5641 -0.7552 -0.3338
vn 0.3125 -0.9150 -0.2551
vn 0.7527 -0.6027 -0.2650
vn 0.3179 -0.9182 -0.2363
vn 0.3549 -0.8858 -0.2989
vn 0.6135 -0.7425 -0.2689
vn 0.4948 -0.6921 -0.5256
vn 0.3100 -0.9170 -0.2509
vn 0.5507 -0.8077 -0.2105
vn 0.4528 -0.8608 -0.2325
vn 0.4028 -0.8866 -0.2275
vn 0.6116 -0.7851 -0.0976
vn 0.5845 -0.8112 -0.0167
vn 0.5833 -0.8110 -0.0460
vn 0.5424 -0.8354 -0.0889
vn 0.6415 -0.3403 -0.6875
vn 0.7843 -0.6176 -0.0591
vn 0.7997 -0.5937 0.0889
vt 0.887346 0.672335
vt 0.900437 0.672399
vt 0.889668 0.675105
vt 0.939402 0.672600
vt 0.952923 0.675971
vt 0.946314 0.679197
vt 0.929195 0.676438
vt 0.920731 0.671496
vt 0.911876 0.684046
vt 0.712477 0.669558
vt 0.691437 0.675443
vt 0.696575 0.669446
vt 0.731848 0.670380
vt 0.717047 0.678877
vt 0.751427 0.673216
vt 0.739760 0.686139
vt 0.681224 0.675224
vt 0.688548 0.671136
vt 0.878958 0.674466
vt 0.890965 0.693040
vt 0.751270 0.678577
vt 0.872920 0.686184
vt 0.857994 0.677970
vt 0.679986 0.684974
vt 0.968131 0.681588
vt 0.964542 0.686777
vt 0.778733 0.678591
vt 0.767856 0.685615
vt 0.933599 0.694495
vt 0.672387 0.686151
vt 0.836645 0.685978
vt 0.836984 0.680266
vt 0.853151 0.687418
vt 0.825898 0.682294
vt 0.816644 0.686246
vt 0.811762 0.682443
vt 0.696117 0.693473
vt 0.789928 0.688225
vt 0.796184 0.681265
vt 0.807698 0.696112
vt 0.985301 0.699523
vt 0.952951 0.699396
vt 0.718405 0.700396
vt 0.826670 0.697495
vt 0.844105 0.705645
vt 0.975576 0.705456
vt 0.671743 0.703645
vt 0.915726 0.707732
vt 0.771981 0.710311
vt 0.754069 0.703147
vt 0.793244 0.714185
vt 0.666778 0.700980
vt 0.738655 0.700395
vt 0.864408 0.706244
vt 0.988262 0.712729
vt 0.816993 0.716463
vt 0.727582 0.709982
vt 0.682901 0.715945
vt 0.944803 0.715311
vt 0.887972 0.714111
vt 0.699801 0.714740
vt 0.958205 0.732652
vt 0.933944 0.717596
vt 0.737696 0.711837
vt 0.981325 0.726546
vt 0.909242 0.715576
vt 0.925754 0.717551
vt 0.666801 0.718509
vt 0.751816 0.716133
vt 0.889690 0.719199
vt 0.847964 0.718428
vt 0.727400 0.714202
vt 0.870450 0.717645
vt 0.715479 0.719122
vt 0.735429 0.714520
vt 0.938110 0.727428
vt 0.781090 0.721594
vt 0.765816 0.719292
vt 0.859593 0.722242
vt 0.944135 0.732399
vt 0.827966 0.725040
vt 0.709992 0.725245
vt 0.994227 0.730413
vt 0.792553 0.723761
vt 0.812503 0.724679
vt 0.844064 0.724221
vt 0.991300 0.740766
vt 0.976270 0.741702
vt 0.709181 0.734744
vt 0.696434 0.732607
vt 0.679057 0.750832
vt 0.938415 0.746011
vt 0.667351 0.736047
vt 0.701333 0.757441
vt 0.941804 0.748814
vt 0.692534 0.745741
vt 0.669977 0.748350
vt 0.953988 0.759535
vt 0.716156 0.751119
vt 0.980627 0.765729
vt 0.990808 0.762007
vt 0.938559 0.764014
vt 0.717272 0.767396
vt 0.675851 0.762780
vt 0.945754 0.790140
vt 0.985446 0.782054
vt 0.686091 0.773308
vt 0.724809 0.770935
vt 0.963746 0.783630
vt 0.700847 0.783436
vt 0.936871 0.788850
vt 0.977758 0.788578
vt 0.726993 0.794908
vt 0.684477 0.779963
vt 0.731975 0.786041
vt 0.690046 0.793296
vt 0.962536 0.808687
vt 0.977509 0.810888
vt 0.700219 0.801587
vt 0.934944 0.808512
vt 0.741143 0.805455
vt 0.950287 0.817856
vt 0.696934 0.810603
vt 0.936835 0.824299
vt 0.718842 0.816382
vt 0.733786 0.828101
vt 0.929233 0.823222
vt 0.750763 0.818112
vt 0.707819 0.823982
vt 0.703721 0.826990
vt 0.968965 0.836656
vt 0.952586 0.836913
vt 0.749750 0.836291
vt 0.759229 0.833575
vt 0.927331 0.834385
vt 0.933210 0.846191
vt 0.707157 0.839218
vt 0.713773 0.846336
vt 0.927610 0.850963
vt 0.758672 0.848268
vt 0.962123 0.853504
vt 0.729396 0.855428
vt 0.744935 0.851261
vt 0.939556 0.862307
vt 0.702255 0.851276
vt 0.972764 0.859002
vt 0.962128 0.869846
vt 0.750505 0.864001
vt 0.700880 0.860889
vt 0.930248 0.867337
vt 0.713765 0.881233
vt 0.691492 0.867510
vt 0.943391 0.876878
vt 0.742963 0.864663
vt 0.978524 0.878436
vt 0.743067 0.873746
vt 0.732232 0.875430
vt 0.697892 0.875563
vt 0.972444 0.881715
vt 0.934891 0.881973
vt 0.955322 0.890612
vt 0.694115 0.889594
vt 0.736236 0.888435
vt 0.682152 0.882097
vt 0.971254 0.898218
vt 0.940542 0.896767
vt 0.988123 0.901741
vt 0.725622 0.899028
vt 0.685695 0.897722
vt 0.702018 0.906975
vt 0.985974 0.909885
vt 0.676822 0.899335
vt 0.952058 0.908997
vt 0.730216 0.905416
vt 0.971961 0.914400
vt 0.681485 0.917264
vt 0.945081 0.911840
vt 0.992399 0.924806
vt 0.674516 0.916070
vt 0.961749 0.922170
vt 0.953110 0.921617
vt 0.988509 0.928108
vt 0.698918 0.931760
vt 0.952242 0.927256
vt 0.726435 0.921104
vt 0.717924 0.926661
vt 0.972643 0.934988
vt 0.959511 0.936999
vt 0.675547 0.933431
vt 0.989376 0.944447
vt 0.996998 0.940885
vt 0.726716 0.936004
vt 0.954499 0.940492
vt 0.686344 0.938590
vt 0.717782 0.941119
vt 0.960022 0.949054
vt 0.677712 0.948996
vt 0.977739 0.954549
vt 0.848372 0.940958
vt 0.827059 0.951508
vt 0.823167 0.940109
vt 0.806224 0.941337
vt 0.804770 0.946619
vt 0.995738 0.953931
vt 0.870240 0.943058
vt 0.850990 0.950149
vt 0.948532 0.950541
vt 0.672943 0.952991
vt 0.727942 0.953517
vt 0.791189 0.943882
vt 0.873314 0.950982
vt 0.888228 0.947112
vt 0.695461 0.956537
vt 0.730823 0.945644
vt 0.778002 0.952234
vt 0.904578 0.950995
vt 0.891268 0.952178
vt 0.713887 0.962588
vt 0.860747 0.971410
vt 0.987558 0.961225
vt 0.903131 0.966051
vt 0.932865 0.962149
vt 0.935950 0.954443
vt 0.920470 0.953199
vt 0.956724 0.970671
vt 0.739792 0.955954
vt 0.877297 0.965967
vt 0.809084 0.963696
vt 0.789015 0.963716
vt 0.976350 0.970439
vt 0.765796 0.954195
vt 0.768208 0.965561
vt 0.992904 0.965795
vt 0.756020 0.965483
vt 0.752315 0.958658
vt 0.828874 0.968603
vt 0.941774 0.971235
vt 0.678543 0.965623
vt 0.842684 0.974847
vt 0.737123 0.968804
vt 0.925266 0.986855
vt 0.775780 0.981486
vt 0.799932 0.979209
vt 0.967909 0.983259
vt 0.984407 0.978460
vt 0.674757 0.971344
vt 0.990786 0.974842
vt 0.694101 0.977097
vt 0.748770 0.976616
vt 0.731408 0.980716
vt 0.820733 0.980125
vt 0.984980 0.983485
vt 0.884364 0.983671
vt 0.752168 0.987861
vt 0.681867 0.979639
vt 0.948189 0.992537
vt 0.678323 0.986121
vt 0.839864 0.984425
vt 0.716375 0.991423
vt 0.907119 0.992611
vt 0.864933 0.985957
vt 0.971318 0.992804
vt 0.812695 0.985784
vt 0.960477 0.994334
vt 0.887825 0.990472
vt 0.789549 0.989500
vt 0.922641 0.997375
vt 0.772130 0.992762
vt 0.696012 0.995398
vt 0.729428 0.997123
vt 0.954433 0.999651
vt 0.939370 0.999666
vt 0.685586 0.996615
vt 0.751736 0.996529
vt 0.711717 0.999178
vt 0.683921 0.997475
vt 0.696979 0.999666
vt 0.780712 0.669002
vt 0.762615 0.669333
vt 0.770291 0.656042
vt 0.789413 0.658226
vt 0.969917 0.672782
vt 0.972526 0.669649
vt 0.981508 0.671160
vt 0.802218 0.665185
vt 0.785730 0.646496
vt 0.753502 0.664274
vt 0.973438 0.661531
vt 0.980589 0.657379
vt 0.960915 0.664641
vt 0.804899 0.656306
vt 0.792739 0.611983
vt 0.805904 0.605126
vt 0.806030 0.618117
vt 0.989177 0.668285
vt 0.954309 0.669849
vt 0.960637 0.653412
vt 0.963948 0.643067
vt 0.811099 0.643322
vt 0.786504 0.629855
vt 0.814599 0.578149
vt 0.805915 0.587420
vt 0.801353 0.580569
vt 0.996073 0.672698
vt 0.775579 0.631369
vt 0.799900 0.632406
vt 0.784105 0.618516
vt 0.827547 0.655053
vt 0.813669 0.630919
vt 0.823013 0.623509
vt 0.815656 0.610550
vt 0.938486 0.667256
vt 0.753978 0.672782
vt 0.943396 0.659536
vt 0.758051 0.650284
vt 0.974936 0.641391
vt 0.940858 0.646398
vt 0.766798 0.639049
vt 0.781177 0.611458
vt 0.793844 0.602876
vt 0.819659 0.662206
vt 0.823075 0.666720
vt 0.817672 0.597204
vt 0.800030 0.595158
vt 0.835167 0.662523
vt 0.943492 0.627645
vt 0.961681 0.628989
vt 0.825336 0.640852
vt 0.770211 0.625553
vt 0.790641 0.588864
vt 0.806690 0.569143
vt 0.817191 0.565049
vt 0.825727 0.563939
vt 0.986206 0.649551
vt 0.827480 0.610917
vt 0.826236 0.616665
vt 0.793116 0.597175
vt 0.923523 0.630486
vt 0.947887 0.609138
vt 0.966268 0.616607
vt 0.783319 0.596242
vt 0.832457 0.632637
vt 0.838531 0.644288
vt 0.931672 0.610232
vt 0.829825 0.586743
vt 0.826946 0.573244
vt 0.839197 0.618940
vt 0.793773 0.574668
vt 0.817973 0.556391
vt 0.918305 0.657659
vt 0.844909 0.656396
vt 0.838872 0.627222
vt 0.996998 0.665919
vt 0.982930 0.633355
vt 0.844095 0.630452
vt 0.922210 0.641932
vt 0.840415 0.602546
vt 0.954052 0.595716
vt 0.921482 0.666861
vt 0.852161 0.660315
vt 0.756473 0.637727
vt 0.771090 0.612038
vt 0.906004 0.642939
vt 0.914235 0.617603
vt 0.855568 0.615309
vt 0.914207 0.598935
vt 0.930729 0.592912
vt 0.856361 0.638273
vt 0.797820 0.561795
vt 0.832922 0.553404
vt 0.908646 0.665643
vt 0.900590 0.658098
vt 0.864850 0.652135
vt 0.869758 0.661013
vt 0.938325 0.580718
vt 0.837190 0.563229
vt 0.825794 0.548007
vt 0.965081 0.593098
vt 0.848676 0.569061
vt 0.849121 0.547276
vt 0.893194 0.630731
vt 0.897013 0.612461
vt 0.898270 0.600409
vt 0.975001 0.609234
vt 0.884031 0.607836
vt 0.881945 0.597547
vt 0.894239 0.588307
vt 0.882894 0.588369
vt 0.851333 0.582729
vt 0.912514 0.581028
vt 0.850606 0.558432
vt 0.886706 0.663448
vt 0.885343 0.650617
vt 0.870552 0.616434
vt 0.836998 0.542067
vt 0.783425 0.581320
vt 0.949840 0.575789
vt 0.932365 0.567933
vt 0.879276 0.638304
vt 0.859705 0.596860
vt 0.874797 0.589553
vt 0.865160 0.583304
vt 0.866787 0.593915
vt 0.858378 0.574050
vt 0.860391 0.564826
vt 0.878139 0.623286
vt 0.980799 0.621224
vt 0.871296 0.602803
vt 0.895041 0.573382
vt 0.884577 0.576229
vt 0.911793 0.568200
vt 0.896915 0.565443
vt 0.867018 0.554198
vt 0.773948 0.592377
vt 0.878367 0.579284
vt 0.888730 0.566110
vt 0.869940 0.570382
vt 0.884825 0.560640
vt 0.846393 0.536363
vt 0.898410 0.551621
vt 0.880397 0.550028
vt 0.822795 0.537105
vt 0.911750 0.555425
vt 0.879275 0.570347
vt 0.785491 0.568122
vt 0.876197 0.561841
vt 0.814266 0.544877
vt 0.874891 0.535337
vt 0.885984 0.565930
vt 0.797986 0.547978
vt 0.861994 0.527257
vt 0.960546 0.570096
vt 0.941508 0.562531
vt 0.923326 0.551358
vt 0.889093 0.537453
vt 0.978390 0.595951
vt 0.838827 0.528590
vt 0.787192 0.556405
vt 0.851018 0.514425
vt 0.968577 0.581590
vt 0.951068 0.556294
vt 0.811652 0.534020
vt 0.823375 0.524131
vt 0.878541 0.522157
vt 0.806265 0.537718
vt 0.902691 0.537000
vt 0.835880 0.517217
vt 0.937822 0.543549
vt 0.923675 0.538032
vt 0.866346 0.512037
vt 0.900541 0.523387
vt 0.889750 0.527579
vt 0.968273 0.560387
vt 0.876261 0.507117
vt 0.780841 0.553530
vt 0.777067 0.560199
vt 0.797668 0.539614
vt 0.795532 0.531451
vt 0.890694 0.518313
vt 0.781150 0.546662
vt 0.787314 0.539990
vt 0.930683 0.527182
vt 0.944192 0.532993
vt 0.914395 0.519078
vt 0.803057 0.521745
vt 0.954837 0.540968
vt 0.898571 0.512201
vt 0.858243 0.497335
vt 0.927584 0.514934
vt 0.835282 0.502002
vt 0.817336 0.511633
vt 0.890389 0.498810
vt 0.841696 0.491320
vt 0.909091 0.499826
vt 0.778786 0.525752
vt 0.787619 0.513985
vt 0.877256 0.487750
vt 0.828015 0.491835
vt 0.806467 0.503783
vt 0.847131 0.477457
vt 0.816696 0.488286
vt 0.866221 0.483362
vt 0.943029 0.513587
vt 0.893229 0.487336
vt 0.923645 0.499458
vt 0.828991 0.480707
vt 0.834937 0.469458
vt 0.910824 0.488720
vt 0.873657 0.474464
vt 0.898658 0.478836
vt 0.884900 0.475647
vt 0.791460 0.492566
vt 0.859635 0.467393
vt 0.851372 0.470971
vt 0.823668 0.469856
vt 0.879784 0.467484
vt 0.839387 0.459769
vt 0.806990 0.474946
vt 0.852843 0.458039
vt 0.890183 0.468163
vt 0.863707 0.452187
vt 0.820948 0.451052
vt 0.878819 0.456126
vt 0.808478 0.460107
vt 0.843944 0.447396
vt 0.789842 0.471726
vt 0.834522 0.447377
vt 0.838478 0.439552
vt 0.794488 0.450663
vt 0.846472 0.439249
vt 0.823639 0.439109
vt 0.842477 0.426492
vt 0.832066 0.422296
vt 0.848807 0.412108
vt 0.844771 0.399933
vt 0.888843 0.437963
vt 0.897106 0.422967
vt 0.899166 0.439293
vt 0.880618 0.422470
vt 0.877501 0.436136
vt 0.909310 0.427722
vt 0.867445 0.411509
vt 0.866396 0.425955
vt 0.855512 0.422204
vt 0.917085 0.417031
vt 0.856474 0.402686
vt 0.884762 0.410802
vt 0.905039 0.409675
vt 0.845706 0.398513
vt 0.844996 0.384433
vt 0.862394 0.393661
vt 0.913731 0.400502
vt 0.852673 0.375801
vt 0.840022 0.369332
vt 0.874751 0.388749
vt 0.896683 0.392656
vt 0.924692 0.401062
vt 0.919054 0.383678
vt 0.841085 0.355198
vt 0.831146 0.359294
vt 0.931853 0.384472
vt 0.829508 0.343765
vt 0.907885 0.391352
vt 0.852932 0.361928
vt 0.865111 0.370085
vt 0.819297 0.332312
vt 0.833214 0.329377
vt 0.817966 0.291396
vt 0.810226 0.304906
vt 0.803639 0.280814
vt 0.818435 0.313767
vt 0.828673 0.313677
vt 0.925939 0.359931
vt 0.876310 0.368100
vt 0.840020 0.339777
vt 0.889446 0.376778
vt 0.852907 0.340801
vt 0.943622 0.360798
vt 0.914294 0.373128
vt 0.804257 0.264870
vt 0.860876 0.350582
vt 0.900448 0.371547
vt 0.890760 0.362141
vt 0.936938 0.349071
vt 0.843984 0.323590
vt 0.873667 0.354689
vt 0.809481 0.253954
vt 0.794846 0.249147
vt 0.906905 0.356399
vt 0.820861 0.270386
vt 0.945571 0.339750
vt 0.799108 0.240500
vt 0.792708 0.229816
vt 0.839048 0.301537
vt 0.874703 0.337353
vt 0.829134 0.288452
vt 0.889247 0.344255
vt 0.807292 0.238271
vt 0.860445 0.323589
vt 0.922722 0.340742
vt 0.820249 0.246318
vt 0.830534 0.260208
vt 0.834534 0.275955
vt 0.887096 0.219891
vt 0.883694 0.203001
vt 0.903588 0.207265
vt 0.801645 0.225291
vt 0.936341 0.327313
vt 0.909111 0.200161
vt 0.873200 0.213224
vt 0.908080 0.226741
vt 0.852918 0.307310
vt 0.787645 0.212037
vt 0.908676 0.335289
vt 0.924036 0.201380
vt 0.815569 0.224140
vt 0.856463 0.217022
vt 0.861594 0.202462
vt 0.832339 0.247448
vt 0.879596 0.316819
vt 0.926332 0.197531
vt 0.923832 0.218366
vt 0.857620 0.230949
vt 0.863730 0.305453
vt 0.951272 0.323559
vt 0.936877 0.203875
vt 0.875799 0.235702
vt 0.835662 0.230897
vt 0.856517 0.286402
vt 0.797961 0.209338
vt 0.848323 0.250417
vt 0.890039 0.240255
vt 0.844191 0.271316
vt 0.895691 0.330935
vt 0.941871 0.195225
vt 0.843994 0.209721
vt 0.904233 0.239957
vt 0.864645 0.250049
vt 0.857841 0.263613
vt 0.843122 0.199816
vt 0.878680 0.249657
vt 0.789475 0.197576
vt 0.780854 0.196824
vt 0.881550 0.304392
vt 0.893584 0.318514
vt 0.924074 0.321895
vt 0.809066 0.213594
vt 0.823909 0.211127
vt 0.881368 0.267130
vt 0.944225 0.315981
vt 0.951958 0.197252
vt 0.832776 0.202307
vt 0.922434 0.237038
vt 0.875102 0.293055
vt 0.869837 0.279156
vt 0.957407 0.190885
vt 0.943755 0.210573
vt 0.893031 0.259409
vt 0.801575 0.199361
vt 0.893530 0.303102
vt 0.910848 0.318619
vt 0.826427 0.195568
vt 0.959239 0.204441
vt 0.937791 0.230122
vt 0.904704 0.254470
vt 0.816153 0.198052
vt 0.900509 0.279035
vt 0.781713 0.189793
vt 0.794948 0.190104
vt 0.969537 0.194081
vt 0.961736 0.306468
vt 0.954308 0.303518
vt 0.906614 0.307249
vt 0.919641 0.255513
vt 0.810437 0.192764
vt 0.909123 0.294056
vt 0.937246 0.245149
vt 0.914989 0.268423
vt 0.948873 0.222445
vt 0.918495 0.303834
vt 0.934596 0.299370
vt 0.960214 0.293663
vt 0.974600 0.273034
vt 0.970716 0.289321
vt 0.962534 0.278212
vt 0.947867 0.295125
vt 0.969617 0.213519
vt 0.976276 0.236639
vt 0.989771 0.222837
vt 0.982920 0.245595
vt 0.926846 0.276717
vt 0.949100 0.234941
vt 0.933805 0.264673
vt 0.976833 0.200766
vt 0.926954 0.289267
vt 0.954430 0.281655
vt 0.962440 0.236160
vt 0.966947 0.264839
vt 0.982456 0.210985
vt 0.994001 0.208692
vt 0.976798 0.223940
vt 0.941266 0.278582
vt 0.968740 0.252249
vt 0.991468 0.197311
vt 0.947006 0.259591
vt 0.950911 0.246904
vt 0.996998 0.189793
vt 0.983847 0.192462
vt 0.954697 0.268471
vt 0.956369 0.255025
vt 0.412982 0.229788
vt 0.429262 0.230724
vt 0.413240 0.239259
vt 0.424392 0.241431
vt 0.413230 0.251029
vt 0.401956 0.246355
vt 0.402341 0.234596
vt 0.420759 0.255709
vt 0.407511 0.258637
vt 0.417451 0.220177
vt 0.427326 0.219418
vt 0.393032 0.234432
vt 0.388451 0.242533
vt 0.385744 0.255719
vt 0.431035 0.256162
vt 0.399524 0.266551
vt 0.399425 0.219521
vt 0.376199 0.246726
vt 0.364800 0.256239
vt 0.374970 0.263643
vt 0.366948 0.241488
vt 0.411737 0.265838
vt 0.376035 0.231683
vt 0.439841 0.239972
vt 0.349905 0.244064
vt 0.439918 0.217435
vt 0.348464 0.257150
vt 0.441620 0.230725
vt 0.354697 0.268090
vt 0.357855 0.233842
vt 0.363658 0.268021
vt 0.429422 0.205851
vt 0.343971 0.236333
vt 0.329433 0.260080
vt 0.334596 0.249809
vt 0.343250 0.267939
vt 0.361729 0.224127
vt 0.384509 0.221043
vt 0.383866 0.271261
vt 0.414452 0.201804
vt 0.452249 0.220290
vt 0.328198 0.241617
vt 0.311531 0.251622
vt 0.439820 0.255072
vt 0.450891 0.236591
vt 0.328712 0.228780
vt 0.348446 0.223770
vt 0.319188 0.239670
vt 0.374485 0.276549
vt 0.418448 0.270952
vt 0.329472 0.270345
vt 0.409505 0.274527
vt 0.311546 0.266596
vt 0.321932 0.267998
vt 0.428771 0.269479
vt 0.360700 0.276635
vt 0.394745 0.274948
vt 0.299255 0.236746
vt 0.447891 0.246653
vt 0.312923 0.275675
vt 0.346620 0.276331
vt 0.364488 0.211558
vt 0.324381 0.277349
vt 0.339231 0.277336
vt 0.296798 0.256464
vt 0.397205 0.196592
vt 0.331640 0.215439
vt 0.448778 0.198933
vt 0.305358 0.219739
vt 0.303452 0.276206
vt 0.439550 0.185179
vt 0.299172 0.270640
vt 0.337536 0.289656
vt 0.465780 0.224238
vt 0.352531 0.286563
vt 0.387401 0.280317
vt 0.380242 0.198174
vt 0.307379 0.282512
vt 0.353990 0.201920
vt 0.315172 0.282404
vt 0.440622 0.268356
vt 0.323423 0.290828
vt 0.397901 0.282755
vt 0.315410 0.209635
vt 0.368830 0.288115
vt 0.451668 0.260469
vt 0.464886 0.202841
vt 0.420739 0.281306
vt 0.462702 0.242952
vt 0.278303 0.244119
vt 0.411031 0.179673
vt 0.410195 0.283845
vt 0.333297 0.201613
vt 0.301979 0.197348
vt 0.316945 0.196848
vt 0.286687 0.260957
vt 0.311587 0.292490
vt 0.371999 0.187009
vt 0.420593 0.160942
vt 0.327444 0.186109
vt 0.296715 0.281851
vt 0.399881 0.163565
vt 0.383790 0.173604
vt 0.286160 0.275593
vt 0.384519 0.289717
vt 0.283163 0.203597
vt 0.345469 0.188838
vt 0.464966 0.181170
vt 0.265518 0.214782
vt 0.308991 0.177195
vt 0.358639 0.183458
vt 0.347418 0.168040
vt 0.433835 0.277829
vt 0.449582 0.164272
vt 0.299970 0.290667
vt 0.285593 0.188464
vt 0.369960 0.170810
vt 0.329596 0.156583
vt 0.399463 0.293637
vt 0.291187 0.168719
vt 0.276224 0.174922
vt 0.309014 0.154924
vt 0.264511 0.189093
vt 0.345614 0.130509
vt 0.357926 0.155895
vt 0.484528 0.208757
vt 0.271535 0.266346
vt 0.476495 0.236488
vt 0.481997 0.222381
vt 0.376997 0.153849
vt 0.273466 0.158704
vt 0.406978 0.135718
vt 0.431861 0.141892
vt 0.486902 0.182151
vt 0.418334 0.295034
vt 0.321021 0.132570
vt 0.291168 0.148542
vt 0.262551 0.238248
vt 0.288850 0.289722
vt 0.301390 0.301422
vt 0.253431 0.168880
vt 0.314627 0.306893
vt 0.358598 0.299438
vt 0.330003 0.298861
vt 0.267308 0.135657
vt 0.372724 0.133168
vt 0.373277 0.298794
vt 0.252336 0.145458
vt 0.349980 0.296291
vt 0.408272 0.295385
vt 0.287966 0.118396
vt 0.313422 0.096106
vt 0.473857 0.161238
vt 0.338323 0.108679
vt 0.241211 0.193640
vt 0.390257 0.117950
vt 0.429794 0.292138
vt 0.228473 0.148803
vt 0.248325 0.231446
vt 0.462040 0.142057
vt 0.291791 0.298980
vt 0.367709 0.100968
vt 0.278186 0.283292
vt 0.231350 0.167166
vt 0.498952 0.144857
vt 0.340976 0.302542
vt 0.234370 0.120239
vt 0.477579 0.127784
vt 0.235257 0.212097
vt 0.511971 0.162622
vt 0.324579 0.305687
vt 0.258062 0.104596
vt 0.215242 0.184216
vt 0.445484 0.128226
vt 0.503056 0.204758
vt 0.508967 0.105230
vt 0.431651 0.107583
vt 0.277467 0.087366
vt 0.251926 0.249245
vt 0.484904 0.069293
vt 0.457949 0.097176
vt 0.210533 0.096084
vt 0.205818 0.130422
vt 0.195117 0.163403
vt 0.347799 0.063890
vt 0.534388 0.128259
vt 0.409425 0.098879
vt 0.392132 0.086866
vt 0.360596 0.309259
vt 0.246909 0.072540
vt 0.309540 0.064327
vt 0.351261 0.306652
vt 0.275261 0.069352
vt 0.513497 0.067557
vt 0.390334 0.302543
vt 0.380638 0.070077
vt 0.543380 0.084167
vt 0.443910 0.070154
vt 0.539602 0.155741
vt 0.247893 0.259573
vt 0.233175 0.238384
vt 0.494634 0.029424
vt 0.536374 0.035238
vt 0.380906 0.306001
vt 0.570594 0.093845
vt 0.527050 0.186232
vt 0.267570 0.278000
vt 0.257080 0.272401
vt 0.207256 0.072313
vt 0.294169 0.043676
vt 0.568701 0.056937
vt 0.174184 0.122254
vt 0.413521 0.073483
vt 0.180431 0.089895
vt 0.237208 0.054536
vt 0.499302 0.225827
vt 0.259970 0.048547
vt 0.568354 0.134174
vt 0.197754 0.203084
vt 0.605690 0.063592
vt 0.464521 0.016914
vt 0.575500 0.019671
vt 0.607094 0.030737
vt 0.160405 0.103797
vt 0.306615 0.311936
vt 0.538106 0.008609
vt 0.593685 0.097789
vt 0.215627 0.223179
vt 0.158288 0.144346
vt 0.271452 0.038195
vt 0.500025 0.003499
vt 0.329165 0.031459
vt 0.378484 0.039505
vt 0.424983 0.045764
vt 0.253429 0.043216
vt 0.298999 0.311972
vt 0.401083 0.047212
vt 0.524512 0.209954
vt 0.624413 0.037881
vt 0.306003 0.025380
vt 0.372506 0.309553
vt 0.139194 0.122723
vt 0.364851 0.019324
vt 0.633386 0.052337
vt 0.166784 0.182701
vt 0.619148 0.090256
vt 0.447716 0.000334
vt 0.290405 0.311619
vt 0.645333 0.043229
vt 0.431327 0.012561
vt 0.403600 0.013824
vt 0.542904 0.192402
vt 0.195948 0.221247
vt 0.228998 0.249743
vt 0.341728 0.017052
vt 0.559779 0.169671
vt 0.414444 0.001221
vt 0.137475 0.156052
vt 0.360179 0.009683
vt 0.202577 0.240417
vt 0.385565 0.005345
vt 0.585163 0.151682
vt 0.170080 0.206793
vt 0.108575 0.153404
vt 0.470977 0.253282
vt 0.452111 0.272105
vt 0.449108 0.283000
vt 0.464576 0.267729
vt 0.440437 0.287098
vt 0.494237 0.240633
vt 0.461276 0.283913
vt 0.477214 0.267307
vt 0.490546 0.260185
vt 0.442319 0.299112
vt 0.469802 0.277142
vt 0.449271 0.292628
vt 0.533284 0.220997
vt 0.515876 0.233279
vt 0.643414 0.091112
vt 0.609962 0.132031
vt 0.432304 0.306787
vt 0.505805 0.250900
vt 0.457539 0.295238
vt 0.672675 0.062288
vt 0.572766 0.180776
vt 0.558842 0.204386
vt 0.473426 0.292958
vt 0.484962 0.277452
vt 0.452067 0.308761
vt 0.673785 0.088109
vt 0.628386 0.148742
vt 0.600952 0.163036
vt 0.524076 0.242775
vt 0.548085 0.225262
vt 0.658510 0.129958
vt 0.438248 0.314002
vt 0.510861 0.269282
vt 0.690220 0.129913
vt 0.701580 0.091127
vt 0.618572 0.190453
vt 0.587532 0.196874
vt 0.489575 0.292978
vt 0.463570 0.301743
vt 0.538126 0.256420
vt 0.557034 0.232603
vt 0.574784 0.221575
vt 0.474515 0.305214
vt 0.648426 0.161420
vt 0.595236 0.214137
vt 0.454350 0.323915
vt 0.564001 0.244325
vt 0.468024 0.314737
vt 0.441249 0.322028
vt 0.727171 0.125778
vt 0.587627 0.241161
vt 0.506631 0.300890
vt 0.642854 0.196494
vt 0.724191 0.145761
vt 0.685538 0.169082
vt 0.523763 0.293468
vt 0.490355 0.309700
vt 0.556094 0.264934
vt 0.465111 0.326904
vt 0.544210 0.278919
vt 0.478844 0.321249
vt 0.614294 0.234622
vt 0.711523 0.178798
vt 0.745011 0.164489
vt 0.573291 0.263153
vt 0.446292 0.334227
vt 0.439716 0.331124
vt 0.673166 0.203587
vt 0.639632 0.234636
vt 0.561196 0.282819
vt 0.736986 0.177978
vt 0.538445 0.302226
vt 0.596055 0.267539
vt 0.753729 0.192026
vt 0.704468 0.218705
vt 0.505154 0.324384
vt 0.675230 0.232266
vt 0.455976 0.336819
vt 0.559930 0.302821
vt 0.478424 0.336582
vt 0.522422 0.316341
vt 0.491213 0.328867
vt 0.737967 0.218661
vt 0.445322 0.346067
vt 0.618127 0.260000
vt 0.431871 0.335940
vt 0.435375 0.351362
vt 0.659886 0.271425
vt 0.581102 0.293611
vt 0.467989 0.345777
vt 0.458391 0.346391
vt 0.762351 0.224310
vt 0.693440 0.255975
vt 0.596330 0.297051
vt 0.629369 0.288530
vt 0.727203 0.257863
vt 0.517952 0.333277
vt 0.441509 0.354672
vt 0.553082 0.325539
vt 0.491636 0.341553
vt 0.474916 0.353953
vt 0.762151 0.249499
vt 0.577679 0.312919
vt 0.500724 0.344803
vt 0.451537 0.363171
vt 0.464143 0.358472
vt 0.485215 0.357221
vt 0.699235 0.292494
vt 0.770932 0.263033
vt 0.532131 0.333790
vt 0.601110 0.317593
vt 0.442692 0.363893
vt 0.763548 0.274547
vt 0.571853 0.330205
vt 0.512711 0.349490
vt 0.525014 0.346456
vt 0.623769 0.323514
vt 0.585262 0.327857
vt 0.662881 0.309423
vt 0.546142 0.346579
vt 0.504677 0.357989
vt 0.772181 0.292195
vt 0.492141 0.364411
vt 0.458495 0.369021
vt 0.751708 0.305880
vt 0.570579 0.347457
vt 0.469913 0.369703
vt 0.602443 0.349409
vt 0.518157 0.362850
vt 0.527988 0.357997
vt 0.478225 0.370065
vt 0.692883 0.325969
vt 0.656033 0.328722
vt 0.439246 0.375611
vt 0.771845 0.328624
vt 0.714822 0.331463
vt 0.635554 0.354847
vt 0.510861 0.379384
vt 0.446094 0.381860
vt 0.666521 0.345989
vt 0.463341 0.377414
vt 0.456564 0.380750
vt 0.497874 0.383169
vt 0.543900 0.366819
vt 0.557657 0.367868
vt 0.749412 0.352464
vt 0.483189 0.378793
vt 0.585491 0.368391
vt 0.692089 0.350275
vt 0.472784 0.379794
vt 0.529453 0.378083
vt 0.768732 0.363515
vt 0.719583 0.366782
vt 0.608891 0.375759
vt 0.464911 0.384276
vt 0.680932 0.368803
vt 0.450022 0.386789
vt 0.478041 0.388478
vt 0.545802 0.379864
vt 0.456451 0.391289
vt 0.646534 0.381035
vt 0.575434 0.379416
vt 0.486628 0.391629
vt 0.466921 0.389833
vt 0.560411 0.387152
vt 0.444925 0.392819
vt 0.684462 0.383770
vt 0.750878 0.390306
vt 0.729806 0.386860
vt 0.622945 0.388233
vt 0.476945 0.397277
vt 0.600894 0.389201
vt 0.574660 0.398875
vt 0.706011 0.388332
vt 0.588935 0.393279
vt 0.534807 0.391311
vt 0.546024 0.393991
vt 0.523587 0.395904
vt 0.463215 0.396781
vt 0.697110 0.396021
vt 0.673265 0.394803
vt 0.452832 0.400161
vt 0.765889 0.389285
vt 0.750051 0.412770
vt 0.718658 0.399261
vt 0.766460 0.415822
vt 0.609413 0.398950
vt 0.647268 0.393899
vt 0.511189 0.402744
vt 0.555670 0.411832
vt 0.495214 0.401408
vt 0.628830 0.400233
vt 0.684827 0.405866
vt 0.667123 0.405704
vt 0.650344 0.402039
vt 0.539018 0.408926
vt 0.708776 0.415073
vt 0.459924 0.404384
vt 0.467362 0.408237
vt 0.648713 0.421679
vt 0.481920 0.405467
vt 0.727760 0.437760
vt 0.593848 0.412622
vt 0.569133 0.417732
vt 0.758778 0.437698
vt 0.637737 0.411743
vt 0.676202 0.423214
vt 0.621851 0.414398
vt 0.766232 0.454637
vt 0.685443 0.445519
vt 0.525247 0.415959
vt 0.451907 0.407547
vt 0.504632 0.413495
vt 0.730084 0.463500
vt 0.631459 0.443901
vt 0.607402 0.431860
vt 0.591194 0.427906
vt 0.490500 0.417035
vt 0.657550 0.443408
vt 0.547025 0.433560
vt 0.457847 0.413093
vt 0.562997 0.434832
vt 0.580035 0.434649
vt 0.504045 0.427678
vt 0.690344 0.464531
vt 0.476614 0.416314
vt 0.465814 0.415423
vt 0.451376 0.416261
vt 0.653892 0.457277
vt 0.598914 0.444911
vt 0.759112 0.486474
vt 0.534383 0.430647
vt 0.522281 0.428059
vt 0.671596 0.470968
vt 0.716431 0.487882
vt 0.747976 0.496011
vt 0.481844 0.425709
vt 0.637847 0.468100
vt 0.462159 0.422071
vt 0.471615 0.423751
vt 0.611176 0.455674
vt 0.584057 0.450365
vt 0.492111 0.430851
vt 0.685336 0.491891
vt 0.576070 0.453179
vt 0.750728 0.520038
vt 0.596507 0.460643
vt 0.564634 0.455413
vt 0.738335 0.525116
vt 0.454531 0.429260
vt 0.535197 0.444467
vt 0.617327 0.472210
vt 0.552483 0.450275
vt 0.517470 0.444265
vt 0.656053 0.490152
vt 0.603700 0.473511
vt 0.696917 0.517154
vt 0.583480 0.462211
vt 0.472164 0.434984
vt 0.568657 0.468221
vt 0.585831 0.474770
vt 0.504796 0.443927
vt 0.483915 0.434793
vt 0.666368 0.507851
vt 0.465238 0.438782
vt 0.633149 0.490570
vt 0.538132 0.455514
vt 0.613218 0.487428
vt 0.495491 0.441008
vt 0.741078 0.550834
vt 0.727641 0.544589
vt 0.552678 0.466646
vt 0.646825 0.518821
vt 0.479627 0.445232
vt 0.702604 0.545686
vt 0.674386 0.539187
vt 0.487862 0.444984
vt 0.592253 0.487965
vt 0.526472 0.456310
vt 0.629065 0.511310
vt 0.613415 0.504916
vt 0.535391 0.466481
vt 0.495837 0.450812
vt 0.571127 0.493417
vt 0.557354 0.482021
vt 0.722257 0.573117
vt 0.730066 0.582236
vt 0.511862 0.461496
vt 0.539235 0.475464
vt 0.471480 0.449105
vt 0.596768 0.508226
vt 0.502844 0.459410
vt 0.697496 0.570355
vt 0.485868 0.455323
vt 0.525841 0.470398
vt 0.461553 0.450772
vt 0.621168 0.531307
vt 0.517502 0.471847
vt 0.657879 0.556933
vt 0.639980 0.545690
vt 0.492916 0.463349
vt 0.576558 0.505227
vt 0.541942 0.486283
vt 0.672735 0.580148
vt 0.696077 0.593891
vt 0.469841 0.460552
vt 0.708947 0.612287
vt 0.478655 0.459849
vt 0.586198 0.518584
vt 0.527370 0.481980
vt 0.507492 0.472397
vt 0.600409 0.529448
vt 0.557887 0.506383
vt 0.548790 0.495073
vt 0.618866 0.548587
vt 0.498618 0.472759
vt 0.571866 0.520898
vt 0.644264 0.577246
vt 0.629489 0.562926
vt 0.600748 0.550196
vt 0.515358 0.484263
vt 0.583745 0.536457
vt 0.531096 0.492451
vt 0.690129 0.618547
vt 0.537289 0.495442
vt 0.557393 0.521285
vt 0.488131 0.473218
vt 0.611850 0.571644
vt 0.523506 0.488414
vt 0.542718 0.501782
vt 0.474012 0.472683
vt 0.628290 0.591160
vt 0.481318 0.470781
vt 0.659894 0.621415
vt 0.644616 0.601135
vt 0.503543 0.484029
vt 0.582832 0.553891
vt 0.558162 0.537708
vt 0.690627 0.641207
vt 0.540368 0.510486
vt 0.533400 0.501951
vt 0.514289 0.492058
vt 0.466732 0.473325
vt 0.521693 0.495578
vt 0.562782 0.553908
vt 0.494198 0.486008
vt 0.590049 0.571751
vt 0.478311 0.480593
vt 0.673754 0.642641
vt 0.525180 0.501625
vt 0.485814 0.482378
vt 0.597547 0.593005
vt 0.541770 0.535232
vt 0.536397 0.518378
vt 0.528471 0.506626
vt 0.469959 0.482829
vt 0.628918 0.619824
vt 0.501168 0.501472
vt 0.673580 0.663754
vt 0.513255 0.501583
vt 0.655008 0.653680
vt 0.561675 0.570236
vt 0.607293 0.612826
vt 0.525412 0.513844
vt 0.520038 0.509929
vt 0.540263 0.550566
vt 0.636565 0.650725
vt 0.570817 0.588146
vt 0.487765 0.492549
vt 0.475710 0.490029
vt 0.654977 0.668740
vt 0.510770 0.510557
vt 0.536913 0.561400
vt 0.517756 0.520047
vt 0.654627 0.679168
vt 0.526563 0.548255
vt 0.607739 0.638535
vt 0.558790 0.590045
vt 0.584985 0.611395
vt 0.466319 0.490078
vt 0.642615 0.673581
vt 0.479368 0.498057
vt 0.598115 0.623562
vt 0.546564 0.580730
vt 0.625637 0.655908
vt 0.501166 0.515291
vt 0.510555 0.519608
vt 0.486230 0.500874
vt 0.568213 0.609445
vt 0.584851 0.630704
vt 0.533042 0.571158
vt 0.523909 0.562274
vt 0.606149 0.653164
vt 0.471579 0.497707
vt 0.488416 0.509623
vt 0.553428 0.605663
vt 0.465540 0.497895
vt 0.589773 0.644039
vt 0.476893 0.505591
vt 0.503715 0.524246
vt 0.494488 0.520564
vt 0.483112 0.513741
vt 0.464399 0.505128
vt 0.472980 0.511881
vt 0.487548 0.523153
vt 0.334010 0.309189
vt 0.402716 0.306105
vt 0.346895 0.312597
vt 0.410956 0.304942
vt 0.391116 0.310842
vt 0.326520 0.318096
vt 0.351767 0.319006
vt 0.341857 0.317520
vt 0.364316 0.316489
vt 0.382837 0.318113
vt 0.396868 0.314411
vt 0.421896 0.312942
vt 0.314839 0.316961
vt 0.368845 0.321750
vt 0.407458 0.314911
vt 0.357035 0.327932
vt 0.304618 0.321128
vt 0.316271 0.328717
vt 0.398334 0.321042
vt 0.347700 0.328923
vt 0.294585 0.321283
vt 0.337379 0.326843
vt 0.412065 0.320576
vt 0.297773 0.327590
vt 0.329507 0.334289
vt 0.389718 0.327264
vt 0.375871 0.330624
vt 0.339807 0.335436
vt 0.432093 0.321845
vt 0.401099 0.327424
vt 0.366202 0.332071
vt 0.422989 0.323918
vt 0.304233 0.335377
vt 0.384546 0.335027
vt 0.418045 0.335231
vt 0.350567 0.337591
vt 0.357010 0.339852
vt 0.410770 0.330411
vt 0.397418 0.335006
vt 0.321925 0.338914
vt 0.369130 0.341763
vt 0.293453 0.339761
vt 0.406920 0.341037
vt 0.339816 0.342583
vt 0.328488 0.348360
vt 0.313591 0.349088
vt 0.349082 0.346335
vt 0.382781 0.346952
vt 0.392378 0.344570
vt 0.340633 0.355375
vt 0.358753 0.346868
vt 0.303742 0.346500
vt 0.424733 0.349661
vt 0.295019 0.354436
vt 0.373198 0.356333
vt 0.351917 0.356771
vt 0.414205 0.349075
vt 0.362923 0.356124
vt 0.320522 0.360154
vt 0.389829 0.353234
vt 0.306867 0.359761
vt 0.401346 0.355614
vt 0.329187 0.359036
vt 0.384824 0.363860
vt 0.334017 0.364554
vt 0.348009 0.367697
vt 0.356355 0.366502
vt 0.393103 0.363027
vt 0.412958 0.360086
vt 0.339825 0.368130
vt 0.297350 0.369499
vt 0.315780 0.369767
vt 0.364311 0.367499
vt 0.433041 0.364538
vt 0.327315 0.370677
vt 0.402498 0.364622
vt 0.334223 0.374810
vt 0.421591 0.365651
vt 0.374382 0.371564
vt 0.304326 0.373746
vt 0.346353 0.376339
vt 0.399983 0.379306
vt 0.406759 0.370283
vt 0.311461 0.375667
vt 0.388963 0.377329
vt 0.319432 0.381514
vt 0.359655 0.377115
vt 0.367959 0.383704
vt 0.327916 0.385629
vt 0.308976 0.387778
vt 0.431008 0.374497
vt 0.414296 0.380531
vt 0.355112 0.382968
vt 0.336350 0.386151
vt 0.381575 0.383978
vt 0.347664 0.390957
vt 0.397889 0.389728
vt 0.425991 0.382913
vt 0.320370 0.394967
vt 0.432587 0.382369
vt 0.356549 0.393809
vt 0.336006 0.395453
vt 0.387844 0.389597
vt 0.374277 0.391277
vt 0.407526 0.389770
vt 0.314328 0.398421
vt 0.437758 0.385763
vt 0.431001 0.389390
vt 0.366649 0.396766
vt 0.342100 0.400265
vt 0.423876 0.392112
vt 0.414446 0.392578
vt 0.325905 0.402531
vt 0.396112 0.398166
vt 0.314953 0.404993
vt 0.380507 0.399400
vt 0.351939 0.401931
vt 0.434173 0.394971
vt 0.407203 0.397286
vt 0.334366 0.404615
vt 0.358860 0.402685
vt 0.420153 0.397691
vt 0.331545 0.409374
vt 0.323144 0.410560
vt 0.427697 0.398951
vt 0.367356 0.404314
vt 0.414976 0.401552
vt 0.388045 0.404875
vt 0.404948 0.405001
vt 0.351544 0.408274
vt 0.315893 0.410601
vt 0.443295 0.400795
vt 0.339958 0.409029
vt 0.362216 0.411181
vt 0.372021 0.407928
vt 0.433464 0.405598
vt 0.321740 0.417235
vt 0.331356 0.418259
vt 0.380754 0.410907
vt 0.425318 0.406713
vt 0.338626 0.414643
vt 0.315182 0.416823
vt 0.416913 0.408222
vt 0.347421 0.414336
vt 0.440273 0.406974
vt 0.356370 0.418551
vt 0.393089 0.411347
vt 0.444264 0.411254
vt 0.370281 0.416585
vt 0.346493 0.420281
vt 0.319344 0.428010
vt 0.386368 0.421911
vt 0.405436 0.415384
vt 0.423751 0.415748
vt 0.312708 0.422850
vt 0.435185 0.413522
vt 0.378776 0.418444
vt 0.327040 0.426975
vt 0.338234 0.433144
vt 0.415020 0.420385
vt 0.312156 0.430373
vt 0.395851 0.422889
vt 0.431694 0.421376
vt 0.441668 0.419583
vt 0.407054 0.424039
vt 0.349879 0.428664
vt 0.374488 0.428477
vt 0.326673 0.434057
vt 0.423629 0.427826
vt 0.360318 0.429642
vt 0.315393 0.438455
vt 0.442340 0.431430
vt 0.320537 0.441139
vt 0.392687 0.432035
vt 0.380984 0.435028
vt 0.353449 0.437247
vt 0.415867 0.433077
vt 0.432363 0.430775
vt 0.328348 0.440720
vt 0.365523 0.440303
vt 0.312139 0.445328
vt 0.333207 0.445272
vt 0.407828 0.441000
vt 0.372014 0.439227
vt 0.341577 0.444780
vt 0.325014 0.446897
vt 0.319481 0.451549
vt 0.425491 0.440040
vt 0.448996 0.441689
vt 0.388803 0.443649
vt 0.436202 0.446128
vt 0.360226 0.444306
vt 0.399798 0.444461
vt 0.453624 0.447947
vt 0.353903 0.447705
vt 0.328580 0.453800
vt 0.374352 0.446878
vt 0.336013 0.452780
vt 0.415129 0.451288
vt 0.347998 0.452238
vt 0.361749 0.453431
vt 0.369277 0.452358
vt 0.383308 0.452821
vt 0.324046 0.461497
vt 0.336168 0.461505
vt 0.316956 0.464299
vt 0.391809 0.452100
vt 0.343161 0.459428
vt 0.401805 0.452628
vt 0.426657 0.455618
vt 0.352309 0.458425
vt 0.375720 0.460068
vt 0.440375 0.455069
vt 0.367218 0.465875
vt 0.458072 0.459015
vt 0.330180 0.467474
vt 0.390875 0.461036
vt 0.450951 0.461138
vt 0.322609 0.472637
vt 0.405436 0.460883
vt 0.436134 0.461947
vt 0.399045 0.459577
vt 0.412143 0.460421
vt 0.420607 0.462993
vt 0.358684 0.462090
vt 0.340762 0.467522
vt 0.463684 0.465001
vt 0.354167 0.466874
vt 0.381996 0.463555
vt 0.441673 0.468753
vt 0.334197 0.473922
vt 0.348464 0.469619
vt 0.454342 0.470103
vt 0.386869 0.468397
vt 0.430704 0.467735
vt 0.358161 0.471493
vt 0.399959 0.468141
vt 0.411979 0.468456
vt 0.329453 0.475644
vt 0.392796 0.473433
vt 0.341840 0.474805
vt 0.377922 0.472563
vt 0.460200 0.474514
vt 0.418611 0.474815
vt 0.325953 0.482627
vt 0.313954 0.481509
vt 0.406537 0.473430
vt 0.349123 0.478917
vt 0.320898 0.485718
vt 0.358157 0.478240
vt 0.331821 0.482689
vt 0.426794 0.481112
vt 0.369130 0.478671
vt 0.454739 0.479621
vt 0.462403 0.482259
vt 0.337305 0.481595
vt 0.401873 0.479116
vt 0.442427 0.483517
vt 0.384837 0.479630
vt 0.412284 0.483139
vt 0.344562 0.483692
vt 0.323391 0.491608
vt 0.374827 0.487525
vt 0.349704 0.484988
vt 0.449543 0.484958
vt 0.332990 0.488354
vt 0.359587 0.484834
vt 0.339600 0.488264
vt 0.389943 0.486383
vt 0.455352 0.488916
vt 0.397052 0.488393
vt 0.364247 0.489592
vt 0.406550 0.494461
vt 0.441154 0.493066
vt 0.334546 0.493194
vt 0.341475 0.496139
vt 0.347622 0.491559
vt 0.354100 0.491578
vt 0.330527 0.498082
vt 0.324088 0.497244
vt 0.317002 0.500830
vt 0.460219 0.494988
vt 0.426424 0.492979
vt 0.322845 0.503787
vt 0.384937 0.496636
vt 0.415421 0.496192
vt 0.452711 0.495553
vt 0.373160 0.495610
vt 0.349124 0.497179
vt 0.335428 0.502663
vt 0.432469 0.500204
vt 0.360793 0.497523
vt 0.455666 0.499821
vt 0.448416 0.499651
vt 0.397921 0.502483
vt 0.422210 0.503521
vt 0.377128 0.501264
vt 0.356165 0.502253
vt 0.347876 0.503352
vt 0.441966 0.503460
vt 0.339729 0.506443
vt 0.364673 0.502772
vt 0.383163 0.508377
vt 0.371222 0.504627
vt 0.456055 0.506131
vt 0.448192 0.505989
vt 0.415011 0.505251
vt 0.362436 0.509707
vt 0.432392 0.511516
vt 0.402807 0.512298
vt 0.354852 0.511957
vt 0.446599 0.514804
vt 0.411592 0.516581
vt 0.389048 0.513335
vt 0.371621 0.514385
vt 0.423081 0.513104
vt 0.382674 0.520513
vt 0.282685 0.294079
vt 0.274446 0.292388
vt 0.263188 0.286280
vt 0.284918 0.305676
vt 0.276584 0.303969
vt 0.237087 0.271792
vt 0.264152 0.299051
vt 0.251523 0.285387
vt 0.138345 0.189446
vt 0.217741 0.268677
vt 0.281360 0.314425
vt 0.119128 0.173861
vt 0.163075 0.229659
vt 0.178522 0.234347
vt 0.197520 0.258786
vt 0.274103 0.317112
vt 0.266448 0.310491
vt 0.143441 0.215404
vt 0.225731 0.293236
vt 0.286188 0.322040
vt 0.244288 0.307497
vt 0.097153 0.182718
vt 0.123757 0.204979
vt 0.088948 0.169307
vt 0.176052 0.261202
vt 0.201367 0.281296
vt 0.281992 0.328058
vt 0.290340 0.329993
vt 0.098137 0.206356
vt 0.140971 0.242098
vt 0.121701 0.223065
vt 0.157098 0.254841
vt 0.261296 0.324550
vt 0.070566 0.199294
vt 0.272064 0.331612
vt 0.286005 0.338324
vt 0.104238 0.235202
vt 0.222238 0.311225
vt 0.246686 0.321183
vt 0.075586 0.223358
vt 0.120179 0.249528
vt 0.176801 0.285851
vt 0.200893 0.299346
vt 0.278141 0.340570
vt 0.140138 0.263210
vt 0.232262 0.318445
vt 0.156521 0.274016
vt 0.158746 0.294084
vt 0.248754 0.334506
vt 0.103208 0.258751
vt 0.057347 0.214989
vt 0.118655 0.273448
vt 0.208827 0.315217
vt 0.264309 0.340262
vt 0.134557 0.285020
vt 0.233367 0.336124
vt 0.082649 0.256197
vt 0.217812 0.326338
vt 0.176552 0.307159
vt 0.288160 0.350054
vt 0.194541 0.315759
vt 0.251842 0.351027
vt 0.041097 0.251892
vt 0.267598 0.351700
vt 0.141160 0.304041
vt 0.090392 0.281400
vt 0.054976 0.261667
vt 0.199683 0.335275
vt 0.279771 0.358656
vt 0.288887 0.366015
vt 0.173280 0.331146
vt 0.158557 0.317721
vt 0.121049 0.300785
vt 0.104015 0.310377
vt 0.218470 0.344154
vt 0.235616 0.352291
vt 0.064486 0.304703
vt 0.270768 0.362777
vt 0.257991 0.365111
vt 0.039116 0.281268
vt 0.128281 0.324605
vt 0.183118 0.348803
vt 0.026016 0.289262
vt 0.149781 0.338969
vt 0.240455 0.365256
vt 0.200165 0.365731
vt 0.223026 0.364945
vt 0.034014 0.314434
vt 0.283236 0.375324
vt 0.087984 0.326948
vt 0.294987 0.376135
vt 0.276681 0.375646
vt 0.107265 0.342858
vt 0.130519 0.347044
vt 0.268145 0.374366
vt 0.159257 0.361435
vt 0.247929 0.378530
vt 0.259324 0.379195
vt 0.013553 0.346284
vt 0.299591 0.385368
vt 0.076081 0.348086
vt 0.032818 0.350129
vt 0.288226 0.381698
vt 0.235273 0.382866
vt 0.139335 0.364954
vt 0.293439 0.385997
vt 0.177920 0.372254
vt 0.220285 0.382463
vt 0.121286 0.370017
vt 0.283420 0.386425
vt 0.265804 0.385705
vt 0.169164 0.385473
vt 0.054187 0.373895
vt 0.274272 0.392738
vt 0.087527 0.378757
vt 0.189391 0.390298
vt 0.209350 0.387944
vt 0.260124 0.397256
vt 0.145833 0.391377
vt 0.289462 0.392301
vt 0.282754 0.394273
vt 0.301912 0.397328
vt 0.241187 0.396729
vt 0.124818 0.393742
vt 0.029488 0.377363
vt 0.199160 0.398146
vt 0.295021 0.396706
vt 0.223529 0.397987
vt 0.013732 0.390975
vt 0.162224 0.403136
vt 0.214073 0.402356
vt 0.269508 0.401484
vt 0.287583 0.400934
vt 0.100039 0.399250
vt 0.179895 0.402696
vt 0.000334 0.401211
vt 0.071479 0.402011
vt 0.307567 0.401827
vt 0.277872 0.406217
vt 0.034417 0.405951
vt 0.297083 0.403960
vt 0.249569 0.407131
vt 0.227783 0.410253
vt 0.196802 0.409234
vt 0.113875 0.412167
vt 0.139422 0.412469
vt 0.215661 0.412083
vt 0.075692 0.416019
vt 0.291321 0.408798
vt 0.284225 0.409209
vt 0.303339 0.407907
vt 0.012667 0.421959
vt 0.180508 0.414158
vt 0.237306 0.410530
vt 0.262906 0.413010
vt 0.095511 0.414764
vt 0.158773 0.418026
vt 0.310070 0.411601
vt 0.129956 0.422995
vt 0.059453 0.440142
vt 0.298964 0.412970
vt 0.107010 0.423837
vt 0.198277 0.418601
vt 0.028593 0.438352
vt 0.276870 0.421100
vt 0.002579 0.450095
vt 0.238548 0.421486
vt 0.085836 0.429911
vt 0.248963 0.419369
vt 0.177293 0.426509
vt 0.154125 0.433350
vt 0.102732 0.443007
vt 0.212644 0.421094
vt 0.224361 0.422824
vt 0.127065 0.438766
vt 0.285883 0.417821
vt 0.202815 0.430559
vt 0.084698 0.460761
vt 0.306691 0.417359
vt 0.170054 0.442543
vt 0.262902 0.424962
vt 0.048350 0.468597
vt 0.232617 0.431725
vt 0.220814 0.430757
vt 0.017803 0.472853
vt 0.294599 0.421341
vt 0.189080 0.440300
vt 0.124061 0.462792
vt 0.152734 0.448564
vt 0.248599 0.432263
vt 0.299969 0.423973
vt 0.241538 0.437849
vt 0.198561 0.450409
vt 0.214710 0.446273
vt 0.273377 0.429390
vt 0.306073 0.425226
vt 0.007024 0.494611
vt 0.176039 0.460009
vt 0.231267 0.445329
vt 0.287289 0.429678
vt 0.156522 0.472595
vt 0.258811 0.435816
vt 0.025464 0.499044
vt 0.067898 0.507259
vt 0.281335 0.437927
vt 0.292692 0.434547
vt 0.269705 0.437363
vt 0.103739 0.491184
vt 0.253307 0.445086
vt 0.195316 0.466148
vt 0.224363 0.457120
vt 0.133562 0.496016
vt 0.301509 0.434643
vt 0.184494 0.476430
vt 0.267662 0.446404
vt 0.033379 0.533087
vt 0.021278 0.549274
vt 0.211376 0.466127
vt 0.153211 0.491437
vt 0.246122 0.455292
vt 0.092666 0.520043
vt 0.174873 0.490306
vt 0.112980 0.512921
vt 0.277655 0.448896
vt 0.309514 0.438782
vt 0.260109 0.455967
vt 0.201025 0.484575
vt 0.232744 0.468640
vt 0.288305 0.453466
vt 0.299058 0.450041
vt 0.087335 0.548580
vt 0.305089 0.443635
vt 0.053366 0.566429
vt 0.188312 0.495300
vt 0.161457 0.508726
vt 0.114512 0.539690
vt 0.218627 0.482709
vt 0.267500 0.463273
vt 0.139588 0.524933
vt 0.255646 0.470353
vt 0.243256 0.476724
vt 0.184908 0.509368
vt 0.278924 0.457419
vt 0.230813 0.483001
vt 0.307202 0.451327
vt 0.210308 0.499466
vt 0.135713 0.557065
vt 0.159740 0.536165
vt 0.049297 0.602030
vt 0.178484 0.526709
vt 0.033195 0.605210
vt 0.105347 0.568221
vt 0.074065 0.597460
vt 0.201793 0.516976
vt 0.281765 0.466186
vt 0.230705 0.496160
vt 0.243077 0.487644
vt 0.110797 0.590999
vt 0.257015 0.483496
vt 0.268427 0.476341
vt 0.314300 0.456342
vt 0.224661 0.514989
vt 0.296146 0.469419
vt 0.162725 0.559445
vt 0.255389 0.496961
vt 0.307530 0.464892
vt 0.282606 0.477901
vt 0.056031 0.643448
vt 0.203341 0.535387
vt 0.072735 0.636901
vt 0.097712 0.626402
vt 0.144069 0.580491
vt 0.271552 0.489125
vt 0.182689 0.553111
vt 0.204418 0.559236
vt 0.144699 0.602929
vt 0.079088 0.671292
vt 0.120639 0.618000
vt 0.248602 0.511532
vt 0.089985 0.661983
vt 0.164935 0.586774
vt 0.302233 0.476282
vt 0.311453 0.473674
vt 0.186586 0.577111
vt 0.290240 0.488228
vt 0.119126 0.645580
vt 0.147032 0.628461
vt 0.234590 0.534323
vt 0.245518 0.525492
vt 0.102433 0.691746
vt 0.228237 0.545927
vt 0.121281 0.669734
vt 0.268060 0.510333
vt 0.166946 0.608020
vt 0.298480 0.489217
vt 0.186091 0.600820
vt 0.306052 0.484007
vt 0.123759 0.700855
vt 0.287248 0.500965
vt 0.175038 0.625749
vt 0.262226 0.527064
vt 0.209308 0.579604
vt 0.222240 0.561263
vt 0.245107 0.541523
vt 0.163706 0.648293
vt 0.158181 0.669942
vt 0.146360 0.694386
vt 0.203688 0.595469
vt 0.223644 0.577848
vt 0.235765 0.560152
vt 0.305171 0.492891
vt 0.260578 0.541238
vt 0.143727 0.715369
vt 0.197291 0.614911
vt 0.285710 0.509088
vt 0.311463 0.493839
vt 0.195894 0.635642
vt 0.280125 0.517417
vt 0.248246 0.560599
vt 0.221530 0.594981
vt 0.299566 0.501818
vt 0.240343 0.578140
vt 0.182710 0.659044
vt 0.316301 0.489804
vt 0.217295 0.610731
vt 0.275616 0.527139
vt 0.291564 0.512308
vt 0.269855 0.554962
vt 0.306842 0.501717
vt 0.283088 0.522341
vt 0.276117 0.535084
vt 0.234729 0.604835
vt 0.284731 0.529310
vt 0.259820 0.571646
vt 0.301631 0.508870
vt 0.291029 0.523707
vt 0.282396 0.541623
vt 0.297269 0.518411
vt 0.311741 0.506380
vt 0.306553 0.512302
vt 0.294855 0.531339
vt 0.310514 0.512308
vt 0.307058 0.524344
vt 0.173034 0.694674
vt 0.174360 0.738204
vt 0.172058 0.722813
vt 0.381182 0.753177
vt 0.418414 0.769976
vt 0.377764 0.772181
vt 0.431849 0.754202
vt 0.461446 0.765655
vt 0.528452 0.535407
vt 0.476944 0.745981
vt 0.496590 0.755951
vt 0.338686 0.771984
vt 0.346926 0.754065
vt 0.448434 0.729558
vt 0.402976 0.732684
vt 0.191332 0.682281
vt 0.206806 0.658275
vt 0.225180 0.630055
vt 0.526945 0.525009
vt 0.308187 0.758660
vt 0.379417 0.714533
vt 0.304821 0.772181
vt 0.513157 0.725886
vt 0.419771 0.719165
vt 0.200944 0.726703
vt 0.196116 0.704493
vt 0.397948 0.711315
vt 0.275363 0.766921
vt 0.523676 0.749850
vt 0.312849 0.731113
vt 0.355588 0.722113
vt 0.245362 0.590734
vt 0.211424 0.752920
vt 0.281744 0.750799
vt 0.213019 0.743482
vt 0.340331 0.707361
vt 0.469972 0.703792
vt 0.357514 0.697293
vt 0.420144 0.699508
vt 0.234924 0.751713
vt 0.242864 0.761410
vt 0.253088 0.742709
vt 0.552376 0.711379
vt 0.554761 0.739450
vt 0.216737 0.678241
vt 0.446473 0.688683
vt 0.376621 0.685326
vt 0.227348 0.730764
vt 0.275506 0.727804
vt 0.400658 0.676880
vt 0.250756 0.604922
vt 0.220088 0.705721
vt 0.315285 0.699281
vt 0.589559 0.728359
vt 0.575083 0.724050
vt 0.500965 0.681780
vt 0.591811 0.701037
vt 0.615521 0.713491
vt 0.231932 0.651612
vt 0.471585 0.673505
vt 0.334252 0.673223
vt 0.351589 0.663042
vt 0.618451 0.690122
vt 0.636587 0.698040
vt 0.637700 0.681174
vt 0.655016 0.685146
vt 0.247644 0.709707
vt 0.283123 0.701722
vt 0.425205 0.670962
vt 0.263389 0.585560
vt 0.527750 0.695903
vt 0.241418 0.683536
vt 0.369901 0.662669
vt 0.518448 0.530193
vt 0.304002 0.678276
vt 0.238948 0.630890
vt 0.459220 0.644088
vt 0.284272 0.678129
vt 0.267373 0.686373
vt 0.251796 0.640652
vt 0.249650 0.664010
vt 0.493994 0.655728
vt 0.617936 0.663323
vt 0.267273 0.657807
vt 0.259504 0.618311
vt 0.293050 0.656949
vt 0.514538 0.545711
vt 0.318686 0.650881
vt 0.336717 0.640769
vt 0.264410 0.602002
vt 0.277459 0.573405
vt 0.604833 0.664288
vt 0.379312 0.640635
vt 0.356722 0.635684
vt 0.563258 0.674310
vt 0.532802 0.665255
vt 0.477360 0.644678
vt 0.404702 0.646552
vt 0.288516 0.556702
vt 0.287386 0.637866
vt 0.510382 0.529191
vt 0.591322 0.673388
vt 0.283541 0.614431
vt 0.314479 0.633948
vt 0.277808 0.594064
vt 0.427042 0.634747
vt 0.536894 0.587727
vt 0.316297 0.512499
vt 0.492104 0.628588
vt 0.525180 0.578589
vt 0.293730 0.540792
vt 0.298378 0.617818
vt 0.568235 0.622522
vt 0.515415 0.629930
vt 0.583340 0.657109
vt 0.515327 0.565234
vt 0.546305 0.611093
vt 0.477054 0.619806
vt 0.351268 0.617118
vt 0.325280 0.617699
vt 0.527028 0.593668
vt 0.577625 0.635305
vt 0.376078 0.618068
vt 0.512468 0.578563
vt 0.558035 0.651375
vt 0.288310 0.578947
vt 0.534525 0.642121
vt 0.559909 0.628108
vt 0.459809 0.611383
vt 0.570964 0.642398
vt 0.531563 0.610590
vt 0.305468 0.601196
vt 0.294246 0.594025
vt 0.545188 0.627860
vt 0.509187 0.599211
vt 0.503417 0.535837
vt 0.489526 0.598055
vt 0.393833 0.626884
vt 0.345466 0.595232
vt 0.304812 0.538472
vt 0.501476 0.586878
vt 0.442057 0.622344
vt 0.304844 0.551516
vt 0.503181 0.567789
vt 0.498209 0.554932
vt 0.298132 0.568261
vt 0.328166 0.508920
vt 0.301809 0.583038
vt 0.406380 0.622851
vt 0.490996 0.580060
vt 0.311825 0.519081
vt 0.476313 0.593889
vt 0.320903 0.592976
vt 0.494698 0.528364
vt 0.385307 0.605946
vt 0.488144 0.564079
vt 0.311398 0.531656
vt 0.364676 0.594673
vt 0.494717 0.539024
vt 0.418336 0.611383
vt 0.316260 0.577071
vt 0.308104 0.565491
vt 0.320540 0.518190
vt 0.457807 0.587339
vt 0.477065 0.576293
vt 0.433155 0.606893
vt 0.445633 0.597905
vt 0.475561 0.523760
vt 0.335295 0.510300
vt 0.336349 0.585234
vt 0.318447 0.525478
vt 0.465382 0.516484
vt 0.483783 0.545814
vt 0.404894 0.600791
vt 0.484691 0.530526
vt 0.329869 0.576670
vt 0.332690 0.518010
vt 0.386751 0.586148
vt 0.322282 0.561542
vt 0.318605 0.544923
vt 0.341792 0.513865
vt 0.474697 0.556633
vt 0.348679 0.512497
vt 0.421998 0.597463
vt 0.486085 0.537911
vt 0.432239 0.591800
vt 0.345785 0.576501
vt 0.323899 0.535228
vt 0.327236 0.526005
vt 0.467097 0.567968
vt 0.362360 0.570251
vt 0.376836 0.566883
vt 0.476048 0.534273
vt 0.455265 0.523024
vt 0.440226 0.577831
vt 0.474370 0.544340
vt 0.424714 0.580107
vt 0.452431 0.572063
vt 0.362454 0.517887
vt 0.337605 0.564885
vt 0.336595 0.535019
vt 0.337705 0.525666
vt 0.342886 0.519711
vt 0.406314 0.584193
vt 0.461003 0.560598
vt 0.332541 0.551865
vt 0.351233 0.567319
vt 0.329961 0.541056
vt 0.353610 0.521906
vt 0.460248 0.532202
vt 0.344090 0.549381
vt 0.391888 0.567668
vt 0.464863 0.538522
vt 0.343510 0.529544
vt 0.411341 0.572814
vt 0.466739 0.548756
vt 0.396336 0.520976
vt 0.432628 0.518863
vt 0.437856 0.567939
vt 0.456320 0.552257
vt 0.358118 0.556633
vt 0.372678 0.525950
vt 0.423126 0.521703
vt 0.409614 0.523780
vt 0.419128 0.564889
vt 0.352154 0.529485
vt 0.447277 0.557356
vt 0.460244 0.544980
vt 0.361350 0.526147
vt 0.366886 0.555361
vt 0.348726 0.536952
vt 0.434708 0.526085
vt 0.400139 0.562032
vt 0.380257 0.553745
vt 0.391194 0.526345
vt 0.447513 0.530122
vt 0.380295 0.528842
vt 0.435636 0.555881
vt 0.397846 0.527733
vt 0.410643 0.558076
vt 0.358893 0.547071
vt 0.361590 0.532882
vt 0.452976 0.538578
vt 0.356669 0.537480
vt 0.370415 0.533349
vt 0.418578 0.527883
vt 0.381961 0.537068
vt 0.411780 0.531384
vt 0.403821 0.534044
vt 0.403936 0.549895
vt 0.393214 0.533764
vt 0.447702 0.544466
vt 0.423735 0.550204
vt 0.391678 0.549961
vt 0.426293 0.531284
vt 0.365729 0.539320
vt 0.394074 0.540704
vt 0.413965 0.544922
vt 0.372245 0.545567
vt 0.382388 0.546442
vt 0.438689 0.535816
vt 0.423239 0.539113
vt 0.434661 0.542733
vt 0.404973 0.542236
vt 0.155639 0.987043
vt 0.162126 0.993791
vt 0.154663 0.998645
vt 0.176649 0.992086
vt 0.167017 0.987844
vt 0.179920 0.980162
vt 0.187986 0.985530
vt 0.209519 0.981767
vt 0.203472 0.993907
vt 0.170889 0.975882
vt 0.216488 0.989746
vt 0.235773 0.984936
vt 0.159473 0.975393
vt 0.254144 0.979207
vt 0.248763 0.989983
vt 0.194193 0.976063
vt 0.261646 0.986329
vt 0.187836 0.965624
vt 0.152623 0.967209
vt 0.202335 0.966226
vt 0.272676 0.981486
vt 0.265621 0.974045
vt 0.159757 0.956851
vt 0.243949 0.972528
vt 0.232887 0.971862
vt 0.170956 0.962466
vt 0.256595 0.963339
vt 0.278877 0.971141
vt 0.272985 0.975195
vt 0.272271 0.967550
vt 0.244300 0.963365
vt 0.215267 0.965893
vt 0.225413 0.959636
vt 0.234791 0.951441
vt 0.269077 0.955015
vt 0.178846 0.948420
vt 0.213034 0.954238
vt 0.284858 0.952874
vt 0.287329 0.972481
vt 0.196981 0.947344
vt 0.152435 0.948019
vt 0.295410 0.956611
vt 0.247272 0.951120
vt 0.264978 0.946399
vt 0.220724 0.942886
vt 0.280476 0.937679
vt 0.257223 0.938453
vt 0.297294 0.933379
vt 0.243283 0.934988
vt 0.163298 0.937305
vt 0.316726 0.933606
vt 0.309325 0.956462
vt 0.328540 0.945157
vt 0.203353 0.931283
vt 0.174865 0.929463
vt 0.155001 0.921574
vt 0.228889 0.923375
vt 0.269501 0.930873
vt 0.159713 0.924655
vt 0.191677 0.924599
vt 0.343943 0.928946
vt 0.259756 0.917995
vt 0.278739 0.920863
vt 0.314656 0.915403
vt 0.294478 0.920126
vt 0.209491 0.918187
vt 0.163615 0.913743
vt 0.174339 0.911012
vt 0.193839 0.903641
vt 0.329186 0.920457
vt 0.244938 0.911300
vt 0.344973 0.915170
vt 0.270193 0.908119
vt 0.210204 0.898836
vt 0.361653 0.914679
vt 0.228940 0.906038
vt 0.304786 0.903338
vt 0.285834 0.908453
vt 0.160081 0.901429
vt 0.371183 0.908380
vt 0.381334 0.927781
vt 0.336920 0.906134
vt 0.387686 0.916262
vt 0.180005 0.897610
vt 0.382401 0.901618
vt 0.156035 0.900572
vt 0.278941 0.897946
vt 0.352306 0.905642
vt 0.255733 0.890651
vt 0.398097 0.899871
vt 0.362528 0.900300
vt 0.238256 0.894594
vt 0.167669 0.889815
vt 0.225517 0.889765
vt 0.328784 0.893474
vt 0.350880 0.891962
vt 0.292741 0.889870
vt 0.373301 0.895878
vt 0.161236 0.884240
vt 0.269022 0.887219
vt 0.198739 0.882945
vt 0.395627 0.890333
vt 0.182582 0.882168
vt 0.312161 0.881192
vt 0.243079 0.874762
vt 0.287771 0.873643
vt 0.368852 0.887534
vt 0.382642 0.881143
vt 0.221895 0.870740
vt 0.170909 0.867644
vt 0.206860 0.865729
vt 0.411476 0.877372
vt 0.360906 0.876873
vt 0.336611 0.877357
vt 0.162054 0.872200
vt 0.400532 0.875311
vt 0.264635 0.869989
vt 0.192522 0.863228
vt 0.369820 0.870898
vt 0.349012 0.866655
vt 0.386654 0.861601
vt 0.256744 0.861016
vt 0.331334 0.861567
vt 0.161725 0.854518
vt 0.312092 0.856453
vt 0.220202 0.854559
vt 0.270824 0.854183
vt 0.405375 0.863403
vt 0.235525 0.855963
vt 0.175701 0.852917
vt 0.246638 0.852782
vt 0.290593 0.855991
vt 0.360394 0.859336
vt 0.203798 0.842954
vt 0.417419 0.854652
vt 0.346667 0.849851
vt 0.258238 0.849820
vt 0.372806 0.854325
vt 0.190457 0.840962
vt 0.283875 0.838095
vt 0.230503 0.842280
vt 0.359702 0.841903
vt 0.171544 0.839107
vt 0.328966 0.843827
vt 0.409197 0.836647
vt 0.395674 0.846764
vt 0.307228 0.839926
vt 0.255104 0.835593
vt 0.383498 0.840426
vt 0.160974 0.836802
vt 0.373594 0.840827
vt 0.212174 0.821591
vt 0.171837 0.825288
vt 0.201196 0.825262
vt 0.235831 0.822588
vt 0.341808 0.827052
vt 0.322442 0.823515
vt 0.370762 0.829248
vt 0.159049 0.820376
vt 0.270204 0.814303
vt 0.391042 0.825856
vt 0.253870 0.822485
vt 0.300299 0.814890
vt 0.225731 0.812023
vt 0.382981 0.828331
vt 0.400638 0.818966
vt 0.196194 0.807536
vt 0.358770 0.818811
vt 0.181052 0.804925
vt 0.165968 0.805204
vt 0.377099 0.814523
vt 0.156451 0.803419
vt 0.411342 0.818783
vt 0.251385 0.805071
vt 0.345274 0.813069
vt 0.317579 0.811491
vt 0.284842 0.799861
vt 0.209871 0.798821
vt 0.387689 0.812529
vt 0.329526 0.807996
vt 0.235004 0.798587
vt 0.266043 0.798551
vt 0.171243 0.787376
vt 0.342668 0.801733
vt 0.189746 0.782607
vt 0.296064 0.798831
vt 0.357392 0.801727
vt 0.322666 0.799180
vt 0.245001 0.793009
vt 0.307905 0.794070
vt 0.367287 0.797053
vt 0.156243 0.786425
vt 0.215378 0.783469
vt 0.259491 0.788931
vt 0.279458 0.786700
vt 0.249681 0.784109
vt 0.293199 0.784115
vt 0.347001 0.792327
vt 0.237963 0.783439
vt 0.332869 0.786915
vt 0.320397 0.788491
vt 0.157719 0.774455
vt 0.266625 0.778526
vt 0.307330 0.780944
vt 0.152435 0.768122
vt 0.169222 0.772622
vt 0.224932 0.775575
vt 0.194657 0.773851
vt 0.191439 0.763951
vt 0.212600 0.773549
vt 0.243432 0.773253
vt 0.277634 0.775036
vt 0.179924 0.766685
vt 0.230192 0.764772
vt 0.212643 0.765014
vt 0.160058 0.758099
vt 0.170504 0.756345
vt 0.195679 0.755744
vt 0.153089 0.753490
vt 0.178784 0.749233
vt 0.162921 0.745924
vt 0.157366 0.741347
vt 0.664981 0.995366
vt 0.647187 0.999008
vt 0.654054 0.988883
vt 0.631489 0.995875
vt 0.670235 0.999666
vt 0.673549 0.991817
vt 0.667969 0.984037
vt 0.610660 0.985880
vt 0.619734 0.993808
vt 0.607149 0.995261
vt 0.627349 0.985765
vt 0.595691 0.987531
vt 0.674783 0.982065
vt 0.637947 0.977250
vt 0.598902 0.980522
vt 0.579548 0.990068
vt 0.581450 0.978891
vt 0.562329 0.978100
vt 0.566395 0.990522
vt 0.617592 0.977339
vt 0.652825 0.969600
vt 0.571768 0.968494
vt 0.672187 0.963698
vt 0.666514 0.962352
vt 0.596191 0.973134
vt 0.629526 0.963907
vt 0.606975 0.966319
vt 0.552249 0.964420
vt 0.540557 0.973307
vt 0.527198 0.958464
vt 0.528597 0.973951
vt 0.580691 0.949644
vt 0.618852 0.953074
vt 0.515438 0.958054
vt 0.534895 0.952586
vt 0.656098 0.945444
vt 0.557379 0.952306
vt 0.604060 0.947537
vt 0.635244 0.943600
vt 0.539364 0.941807
vt 0.500107 0.948507
vt 0.494062 0.955554
vt 0.668251 0.941309
vt 0.511255 0.944196
vt 0.479585 0.950849
vt 0.492404 0.937574
vt 0.466176 0.946331
vt 0.469692 0.932773
vt 0.525234 0.941429
vt 0.587584 0.934859
vt 0.550488 0.933781
vt 0.653388 0.928186
vt 0.616395 0.934933
vt 0.664418 0.924048
vt 0.510638 0.931622
vt 0.455293 0.939424
vt 0.568265 0.921647
vt 0.602608 0.922068
vt 0.635065 0.922308
vt 0.529759 0.924304
vt 0.442449 0.930533
vt 0.451619 0.920208
vt 0.495261 0.920159
vt 0.474097 0.919535
vt 0.615623 0.919449
vt 0.651942 0.909957
vt 0.440659 0.914564
vt 0.429058 0.930345
vt 0.585518 0.910125
vt 0.547897 0.908286
vt 0.512011 0.907188
vt 0.430841 0.904470
vt 0.411972 0.920358
vt 0.417245 0.903666
vt 0.447216 0.904251
vt 0.408218 0.906621
vt 0.531478 0.902477
vt 0.609901 0.899531
vt 0.477151 0.902140
vt 0.458236 0.899211
vt 0.497401 0.906197
vt 0.632556 0.896613
vt 0.567737 0.894107
vt 0.659407 0.901926
vt 0.649282 0.885281
vt 0.591037 0.892402
vt 0.439735 0.894431
vt 0.656897 0.885388
vt 0.490463 0.885823
vt 0.521831 0.885497
vt 0.444905 0.885872
vt 0.427127 0.888410
vt 0.548791 0.881202
vt 0.413851 0.891042
vt 0.610492 0.883515
vt 0.579644 0.882228
vt 0.506080 0.878285
vt 0.470829 0.879404
vt 0.533544 0.884643
vt 0.642192 0.872150
vt 0.619446 0.870306
vt 0.593112 0.868468
vt 0.449055 0.876678
vt 0.570047 0.874445
vt 0.435018 0.874473
vt 0.421848 0.873244
vt 0.653921 0.867183
vt 0.532921 0.865871
vt 0.562720 0.862013
vt 0.638080 0.860995
vt 0.576631 0.860836
vt 0.492472 0.859556
vt 0.465316 0.850287
vt 0.651721 0.859612
vt 0.612911 0.854614
vt 0.653576 0.851962
vt 0.451388 0.861880
vt 0.520653 0.853573
vt 0.439112 0.861368
vt 0.649307 0.844694
vt 0.550429 0.852838
vt 0.589710 0.847068
vt 0.430658 0.859605
vt 0.633205 0.841990
vt 0.615383 0.840623
vt 0.569860 0.844097
vt 0.501962 0.838100
vt 0.444113 0.845605
vt 0.480047 0.838345
vt 0.654754 0.833487
vt 0.541075 0.835607
vt 0.431071 0.841413
vt 0.645911 0.826226
vt 0.421796 0.834770
vt 0.626446 0.821628
vt 0.602615 0.820204
vt 0.517462 0.830199
vt 0.577627 0.826056
vt 0.556883 0.823409
vt 0.656121 0.820772
vt 0.465316 0.821601
vt 0.449159 0.831408
vt 0.647741 0.808530
vt 0.434199 0.823289
vt 0.441362 0.826916
vt 0.485279 0.817664
vt 0.535112 0.817826
vt 0.579534 0.807603
vt 0.656971 0.803947
vt 0.421011 0.820568
vt 0.623915 0.803158
vt 0.517933 0.814364
vt 0.451579 0.816800
vt 0.558722 0.805685
vt 0.504047 0.812399
vt 0.536530 0.797678
vt 0.432687 0.810858
vt 0.652095 0.791204
vt 0.443575 0.804222
vt 0.590614 0.790868
vt 0.637241 0.781107
vt 0.477026 0.802314
vt 0.494696 0.806277
vt 0.516411 0.800664
vt 0.463157 0.805277
vt 0.567214 0.795030
vt 0.508767 0.795237
vt 0.658230 0.785231
vt 0.456519 0.795413
vt 0.654454 0.776416
vt 0.622099 0.781519
vt 0.605213 0.777149
vt 0.494991 0.790110
vt 0.556831 0.786828
vt 0.471793 0.787848
vt 0.567290 0.779858
vt 0.526189 0.787255
vt 0.449100 0.787504
vt 0.646434 0.772175
vt 0.659098 0.768542
vt 0.542567 0.780207
vt 0.587050 0.774422
vt 0.494641 0.778388
vt 0.632250 0.764862
vt 0.514198 0.777725
vt 0.655153 0.763949
vt 0.524950 0.775448
vt 0.619569 0.762889
vt 0.536501 0.770195
vt 0.571806 0.767649
vt 0.648344 0.754978
vt 0.552847 0.764857
vt 0.603698 0.762790
vt 0.585940 0.759608
vt 0.658287 0.753235
vt 0.509415 0.764017
vt 0.610553 0.752226
vt 0.530776 0.762418
vt 0.637989 0.749984
vt 0.523634 0.756332
vt 0.624915 0.749958
vt 0.570360 0.756159
vt 0.541672 0.752700
vt 0.655033 0.742961
vt 0.594356 0.750734
vt 0.558316 0.749981
vt 0.645466 0.739737
vt 0.584167 0.750074
vt 0.572875 0.744994
vt 0.620259 0.738190
vt 0.598712 0.740700
vt 0.633603 0.736388
vt 0.650305 0.729732
vt 0.549882 0.743215
vt 0.641879 0.728819
s 1
usemtl material_0
f 1/1/1 2/2/2 3/3/3
f 4/4/4 5/5/5 6/6/6
f 4/4/4 7/7/7 8/8/8
f 8/8/8 9/9/9 2/2/2
f 3/3/3 2/2/2 9/9/9
f 10/10/10 11/11/11 12/12/12
f 4/4/4 6/6/6 7/7/7
f 10/10/10 13/13/13 14/14/14
f 9/9/9 8/8/8 7/7/7
f 10/10/10 14/14/14 11/11/11
f 15/15/15 16/16/16 13/13/13
f 17/17/17 18/18/18 12/12/12
f 19/19/19 3/3/3 20/20/20
f 12/12/12 11/11/11 17/17/17
f 15/15/15 21/21/21 16/16/16
f 19/19/19 22/22/22 23/23/23
f 20/20/20 3/3/3 9/9/9
f 19/19/19 20/20/20 22/22/22
f 16/16/16 14/14/14 13/13/13
f 17/17/17 11/11/11 24/24/24
f 25/25/25 26/26/26 5/5/5
f 5/5/5 26/26/26 6/6/6
f 27/27/27 28/28/28 15/15/15
f 6/6/6 29/29/29 7/7/7
f 17/17/17 24/24/24 30/30/30
f 15/15/15 28/28/28 21/21/21
f 23/23/23 31/31/31 32/32/32
f 23/23/23 33/33/33 31/31/31
f 23/23/23 22/22/22 33/33/33
f 32/32/32 31/31/31 34/34/34
f 34/34/34 35/35/35 36/36/36
f 14/14/14 37/37/37 11/11/11
f 38/38/38 27/27/27 39/39/39
f 7/7/7 29/29/29 9/9/9
f 39/39/39 40/40/40 38/38/38
f 27/27/27 38/38/38 28/28/28
f 41/41/41 26/26/26 25/25/25
f 31/31/31 35/35/35 34/34/34
f 36/36/36 40/40/40 39/39/39
f 35/35/35 40/40/40 36/36/36
f 6/6/6 42/42/42 29/29/29
f 43/43/43 14/14/14 16/16/16
f 26/26/26 42/42/42 6/6/6
f 11/11/11 37/37/37 24/24/24
f 21/21/21 28/28/28 16/16/16
f 31/31/31 44/44/44 35/35/35
f 33/33/33 45/45/45 31/31/31
f 35/35/35 44/44/44 40/40/40
f 41/41/41 46/46/46 26/26/26
f 24/24/24 47/47/47 30/30/30
f 9/9/9 48/48/48 20/20/20
f 28/28/28 38/38/38 49/49/49
f 26/26/26 46/46/46 42/42/42
f 14/14/14 43/43/43 37/37/37
f 28/28/28 50/50/50 16/16/16
f 40/40/40 51/51/51 38/38/38
f 24/24/24 37/37/37 47/47/47
f 30/30/30 47/47/47 52/52/52
f 16/16/16 53/53/53 43/43/43
f 33/33/33 54/54/54 45/45/45
f 31/31/31 45/45/45 44/44/44
f 33/33/33 22/22/22 54/54/54
f 9/9/9 29/29/29 48/48/48
f 16/16/16 50/50/50 53/53/53
f 38/38/38 51/51/51 49/49/49
f 28/28/28 49/49/49 50/50/50
f 41/41/41 55/55/55 46/46/46
f 22/22/22 20/20/20 54/54/54
f 40/40/40 44/44/44 56/56/56
f 53/53/53 57/57/57 43/43/43
f 44/44/44 45/45/45 56/56/56
f 37/37/37 58/58/58 47/47/47
f 42/42/42 59/59/59 29/29/29
f 48/48/48 60/60/60 20/20/20
f 56/56/56 51/51/51 40/40/40
f 61/61/61 37/37/37 43/43/43
f 46/46/46 62/62/62 42/42/42
f 29/29/29 63/63/63 48/48/48
f 20/20/20 60/60/60 54/54/54
f 37/37/37 61/61/61 58/58/58
f 53/53/53 64/64/64 57/57/57
f 29/29/29 59/59/59 63/63/63
f 50/50/50 64/64/64 53/53/53
f 65/65/65 46/46/46 55/55/55
f 48/48/48 66/66/66 60/60/60
f 48/48/48 63/63/63 67/67/67
f 68/68/68 52/52/52 47/47/47
f 42/42/42 62/62/62 59/59/59
f 50/50/50 69/69/69 64/64/64
f 60/60/60 66/66/66 70/70/70
f 45/45/45 54/54/54 71/71/71
f 48/48/48 67/67/67 66/66/66
f 57/57/57 64/64/64 72/72/72
f 54/54/54 60/60/60 73/73/73
f 54/54/54 73/73/73 71/71/71
f 74/74/74 61/61/61 43/43/43
f 57/57/57 74/74/74 43/43/43
f 49/49/49 69/69/69 50/50/50
f 72/72/72 74/74/74 57/57/57
f 45/45/45 71/71/71 56/56/56
f 64/64/64 69/69/69 75/75/75
f 70/70/70 73/73/73 60/60/60
f 63/63/63 59/59/59 76/76/76
f 77/77/77 49/49/49 51/51/51
f 65/65/65 62/62/62 46/46/46
f 78/78/78 69/69/69 49/49/49
f 49/49/49 77/77/77 78/78/78
f 73/73/73 79/79/79 71/71/71
f 59/59/59 62/62/62 80/80/80
f 56/56/56 71/71/71 81/81/81
f 59/59/59 80/80/80 76/76/76
f 74/74/74 82/82/82 61/61/61
f 55/55/55 83/83/83 65/65/65
f 77/77/77 51/51/51 84/84/84
f 56/56/56 85/85/85 51/51/51
f 86/86/86 71/71/71 79/79/79
f 51/51/51 85/85/85 84/84/84
f 56/56/56 81/81/81 85/85/85
f 71/71/71 86/86/86 81/81/81
f 47/47/47 58/58/58 68/68/68
f 83/83/83 87/87/87 65/65/65
f 65/65/65 88/88/88 62/62/62
f 82/82/82 89/89/89 61/61/61
f 58/58/58 61/61/61 90/90/90
f 90/90/90 61/61/61 89/89/89
f 58/58/58 91/91/91 68/68/68
f 80/80/80 92/92/92 76/76/76
f 68/68/68 91/91/91 93/93/93
f 65/65/65 87/87/87 88/88/88
f 90/90/90 89/89/89 94/94/94
f 80/80/80 62/62/62 95/95/95
f 90/90/90 96/96/96 58/58/58
f 80/80/80 95/95/95 92/92/92
f 90/90/90 94/94/94 96/96/96
f 91/91/91 97/97/97 93/93/93
f 88/88/88 98/98/98 62/62/62
f 94/94/94 89/89/89 99/99/99
f 95/95/95 62/62/62 98/98/98
f 87/87/87 100/100/100 88/88/88
f 96/96/96 91/91/91 58/58/58
f 87/87/87 101/101/101 100/100/100
f 102/102/102 95/95/95 98/98/98
f 102/102/102 92/92/92 95/95/95
f 88/88/88 100/100/100 98/98/98
f 99/99/99 103/103/103 94/94/94
f 96/96/96 94/94/94 91/91/91
f 97/97/97 91/91/91 104/104/104
f 98/98/98 105/105/105 102/102/102
f 101/101/101 106/106/106 100/100/100
f 91/91/91 94/94/94 107/107/107
f 103/103/103 99/99/99 108/108/108
f 100/100/100 109/109/109 98/98/98
f 107/107/107 104/104/104 91/91/91
f 98/98/98 109/109/109 105/105/105
f 103/103/103 110/110/110 94/94/94
f 105/105/105 111/111/111 102/102/102
f 100/100/100 106/106/106 112/112/112
f 108/108/108 113/113/113 103/103/103
f 107/107/107 114/114/114 104/104/104
f 100/100/100 112/112/112 109/109/109
f 94/94/94 110/110/110 107/107/107
f 103/103/103 113/113/113 110/110/110
f 113/113/113 108/108/108 115/115/115
f 107/107/107 110/110/110 114/114/114
f 114/114/114 110/110/110 116/116/116
f 109/109/109 117/117/117 105/105/105
f 106/106/106 118/118/118 112/112/112
f 110/110/110 119/119/119 116/116/116
f 117/117/117 109/109/109 112/112/112
f 111/111/111 105/105/105 120/120/120
f 110/110/110 113/113/113 119/119/119
f 115/115/115 121/121/121 113/113/113
f 112/112/112 118/118/118 117/117/117
f 117/117/117 122/122/122 105/105/105
f 119/119/119 123/123/123 116/116/116
f 105/105/105 124/124/124 120/120/120
f 105/105/105 122/122/122 124/124/124
f 113/113/113 125/125/125 119/119/119
f 121/121/121 126/126/126 113/113/113
f 113/113/113 126/126/126 125/125/125
f 124/124/124 127/127/127 120/120/120
f 128/128/128 126/126/126 121/121/121
f 119/119/119 129/129/129 123/123/123
f 119/119/119 125/125/125 129/129/129
f 123/123/123 129/129/129 130/130/130
f 117/117/117 118/118/118 131/131/131
f 117/117/117 132/132/132 122/122/122
f 126/126/126 128/128/128 133/133/133
f 122/122/122 132/132/132 124/124/124
f 117/117/117 131/131/131 132/132/132
f 128/128/128 134/134/134 133/133/133
f 124/124/124 135/135/135 127/127/127
f 125/125/125 126/126/126 129/129/129
f 132/132/132 136/136/136 124/124/124
f 129/129/129 137/137/137 130/130/130
f 135/135/135 124/124/124 136/136/136
f 129/129/129 126/126/126 138/138/138
f 129/129/129 138/138/138 137/137/137
f 135/135/135 136/136/136 139/139/139
f 140/140/140 133/133/133 134/134/134
f 131/131/131 141/141/141 132/132/132
f 126/126/126 142/142/142 138/138/138
f 133/133/133 140/140/140 143/143/143
f 136/136/136 132/132/132 144/144/144
f 143/143/143 126/126/126 133/133/133
f 145/145/145 137/137/137 138/138/138
f 126/126/126 143/143/143 142/142/142
f 131/131/131 146/146/146 141/141/141
f 144/144/144 132/132/132 141/141/141
f 136/136/136 144/144/144 139/139/139
f 146/146/146 147/147/147 141/141/141
f 141/141/141 147/147/147 144/144/144
f 148/148/148 143/143/143 140/140/140
f 138/138/138 149/149/149 145/145/145
f 139/139/139 144/144/144 150/150/150
f 138/138/138 151/151/151 149/149/149
f 142/142/142 151/151/151 138/138/138
f 145/145/145 149/149/149 152/152/152
f 147/147/147 153/153/153 144/144/144
f 143/143/143 154/154/154 142/142/142
f 148/148/148 154/154/154 143/143/143
f 146/146/146 155/155/155 147/147/147
f 154/154/154 148/148/148 156/156/156
f 157/157/157 142/142/142 154/154/154
f 151/151/151 158/158/158 149/149/149
f 142/142/142 157/157/157 151/151/151
f 149/149/149 158/158/158 152/152/152
f 154/154/154 156/156/156 157/157/157
f 147/147/147 155/155/155 159/159/159
f 144/144/144 160/160/160 150/150/150
f 144/144/144 153/153/153 160/160/160
f 147/147/147 161/161/161 153/153/153
f 158/158/158 162/162/162 152/152/152
f 159/159/159 161/161/161 147/147/147
f 163/163/163 157/157/157 156/156/156
f 152/152/152 162/162/162 164/164/164
f 155/155/155 165/165/165 159/159/159
f 161/161/161 166/166/166 153/153/153
f 153/153/153 166/166/166 160/160/160
f 155/155/155 167/167/167 165/165/165
f 157/157/157 163/163/163 168/168/168
f 157/157/157 168/168/168 151/151/151
f 158/158/158 151/151/151 162/162/162
f 159/159/159 165/165/165 161/161/161
f 162/162/162 169/169/169 164/164/164
f 151/151/151 170/170/170 162/162/162
f 167/167/167 171/171/171 165/165/165
f 169/169/169 172/172/172 164/164/164
f 165/165/165 173/173/173 161/161/161
f 161/161/161 173/173/173 166/166/166
f 168/168/168 163/163/163 174/174/174
f 171/171/171 175/175/175 165/165/165
f 165/165/165 175/175/175 173/173/173
f 151/151/151 168/168/168 170/170/170
f 169/169/169 176/176/176 172/172/172
f 169/169/169 162/162/162 170/170/170
f 173/173/173 177/177/177 166/166/166
f 171/171/171 167/167/167 178/178/178
f 176/176/176 169/169/169 170/170/170
f 172/172/172 176/176/176 179/179/179
f 175/175/175 180/180/180 173/173/173
f 173/173/173 181/181/181 177/177/177
f 171/171/171 182/182/182 175/175/175
f 178/178/178 182/182/182 171/171/171
f 170/170/170 183/183/183 176/176/176
f 181/181/181 184/184/184 177/177/177
f 173/173/173 180/180/180 181/181/181
f 174/174/174 185/185/185 168/168/168
f 170/170/170 168/168/168 186/186/186
f 175/175/175 187/187/187 180/180/180
f 182/182/182 187/187/187 175/175/175
f 180/180/180 187/187/187 188/188/188
f 168/168/168 185/185/185 186/186/186
f 188/188/188 181/181/181 180/180/180
f 176/176/176 189/189/189 179/179/179
f 170/170/170 186/186/186 183/183/183
f 181/181/181 188/188/188 184/184/184
f 182/182/182 190/190/190 187/187/187
f 178/178/178 190/190/190 182/182/182
f 191/191/191 190/190/190 178/178/178
f 185/185/185 192/192/192 186/186/186
f 184/184/184 188/188/188 193/193/193
f 176/176/176 194/194/194 189/189/189
f 176/176/176 183/183/183 194/194/194
f 186/186/186 195/195/195 183/183/183
f 188/188/188 187/187/187 196/196/196
f 194/194/194 197/197/197 189/189/189
f 192/192/192 195/195/195 186/186/186
f 188/188/188 196/196/196 193/193/193
f 190/190/190 198/198/198 187/187/187
f 199/199/199 200/200/200 201/201/201
f 202/202/202 201/201/201 203/203/203
f 187/187/187 198/198/198 196/196/196
f 191/191/191 204/204/204 190/190/190
f 205/205/205 206/206/206 199/199/199
f 196/196/196 207/207/207 193/193/193
f 197/197/197 208/208/208 189/189/189
f 192/192/192 209/209/209 195/195/195
f 203/203/203 210/210/210 202/202/202
f 201/201/201 200/200/200 203/203/203
f 211/211/211 205/205/205 212/212/212
f 183/183/183 213/213/213 194/194/194
f 209/209/209 192/192/192 214/214/214
f 205/205/205 211/211/211 206/206/206
f 199/199/199 206/206/206 200/200/200
f 210/210/210 203/203/203 215/215/215
f 216/216/216 217/217/217 212/212/212
f 194/194/194 213/213/213 197/197/197
f 195/195/195 218/218/218 183/183/183
f 212/212/212 217/217/217 211/211/211
f 219/219/219 206/206/206 211/211/211
f 190/190/190 204/204/204 220/220/220
f 220/220/220 198/198/198 190/190/190
f 216/216/216 221/221/221 217/217/217
f 207/207/207 196/196/196 222/222/222
f 223/223/223 207/207/207 222/222/222
f 183/183/183 218/218/218 213/213/213
f 195/195/195 209/209/209 218/218/218
f 224/224/224 221/221/221 216/216/216
f 222/222/222 196/196/196 225/225/225
f 222/222/222 221/221/221 224/224/224
f 226/226/226 209/209/209 214/214/214
f 223/223/223 222/222/222 224/224/224
f 217/217/217 227/227/227 211/211/211
f 198/198/198 225/225/225 196/196/196
f 228/228/228 229/229/229 203/203/203
f 203/203/203 229/229/229 215/215/215
f 203/203/203 200/200/200 228/228/228
f 217/217/217 221/221/221 227/227/227
f 198/198/198 230/230/230 225/225/225
f 231/231/231 215/215/215 232/232/232
f 219/219/219 211/211/211 227/227/227
f 204/204/204 233/233/233 220/220/220
f 231/231/231 234/234/234 235/235/235
f 200/200/200 206/206/206 236/236/236
f 231/231/231 232/232/232 234/234/234
f 215/215/215 229/229/229 232/232/232
f 237/237/237 222/222/222 225/225/225
f 197/197/197 238/238/238 208/208/208
f 235/235/235 234/234/234 226/226/226
f 230/230/230 198/198/198 220/220/220
f 219/219/219 239/239/239 206/206/206
f 209/209/209 226/226/226 240/240/240
f 200/200/200 236/236/236 228/228/228
f 222/222/222 241/241/241 221/221/221
f 234/234/234 240/240/240 226/226/226
f 213/213/213 238/238/238 197/197/197
f 218/218/218 209/209/209 240/240/240
f 232/232/232 229/229/229 242/242/242
f 229/229/229 228/228/228 243/243/243
f 230/230/230 244/244/244 225/225/225
f 220/220/220 233/233/233 245/245/245
f 206/206/206 239/239/239 236/236/236
f 208/208/208 238/238/238 246/246/246
f 247/247/247 245/245/245 233/233/233
f 245/245/245 230/230/230 220/220/220
f 213/213/213 248/248/248 238/238/238
f 248/248/248 213/213/213 218/218/218
f 234/234/234 249/249/249 240/240/240
f 240/240/240 250/250/250 218/218/218
f 236/236/236 251/251/251 228/228/228
f 229/229/229 243/243/243 242/242/242
f 245/245/245 247/247/247 252/252/252
f 237/237/237 241/241/241 222/222/222
f 221/221/221 253/253/253 227/227/227
f 232/232/232 254/254/254 234/234/234
f 246/246/246 238/238/238 255/255/255
f 237/237/237 225/225/225 241/241/241
f 234/234/234 254/254/254 249/249/249
f 239/239/239 251/251/251 236/236/236
f 219/219/219 227/227/227 253/253/253
f 245/245/245 244/244/244 230/230/230
f 238/238/238 248/248/248 255/255/255
f 256/256/256 241/241/241 225/225/225
f 232/232/232 242/242/242 254/254/254
f 250/250/250 240/240/240 249/249/249
f 246/246/246 255/255/255 257/257/257
f 239/239/239 258/258/258 251/251/251
f 256/256/256 225/225/225 244/244/244
f 251/251/251 243/243/243 228/228/228
f 219/219/219 258/258/258 239/239/239
f 218/218/218 250/250/250 259/259/259
f 241/241/241 260/260/260 221/221/221
f 261/261/261 258/258/258 219/219/219
f 262/262/262 245/245/245 252/252/252
f 219/219/219 253/253/253 261/261/261
f 245/245/245 262/262/262 244/244/244
f 251/251/251 263/263/263 243/243/243
f 244/244/244 264/264/264 256/256/256
f 263/263/263 251/251/251 258/258/258
f 253/253/253 265/265/265 261/261/261
f 218/218/218 259/259/259 248/248/248
f 249/249/249 254/254/254 250/250/250
f 243/243/243 263/263/263 266/266/266
f 221/221/221 260/260/260 253/253/253
f 243/243/243 266/266/266 242/242/242
f 253/253/253 260/260/260 265/265/265
f 244/244/244 262/262/262 264/264/264
f 241/241/241 267/267/267 260/260/260
f 242/242/242 266/266/266 268/268/268
f 242/242/242 268/268/268 254/254/254
f 248/248/248 269/269/269 255/255/255
f 250/250/250 270/270/270 259/259/259
f 259/259/259 269/269/269 248/248/248
f 264/264/264 262/262/262 271/271/271
f 256/256/256 272/272/272 241/241/241
f 241/241/241 272/272/272 267/267/267
f 254/254/254 270/270/270 250/250/250
f 255/255/255 273/273/273 257/257/257
f 264/264/264 271/271/271 256/256/256
f 255/255/255 269/269/269 273/273/273
f 256/256/256 271/271/271 272/272/272
f 254/254/254 268/268/268 274/274/274
f 269/269/269 259/259/259 275/275/275
f 276/276/276 257/257/257 273/273/273
f 270/270/270 254/254/254 274/274/274
f 275/275/275 259/259/259 270/270/270
f 269/269/269 277/277/277 273/273/273
f 269/269/269 275/275/275 277/277/277
f 278/278/278 279/279/279 280/280/280
f 280/280/280 281/281/281 278/278/278
f 282/282/282 283/283/283 284/284/284
f 281/281/281 285/285/285 278/278/278
f 281/281/281 280/280/280 286/286/286
f 279/279/279 287/287/287 280/280/280
f 284/284/284 283/283/283 288/288/288
f 289/289/289 284/284/284 288/288/288
f 290/290/290 288/288/288 283/283/283
f 291/291/291 285/285/285 281/281/281
f 292/292/292 293/293/293 294/294/294
f 284/284/284 289/289/289 295/295/295
f 296/296/296 290/290/290 283/283/283
f 297/297/297 298/298/298 288/288/288
f 291/291/291 281/281/281 286/286/286
f 291/291/291 286/286/286 299/299/299
f 300/300/300 292/292/292 294/294/294
f 301/301/301 302/302/302 303/303/303
f 284/284/284 295/295/295 304/304/304
f 288/288/288 290/290/290 297/297/297
f 288/288/288 298/298/298 289/289/289
f 280/280/280 305/305/305 286/286/286
f 299/299/299 286/286/286 306/306/306
f 300/300/300 286/286/286 305/305/305
f 294/294/294 306/306/306 300/300/300
f 300/300/300 307/307/307 292/292/292
f 291/291/291 299/299/299 308/308/308
f 294/294/294 309/309/309 306/306/306
f 310/310/310 309/309/309 294/294/294
f 311/311/311 294/294/294 293/293/293
f 312/312/312 290/290/290 296/296/296
f 313/313/313 287/287/287 279/279/279
f 297/297/297 290/290/290 314/314/314
f 287/287/287 315/315/315 280/280/280
f 298/298/298 316/316/316 289/289/289
f 314/314/314 317/317/317 297/297/297
f 318/318/318 305/305/305 280/280/280
f 286/286/286 300/300/300 306/306/306
f 307/307/307 300/300/300 305/305/305
f 319/319/319 292/292/292 307/307/307
f 320/320/320 293/293/293 292/292/292
f 285/285/285 321/321/321 322/322/322
f 285/285/285 291/291/291 321/321/321
f 321/321/321 291/291/291 308/308/308
f 317/317/317 298/298/298 297/297/297
f 280/280/280 315/315/315 318/318/318
f 294/294/294 311/311/311 310/310/310
f 293/293/293 323/323/323 311/311/311
f 293/293/293 324/324/324 302/302/302
f 293/293/293 302/302/302 323/323/323
f 312/312/312 314/314/314 290/290/290
f 325/325/325 322/322/322 321/321/321
f 326/326/326 298/298/298 317/317/317
f 327/327/327 298/298/298 326/326/326
f 299/299/299 309/309/309 328/328/328
f 305/305/305 329/329/329 307/307/307
f 302/302/302 330/330/330 303/303/303
f 303/303/303 331/331/331 301/301/301
f 332/332/332 333/333/333 301/301/301
f 289/289/289 334/334/334 295/295/295
f 308/308/308 299/299/299 328/328/328
f 299/299/299 306/306/306 309/309/309
f 335/335/335 336/336/336 311/311/311
f 324/324/324 320/320/320 337/337/337
f 330/330/330 302/302/302 324/324/324
f 321/321/321 308/308/308 325/325/325
f 316/316/316 298/298/298 327/327/327
f 338/338/338 326/326/326 317/317/317
f 310/310/310 328/328/328 309/309/309
f 327/327/327 339/339/339 340/340/340
f 329/329/329 319/319/319 307/307/307
f 310/310/310 311/311/311 336/336/336
f 320/320/320 292/292/292 319/319/319
f 323/323/323 335/335/335 311/311/311
f 320/320/320 324/324/324 293/293/293
f 320/320/320 341/341/341 337/337/337
f 301/301/301 323/323/323 302/302/302
f 332/332/332 301/301/301 331/331/331
f 328/328/328 342/342/342 343/343/343
f 316/316/316 327/327/327 340/340/340
f 342/342/342 328/328/328 310/310/310
f 326/326/326 339/339/339 327/327/327
f 339/339/339 326/326/326 344/344/344
f 330/330/330 337/337/337 341/341/341
f 345/345/345 323/323/323 301/301/301
f 346/346/346 301/301/301 333/333/333
f 334/334/334 289/289/289 316/316/316
f 328/328/328 343/343/343 308/308/308
f 336/336/336 335/335/335 347/347/347
f 341/341/341 320/320/320 319/319/319
f 337/337/337 330/330/330 324/324/324
f 301/301/301 346/346/346 345/345/345
f 303/303/303 330/330/330 348/348/348
f 331/331/331 303/303/303 348/348/348
f 349/349/349 333/333/333 332/332/332
f 312/312/312 350/350/350 314/314/314
f 308/308/308 351/351/351 325/325/325
f 350/350/350 317/317/317 314/314/314
f 329/329/329 305/305/305 318/318/318
f 326/326/326 338/338/338 344/344/344
f 352/352/352 342/342/342 336/336/336
f 310/310/310 336/336/336 342/342/342
f 295/295/295 353/353/353 304/304/304
f 354/354/354 316/316/316 340/340/340
f 343/343/343 342/342/342 355/355/355
f 338/338/338 317/317/317 356/356/356
f 347/347/347 352/352/352 336/336/336
f 335/335/335 357/357/357 347/347/347
f 358/358/358 340/340/340 339/339/339
f 312/312/312 359/359/359 350/350/350
f 342/342/342 352/352/352 355/355/355
f 349/349/349 332/332/332 331/331/331
f 325/325/325 351/351/351 360/360/360
f 354/354/354 334/334/334 316/316/316
f 318/318/318 315/315/315 361/361/361
f 319/319/319 329/329/329 362/362/362
f 335/335/335 323/323/323 357/357/357
f 345/345/345 357/357/357 323/323/323
f 308/308/308 343/343/343 351/351/351
f 338/338/338 363/363/363 364/364/364
f 347/347/347 355/355/355 352/352/352
f 344/344/344 338/338/338 364/364/364
f 355/355/355 347/347/347 365/365/365
f 364/364/364 366/366/366 344/344/344
f 344/344/344 367/367/367 339/339/339
f 367/367/367 358/358/358 339/339/339
f 353/353/353 295/295/295 334/334/334
f 363/363/363 338/338/338 356/356/356
f 343/343/343 355/355/355 368/368/368
f 344/344/344 366/366/366 367/367/367
f 331/331/331 369/369/369 349/349/349
f 349/349/349 370/370/370 333/333/333
f 371/371/371 350/350/350 359/359/359
f 371/371/371 372/372/372 350/350/350
f 360/360/360 373/373/373 374/374/374
f 351/351/351 373/373/373 360/360/360
f 317/317/317 350/350/350 356/356/356
f 373/373/373 351/351/351 343/343/343
f 343/343/343 368/368/368 373/373/373
f 318/318/318 361/361/361 329/329/329
f 375/375/375 358/358/358 367/367/367
f 376/376/376 346/346/346 333/333/333
f 333/333/333 370/370/370 376/376/376
f 377/377/377 370/370/370 349/349/349
f 363/363/363 356/356/356 350/350/350
f 368/368/368 355/355/355 365/365/365
f 347/347/347 357/357/357 365/365/365
f 378/378/378 340/340/340 358/358/358
f 341/341/341 319/319/319 362/362/362
f 345/345/345 346/346/346 379/379/379
f 379/379/379 346/346/346 376/376/376
f 376/376/376 370/370/370 380/380/380
f 381/381/381 364/364/364 363/363/363
f 382/382/382 364/364/364 381/381/381
f 382/382/382 383/383/383 364/364/364
f 378/378/378 384/384/384 340/340/340
f 364/364/364 383/383/383 366/366/366
f 383/383/383 385/385/385 386/386/386
f 387/387/387 366/366/366 383/383/383
f 386/386/386 387/387/387 383/383/383
f 386/386/386 388/388/388 387/387/387
f 357/357/357 345/345/345 389/389/389
f 367/367/367 390/390/390 375/375/375
f 376/376/376 391/391/391 379/379/379
f 372/372/372 371/371/371 392/392/392
f 393/393/393 372/372/372 392/392/392
f 374/374/374 393/393/393 392/392/392
f 373/373/373 393/393/393 374/374/374
f 365/365/365 394/394/394 368/368/368
f 383/383/383 382/382/382 385/385/385
f 366/366/366 387/387/387 390/390/390
f 366/366/366 390/390/390 367/367/367
f 377/377/377 395/395/395 370/370/370
f 395/395/395 380/380/380 370/370/370
f 372/372/372 363/363/363 350/350/350
f 330/330/330 341/341/341 396/396/396
f 397/397/397 358/358/358 375/375/375
f 375/375/375 390/390/390 398/398/398
f 345/345/345 379/379/379 389/389/389
f 348/348/348 369/369/369 331/331/331
f 376/376/376 380/380/380 391/391/391
f 393/393/393 363/363/363 372/372/372
f 399/399/399 393/393/393 373/373/373
f 393/393/393 381/381/381 363/363/363
f 386/386/386 385/385/385 394/394/394
f 357/357/357 400/400/400 365/365/365
f 388/388/388 386/386/386 401/401/401
f 400/400/400 402/402/402 403/403/403
f 389/389/389 400/400/400 357/357/357
f 396/396/396 348/348/348 330/330/330
f 402/402/402 389/389/389 404/404/404
f 379/379/379 404/404/404 389/389/389
f 405/405/405 404/404/404 379/379/379
f 399/399/399 373/373/373 368/368/368
f 368/368/368 406/406/406 399/399/399
f 399/399/399 406/406/406 381/381/381
f 407/407/407 354/354/354 340/340/340
f 384/384/384 407/407/407 340/340/340
f 381/381/381 406/406/406 382/382/382
f 394/394/394 408/408/408 386/386/386
f 408/408/408 401/401/401 386/386/386
f 375/375/375 398/398/398 397/397/397
f 379/379/379 391/391/391 405/405/405
f 381/381/381 393/393/393 399/399/399
f 406/406/406 385/385/385 382/382/382
f 403/403/403 401/401/401 408/408/408
f 401/401/401 403/403/403 402/402/402
f 387/387/387 409/409/409 390/390/390
f 410/410/410 409/409/409 387/387/387
f 390/390/390 411/411/411 398/398/398
f 412/412/412 390/390/390 409/409/409
f 390/390/390 412/412/412 411/411/411
f 368/368/368 394/394/394 406/406/406
f 394/394/394 385/385/385 406/406/406
f 365/365/365 400/400/400 394/394/394
f 400/400/400 403/403/403 408/408/408
f 378/378/378 358/358/358 397/397/397
f 391/391/391 380/380/380 413/413/413
f 394/394/394 400/400/400 408/408/408
f 341/341/341 362/362/362 414/414/414
f 415/415/415 401/401/401 402/402/402
f 388/388/388 410/410/410 387/387/387
f 409/409/409 410/410/410 416/416/416
f 388/388/388 401/401/401 415/415/415
f 402/402/402 404/404/404 417/417/417
f 405/405/405 417/417/417 404/404/404
f 412/412/412 409/409/409 416/416/416
f 412/412/412 416/416/416 418/418/418
f 413/413/413 405/405/405 391/391/391
f 395/395/395 419/419/419 380/380/380
f 396/396/396 341/341/341 414/414/414
f 420/420/420 411/411/411 412/412/412
f 412/412/412 418/418/418 421/421/421
f 377/377/377 422/422/422 395/395/395
f 388/388/388 415/415/415 410/410/410
f 411/411/411 423/423/423 398/398/398
f 416/416/416 410/410/410 424/424/424
f 369/369/369 348/348/348 425/425/425
f 417/417/417 426/426/426 424/424/424
f 421/421/421 420/420/420 412/412/412
f 377/377/377 349/349/349 427/427/427
f 380/380/380 428/428/428 413/413/413
f 416/416/416 424/424/424 429/429/429
f 405/405/405 413/413/413 417/417/417
f 413/413/413 426/426/426 417/417/417
f 418/418/418 426/426/426 421/421/421
f 421/421/421 426/426/426 413/413/413
f 430/430/430 349/349/349 369/369/369
f 431/431/431 380/380/380 419/419/419
f 378/378/378 397/397/397 432/432/432
f 433/433/433 397/397/397 398/398/398
f 426/426/426 429/429/429 424/424/424
f 434/434/434 398/398/398 423/423/423
f 423/423/423 411/411/411 420/420/420
f 420/420/420 421/421/421 435/435/435
f 421/421/421 413/413/413 428/428/428
f 436/436/436 384/384/384 378/378/378
f 349/349/349 430/430/430 427/427/427
f 377/377/377 427/427/427 422/422/422
f 431/431/431 428/428/428 380/380/380
f 418/418/418 416/416/416 429/429/429
f 419/419/419 395/395/395 437/437/437
f 417/417/417 415/415/415 402/402/402
f 417/417/417 424/424/424 415/415/415
f 410/410/410 415/415/415 424/424/424
f 397/397/397 433/433/433 432/432/432
f 426/426/426 418/418/418 429/429/429
f 395/395/395 422/422/422 437/437/437
f 438/438/438 369/369/369 425/425/425
f 435/435/435 421/421/421 428/428/428
f 439/439/439 431/431/431 419/419/419
f 436/436/436 378/378/378 440/440/440
f 440/440/440 378/378/378 432/432/432
f 441/441/441 432/432/432 433/433/433
f 398/398/398 434/434/434 433/433/433
f 434/434/434 441/441/441 433/433/433
f 423/423/423 420/420/420 434/434/434
f 439/439/439 419/419/419 437/437/437
f 442/442/442 422/422/422 427/427/427
f 422/422/422 443/443/443 437/437/437
f 428/428/428 431/431/431 444/444/444
f 427/427/427 430/430/430 445/445/445
f 420/420/420 435/435/435 446/446/446
f 442/442/442 427/427/427 445/445/445
f 437/437/437 447/447/447 439/439/439
f 446/446/446 434/434/434 420/420/420
f 441/441/441 434/434/434 448/448/448
f 449/449/449 448/448/448 434/434/434
f 450/450/450 444/444/444 431/431/431
f 435/435/435 451/451/451 446/446/446
f 452/452/452 435/435/435 428/428/428
f 452/452/452 428/428/428 444/444/444
f 453/453/453 432/432/432 441/441/441
f 434/434/434 446/446/446 449/449/449
f 447/447/447 437/437/437 443/443/443
f 438/438/438 430/430/430 369/369/369
f 435/435/435 452/452/452 451/451/451
f 454/454/454 444/444/444 450/450/450
f 450/450/450 431/431/431 439/439/439
f 455/455/455 438/438/438 456/456/456
f 430/430/430 457/457/457 445/445/445
f 457/457/457 458/458/458 445/445/445
f 459/459/459 452/452/452 444/444/444
f 460/460/460 438/438/438 455/455/455
f 461/461/461 430/430/430 438/438/438
f 461/461/461 457/457/457 430/430/430
f 443/443/443 422/422/422 442/442/442
f 452/452/452 459/459/459 451/451/451
f 449/449/449 462/462/462 448/448/448
f 463/463/463 441/441/441 448/448/448
f 449/449/449 446/446/446 464/464/464
f 460/460/460 461/461/461 438/438/438
f 464/464/464 446/446/446 451/451/451
f 444/444/444 454/454/454 459/459/459
f 463/463/463 448/448/448 462/462/462
f 442/442/442 445/445/445 465/465/465
f 441/441/441 463/463/463 466/466/466
f 449/449/449 464/464/464 462/462/462
f 467/467/467 451/451/451 459/459/459
f 450/450/450 439/439/439 468/468/468
f 459/459/459 454/454/454 467/467/467
f 458/458/458 465/465/465 445/445/445
f 443/443/443 442/442/442 465/465/465
f 450/450/450 468/468/468 454/454/454
f 466/466/466 453/453/453 441/441/441
f 457/457/457 461/461/461 458/458/458
f 469/469/469 462/462/462 464/464/464
f 439/439/439 447/447/447 470/470/470
f 464/464/464 451/451/451 467/467/467
f 471/471/471 447/447/447 443/443/443
f 454/454/454 472/472/472 467/467/467
f 471/471/471 470/470/470 447/447/447
f 468/468/468 439/439/439 473/473/473
f 471/471/471 443/443/443 465/465/465
f 464/464/464 467/467/467 474/474/474
f 461/461/461 475/475/475 458/458/458
f 462/462/462 469/469/469 463/463/463
f 474/474/474 467/467/467 472/472/472
f 470/470/470 473/473/473 439/439/439
f 458/458/458 476/476/476 465/465/465
f 477/477/477 472/472/472 454/454/454
f 477/477/477 454/454/454 468/468/468
f 471/471/471 478/478/478 470/470/470
f 458/458/458 475/475/475 476/476/476
f 465/465/465 479/479/479 471/471/471
f 468/468/468 473/473/473 480/480/480
f 473/473/473 470/470/470 478/478/478
f 469/469/469 464/464/464 474/474/474
f 478/478/478 471/471/471 481/481/481
f 477/477/477 468/468/468 482/482/482
f 469/469/469 483/483/483 463/463/463
f 479/479/479 465/465/465 476/476/476
f 468/468/468 480/480/480 482/482/482
f 481/481/481 471/471/471 479/479/479
f 484/484/484 474/474/474 472/472/472
f 484/484/484 472/472/472 477/477/477
f 485/485/485 469/469/469 474/474/474
f 485/485/485 483/483/483 469/469/469
f 473/473/473 478/478/478 486/486/486
f 486/486/486 478/478/478 481/481/481
f 473/473/473 487/487/487 480/480/480
f 488/488/488 474/474/474 484/484/484
f 489/489/489 477/477/477 482/482/482
f 487/487/487 473/473/473 486/486/486
f 488/488/488 485/485/485 474/474/474
f 484/484/484 490/490/490 488/488/488
f 491/491/491 490/490/490 484/484/484
f 484/484/484 477/477/477 491/491/491
f 491/491/491 477/477/477 489/489/489
f 492/492/492 479/479/479 476/476/476
f 489/489/489 482/482/482 493/493/493
f 480/480/480 493/493/493 482/482/482
f 493/493/493 480/480/480 494/494/494
f 495/495/495 486/486/486 481/481/481
f 487/487/487 486/486/486 495/495/495
f 492/492/492 481/481/481 479/479/479
f 496/496/496 491/491/491 489/489/489
f 497/497/497 480/480/480 487/487/487
f 497/497/497 494/494/494 480/480/480
f 495/495/495 481/481/481 498/498/498
f 493/493/493 494/494/494 499/499/499
f 496/496/496 489/489/489 493/493/493
f 499/499/499 494/494/494 497/497/497
f 498/498/498 481/481/481 492/492/492
f 491/491/491 500/500/500 490/490/490
f 500/500/500 491/491/491 496/496/496
f 493/493/493 501/501/501 496/496/496
f 487/487/487 495/495/495 502/502/502
f 493/493/493 499/499/499 501/501/501
f 503/503/503 496/496/496 501/501/501
f 496/496/496 503/503/503 500/500/500
f 502/502/502 497/497/497 487/487/487
f 502/502/502 495/495/495 504/504/504
f 499/499/499 497/497/497 505/505/505
f 498/498/498 492/492/492 506/506/506
f 495/495/495 498/498/498 504/504/504
f 497/497/497 502/502/502 507/507/507
f 505/505/505 497/497/497 507/507/507
f 501/501/501 499/499/499 505/505/505
f 504/504/504 498/498/498 506/506/506
f 508/508/508 505/505/505 507/507/507
f 509/509/509 504/504/504 506/506/506
f 510/510/510 501/501/501 505/505/505
f 509/509/509 502/502/502 504/504/504
f 507/507/507 502/502/502 511/511/511
f 505/505/505 508/508/508 510/510/510
f 508/508/508 507/507/507 511/511/511
f 512/512/512 510/510/510 508/508/508
f 511/511/511 513/513/513 508/508/508
f 512/512/512 508/508/508 513/513/513
f 514/514/514 512/512/512 513/513/513
f 515/515/515 514/514/514 513/513/513
f 425/425/425 348/348/348 396/396/396
f 389/389/389 402/402/402 400/400/400
f 516/516/516 517/517/517 518/518/518
f 519/519/519 516/516/516 520/520/520
f 519/519/519 517/517/517 516/516/516
f 518/518/518 517/517/517 521/521/521
f 522/522/522 523/523/523 524/524/524
f 520/520/520 523/523/523 519/519/519
f 519/519/519 523/523/523 522/522/522
f 517/517/517 525/525/525 521/521/521
f 522/522/522 524/524/524 526/526/526
f 522/522/522 527/527/527 519/519/519
f 527/527/527 517/517/517 519/519/519
f 525/525/525 517/517/517 528/528/528
f 517/517/517 527/527/527 528/528/528
f 529/529/529 530/530/530 526/526/526
f 531/531/531 522/522/522 526/526/526
f 526/526/526 530/530/530 531/531/531
f 532/532/532 525/525/525 528/528/528
f 533/533/533 530/530/530 534/534/534
f 522/522/522 531/531/531 527/527/527
f 527/527/527 531/531/531 535/535/535
f 528/528/528 527/527/527 536/536/536
f 530/530/530 533/533/533 531/531/531
f 537/537/537 532/532/532 538/538/538
f 535/535/535 536/536/536 527/527/527
f 539/539/539 534/534/534 540/540/540
f 537/537/537 538/538/538 541/541/541
f 539/539/539 540/540/540 542/542/542
f 528/528/528 543/543/543 532/532/532
f 528/528/528 536/536/536 543/543/543
f 532/532/532 543/543/543 538/538/538
f 533/533/533 534/534/534 544/544/544
f 539/539/539 544/544/544 534/534/534
f 533/533/533 545/545/545 531/531/531
f 535/535/535 531/531/531 545/545/545
f 546/546/546 547/547/547 542/542/542
f 548/548/548 549/549/549 550/550/550
f 551/551/551 549/549/549 548/548/548
f 546/546/546 551/551/551 552/552/552
f 547/547/547 546/546/546 552/552/552
f 541/541/541 538/538/538 553/553/553
f 535/535/535 545/545/545 554/554/554
f 542/542/542 555/555/555 539/539/539
f 556/556/556 536/536/536 535/535/535
f 555/555/555 542/542/542 547/547/547
f 539/539/539 555/555/555 557/557/557
f 533/533/533 544/544/544 545/545/545
f 553/553/553 558/558/558 541/541/541
f 535/535/535 554/554/554 556/556/556
f 559/559/559 538/538/538 543/543/543
f 544/544/544 539/539/539 557/557/557
f 536/536/536 559/559/559 543/543/543
f 538/538/538 559/559/559 553/553/553
f 550/550/550 560/560/560 548/548/548
f 557/557/557 561/561/561 544/544/544
f 561/561/561 545/545/545 544/544/544
f 559/559/559 536/536/536 562/562/562
f 551/551/551 548/548/548 552/552/552
f 554/554/554 563/563/563 556/556/556
f 556/556/556 562/562/562 536/536/536
f 553/553/553 564/564/564 558/558/558
f 555/555/555 547/547/547 565/565/565
f 561/561/561 566/566/566 545/545/545
f 563/563/563 562/562/562 556/556/556
f 567/567/567 560/560/560 568/568/568
f 565/565/565 557/557/557 555/555/555
f 545/545/545 566/566/566 554/554/554
f 559/559/559 562/562/562 569/569/569
f 552/552/552 565/565/565 547/547/547
f 570/570/570 548/548/548 560/560/560
f 564/564/564 571/571/571 558/558/558
f 567/567/567 568/568/568 572/572/572
f 572/572/572 568/568/568 573/573/573
f 554/554/554 566/566/566 563/563/563
f 569/569/569 553/553/553 559/559/559
f 563/563/563 569/569/569 562/562/562
f 565/565/565 552/552/552 574/574/574
f 566/566/566 561/561/561 575/575/575
f 567/567/567 570/570/570 560/560/560
f 548/548/548 574/574/574 552/552/552
f 576/576/576 548/548/548 570/570/570
f 557/557/557 575/575/575 561/561/561
f 548/548/548 576/576/576 574/574/574
f 575/575/575 577/577/577 566/566/566
f 577/577/577 563/563/563 566/566/566
f 572/572/572 578/578/578 567/567/567
f 565/565/565 579/579/579 557/557/557
f 557/557/557 579/579/579 575/575/575
f 553/553/553 569/569/569 580/580/580
f 563/563/563 577/577/577 569/569/569
f 578/578/578 581/581/581 567/567/567
f 567/567/567 582/582/582 570/570/570
f 583/583/583 576/576/576 570/570/570
f 564/564/564 553/553/553 580/580/580
f 584/584/584 585/585/585 586/586/586
f 587/587/587 572/572/572 573/573/573
f 581/581/581 582/582/582 567/567/567
f 564/564/564 588/588/588 571/571/571
f 585/585/585 589/589/589 586/586/586
f 590/590/590 585/585/585 584/584/584
f 591/591/591 584/584/584 586/586/586
f 578/578/578 572/572/572 587/587/587
f 570/570/570 582/582/582 583/583/583
f 576/576/576 583/583/583 574/574/574
f 579/579/579 565/565/565 592/592/592
f 580/580/580 588/588/588 564/564/564
f 593/593/593 587/587/587 573/573/573
f 574/574/574 592/592/592 565/565/565
f 594/594/594 580/580/580 569/569/569
f 589/589/589 595/595/595 586/586/586
f 587/587/587 596/596/596 578/578/578
f 581/581/581 578/578/578 596/596/596
f 577/577/577 594/594/594 569/569/569
f 597/597/597 598/598/598 590/590/590
f 598/598/598 585/585/585 590/590/590
f 581/581/581 599/599/599 582/582/582
f 579/579/579 600/600/600 575/575/575
f 595/595/595 589/589/589 601/601/601
f 595/595/595 602/602/602 586/586/586
f 597/597/597 590/590/590 603/603/603
f 579/579/579 592/592/592 604/604/604
f 588/588/588 605/605/605 571/571/571
f 595/595/595 606/606/606 602/602/602
f 586/586/586 602/602/602 591/591/591
f 590/590/590 584/584/584 607/607/607
f 607/607/607 603/603/603 590/590/590
f 596/596/596 608/608/608 581/581/581
f 581/581/581 608/608/608 599/599/599
f 583/583/583 609/609/609 574/574/574
f 574/574/574 609/609/609 592/592/592
f 601/601/601 606/606/606 595/595/595
f 610/610/610 587/587/587 593/593/593
f 597/597/597 603/603/603 608/608/608
f 611/611/611 608/608/608 603/603/603
f 584/584/584 591/591/591 612/612/612
f 582/582/582 599/599/599 611/611/611
f 583/583/583 582/582/582 613/613/613
f 575/575/575 614/614/614 577/577/577
f 577/577/577 614/614/614 594/594/594
f 601/601/601 615/615/615 606/606/606
f 597/597/597 616/616/616 598/598/598
f 611/611/611 613/613/613 582/582/582
f 583/583/583 613/613/613 609/609/609
f 584/584/584 612/612/612 607/607/607
f 617/617/617 612/612/612 591/591/591
f 618/618/618 603/603/603 607/607/607
f 611/611/611 603/603/603 618/618/618
f 608/608/608 611/611/611 599/599/599
f 611/611/611 619/619/619 613/613/613
f 614/614/614 575/575/575 600/600/600
f 620/620/620 598/598/598 616/616/616
f 616/616/616 597/597/597 608/608/608
f 607/607/607 612/612/612 621/621/621
f 621/621/621 618/618/618 607/607/607
f 600/600/600 579/579/579 604/604/604
f 622/622/622 593/593/593 623/623/623
f 619/619/619 611/611/611 618/618/618
f 592/592/592 609/609/609 604/604/604
f 604/604/604 624/624/624 600/600/600
f 614/614/614 600/600/600 625/625/625
f 580/580/580 594/594/594 626/626/626
f 610/610/610 627/627/627 587/587/587
f 596/596/596 628/628/628 608/608/608
f 627/627/627 596/596/596 587/587/587
f 629/629/629 621/621/621 612/612/612
f 609/609/609 613/613/613 619/619/619
f 605/605/605 588/588/588 630/630/630
f 606/606/606 615/615/615 631/631/631
f 622/622/622 610/610/610 593/593/593
f 628/628/628 632/632/632 616/616/616
f 628/628/628 616/616/616 608/608/608
f 596/596/596 627/627/627 628/628/628
f 602/602/602 633/633/633 591/591/591
f 634/634/634 609/609/609 635/635/635
f 634/634/634 604/604/604 609/609/609
f 619/619/619 618/618/618 629/629/629
f 629/629/629 618/618/618 621/621/621
f 619/619/619 635/635/635 609/609/609
f 632/632/632 620/620/620 616/616/616
f 619/619/619 629/629/629 635/635/635
f 604/604/604 634/634/634 624/624/624
f 636/636/636 631/631/631 615/615/615
f 606/606/606 631/631/631 637/637/637
f 638/638/638 629/629/629 612/612/612
f 639/639/639 627/627/627 610/610/610
f 637/637/637 602/602/602 606/606/606
f 635/635/635 629/629/629 634/634/634
f 580/580/580 626/626/626 588/588/588
f 600/600/600 624/624/624 640/640/640
f 594/594/594 641/641/641 626/626/626
f 642/642/642 620/620/620 632/632/632
f 631/631/631 643/643/643 637/637/637
f 639/639/639 628/628/628 627/627/627
f 602/602/602 637/637/637 644/644/644
f 644/644/644 633/633/633 602/602/602
f 612/612/612 617/617/617 645/645/645
f 612/612/612 645/645/645 638/638/638
f 640/640/640 625/625/625 600/600/600
f 614/614/614 641/641/641 594/594/594
f 622/622/622 639/639/639 610/610/610
f 633/633/633 617/617/617 591/591/591
f 625/625/625 641/641/641 614/614/614
f 632/632/632 628/628/628 646/646/646
f 638/638/638 645/645/645 647/647/647
f 624/624/624 634/634/634 640/640/640
f 648/648/648 622/622/622 623/623/623
f 642/642/642 632/632/632 646/646/646
f 647/647/647 629/629/629 638/638/638
f 648/648/648 649/649/649 622/622/622
f 643/643/643 631/631/631 650/650/650
f 628/628/628 639/639/639 646/646/646
f 629/629/629 647/647/647 634/634/634
f 630/630/630 651/651/651 605/605/605
f 651/651/651 630/630/630 652/652/652
f 653/653/653 641/641/641 625/625/625
f 645/645/645 617/617/617 654/654/654
f 634/634/634 647/647/647 640/640/640
f 640/640/640 653/653/653 625/625/625
f 655/655/655 642/642/642 646/646/646
f 633/633/633 654/654/654 617/617/617
f 647/647/647 656/656/656 640/640/640
f 655/655/655 646/646/646 639/639/639
f 657/657/657 633/633/633 644/644/644
f 658/658/658 647/647/647 645/645/645
f 637/637/637 643/643/643 659/659/659
f 637/637/637 659/659/659 644/644/644
f 641/641/641 660/660/660 626/626/626
f 588/588/588 626/626/626 661/661/661
f 649/649/649 655/655/655 639/639/639
f 622/622/622 649/649/649 639/639/639
f 653/653/653 640/640/640 656/656/656
f 653/653/653 660/660/660 641/641/641
f 630/630/630 588/588/588 661/661/661
f 650/650/650 631/631/631 636/636/636
f 645/645/645 654/654/654 658/658/658
f 656/656/656 660/660/660 653/653/653
f 657/657/657 654/654/654 633/633/633
f 662/662/662 651/651/651 652/652/652
f 660/660/660 661/661/661 626/626/626
f 663/663/663 664/664/664 665/665/665
f 652/652/652 630/630/630 666/666/666
f 643/643/643 667/667/667 659/659/659
f 668/668/668 669/669/669 670/670/670
f 671/671/671 647/647/647 658/658/658
f 656/656/656 647/647/647 671/671/671
f 662/662/662 665/665/665 664/664/664
f 666/666/666 662/662/662 652/652/652
f 661/661/661 666/666/666 630/630/630
f 644/644/644 659/659/659 672/672/672
f 654/654/654 673/673/673 658/658/658
f 650/650/650 674/674/674 643/643/643
f 672/672/672 657/657/657 644/644/644
f 673/673/673 654/654/654 657/657/657
f 656/656/656 675/675/675 660/660/660
f 667/667/667 643/643/643 674/674/674
f 671/671/671 675/675/675 656/656/656
f 662/662/662 676/676/676 665/665/665
f 660/660/660 675/675/675 661/661/661
f 677/677/677 659/659/659 667/667/667
f 663/663/663 678/678/678 670/670/670
f 676/676/676 662/662/662 666/666/666
f 669/669/669 679/679/679 680/680/680
f 668/668/668 681/681/681 669/669/669
f 663/663/663 665/665/665 678/678/678
f 679/679/679 669/669/669 681/681/681
f 661/661/661 675/675/675 682/682/682
f 683/683/683 670/670/670 678/678/678
f 673/673/673 671/671/671 658/658/658
f 682/682/682 666/666/666 661/661/661
f 680/680/680 679/679/679 684/684/684
f 677/677/677 672/672/672 659/659/659
f 657/657/657 685/685/685 673/673/673
f 671/671/671 682/682/682 675/675/675
f 674/674/674 679/679/679 667/667/667
f 677/677/677 667/667/667 681/681/681
f 686/686/686 657/657/657 672/672/672
f 668/668/668 670/670/670 683/683/683
f 682/682/682 671/671/671 673/673/673
f 687/687/687 684/684/684 688/688/688
f 682/682/682 676/676/676 666/666/666
f 674/674/674 684/684/684 679/679/679
f 667/667/667 679/679/679 681/681/681
f 685/685/685 682/682/682 673/673/673
f 676/676/676 689/689/689 665/665/665
f 674/674/674 650/650/650 688/688/688
f 674/674/674 688/688/688 684/684/684
f 677/677/677 681/681/681 668/668/668
f 683/683/683 678/678/678 690/690/690
f 689/689/689 678/678/678 665/665/665
f 676/676/676 682/682/682 689/689/689
f 686/686/686 672/672/672 677/677/677
f 668/668/668 683/683/683 677/677/677
f 686/686/686 685/685/685 657/657/657
f 686/686/686 677/677/677 690/690/690
f 690/690/690 677/677/677 683/683/683
f 685/685/685 686/686/686 690/690/690
f 689/689/689 685/685/685 690/690/690
f 689/689/689 690/690/690 678/678/678
f 689/689/689 682/682/682 685/685/685
f 691/691/691 692/692/692 693/693/693
f 694/694/694 693/693/693 692/692/692
f 694/694/694 695/695/695 693/693/693
f 693/693/693 696/696/696 697/697/697
f 695/695/695 696/696/696 693/693/693
f 698/698/698 695/695/695 694/694/694
f 691/691/691 693/693/693 697/697/697
f 696/696/696 695/695/695 699/699/699
f 692/692/692 691/691/691 700/700/700
f 700/700/700 701/701/701 692/692/692
f 699/699/699 695/695/695 698/698/698
f 702/702/702 697/697/697 696/696/696
f 696/696/696 703/703/703 702/702/702
f 703/703/703 696/696/696 704/704/704
f 698/698/698 694/694/694 705/705/705
f 699/699/699 706/706/706 696/696/696
f 691/691/691 697/697/697 707/707/707
f 708/708/708 704/704/704 709/709/709
f 709/709/709 704/704/704 710/710/710
f 700/700/700 691/691/691 707/707/707
f 708/708/708 703/703/703 704/704/704
f 709/709/709 711/711/711 708/708/708
f 706/706/706 704/704/704 696/696/696
f 699/699/699 698/698/698 712/712/712
f 708/708/708 711/711/711 713/713/713
f 692/692/692 714/714/714 694/694/694
f 715/715/715 711/711/711 709/709/709
f 706/706/706 699/699/699 712/712/712
f 701/701/701 716/716/716 692/692/692
f 713/713/713 702/702/702 703/703/703
f 703/703/703 708/708/708 713/713/713
f 694/694/694 714/714/714 705/705/705
f 715/715/715 709/709/709 717/717/717
f 718/718/718 692/692/692 716/716/716
f 717/717/717 709/709/709 719/719/719
f 707/707/707 697/697/697 702/702/702
f 715/715/715 720/720/720 711/711/711
f 721/721/721 709/709/709 710/710/710
f 701/701/701 722/722/722 716/716/716
f 692/692/692 718/718/718 714/714/714
f 720/720/720 713/713/713 711/711/711
f 721/721/721 719/719/719 709/709/709
f 701/701/701 700/700/700 722/722/722
f 723/723/723 720/720/720 715/715/715
f 724/724/724 725/725/725 717/717/717
f 725/725/725 715/715/715 717/717/717
f 719/719/719 726/726/726 717/717/717
f 725/725/725 723/723/723 715/715/715
f 720/720/720 727/727/727 713/713/713
f 728/728/728 707/707/707 702/702/702
f 710/710/710 704/704/704 729/729/729
f 700/700/700 707/707/707 730/730/730
f 716/716/716 731/731/731 718/718/718
f 725/725/725 732/732/732 723/723/723
f 702/702/702 713/713/713 728/728/728
f 732/732/732 725/725/725 733/733/733
f 705/705/705 714/714/714 734/734/734
f 724/724/724 717/717/717 726/726/726
f 706/706/706 729/729/729 704/704/704
f 714/714/714 718/718/718 735/735/735
f 730/730/730 722/722/722 700/700/700
f 736/736/736 737/737/737 723/723/723
f 732/732/732 736/736/736 723/723/723
f 723/723/723 737/737/737 720/720/720
f 733/733/733 738/738/738 732/732/732
f 733/733/733 725/725/725 724/724/724
f 721/721/721 710/710/710 739/739/739
f 712/712/712 698/698/698 740/740/740
f 738/738/738 736/736/736 732/732/732
f 720/720/720 737/737/737 727/727/727
f 741/741/741 724/724/724 726/726/726
f 706/706/706 712/712/712 742/742/742
f 733/733/733 724/724/724 743/743/743
f 743/743/743 724/724/724 744/744/744
f 744/744/744 724/724/724 741/741/741
f 745/745/745 698/698/698 705/705/705
f 719/719/719 721/721/721 746/746/746
f 729/729/729 706/706/706 747/747/747
f 710/710/710 729/729/729 739/739/739
f 748/748/748 738/738/738 733/733/733
f 731/731/731 735/735/735 718/718/718
f 714/714/714 749/749/749 734/734/734
f 750/750/750 743/743/743 744/744/744
f 751/751/751 726/726/726 719/719/719
f 752/752/752 713/713/713 727/727/727
f 744/744/744 741/741/741 753/753/753
f 726/726/726 754/754/754 741/741/741
f 754/754/754 726/726/726 751/751/751
f 721/721/721 739/739/739 746/746/746
f 755/755/755 733/733/733 743/743/743
f 714/714/714 735/735/735 749/749/749
f 750/750/750 744/744/744 753/753/753
f 752/752/752 728/728/728 713/713/713
f 740/740/740 698/698/698 745/745/745
f 712/712/712 740/740/740 742/742/742
f 756/756/756 730/730/730 707/707/707
f 736/736/736 757/757/757 737/737/737
f 753/753/753 741/741/741 754/754/754
f 716/716/716 758/758/758 731/731/731
f 738/738/738 759/759/759 736/736/736
f 716/716/716 722/722/722 758/758/758
f 759/759/759 738/738/738 748/748/748
f 760/760/760 743/743/743 750/750/750
f 746/746/746 751/751/751 719/719/719
f 761/761/761 758/758/758 722/722/722
f 756/756/756 707/707/707 728/728/728
f 755/755/755 743/743/743 762/762/762
f 737/737/737 752/752/752 727/727/727
f 755/755/755 748/748/748 733/733/733
f 762/762/762 743/743/743 760/760/760
f 763/763/763 753/753/753 754/754/754
f 735/735/735 731/731/731 764/764/764
f 754/754/754 751/751/751 765/765/765
f 751/751/751 746/746/746 765/765/765
f 706/706/706 742/742/742 747/747/747
f 757/757/757 736/736/736 759/759/759
f 766/766/766 729/729/729 747/747/747
f 767/767/767 756/756/756 728/728/728
f 728/728/728 752/752/752 767/767/767
f 760/760/760 750/750/750 768/768/768
f 722/722/722 730/730/730 761/761/761
f 769/769/769 752/752/752 737/737/737
f 770/770/770 768/768/768 750/750/750
f 770/770/770 750/750/750 753/753/753
f 771/771/771 705/705/705 734/734/734
f 753/753/753 763/763/763 772/772/772
f 773/773/773 747/747/747 742/742/742
f 774/774/774 757/757/757 759/759/759
f 739/739/739 729/729/729 766/766/766
f 770/770/770 753/753/753 772/772/772
f 765/765/765 746/746/746 775/775/775
f 757/757/757 769/769/769 737/737/737
f 734/734/734 776/776/776 771/771/771
f 745/745/745 705/705/705 771/771/771
f 746/746/746 739/739/739 775/775/775
f 758/758/758 777/777/777 731/731/731
f 754/754/754 765/765/765 763/763/763
f 740/740/740 745/745/745 778/778/778
f 749/749/749 735/735/735 779/779/779
f 740/740/740 778/778/778 742/742/742
f 747/747/747 773/773/773 766/766/766
f 769/769/769 767/767/767 752/752/752
f 755/755/755 780/780/780 748/748/748
f 735/735/735 764/764/764 779/779/779
f 730/730/730 781/781/781 761/761/761
f 756/756/756 781/781/781 730/730/730
f 734/734/734 749/749/749 776/776/776
f 782/782/782 742/742/742 778/778/778
f 742/742/742 782/782/782 773/773/773
f 774/774/774 783/783/783 757/757/757
f 784/784/784 774/774/774 759/759/759
f 774/774/774 785/785/785 783/783/783
f 769/769/769 757/757/757 783/783/783
f 731/731/731 777/777/777 764/764/764
f 755/755/755 762/762/762 786/786/786
f 768/768/768 770/770/770 787/787/787
f 770/770/770 772/772/772 787/787/787
f 769/769/769 788/788/788 767/767/767
f 779/779/779 776/776/776 749/749/749
f 789/789/789 761/761/761 781/781/781
f 785/785/785 790/790/790 783/783/783
f 784/784/784 785/785/785 774/774/774
f 780/780/780 755/755/755 786/786/786
f 762/762/762 760/760/760 791/791/791
f 756/756/756 792/792/792 781/781/781
f 793/793/793 756/756/756 767/767/767
f 762/762/762 794/794/794 786/786/786
f 791/791/791 760/760/760 768/768/768
f 766/766/766 795/795/795 739/739/739
f 796/796/796 759/759/759 748/748/748
f 790/790/790 797/797/797 783/783/783
f 777/777/777 758/758/758 798/798/798
f 780/780/780 799/799/799 748/748/748
f 783/783/783 797/797/797 769/769/769
f 775/775/775 739/739/739 795/795/795
f 793/793/793 792/792/792 756/756/756
f 798/798/798 758/758/758 761/761/761
f 762/762/762 791/791/791 794/794/794
f 800/800/800 790/790/790 785/785/785
f 796/796/796 784/784/784 759/759/759
f 797/797/797 801/801/801 769/769/769
f 801/801/801 788/788/788 769/769/769
f 766/766/766 773/773/773 795/795/795
f 792/792/792 789/789/789 781/781/781
f 790/790/790 802/802/802 797/797/797
f 799/799/799 796/796/796 748/748/748
f 745/745/745 771/771/771 803/803/803
f 778/778/778 745/745/745 803/803/803
f 784/784/784 800/800/800 785/785/785
f 804/804/804 798/798/798 761/761/761
f 793/793/793 767/767/767 788/788/788
f 805/805/805 791/791/791 768/768/768
f 796/796/796 806/806/806 784/784/784
f 807/807/807 788/788/788 801/801/801
f 800/800/800 808/808/808 790/790/790
f 808/808/808 802/802/802 790/790/790
f 789/789/789 804/804/804 761/761/761
f 807/807/807 793/793/793 788/788/788
f 801/801/801 797/797/797 802/802/802
f 787/787/787 805/805/805 768/768/768
f 773/773/773 782/782/782 809/809/809
f 806/806/806 800/800/800 784/784/784
f 802/802/802 807/807/807 801/801/801
f 809/809/809 795/795/795 773/773/773
f 810/810/810 806/806/806 811/811/811
f 810/810/810 800/800/800 806/806/806
f 808/808/808 800/800/800 812/812/812
f 813/813/813 806/806/806 796/796/796
f 811/811/811 806/806/806 813/813/813
f 810/810/810 812/812/812 800/800/800
f 814/814/814 815/815/815 802/802/802
f 807/807/807 792/792/792 793/793/793
f 815/815/815 807/807/807 802/802/802
f 816/816/816 764/764/764 777/777/777
f 786/786/786 817/817/817 780/780/780
f 818/818/818 764/764/764 819/819/819
f 817/817/817 786/786/786 794/794/794
f 802/802/802 808/808/808 814/814/814
f 813/813/813 796/796/796 799/799/799
f 820/820/820 792/792/792 807/807/807
f 815/815/815 820/820/820 807/807/807
f 779/779/779 764/764/764 818/818/818
f 821/821/821 810/810/810 811/811/811
f 792/792/792 822/822/822 789/789/789
f 804/804/804 789/789/789 823/823/823
f 777/777/777 824/824/824 816/816/816
f 778/778/778 825/825/825 782/782/782
f 826/826/826 808/808/808 812/812/812
f 810/810/810 827/827/827 812/812/812
f 780/780/780 828/828/828 799/799/799
f 816/816/816 819/819/819 764/764/764
f 829/829/829 794/794/794 791/791/791
f 805/805/805 787/787/787 830/830/830
f 811/811/811 831/831/831 821/821/821
f 821/821/821 827/827/827 810/810/810
f 808/808/808 826/826/826 814/814/814
f 772/772/772 832/832/832 787/787/787
f 765/765/765 775/775/775 833/833/833
f 813/813/813 831/831/831 811/811/811
f 777/777/777 798/798/798 824/824/824
f 763/763/763 834/834/834 772/772/772
f 835/835/835 827/827/827 821/821/821
f 820/820/820 815/815/815 836/836/836
f 775/775/775 795/795/795 837/837/837
f 831/831/831 838/838/838 821/821/821
f 827/827/827 826/826/826 812/812/812
f 815/815/815 814/814/814 836/836/836
f 763/763/763 765/765/765 839/839/839
f 838/838/838 835/835/835 821/821/821
f 820/820/820 822/822/822 792/792/792
f 829/829/829 791/791/791 805/805/805
f 765/765/765 833/833/833 839/839/839
f 809/809/809 782/782/782 840/840/840
f 841/841/841 842/842/842 826/826/826
f 827/827/827 841/841/841 826/826/826
f 822/822/822 823/823/823 789/789/789
f 804/804/804 843/843/843 798/798/798
f 835/835/835 841/841/841 827/827/827
f 844/844/844 814/814/814 826/826/826
f 820/820/820 836/836/836 822/822/822
f 813/813/813 845/845/845 831/831/831
f 836/836/836 846/846/846 822/822/822
f 798/798/798 843/843/843 824/824/824
f 803/803/803 847/847/847 778/778/778
f 848/848/848 838/838/838 831/831/831
f 845/845/845 813/813/813 799/799/799
f 799/799/799 828/828/828 849/849/849
f 842/842/842 844/844/844 826/826/826
f 850/850/850 843/843/843 804/804/804
f 851/851/851 829/829/829 805/805/805
f 814/814/814 844/844/844 836/836/836
f 844/844/844 852/852/852 836/836/836
f 794/794/794 829/829/829 853/853/853
f 854/854/854 848/848/848 831/831/831
f 831/831/831 845/845/845 854/854/854
f 855/855/855 824/824/824 843/843/843
f 763/763/763 839/839/839 856/856/856
f 838/838/838 857/857/857 835/835/835
f 858/858/858 855/855/855 843/843/843
f 850/850/850 858/858/858 843/843/843
f 823/823/823 850/850/850 804/804/804
f 834/834/834 763/763/763 856/856/856
f 840/840/840 782/782/782 825/825/825
f 852/852/852 846/846/846 836/836/836
f 799/799/799 859/859/859 845/845/845
f 855/855/855 860/860/860 824/824/824
f 775/775/775 837/837/837 833/833/833
f 778/778/778 847/847/847 825/825/825
f 832/832/832 772/772/772 861/861/861
f 857/857/857 862/862/862 835/835/835
f 835/835/835 862/862/862 841/841/841
f 845/845/845 863/863/863 854/854/854
f 864/864/864 850/850/850 823/823/823
f 799/799/799 849/849/849 859/859/859
f 824/824/824 865/865/865 816/816/816
f 772/772/772 834/834/834 861/861/861
f 857/857/857 838/838/838 848/848/848
f 866/866/866 855/855/855 858/858/858
f 867/867/867 864/864/864 823/823/823
f 828/828/828 780/780/780 817/817/817
f 862/862/862 868/868/868 841/841/841
f 864/864/864 858/858/858 850/850/850
f 869/869/869 828/828/828 817/817/817
f 822/822/822 867/867/867 823/823/823
f 832/832/832 830/830/830 787/787/787
f 870/870/870 866/866/866 858/858/858
f 871/871/871 858/858/858 864/864/864
f 851/851/851 805/805/805 830/830/830
f 872/872/872 862/862/862 857/857/857
f 857/857/857 848/848/848 873/873/873
f 874/874/874 848/848/848 854/854/854
f 875/875/875 852/852/852 844/844/844
f 866/866/866 876/876/876 855/855/855
f 877/877/877 822/822/822 846/846/846
f 841/841/841 868/868/868 842/842/842
f 863/863/863 874/874/874 854/854/854
f 870/870/870 858/858/858 871/871/871
f 842/842/842 875/875/875 844/844/844
f 846/846/846 852/852/852 878/878/878
f 860/860/860 855/855/855 876/876/876
f 869/869/869 849/849/849 828/828/828
f 833/833/833 837/837/837 879/879/879
f 880/880/880 862/862/862 872/872/872
f 880/880/880 868/868/868 862/862/862
f 867/867/867 871/871/871 864/864/864
f 860/860/860 865/865/865 824/824/824
f 817/817/817 794/794/794 853/853/853
f 868/868/868 881/881/881 842/842/842
f 867/867/867 822/822/822 877/877/877
f 863/863/863 845/845/845 859/859/859
f 865/865/865 819/819/819 816/816/816
f 856/856/856 839/839/839 882/882/882
f 873/873/873 848/848/848 874/874/874
f 846/846/846 878/878/878 877/877/877
f 873/873/873 872/872/872 857/857/857
f 883/883/883 881/881/881 868/868/868
f 870/870/870 884/884/884 866/866/866
f 833/833/833 882/882/882 839/839/839
f 795/795/795 809/809/809 885/885/885
f 880/880/880 883/883/883 868/868/868
f 875/875/875 886/886/886 852/852/852
f 876/876/876 866/866/866 887/887/887
f 888/888/888 870/870/870 871/871/871
f 866/866/866 884/884/884 887/887/887
f 888/888/888 871/871/871 867/867/867
f 876/876/876 889/889/889 860/860/860
f 890/890/890 869/869/869 817/817/817
f 881/881/881 875/875/875 842/842/842
f 849/849/849 869/869/869 891/891/891
f 870/870/870 892/892/892 884/884/884
f 884/884/884 893/893/893 887/887/887
f 878/878/878 852/852/852 886/886/886
f 837/837/837 795/795/795 894/894/894
f 887/887/887 895/895/895 876/876/876
f 860/860/860 896/896/896 865/865/865
f 897/897/897 898/898/898 817/817/817
f 795/795/795 885/885/885 894/894/894
f 899/899/899 880/880/880 872/872/872
f 880/880/880 900/900/900 883/883/883
f 883/883/883 900/900/900 881/881/881
f 893/893/893 901/901/901 887/887/887
f 874/874/874 902/902/902 873/873/873
f 878/878/878 903/903/903 877/877/877
f 849/849/849 891/891/891 859/859/859
f 897/897/897 817/817/817 853/853/853
f 872/872/872 904/904/904 899/899/899
f 905/905/905 880/880/880 899/899/899
f 873/873/873 902/902/902 872/872/872
f 892/892/892 893/893/893 884/884/884
f 887/887/887 901/901/901 895/895/895
f 903/903/903 888/888/888 867/867/867
f 877/877/877 903/903/903 867/867/867
f 819/819/819 865/865/865 906/906/906
f 904/904/904 872/872/872 902/902/902
f 900/900/900 880/880/880 907/907/907
f 895/895/895 908/908/908 876/876/876
f 863/863/863 859/859/859 909/909/909
f 901/901/901 910/910/910 895/895/895
f 892/892/892 870/870/870 911/911/911
f 876/876/876 908/908/908 889/889/889
f 893/893/893 912/912/912 901/901/901
f 910/910/910 901/901/901 913/913/913
f 888/888/888 911/911/911 870/870/870
f 889/889/889 896/896/896 860/860/860
f 914/914/914 904/904/904 902/902/902
f 912/912/912 913/913/913 901/901/901
f 880/880/880 905/905/905 907/907/907
f 878/878/878 886/886/886 903/903/903
f 890/890/890 817/817/817 898/898/898
f 915/915/915 830/830/830 832/832/832
f 833/833/833 879/879/879 882/882/882
f 916/916/916 912/912/912 893/893/893
f 910/910/910 917/917/917 895/895/895
f 859/859/859 891/891/891 918/918/918
f 919/919/919 902/902/902 874/874/874
f 908/908/908 895/895/895 917/917/917
f 907/907/907 920/920/920 900/900/900
f 859/859/859 918/918/918 909/909/909
f 921/921/921 916/916/916 892/892/892
f 893/893/893 892/892/892 916/916/916
f 900/900/900 922/922/922 881/881/881
f 875/875/875 923/923/923 886/886/886
f 888/888/888 903/903/903 924/924/924
f 869/869/869 890/890/890 891/891/891
f 907/907/907 925/925/925 920/920/920
f 881/881/881 922/922/922 875/875/875
f 926/926/926 830/830/830 915/915/915
f 927/927/927 886/886/886 923/923/923
f 927/927/927 903/903/903 886/886/886
f 909/909/909 874/874/874 863/863/863
f 928/928/928 906/906/906 865/865/865
f 929/929/929 910/910/910 913/913/913
f 892/892/892 911/911/911 921/921/921
f 920/920/920 930/930/930 900/900/900
f 837/837/837 894/894/894 931/931/931
f 932/932/932 914/914/914 902/902/902
f 875/875/875 933/933/933 923/923/923
f 903/903/903 927/927/927 924/924/924
f 929/929/929 934/934/934 910/910/910
f 919/919/919 874/874/874 935/935/935
f 932/932/932 902/902/902 919/919/919
f 900/900/900 930/930/930 922/922/922
f 924/924/924 911/911/911 888/888/888
f 928/928/928 865/865/865 896/896/896
f 879/879/879 837/837/837 931/931/931
f 910/910/910 936/936/936 917/917/917
f 937/937/937 921/921/921 911/911/911
f 934/934/934 936/936/936 910/910/910
f 851/851/851 830/830/830 938/938/938
f 929/929/929 939/939/939 934/934/934
f 911/911/911 924/924/924 940/940/940
f 941/941/941 924/924/924 927/927/927
f 935/935/935 874/874/874 909/909/909
f 942/942/942 896/896/896 889/889/889
f 922/922/922 933/933/933 875/875/875
f 909/909/909 918/918/918 943/943/943
f 891/891/891 890/890/890 944/944/944
f 938/938/938 830/830/830 926/926/926
f 941/941/941 940/940/940 924/924/924
f 940/940/940 937/937/937 911/911/911
f 923/923/923 941/941/941 927/927/927
f 928/928/928 896/896/896 942/942/942
f 922/922/922 945/945/945 933/933/933
f 922/922/922 930/930/930 945/945/945
f 908/908/908 946/946/946 889/889/889
f 947/947/947 937/937/937 940/940/940
f 941/941/941 947/947/947 940/940/940
f 923/923/923 933/933/933 941/941/941
f 919/919/919 948/948/948 932/932/932
f 945/945/945 949/949/949 933/933/933
f 891/891/891 950/950/950 918/918/918
f 889/889/889 946/946/946 942/942/942
f 933/933/933 951/951/951 941/941/941
f 941/941/941 951/951/951 947/947/947
f 949/949/949 951/951/951 933/933/933
f 952/952/952 946/946/946 908/908/908
f 918/918/918 950/950/950 943/943/943
f 891/891/891 944/944/944 950/950/950
f 948/948/948 919/919/919 935/935/935
f 953/953/953 935/935/935 909/909/909
f 932/932/932 948/948/948 954/954/954
f 953/953/953 909/909/909 943/943/943
f 955/955/955 956/776/956 957/779/957
f 956/776/956 958/956/958 959/771/959
f 958/956/958 960/957/960 959/771/959
f 961/818/961 955/955/955 957/779/957
f 959/771/959 960/957/960 962/803/962
f 958/956/958 956/776/956 963/958/963
f 962/803/962 964/959/964 965/847/965
f 955/955/955 963/958/963 956/776/956
f 966/960/966 955/955/955 961/818/961
f 962/803/962 960/957/960 964/959/964
f 967/819/967 966/960/966 961/818/961
f 963/958/963 968/961/968 958/956/958
f 967/819/967 969/906/969 966/960/966
f 955/955/955 970/962/970 963/958/963
f 958/956/958 968/961/968 960/957/960
f 966/960/966 971/963/971 955/955/955
f 955/955/955 971/963/971 970/962/970
f 965/847/965 964/959/964 972/964/972
f 968/961/968 963/958/963 973/965/973
f 960/957/960 974/966/974 964/959/964
f 970/962/970 973/965/973 963/958/963
f 969/906/969 975/928/975 976/967/976
f 977/968/977 969/906/969 976/967/976
f 978/934/978 979/969/979 980/936/980
f 969/906/969 977/968/977 966/960/966
f 979/969/979 978/934/978 981/939/981
f 982/917/982 980/936/980 983/970/983
f 964/959/964 974/966/974 972/964/972
f 984/908/984 982/917/982 983/970/983
f 985/971/985 965/847/965 972/964/972
f 983/970/983 986/952/986 984/908/984
f 987/972/987 966/960/966 977/968/977
f 960/957/960 988/973/988 974/966/974
f 981/939/981 989/974/989 979/969/979
f 986/952/986 990/975/990 991/946/991
f 991/946/991 990/975/990 992/942/992
f 968/961/968 988/973/988 960/957/960
f 992/942/992 990/975/990 993/976/993
f 976/967/976 975/928/975 992/942/992
f 973/965/973 994/977/994 968/961/968
f 983/970/983 980/936/980 979/969/979
f 987/972/987 971/963/971 966/960/966
f 995/978/995 973/965/973 970/962/970
f 971/963/971 995/978/995 970/962/970
f 992/942/992 993/976/993 976/967/976
f 974/966/974 996/979/996 972/964/972
f 974/966/974 988/973/988 996/979/996
f 979/969/979 989/974/989 997/980/997
f 979/969/979 998/981/998 983/970/983
f 983/970/983 999/982/999 986/952/986
f 1000/983/1000 977/968/977 976/967/976
f 973/965/973 995/978/995 994/977/994
f 990/975/990 986/952/986 999/982/999
f 977/968/977 1000/983/1000 987/972/987
f 1001/984/1001 976/967/976 993/976/993
f 1002/985/1002 998/981/998 979/969/979
f 976/967/976 1001/984/1001 1000/983/1000
f 972/964/972 1003/986/1003 985/971/985
f 1002/985/1002 979/969/979 997/980/997
f 987/972/987 1000/983/1000 1004/987/1004
f 994/977/994 988/973/988 968/961/968
f 971/963/971 1004/987/1004 995/978/995
f 1002/985/1002 997/980/997 1005/988/1005
f 1004/987/1004 971/963/971 987/972/987
f 989/974/989 1006/989/1006 997/980/997
f 999/982/999 1007/990/1007 1008/991/1008
f 999/982/999 1008/991/1008 990/975/990
f 1009/992/1009 994/977/994 995/978/995
f 994/977/994 1010/993/1010 988/973/988
f 983/970/983 998/981/998 999/982/999
f 1007/990/1007 999/982/999 998/981/998
f 1008/991/1008 993/976/993 990/975/990
f 1000/983/1000 1001/984/1001 1011/994/1011
f 1004/987/1004 1000/983/1000 1011/994/1011
f 1005/988/1005 997/980/997 1006/989/1006
f 988/973/988 1010/993/1010 996/979/996
f 972/964/972 996/979/996 1003/986/1003
f 993/976/993 1012/995/1012 1001/984/1001
f 1008/991/1008 1013/996/1013 993/976/993
f 994/977/994 1014/997/1014 1010/993/1010
f 1004/987/1004 1009/992/1009 995/978/995
f 993/976/993 1013/996/1013 1012/995/1012
f 998/981/998 1002/985/1002 1015/998/1015
f 998/981/998 1015/998/1015 1007/990/1007
f 1016/999/1016 1013/996/1013 1008/991/1008
f 1017/1000/1017 1003/986/1003 996/979/996
f 1011/994/1011 1001/984/1001 1012/995/1012
f 1012/995/1012 1013/996/1013 1018/1001/1018
f 1014/997/1014 1019/1002/1019 1010/993/1010
f 1003/986/1003 1017/1000/1017 1020/1003/1020
f 1010/993/1010 1019/1002/1019 996/979/996
f 1012/995/1012 1018/1001/1018 1011/994/1011
f 1006/989/1006 1021/1004/1021 1005/988/1005
f 1005/988/1005 1015/998/1015 1002/985/1002
f 1016/999/1016 1022/1005/1022 1013/996/1013
f 1008/991/1008 1007/990/1007 1016/999/1016
f 1009/992/1009 1004/987/1004 1023/1006/1023
f 1015/998/1015 1024/1007/1024 1007/990/1007
f 1021/1004/1021 1025/1008/1025 1005/988/1005
f 1005/988/1005 1026/1009/1026 1015/998/1015
f 1011/994/1011 1027/1010/1027 1004/987/1004
f 1028/1011/1028 994/977/994 1009/992/1009
f 1013/996/1013 1022/1005/1022 1018/1001/1018
f 996/979/996 1019/1002/1019 1017/1000/1017
f 1024/1007/1024 1015/998/1015 1026/1009/1026
f 994/977/994 1028/1011/1028 1014/997/1014
f 1023/1006/1023 1004/987/1004 1027/1010/1027
f 1028/1011/1028 1009/992/1009 1023/1006/1023
f 1018/1001/1018 1029/1012/1029 1011/994/1011
f 1019/1002/1019 1030/1013/1030 1017/1000/1017
f 1011/994/1011 1031/1014/1031 1027/1010/1027
f 1032/1015/1032 1019/1002/1019 1014/997/1014
f 1007/990/1007 1033/1016/1033 1016/999/1016
f 1025/1008/1025 1034/1017/1034 1005/988/1005
f 1005/988/1005 1034/1017/1034 1026/1009/1026
f 1033/1016/1033 1022/1005/1022 1016/999/1016
f 1011/994/1011 1029/1012/1029 1031/1014/1031
f 1021/1004/1021 1035/1018/1035 1025/1008/1025
f 1022/1005/1022 1036/1019/1036 1018/1001/1018
f 1028/1011/1028 1032/1015/1032 1014/997/1014
f 1024/1007/1024 1033/1016/1033 1007/990/1007
f 1018/1001/1018 1036/1019/1036 1029/1012/1029
f 1020/1003/1020 1037/1020/1037 1038/1021/1038
f 1017/1000/1017 1037/1020/1037 1020/1003/1020
f 1024/1007/1024 1026/1009/1026 1039/1022/1039
f 1024/1007/1024 1040/1023/1040 1033/1016/1033
f 1019/1002/1019 1032/1015/1032 1030/1013/1030
f 1029/1012/1029 1041/1024/1041 1031/1014/1031
f 1025/1008/1025 1042/1025/1042 1034/1017/1034
f 1034/1017/1034 1039/1022/1039 1026/1009/1026
f 1035/1018/1035 1042/1025/1042 1025/1008/1025
f 1039/1022/1039 1040/1023/1040 1024/1007/1024
f 1031/1014/1031 1043/1026/1043 1027/1010/1027
f 1029/1012/1029 1036/1019/1036 1041/1024/1041
f 1033/1016/1033 1044/1027/1044 1022/1005/1022
f 1035/1018/1035 1045/1028/1045 1042/1025/1042
f 1044/1027/1044 1036/1019/1036 1022/1005/1022
f 1046/1029/1046 1039/1022/1039 1034/1017/1034
f 1023/1006/1023 1047/1030/1047 1028/1011/1028
f 1039/1022/1039 1048/1031/1048 1040/1023/1040
f 1017/1000/1017 1030/1013/1030 1049/1032/1049
f 1017/1000/1017 1049/1032/1049 1037/1020/1037
f 1050/1033/1050 1031/1014/1031 1041/1024/1041
f 1032/1015/1032 1051/1034/1051 1030/1013/1030
f 1043/1026/1043 1052/1035/1052 1027/1010/1027
f 1028/1011/1028 1053/1036/1053 1032/1015/1032
f 1042/1025/1042 1054/1037/1054 1034/1017/1034
f 1028/1011/1028 1047/1030/1047 1053/1036/1053
f 1050/1033/1050 1043/1026/1043 1031/1014/1031
f 1037/1020/1037 1049/1032/1049 1055/1038/1055
f 1045/1028/1045 1054/1037/1054 1042/1025/1042
f 1046/1029/1046 1048/1031/1048 1039/1022/1039
f 1023/1006/1023 1027/1010/1027 1052/1035/1052
f 1033/1016/1033 1040/1023/1040 1056/1039/1056
f 1033/1016/1033 1056/1039/1056 1044/1027/1044
f 1034/1017/1034 1054/1037/1054 1046/1029/1046
f 1023/1006/1023 1052/1035/1052 1047/1030/1047
f 1057/1040/1057 1037/1020/1037 1055/1038/1055
f 1032/1015/1032 1053/1036/1053 1051/1034/1051
f 1055/1038/1055 1058/1041/1058 1057/1040/1057
f 1048/1031/1048 1059/1042/1059 1040/1023/1040
f 1036/1019/1036 1060/1043/1060 1041/1024/1041
f 1030/1013/1030 1061/1044/1061 1049/1032/1049
f 1044/1027/1044 1060/1043/1060 1036/1019/1036
f 1049/1032/1049 1062/1045/1062 1055/1038/1055
f 1040/1023/1040 1059/1042/1059 1056/1039/1056
f 1045/1028/1045 1063/1046/1063 1054/1037/1054
f 1048/1031/1048 1046/1029/1046 1064/1047/1064
f 1056/1039/1056 1065/1048/1065 1044/1027/1044
f 1061/1044/1061 1062/1045/1062 1049/1032/1049
f 1059/1042/1059 1066/1049/1066 1056/1039/1056
f 1056/1039/1056 1066/1049/1066 1065/1048/1065
f 1060/1043/1060 1050/1033/1050 1041/1024/1041
f 1030/1013/1030 1051/1034/1051 1061/1044/1061
f 1054/1037/1054 1067/1050/1067 1046/1029/1046
f 1065/1048/1065 1060/1043/1060 1044/1027/1044
f 1046/1029/1046 1067/1050/1067 1064/1047/1064
f 1064/1047/1064 1059/1042/1059 1048/1031/1048
f 1052/1035/1052 1068/1051/1068 1047/1030/1047
f 1058/1041/1058 1055/1038/1055 1069/1052/1069
f 1043/1026/1043 1070/1053/1070 1052/1035/1052
f 1071/1054/1071 1053/1036/1053 1047/1030/1047
f 1051/1034/1051 1053/1036/1053 1071/1054/1071
f 1050/1033/1050 1070/1053/1070 1043/1026/1043
f 1061/1044/1061 1051/1034/1051 1072/1055/1072
f 1063/1046/1063 1073/1056/1073 1054/1037/1054
f 1060/1043/1060 1074/1057/1074 1050/1033/1050
f 1047/1030/1047 1075/1058/1075 1071/1054/1071
f 1062/1045/1062 1076/1059/1076 1055/1038/1055
f 1055/1038/1055 1076/1059/1076 1069/1052/1069
f 1073/1056/1073 1067/1050/1067 1054/1037/1054
f 1061/1044/1061 1077/1060/1077 1062/1045/1062
f 1074/1057/1074 1070/1053/1070 1050/1033/1050
f 1078/1061/1078 1051/1034/1051 1071/1054/1071
f 1051/1034/1051 1078/1061/1078 1072/1055/1072
f 1075/1058/1075 1047/1030/1047 1068/1051/1068
f 1065/1048/1065 1074/1057/1074 1060/1043/1060
f 1079/1062/1079 1064/1047/1064 1067/1050/1067
f 1062/1045/1062 1077/1060/1077 1076/1059/1076
f 1080/1063/1080 1073/1056/1073 1063/1046/1063
f 1052/1035/1052 1081/1064/1081 1068/1051/1068
f 1052/1035/1052 1070/1053/1070 1081/1064/1081
f 1065/1048/1065 1066/1049/1066 1082/1065/1082
f 1064/1047/1064 1079/1062/1079 1059/1042/1059
f 1069/1052/1069 1076/1059/1076 1083/1066/1083
f 1073/1056/1073 1084/1067/1084 1067/1050/1067
f 1078/1061/1078 1071/1054/1071 1075/1058/1075
f 1061/1044/1061 1072/1055/1072 1077/1060/1077
f 1074/1057/1074 1085/1068/1085 1070/1053/1070
f 1082/1065/1082 1074/1057/1074 1065/1048/1065
f 1068/1051/1068 1086/1069/1086 1075/1058/1075
f 1081/1064/1081 1087/1070/1087 1068/1051/1068
f 1073/1056/1073 1080/1063/1080 1084/1067/1084
f 1066/1049/1066 1088/1071/1088 1082/1065/1082
f 1082/1065/1082 1089/1072/1089 1074/1057/1074
f 1074/1057/1074 1089/1072/1089 1085/1068/1085
f 1059/1042/1059 1090/1073/1090 1066/1049/1066
f 1081/1064/1081 1070/1053/1070 1091/1074/1091
f 1087/1070/1087 1086/1069/1086 1068/1051/1068
f 1092/1075/1092 1075/1058/1075 1086/1069/1086
f 1079/1062/1079 1090/1073/1090 1059/1042/1059
f 1081/1064/1081 1091/1074/1091 1087/1070/1087
f 1080/1063/1080 1093/1076/1093 1084/1067/1084
f 1075/1058/1075 1094/1077/1094 1078/1061/1078
f 1076/1059/1076 1077/1060/1077 1095/1078/1095
f 1084/1067/1084 1096/1079/1096 1067/1050/1067
f 1096/1079/1096 1079/1062/1079 1067/1050/1067
f 1085/1068/1085 1097/1080/1097 1070/1053/1070
f 1098/1081/1098 1077/1060/1077 1072/1055/1072
f 1075/1058/1075 1092/1075/1092 1094/1077/1094
f 1093/1076/1093 1096/1079/1096 1084/1067/1084
f 1082/1065/1082 1088/1071/1088 1099/1082/1099
f 1082/1065/1082 1099/1082/1099 1089/1072/1089
f 1087/1070/1087 1100/1083/1100 1086/1069/1086
f 1097/1080/1097 1091/1074/1091 1070/1053/1070
f 1089/1072/1089 1099/1082/1099 1085/1068/1085
f 1087/1070/1087 1091/1074/1091 1101/1084/1101
f 1090/1073/1090 1088/1071/1088 1066/1049/1066
f 1078/1061/1078 1102/1085/1102 1072/1055/1072
f 1103/1086/1103 1090/1073/1090 1079/1062/1079
f 1090/1073/1090 1104/1087/1104 1088/1071/1088
f 1083/1066/1083 1076/1059/1076 1105/1088/1105
f 1099/1082/1099 1097/1080/1097 1085/1068/1085
f 1100/1083/1100 1092/1075/1092 1086/1069/1086
f 1102/1085/1102 1098/1081/1098 1072/1055/1072
f 1098/1081/1098 1095/1078/1095 1077/1060/1077
f 1106/1089/1106 1096/1079/1096 1093/1076/1093
f 1096/1079/1096 1107/1090/1107 1079/1062/1079
f 1087/1070/1087 1101/1084/1101 1100/1083/1100
f 1079/1062/1079 1107/1090/1107 1103/1086/1103
f 1104/1087/1104 1108/1091/1108 1088/1071/1088
f 1109/1092/1109 1092/1075/1092 1100/1083/1100
f 1094/1077/1094 1102/1085/1102 1078/1061/1078
f 1105/1088/1105 1076/1059/1076 1110/1093/1110
f 1088/1071/1088 1108/1091/1108 1099/1082/1099
f 1090/1073/1090 1111/1094/1111 1104/1087/1104
f 1112/1095/1112 1095/1078/1095 1098/1081/1098
f 1095/1078/1095 1113/1096/1113 1076/1059/1076
f 1094/1077/1094 1092/1075/1092 1114/1097/1114
f 1104/1087/1104 1111/1094/1111 1108/1091/1108
f 1101/1084/1101 1091/1074/1091 1115/1098/1115
f 1095/1078/1095 1112/1095/1112 1113/1096/1113
f 1113/1096/1113 1110/1093/1110 1076/1059/1076
f 1097/1080/1097 1116/1099/1116 1091/1074/1091
f 1103/1086/1103 1111/1094/1111 1090/1073/1090
f 1117/1100/1117 1107/1090/1107 1096/1079/1096
f 1094/1077/1094 1118/1101/1118 1102/1085/1102
f 1099/1082/1099 1119/1102/1119 1097/1080/1097
f 1091/1074/1091 1116/1099/1116 1115/1098/1115
f 1117/1100/1117 1096/1079/1096 1106/1089/1106
f 1111/1094/1111 1103/1086/1103 1120/1103/1120
f 1098/1081/1098 1102/1085/1102 1121/1104/1121
f 1107/1090/1107 1120/1103/1120 1103/1086/1103
f 1097/1080/1097 1119/1102/1119 1116/1099/1116
f 1122/1105/1122 1100/1083/1100 1101/1084/1101
f 1102/1085/1102 1118/1101/1118 1121/1104/1121
f 1101/1084/1101 1115/1098/1115 1122/1105/1122
f 1098/1081/1098 1121/1104/1121 1112/1095/1112
f 1092/1075/1092 1109/1092/1109 1114/1097/1114
f 1117/1100/1117 1106/1089/1106 1123/1106/1123
f 1107/1090/1107 1117/1100/1117 1124/1107/1124
f 1119/1102/1119 1099/1082/1099 1125/1108/1125
f 1124/1107/1124 1120/1103/1120 1107/1090/1107
f 1113/1096/1113 1112/1095/1112 1126/1109/1126
f 1094/1077/1094 1114/1097/1114 1118/1101/1118
f 1120/1103/1120 1127/1110/1127 1111/1094/1111
f 1110/1093/1110 1113/1096/1113 1128/1111/1128
f 1112/1095/1112 1121/1104/1121 1126/1109/1126
f 1121/1104/1121 1118/1101/1118 1129/1112/1129
f 1130/1113/1130 1122/1105/1122 1115/1098/1115
f 1113/1096/1113 1126/1109/1126 1131/1114/1131
f 1116/1099/1116 1130/1113/1130 1115/1098/1115
f 1113/1096/1113 1131/1114/1131 1128/1111/1128
f 1132/1115/1132 1108/1091/1108 1111/1094/1111
f 1109/1092/1109 1100/1083/1100 1122/1105/1122
f 1127/1110/1127 1132/1115/1132 1111/1094/1111
f 1099/1082/1099 1108/1091/1108 1125/1108/1125
f 1120/1103/1120 1124/1107/1124 1127/1110/1127
f 1119/1102/1119 1133/1116/1133 1116/1099/1116
f 1118/1101/1118 1114/1097/1114 1134/1117/1134
f 1126/1109/1126 1121/1104/1121 1135/1118/1135
f 1135/1118/1135 1131/1114/1131 1126/1109/1126
f 1125/1108/1125 1108/1091/1108 1132/1115/1132
f 1134/1117/1134 1129/1112/1129 1118/1101/1118
f 1121/1104/1121 1129/1112/1129 1135/1118/1135
f 1136/1119/1136 1116/1099/1116 1133/1116/1133
f 1137/1120/1137 1128/1111/1128 1131/1114/1131
f 1127/1110/1127 1124/1107/1124 1138/1121/1138
f 1116/1099/1116 1136/1119/1136 1130/1113/1130
f 1123/1106/1123 1139/1122/1139 1117/1100/1117
f 1124/1107/1124 1117/1100/1117 1140/1123/1140
f 1139/1122/1139 1140/1123/1140 1117/1100/1117
f 1132/1115/1132 1141/1124/1141 1125/1108/1125
f 1135/1118/1135 1129/1112/1129 1142/1125/1142
f 1125/1108/1125 1143/1126/1143 1119/1102/1119
f 1132/1115/1132 1127/1110/1127 1138/1121/1138
f 1144/1127/1144 1136/1119/1136 1133/1116/1133
f 1140/1123/1140 1145/1128/1145 1124/1107/1124
f 1143/1126/1143 1146/1129/1146 1119/1102/1119
f 1119/1102/1119 1146/1129/1146 1133/1116/1133
f 1130/1113/1130 1147/1130/1147 1122/1105/1122
f 1138/1121/1138 1124/1107/1124 1145/1128/1145
f 1136/1119/1136 1148/1131/1148 1130/1113/1130
f 1109/1092/1109 1122/1105/1122 1149/1132/1149
f 1130/1113/1130 1148/1131/1148 1147/1130/1147
f 1147/1130/1147 1149/1132/1149 1122/1105/1122
f 1131/1114/1131 1135/1118/1135 1150/1133/1150
f 1151/1134/1151 1138/1121/1138 1145/1128/1145
f 1141/1124/1141 1143/1126/1143 1125/1108/1125
f 1152/1135/1152 1132/1115/1132 1138/1121/1138
f 1153/1136/1153 1137/1120/1137 1131/1114/1131
f 1133/1116/1133 1146/1129/1146 1144/1127/1144
f 1154/1137/1154 1155/1138/1155 1139/1122/1139
f 1156/1139/1156 1145/1128/1145 1140/1123/1140
f 1155/1138/1155 1154/1137/1154 1157/1140/1157
f 1141/1124/1141 1158/1141/1158 1143/1126/1143
f 1139/1122/1139 1156/1139/1156 1140/1123/1140
f 1134/1117/1134 1142/1125/1142 1129/1112/1129
f 1142/1125/1142 1150/1133/1150 1135/1118/1135
f 1131/1114/1131 1150/1133/1150 1153/1136/1153
f 1156/1139/1156 1151/1134/1151 1145/1128/1145
f 1159/1142/1159 1141/1124/1141 1132/1115/1132
f 1149/1132/1149 1160/1143/1160 1109/1092/1109
f 1109/1092/1109 1160/1143/1160 1114/1097/1114
f 1151/1134/1151 1152/1135/1152 1138/1121/1138
f 1161/1144/1161 1148/1131/1148 1136/1119/1136
f 1139/1122/1139 1155/1138/1155 1156/1139/1156
f 1152/1135/1152 1159/1142/1159 1132/1115/1132
f 1114/1097/1114 1162/1145/1162 1134/1117/1134
f 1141/1124/1141 1159/1142/1159 1163/1146/1163
f 1163/1146/1163 1158/1141/1158 1141/1124/1141
f 1151/1134/1151 1164/1147/1164 1152/1135/1152
f 1152/1135/1152 1164/1147/1164 1165/1148/1165
f 1152/1135/1152 1166/1149/1166 1159/1142/1159
f 1148/1131/1148 1167/1150/1167 1147/1130/1147
f 1155/1138/1155 1168/1151/1168 1156/1139/1156
f 1147/1130/1147 1167/1150/1167 1149/1132/1149
f 1156/1139/1156 1168/1151/1168 1151/1134/1151
f 1159/1142/1159 1166/1149/1166 1163/1146/1163
f 1168/1151/1168 1164/1147/1164 1151/1134/1151
f 1152/1135/1152 1165/1148/1165 1166/1149/1166
f 1146/1129/1146 1143/1126/1143 1158/1141/1158
f 1153/1136/1153 1150/1133/1150 1169/1152/1169
f 1144/1127/1144 1161/1144/1161 1136/1119/1136
f 1170/1153/1170 1150/1133/1150 1142/1125/1142
f 1160/1143/1160 1162/1145/1162 1114/1097/1114
f 1171/1154/1171 1166/1149/1166 1165/1148/1165
f 1142/1125/1142 1172/1155/1172 1170/1153/1170
f 1155/1138/1155 1173/1156/1173 1168/1151/1168
f 1158/1141/1158 1174/1157/1174 1146/1129/1146
f 1161/1144/1161 1144/1127/1144 1175/1158/1175
f 1134/1117/1134 1172/1155/1172 1142/1125/1142
f 1157/1140/1157 1176/1159/1176 1155/1138/1155
f 1166/1149/1166 1177/1160/1177 1163/1146/1163
f 1150/1133/1150 1170/1153/1170 1169/1152/1169
f 1164/1147/1164 1178/1161/1178 1165/1148/1165
f 1163/1146/1163 1179/1162/1179 1158/1141/1158
f 1164/1147/1164 1168/1151/1168 1178/1161/1178
f 1166/1149/1166 1171/1154/1171 1177/1160/1177
f 1177/1160/1177 1179/1162/1179 1163/1146/1163
f 1171/1154/1171 1165/1148/1165 1178/1161/1178
f 1146/1129/1146 1174/1157/1174 1144/1127/1144
f 1148/1131/1148 1161/1144/1161 1167/1150/1167
f 1176/1159/1176 1157/1140/1157 1180/1163/1180
f 1158/1141/1158 1179/1162/1179 1174/1157/1174
f 1176/1159/1176 1173/1156/1173 1155/1138/1155
f 1172/1155/1172 1134/1117/1134 1162/1145/1162
f 1168/1151/1168 1173/1156/1173 1181/1164/1181
f 1167/1150/1167 1182/1165/1182 1149/1132/1149
f 1149/1132/1149 1182/1165/1182 1160/1143/1160
f 1144/1127/1144 1174/1157/1174 1175/1158/1175
f 1153/1136/1153 1169/1152/1169 1183/1166/1183
f 1168/1151/1168 1181/1164/1181 1178/1161/1178
f 1179/1162/1179 1177/1160/1177 1171/1154/1171
f 1160/1143/1160 1184/1167/1184 1162/1145/1162
f 1173/1156/1173 1176/1159/1176 1185/1168/1185
f 1186/1169/1186 1179/1162/1179 1171/1154/1171
f 1174/1157/1174 1179/1162/1179 1187/1170/1187
f 1176/1159/1176 1180/1163/1180 1185/1168/1185
f 1187/1170/1187 1188/1171/1188 1174/1157/1174
f 1162/1145/1162 1189/1172/1189 1172/1155/1172
f 1185/1168/1185 1181/1164/1181 1173/1156/1173
f 1181/1164/1181 1190/1173/1190 1178/1161/1178
f 1171/1154/1171 1178/1161/1178 1190/1173/1190
f 1184/1167/1184 1160/1143/1160 1182/1165/1182
f 1179/1162/1179 1186/1169/1186 1187/1170/1187
f 1189/1172/1189 1162/1145/1162 1184/1167/1184
f 1167/1150/1167 1161/1144/1161 1191/1174/1191
f 1169/1152/1169 1192/1175/1192 1183/1166/1183
f 1175/1158/1175 1193/1176/1193 1161/1144/1161
f 1174/1157/1174 1194/1177/1194 1175/1158/1175
f 1184/1167/1184 1182/1165/1182 1195/1178/1195
f 1190/1173/1190 1186/1169/1186 1171/1154/1171
f 1174/1157/1174 1188/1171/1188 1194/1177/1194
f 1181/1164/1181 1185/1168/1185 1196/1179/1196
f 1170/1153/1170 1172/1155/1172 1197/1180/1197
f 1169/1152/1169 1170/1153/1170 1198/1181/1198
f 1183/1166/1183 1192/1175/1192 1199/1182/1199
f 1193/1176/1193 1191/1174/1191 1161/1144/1161
f 1190/1173/1190 1181/1164/1181 1200/1183/1200
f 1187/1170/1187 1201/1184/1201 1188/1171/1188
f 1189/1172/1189 1197/1180/1197 1172/1155/1172
f 1198/1181/1198 1192/1175/1192 1169/1152/1169
f 1185/1168/1185 1180/1163/1180 1202/1185/1202
f 1193/1176/1193 1175/1158/1175 1194/1177/1194
f 1170/1153/1170 1197/1180/1197 1198/1181/1198
f 1182/1165/1182 1203/1186/1203 1204/1187/1204
f 1167/1150/1167 1203/1186/1203 1182/1165/1182
f 1196/1179/1196 1205/1188/1205 1181/1164/1181
f 1190/1173/1190 1200/1183/1200 1186/1169/1186
f 1185/1168/1185 1206/1189/1206 1196/1179/1196
f 1188/1171/1188 1201/1184/1201 1194/1177/1194
f 1202/1185/1202 1207/1190/1207 1185/1168/1185
f 1186/1169/1186 1201/1184/1201 1187/1170/1187
f 1189/1172/1189 1184/1167/1184 1195/1178/1195
f 1203/1186/1203 1167/1150/1167 1191/1174/1191
f 1208/1191/1208 1197/1180/1197 1189/1172/1189
f 1200/1183/1200 1209/1192/1209 1186/1169/1186
f 1181/1164/1181 1205/1188/1205 1200/1183/1200
f 1182/1165/1182 1204/1187/1204 1195/1178/1195
f 1210/1193/1210 1199/1182/1199 1192/1175/1192
f 1207/1190/1207 1206/1189/1206 1185/1168/1185
f 1197/1180/1197 1211/1194/1211 1198/1181/1198
f 1186/1169/1186 1212/1195/1212 1201/1184/1201
f 1198/1181/1198 1210/1193/1210 1192/1175/1192
f 1211/1194/1211 1197/1180/1197 1208/1191/1208
f 1201/1184/1201 1213/1196/1213 1194/1177/1194
f 1186/1169/1186 1209/1192/1209 1212/1195/1212
f 1195/1178/1195 1214/1197/1214 1189/1172/1189
f 1198/1181/1198 1211/1194/1211 1210/1193/1210
f 1206/1189/1206 1215/1198/1215 1196/1179/1196
f 1213/1196/1213 1216/1199/1216 1194/1177/1194
f 1202/1185/1202 1217/1200/1217 1207/1190/1207
f 1205/1188/1205 1209/1192/1209 1200/1183/1200
f 1194/1177/1194 1216/1199/1216 1193/1176/1193
f 1189/1172/1189 1214/1197/1214 1208/1191/1208
f 1215/1198/1215 1205/1188/1205 1196/1179/1196
f 1218/1201/1218 1201/1184/1201 1212/1195/1212
f 1193/1176/1193 1216/1199/1216 1219/1202/1219
f 1220/1203/1220 1207/1190/1207 1217/1200/1217
f 1210/1193/1210 1221/1204/1221 1199/1182/1199
f 1213/1196/1213 1201/1184/1201 1218/1201/1218
f 1203/1186/1203 1222/1205/1222 1204/1187/1204
f 1206/1189/1206 1207/1190/1207 1220/1203/1220
f 1209/1192/1209 1223/1206/1223 1212/1195/1212
f 1193/1176/1193 1224/1207/1224 1191/1174/1191
f 1204/1187/1204 1225/1208/1225 1195/1178/1195
f 1215/1198/1215 1226/1209/1226 1205/1188/1205
f 1219/1202/1219 1224/1207/1224 1193/1176/1193
f 1203/1186/1203 1191/1174/1191 1222/1205/1222
f 1226/1209/1226 1209/1192/1209 1205/1188/1205
f 1223/1206/1223 1227/1210/1227 1212/1195/1212
f 1222/1205/1222 1225/1208/1225 1204/1187/1204
f 1206/1189/1206 1228/1211/1228 1215/1198/1215
f 1216/1199/1216 1213/1196/1213 1229/1212/1229
f 1230/1213/1230 1210/1193/1210 1211/1194/1211
f 1212/1195/1212 1227/1210/1227 1218/1201/1218
f 1218/1201/1218 1229/1212/1229 1213/1196/1213
f 1191/1174/1191 1224/1207/1224 1222/1205/1222
f 1230/1213/1230 1211/1194/1211 1208/1191/1208
f 1206/1189/1206 1220/1203/1220 1228/1211/1228
f 1216/1199/1216 1231/1214/1231 1219/1202/1219
f 1229/1212/1229 1218/1201/1218 1232/1215/1232
f 1195/1178/1195 1225/1208/1225 1233/1216/1233
f 1214/1197/1214 1234/1217/1234 1208/1191/1208
f 1235/1218/1235 1226/1209/1226 1215/1198/1215
f 1236/1219/1236 1221/1204/1221 1210/1193/1210
f 1209/1192/1209 1237/1220/1237 1223/1206/1223
f 1232/1215/1232 1218/1201/1218 1227/1210/1227
f 1224/1207/1224 1238/1221/1238 1222/1205/1222
f 1226/1209/1226 1237/1220/1237 1209/1192/1209
f 1227/1210/1227 1223/1206/1223 1239/1222/1239
f 1195/1178/1195 1240/1223/1240 1214/1197/1214
f 1220/1203/1220 1217/1200/1217 1241/1224/1241
f 1230/1213/1230 1208/1191/1208 1234/1217/1234
f 1229/1212/1229 1231/1214/1231 1216/1199/1216
f 1228/1211/1228 1235/1218/1235 1215/1198/1215
f 1239/1222/1239 1223/1206/1223 1237/1220/1237
f 1242/1225/1242 1228/1211/1228 1220/1203/1220
f 1229/1212/1229 1232/1215/1232 1231/1214/1231
f 1210/1193/1210 1230/1213/1230 1236/1219/1236
f 1234/1217/1234 1214/1197/1214 1240/1223/1240
f 1241/1224/1241 1242/1225/1242 1220/1203/1220
f 1219/1202/1219 1243/1226/1243 1224/1207/1224
f 1235/1218/1235 1244/1227/1244 1226/1209/1226
f 1245/1228/1245 1230/1213/1230 1234/1217/1234
f 1231/1214/1231 1243/1226/1243 1219/1202/1219
f 1233/1216/1233 1240/1223/1240 1195/1178/1195
f 1226/1209/1226 1244/1227/1244 1237/1220/1237
f 1242/1225/1242 1246/1229/1246 1228/1211/1228
f 1228/1211/1228 1247/1230/1247 1235/1218/1235
f 1240/1223/1240 1248/1231/1248 1234/1217/1234
f 1232/1215/1232 1227/1210/1227 1249/1232/1249
f 1225/1208/1225 1222/1205/1222 1250/1233/1250
f 1250/1233/1250 1222/1205/1222 1238/1221/1238
f 1227/1210/1227 1239/1222/1239 1249/1232/1249
f 1234/1217/1234 1248/1231/1248 1245/1228/1245
f 1247/1230/1247 1244/1227/1244 1235/1218/1235
f 1243/1226/1243 1238/1221/1238 1224/1207/1224
f 1237/1220/1237 1244/1227/1244 1251/1234/1251
f 1237/1220/1237 1251/1234/1251 1239/1222/1239
f 1228/1211/1228 1246/1229/1246 1247/1230/1247
f 1251/1234/1251 1252/1235/1252 1239/1222/1239
f 1238/1221/1238 1243/1226/1243 1253/1236/1253
f 1233/1216/1233 1254/1237/1254 1240/1223/1240
f 1240/1223/1240 1254/1237/1254 1248/1231/1248
f 1232/1215/1232 1255/1238/1255 1231/1214/1231
f 1231/1214/1231 1256/1239/1256 1243/1226/1243
f 1239/1222/1239 1252/1235/1252 1249/1232/1249
f 1241/1224/1241 1257/1240/1257 1242/1225/1242
f 1258/1241/1258 1257/1240/1257 1241/1224/1241
f 1250/1233/1250 1259/1242/1259 1225/1208/1225
f 1225/1208/1225 1259/1242/1259 1233/1216/1233
f 1243/1226/1243 1260/1243/1260 1253/1236/1253
f 1261/1244/1261 1230/1213/1230 1245/1228/1245
f 1230/1213/1230 1261/1244/1261 1236/1219/1236
f 1250/1233/1250 1238/1221/1238 1253/1236/1253
f 1242/1225/1242 1257/1240/1257 1246/1229/1246
f 1252/1235/1252 1262/1245/1262 1249/1232/1249
f 1263/1246/1263 1233/1216/1233 1259/1242/1259
f 1232/1215/1232 1249/1232/1249 1255/1238/1255
f 1256/1239/1256 1231/1214/1231 1255/1238/1255
f 1233/1216/1233 1263/1246/1263 1254/1237/1254
f 1264/1247/1264 1247/1230/1247 1246/1229/1246
f 1245/1228/1245 1248/1231/1248 1265/1248/1265
f 1249/1232/1249 1262/1245/1262 1255/1238/1255
f 1266/1249/1266 1259/1242/1259 1250/1233/1250
f 1250/1233/1250 1253/1236/1253 1266/1249/1266
f 1254/1237/1254 1265/1248/1265 1248/1231/1248
f 1256/1239/1256 1260/1243/1260 1243/1226/1243
f 1257/1240/1257 1264/1247/1264 1246/1229/1246
f 1267/1250/1267 1236/1219/1236 1261/1244/1261
f 1251/1234/1251 1244/1227/1244 1268/1251/1268
f 1251/1234/1251 1268/1251/1268 1252/1235/1252
f 1252/1235/1252 1268/1251/1268 1262/1245/1262
f 1259/1242/1259 1266/1249/1266 1269/1252/1269
f 1244/1227/1244 1247/1230/1247 1270/1253/1270
f 1260/1243/1260 1266/1249/1266 1253/1236/1253
f 1270/1253/1270 1271/1254/1271 1244/1227/1244
f 1272/1255/1272 1254/1237/1254 1263/1246/1263
f 1271/1254/1271 1268/1251/1268 1244/1227/1244
f 1262/1245/1262 1273/1256/1273 1255/1238/1255
f 1256/1239/1256 1274/1257/1274 1260/1243/1260
f 1264/1247/1264 1275/1258/1275 1247/1230/1247
f 1254/1237/1254 1272/1255/1272 1265/1248/1265
f 1257/1240/1257 1276/1259/1276 1264/1247/1264
f 1247/1230/1247 1275/1258/1275 1270/1253/1270
f 1267/1250/1267 1261/1244/1261 1277/1260/1277
f 1258/1241/1258 1278/1261/1278 1257/1240/1257
f 1245/1228/1245 1279/1262/1279 1261/1244/1261
f 1257/1240/1257 1278/1261/1278 1276/1259/1276
f 1273/1256/1273 1262/1245/1262 1280/1263/1280
f 1260/1243/1260 1281/1264/1281 1266/1249/1266
f 1269/1252/1269 1282/1265/1282 1259/1242/1259
f 1245/1228/1245 1265/1248/1265 1279/1262/1279
f 1268/1251/1268 1283/1266/1283 1262/1245/1262
f 1263/1246/1263 1259/1242/1259 1282/1265/1282
f 1264/1247/1264 1276/1259/1276 1275/1258/1275
f 1273/1256/1273 1284/1267/1284 1255/1238/1255
f 1283/1266/1283 1280/1263/1280 1262/1245/1262
f 1255/1238/1255 1285/1268/1285 1256/1239/1256
f 1284/1267/1284 1285/1268/1285 1255/1238/1255
f 1261/1244/1261 1279/1262/1279 1277/1260/1277
f 1268/1251/1268 1271/1254/1271 1286/1269/1286
f 1256/1239/1256 1285/1268/1285 1274/1257/1274
f 1263/1246/1263 1287/1270/1287 1272/1255/1272
f 1288/1271/1288 1273/1256/1273 1280/1263/1280
f 1263/1246/1263 1282/1265/1282 1287/1270/1287
f 1260/1243/1260 1274/1257/1274 1281/1264/1281
f 1269/1252/1269 1266/1249/1266 1281/1264/1281
f 1270/1253/1270 1275/1258/1275 1289/1272/1289
f 1271/1254/1271 1290/1273/1290 1286/1269/1286
f 1273/1256/1273 1288/1271/1288 1284/1267/1284
f 1268/1251/1268 1291/1274/1291 1283/1266/1283
f 1270/1253/1270 1290/1273/1290 1271/1254/1271
f 1265/1248/1265 1272/1255/1272 1279/1262/1279
f 1281/1264/1281 1292/1275/1292 1269/1252/1269
f 1290/1273/1290 1270/1253/1270 1289/1272/1289
f 1283/1266/1283 1293/1276/1293 1280/1263/1280
f 1286/1269/1286 1291/1274/1291 1268/1251/1268
f 1274/1257/1274 1294/1277/1294 1281/1264/1281
f 1295/1278/1295 1276/1259/1276 1278/1261/1278
f 1280/1263/1280 1293/1276/1293 1288/1271/1288
f 1285/1268/1285 1296/1279/1296 1274/1257/1274
f 1283/1266/1283 1291/1274/1291 1293/1276/1293
f 1275/1258/1275 1276/1259/1276 1295/1278/1295
f 1288/1271/1288 1297/1280/1297 1284/1267/1284
f 1287/1270/1287 1298/1281/1298 1272/1255/1272
f 1279/1262/1279 1272/1255/1272 1298/1281/1298
f 1269/1252/1269 1292/1275/1292 1282/1265/1282
f 1290/1273/1290 1299/1282/1299 1286/1269/1286
f 1286/1269/1286 1299/1282/1299 1291/1274/1291
f 1281/1264/1281 1294/1277/1294 1300/1283/1300
f 1281/1264/1281 1300/1283/1300 1292/1275/1292
f 1284/1267/1284 1301/1284/1301 1285/1268/1285
f 1279/1262/1279 1302/1285/1302 1277/1260/1277
f 1296/1279/1296 1285/1268/1285 1301/1284/1301
f 1289/1272/1289 1303/1286/1303 1290/1273/1290
f 1274/1257/1274 1296/1279/1296 1294/1277/1294
f 1279/1262/1279 1298/1281/1298 1304/1287/1304
f 1275/1258/1275 1295/1278/1295 1305/1288/1305
f 1275/1258/1275 1306/1289/1306 1289/1272/1289
f 1279/1262/1279 1304/1287/1304 1302/1285/1302
f 1275/1258/1275 1305/1288/1305 1306/1289/1306
f 1290/1273/1290 1303/1286/1303 1299/1282/1299
f 1282/1265/1282 1307/1290/1307 1287/1270/1287
f 1282/1265/1282 1292/1275/1292 1307/1290/1307
f 1291/1274/1291 1308/1291/1308 1293/1276/1293
f 1288/1271/1288 1293/1276/1293 1309/1292/1309
f 1278/1261/1278 1310/1293/1310 1295/1278/1295
f 1309/1292/1309 1297/1280/1297 1288/1271/1288
f 1311/1294/1311 1301/1284/1301 1284/1267/1284
f 1312/1295/1312 1296/1279/1296 1301/1284/1301
f 1313/1296/1313 1292/1275/1292 1300/1283/1300
f 1277/1260/1277 1302/1285/1302 1314/1297/1314
f 1294/1277/1294 1315/1298/1315 1300/1283/1300
f 1297/1280/1297 1311/1294/1311 1284/1267/1284
f 1294/1277/1294 1296/1279/1296 1312/1295/1312
f 1293/1276/1293 1308/1291/1308 1316/1299/1316
f 1287/1270/1287 1317/1300/1317 1298/1281/1298
f 1306/1289/1306 1303/1286/1303 1289/1272/1289
f 1299/1282/1299 1318/1301/1318 1291/1274/1291
f 1298/1281/1298 1319/1302/1319 1304/1287/1304
f 1313/1296/1313 1300/1283/1300 1315/1298/1315
f 1307/1290/1307 1317/1300/1317 1287/1270/1287
f 1304/1287/1304 1319/1302/1319 1302/1285/1302
f 1295/1278/1295 1320/1303/1320 1305/1288/1305
f 1294/1277/1294 1321/1304/1321 1315/1298/1315
f 1295/1278/1295 1310/1293/1310 1320/1303/1320
f 1291/1274/1291 1318/1301/1318 1308/1291/1308
f 1298/1281/1298 1322/1305/1322 1319/1302/1319
f 1303/1286/1303 1323/1306/1323 1299/1282/1299
f 1301/1284/1301 1311/1294/1311 1312/1295/1312
f 1317/1300/1317 1322/1305/1322 1298/1281/1298
f 1293/1276/1293 1316/1299/1316 1309/1292/1309
f 1321/1304/1321 1294/1277/1294 1312/1295/1312
f 1297/1280/1297 1324/1307/1324 1311/1294/1311
f 1313/1296/1313 1307/1290/1307 1292/1275/1292
f 1309/1292/1309 1324/1307/1324 1297/1280/1297
f 1324/1307/1324 1325/1308/1325 1311/1294/1311
f 1312/1295/1312 1311/1294/1311 1326/1309/1326
f 1321/1304/1321 1312/1295/1312 1326/1309/1326
f 1302/1285/1302 1327/1310/1327 1314/1297/1314
f 1306/1289/1306 1328/1311/1328 1303/1286/1303
f 1313/1296/1313 1329/1312/1329 1307/1290/1307
f 1310/1293/1310 1330/1313/1330 1320/1303/1320
f 1315/1298/1315 1331/1314/1331 1313/1296/1313
f 1302/1285/1302 1319/1302/1319 1327/1310/1327
f 1306/1289/1306 1305/1288/1305 1328/1311/1328
f 1331/1314/1331 1329/1312/1329 1313/1296/1313
f 1318/1301/1318 1299/1282/1299 1323/1306/1323
f 1320/1303/1320 1332/1315/1332 1305/1288/1305
f 1308/1291/1308 1333/1316/1333 1316/1299/1316
f 1311/1294/1311 1325/1308/1325 1326/1309/1326
f 1321/1304/1321 1331/1314/1331 1315/1298/1315
f 1303/1286/1303 1334/1317/1334 1323/1306/1323
f 1333/1316/1333 1308/1291/1308 1318/1301/1318
f 1325/1308/1325 1335/1318/1335 1326/1309/1326
f 1336/1319/1336 1321/1304/1321 1326/1309/1326
f 1316/1299/1316 1337/1320/1337 1309/1292/1309
f 1334/1317/1334 1303/1286/1303 1328/1311/1328
f 1336/1319/1336 1331/1314/1331 1321/1304/1321
f 1336/1319/1336 1326/1309/1326 1335/1318/1335
f 1317/1300/1317 1307/1290/1307 1329/1312/1329
f 1305/1288/1305 1338/1321/1338 1328/1311/1328
f 1318/1301/1318 1339/1322/1339 1333/1316/1333
f 1330/1313/1330 1332/1315/1332 1320/1303/1320
f 1340/1323/1340 1322/1305/1322 1317/1300/1317
f 1332/1315/1332 1338/1321/1338 1305/1288/1305
f 1341/1324/1341 1319/1302/1319 1322/1305/1322
f 1324/1307/1324 1309/1292/1309 1337/1320/1337
f 1322/1305/1322 1340/1323/1340 1341/1324/1341
f 1323/1306/1323 1339/1322/1339 1318/1301/1318
f 1319/1302/1319 1341/1324/1341 1327/1310/1327
f 1329/1312/1329 1340/1323/1340 1317/1300/1317
f 1330/1313/1330 1342/1325/1342 1332/1315/1332
f 1343/1326/1343 1331/1314/1331 1336/1319/1336
f 1344/1327/1344 1337/1320/1337 1316/1299/1316
f 1345/1328/1345 1336/1319/1336 1335/1318/1335
f 1316/1299/1316 1333/1316/1333 1344/1327/1344
f 1329/1312/1329 1331/1314/1331 1343/1326/1343
f 1330/1313/1330 1346/1329/1346 1342/1325/1342
f 1337/1320/1337 1347/1330/1347 1324/1307/1324
f 1338/1321/1338 1332/1315/1332 1342/1325/1342
f 1328/1311/1328 1338/1321/1338 1348/1331/1348
f 1339/1322/1339 1349/1332/1349 1333/1316/1333
f 1328/1311/1328 1348/1331/1348 1334/1317/1334
f 1350/1333/1350 1339/1322/1339 1323/1306/1323
f 1341/1324/1341 1351/1334/1351 1327/1310/1327
f 1346/1329/1346 1352/1335/1352 1342/1325/1342
f 1352/1335/1352 1338/1321/1338 1342/1325/1342
f 1350/1333/1350 1323/1306/1323 1334/1317/1334
f 1340/1323/1340 1353/1336/1353 1341/1324/1341
f 1354/1337/1354 1350/1333/1350 1334/1317/1334
f 1349/1332/1349 1355/1338/1355 1333/1316/1333
f 1333/1316/1333 1355/1338/1355 1344/1327/1344
f 1352/1335/1352 1356/1339/1356 1338/1321/1338
f 1354/1337/1354 1334/1317/1334 1348/1331/1348
f 1347/1330/1347 1337/1320/1337 1344/1327/1344
f 1356/1339/1356 1348/1331/1348 1338/1321/1338
f 1343/1326/1343 1357/1340/1357 1329/1312/1329
f 1358/1341/1358 1336/1319/1336 1345/1328/1345
f 1359/1342/1359 1353/1336/1353 1340/1323/1340
f 1350/1333/1350 1360/1343/1360 1339/1322/1339
f 1343/1326/1343 1336/1319/1336 1358/1341/1358
f 1329/1312/1329 1359/1342/1359 1340/1323/1340
f 1360/1343/1360 1349/1332/1349 1339/1322/1339
f 1361/1344/1361 1350/1333/1350 1354/1337/1354
f 1344/1327/1344 1362/1345/1362 1363/1346/1363
f 1364/1347/1364 1348/1331/1348 1356/1339/1356
f 1341/1324/1341 1365/1348/1365 1351/1334/1351
f 1355/1338/1355 1362/1345/1362 1344/1327/1344
f 1365/1348/1365 1341/1324/1341 1353/1336/1353
f 1361/1344/1361 1360/1343/1360 1350/1333/1350
f 1329/1312/1329 1366/1349/1366 1359/1342/1359
f 1355/1338/1355 1349/1332/1349 1367/1350/1367
f 1354/1337/1354 1348/1331/1348 1361/1344/1361
f 1349/1332/1349 1360/1343/1360 1367/1350/1367
f 1368/1351/1368 1351/1334/1351 1365/1348/1365
f 1364/1347/1364 1369/1352/1369 1348/1331/1348
f 1358/1341/1358 1357/1340/1357 1343/1326/1343
f 1369/1352/1369 1361/1344/1361 1348/1331/1348
f 1353/1336/1353 1359/1342/1359 1370/1353/1370
f 1371/1354/1371 1357/1340/1357 1358/1341/1358
f 1365/1348/1365 1353/1336/1353 1370/1353/1370
f 1366/1349/1366 1329/1312/1329 1357/1340/1357
f 1366/1349/1366 1370/1353/1370 1359/1342/1359
f 1371/1354/1371 1372/1355/1372 1357/1340/1357
f 1357/1340/1357 1372/1355/1372 1366/1349/1366
f 1366/1349/1366 1373/1356/1373 1370/1353/1370
f 1368/1351/1368 1365/1348/1365 1374/1357/1374
f 1365/1348/1365 1370/1353/1370 1374/1357/1374
f 1375/1358/1375 1370/1353/1370 1373/1356/1373
f 1375/1358/1375 1374/1357/1374 1370/1353/1370
f 1366/1349/1366 1372/1355/1372 1376/1359/1376
f 1366/1349/1366 1376/1359/1376 1373/1356/1373
f 1154/1137/1154 1139/1122/1139 1123/1106/1123
f 1377/1360/1377 1378/834/1378 1379/856/1379
f 1380/809/1380 1381/840/1381 1382/1361/1382
f 1378/834/1378 1377/1360/1377 1383/861/1383
f 1380/809/1380 1382/1361/1382 1384/885/1384
f 1385/1362/1385 1377/1360/1377 1379/856/1379
f 1382/1361/1382 1381/840/1381 1386/1363/1386
f 1381/840/1381 1387/825/1387 1386/1363/1386
f 1379/856/1379 1388/882/1388 1385/1362/1385
f 1384/885/1384 1389/1364/1389 1390/894/1390
f 1384/885/1384 1382/1361/1382 1389/1364/1389
f 1391/971/1391 1387/825/1387 1392/847/1392
f 1393/832/1393 1383/861/1383 1394/1365/1394
f 1388/882/1388 1395/879/1395 1396/1366/1396
f 1383/861/1383 1377/1360/1377 1394/1365/1394
f 1377/1360/1377 1385/1362/1385 1397/1367/1397
f 1395/879/1395 1398/931/1398 1399/1368/1399
f 1398/931/1398 1390/894/1390 1400/1369/1400
f 1389/1364/1389 1382/1361/1382 1401/1370/1401
f 1402/1371/1402 1386/1363/1386 1387/825/1387
f 1393/832/1393 1394/1365/1394 1403/1372/1403
f 1385/1362/1385 1388/882/1388 1396/1366/1396
f 1387/825/1387 1391/971/1391 1402/1371/1402
f 1390/894/1390 1389/1364/1389 1400/1369/1400
f 1400/1369/1400 1404/1373/1404 1398/931/1398
f 1399/1368/1399 1398/931/1398 1404/1373/1404
f 1393/832/1393 1403/1372/1403 1405/915/1405
f 1382/1361/1382 1386/1363/1386 1406/1374/1406
f 1396/1366/1396 1395/879/1395 1399/1368/1399
f 1394/1365/1394 1377/1360/1377 1397/1367/1397
f 1397/1367/1397 1385/1362/1385 1396/1366/1396
f 1407/1375/1407 1396/1366/1396 1399/1368/1399
f 1408/926/1408 1405/915/1405 1409/1376/1409
f 1405/915/1405 1403/1372/1403 1409/1376/1409
f 1394/1365/1394 1410/1377/1410 1403/1372/1403
f 1386/1363/1386 1402/1371/1402 1406/1374/1406
f 1401/1370/1401 1382/1361/1382 1411/1378/1411
f 1412/1379/1412 1397/1367/1397 1396/1366/1396
f 1413/1380/1413 1408/926/1408 1409/1376/1409
f 1394/1365/1394 1397/1367/1397 1414/1381/1414
f 1407/1375/1407 1399/1368/1399 1404/1373/1404
f 1389/1364/1389 1401/1370/1401 1400/1369/1400
f 1411/1378/1411 1382/1361/1382 1406/1374/1406
f 1406/1374/1406 1402/1371/1402 1415/1382/1415
f 1397/1367/1397 1412/1379/1412 1414/1381/1414
f 1400/1369/1400 1401/1370/1401 1411/1378/1411
f 1412/1379/1412 1396/1366/1396 1407/1375/1407
f 1413/1380/1413 1409/1376/1409 1416/1383/1416
f 1410/1377/1410 1409/1376/1409 1403/1372/1403
f 1417/1384/1417 1410/1377/1410 1394/1365/1394
f 1418/1385/1418 1400/1369/1400 1411/1378/1411
f 1417/1384/1417 1394/1365/1394 1414/1381/1414
f 1404/1373/1404 1400/1369/1400 1419/1386/1419
f 1406/1374/1406 1415/1382/1415 1411/1378/1411
f 1400/1369/1400 1418/1385/1418 1419/1386/1419
f 1414/1381/1414 1412/1379/1412 1420/1387/1420
f 1391/971/1391 1421/986/1421 1422/1388/1422
f 1416/1383/1416 1409/1376/1409 1410/1377/1410
f 1411/1378/1411 1415/1382/1415 1423/1389/1423
f 1404/1373/1404 1424/1390/1424 1407/1375/1407
f 1391/971/1391 1422/1388/1422 1402/1371/1402
f 1415/1382/1415 1402/1371/1402 1425/1391/1425
f 1411/1378/1411 1423/1389/1423 1418/1385/1418
f 1416/1383/1416 1410/1377/1410 1426/1392/1426
f 1424/1390/1424 1404/1373/1404 1419/1386/1419
f 1418/1385/1418 1427/1393/1427 1419/1386/1419
f 1425/1391/1425 1428/1394/1428 1415/1382/1415
f 1412/1379/1412 1407/1375/1407 1429/1395/1429
f 1407/1375/1407 1424/1390/1424 1430/1396/1430
f 1431/1397/1431 1415/1382/1415 1428/1394/1428
f 1418/1385/1418 1423/1389/1423 1432/1398/1432
f 1402/1371/1402 1422/1388/1422 1425/1391/1425
f 1410/1377/1410 1417/1384/1417 1433/1399/1433
f 1431/1397/1431 1423/1389/1423 1415/1382/1415
f 1417/1384/1417 1414/1381/1414 1420/1387/1420
f 1420/1387/1420 1412/1379/1412 1429/1395/1429
f 1429/1395/1429 1407/1375/1407 1430/1396/1430
f 1424/1390/1424 1419/1386/1419 1434/1400/1434
f 1435/1401/1435 1416/1383/1416 1426/1392/1426
f 1422/1388/1422 1436/1040/1436 1425/1391/1425
f 1437/1003/1437 1422/1388/1422 1421/986/1421
f 1419/1386/1419 1427/1393/1427 1434/1400/1434
f 1426/1392/1426 1410/1377/1410 1433/1399/1433
f 1423/1389/1423 1438/1402/1438 1432/1398/1432
f 1438/1402/1438 1423/1389/1423 1431/1397/1431
f 1418/1385/1418 1432/1398/1432 1427/1393/1427
f 1424/1390/1424 1434/1400/1434 1430/1396/1430
f 1439/1403/1439 1420/1387/1420 1429/1395/1429
f 1417/1384/1417 1420/1387/1420 1439/1403/1439
f 1440/1021/1440 1436/1040/1436 1422/1388/1422
f 1417/1384/1417 1439/1403/1439 1441/1404/1441
f 1426/1392/1426 1433/1399/1433 1442/1405/1442
f 1433/1399/1433 1417/1384/1417 1441/1404/1441
f 1425/1391/1425 1436/1040/1436 1428/1394/1428
f 1422/1388/1422 1437/1003/1437 1440/1021/1440
f 1439/1403/1439 1429/1395/1429 1443/1406/1443
f 1430/1396/1430 1443/1406/1443 1429/1395/1429
f 1427/1393/1427 1444/1407/1444 1434/1400/1434
f 1445/1408/1445 1427/1393/1427 1432/1398/1432
f 1439/1403/1439 1446/1409/1446 1441/1404/1441
f 1430/1396/1430 1447/1410/1447 1443/1406/1443
f 1448/1411/1448 1435/1401/1435 1426/1392/1426
f 1430/1396/1430 1434/1400/1434 1447/1410/1447
f 1442/1405/1442 1433/1399/1433 1441/1404/1441
f 1427/1393/1427 1445/1408/1445 1444/1407/1444
f 1443/1406/1443 1446/1409/1446 1439/1403/1439
f 1428/1394/1428 1436/1040/1436 1449/1412/1449
f 1438/1402/1438 1431/1397/1431 1428/1394/1428
f 1445/1408/1445 1432/1398/1432 1438/1402/1438
f 1426/1392/1426 1442/1405/1442 1448/1411/1448
f 1450/1413/1450 1435/1401/1435 1448/1411/1448
f 1434/1400/1434 1444/1407/1444 1451/1414/1451
f 1443/1406/1443 1447/1410/1447 1452/1415/1452
f 1443/1406/1443 1452/1415/1452 1446/1409/1446
f 1428/1394/1428 1449/1412/1449 1453/1416/1453
f 1438/1402/1438 1428/1394/1428 1453/1416/1453
f 1434/1400/1434 1451/1414/1451 1454/1417/1454
f 1455/1418/1455 1442/1405/1442 1441/1404/1441
f 1452/1415/1452 1447/1410/1447 1454/1417/1454
f 1445/1408/1445 1456/1419/1456 1444/1407/1444
f 1440/1021/1440 1457/1020/1457 1436/1040/1436
f 1447/1410/1447 1434/1400/1434 1454/1417/1454
f 1448/1411/1448 1458/1420/1458 1450/1413/1450
f 1442/1405/1442 1458/1420/1458 1448/1411/1448
f 1459/1421/1459 1445/1408/1445 1438/1402/1438
f 1455/1418/1455 1441/1404/1441 1460/1422/1460
f 1449/1412/1449 1436/1040/1436 1461/1041/1461
f 1441/1404/1441 1446/1409/1446 1460/1422/1460
f 1453/1416/1453 1459/1421/1459 1438/1402/1438
f 1444/1407/1444 1456/1419/1456 1462/1423/1462
f 1451/1414/1451 1444/1407/1444 1462/1423/1462
f 1442/1405/1442 1455/1418/1455 1458/1420/1458
f 1445/1408/1445 1459/1421/1459 1456/1419/1456
f 1460/1422/1460 1446/1409/1446 1463/1424/1463
f 1464/1425/1464 1446/1409/1446 1452/1415/1452
f 1452/1415/1452 1454/1417/1454 1465/1426/1465
f 1456/1419/1456 1459/1421/1459 1466/1427/1466
f 1453/1416/1453 1449/1412/1449 1467/1428/1467
f 1453/1416/1453 1467/1428/1467 1459/1421/1459
f 1456/1419/1456 1466/1427/1466 1462/1423/1462
f 1463/1424/1463 1446/1409/1446 1468/1429/1468
f 1465/1426/1465 1464/1425/1464 1452/1415/1452
f 1450/1413/1450 1458/1420/1458 1469/1430/1469
f 1458/1420/1458 1455/1418/1455 1470/1431/1470
f 1465/1426/1465 1454/1417/1454 1471/1432/1471
f 1454/1417/1454 1451/1414/1451 1471/1432/1471
f 1472/1433/1472 1449/1412/1449 1461/1041/1461
f 1473/1434/1473 1455/1418/1455 1460/1422/1460
f 1473/1434/1473 1460/1422/1460 1463/1424/1463
f 1467/1428/1467 1474/1435/1474 1459/1421/1459
f 1468/1429/1468 1475/1436/1475 1463/1424/1463
f 1468/1429/1468 1446/1409/1446 1464/1425/1464
f 1449/1412/1449 1476/1437/1476 1467/1428/1467
f 1451/1414/1451 1462/1423/1462 1477/1438/1477
f 1451/1414/1451 1477/1438/1477 1471/1432/1471
f 1458/1420/1458 1478/1439/1478 1469/1430/1469
f 1461/1041/1461 1479/1052/1479 1472/1433/1472
f 1459/1421/1459 1474/1435/1474 1466/1427/1466
f 1470/1431/1470 1455/1418/1455 1473/1434/1473
f 1449/1412/1449 1472/1433/1472 1476/1437/1476
f 1478/1439/1478 1458/1420/1458 1470/1431/1470
f 1468/1429/1468 1464/1425/1464 1480/1440/1480
f 1475/1436/1475 1473/1434/1473 1463/1424/1463
f 1479/1052/1479 1481/1066/1481 1472/1433/1472
f 1466/1427/1466 1474/1435/1474 1482/1441/1482
f 1474/1435/1474 1467/1428/1467 1483/1442/1483
f 1478/1439/1478 1470/1431/1470 1484/1443/1484
f 1475/1436/1475 1468/1429/1468 1480/1440/1480
f 1464/1425/1464 1465/1426/1465 1480/1440/1480
f 1466/1427/1466 1482/1441/1482 1485/1444/1485
f 1486/1445/1486 1484/1443/1484 1470/1431/1470
f 1462/1423/1462 1466/1427/1466 1485/1444/1485
f 1476/1437/1476 1483/1442/1483 1467/1428/1467
f 1465/1426/1465 1471/1432/1471 1487/1446/1487
f 1474/1435/1474 1483/1442/1483 1482/1441/1482
f 1480/1440/1480 1465/1426/1465 1487/1446/1487
f 1487/1446/1487 1471/1432/1471 1488/1447/1488
f 1470/1431/1470 1473/1434/1473 1486/1445/1486
f 1481/1066/1481 1489/1088/1489 1472/1433/1472
f 1471/1432/1471 1477/1438/1477 1488/1447/1488
f 1490/1448/1490 1486/1445/1486 1473/1434/1473
f 1490/1448/1490 1473/1434/1473 1475/1436/1475
f 1478/1439/1478 1484/1443/1484 1491/1449/1491
f 1472/1433/1472 1492/1450/1492 1476/1437/1476
f 1486/1445/1486 1491/1449/1491 1484/1443/1484
f 1476/1437/1476 1493/1451/1493 1483/1442/1483
f 1487/1446/1487 1494/1452/1494 1480/1440/1480
f 1480/1440/1480 1495/1453/1495 1475/1436/1475
f 1495/1453/1495 1490/1448/1490 1475/1436/1475
f 1492/1450/1492 1472/1433/1472 1489/1088/1489
f 1477/1438/1477 1462/1423/1462 1496/1454/1496
f 1482/1441/1482 1483/1442/1483 1493/1451/1493
f 1462/1423/1462 1485/1444/1485 1496/1454/1496
f 1488/1447/1488 1477/1438/1477 1496/1454/1496
f 1495/1453/1495 1480/1440/1480 1497/1455/1497
f 1482/1441/1482 1498/1456/1498 1485/1444/1485
f 1476/1437/1476 1492/1450/1492 1499/1457/1499
f 1486/1445/1486 1490/1448/1490 1500/1458/1500
f 1476/1437/1476 1499/1457/1499 1493/1451/1493
f 1500/1458/1500 1491/1449/1491 1486/1445/1486
f 1494/1452/1494 1487/1446/1487 1488/1447/1488
f 1480/1440/1480 1494/1452/1494 1497/1455/1497
f 1492/1450/1492 1489/1088/1489 1501/1459/1501
f 1488/1447/1488 1502/1460/1502 1494/1452/1494
f 1492/1450/1492 1501/1459/1501 1499/1457/1499
f 1502/1460/1502 1497/1455/1497 1494/1452/1494
f 1495/1453/1495 1503/1461/1503 1490/1448/1490
f 1496/1454/1496 1485/1444/1485 1504/1462/1504
f 1488/1447/1488 1496/1454/1496 1505/1463/1505
f 1493/1451/1493 1506/1464/1506 1482/1441/1482
f 1507/1465/1507 1491/1449/1491 1500/1458/1500
f 1503/1461/1503 1495/1453/1495 1497/1455/1497
f 1482/1441/1482 1506/1464/1506 1498/1456/1498
f 1504/1462/1504 1485/1444/1485 1498/1456/1498
f 1501/1459/1501 1489/1088/1489 1508/1466/1508
f 1509/1093/1509 1508/1466/1508 1489/1088/1489
f 1501/1459/1501 1510/1467/1510 1499/1457/1499
f 1488/1447/1488 1511/1468/1511 1502/1460/1502
f 1503/1461/1503 1497/1455/1497 1512/1469/1512
f 1510/1467/1510 1501/1459/1501 1508/1466/1508
f 1513/1470/1513 1493/1451/1493 1499/1457/1499
f 1505/1463/1505 1496/1454/1496 1504/1462/1504
f 1514/1471/1514 1506/1464/1506 1493/1451/1493
f 1488/1447/1488 1505/1463/1505 1511/1468/1511
f 1515/1120/1515 1508/1466/1508 1509/1093/1509
f 1509/1093/1509 1516/1111/1516 1515/1120/1515
f 1500/1458/1500 1490/1448/1490 1517/1472/1517
f 1493/1451/1493 1513/1470/1513 1514/1471/1514
f 1490/1448/1490 1503/1461/1503 1517/1472/1517
f 1504/1462/1504 1498/1456/1498 1518/1473/1518
f 1499/1457/1499 1510/1467/1510 1513/1470/1513
f 1519/1474/1519 1507/1465/1507 1500/1458/1500
f 1504/1462/1504 1520/1475/1520 1505/1463/1505
f 1497/1455/1497 1502/1460/1502 1521/1476/1521
f 1508/1466/1508 1515/1120/1515 1522/1477/1522
f 1504/1462/1504 1518/1473/1518 1520/1475/1520
f 1519/1474/1519 1500/1458/1500 1517/1472/1517
f 1523/1478/1523 1498/1456/1498 1506/1464/1506
f 1510/1467/1510 1508/1466/1508 1522/1477/1522
f 1517/1472/1517 1503/1461/1503 1524/1479/1524
f 1502/1460/1502 1511/1468/1511 1525/1480/1525
f 1526/1481/1526 1514/1471/1514 1513/1470/1513
f 1503/1461/1503 1512/1469/1512 1524/1479/1524
f 1497/1455/1497 1521/1476/1521 1512/1469/1512
f 1505/1463/1505 1520/1475/1520 1511/1468/1511
f 1498/1456/1498 1523/1478/1523 1518/1473/1518
f 1513/1470/1513 1510/1467/1510 1522/1477/1522
f 1502/1460/1502 1525/1480/1525 1521/1476/1521
f 1506/1464/1506 1514/1471/1514 1523/1478/1523
f 1524/1479/1524 1527/1482/1527 1517/1472/1517
f 1528/1483/1528 1519/1474/1519 1517/1472/1517
f 1513/1470/1513 1522/1477/1522 1529/1484/1529
f 1525/1480/1525 1511/1468/1511 1530/1485/1530
f 1511/1468/1511 1520/1475/1520 1530/1485/1530
f 1531/1486/1531 1514/1471/1514 1526/1481/1526
f 1523/1478/1523 1514/1471/1514 1531/1486/1531
f 1518/1473/1518 1532/1487/1532 1520/1475/1520
f 1523/1478/1523 1533/1488/1533 1518/1473/1518
f 1526/1481/1526 1513/1470/1513 1529/1484/1529
f 1525/1480/1525 1534/1489/1534 1521/1476/1521
f 1528/1483/1528 1535/1490/1535 1519/1474/1519
f 1517/1472/1517 1527/1482/1527 1528/1483/1528
f 1515/1120/1515 1536/1136/1536 1537/1491/1537
f 1512/1469/1512 1538/1492/1538 1524/1479/1524
f 1539/1493/1539 1525/1480/1525 1530/1485/1530
f 1515/1120/1515 1537/1491/1537 1522/1477/1522
f 1512/1469/1512 1521/1476/1521 1534/1489/1534
f 1520/1475/1520 1540/1494/1540 1530/1485/1530
f 1523/1478/1523 1531/1486/1531 1533/1488/1533
f 1538/1492/1538 1527/1482/1527 1524/1479/1524
f 1541/1495/1541 1529/1484/1529 1522/1477/1522
f 1542/1496/1542 1535/1490/1535 1528/1483/1528
f 1528/1483/1528 1527/1482/1527 1543/1497/1543
f 1534/1489/1534 1538/1492/1538 1512/1469/1512
f 1520/1475/1520 1532/1487/1532 1544/1498/1544
f 1522/1477/1522 1537/1491/1537 1541/1495/1541
f 1526/1481/1526 1529/1484/1529 1545/1499/1545
f 1520/1475/1520 1544/1498/1544 1540/1494/1540
f 1518/1473/1518 1533/1488/1533 1532/1487/1532
f 1534/1489/1534 1525/1480/1525 1539/1493/1539
f 1538/1492/1538 1546/1500/1546 1527/1482/1527
f 1526/1481/1526 1545/1499/1545 1531/1486/1531
f 1529/1484/1529 1541/1495/1541 1545/1499/1545
f 1540/1494/1540 1539/1493/1539 1530/1485/1530
f 1535/1490/1535 1542/1496/1542 1547/1501/1547
f 1528/1483/1528 1543/1497/1543 1542/1496/1542
f 1533/1488/1533 1531/1486/1531 1548/1502/1548
f 1549/1166/1549 1537/1491/1537 1536/1136/1536
f 1538/1492/1538 1534/1489/1534 1546/1500/1546
f 1550/1503/1550 1546/1500/1546 1534/1489/1534
f 1551/1504/1551 1541/1495/1541 1537/1491/1537
f 1534/1489/1534 1539/1493/1539 1552/1505/1552
f 1527/1482/1527 1546/1500/1546 1543/1497/1543
f 1531/1486/1531 1545/1499/1545 1548/1502/1548
f 1534/1489/1534 1552/1505/1552 1550/1503/1550
f 1532/1487/1532 1553/1506/1553 1544/1498/1544
f 1532/1487/1532 1533/1488/1533 1553/1506/1553
f 1537/1491/1537 1549/1166/1549 1554/1507/1554
f 1555/1508/1555 1539/1493/1539 1540/1494/1540
f 1537/1491/1537 1554/1507/1554 1551/1504/1551
f 1550/1503/1550 1556/1509/1556 1546/1500/1546
f 1540/1494/1540 1544/1498/1544 1555/1508/1555
f 1542/1496/1542 1557/1510/1557 1547/1501/1547
f 1552/1505/1552 1556/1509/1556 1550/1503/1550
f 1544/1498/1544 1553/1506/1553 1558/1511/1558
f 1553/1506/1553 1533/1488/1533 1559/1512/1559
f 1548/1502/1548 1545/1499/1545 1560/1513/1560
f 1547/1501/1547 1557/1510/1557 1561/1514/1561
f 1533/1488/1533 1548/1502/1548 1559/1512/1559
f 1551/1504/1551 1562/1515/1562 1541/1495/1541
f 1563/1516/1563 1555/1508/1555 1544/1498/1544
f 1544/1498/1544 1558/1511/1558 1563/1516/1563
f 1545/1499/1545 1541/1495/1541 1562/1515/1562
f 1539/1493/1539 1555/1508/1555 1552/1505/1552
f 1564/1517/1564 1542/1496/1542 1543/1497/1543
f 1562/1515/1562 1551/1504/1551 1554/1507/1554
f 1546/1500/1546 1565/1518/1565 1543/1497/1543
f 1542/1496/1542 1564/1517/1564 1557/1510/1557
f 1549/1166/1549 1566/1182/1566 1554/1507/1554
f 1546/1500/1546 1556/1509/1556 1565/1518/1565
f 1567/1519/1567 1548/1502/1548 1560/1513/1560
f 1559/1512/1559 1548/1502/1548 1567/1519/1567
f 1561/1514/1561 1557/1510/1557 1568/1520/1568
f 1560/1513/1560 1545/1499/1545 1562/1515/1562
f 1553/1506/1553 1569/1521/1569 1558/1511/1558
f 1562/1515/1562 1570/1522/1570 1560/1513/1560
f 1553/1506/1553 1559/1512/1559 1569/1521/1569
f 1543/1497/1543 1565/1518/1565 1564/1517/1564
f 1554/1507/1554 1566/1182/1566 1571/1523/1571
f 1559/1512/1559 1567/1519/1567 1572/1524/1572
f 1556/1509/1556 1552/1505/1552 1573/1525/1573
f 1554/1507/1554 1571/1523/1571 1562/1515/1562
f 1555/1508/1555 1563/1516/1563 1574/1526/1574
f 1556/1509/1556 1573/1525/1573 1565/1518/1565
f 1574/1526/1574 1563/1516/1563 1558/1511/1558
f 1562/1515/1562 1571/1523/1571 1570/1522/1570
f 1569/1521/1569 1559/1512/1559 1572/1524/1572
f 1575/1527/1575 1557/1510/1557 1564/1517/1564
f 1576/1528/1576 1567/1519/1567 1560/1513/1560
f 1577/1529/1577 1552/1505/1552 1555/1508/1555
f 1570/1522/1570 1576/1528/1576 1560/1513/1560
f 1555/1508/1555 1574/1526/1574 1577/1529/1577
f 1573/1525/1573 1552/1505/1552 1577/1529/1577
f 1568/1520/1568 1557/1510/1557 1578/1530/1578
f 1565/1518/1565 1575/1527/1575 1564/1517/1564
f 1571/1523/1571 1566/1182/1566 1579/1204/1579
f 1580/1531/1580 1570/1522/1570 1571/1523/1571
f 1557/1510/1557 1581/1532/1581 1578/1530/1578
f 1569/1521/1569 1582/1533/1582 1558/1511/1558
f 1557/1510/1557 1575/1527/1575 1581/1532/1581
f 1583/1534/1583 1574/1526/1574 1558/1511/1558
f 1573/1525/1573 1577/1529/1577 1584/1535/1584
f 1571/1523/1571 1579/1204/1579 1580/1531/1580
f 1572/1524/1572 1567/1519/1567 1585/1536/1585
f 1586/1537/1586 1570/1522/1570 1580/1531/1580
f 1583/1534/1583 1558/1511/1558 1582/1533/1582
f 1584/1535/1584 1565/1518/1565 1573/1525/1573
f 1567/1519/1567 1576/1528/1576 1585/1536/1585
f 1575/1527/1575 1565/1518/1565 1587/1538/1587
f 1569/1521/1569 1572/1524/1572 1582/1533/1582
f 1575/1527/1575 1587/1538/1587 1581/1532/1581
f 1577/1529/1577 1574/1526/1574 1588/1539/1588
f 1589/1540/1589 1578/1530/1578 1581/1532/1581
f 1577/1529/1577 1588/1539/1588 1584/1535/1584
f 1570/1522/1570 1586/1537/1586 1576/1528/1576
f 1565/1518/1565 1590/1541/1590 1587/1538/1587
f 1572/1524/1572 1585/1536/1585 1591/1542/1591
f 1588/1539/1588 1574/1526/1574 1592/1543/1592
f 1593/1544/1593 1590/1541/1590 1565/1518/1565
f 1581/1532/1581 1587/1538/1587 1594/1545/1594
f 1592/1543/1592 1574/1526/1574 1583/1534/1583
f 1589/1540/1589 1581/1532/1581 1595/1546/1595
f 1581/1532/1581 1594/1545/1594 1595/1546/1595
f 1582/1533/1582 1572/1524/1572 1591/1542/1591
f 1585/1536/1585 1576/1528/1576 1596/1547/1596
f 1597/1548/1597 1580/1531/1580 1579/1204/1579
f 1583/1534/1583 1582/1533/1582 1598/1549/1598
f 1580/1531/1580 1599/1550/1599 1586/1537/1586
f 1584/1535/1584 1588/1539/1588 1600/1551/1600
f 1587/1538/1587 1590/1541/1590 1594/1545/1594
f 1576/1528/1576 1586/1537/1586 1596/1547/1596
f 1599/1550/1599 1596/1547/1596 1586/1537/1586
f 1584/1535/1584 1593/1544/1593 1565/1518/1565
f 1582/1533/1582 1591/1542/1591 1601/1552/1601
f 1598/1549/1598 1582/1533/1582 1601/1552/1601
f 1579/1204/1579 1602/1553/1602 1597/1548/1597
f 1579/1204/1579 1603/1219/1603 1602/1553/1602
f 1584/1535/1584 1604/1554/1604 1593/1544/1593
f 1584/1535/1584 1600/1551/1600 1604/1554/1604
f 1597/1548/1597 1599/1550/1599 1580/1531/1580
f 1594/1545/1594 1590/1541/1590 1605/1555/1605
f 1606/1556/1606 1592/1543/1592 1583/1534/1583
f 1585/1536/1585 1596/1547/1596 1591/1542/1591
f 1592/1543/1592 1606/1556/1606 1588/1539/1588
f 1593/1544/1593 1607/1557/1607 1590/1541/1590
f 1583/1534/1583 1598/1549/1598 1606/1556/1606
f 1608/1558/1608 1591/1542/1591 1596/1547/1596
f 1607/1557/1607 1605/1555/1605 1590/1541/1590
f 1593/1544/1593 1604/1554/1604 1609/1559/1609
f 1602/1553/1602 1603/1219/1603 1610/1250/1610
f 1594/1545/1594 1605/1555/1605 1595/1546/1595
f 1588/1539/1588 1611/1560/1611 1600/1551/1600
f 1588/1539/1588 1606/1556/1606 1612/1561/1612
f 1604/1554/1604 1600/1551/1600 1611/1560/1611
f 1606/1556/1606 1598/1549/1598 1613/1562/1613
f 1595/1546/1595 1605/1555/1605 1614/1563/1614
f 1611/1560/1611 1588/1539/1588 1612/1561/1612
f 1599/1550/1599 1597/1548/1597 1602/1553/1602
f 1607/1557/1607 1615/1564/1615 1605/1555/1605
f 1616/1565/1616 1595/1546/1595 1614/1563/1614
f 1598/1549/1598 1601/1552/1601 1617/1566/1617
f 1607/1557/1607 1593/1544/1593 1618/1567/1618
f 1619/1568/1619 1601/1552/1601 1591/1542/1591
f 1617/1566/1617 1613/1562/1613 1598/1549/1598
f 1596/1547/1596 1599/1550/1599 1620/1569/1620
f 1604/1554/1604 1621/1570/1621 1609/1559/1609
f 1591/1542/1591 1608/1558/1608 1619/1568/1619
f 1618/1567/1618 1593/1544/1593 1609/1559/1609
f 1617/1566/1617 1601/1552/1601 1619/1568/1619
f 1621/1570/1621 1604/1554/1604 1611/1560/1611
f 1608/1558/1608 1596/1547/1596 1620/1569/1620
f 1606/1556/1606 1613/1562/1613 1622/1571/1622
f 1602/1553/1602 1623/1572/1623 1599/1550/1599
f 1615/1564/1615 1614/1563/1614 1605/1555/1605
f 1612/1561/1612 1624/1573/1624 1611/1560/1611
f 1622/1571/1622 1612/1561/1612 1606/1556/1606
f 1610/1250/1610 1625/1574/1625 1602/1553/1602
f 1614/1563/1614 1615/1564/1615 1626/1575/1626
f 1613/1562/1613 1617/1566/1617 1627/1576/1627
f 1618/1567/1618 1615/1564/1615 1607/1557/1607
f 1624/1573/1624 1612/1561/1612 1622/1571/1622
f 1625/1574/1625 1610/1250/1610 1628/1260/1628
f 1625/1574/1625 1629/1577/1629 1602/1553/1602
f 1614/1563/1614 1630/1578/1630 1616/1565/1616
f 1609/1559/1609 1621/1570/1621 1618/1567/1618
f 1631/1579/1631 1619/1568/1619 1608/1558/1608
f 1620/1569/1620 1599/1550/1599 1632/1580/1632
f 1599/1550/1599 1623/1572/1623 1632/1580/1632
f 1617/1566/1617 1619/1568/1619 1633/1581/1633
f 1631/1579/1631 1608/1558/1608 1634/1582/1634
f 1602/1553/1602 1629/1577/1629 1623/1572/1623
f 1635/1583/1635 1608/1558/1608 1620/1569/1620
f 1621/1570/1621 1611/1560/1611 1636/1584/1636
f 1624/1573/1624 1636/1584/1636 1611/1560/1611
f 1626/1575/1626 1630/1578/1630 1614/1563/1614
f 1637/1585/1637 1615/1564/1615 1618/1567/1618
f 1625/1574/1625 1628/1260/1628 1638/1586/1638
f 1627/1576/1627 1617/1566/1617 1633/1581/1633
f 1636/1584/1636 1639/1587/1639 1621/1570/1621
f 1619/1568/1619 1631/1579/1631 1633/1581/1633
f 1622/1571/1622 1613/1562/1613 1640/1588/1640
f 1613/1562/1613 1627/1576/1627 1640/1588/1640
f 1635/1583/1635 1634/1582/1634 1608/1558/1608
f 1641/1589/1641 1632/1580/1632 1623/1572/1623
f 1642/1590/1642 1626/1575/1626 1615/1564/1615
f 1629/1577/1629 1641/1589/1641 1623/1572/1623
f 1643/1591/1643 1618/1567/1618 1621/1570/1621
f 1621/1570/1621 1639/1587/1639 1643/1591/1643
f 1629/1577/1629 1625/1574/1625 1644/1592/1644
f 1615/1564/1615 1637/1585/1637 1642/1590/1642
f 1627/1576/1627 1645/1593/1645 1640/1588/1640
f 1628/1260/1628 1646/1297/1646 1638/1586/1638
f 1620/1569/1620 1632/1580/1632 1647/1594/1647
f 1625/1574/1625 1638/1586/1638 1644/1592/1644
f 1620/1569/1620 1647/1594/1647 1635/1583/1635
f 1643/1591/1643 1637/1585/1637 1618/1567/1618
f 1648/1595/1648 1636/1584/1636 1624/1573/1624
f 1627/1576/1627 1633/1581/1633 1649/1596/1649
f 1639/1587/1639 1636/1584/1636 1648/1595/1648
f 1631/1579/1631 1634/1582/1634 1650/1597/1650
f 1633/1581/1633 1631/1579/1631 1649/1596/1649
f 1630/1578/1630 1626/1575/1626 1651/1598/1651
f 1635/1583/1635 1650/1597/1650 1634/1582/1634
f 1644/1592/1644 1641/1589/1641 1629/1577/1629
f 1626/1575/1626 1642/1590/1642 1651/1598/1651
f 1638/1586/1638 1646/1297/1646 1644/1592/1644
f 1627/1576/1627 1652/1599/1652 1645/1593/1645
f 1653/1600/1653 1642/1590/1642 1637/1585/1637
f 1622/1571/1622 1640/1588/1640 1654/1601/1654
f 1644/1592/1644 1646/1297/1646 1655/1602/1655
f 1643/1591/1643 1639/1587/1639 1648/1595/1648
f 1650/1597/1650 1635/1583/1635 1656/1603/1656
f 1643/1591/1643 1653/1600/1653 1637/1585/1637
f 1624/1573/1624 1622/1571/1622 1654/1601/1654
f 1627/1576/1627 1649/1596/1649 1652/1599/1652
f 1647/1594/1647 1632/1580/1632 1641/1589/1641
f 1630/1578/1630 1657/1604/1657 1658/1605/1658
f 1656/1603/1656 1635/1583/1635 1647/1594/1647
f 1631/1579/1631 1650/1597/1650 1649/1596/1649
f 1630/1578/1630 1651/1598/1651 1657/1604/1657
f 1640/1588/1640 1645/1593/1645 1654/1601/1654
f 1649/1596/1649 1650/1597/1650 1659/1606/1659
f 1660/1607/1660 1643/1591/1643 1648/1595/1648
f 1658/1605/1658 1657/1604/1657 1661/1608/1661
f 1653/1600/1653 1643/1591/1643 1660/1607/1660
f 1662/1609/1662 1648/1595/1648 1624/1573/1624
f 1657/1604/1657 1651/1598/1651 1663/1610/1663
f 1647/1594/1647 1664/1611/1664 1656/1603/1656
f 1665/1612/1665 1624/1573/1624 1654/1601/1654
f 1644/1592/1644 1655/1602/1655 1666/1613/1666
f 1642/1590/1642 1663/1610/1663 1651/1598/1651
f 1655/1602/1655 1646/1297/1646 1667/1614/1667
f 1668/1615/1668 1642/1590/1642 1653/1600/1653
f 1652/1599/1652 1649/1596/1649 1669/1616/1669
f 1647/1594/1647 1641/1589/1641 1664/1611/1664
f 1654/1601/1654 1645/1593/1645 1652/1599/1652
f 1663/1610/1663 1642/1590/1642 1668/1615/1668
f 1659/1606/1659 1669/1616/1669 1649/1596/1649
f 1648/1595/1648 1662/1609/1662 1660/1607/1660
f 1646/1297/1646 1670/1310/1670 1667/1614/1667
f 1644/1592/1644 1671/1617/1671 1641/1589/1641
f 1671/1617/1671 1644/1592/1644 1666/1613/1666
f 1667/1614/1667 1666/1613/1666 1655/1602/1655
f 1662/1609/1662 1624/1573/1624 1665/1612/1665
f 1654/1601/1654 1652/1599/1652 1672/1618/1672
f 1650/1597/1650 1673/1619/1673 1659/1606/1659
f 1641/1589/1641 1671/1617/1671 1664/1611/1664
f 1673/1619/1673 1650/1597/1650 1656/1603/1656
f 1673/1619/1673 1669/1616/1669 1659/1606/1659
f 1665/1612/1665 1654/1601/1654 1672/1618/1672
f 1653/1600/1653 1660/1607/1660 1674/1620/1674
f 1657/1604/1657 1675/1621/1675 1661/1608/1661
f 1668/1615/1668 1653/1600/1653 1674/1620/1674
f 1665/1612/1665 1672/1618/1672 1676/1622/1676
f 1674/1620/1674 1660/1607/1660 1677/1623/1677
f 1671/1617/1671 1666/1613/1666 1678/1624/1678
f 1657/1604/1657 1663/1610/1663 1679/1625/1679
f 1663/1610/1663 1668/1615/1668 1679/1625/1679
f 1657/1604/1657 1679/1625/1679 1675/1621/1675
f 1680/1626/1680 1662/1609/1662 1665/1612/1665
f 1660/1607/1660 1662/1609/1662 1677/1623/1677
f 1668/1615/1668 1674/1620/1674 1681/1627/1681
f 1652/1599/1652 1682/1628/1682 1672/1618/1672
f 1667/1614/1667 1670/1310/1670 1683/1334/1683
f 1667/1614/1667 1684/1629/1684 1666/1613/1666
f 1678/1624/1678 1666/1613/1666 1684/1629/1684
f 1669/1616/1669 1685/1630/1685 1652/1599/1652
f 1656/1603/1656 1664/1611/1664 1673/1619/1673
f 1679/1625/1679 1668/1615/1668 1681/1627/1681
f 1677/1623/1677 1662/1609/1662 1680/1626/1680
f 1652/1599/1652 1685/1630/1685 1682/1628/1682
f 1665/1612/1665 1686/1631/1686 1680/1626/1680
f 1669/1616/1669 1673/1619/1673 1687/1632/1687
f 1671/1617/1671 1688/1633/1688 1664/1611/1664
f 1689/1634/1689 1679/1625/1679 1681/1627/1681
f 1681/1627/1681 1674/1620/1674 1690/1635/1690
f 1685/1630/1685 1669/1616/1669 1687/1632/1687
f 1691/1636/1691 1674/1620/1674 1677/1623/1677
f 1677/1623/1677 1680/1626/1680 1692/1637/1692
f 1691/1636/1691 1690/1635/1690 1674/1620/1674
f 1667/1614/1667 1683/1334/1683 1684/1629/1684
f 1675/1621/1675 1679/1625/1679 1693/1638/1693
f 1694/1639/1694 1675/1621/1675 1693/1638/1693
f 1682/1628/1682 1676/1622/1676 1672/1618/1672
f 1675/1621/1675 1694/1639/1694 1695/1640/1695
f 1665/1612/1665 1676/1622/1676 1686/1631/1686
f 1693/1638/1693 1679/1625/1679 1689/1634/1689
f 1681/1627/1681 1690/1635/1690 1689/1634/1689
f 1691/1636/1691 1677/1623/1677 1692/1637/1692
f 1696/1641/1696 1684/1629/1684 1683/1334/1683
f 1688/1633/1688 1671/1617/1671 1678/1624/1678
f 1692/1637/1692 1680/1626/1680 1686/1631/1686
f 1678/1624/1678 1684/1629/1684 1688/1633/1688
f 1688/1633/1688 1697/1642/1697 1664/1611/1664
f 1694/1639/1694 1698/1643/1698 1695/1640/1695
f 1676/1622/1676 1682/1628/1682 1699/1644/1699
f 1683/1334/1683 1700/1351/1700 1696/1641/1696
f 1673/1619/1673 1664/1611/1664 1697/1642/1697
f 1673/1619/1673 1701/1645/1701 1687/1632/1687
f 1688/1633/1688 1684/1629/1684 1702/1646/1702
f 1703/1647/1703 1686/1631/1686 1676/1622/1676
f 1684/1629/1684 1696/1641/1696 1702/1646/1702
f 1691/1636/1691 1692/1637/1692 1704/1648/1704
f 1690/1635/1690 1705/1649/1705 1689/1634/1689
f 1673/1619/1673 1697/1642/1697 1701/1645/1701
f 1699/1644/1699 1682/1628/1682 1685/1630/1685
f 1694/1639/1694 1693/1638/1693 1698/1643/1698
f 1693/1638/1693 1689/1634/1689 1705/1649/1705
f 1706/1650/1706 1697/1642/1697 1688/1633/1688
f 1690/1635/1690 1691/1636/1691 1704/1648/1704
f 1692/1637/1692 1686/1631/1686 1707/1651/1707
f 1707/1651/1707 1686/1631/1686 1703/1647/1703
f 1676/1622/1676 1699/1644/1699 1703/1647/1703
f 1708/1652/1708 1702/1646/1702 1696/1641/1696
f 1688/1633/1688 1702/1646/1702 1709/1653/1709
f 1696/1641/1696 1700/1351/1700 1708/1652/1708
f 1699/1644/1699 1685/1630/1685 1710/1654/1710
f 1710/1654/1710 1685/1630/1685 1687/1632/1687
f 1711/1655/1711 1701/1645/1701 1697/1642/1697
f 1703/1647/1703 1699/1644/1699 1712/1656/1712
f 1708/1652/1708 1709/1653/1709 1702/1646/1702
f 1704/1648/1704 1692/1637/1692 1713/1657/1713
f 1713/1657/1713 1692/1637/1692 1707/1651/1707
f 1708/1652/1708 1700/1351/1700 1714/1357/1714
f 1690/1635/1690 1704/1648/1704 1715/1658/1715
f 1716/1659/1716 1706/1650/1706 1688/1633/1688
f 1717/1660/1717 1705/1649/1705 1690/1635/1690
f 1707/1651/1707 1703/1647/1703 1718/1661/1718
f 1710/1654/1710 1719/1662/1719 1699/1644/1699
f 1720/1663/1720 1703/1647/1703 1712/1656/1712
f 1708/1652/1708 1714/1357/1714 1721/1664/1721
f 1709/1653/1709 1716/1659/1716 1688/1633/1688
f 1715/1658/1715 1717/1660/1717 1690/1635/1690
f 1715/1658/1715 1704/1648/1704 1713/1657/1713
f 1703/1647/1703 1720/1663/1720 1718/1661/1718
f 1708/1652/1708 1722/1665/1722 1709/1653/1709
f 1723/1666/1723 1687/1632/1687 1701/1645/1701
f 1716/1659/1716 1709/1653/1709 1722/1665/1722
f 1711/1655/1711 1697/1642/1697 1706/1650/1706
f 1713/1657/1713 1707/1651/1707 1718/1661/1718
f 1719/1662/1719 1712/1656/1712 1699/1644/1699
f 1721/1664/1721 1722/1665/1722 1708/1652/1708
f 1701/1645/1701 1711/1655/1711 1723/1666/1723
f 1720/1663/1720 1712/1656/1712 1719/1662/1719
f 1713/1657/1713 1718/1661/1718 1724/1667/1724
f 1724/1667/1724 1718/1661/1718 1720/1663/1720
f 1725/1668/1725 1706/1650/1706 1716/1659/1716
f 1710/1654/1710 1687/1632/1687 1726/1669/1726
f 1687/1632/1687 1723/1666/1723 1726/1669/1726
f 1715/1658/1715 1713/1657/1713 1727/1670/1727
f 1716/1659/1716 1722/1665/1722 1728/1671/1728
f 1711/1655/1711 1706/1650/1706 1725/1668/1725
f 1727/1670/1727 1713/1657/1713 1724/1667/1724
f 1726/1669/1726 1723/1666/1723 1729/1672/1729
f 1730/1673/1730 1719/1662/1719 1710/1654/1710
f 1731/1674/1731 1724/1667/1724 1720/1663/1720
f 1728/1671/1728 1725/1668/1725 1716/1659/1716
f 1731/1674/1731 1720/1663/1720 1719/1662/1719
f 1711/1655/1711 1732/1675/1732 1723/1666/1723
f 1710/1654/1710 1726/1669/1726 1730/1673/1730
f 1732/1675/1732 1711/1655/1711 1725/1668/1725
f 1729/1672/1729 1723/1666/1723 1732/1675/1732
f 1730/1673/1730 1733/1676/1733 1719/1662/1719
f 1731/1674/1731 1719/1662/1719 1733/1676/1733
f 1734/853/1734 1735/829/1735 1736/1677/1736
f 1736/1677/1736 1735/829/1735 1737/851/1737
f 1738/1678/1738 1739/897/1739 1734/853/1734
f 1738/1678/1738 1734/853/1734 1736/1677/1736
f 1740/1679/1740 1741/898/1741 1739/897/1739
f 1740/1679/1740 1739/897/1739 1738/1678/1738
f 1736/1677/1736 1737/851/1737 1742/1680/1742
f 1738/1678/1738 1736/1677/1736 1743/1681/1743
f 1736/1677/1736 1742/1680/1742 1743/1681/1743
f 1744/890/1744 1741/898/1741 1745/1682/1745
f 1740/1679/1740 1738/1678/1738 1746/1683/1746
f 1741/898/1741 1740/1679/1740 1747/1684/1747
f 1742/1680/1742 1737/851/1737 1748/938/1748
f 1744/890/1744 1745/1682/1745 1749/944/1749
f 1745/1682/1745 1741/898/1741 1747/1684/1747
f 1746/1683/1746 1738/1678/1738 1743/1681/1743
f 1750/948/1750 1751/935/1751 1752/1685/1752
f 1749/944/1749 1753/1686/1753 1754/950/1754
f 1743/1681/1743 1742/1680/1742 1755/1687/1755
f 1756/953/1756 1752/1685/1752 1751/935/1751
f 1752/1685/1752 1757/1688/1757 1750/948/1750
f 1758/1380/1758 1748/938/1748 1759/926/1759
f 1760/954/1760 1750/948/1750 1757/1688/1757
f 1753/1686/1753 1749/944/1749 1745/1682/1745
f 1756/953/1756 1761/943/1761 1762/1689/1762
f 1761/943/1761 1754/950/1754 1763/1690/1763
f 1742/1680/1742 1748/938/1748 1755/1687/1755
f 1747/1684/1747 1740/1679/1740 1746/1683/1746
f 1762/1689/1762 1761/943/1761 1763/1690/1763
f 1763/1690/1763 1754/950/1754 1764/1691/1764
f 1743/1681/1743 1755/1687/1755 1765/1692/1765
f 1766/1693/1766 1743/1681/1743 1765/1692/1765
f 1743/1681/1743 1766/1693/1766 1746/1683/1746
f 1752/1685/1752 1756/953/1756 1767/1694/1767
f 1764/1691/1764 1754/950/1754 1753/1686/1753
f 1768/1695/1768 1745/1682/1745 1747/1684/1747
f 1756/953/1756 1762/1689/1762 1767/1694/1767
f 1753/1686/1753 1745/1682/1745 1768/1695/1768
f 1769/1696/1769 1748/938/1748 1758/1380/1758
f 1746/1683/1746 1770/1697/1770 1747/1684/1747
f 1760/954/1760 1757/1688/1757 1771/1698/1771
f 1757/1688/1757 1752/1685/1752 1772/1699/1772
f 1772/1699/1772 1752/1685/1752 1767/1694/1767
f 1773/1700/1773 1760/954/1760 1771/1698/1771
f 1755/1687/1755 1748/938/1748 1769/1696/1769
f 1768/1695/1768 1747/1684/1747 1770/1697/1770
f 1774/1701/1774 1763/1690/1763 1764/1691/1764
f 1762/1689/1762 1763/1690/1763 1774/1701/1774
f 1764/1691/1764 1753/1686/1753 1775/1702/1775
f 1765/1692/1765 1755/1687/1755 1776/1703/1776
f 1776/1703/1776 1755/1687/1755 1769/1696/1769
f 1769/1696/1769 1758/1380/1758 1777/1704/1777
f 1757/1688/1757 1772/1699/1772 1778/1705/1778
f 1762/1689/1762 1779/1706/1779 1767/1694/1767
f 1772/1699/1772 1767/1694/1767 1780/1707/1780
f 1757/1688/1757 1778/1705/1778 1771/1698/1771
f 1758/1380/1758 1781/1383/1781 1777/1704/1777
f 1753/1686/1753 1768/1695/1768 1775/1702/1775
f 1746/1683/1746 1766/1693/1766 1770/1697/1770
f 1782/1708/1782 1762/1689/1762 1774/1701/1774
f 1766/1693/1766 1765/1692/1765 1783/1709/1783
f 1770/1697/1770 1766/1693/1766 1783/1709/1783
f 1767/1694/1767 1779/1706/1779 1780/1707/1780
f 1776/1703/1776 1769/1696/1769 1777/1704/1777
f 1779/1706/1779 1762/1689/1762 1782/1708/1782
f 1775/1702/1775 1774/1701/1774 1764/1691/1764
f 1778/1705/1778 1772/1699/1772 1780/1707/1780
f 1773/1700/1773 1771/1698/1771 1784/1710/1784
f 1781/1383/1781 1785/1401/1785 1777/1704/1777
f 1765/1692/1765 1776/1703/1776 1786/1711/1786
f 1776/1703/1776 1777/1704/1777 1787/1712/1787
f 1784/1710/1784 1771/1698/1771 1778/1705/1778
f 1787/1712/1787 1777/1704/1777 1785/1401/1785
f 1778/1705/1778 1780/1707/1780 1788/1713/1788
f 1768/1695/1768 1770/1697/1770 1789/1714/1789
f 1770/1697/1770 1783/1709/1783 1790/1715/1790
f 1791/1716/1791 1784/1710/1784 1778/1705/1778
f 1792/1717/1792 1788/1713/1788 1780/1707/1780
f 1774/1701/1774 1775/1702/1775 1793/1718/1793
f 1775/1702/1775 1768/1695/1768 1794/1719/1794
f 1783/1709/1783 1765/1692/1765 1786/1711/1786
f 1791/1716/1791 1778/1705/1778 1788/1713/1788
f 1776/1703/1776 1795/1720/1795 1786/1711/1786
f 1779/1706/1779 1782/1708/1782 1796/1721/1796
f 1780/1707/1780 1779/1706/1779 1792/1717/1792
f 1789/1714/1789 1770/1697/1770 1797/1722/1797
f 1782/1708/1782 1774/1701/1774 1798/1723/1798
f 1793/1718/1793 1775/1702/1775 1794/1719/1794
f 1782/1708/1782 1798/1723/1798 1796/1721/1796
f 1776/1703/1776 1787/1712/1787 1795/1720/1795
f 1797/1722/1797 1770/1697/1770 1790/1715/1790
f 1768/1695/1768 1789/1714/1789 1794/1719/1794
f 1779/1706/1779 1796/1721/1796 1792/1717/1792
f 1774/1701/1774 1793/1718/1793 1798/1723/1798
f 1798/1723/1798 1793/1718/1793 1799/1724/1799
f 1790/1715/1790 1783/1709/1783 1800/1725/1800
f 1792/1717/1792 1801/1726/1801 1788/1713/1788
f 1802/1727/1802 1784/1710/1784 1791/1716/1791
f 1792/1717/1792 1796/1721/1796 1803/1728/1803
f 1794/1719/1794 1789/1714/1789 1804/1729/1804
f 1783/1709/1783 1805/1730/1805 1800/1725/1800
f 1783/1709/1783 1786/1711/1786 1805/1730/1805
f 1806/1731/1806 1796/1721/1796 1798/1723/1798
f 1797/1722/1797 1790/1715/1790 1807/1732/1807
f 1791/1716/1791 1788/1713/1788 1808/1733/1808
f 1809/1734/1809 1789/1714/1789 1797/1722/1797
f 1800/1725/1800 1807/1732/1807 1790/1715/1790
f 1793/1718/1793 1794/1719/1794 1810/1735/1810
f 1787/1712/1787 1811/1736/1811 1795/1720/1795
f 1808/1733/1808 1788/1713/1788 1801/1726/1801
f 1803/1728/1803 1801/1726/1801 1792/1717/1792
f 1796/1721/1796 1806/1731/1806 1803/1728/1803
f 1787/1712/1787 1785/1401/1785 1811/1736/1811
f 1804/1729/1804 1789/1714/1789 1809/1734/1809
f 1806/1731/1806 1798/1723/1798 1799/1724/1799
f 1809/1734/1809 1797/1722/1797 1807/1732/1807
f 1785/1401/1785 1812/1413/1812 1811/1736/1811
f 1805/1730/1805 1786/1711/1786 1795/1720/1795
f 1794/1719/1794 1804/1729/1804 1813/1737/1813
f 1805/1730/1805 1814/1738/1814 1800/1725/1800
f 1799/1724/1799 1793/1718/1793 1810/1735/1810
f 1815/1739/1815 1802/1727/1802 1791/1716/1791
f 1794/1719/1794 1813/1737/1813 1810/1735/1810
f 1805/1730/1805 1795/1720/1795 1816/1740/1816
f 1806/1731/1806 1799/1724/1799 1817/1741/1817
f 1801/1726/1801 1818/1742/1818 1808/1733/1808
f 1815/1739/1815 1791/1716/1791 1819/1743/1819
f 1819/1743/1819 1791/1716/1791 1808/1733/1808
f 1818/1742/1818 1801/1726/1801 1803/1728/1803
f 1813/1737/1813 1804/1729/1804 1820/1744/1820
f 1795/1720/1795 1811/1736/1811 1821/1745/1821
f 1804/1729/1804 1809/1734/1809 1820/1744/1820
f 1810/1735/1810 1813/1737/1813 1820/1744/1820
f 1795/1720/1795 1821/1745/1821 1816/1740/1816
f 1821/1745/1821 1811/1736/1811 1822/1746/1822
f 1807/1732/1807 1800/1725/1800 1814/1738/1814
f 1822/1746/1822 1811/1736/1811 1812/1413/1812
f 1810/1735/1810 1823/1747/1823 1824/1748/1824
f 1810/1735/1810 1820/1744/1820 1823/1747/1823
f 1805/1730/1805 1816/1740/1816 1814/1738/1814
f 1803/1728/1803 1806/1731/1806 1825/1749/1825
f 1799/1724/1799 1810/1735/1810 1824/1748/1824
f 1808/1733/1808 1818/1742/1818 1819/1743/1819
f 1803/1728/1803 1826/1750/1826 1818/1742/1818
f 1809/1734/1809 1807/1732/1807 1827/1751/1827
f 1807/1732/1807 1814/1738/1814 1828/1752/1828
f 1803/1728/1803 1825/1749/1825 1826/1750/1826
f 1825/1749/1825 1806/1731/1806 1817/1741/1817
f 1817/1741/1817 1799/1724/1799 1824/1748/1824
f 1820/1744/1820 1809/1734/1809 1827/1751/1827
f 1829/1753/1829 1819/1743/1819 1818/1742/1818
f 1830/1754/1830 1816/1740/1816 1821/1745/1821
f 1831/1755/1831 1814/1738/1814 1816/1740/1816
f 1815/1739/1815 1819/1743/1819 1832/1756/1832
f 1828/1752/1828 1827/1751/1827 1807/1732/1807
f 1832/1756/1832 1819/1743/1819 1829/1753/1829
f 1817/1741/1817 1824/1748/1824 1833/1757/1833
f 1823/1747/1823 1820/1744/1820 1834/1758/1834
f 1815/1739/1815 1832/1756/1832 1835/1759/1835
f 1831/1755/1831 1816/1740/1816 1830/1754/1830
f 1825/1749/1825 1817/1741/1817 1833/1757/1833
f 1836/1760/1836 1824/1748/1824 1823/1747/1823
f 1826/1750/1826 1829/1753/1829 1818/1742/1818
f 1828/1752/1828 1814/1738/1814 1837/1761/1837
f 1812/1413/1812 1838/1430/1838 1822/1746/1822
f 1825/1749/1825 1833/1757/1833 1826/1750/1826
f 1836/1760/1836 1833/1757/1833 1824/1748/1824
f 1839/1762/1839 1834/1758/1834 1820/1744/1820
f 1840/1763/1840 1827/1751/1827 1828/1752/1828
f 1820/1744/1820 1827/1751/1827 1839/1762/1839
f 1832/1756/1832 1829/1753/1829 1841/1764/1841
f 1828/1752/1828 1837/1761/1837 1840/1763/1840
f 1814/1738/1814 1831/1755/1831 1837/1761/1837
f 1821/1745/1821 1822/1746/1822 1842/1765/1842
f 1843/1766/1843 1829/1753/1829 1826/1750/1826
f 1835/1759/1835 1832/1756/1832 1841/1764/1841
f 1822/1746/1822 1838/1430/1838 1844/1767/1844
f 1830/1754/1830 1821/1745/1821 1845/1768/1845
f 1826/1750/1826 1846/1769/1846 1843/1766/1843
f 1846/1769/1846 1826/1750/1826 1833/1757/1833
f 1833/1757/1833 1836/1760/1836 1847/1770/1847
f 1845/1768/1845 1848/1771/1848 1830/1754/1830
f 1821/1745/1821 1842/1765/1842 1845/1768/1845
f 1839/1762/1839 1827/1751/1827 1840/1763/1840
f 1836/1760/1836 1823/1747/1823 1849/1772/1849
f 1830/1754/1830 1848/1771/1848 1831/1755/1831
f 1847/1770/1847 1846/1769/1846 1833/1757/1833
f 1837/1761/1837 1831/1755/1831 1850/1773/1850
f 1851/1774/1851 1831/1755/1831 1848/1771/1848
f 1838/1430/1838 1852/1439/1852 1844/1767/1844
f 1853/1775/1853 1835/1759/1835 1841/1764/1841
f 1844/1767/1844 1852/1439/1852 1854/1776/1854
f 1855/1777/1855 1829/1753/1829 1843/1766/1843
f 1841/1764/1841 1829/1753/1829 1856/1778/1856
f 1822/1746/1822 1844/1767/1844 1857/1779/1857
f 1849/1772/1849 1823/1747/1823 1834/1758/1834
f 1837/1761/1837 1850/1773/1850 1858/1780/1858
f 1856/1778/1856 1829/1753/1829 1855/1777/1855
f 1836/1760/1836 1849/1772/1849 1859/1781/1859
f 1842/1765/1842 1822/1746/1822 1857/1779/1857
f 1843/1766/1843 1846/1769/1846 1855/1777/1855
f 1859/1781/1859 1847/1770/1847 1836/1760/1836
f 1860/1782/1860 1857/1779/1857 1844/1767/1844
f 1834/1758/1834 1839/1762/1839 1861/1783/1861
f 1837/1761/1837 1858/1780/1858 1840/1763/1840
f 1834/1758/1834 1861/1783/1861 1849/1772/1849
f 1850/1773/1850 1831/1755/1831 1851/1774/1851
f 1839/1762/1839 1840/1763/1840 1862/1784/1862
f 1860/1782/1860 1844/1767/1844 1854/1776/1854
f 1863/1785/1863 1846/1769/1846 1847/1770/1847
f 1864/1786/1864 1845/1768/1845 1842/1765/1842
f 1841/1764/1841 1856/1778/1856 1853/1775/1853
f 1842/1765/1842 1857/1779/1857 1864/1786/1864
f 1840/1763/1840 1858/1780/1858 1862/1784/1862
f 1854/1776/1854 1852/1439/1852 1865/1449/1865
f 1847/1770/1847 1859/1781/1859 1863/1785/1863
f 1848/1771/1848 1845/1768/1845 1866/1787/1866
f 1851/1774/1851 1848/1771/1848 1866/1787/1866
f 1849/1772/1849 1867/1788/1867 1859/1781/1859
f 1856/1778/1856 1855/1777/1855 1868/1789/1868
f 1849/1772/1849 1861/1783/1861 1867/1788/1867
f 1845/1768/1845 1869/1790/1869 1866/1787/1866
f 1870/1791/1870 1846/1769/1846 1863/1785/1863
f 1861/1783/1861 1839/1762/1839 1871/1792/1871
f 1839/1762/1839 1862/1784/1862 1872/1793/1872
f 1845/1768/1845 1864/1786/1864 1869/1790/1869
f 1873/1794/1873 1851/1774/1851 1866/1787/1866
f 1857/1779/1857 1860/1782/1860 1864/1786/1864
f 1855/1777/1855 1846/1769/1846 1870/1791/1870
f 1874/1795/1874 1859/1781/1859 1867/1788/1867
f 1850/1773/1850 1851/1774/1851 1873/1794/1873
f 1864/1786/1864 1860/1782/1860 1875/1796/1875
f 1864/1786/1864 1875/1796/1875 1876/1797/1876
f 1868/1789/1868 1855/1777/1855 1870/1791/1870
f 1877/1798/1877 1854/1776/1854 1865/1449/1865
f 1860/1782/1860 1854/1776/1854 1877/1798/1877
f 1866/1787/1866 1869/1790/1869 1873/1794/1873
f 1858/1780/1858 1850/1773/1850 1878/1799/1878
f 1863/1785/1863 1859/1781/1859 1879/1800/1879
f 1867/1788/1867 1861/1783/1861 1871/1792/1871
f 1853/1775/1853 1856/1778/1856 1880/1801/1880
f 1869/1790/1869 1864/1786/1864 1876/1797/1876
f 1839/1762/1839 1881/1802/1881 1871/1792/1871
f 1839/1762/1839 1872/1793/1872 1881/1802/1881
f 1850/1773/1850 1873/1794/1873 1878/1799/1878
f 1882/1803/1882 1875/1796/1875 1860/1782/1860
f 1882/1803/1882 1860/1782/1860 1877/1798/1877
f 1874/1795/1874 1879/1800/1879 1859/1781/1859
f 1856/1778/1856 1868/1789/1868 1880/1801/1880
f 1862/1784/1862 1858/1780/1858 1883/1804/1883
f 1880/1801/1880 1884/1805/1884 1853/1775/1853
f 1879/1800/1879 1870/1791/1870 1863/1785/1863
f 1883/1804/1883 1872/1793/1872 1862/1784/1862
f 1874/1795/1874 1867/1788/1867 1885/1806/1885
f 1881/1802/1881 1872/1793/1872 1886/1807/1886
f 1869/1790/1869 1887/1808/1887 1873/1794/1873
f 1876/1797/1876 1875/1796/1875 1888/1809/1888
f 1858/1780/1858 1878/1799/1878 1883/1804/1883
f 1889/1810/1889 1870/1791/1870 1879/1800/1879
f 1867/1788/1867 1871/1792/1871 1890/1811/1890
f 1883/1804/1883 1886/1807/1886 1872/1793/1872
f 1888/1809/1888 1875/1796/1875 1882/1803/1882
f 1885/1806/1885 1867/1788/1867 1890/1811/1890
f 1891/1812/1891 1853/1775/1853 1884/1805/1884
f 1870/1791/1870 1889/1810/1889 1892/1813/1892
f 1890/1811/1890 1871/1792/1871 1881/1802/1881
f 1893/1814/1893 1877/1798/1877 1865/1449/1865
f 1865/1449/1865 1894/1465/1894 1893/1814/1893
f 1869/1790/1869 1876/1797/1876 1895/1815/1895
f 1895/1815/1895 1876/1797/1876 1888/1809/1888
f 1868/1789/1868 1870/1791/1870 1892/1813/1892
f 1884/1805/1884 1880/1801/1880 1896/1816/1896
f 1888/1809/1888 1882/1803/1882 1897/1817/1897
f 1880/1801/1880 1868/1789/1868 1896/1816/1896
f 1878/1799/1878 1873/1794/1873 1898/1818/1898
f 1897/1817/1897 1882/1803/1882 1877/1798/1877
f 1883/1804/1883 1878/1799/1878 1899/1819/1899
f 1881/1802/1881 1900/1820/1900 1890/1811/1890
f 1900/1820/1900 1881/1802/1881 1886/1807/1886
f 1901/1821/1901 1889/1810/1889 1879/1800/1879
f 1902/1822/1902 1879/1800/1879 1874/1795/1874
f 1886/1807/1886 1883/1804/1883 1899/1819/1899
f 1896/1816/1896 1868/1789/1868 1892/1813/1892
f 1900/1820/1900 1886/1807/1886 1903/1823/1903
f 1886/1807/1886 1899/1819/1899 1903/1823/1903
f 1901/1821/1901 1879/1800/1879 1902/1822/1902
f 1892/1813/1892 1889/1810/1889 1904/1824/1904
f 1869/1790/1869 1895/1815/1895 1887/1808/1887
f 1888/1809/1888 1897/1817/1897 1905/1825/1905
f 1895/1815/1895 1888/1809/1888 1906/1826/1906
f 1907/1474/1907 1893/1814/1893 1894/1465/1894
f 1902/1822/1902 1874/1795/1874 1885/1806/1885
f 1877/1798/1877 1893/1814/1893 1908/1827/1908
f 1897/1817/1897 1877/1798/1877 1908/1827/1908
f 1884/1805/1884 1896/1816/1896 1909/1828/1909
f 1885/1806/1885 1890/1811/1890 1910/1829/1910
f 1891/1812/1891 1884/1805/1884 1909/1828/1909
f 1911/1830/1911 1878/1799/1878 1898/1818/1898
f 1873/1794/1873 1887/1808/1887 1912/1831/1912
f 1890/1811/1890 1900/1820/1900 1910/1829/1910
f 1896/1816/1896 1892/1813/1892 1904/1824/1904
f 1901/1821/1901 1913/1832/1913 1889/1810/1889
f 1902/1822/1902 1885/1806/1885 1914/1833/1914
f 1904/1824/1904 1889/1810/1889 1913/1832/1913
f 1898/1818/1898 1873/1794/1873 1912/1831/1912
f 1893/1814/1893 1907/1474/1907 1915/1834/1915
f 1901/1821/1901 1902/1822/1902 1916/1835/1916
f 1911/1830/1911 1899/1819/1899 1878/1799/1878
f 1912/1831/1912 1887/1808/1887 1895/1815/1895
f 1893/1814/1893 1915/1834/1915 1908/1827/1908
f 1896/1816/1896 1904/1824/1904 1917/1836/1917
f 1888/1809/1888 1905/1825/1905 1906/1826/1906
f 1905/1825/1905 1897/1817/1897 1918/1837/1918
f 1913/1832/1913 1901/1821/1901 1919/1838/1919
f 1910/1829/1910 1900/1820/1900 1920/1839/1920
f 1909/1828/1909 1896/1816/1896 1921/1840/1921
f 1901/1821/1901 1916/1835/1916 1919/1838/1919
f 1900/1820/1900 1903/1823/1903 1920/1839/1920
f 1912/1831/1912 1895/1815/1895 1922/1841/1922
f 1923/1842/1923 1891/1812/1891 1909/1828/1909
f 1899/1819/1899 1911/1830/1911 1924/1843/1924
f 1925/1844/1925 1904/1824/1904 1913/1832/1913
f 1911/1830/1911 1898/1818/1898 1926/1845/1926
f 1919/1838/1919 1925/1844/1925 1913/1832/1913
f 1910/1829/1910 1920/1839/1920 1927/1846/1927
f 1926/1845/1926 1898/1818/1898 1912/1831/1912
f 1917/1836/1917 1904/1824/1904 1925/1844/1925
f 1914/1833/1914 1885/1806/1885 1910/1829/1910
f 1897/1817/1897 1908/1827/1908 1918/1837/1918
f 1911/1830/1911 1926/1845/1926 1924/1843/1924
f 1896/1816/1896 1917/1836/1917 1921/1840/1921
f 1928/1847/1928 1902/1822/1902 1914/1833/1914
f 1925/1844/1925 1919/1838/1919 1929/1848/1929
f 1927/1846/1927 1914/1833/1914 1910/1829/1910
f 1920/1839/1920 1903/1823/1903 1930/1849/1930
f 1928/1847/1928 1916/1835/1916 1902/1822/1902
f 1931/1850/1931 1903/1823/1903 1899/1819/1899
f 1915/1834/1915 1907/1474/1907 1932/1490/1932
f 1919/1838/1919 1916/1835/1916 1933/1851/1933
f 1906/1826/1906 1905/1825/1905 1934/1852/1934
f 1931/1850/1931 1899/1819/1899 1924/1843/1924
f 1923/1842/1923 1909/1828/1909 1921/1840/1921
f 1895/1815/1895 1906/1826/1906 1934/1852/1934
f 1919/1838/1919 1933/1851/1933 1929/1848/1929
f 1930/1849/1930 1903/1823/1903 1931/1850/1931
f 1916/1835/1916 1928/1847/1928 1933/1851/1933
f 1930/1849/1930 1935/1853/1935 1920/1839/1920
f 1928/1847/1928 1914/1833/1914 1927/1846/1927
f 1927/1846/1927 1920/1839/1920 1935/1853/1935
f 1905/1825/1905 1918/1837/1918 1934/1852/1934
f 1917/1836/1917 1925/1844/1925 1936/1854/1936
f 1934/1852/1934 1922/1841/1922 1895/1815/1895
f 1908/1827/1908 1915/1834/1915 1937/1855/1937
f 1918/1837/1918 1908/1827/1908 1937/1855/1937
f 1928/1847/1928 1927/1846/1927 1938/1856/1938
f 1926/1845/1926 1912/1831/1912 1939/1857/1939
f 1940/1858/1940 1921/1840/1921 1917/1836/1917
f 1925/1844/1925 1929/1848/1929 1936/1854/1936
f 1924/1843/1924 1941/1859/1941 1931/1850/1931
f 1930/1849/1930 1931/1850/1931 1942/1860/1942
f 1912/1831/1912 1922/1841/1922 1939/1857/1939
f 1915/1834/1915 1932/1490/1932 1943/1501/1943
f 1923/1842/1923 1921/1840/1921 1944/1861/1944
f 1934/1852/1934 1918/1837/1918 1945/1862/1945
f 1927/1846/1927 1935/1853/1935 1946/1863/1946
f 1930/1849/1930 1942/1860/1942 1935/1853/1935
f 1940/1858/1940 1944/1861/1944 1921/1840/1921
f 1929/1848/1929 1933/1851/1933 1947/1864/1947
f 1942/1860/1942 1931/1850/1931 1941/1859/1941
f 1928/1847/1928 1948/1865/1948 1933/1851/1933
f 1924/1843/1924 1926/1845/1926 1949/1866/1949
f 1945/1862/1945 1918/1837/1918 1950/1867/1950
f 1937/1855/1937 1915/1834/1915 1943/1501/1943
f 1938/1856/1938 1927/1846/1927 1946/1863/1946
f 1917/1836/1917 1936/1854/1936 1940/1858/1940
f 1928/1847/1928 1938/1856/1938 1948/1865/1948
f 1918/1837/1918 1937/1855/1937 1950/1867/1950
f 1941/1859/1941 1924/1843/1924 1951/1868/1951
f 1924/1843/1924 1949/1866/1949 1951/1868/1951
f 1946/1863/1946 1935/1853/1935 1952/1869/1952
f 1936/1854/1936 1929/1848/1929 1947/1864/1947
f 1953/1870/1953 1935/1853/1935 1942/1860/1942
f 1937/1855/1937 1943/1501/1943 1954/1514/1954
f 1955/1871/1955 1939/1857/1939 1922/1841/1922
f 1950/1867/1950 1937/1855/1937 1956/1872/1956
f 1933/1851/1933 1948/1865/1948 1947/1864/1947
f 1944/1861/1944 1957/1873/1957 1923/1842/1923
f 1954/1514/1954 1956/1872/1956 1937/1855/1937
f 1946/1863/1946 1958/1874/1958 1938/1856/1938
f 1959/1875/1959 1953/1870/1953 1942/1860/1942
f 1960/1876/1960 1955/1871/1955 1922/1841/1922
f 1934/1852/1934 1960/1876/1960 1922/1841/1922
f 1961/1877/1961 1947/1864/1947 1948/1865/1948
f 1948/1865/1948 1938/1856/1938 1961/1877/1961
f 1959/1875/1959 1942/1860/1942 1941/1859/1941
f 1949/1866/1949 1926/1845/1926 1962/1878/1962
f 1939/1857/1939 1962/1878/1962 1926/1845/1926
f 1934/1852/1934 1945/1862/1945 1960/1876/1960
f 1944/1861/1944 1940/1858/1940 1963/1879/1963
f 1940/1858/1940 1936/1854/1936 1964/1880/1964
f 1951/1868/1951 1959/1875/1959 1941/1859/1941
f 1952/1869/1952 1935/1853/1935 1953/1870/1953
f 1955/1871/1955 1960/1876/1960 1965/1881/1965
f 1961/1877/1961 1938/1856/1938 1958/1874/1958
f 1945/1862/1945 1966/1882/1966 1960/1876/1960
f 1958/1874/1958 1946/1863/1946 1952/1869/1952
f 1939/1857/1939 1955/1871/1955 1967/1883/1967
f 1963/1879/1963 1957/1873/1957 1944/1861/1944
f 1936/1854/1936 1947/1864/1947 1968/1884/1968
f 1939/1857/1939 1967/1883/1967 1962/1878/1962
f 1949/1866/1949 1962/1878/1962 1969/1885/1969
f 1945/1862/1945 1950/1867/1950 1966/1882/1966
f 1956/1872/1956 1954/1514/1954 1970/1520/1970
f 1949/1866/1949 1969/1885/1969 1951/1868/1951
f 1967/1883/1967 1955/1871/1955 1965/1881/1965
f 1958/1874/1958 1952/1869/1952 1971/1886/1971
f 1953/1870/1953 1959/1875/1959 1972/1887/1972
f 1947/1864/1947 1961/1877/1961 1973/1888/1973
f 1963/1879/1963 1940/1858/1940 1964/1880/1964
f 1964/1880/1964 1936/1854/1936 1968/1884/1968
f 1973/1888/1973 1968/1884/1968 1947/1864/1947
f 1950/1867/1950 1956/1872/1956 1974/1889/1974
f 1975/1890/1975 1958/1874/1958 1971/1886/1971
f 1962/1878/1962 1967/1883/1967 1976/1891/1976
f 1963/1879/1963 1977/1892/1977 1978/1893/1978
f 1957/1873/1957 1963/1879/1963 1978/1893/1978
f 1979/1894/1979 1952/1869/1952 1953/1870/1953
f 1963/1879/1963 1964/1880/1964 1977/1892/1977
f 1961/1877/1961 1980/1895/1980 1973/1888/1973
f 1959/1875/1959 1951/1868/1951 1981/1896/1981
f 1966/1882/1966 1950/1867/1950 1974/1889/1974
f 1971/1886/1971 1952/1869/1952 1979/1894/1979
f 1981/1896/1981 1951/1868/1951 1969/1885/1969
f 1970/1520/1970 1974/1889/1974 1956/1872/1956
f 1979/1894/1979 1953/1870/1953 1972/1887/1972
f 1961/1877/1961 1958/1874/1958 1975/1890/1975
f 1976/1891/1976 1969/1885/1969 1962/1878/1962
f 1982/1897/1982 1964/1880/1964 1968/1884/1968
f 1981/1896/1981 1972/1887/1972 1959/1875/1959
f 1967/1883/1967 1965/1881/1965 1976/1891/1976
f 1983/1898/1983 1961/1877/1961 1975/1890/1975
f 1968/1884/1968 1973/1888/1973 1984/1899/1984
f 1966/1882/1966 1965/1881/1965 1960/1876/1960
f 1965/1881/1965 1985/1900/1985 1976/1891/1976
f 1983/1898/1983 1980/1895/1980 1961/1877/1961
f 1984/1899/1984 1982/1897/1982 1968/1884/1968
f 1970/1520/1970 1986/1901/1986 1974/1889/1974
f 1987/1902/1987 1969/1885/1969 1976/1891/1976
f 1975/1890/1975 1971/1886/1971 1988/1903/1988
f 1981/1896/1981 1989/1904/1989 1972/1887/1972
f 1990/1905/1990 1965/1881/1965 1966/1882/1966
f 1988/1903/1988 1971/1886/1971 1979/1894/1979
f 1969/1885/1969 1987/1902/1987 1981/1896/1981
f 1991/1906/1991 1966/1882/1966 1974/1889/1974
f 1982/1897/1982 1992/1907/1992 1964/1880/1964
f 1974/1889/1974 1986/1901/1986 1993/1908/1993
f 1964/1880/1964 1994/1909/1994 1977/1892/1977
f 1985/1900/1985 1965/1881/1965 1990/1905/1990
f 1995/1530/1995 1986/1901/1986 1970/1520/1970
f 1972/1887/1972 1989/1904/1989 1979/1894/1979
f 1983/1898/1983 1975/1890/1975 1996/1910/1996
f 1966/1882/1966 1991/1906/1991 1990/1905/1990
f 1973/1888/1973 1980/1895/1980 1997/1911/1997
f 1983/1898/1983 1997/1911/1997 1980/1895/1980
f 1964/1880/1964 1992/1907/1992 1994/1909/1994
f 1982/1897/1982 1984/1899/1984 1998/1912/1998
f 1999/1913/1999 1979/1894/1979 1989/1904/1989
f 1988/1903/1988 1979/1894/1979 1999/1913/1999
f 1992/1907/1992 1982/1897/1982 1998/1912/1998
f 2000/1914/2000 1987/1902/1987 1976/1891/1976
f 1977/1892/1977 1994/1909/1994 1978/1893/1978
f 1976/1891/1976 1985/1900/1985 2000/1914/2000
f 1984/1899/1984 1973/1888/1973 2001/1915/2001
f 1973/1888/1973 1997/1911/1997 2001/1915/2001
f 1974/1889/1974 1993/1908/1993 1991/1906/1991
f 1975/1890/1975 1988/1903/1988 1996/1910/1996
f 2001/1915/2001 1998/1912/1998 1984/1899/1984
f 1981/1896/1981 1987/1902/1987 2002/1916/2002
f 1989/1904/1989 1981/1896/1981 2003/1917/2003
f 1983/1898/1983 1996/1910/1996 2004/1918/2004
f 2000/1914/2000 1985/1900/1985 2005/1919/2005
f 1993/1908/1993 1986/1901/1986 2006/1540/2006
f 1986/1901/1986 1995/1530/1995 2006/1540/2006
f 1997/1911/1997 1983/1898/1983 2004/1918/2004
f 1985/1900/1985 1990/1905/1990 2005/1919/2005
f 2003/1917/2003 1981/1896/1981 2002/1916/2002
f 2007/1920/2007 1999/1913/1999 1989/1904/1989
f 1989/1904/1989 2003/1917/2003 2007/1920/2007
f 2002/1916/2002 1987/1902/1987 2000/1914/2000
f 1991/1906/1991 1993/1908/1993 2008/1921/2008
f 1996/1910/1996 1988/1903/1988 2009/1922/2009
f 2010/1923/2010 1998/1912/1998 2001/1915/2001
f 2011/1924/2011 2001/1915/2001 1997/1911/1997
f 1994/1909/1994 2012/1925/2012 1978/1893/1978
f 2004/1918/2004 1996/1910/1996 2009/1922/2009
f 1988/1903/1988 1999/1913/1999 2009/1922/2009
f 1997/1911/1997 2004/1918/2004 2013/1926/2013
f 1993/1908/1993 2006/1540/2006 2008/1921/2008
f 1978/1893/1978 2012/1925/2012 2014/1927/2014
f 2015/1928/2015 1992/1907/1992 1998/1912/1998
f 2010/1923/2010 2001/1915/2001 2011/1924/2011
f 1994/1909/1994 1992/1907/1992 2016/1929/2016
f 2011/1924/2011 1997/1911/1997 2013/1926/2013
f 1994/1909/1994 2016/1929/2016 2012/1925/2012
f 2004/1918/2004 2009/1922/2009 2017/1930/2017
f 2016/1929/2016 1992/1907/1992 2015/1928/2015
f 2000/1914/2000 2005/1919/2005 2018/1931/2018
f 2019/1932/2019 1999/1913/1999 2007/1920/2007
f 2020/1933/2020 2007/1920/2007 2003/1917/2003
f 2018/1931/2018 2005/1919/2005 1990/1905/1990
f 2007/1920/2007 2020/1933/2020 2019/1932/2019
f 2016/1929/2016 2015/1928/2015 2021/1934/2021
f 2015/1928/2015 1998/1912/1998 2010/1923/2010
f 2009/1922/2009 1999/1913/1999 2019/1932/2019
f 2003/1917/2003 2002/1916/2002 2022/1935/2022
f 2002/1916/2002 2000/1914/2000 2023/1936/2023
f 2006/1540/2006 2024/1546/2024 2025/1937/2025
f 2020/1933/2020 2003/1917/2003 2022/1935/2022
f 2023/1936/2023 2000/1914/2000 2018/1931/2018
f 2006/1540/2006 2025/1937/2025 2008/1921/2008
f 2004/1918/2004 2017/1930/2017 2013/1926/2013
f 2009/1922/2009 2026/1938/2026 2017/1930/2017
f 2022/1935/2022 2002/1916/2002 2023/1936/2023
f 2018/1931/2018 1990/1905/1990 2027/1939/2027
f 2027/1939/2027 1990/1905/1990 1991/1906/1991
f 2021/1934/2021 2015/1928/2015 2010/1923/2010
f 2010/1923/2010 2011/1924/2011 2028/1940/2028
f 2009/1922/2009 2019/1932/2019 2026/1938/2026
f 2011/1924/2011 2013/1926/2013 2028/1940/2028
f 2020/1933/2020 2022/1935/2022 2029/1941/2029
f 2008/1921/2008 2030/1942/2030 1991/1906/1991
f 2019/1932/2019 2020/1933/2020 2029/1941/2029
f 2018/1931/2018 2031/1943/2031 2023/1936/2023
f 2032/1944/2032 2014/1927/2014 2012/1925/2012
f 2013/1926/2013 2017/1930/2017 2033/1945/2033
f 2018/1931/2018 2027/1939/2027 2031/1943/2031
f 2012/1925/2012 2016/1929/2016 2034/1946/2034
f 2027/1939/2027 1991/1906/1991 2030/1942/2030
f 2016/1929/2016 2021/1934/2021 2035/1947/2035
f 2012/1925/2012 2034/1946/2034 2032/1944/2032
f 2021/1934/2021 2010/1923/2010 2036/1948/2036
f 2022/1935/2022 2023/1936/2023 2037/1949/2037
f 2016/1929/2016 2035/1947/2035 2034/1946/2034
f 2028/1940/2028 2013/1926/2013 2038/1950/2038
f 2017/1930/2017 2026/1938/2026 2033/1945/2033
f 2025/1937/2025 2030/1942/2030 2008/1921/2008
f 2026/1938/2026 2019/1932/2019 2029/1941/2029
f 2036/1948/2036 2010/1923/2010 2028/1940/2028
f 2025/1937/2025 2024/1546/2024 2039/1565/2039
f 2013/1926/2013 2033/1945/2033 2038/1950/2038
f 2030/1942/2030 2025/1937/2025 2039/1565/2039
f 2038/1950/2038 2033/1945/2033 2040/1951/2040
f 2036/1948/2036 2041/1952/2041 2021/1934/2021
f 2042/1953/2042 2032/1944/2032 2034/1946/2034
f 2035/1947/2035 2021/1934/2021 2043/1954/2043
f 2029/1941/2029 2022/1935/2022 2037/1949/2037
f 2044/1955/2044 2026/1938/2026 2029/1941/2029
f 2037/1949/2037 2023/1936/2023 2031/1943/2031
f 2042/1953/2042 2034/1946/2034 2045/1956/2045
f 2036/1948/2036 2028/1940/2028 2046/1957/2046
f 2045/1956/2045 2034/1946/2034 2035/1947/2035
f 2027/1939/2027 2030/1942/2030 2047/1958/2047
f 2043/1954/2043 2021/1934/2021 2041/1952/2041
f 2039/1565/2039 2048/1959/2048 2030/1942/2030
f 2028/1940/2028 2049/1960/2049 2046/1957/2046
f 2028/1940/2028 2038/1950/2038 2049/1960/2049
f 2027/1939/2027 2050/1961/2050 2031/1943/2031
f 2035/1947/2035 2051/1962/2051 2045/1956/2045
f 2038/1950/2038 2040/1951/2040 2049/1960/2049
f 2035/1947/2035 2043/1954/2043 2051/1962/2051
f 2052/1963/2052 2051/1962/2051 2043/1954/2043
f 2036/1948/2036 2046/1957/2046 2041/1952/2041
f 2033/1945/2033 2026/1938/2026 2053/1964/2053
f 2043/1954/2043 2041/1952/2041 2052/1963/2052
f 2031/1943/2031 2050/1961/2050 2037/1949/2037
f 2026/1938/2026 2044/1955/2044 2054/1965/2054
f 2055/1966/2055 2042/1953/2042 2045/1956/2045
f 2030/1942/2030 2048/1959/2048 2047/1958/2047
f 2040/1951/2040 2033/1945/2033 2056/1967/2056
f 2045/1956/2045 2051/1962/2051 2057/1968/2057
f 2053/1964/2053 2026/1938/2026 2054/1965/2054
f 2033/1945/2033 2053/1964/2053 2056/1967/2056
f 2058/1969/2058 2044/1955/2044 2029/1941/2029
f 2041/1952/2041 2046/1957/2046 2059/1970/2059
f 2048/1959/2048 2039/1565/2039 2060/1578/2060
f 2061/1971/2061 2027/1939/2027 2047/1958/2047
f 2057/1968/2057 2055/1966/2055 2045/1956/2045
f 2027/1939/2027 2061/1971/2061 2050/1961/2050
f 2029/1941/2029 2037/1949/2037 2058/1969/2058
f 2046/1957/2046 2049/1960/2049 2062/1972/2062
f 2041/1952/2041 2059/1970/2059 2052/1963/2052
f 2063/1973/2063 2047/1958/2047 2048/1959/2048
f 2057/1968/2057 2064/1974/2064 2055/1966/2055
f 2065/1975/2065 2058/1969/2058 2037/1949/2037
f 2066/1605/2066 2048/1959/2048 2060/1578/2060
f 2059/1970/2059 2046/1957/2046 2062/1972/2062
f 2059/1970/2059 2067/1976/2067 2052/1963/2052
f 2051/1962/2051 2052/1963/2052 2057/1968/2057
f 2061/1971/2061 2047/1958/2047 2063/1973/2063
f 2054/1965/2054 2044/1955/2044 2068/1977/2068
f 2048/1959/2048 2066/1605/2066 2063/1973/2063
f 2049/1960/2049 2040/1951/2040 2069/1978/2069
f 2040/1951/2040 2070/1979/2070 2069/1978/2069
f 2070/1979/2070 2040/1951/2040 2056/1967/2056
f 2053/1964/2053 2054/1965/2054 2071/1980/2071
f 2072/1981/2072 2057/1968/2057 2052/1963/2052
f 2044/1955/2044 2058/1969/2058 2068/1977/2068
f 2059/1970/2059 2062/1972/2062 2067/1976/2067
f 2057/1968/2057 2072/1981/2072 2073/1982/2073
f 2052/1963/2052 2067/1976/2067 2072/1981/2072
f 2074/1983/2074 2064/1974/2064 2057/1968/2057
f 2062/1972/2062 2049/1960/2049 2075/1984/2075
f 2037/1949/2037 2050/1961/2050 2065/1975/2065
f 2075/1984/2075 2049/1960/2049 2069/1978/2069
f 2069/1978/2069 2070/1979/2070 2076/1985/2076
f 2056/1967/2056 2053/1964/2053 2077/1986/2077
f 2071/1980/2071 2054/1965/2054 2068/1977/2068
f 2053/1964/2053 2071/1980/2071 2077/1986/2077
f 2077/1986/2077 2070/1979/2070 2056/1967/2056
f 2061/1971/2061 2063/1973/2063 2078/1987/2078
f 2071/1980/2071 2068/1977/2068 2079/1988/2079
f 2057/1968/2057 2073/1982/2073 2074/1983/2074
f 2064/1974/2064 2074/1983/2074 2080/1989/2080
f 2067/1976/2067 2062/1972/2062 2081/1990/2081
f 2058/1969/2058 2065/1975/2065 2082/1991/2082
f 2063/1973/2063 2066/1605/2066 2083/1992/2083
f 2084/1993/2084 2067/1976/2067 2081/1990/2081
f 2068/1977/2068 2058/1969/2058 2085/1994/2085
f 2077/1986/2077 2076/1985/2076 2070/1979/2070
f 2083/1992/2083 2078/1987/2078 2063/1973/2063
f 2077/1986/2077 2071/1980/2071 2086/1995/2086
f 2075/1984/2075 2069/1978/2069 2087/1996/2087
f 2050/1961/2050 2061/1971/2061 2065/1975/2065
f 2081/1990/2081 2062/1972/2062 2075/1984/2075
f 2082/1991/2082 2085/1994/2085 2058/1969/2058
f 2072/1981/2072 2067/1976/2067 2084/1993/2084
f 2087/1996/2087 2069/1978/2069 2076/1985/2076
f 2071/1980/2071 2079/1988/2079 2086/1995/2086
f 2065/1975/2065 2061/1971/2061 2088/1997/2088
f 2077/1986/2077 2089/1998/2089 2076/1985/2076
f 2090/1999/2090 2073/1982/2073 2072/1981/2072
f 2078/1987/2078 2088/1997/2088 2061/1971/2061
f 2083/1992/2083 2066/1605/2066 2091/2000/2091
f 2092/1608/2092 2091/2000/2091 2066/1605/2066
f 2072/1981/2072 2084/1993/2084 2090/1999/2090
f 2075/1984/2075 2093/2001/2093 2081/1990/2081
f 2087/1996/2087 2093/2001/2093 2075/1984/2075
f 2094/2002/2094 2068/1977/2068 2085/1994/2085
f 2089/1998/2089 2077/1986/2077 2086/1995/2086
f 2082/1991/2082 2065/1975/2065 2095/2003/2095
f 2089/1998/2089 2087/1996/2087 2076/1985/2076
f 2085/1994/2085 2082/1991/2082 2095/2003/2095
f 2065/1975/2065 2088/1997/2088 2095/2003/2095
f 2093/2001/2093 2084/1993/2084 2081/1990/2081
f 2086/1995/2086 2079/1988/2079 2096/2004/2096
f 2097/2005/2097 2078/1987/2078 2083/1992/2083
f 2094/2002/2094 2085/1994/2085 2098/2006/2098
f 2099/2007/2099 2079/1988/2079 2068/1977/2068
f 2068/1977/2068 2094/2002/2094 2099/2007/2099
f 2088/1997/2088 2078/1987/2078 2097/2005/2097
f 2093/2001/2093 2087/1996/2087 2100/2008/2100
f 2094/2002/2094 2098/2006/2098 2101/2009/2101
f 2102/1621/2102 2091/2000/2091 2092/1608/2092
f 2103/2010/2103 2089/1998/2089 2086/1995/2086
f 2096/2004/2096 2079/1988/2079 2099/2007/2099
f 2095/2003/2095 2088/1997/2088 2104/2011/2104
f 2094/2002/2094 2101/2009/2101 2099/2007/2099
f 2091/2000/2091 2102/1621/2102 2083/1992/2083
f 2086/1995/2086 2096/2004/2096 2103/2010/2103
f 2098/2006/2098 2085/1994/2085 2105/2012/2105
f 2085/1994/2085 2095/2003/2095 2105/2012/2105
f 2083/1992/2083 2102/1621/2102 2106/1640/2106
f 2088/1997/2088 2097/2005/2097 2104/2011/2104
f 2099/2007/2099 2107/2013/2107 2096/2004/2096
f 2095/2003/2095 2108/2014/2108 2105/2012/2105
f 2101/2009/2101 2098/2006/2098 2105/2012/2105
f 2099/2007/2099 2101/2009/2101 2107/2013/2107
f 2097/2005/2097 2083/1992/2083 2106/1640/2106
f 2097/2005/2097 2106/1640/2106 2109/2015/2109
f 2108/2014/2108 2095/2003/2095 2104/2011/2104
f 2110/2016/2110 2104/2011/2104 2097/2005/2097
f 2111/2017/2111 2101/2009/2101 2105/2012/2105
f 2101/2009/2101 2111/2017/2111 2107/2013/2107
f 2097/2005/2097 2109/2015/2109 2110/2016/2110
f 2104/2011/2104 2110/2016/2110 2108/2014/2108
f 2105/2012/2105 2108/2014/2108 2111/2017/2111
f 2110/2016/2110 2109/2015/2109 2112/2018/2112
f 2108/2014/2108 2110/2016/2110 2113/2019/2113
f 2113/2019/2113 2111/2017/2111 2108/2014/2108
f 2114/1982/2114 2115/2020/2115 2116/1983/2116
f 2117/2021/2117 2118/1989/2118 2119/2022/2119
f 2119/2022/2119 2118/1989/2118 2116/1983/2116
f 2120/2023/2120 2121/2024/2121 2122/2025/2122
f 2121/2024/2121 2120/2023/2120 2123/2026/2123
f 2121/2024/2121 2123/2026/2123 2124/2027/2124
f 2114/1982/2114 2125/1999/2125 2115/2020/2115
f 2116/1983/2116 2115/2020/2115 2119/2022/2119
f 2126/1308/2126 2127/1307/2127 2128/2028/2128
f 2124/2027/2124 2129/2029/2129 2130/2030/2130
f 2131/2031/2131 2132/2032/2132 2122/2025/2122
f 2129/2029/2129 2124/2027/2124 2123/2026/2123
f 2122/2025/2122 2132/2032/2132 2120/2023/2120
f 2123/2026/2123 2133/2033/2133 2129/2029/2129
f 2120/2023/2120 2134/2034/2134 2123/2026/2123
f 2115/2020/2115 2125/1999/2125 2135/2035/2135
f 2125/1999/2125 2136/1993/2136 2137/2036/2137
f 2138/2037/2138 2136/1993/2136 2139/2001/2139
f 2126/1308/2126 2140/2038/2140 2141/1318/2141
f 2131/2031/2131 2142/2039/2142 2132/2032/2132
f 2125/1999/2125 2137/2036/2137 2135/2035/2135
f 2120/2023/2120 2143/2040/2143 2134/2034/2134
f 2128/2028/2128 2140/2038/2140 2126/1308/2126
f 2131/2031/2131 2144/2041/2144 2142/2039/2142
f 2129/2029/2129 2145/2042/2145 2130/2030/2130
f 2134/2034/2134 2146/2043/2146 2123/2026/2123
f 2117/2021/2117 2119/2022/2119 2147/2044/2147
f 2115/2020/2115 2148/2045/2148 2119/2022/2119
f 2148/2045/2148 2115/2020/2115 2135/2035/2135
f 2143/2040/2143 2149/2046/2149 2134/2034/2134
f 2144/2041/2144 2150/2047/2150 2142/2039/2142
f 2130/2030/2130 2145/2042/2145 2151/2048/2151
f 2142/2039/2142 2152/2049/2152 2132/2032/2132
f 2132/2032/2132 2153/2050/2153 2120/2023/2120
f 2123/2026/2123 2146/2043/2146 2133/2033/2133
f 2137/2036/2137 2136/1993/2136 2138/2037/2138
f 2154/2051/2154 2155/1996/2155 2156/1998/2156
f 2147/2044/2147 2157/2052/2157 2117/2021/2117
f 2119/2022/2119 2148/2045/2148 2147/2044/2147
f 2158/2053/2158 2142/2039/2142 2150/2047/2150
f 2153/2050/2153 2143/2040/2143 2120/2023/2120
f 2157/2052/2157 2147/2044/2147 2159/2054/2159
f 2134/2034/2134 2149/2046/2149 2146/2043/2146
f 2152/2049/2152 2160/2055/2160 2132/2032/2132
f 2133/2033/2133 2161/2056/2161 2129/2029/2129
f 2132/2032/2132 2160/2055/2160 2153/2050/2153
f 2153/2050/2153 2162/2057/2162 2143/2040/2143
f 2138/2037/2138 2139/2001/2139 2163/2008/2163
f 2146/2043/2146 2149/2046/2149 2164/2058/2164
f 2157/2052/2157 2165/2059/2165 2166/2060/2166
f 2167/2061/2167 2150/2047/2150 2166/2060/2166
f 2168/2062/2168 2169/2063/2169 2151/2048/2151
f 2150/2047/2150 2167/2061/2167 2158/2053/2158
f 2129/2029/2129 2161/2056/2161 2145/2042/2145
f 2146/2043/2146 2164/2058/2164 2133/2033/2133
f 2160/2055/2160 2162/2057/2162 2153/2050/2153
f 2155/1996/2155 2154/2051/2154 2163/2008/2163
f 2151/2048/2151 2145/2042/2145 2168/2062/2168
f 2170/2064/2170 2135/2035/2135 2137/2036/2137
f 2133/2033/2133 2171/2065/2171 2161/2056/2161
f 2157/2052/2157 2159/2054/2159 2165/2059/2165
f 2165/2059/2165 2167/2061/2167 2166/2060/2166
f 2142/2039/2142 2158/2053/2158 2152/2049/2152
f 2164/2058/2164 2171/2065/2171 2133/2033/2133
f 2162/2057/2162 2172/2066/2172 2143/2040/2143
f 2143/2040/2143 2172/2066/2172 2149/2046/2149
f 2127/1307/2127 2173/1330/2173 2128/2028/2128
f 2159/2054/2159 2174/2067/2174 2165/2059/2165
f 2158/2053/2158 2167/2061/2167 2175/2068/2175
f 2149/2046/2149 2176/2069/2176 2164/2058/2164
f 2141/1318/2141 2140/2038/2140 2177/1328/2177
f 2135/2035/2135 2170/2064/2170 2148/2045/2148
f 2172/2066/2172 2176/2069/2176 2149/2046/2149
f 2156/1998/2156 2178/2010/2178 2154/2051/2154
f 2147/2044/2147 2174/2067/2174 2159/2054/2159
f 2179/2070/2179 2163/2008/2163 2154/2051/2154
f 2174/2067/2174 2167/2061/2167 2165/2059/2165
f 2180/2071/2180 2147/2044/2147 2148/2045/2148
f 2152/2049/2152 2181/2072/2181 2160/2055/2160
f 2147/2044/2147 2180/2071/2180 2174/2067/2174
f 2175/2068/2175 2152/2049/2152 2158/2053/2158
f 2182/2073/2182 2169/2063/2169 2183/2074/2183
f 2148/2045/2148 2170/2064/2170 2180/2071/2180
f 2169/2063/2169 2168/2062/2168 2183/2074/2183
f 2184/2075/2184 2145/2042/2145 2161/2056/2161
f 2182/2073/2182 2185/2076/2185 2186/2077/2186
f 2187/2078/2187 2137/2036/2137 2138/2037/2138
f 2171/2065/2171 2188/2079/2188 2161/2056/2161
f 2181/2072/2181 2189/2080/2189 2160/2055/2160
f 2162/2057/2162 2160/2055/2160 2189/2080/2189
f 2162/2057/2162 2190/2081/2190 2172/2066/2172
f 2181/2072/2181 2152/2049/2152 2175/2068/2175
f 2186/2077/2186 2191/2082/2191 2192/2083/2192
f 2185/2076/2185 2191/2082/2191 2186/2077/2186
f 2193/2084/2193 2194/1329/2194 2195/2085/2195
f 2194/1329/2194 2193/2084/2193 2196/1335/2196
f 2167/2061/2167 2174/2067/2174 2197/2086/2197
f 2175/2068/2175 2198/2087/2198 2181/2072/2181
f 2187/2078/2187 2170/2064/2170 2137/2036/2137
f 2164/2058/2164 2176/2069/2176 2199/2088/2199
f 2189/2080/2189 2190/2081/2190 2162/2057/2162
f 2138/2037/2138 2163/2008/2163 2179/2070/2179
f 2178/2010/2178 2200/2089/2200 2154/2051/2154
f 2192/2083/2192 2193/2084/2193 2195/2085/2195
f 2182/2073/2182 2183/2074/2183 2185/2076/2185
f 2167/2061/2167 2197/2086/2197 2175/2068/2175
f 2168/2062/2168 2145/2042/2145 2201/2090/2201
f 2170/2064/2170 2187/2078/2187 2202/2091/2202
f 2161/2056/2161 2188/2079/2188 2184/2075/2184
f 2172/2066/2172 2190/2081/2190 2203/2092/2203
f 2177/1328/2177 2140/2038/2140 2204/2093/2204
f 2191/2082/2191 2193/2084/2193 2192/2083/2192
f 2180/2071/2180 2197/2086/2197 2174/2067/2174
f 2145/2042/2145 2184/2075/2184 2201/2090/2201
f 2198/2087/2198 2205/2094/2205 2181/2072/2181
f 2187/2078/2187 2138/2037/2138 2206/2095/2206
f 2197/2086/2197 2198/2087/2198 2175/2068/2175
f 2179/2070/2179 2206/2095/2206 2138/2037/2138
f 2207/2096/2207 2188/2079/2188 2171/2065/2171
f 2164/2058/2164 2199/2088/2199 2171/2065/2171
f 2172/2066/2172 2203/2092/2203 2176/2069/2176
f 2204/2093/2204 2140/2038/2140 2128/2028/2128
f 2208/1339/2208 2196/1335/2196 2193/2084/2193
f 2180/2071/2180 2202/2091/2202 2197/2086/2197
f 2170/2064/2170 2202/2091/2202 2180/2071/2180
f 2209/2097/2209 2205/2094/2205 2198/2087/2198
f 2183/2074/2183 2168/2062/2168 2185/2076/2185
f 2189/2080/2189 2181/2072/2181 2205/2094/2205
f 2197/2086/2197 2210/2098/2210 2198/2087/2198
f 2210/2098/2210 2209/2097/2209 2198/2087/2198
f 2206/2095/2206 2211/2099/2211 2187/2078/2187
f 2154/2051/2154 2200/2089/2200 2179/2070/2179
f 2202/2091/2202 2210/2098/2210 2197/2086/2197
f 2187/2078/2187 2212/2100/2212 2202/2091/2202
f 2212/2100/2212 2187/2078/2187 2211/2099/2211
f 2188/2079/2188 2213/2101/2213 2184/2075/2184
f 2208/1339/2208 2193/2084/2193 2214/2102/2214
f 2212/2100/2212 2210/2098/2210 2202/2091/2202
f 2215/2103/2215 2209/2097/2209 2210/2098/2210
f 2206/2095/2206 2179/2070/2179 2216/2104/2216
f 2217/1346/2217 2173/1330/2173 2218/1327/2218
f 2191/2082/2191 2214/2102/2214 2193/2084/2193
f 2212/2100/2212 2215/2103/2215 2210/2098/2210
f 2219/2105/2219 2205/2094/2205 2209/2097/2209
f 2206/2095/2206 2216/2104/2216 2211/2099/2211
f 2205/2094/2205 2219/2105/2219 2189/2080/2189
f 2211/2099/2211 2215/2103/2215 2212/2100/2212
f 2171/2065/2171 2199/2088/2199 2207/2096/2207
f 2173/1330/2173 2220/2106/2220 2128/2028/2128
f 2220/2106/2220 2204/2093/2204 2128/2028/2128
f 2215/2103/2215 2219/2105/2219 2209/2097/2209
f 2219/2105/2219 2221/2107/2221 2189/2080/2189
f 2189/2080/2189 2222/2108/2222 2190/2081/2190
f 2200/2089/2200 2223/2109/2223 2179/2070/2179
f 2224/2110/2224 2178/2010/2178 2225/2004/2225
f 2191/2082/2191 2226/2111/2226 2214/2102/2214
f 2203/2092/2203 2227/2112/2227 2176/2069/2176
f 2190/2081/2190 2228/2113/2228 2203/2092/2203
f 2178/2010/2178 2224/2110/2224 2200/2089/2200
f 2229/2114/2229 2185/2076/2185 2168/2062/2168
f 2221/2107/2221 2222/2108/2222 2189/2080/2189
f 2184/2075/2184 2230/2115/2230 2201/2090/2201
f 2213/2101/2213 2188/2079/2188 2231/2116/2231
f 2176/2069/2176 2232/2117/2232 2199/2088/2199
f 2179/2070/2179 2223/2109/2223 2216/2104/2216
f 2228/2113/2228 2190/2081/2190 2222/2108/2222
f 2233/2013/2233 2234/2118/2234 2225/2004/2225
f 2215/2103/2215 2235/2119/2235 2219/2105/2219
f 2176/2069/2176 2227/2112/2227 2232/2117/2232
f 2177/1328/2177 2236/2120/2236 2237/1341/2237
f 2185/2076/2185 2238/2121/2238 2191/2082/2191
f 2239/1347/2239 2208/1339/2208 2214/2102/2214
f 2227/2112/2227 2203/2092/2203 2228/2113/2228
f 2215/2103/2215 2240/2122/2240 2235/2119/2235
f 2211/2099/2211 2240/2122/2240 2215/2103/2215
f 2211/2099/2211 2216/2104/2216 2240/2122/2240
f 2188/2079/2188 2207/2096/2207 2231/2116/2231
f 2219/2105/2219 2241/2123/2241 2221/2107/2221
f 2242/2124/2242 2200/2089/2200 2224/2110/2224
f 2217/1346/2217 2220/2106/2220 2173/1330/2173
f 2204/2093/2204 2236/2120/2236 2177/1328/2177
f 2226/2111/2226 2191/2082/2191 2238/2121/2238
f 2221/2107/2221 2241/2123/2241 2222/2108/2222
f 2239/1347/2239 2214/2102/2214 2226/2111/2226
f 2230/2115/2230 2168/2062/2168 2201/2090/2201
f 2213/2101/2213 2230/2115/2230 2184/2075/2184
f 2199/2088/2199 2243/2125/2243 2207/2096/2207
f 2219/2105/2219 2235/2119/2235 2241/2123/2241
f 2244/2126/2244 2245/1338/2245 2246/1350/2246
f 2216/2104/2216 2223/2109/2223 2240/2122/2240
f 2234/2118/2234 2224/2110/2224 2225/2004/2225
f 2247/2015/2247 2248/1640/2248 2249/2127/2249
f 2185/2076/2185 2229/2114/2229 2238/2121/2238
f 2230/2115/2230 2229/2114/2229 2168/2062/2168
f 2213/2101/2213 2231/2116/2231 2250/2128/2250
f 2200/2089/2200 2242/2124/2242 2223/2109/2223
f 2217/1346/2217 2251/1345/2251 2252/2129/2252
f 2236/2120/2236 2204/2093/2204 2220/2106/2220
f 2223/2109/2223 2242/2124/2242 2240/2122/2240
f 2251/1345/2251 2245/1338/2245 2244/2126/2244
f 2234/2118/2234 2233/2013/2233 2253/2130/2253
f 2237/1341/2237 2236/2120/2236 2254/1354/2254
f 2233/2013/2233 2255/2017/2255 2253/2130/2253
f 2244/2126/2244 2252/2129/2252 2251/1345/2251
f 2235/2119/2235 2256/2131/2256 2241/2123/2241
f 2257/1343/2257 2258/1344/2258 2259/2132/2259
f 2213/2101/2213 2260/2133/2260 2230/2115/2230
f 2235/2119/2235 2240/2122/2240 2256/2131/2256
f 2261/2134/2261 2226/2111/2226 2238/2121/2238
f 2220/2106/2220 2217/1346/2217 2262/2135/2262
f 2248/1640/2248 2263/1643/2263 2249/2127/2249
f 2264/2136/2264 2244/2126/2244 2246/1350/2246
f 2250/2128/2250 2231/2116/2231 2265/2137/2265
f 2207/2096/2207 2265/2137/2265 2231/2116/2231
f 2222/2108/2222 2266/2138/2266 2228/2113/2228
f 2261/2134/2261 2239/1347/2239 2226/2111/2226
f 2213/2101/2213 2250/2128/2250 2260/2133/2260
f 2199/2088/2199 2232/2117/2232 2243/2125/2243
f 2241/2123/2241 2267/2139/2267 2222/2108/2222
f 2252/2129/2252 2244/2126/2244 2268/2140/2268
f 2252/2129/2252 2262/2135/2262 2217/1346/2217
f 2261/2134/2261 2269/1352/2269 2239/1347/2239
f 2222/2108/2222 2267/2139/2267 2266/2138/2266
f 2270/2141/2270 2259/2132/2259 2258/1344/2258
f 2259/2132/2259 2246/1350/2246 2257/1343/2257
f 2241/2123/2241 2256/2131/2256 2267/2139/2267
f 2238/2121/2238 2229/2114/2229 2261/2134/2261
f 2227/2112/2227 2228/2113/2228 2271/2142/2271
f 2272/2143/2272 2262/2135/2262 2252/2129/2252
f 2229/2114/2229 2230/2115/2230 2273/2144/2273
f 2224/2110/2224 2274/2145/2274 2242/2124/2242
f 2270/2141/2270 2258/1344/2258 2269/1352/2269
f 2230/2115/2230 2260/2133/2260 2275/2146/2275
f 2276/2147/2276 2264/2136/2264 2259/2132/2259
f 2246/1350/2246 2259/2132/2259 2264/2136/2264
f 2264/2136/2264 2268/2140/2268 2244/2126/2244
f 2207/2096/2207 2277/2148/2277 2265/2137/2265
f 2230/2115/2230 2275/2146/2275 2273/2144/2273
f 2276/2147/2276 2259/2132/2259 2270/2141/2270
f 2229/2114/2229 2273/2144/2273 2261/2134/2261
f 2269/1352/2269 2261/2134/2261 2278/2149/2278
f 2279/2150/2279 2268/2140/2268 2264/2136/2264
f 2240/2122/2240 2280/2151/2280 2256/2131/2256
f 2256/2131/2256 2280/2151/2280 2267/2139/2267
f 2268/2140/2268 2272/2143/2272 2252/2129/2252
f 2242/2124/2242 2281/2152/2281 2240/2122/2240
f 2269/1352/2269 2278/2149/2278 2270/2141/2270
f 2270/2141/2270 2278/2149/2278 2276/2147/2276
f 2264/2136/2264 2276/2147/2276 2282/2153/2282
f 2283/2154/2283 2272/2143/2272 2268/2140/2268
f 2236/2120/2236 2220/2106/2220 2284/2155/2284
f 2261/2134/2261 2273/2144/2273 2278/2149/2278
f 2275/2146/2275 2260/2133/2260 2282/2153/2282
f 2282/2153/2282 2279/2150/2279 2264/2136/2264
f 2279/2150/2279 2283/2154/2283 2268/2140/2268
f 2250/2128/2250 2283/2154/2283 2260/2133/2260
f 2240/2122/2240 2281/2152/2281 2280/2151/2280
f 2273/2144/2273 2282/2153/2282 2278/2149/2278
f 2278/2149/2278 2282/2153/2282 2276/2147/2276
f 2273/2144/2273 2275/2146/2275 2282/2153/2282
f 2282/2153/2282 2260/2133/2260 2279/2150/2279
f 2283/2154/2283 2279/2150/2279 2260/2133/2260
f 2250/2128/2250 2265/2137/2265 2285/2156/2285
f 2227/2112/2227 2286/2157/2286 2232/2117/2232
f 2266/2138/2266 2267/2139/2267 2287/2158/2287
f 2284/2155/2284 2254/1354/2254 2236/2120/2236
f 2288/2159/2288 2253/2130/2253 2255/2017/2255
f 2289/2018/2289 2247/2015/2247 2249/2127/2249
f 2250/2128/2250 2285/2156/2285 2283/2154/2283
f 2283/2154/2283 2290/2160/2290 2272/2143/2272
f 2242/2124/2242 2274/2145/2274 2281/2152/2281
f 2224/2110/2224 2234/2118/2234 2274/2145/2274
f 2243/2125/2243 2291/2161/2291 2207/2096/2207
f 2227/2112/2227 2271/2142/2271 2286/2157/2286
f 2253/2130/2253 2292/2162/2292 2234/2118/2234
f 2272/2143/2272 2293/2163/2293 2262/2135/2262
f 2262/2135/2262 2294/2164/2294 2220/2106/2220
f 2274/2145/2274 2234/2118/2234 2295/2165/2295
f 2263/1643/2263 2296/2166/2296 2249/2127/2249
f 2291/2161/2291 2277/2148/2277 2207/2096/2207
f 2274/2145/2274 2297/2167/2297 2281/2152/2281
f 2228/2113/2228 2266/2138/2266 2271/2142/2271
f 2274/2145/2274 2295/2165/2295 2297/2167/2297
f 2298/2168/2298 2243/2125/2243 2232/2117/2232
f 2290/2160/2290 2299/2169/2299 2272/2143/2272
f 2299/2169/2299 2293/2163/2293 2272/2143/2272
f 2300/2016/2300 2289/2018/2289 2301/2170/2301
f 2265/2137/2265 2302/2171/2302 2285/2156/2285
f 2285/2156/2285 2290/2160/2290 2283/2154/2283
f 2303/2019/2303 2300/2016/2300 2301/2170/2301
f 2298/2168/2298 2232/2117/2232 2286/2157/2286
f 2293/2163/2293 2294/2164/2294 2262/2135/2262
f 2280/2151/2280 2304/2172/2304 2267/2139/2267
f 2285/2156/2285 2299/2169/2299 2290/2160/2290
f 2294/2164/2294 2284/2155/2284 2220/2106/2220
f 2284/2155/2284 2305/2173/2305 2254/1354/2254
f 2296/2166/2296 2263/1643/2263 2306/1638/2306
f 2302/2171/2302 2265/2137/2265 2277/2148/2277
f 2307/2174/2307 2286/2157/2286 2271/2142/2271
f 2255/2017/2255 2303/2019/2303 2288/2159/2288
f 2301/2170/2301 2289/2018/2289 2249/2127/2249
f 2297/2167/2297 2280/2151/2280 2281/2152/2281
f 2295/2165/2295 2234/2118/2234 2292/2162/2292
f 2305/2173/2305 2308/1355/2308 2254/1354/2254
f 2285/2156/2285 2302/2171/2302 2299/2169/2299
f 2299/2169/2299 2309/2175/2309 2293/2163/2293
f 2306/1638/2306 2310/1649/2310 2296/2166/2296
f 2297/2167/2297 2304/2172/2304 2280/2151/2280
f 2311/2176/2311 2288/2159/2288 2303/2019/2303
f 2312/2177/2312 2271/2142/2271 2266/2138/2266
f 2293/2163/2293 2309/2175/2309 2294/2164/2294
f 2305/2173/2305 2284/2155/2284 2313/2178/2313
f 2291/2161/2291 2243/2125/2243 2314/2179/2314
f 2288/2159/2288 2292/2162/2292 2253/2130/2253
f 2267/2139/2267 2304/2172/2304 2287/2158/2287
f 2315/2180/2315 2304/2172/2304 2297/2167/2297
f 2295/2165/2295 2316/2181/2316 2297/2167/2297
f 2301/2170/2301 2249/2127/2249 2317/2182/2317
f 2298/2168/2298 2314/2179/2314 2243/2125/2243
f 2298/2168/2298 2286/2157/2286 2307/2174/2307
f 2249/2127/2249 2296/2166/2296 2317/2182/2317
f 2277/2148/2277 2318/2183/2318 2302/2171/2302
f 2302/2171/2302 2319/2184/2319 2299/2169/2299
f 2287/2158/2287 2312/2177/2312 2266/2138/2266
f 2297/2167/2297 2316/2181/2316 2315/2180/2315
f 2295/2165/2295 2292/2162/2292 2316/2181/2316
f 2294/2164/2294 2313/2178/2313 2284/2155/2284
f 2299/2169/2299 2319/2184/2319 2309/2175/2309
f 2291/2161/2291 2314/2179/2314 2320/2185/2320
f 2291/2161/2291 2321/2186/2321 2277/2148/2277
f 2322/1356/2322 2323/2187/2323 2324/1358/2324
f 2296/2166/2296 2310/1649/2310 2325/2188/2325
f 2321/2186/2321 2318/2183/2318 2277/2148/2277
f 2304/2172/2304 2326/2189/2326 2287/2158/2287
f 2327/2190/2327 2301/2170/2301 2317/2182/2317
f 2328/2191/2328 2329/1357/2329 2324/1358/2324
f 2310/1649/2310 2330/1660/2330 2325/2188/2325
f 2271/2142/2271 2312/2177/2312 2307/2174/2307
f 2331/2192/2331 2313/2178/2313 2294/2164/2294
f 2305/2173/2305 2332/1359/2332 2308/1355/2308
f 2301/2170/2301 2327/2190/2327 2303/2019/2303
f 2291/2161/2291 2320/2185/2320 2321/2186/2321
f 2333/2193/2333 2298/2168/2298 2307/2174/2307
f 2332/1359/2332 2323/2187/2323 2322/1356/2322
f 2302/2171/2302 2318/2183/2318 2319/2184/2319
f 2309/2175/2309 2331/2192/2331 2294/2164/2294
f 2334/2194/2334 2305/2173/2305 2313/2178/2313
f 2327/2190/2327 2311/2176/2311 2303/2019/2303
f 2304/2172/2304 2315/2180/2315 2335/2195/2335
f 2296/2166/2296 2325/2188/2325 2336/2196/2336
f 2333/2193/2333 2314/2179/2314 2298/2168/2298
f 2337/2197/2337 2307/2174/2307 2312/2177/2312
f 2316/2181/2316 2292/2162/2292 2338/2198/2338
f 2288/2159/2288 2339/2199/2339 2292/2162/2292
f 2334/2194/2334 2332/1359/2332 2305/2173/2305
f 2328/2191/2328 2340/1664/2340 2329/1357/2329
f 2339/2199/2339 2288/2159/2288 2311/2176/2311
f 2296/2166/2296 2336/2196/2336 2317/2182/2317
f 2335/2195/2335 2326/2189/2326 2304/2172/2304
f 2330/1660/2330 2341/2200/2341 2325/2188/2325
f 2319/2184/2319 2342/2201/2342 2309/2175/2309
f 2343/1658/2343 2344/2202/2344 2330/1660/2330
f 2333/2193/2333 2345/2203/2345 2314/2179/2314
f 2333/2193/2333 2307/2174/2307 2337/2197/2337
f 2313/2178/2313 2346/2204/2346 2334/2194/2334
f 2314/2179/2314 2345/2203/2345 2320/2185/2320
f 2320/2185/2320 2347/2205/2347 2321/2186/2321
f 2323/2187/2323 2328/2191/2328 2324/1358/2324
f 2315/2180/2315 2316/2181/2316 2338/2198/2338
f 2313/2178/2313 2331/2192/2331 2346/2204/2346
f 2312/2177/2312 2287/2158/2287 2348/2206/2348
f 2311/2176/2311 2327/2190/2327 2349/2207/2349
f 2350/2208/2350 2327/2190/2327 2317/2182/2317
f 2336/2196/2336 2350/2208/2350 2317/2182/2317
f 2335/2195/2335 2315/2180/2315 2338/2198/2338
f 2338/2198/2338 2292/2162/2292 2339/2199/2339
f 2340/1664/2340 2351/1671/2351 2352/1665/2352
f 2318/2183/2318 2353/2209/2353 2319/2184/2319
f 2331/2192/2331 2309/2175/2309 2342/2201/2342
f 2334/2194/2334 2323/2187/2323 2332/1359/2332
f 2311/2176/2311 2349/2207/2349 2339/2199/2339
f 2325/2188/2325 2341/2200/2341 2336/2196/2336
f 2353/2209/2353 2342/2201/2342 2319/2184/2319
f 2330/1660/2330 2344/2202/2344 2341/2200/2341
f 2326/2189/2326 2348/2206/2348 2287/2158/2287
f 2347/2205/2347 2320/2185/2320 2345/2203/2345
f 2348/2206/2348 2354/2210/2354 2312/2177/2312
f 2344/2202/2344 2343/1658/2343 2355/1670/2355
f 2335/2195/2335 2348/2206/2348 2326/2189/2326
f 2356/2211/2356 2337/2197/2337 2312/2177/2312
f 2357/2212/2357 2323/2187/2323 2334/2194/2334
f 2350/2208/2350 2349/2207/2349 2327/2190/2327
f 2358/2213/2358 2340/1664/2340 2328/2191/2328
f 2358/2213/2358 2351/1671/2351 2340/1664/2340
f 2321/2186/2321 2359/2214/2359 2318/2183/2318
f 2360/2215/2360 2331/2192/2331 2342/2201/2342
f 2357/2212/2357 2334/2194/2334 2346/2204/2346
f 2333/2193/2333 2361/2216/2361 2345/2203/2345
f 2318/2183/2318 2359/2214/2359 2362/2217/2362
f 2318/2183/2318 2362/2217/2362 2353/2209/2353
f 2360/2215/2360 2346/2204/2346 2331/2192/2331
f 2346/2204/2346 2360/2215/2360 2357/2212/2357
f 2356/2211/2356 2312/2177/2312 2354/2210/2354
f 2363/1667/2363 2364/1674/2364 2365/2218/2365
f 2335/2195/2335 2366/2219/2366 2348/2206/2348
f 2350/2208/2350 2367/2220/2367 2349/2207/2349
f 2350/2208/2350 2336/2196/2336 2368/2221/2368
f 2359/2214/2359 2321/2186/2321 2347/2205/2347
f 2338/2198/2338 2366/2219/2366 2335/2195/2335
f 2336/2196/2336 2341/2200/2341 2369/2222/2369
f 2333/2193/2333 2337/2197/2337 2370/2223/2370
f 2365/2218/2365 2355/1670/2355 2363/1667/2363
f 2333/2193/2333 2370/2223/2370 2361/2216/2361
f 2362/2217/2362 2371/2224/2371 2353/2209/2353
f 2341/2200/2341 2344/2202/2344 2369/2222/2369
f 2361/2216/2361 2347/2205/2347 2345/2203/2345
f 2338/2198/2338 2372/2225/2372 2366/2219/2366
f 2336/2196/2336 2369/2222/2369 2368/2221/2368
f 2366/2219/2366 2373/2226/2373 2348/2206/2348
f 2339/2199/2339 2349/2207/2349 2374/2227/2374
f 2348/2206/2348 2373/2226/2373 2354/2210/2354
f 2339/2199/2339 2372/2225/2372 2338/2198/2338
f 2347/2205/2347 2361/2216/2361 2359/2214/2359
f 2353/2209/2353 2371/2224/2371 2342/2201/2342
f 2367/2220/2367 2350/2208/2350 2368/2221/2368
f 2375/2228/2375 2344/2202/2344 2355/1670/2355
f 2339/2199/2339 2374/2227/2374 2372/2225/2372
f 2358/2213/2358 2328/2191/2328 2376/2229/2376
f 2369/2222/2369 2344/2202/2344 2375/2228/2375
f 2375/2228/2375 2355/1670/2355 2365/2218/2365
f 2366/2219/2366 2377/2230/2377 2373/2226/2373
f 2323/2187/2323 2357/2212/2357 2376/2229/2376
f 2337/2197/2337 2378/2231/2378 2370/2223/2370
f 2360/2215/2360 2379/2232/2379 2357/2212/2357
f 2349/2207/2349 2367/2220/2367 2374/2227/2374
f 2369/2222/2369 2380/2233/2380 2368/2221/2368
f 2381/2234/2381 2361/2216/2361 2370/2223/2370
f 2382/2235/2382 2360/2215/2360 2342/2201/2342
f 2376/2229/2376 2328/2191/2328 2323/2187/2323
f 2383/2236/2383 2384/1673/2384 2385/1669/2385
f 2378/2231/2378 2337/2197/2337 2356/2211/2356
f 2351/1671/2351 2386/2237/2386 2387/1668/2387
f 2371/2224/2371 2382/2235/2382 2342/2201/2342
f 2372/2225/2372 2377/2230/2377 2366/2219/2366
f 2368/2221/2368 2380/2233/2380 2367/2220/2367
f 2375/2228/2375 2380/2233/2380 2369/2222/2369
f 2388/1675/2388 2387/1668/2387 2386/2237/2386
f 2382/2235/2382 2379/2232/2379 2360/2215/2360
f 2359/2214/2359 2389/2238/2389 2362/2217/2362
f 2357/2212/2357 2379/2232/2379 2376/2229/2376
f 2361/2216/2361 2389/2238/2389 2359/2214/2359
f 2370/2223/2370 2378/2231/2378 2381/2234/2381
f 2371/2224/2371 2390/2239/2390 2382/2235/2382
f 2373/2226/2373 2391/2240/2391 2354/2210/2354
f 2374/2227/2374 2367/2220/2367 2372/2225/2372
f 2392/2241/2392 2364/1674/2364 2393/1676/2393
f 2384/1673/2384 2383/2236/2383 2393/1676/2393
f 2365/2218/2365 2364/1674/2364 2392/2241/2392
f 2394/2242/2394 2395/1672/2395 2388/1675/2388
f 2385/1669/2385 2395/1672/2395 2396/2243/2396
f 2394/2242/2394 2388/1675/2388 2386/2237/2386
f 2381/2234/2381 2397/2244/2397 2361/2216/2361
f 2380/2233/2380 2375/2228/2375 2398/2245/2398
f 2362/2217/2362 2389/2238/2389 2399/2246/2399
f 2371/2224/2371 2362/2217/2362 2399/2246/2399
f 2382/2235/2382 2400/2247/2400 2379/2232/2379
f 2401/2248/2401 2375/2228/2375 2365/2218/2365
f 2383/2236/2383 2385/1669/2385 2396/2243/2396
f 2399/2246/2399 2390/2239/2390 2371/2224/2371
f 2354/2210/2354 2402/2249/2402 2356/2211/2356
f 2390/2239/2390 2400/2247/2400 2382/2235/2382
f 2402/2249/2402 2354/2210/2354 2391/2240/2391
f 2391/2240/2391 2373/2226/2373 2377/2230/2377
f 2372/2225/2372 2367/2220/2367 2377/2230/2377
f 2367/2220/2367 2380/2233/2380 2403/2250/2403
f 2404/2251/2404 2386/2237/2386 2351/1671/2351
f 2392/2241/2392 2401/2248/2401 2365/2218/2365
f 2381/2234/2381 2378/2231/2378 2405/2252/2405
f 2406/2253/2406 2378/2231/2378 2356/2211/2356
f 2398/2245/2398 2375/2228/2375 2401/2248/2401
f 2407/2254/2407 2393/1676/2393 2383/2236/2383
f 2358/2213/2358 2408/2255/2408 2351/1671/2351
f 2394/2242/2394 2396/2243/2396 2395/1672/2395
f 2361/2216/2361 2397/2244/2397 2389/2238/2389
f 2403/2250/2403 2380/2233/2380 2398/2245/2398
f 2404/2251/2404 2351/1671/2351 2408/2255/2408
f 2392/2241/2392 2393/1676/2393 2409/2256/2409
f 2389/2238/2389 2410/2257/2410 2399/2246/2399
f 2409/2256/2409 2393/1676/2393 2407/2254/2407
f 2407/2254/2407 2383/2236/2383 2411/2258/2411
f 2405/2252/2405 2412/2259/2412 2381/2234/2381
f 2377/2230/2377 2413/2260/2413 2391/2240/2391
f 2377/2230/2377 2367/2220/2367 2403/2250/2403
f 2394/2242/2394 2386/2237/2386 2404/2251/2404
f 2396/2243/2396 2411/2258/2411 2383/2236/2383
f 2358/2213/2358 2376/2229/2376 2408/2255/2408
f 2401/2248/2401 2414/2261/2414 2398/2245/2398
f 2397/2244/2397 2410/2257/2410 2389/2238/2389
f 2381/2234/2381 2412/2259/2412 2397/2244/2397
f 2415/2262/2415 2376/2229/2376 2379/2232/2379
f 2356/2211/2356 2402/2249/2402 2406/2253/2406
f 2400/2247/2400 2415/2262/2415 2379/2232/2379
f 2391/2240/2391 2413/2260/2413 2402/2249/2402
f 2377/2230/2377 2403/2250/2403 2413/2260/2413
f 2403/2250/2403 2398/2245/2398 2416/2263/2416
f 2414/2261/2414 2416/2263/2416 2398/2245/2398
f 2392/2241/2392 2417/2264/2417 2401/2248/2401
f 2418/2265/2418 2396/2243/2396 2394/2242/2394
f 2403/2250/2403 2416/2263/2416 2413/2260/2413
f 2407/2254/2407 2419/2266/2419 2409/2256/2409
f 2420/2267/2420 2396/2243/2396 2418/2265/2418
f 2411/2258/2411 2396/2243/2396 2421/2268/2421
f 2412/2259/2412 2405/2252/2405 2422/2269/2422
f 2422/2269/2422 2405/2252/2405 2378/2231/2378
f 2392/2241/2392 2409/2256/2409 2417/2264/2417
f 2396/2243/2396 2420/2267/2420 2421/2268/2421
f 2423/2270/2423 2407/2254/2407 2411/2258/2411
f 2390/2239/2390 2399/2246/2399 2424/2271/2424
f 2400/2247/2400 2390/2239/2390 2424/2271/2424
f 2412/2259/2412 2425/2272/2425 2397/2244/2397
f 2406/2253/2406 2426/2273/2426 2378/2231/2378
f 2414/2261/2414 2401/2248/2401 2417/2264/2417
f 2422/2269/2422 2378/2231/2378 2426/2273/2426
f 2415/2262/2415 2408/2255/2408 2376/2229/2376
f 2394/2242/2394 2404/2251/2404 2427/2274/2427
f 2419/2266/2419 2407/2254/2407 2423/2270/2423
f 2397/2244/2397 2425/2272/2425 2410/2257/2410
f 2416/2263/2416 2414/2261/2414 2428/2275/2428
f 2428/2275/2428 2414/2261/2414 2417/2264/2417
f 2421/2268/2421 2429/2276/2429 2411/2258/2411
f 2423/2270/2423 2411/2258/2411 2429/2276/2429
f 2427/2274/2427 2418/2265/2418 2394/2242/2394
f 2424/2271/2424 2399/2246/2399 2410/2257/2410
f 2424/2271/2424 2415/2262/2415 2400/2247/2400
f 2422/2269/2422 2430/2277/2430 2412/2259/2412
f 2412/2259/2412 2430/2277/2430 2425/2272/2425
f 2413/2260/2413 2431/2278/2431 2402/2249/2402
f 2431/2278/2431 2406/2253/2406 2402/2249/2402
f 2431/2278/2431 2413/2260/2413 2428/2275/2428
f 2426/2273/2426 2406/2253/2406 2432/2279/2432
f 2408/2255/2408 2433/2280/2433 2404/2251/2404
f 2413/2260/2413 2416/2263/2416 2428/2275/2428
f 2419/2266/2419 2417/2264/2417 2409/2256/2409
f 2420/2267/2420 2418/2265/2418 2434/2281/2434
f 2418/2265/2418 2427/2274/2427 2434/2281/2434
f 2425/2272/2425 2435/2282/2435 2410/2257/2410
f 2432/2279/2432 2406/2253/2406 2431/2278/2431
f 2425/2272/2425 2430/2277/2430 2434/2281/2434
f 2432/2279/2432 2429/2276/2429 2426/2273/2426
f 2426/2273/2426 2429/2276/2429 2422/2269/2422
f 2430/2277/2430 2422/2269/2422 2436/2283/2436
f 2433/2280/2433 2408/2255/2408 2415/2262/2415
f 2422/2269/2422 2429/2276/2429 2436/2283/2436
f 2430/2277/2430 2420/2267/2420 2434/2281/2434
f 2430/2277/2430 2436/2283/2436 2420/2267/2420
f 2429/2276/2429 2421/2268/2421 2436/2283/2436
f 2421/2268/2421 2420/2267/2420 2436/2283/2436
f 2429/2276/2429 2419/2266/2419 2423/2270/2423
f 2433/2280/2433 2427/2274/2427 2404/2251/2404
f 2435/2282/2435 2424/2271/2424 2410/2257/2410
f 2415/2262/2415 2424/2271/2424 2433/2280/2433
f 2425/2272/2425 2434/2281/2434 2435/2282/2435
f 2434/2281/2434 2427/2274/2427 2435/2282/2435
f 2432/2279/2432 2419/2266/2419 2429/2276/2429
f 2431/2278/2431 2419/2266/2419 2432/2279/2432
f 2431/2278/2431 2417/2264/2417 2419/2266/2419
f 2428/2275/2428 2417/2264/2417 2431/2278/2431
f 2435/2282/2435 2427/2274/2427 2433/2280/2433
f 2435/2282/2435 2433/2280/2433 2424/2271/2424
f 2437/2284/2437 2438/2285/2438 2439/2286/2439
f 2440/2287/2440 2438/2285/2438 2441/2288/2441
f 2441/2288/2441 2438/2285/2438 2437/2284/2437
f 2440/2287/2440 2441/2288/2441 2442/2289/2442
f 2443/2290/2443 2444/2291/2444 2445/2292/2445
f 2441/2288/2441 2437/2284/2437 2446/2293/2446
f 2447/2294/2447 2445/2292/2445 2444/2291/2444
f 2440/2287/2440 2442/2289/2442 2443/2290/2443
f 2442/2289/2442 2441/2288/2441 2446/2293/2446
f 2444/2291/2444 2448/2295/2448 2447/2294/2447
f 2446/2293/2446 2437/2284/2437 2449/2296/2449
f 2448/2295/2448 2450/2297/2450 2451/2298/2451
f 2444/2291/2444 2443/2290/2443 2452/2299/2452
f 2453/2300/2453 2451/2298/2451 2450/2297/2450
f 2442/2289/2442 2446/2293/2446 2454/2301/2454
f 2452/2299/2452 2443/2290/2443 2442/2289/2442
f 2437/2284/2437 2455/2302/2455 2449/2296/2449
f 2454/2301/2454 2452/2299/2452 2442/2289/2442
f 2456/2303/2456 2444/2291/2444 2452/2299/2452
f 2457/2304/2457 2453/2300/2453 2458/2305/2458
f 2459/2306/2459 2446/2293/2446 2449/2296/2449
f 2460/2307/2460 2450/2297/2450 2448/2295/2448
f 2458/2305/2458 2453/2300/2453 2450/2297/2450
f 2461/2308/2461 2448/2295/2448 2444/2291/2444
f 2462/2309/2462 2446/2293/2446 2459/2306/2459
f 2460/2307/2460 2448/2295/2448 2461/2308/2461
f 2463/2310/2463 2450/2297/2450 2460/2307/2460
f 2454/2301/2454 2456/2303/2456 2452/2299/2452
f 2464/2311/2464 2465/2312/2465 2466/2313/2466
f 2461/2308/2461 2467/2314/2467 2460/2307/2460
f 2458/2305/2458 2450/2297/2450 2463/2310/2463
f 2449/2296/2449 2455/2302/2455 2459/2306/2459
f 2462/2309/2462 2454/2301/2454 2446/2293/2446
f 2461/2308/2461 2444/2291/2444 2468/2315/2468
f 2466/2313/2466 2465/2312/2465 2458/2305/2458
f 2456/2303/2456 2468/2315/2468 2444/2291/2444
f 2463/2310/2463 2460/2307/2460 2467/2314/2467
f 2469/2316/2469 2461/2308/2461 2468/2315/2468
f 2467/2314/2467 2461/2308/2461 2470/2317/2470
f 2458/2305/2458 2471/2318/2471 2466/2313/2466
f 2471/2318/2471 2458/2305/2458 2463/2310/2463
f 2462/2309/2462 2472/2319/2472 2454/2301/2454
f 2469/2316/2469 2468/2315/2468 2473/2320/2473
f 2468/2315/2468 2456/2303/2456 2473/2320/2473
f 2470/2317/2470 2461/2308/2461 2469/2316/2469
f 2464/2311/2464 2466/2313/2466 2474/2321/2474
f 2474/2321/2474 2475/2322/2475 2464/2311/2464
f 2454/2301/2454 2476/2323/2476 2456/2303/2456
f 2477/2324/2477 2459/2306/2459 2455/2302/2455
f 2466/2313/2466 2471/2318/2471 2474/2321/2474
f 2474/2321/2474 2478/2325/2478 2475/2322/2475
f 2456/2303/2456 2476/2323/2476 2473/2320/2473
f 2467/2314/2467 2479/2326/2479 2463/2310/2463
f 2472/2319/2472 2476/2323/2476 2454/2301/2454
f 2470/2317/2470 2479/2326/2479 2467/2314/2467
f 2463/2310/2463 2480/2327/2480 2471/2318/2471
f 2459/2306/2459 2472/2319/2472 2462/2309/2462
f 2469/2316/2469 2473/2320/2473 2481/2328/2481
f 2463/2310/2463 2479/2326/2479 2480/2327/2480
f 2471/2318/2471 2482/2329/2482 2474/2321/2474
f 2471/2318/2471 2480/2327/2480 2482/2329/2482
f 2481/2328/2481 2470/2317/2470 2469/2316/2469
f 2479/2326/2479 2483/2330/2483 2480/2327/2480
f 2481/2328/2481 2473/2320/2473 2476/2323/2476
f 2474/2321/2474 2484/2331/2484 2478/2325/2478
f 2485/2332/2485 2479/2326/2479 2470/2317/2470
f 2459/2306/2459 2486/2333/2486 2472/2319/2472
f 2482/2329/2482 2484/2331/2484 2474/2321/2474
f 2487/2334/2487 2488/2335/2488 2478/2325/2478
f 2486/2333/2486 2459/2306/2459 2477/2324/2477
f 2488/2335/2488 2487/2334/2487 2489/2336/2489
f 2483/2330/2483 2479/2326/2479 2485/2332/2485
f 2484/2331/2484 2487/2334/2487 2478/2325/2478
f 2481/2328/2481 2485/2332/2485 2470/2317/2470
f 2490/2337/2490 2481/2328/2481 2476/2323/2476
f 2491/2338/2491 2476/2323/2476 2472/2319/2472
f 2472/2319/2472 2486/2333/2486 2491/2338/2491
f 2477/2324/2477 2492/2339/2492 2486/2333/2486
f 2490/2337/2490 2493/2340/2493 2481/2328/2481
f 2481/2328/2481 2493/2340/2493 2485/2332/2485
f 2494/2341/2494 2480/2327/2480 2483/2330/2483
f 2492/2339/2492 2495/2342/2495 2486/2333/2486
f 2480/2327/2480 2494/2341/2494 2482/2329/2482
f 2496/2343/2496 2476/2323/2476 2491/2338/2491
f 2496/2343/2496 2490/2337/2490 2476/2323/2476
f 2487/2334/2487 2497/2344/2497 2489/2336/2489
f 2486/2333/2486 2495/2342/2495 2491/2338/2491
f 2483/2330/2483 2498/2345/2498 2494/2341/2494
f 2485/2332/2485 2498/2345/2498 2483/2330/2483
f 2482/2329/2482 2494/2341/2494 2499/2346/2499
f 2484/2331/2484 2500/2347/2500 2487/2334/2487
f 2482/2329/2482 2501/2348/2501 2484/2331/2484
f 2490/2337/2490 2502/2349/2502 2493/2340/2493
f 2499/2346/2499 2494/2341/2494 2498/2345/2498
f 2482/2329/2482 2499/2346/2499 2501/2348/2501
f 2503/2350/2503 2491/2338/2491 2495/2342/2495
f 2503/2350/2503 2504/2351/2504 2491/2338/2491
f 2490/2337/2490 2496/2343/2496 2502/2349/2502
f 2491/2338/2491 2504/2351/2504 2496/2343/2496
f 2505/2352/2505 2496/2343/2496 2504/2351/2504
f 2492/2339/2492 2503/2350/2503 2495/2342/2495
f 2506/2353/2506 2497/2344/2497 2487/2334/2487
f 2500/2347/2500 2506/2353/2506 2487/2334/2487
f 2485/2332/2485 2507/2354/2507 2498/2345/2498
f 2507/2354/2507 2485/2332/2485 2493/2340/2493
f 2496/2343/2496 2505/2352/2505 2502/2349/2502
f 2501/2348/2501 2500/2347/2500 2484/2331/2484
f 2497/2344/2497 2506/2353/2506 2508/2355/2508
f 2499/2346/2499 2498/2345/2498 2509/2356/2509
f 2493/2340/2493 2502/2349/2502 2510/2357/2510
f 2511/2358/2511 2497/2344/2497 2508/2355/2508
f 2493/2340/2493 2512/2359/2512 2507/2354/2507
f 2513/2360/2513 2500/2347/2500 2501/2348/2501
f 2501/2348/2501 2499/2346/2499 2514/2361/2514
f 2514/2361/2514 2499/2346/2499 2509/2356/2509
f 2492/2339/2492 2515/2362/2515 2503/2350/2503
f 2510/2357/2510 2512/2359/2512 2493/2340/2493
f 2511/2358/2511 2516/2363/2516 2517/2364/2517
f 2515/2362/2515 2504/2351/2504 2503/2350/2503
f 2502/2349/2502 2505/2352/2505 2510/2357/2510
f 2518/2365/2518 2508/2355/2508 2506/2353/2506
f 2514/2361/2514 2513/2360/2513 2501/2348/2501
f 2519/2366/2519 2517/2364/2517 2516/2363/2516
f 2500/2347/2500 2518/2365/2518 2506/2353/2506
f 2520/2367/2520 2505/2352/2505 2504/2351/2504
f 2516/2363/2516 2521/2368/2521 2519/2366/2519
f 2515/2362/2515 2492/2339/2492 2522/2369/2522
f 2509/2356/2509 2523/2370/2523 2514/2361/2514
f 2511/2358/2511 2508/2355/2508 2524/2371/2524
f 2498/2345/2498 2525/2372/2525 2509/2356/2509
f 2521/2368/2521 2526/2373/2526 2519/2366/2519
f 2516/2363/2516 2511/2358/2511 2527/2374/2527
f 2508/2355/2508 2518/2365/2518 2524/2371/2524
f 2527/2374/2527 2511/2358/2511 2524/2371/2524
f 2528/2375/2528 2507/2354/2507 2512/2359/2512
f 2498/2345/2498 2507/2354/2507 2525/2372/2525
f 2520/2367/2520 2504/2351/2504 2529/2376/2529
f 2515/2362/2515 2529/2376/2529 2504/2351/2504
f 2528/2375/2528 2512/2359/2512 2530/2377/2530
f 2518/2365/2518 2500/2347/2500 2531/2378/2531
f 2510/2357/2510 2530/2377/2530 2512/2359/2512
f 2524/2371/2524 2518/2365/2518 2532/2379/2532
f 2513/2360/2513 2514/2361/2514 2533/2380/2533
f 2516/2363/2516 2534/2381/2534 2521/2368/2521
f 2535/2382/2535 2515/2362/2515 2522/2369/2522
f 2507/2354/2507 2528/2375/2528 2525/2372/2525
f 2524/2371/2524 2532/2379/2532 2527/2374/2527
f 2525/2372/2525 2536/2383/2536 2509/2356/2509
f 2509/2356/2509 2536/2383/2536 2523/2370/2523
f 2505/2352/2505 2537/2384/2537 2510/2357/2510
f 2515/2362/2515 2535/2382/2535 2529/2376/2529
f 2532/2379/2532 2518/2365/2518 2531/2378/2531
f 2513/2360/2513 2531/2378/2531 2500/2347/2500
f 2523/2370/2523 2533/2380/2533 2514/2361/2514
f 2516/2363/2516 2527/2374/2527 2534/2381/2534
f 2538/2385/2538 2526/2373/2526 2521/2368/2521
f 2529/2376/2529 2539/2386/2539 2520/2367/2520
f 2513/2360/2513 2540/2387/2540 2531/2378/2531
f 2520/2367/2520 2539/2386/2539 2505/2352/2505
f 2540/2387/2540 2513/2360/2513 2533/2380/2533
f 2539/2386/2539 2537/2384/2537 2505/2352/2505
f 2525/2372/2525 2528/2375/2528 2541/2388/2541
f 2523/2370/2523 2542/2389/2542 2533/2380/2533
f 2534/2381/2534 2527/2374/2527 2543/2390/2543
f 2544/2391/2544 2521/2368/2521 2534/2381/2534
f 2543/2390/2543 2527/2374/2527 2532/2379/2532
f 2523/2370/2523 2536/2383/2536 2542/2389/2542
f 2521/2368/2521 2544/2391/2544 2538/2385/2538
f 2530/2377/2530 2510/2357/2510 2545/2392/2545
f 2529/2376/2529 2546/2393/2546 2539/2386/2539
f 2530/2377/2530 2541/2388/2541 2528/2375/2528
f 2510/2357/2510 2547/2394/2547 2545/2392/2545
f 2543/2390/2543 2544/2391/2544 2534/2381/2534
f 2538/2385/2538 2548/2395/2548 2526/2373/2526
f 2546/2393/2546 2529/2376/2529 2535/2382/2535
f 2549/2396/2549 2543/2390/2543 2532/2379/2532
f 2550/2397/2550 2532/2379/2532 2531/2378/2531
f 2535/2382/2535 2551/2398/2551 2546/2393/2546
f 2547/2394/2547 2510/2357/2510 2537/2384/2537
f 2540/2387/2540 2550/2397/2550 2531/2378/2531
f 2552/2399/2552 2548/2395/2548 2538/2385/2538
f 2525/2372/2525 2553/2400/2553 2536/2383/2536
f 2552/2399/2552 2538/2385/2538 2544/2391/2544
f 2539/2386/2539 2554/2401/2554 2537/2384/2537
f 2541/2388/2541 2530/2377/2530 2545/2392/2545
f 2541/2388/2541 2553/2400/2553 2525/2372/2525
f 2533/2380/2533 2542/2389/2542 2540/2387/2540
f 2549/2396/2549 2555/2402/2555 2543/2390/2543
f 2539/2386/2539 2546/2393/2546 2554/2401/2554
f 2547/2394/2547 2537/2384/2537 2554/2401/2554
f 2550/2397/2550 2556/2403/2556 2532/2379/2532
f 2543/2390/2543 2555/2402/2555 2544/2391/2544
f 2553/2400/2553 2542/2389/2542 2536/2383/2536
f 2549/2396/2549 2532/2379/2532 2556/2403/2556
f 2557/2404/2557 2552/2399/2552 2544/2391/2544
f 2541/2388/2541 2558/2405/2558 2553/2400/2553
f 2540/2387/2540 2559/2406/2559 2550/2397/2550
f 2551/2398/2551 2560/2407/2560 2546/2393/2546
f 2540/2387/2540 2542/2389/2542 2561/2408/2561
f 2545/2392/2545 2547/2394/2547 2562/2409/2562
f 2553/2400/2553 2563/2410/2563 2542/2389/2542
f 2561/2408/2561 2559/2406/2559 2540/2387/2540
f 2552/2399/2552 2564/2411/2564 2548/2395/2548
f 2565/2412/2565 2541/2388/2541 2545/2392/2545
f 2557/2404/2557 2544/2391/2544 2555/2402/2555
f 2556/2403/2556 2550/2397/2550 2559/2406/2559
f 2558/2405/2558 2563/2410/2563 2553/2400/2553
f 2554/2401/2554 2546/2393/2546 2566/2413/2566
f 2546/2393/2546 2560/2407/2560 2566/2413/2566
f 2565/2412/2565 2567/2414/2567 2541/2388/2541
f 2542/2389/2542 2563/2410/2563 2568/2415/2568
f 2569/2416/2569 2549/2396/2549 2556/2403/2556
f 2564/2411/2564 2552/2399/2552 2557/2404/2557
f 2545/2392/2545 2562/2409/2562 2565/2412/2565
f 2549/2396/2549 2569/2416/2569 2555/2402/2555
f 2558/2405/2558 2541/2388/2541 2567/2414/2567
f 2547/2394/2547 2554/2401/2554 2570/2417/2570
f 2568/2415/2568 2561/2408/2561 2542/2389/2542
f 2564/2411/2564 2571/2418/2571 2548/2395/2548
f 2572/2419/2572 2556/2403/2556 2559/2406/2559
f 2573/2420/2573 2563/2410/2563 2558/2405/2558
f 2557/2404/2557 2555/2402/2555 2574/2421/2574
f 2570/2417/2570 2554/2401/2554 2575/2422/2575
f 2547/2394/2547 2570/2417/2570 2562/2409/2562
f 2556/2403/2556 2572/2419/2572 2569/2416/2569
f 2569/2416/2569 2574/2421/2574 2555/2402/2555
f 2567/2414/2567 2573/2420/2573 2558/2405/2558
f 2563/2410/2563 2576/2423/2576 2568/2415/2568
f 2566/2413/2566 2575/2422/2575 2554/2401/2554
f 2562/2409/2562 2577/2424/2577 2565/2412/2565
f 2574/2421/2574 2569/2416/2569 2578/2425/2578
f 2560/2407/2560 2579/2426/2579 2566/2413/2566
f 2577/2424/2577 2567/2414/2567 2565/2412/2565
f 2570/2417/2570 2577/2424/2577 2562/2409/2562
f 2559/2406/2559 2561/2408/2561 2580/2427/2580
f 2571/2418/2571 2564/2411/2564 2581/2428/2581
f 2578/2425/2578 2569/2416/2569 2572/2419/2572
f 2557/2404/2557 2582/2429/2582 2564/2411/2564
f 2568/2415/2568 2583/2430/2583 2561/2408/2561
f 2572/2419/2572 2559/2406/2559 2580/2427/2580
f 2566/2413/2566 2579/2426/2579 2575/2422/2575
f 2567/2414/2567 2584/2431/2584 2573/2420/2573
f 2581/2428/2581 2564/2411/2564 2582/2429/2582
f 2580/2427/2580 2561/2408/2561 2583/2430/2583
f 2585/2432/2585 2557/2404/2557 2574/2421/2574
f 2582/2429/2582 2557/2404/2557 2585/2432/2585
f 2579/2426/2579 2560/2407/2560 2586/2433/2586
f 2577/2424/2577 2584/2431/2584 2567/2414/2567
f 2573/2420/2573 2584/2431/2584 2563/2410/2563
f 2576/2423/2576 2583/2430/2583 2568/2415/2568
f 2574/2421/2574 2587/2434/2587 2585/2432/2585
f 2563/2410/2563 2584/2431/2584 2576/2423/2576
f 2570/2417/2570 2588/2435/2588 2577/2424/2577
f 2578/2425/2578 2587/2434/2587 2574/2421/2574
f 2579/2426/2579 2589/2436/2589 2575/2422/2575
f 2586/2433/2586 2589/2436/2589 2579/2426/2579
f 2575/2422/2575 2590/2437/2590 2570/2417/2570
f 2584/2431/2584 2577/2424/2577 2591/2438/2591
f 2588/2435/2588 2591/2438/2591 2577/2424/2577
f 2580/2427/2580 2592/2439/2592 2572/2419/2572
f 2580/2427/2580 2583/2430/2583 2593/2440/2593
f 2570/2417/2570 2590/2437/2590 2588/2435/2588
f 2578/2425/2578 2572/2419/2572 2592/2439/2592
f 2590/2437/2590 2575/2422/2575 2589/2436/2589
f 2587/2434/2587 2594/2441/2594 2585/2432/2585
f 2586/2433/2586 2595/2442/2595 2589/2436/2589
f 2594/2441/2594 2587/2434/2587 2578/2425/2578
f 2596/2443/2596 2576/2423/2576 2584/2431/2584
f 2585/2432/2585 2597/2444/2597 2582/2429/2582
f 2598/2445/2598 2584/2431/2584 2591/2438/2591
f 2583/2430/2583 2576/2423/2576 2599/2446/2599
f 2582/2429/2582 2597/2444/2597 2581/2428/2581
f 2591/2438/2591 2588/2435/2588 2600/2447/2600
f 2601/2448/2601 2585/2432/2585 2594/2441/2594
f 2598/2445/2598 2596/2443/2596 2584/2431/2584
f 2597/2444/2597 2585/2432/2585 2601/2448/2601
f 2599/2446/2599 2593/2440/2593 2583/2430/2583
f 2581/2428/2581 2597/2444/2597 2602/2449/2602
f 2590/2437/2590 2589/2436/2589 2603/2450/2603
f 2604/2451/2604 2578/2425/2578 2592/2439/2592
f 2580/2427/2580 2593/2440/2593 2592/2439/2592
f 2605/2452/2605 2589/2436/2589 2606/2453/2606
f 2599/2446/2599 2576/2423/2576 2596/2443/2596
f 2595/2442/2595 2606/2453/2606 2589/2436/2589
f 2588/2435/2588 2590/2437/2590 2603/2450/2603
f 2607/2454/2607 2601/2448/2601 2594/2441/2594
f 2595/2442/2595 2608/2455/2608 2606/2453/2606
f 2605/2452/2605 2603/2450/2603 2589/2436/2589
f 2604/2451/2604 2594/2441/2594 2578/2425/2578
f 2597/2444/2597 2601/2448/2601 2607/2454/2607
f 2581/2428/2581 2602/2449/2602 2609/2456/2609
f 2596/2443/2596 2598/2445/2598 2610/2457/2610
f 2611/2458/2611 2604/2451/2604 2592/2439/2592
f 2594/2441/2594 2604/2451/2604 2607/2454/2607
f 2591/2438/2591 2610/2457/2610 2598/2445/2598
f 2599/2446/2599 2612/2459/2612 2593/2440/2593
f 2593/2440/2593 2611/2458/2611 2592/2439/2592
f 2613/2460/2613 2599/2446/2599 2596/2443/2596
f 2588/2435/2588 2614/2461/2614 2600/2447/2600
f 2602/2449/2602 2597/2444/2597 2615/2462/2615
f 2588/2435/2588 2603/2450/2603 2614/2461/2614
f 2597/2444/2597 2607/2454/2607 2615/2462/2615
f 2616/2463/2616 2611/2458/2611 2593/2440/2593
f 2616/2463/2616 2593/2440/2593 2612/2459/2612
f 2610/2457/2610 2591/2438/2591 2617/2464/2617
f 2596/2443/2596 2610/2457/2610 2618/2465/2618
f 2606/2453/2606 2619/2466/2619 2605/2452/2605
f 2596/2443/2596 2618/2465/2618 2613/2460/2613
f 2620/2467/2620 2611/2458/2611 2616/2463/2616
f 2605/2452/2605 2621/2468/2621 2603/2450/2603
f 2613/2460/2613 2622/2469/2622 2599/2446/2599
f 2604/2451/2604 2611/2458/2611 2623/2470/2623
f 2614/2461/2614 2617/2464/2617 2600/2447/2600
f 2616/2463/2616 2612/2459/2612 2624/2471/2624
f 2610/2457/2610 2617/2464/2617 2625/2472/2625
f 2607/2454/2607 2604/2451/2604 2623/2470/2623
f 2621/2468/2621 2605/2452/2605 2619/2466/2619
f 2612/2459/2612 2626/2473/2626 2624/2471/2624
f 2623/2470/2623 2627/2474/2627 2607/2454/2607
f 2603/2450/2603 2621/2468/2621 2614/2461/2614
f 2599/2446/2599 2626/2473/2626 2612/2459/2612
f 2623/2470/2623 2611/2458/2611 2620/2467/2620
f 2608/2455/2608 2628/2475/2628 2606/2453/2606
f 2599/2446/2599 2622/2469/2622 2626/2473/2626
f 2616/2463/2616 2624/2471/2624 2620/2467/2620
f 2614/2461/2614 2629/2476/2629 2617/2464/2617
f 2610/2457/2610 2630/2477/2630 2618/2465/2618
f 2630/2477/2630 2610/2457/2610 2625/2472/2625
f 2613/2460/2613 2618/2465/2618 2631/2478/2631
f 2619/2466/2619 2606/2453/2606 2628/2475/2628
f 2625/2472/2625 2632/2479/2632 2630/2477/2630
f 2633/2480/2633 2622/2469/2622 2613/2460/2613
f 2623/2470/2623 2620/2467/2620 2634/2481/2634
f 2621/2468/2621 2629/2476/2629 2614/2461/2614
f 2625/2472/2625 2617/2464/2617 2635/2482/2635
f 2624/2471/2624 2636/2483/2636 2620/2467/2620
f 2631/2478/2631 2618/2465/2618 2630/2477/2630
f 2633/2480/2633 2613/2460/2613 2631/2478/2631
f 2634/2481/2634 2620/2467/2620 2636/2483/2636
f 2635/2482/2635 2632/2479/2632 2625/2472/2625
f 2622/2469/2622 2633/2480/2633 2626/2473/2626
f 2637/2484/2637 2624/2471/2624 2626/2473/2626
f 2628/2475/2628 2638/2485/2638 2619/2466/2619
f 2629/2476/2629 2635/2482/2635 2617/2464/2617
f 2637/2484/2637 2636/2483/2636 2624/2471/2624
f 2639/2486/2639 2631/2478/2631 2630/2477/2630
f 2626/2473/2626 2633/2480/2633 2640/2487/2640
f 2640/2487/2640 2637/2484/2637 2626/2473/2626
f 2641/2488/2641 2638/2485/2638 2628/2475/2628
f 2642/2489/2642 2619/2466/2619 2638/2485/2638
f 2643/2490/2643 2635/2482/2635 2629/2476/2629
f 2644/2491/2644 2629/2476/2629 2621/2468/2621
f 2621/2468/2621 2619/2466/2619 2642/2489/2642
f 2629/2476/2629 2645/2492/2645 2646/2493/2646
f 2647/2494/2647 2635/2482/2635 2643/2490/2643
f 2635/2482/2635 2647/2494/2647 2632/2479/2632
f 2639/2486/2639 2630/2477/2630 2632/2479/2632
f 2645/2492/2645 2629/2476/2629 2644/2491/2644
f 2646/2493/2646 2643/2490/2643 2629/2476/2629
f 2631/2478/2631 2639/2486/2639 2648/2495/2648
f 2633/2480/2633 2631/2478/2631 2648/2495/2648
f 2642/2489/2642 2649/2496/2649 2621/2468/2621
f 2643/2490/2643 2650/2497/2650 2647/2494/2647
f 2632/2479/2632 2647/2494/2647 2639/2486/2639
f 2644/2491/2644 2621/2468/2621 2649/2496/2649
f 2651/2498/2651 2646/2493/2646 2645/2492/2645
f 2645/2492/2645 2644/2491/2644 2649/2496/2649
f 2638/2485/2638 2652/2499/2652 2642/2489/2642
f 2638/2485/2638 2641/2488/2641 2652/2499/2652
f 2646/2493/2646 2651/2498/2651 2643/2490/2643
f 2650/2497/2650 2643/2490/2643 2651/2498/2651
f 2642/2489/2642 2652/2499/2652 2653/2500/2653
f 2649/2496/2649 2642/2489/2642 2653/2500/2653
f 2653/2500/2653 2645/2492/2645 2649/2496/2649
f 2651/2498/2651 2645/2492/2645 2654/2501/2654
f 2655/2502/2655 2652/2499/2652 2641/2488/2641
f 2654/2501/2654 2645/2492/2645 2656/2503/2656
f 2645/2492/2645 2653/2500/2653 2656/2503/2656
f 2652/2499/2652 2655/2502/2655 2657/2504/2657
f 2652/2499/2652 2657/2504/2657 2653/2500/2653
f 2656/2503/2656 2653/2500/2653 2657/2504/2657
f 2655/2502/2655 2658/2505/2658 2657/2504/2657
f 2591/2438/2591 2600/2447/2600 2617/2464/2617
f 2659/2506/2659 2660/2507/2660 2661/2508/2661
f 2662/2509/2662 2661/2508/2661 2660/2507/2660
f 2663/2510/2663 2659/2506/2659 2664/2511/2664
f 2664/2511/2664 2659/2506/2659 2665/2512/2665
f 2666/2513/2666 2667/2514/2667 2668/2515/2668
f 2665/2512/2665 2659/2506/2659 2661/2508/2661
f 2669/2516/2669 2662/2509/2662 2667/2514/2667
f 2669/2516/2669 2667/2514/2667 2666/2513/2666
f 2666/2513/2666 2668/2515/2668 2670/2517/2670
f 2669/2516/2669 2661/2508/2661 2662/2509/2662
f 2664/2511/2664 2665/2512/2665 2671/2518/2671
f 2661/2508/2661 2669/2516/2669 2672/2519/2672
f 2673/2520/2673 2666/2513/2666 2670/2517/2670
f 2670/2517/2670 2674/2521/2674 2675/2522/2675
f 2676/2523/2676 2674/2521/2674 2677/2524/2677
f 2675/2522/2675 2674/2521/2674 2676/2523/2676
f 2669/2516/2669 2666/2513/2666 2678/2525/2678
f 2679/2526/2679 2661/2508/2661 2672/2519/2672
f 2661/2508/2661 2679/2526/2679 2665/2512/2665
f 2678/2525/2678 2666/2513/2666 2673/2520/2673
f 2669/2516/2669 2678/2525/2678 2672/2519/2672
f 2670/2517/2670 2675/2522/2675 2673/2520/2673
f 2675/2522/2675 2676/2523/2676 2680/2527/2680
f 2681/2528/2681 2671/2518/2671 2665/2512/2665
f 2665/2512/2665 2679/2526/2679 2682/2529/2682
f 2665/2512/2665 2682/2529/2682 2681/2528/2681
f 2683/2530/2683 2678/2525/2678 2673/2520/2673
f 2683/2530/2683 2673/2520/2673 2675/2522/2675
f 2672/2519/2672 2678/2525/2678 2684/2531/2684
f 2683/2530/2683 2685/2532/2685 2678/2525/2678
f 2683/2530/2683 2675/2522/2675 2680/2527/2680
f 2685/2532/2685 2684/2531/2684 2678/2525/2678
f 2686/2533/2686 2676/2523/2676 2687/2534/2687
f 2686/2533/2686 2680/2527/2680 2676/2523/2676
f 2688/2535/2688 2687/2534/2687 2689/2536/2689
f 2684/2531/2684 2679/2526/2679 2672/2519/2672
f 2680/2527/2680 2690/2537/2690 2683/2530/2683
f 2684/2531/2684 2685/2532/2685 2691/2538/2691
f 2685/2532/2685 2683/2530/2683 2690/2537/2690
f 2688/2535/2688 2689/2536/2689 2692/2539/2692
f 2687/2534/2687 2688/2535/2688 2686/2533/2686
f 2686/2533/2686 2688/2535/2688 2693/2540/2693
f 2682/2529/2682 2679/2526/2679 2694/2541/2694
f 2695/2542/2695 2680/2527/2680 2686/2533/2686
f 2685/2532/2685 2690/2537/2690 2696/2543/2696
f 2679/2526/2679 2684/2531/2684 2697/2544/2697
f 2697/2544/2697 2694/2541/2694 2679/2526/2679
f 2691/2538/2691 2685/2532/2685 2696/2543/2696
f 2698/2545/2698 2686/2533/2686 2693/2540/2693
f 2699/2546/2699 2692/2539/2692 2700/2547/2700
f 2695/2542/2695 2686/2533/2686 2698/2545/2698
f 2684/2531/2684 2691/2538/2691 2697/2544/2697
f 2680/2527/2680 2695/2542/2695 2690/2537/2690
f 2681/2528/2681 2682/2529/2682 2701/2548/2701
f 2692/2539/2692 2699/2546/2699 2702/2549/2702
f 2700/2547/2700 2703/2550/2703 2704/2551/2704
f 2703/2550/2703 2705/2552/2705 2706/2553/2706
f 2701/2548/2701 2682/2529/2682 2694/2541/2694
f 2688/2535/2688 2707/2554/2707 2693/2540/2693
f 2702/2549/2702 2688/2535/2688 2692/2539/2692
f 2699/2546/2699 2700/2547/2700 2704/2551/2704
f 2696/2543/2696 2690/2537/2690 2708/2555/2708
f 2698/2545/2698 2709/2556/2709 2695/2542/2695
f 2703/2550/2703 2706/2553/2706 2704/2551/2704
f 2709/2556/2709 2690/2537/2690 2695/2542/2695
f 2707/2554/2707 2688/2535/2688 2702/2549/2702
f 2697/2544/2697 2710/2557/2710 2694/2541/2694
f 2697/2544/2697 2691/2538/2691 2711/2558/2711
f 2702/2549/2702 2699/2546/2699 2704/2551/2704
f 2707/2554/2707 2698/2545/2698 2693/2540/2693
f 2701/2548/2701 2694/2541/2694 2712/2559/2712
f 2711/2558/2711 2691/2538/2691 2696/2543/2696
f 2713/2560/2713 2702/2549/2702 2704/2551/2704
f 2707/2554/2707 2702/2549/2702 2713/2560/2713
f 2706/2553/2706 2705/2552/2705 2714/2561/2714
f 2715/2562/2715 2690/2537/2690 2709/2556/2709
f 2716/2563/2716 2711/2558/2711 2696/2543/2696
f 2710/2557/2710 2697/2544/2697 2717/2564/2717
f 2697/2544/2697 2711/2558/2711 2717/2564/2717
f 2716/2563/2716 2696/2543/2696 2708/2555/2708
f 2707/2554/2707 2713/2560/2713 2718/2565/2718
f 2715/2562/2715 2708/2555/2708 2690/2537/2690
f 2707/2554/2707 2718/2565/2718 2698/2545/2698
f 2719/2566/2719 2720/2567/2720 2714/2561/2714
f 2710/2557/2710 2712/2559/2712 2694/2541/2694
f 2706/2553/2706 2714/2561/2714 2720/2567/2720
f 2721/2568/2721 2713/2560/2713 2704/2551/2704
f 2704/2551/2704 2706/2553/2706 2722/2569/2722
f 2704/2551/2704 2722/2569/2722 2721/2568/2721
f 2698/2545/2698 2718/2565/2718 2709/2556/2709
f 2711/2558/2711 2723/2570/2723 2717/2564/2717
f 2711/2558/2711 2716/2563/2716 2723/2570/2723
f 2710/2557/2710 2724/2571/2724 2712/2559/2712
f 2725/2572/2725 2719/2566/2719 2726/2573/2726
f 2725/2572/2725 2720/2567/2720 2719/2566/2719
f 2708/2555/2708 2727/2574/2727 2716/2563/2716
f 2715/2562/2715 2709/2556/2709 2728/2575/2728
f 2709/2556/2709 2718/2565/2718 2728/2575/2728
f 2729/2576/2729 2713/2560/2713 2721/2568/2721
f 2706/2553/2706 2720/2567/2720 2722/2569/2722
f 2710/2557/2710 2717/2564/2717 2724/2571/2724
f 2708/2555/2708 2715/2562/2715 2727/2574/2727
f 2729/2576/2729 2718/2565/2718 2713/2560/2713
f 2725/2572/2725 2726/2573/2726 2730/2577/2730
f 2726/2573/2726 2731/2578/2731 2732/2579/2732
f 2725/2572/2725 2733/2580/2733 2720/2567/2720
f 2731/2578/2731 2734/2581/2734 2732/2579/2732
f 2729/2576/2729 2735/2582/2735 2718/2565/2718
f 2736/2583/2736 2717/2564/2717 2723/2570/2723
f 2721/2568/2721 2722/2569/2722 2737/2584/2737
f 2720/2567/2720 2738/2585/2738 2722/2569/2722
f 2737/2584/2737 2739/2586/2739 2721/2568/2721
f 2735/2582/2735 2728/2575/2728 2718/2565/2718
f 2736/2583/2736 2723/2570/2723 2716/2563/2716
f 2724/2571/2724 2717/2564/2717 2740/2587/2740
f 2729/2576/2729 2721/2568/2721 2739/2586/2739
f 2736/2583/2736 2716/2563/2716 2727/2574/2727
f 2715/2562/2715 2741/2588/2741 2727/2574/2727
f 2740/2587/2740 2717/2564/2717 2736/2583/2736
f 2737/2584/2737 2722/2569/2722 2738/2585/2738
f 2738/2585/2738 2720/2567/2720 2733/2580/2733
f 2730/2577/2730 2726/2573/2726 2732/2579/2732
f 2742/2589/2742 2724/2571/2724 2743/2590/2743
f 2743/2590/2743 2724/2571/2724 2740/2587/2740
f 2744/2591/2744 2736/2583/2736 2727/2574/2727
f 2725/2572/2725 2730/2577/2730 2733/2580/2733
f 2745/2592/2745 2733/2580/2733 2730/2577/2730
f 2741/2588/2741 2715/2562/2715 2728/2575/2728
f 2743/2590/2743 2746/2593/2746 2742/2589/2742
f 2741/2588/2741 2744/2591/2744 2727/2574/2727
f 2747/2594/2747 2739/2586/2739 2737/2584/2737
f 2748/2595/2748 2735/2582/2735 2729/2576/2729
f 2733/2580/2733 2745/2592/2745 2749/2596/2749
f 2738/2585/2738 2733/2580/2733 2749/2596/2749
f 2745/2592/2745 2730/2577/2730 2750/2597/2750
f 2728/2575/2728 2735/2582/2735 2751/2598/2751
f 2752/2599/2752 2732/2579/2732 2734/2581/2734
f 2732/2579/2732 2750/2597/2750 2730/2577/2730
f 2751/2598/2751 2741/2588/2741 2728/2575/2728
f 2744/2591/2744 2753/2600/2753 2736/2583/2736
f 2754/2601/2754 2744/2591/2744 2741/2588/2741
f 2747/2594/2747 2755/2602/2755 2739/2586/2739
f 2740/2587/2740 2736/2583/2736 2753/2600/2753
f 2739/2586/2739 2755/2602/2755 2729/2576/2729
f 2756/2603/2756 2737/2584/2737 2738/2585/2738
f 2751/2598/2751 2735/2582/2735 2757/2604/2757
f 2732/2579/2732 2752/2599/2752 2750/2597/2750
f 2758/2605/2758 2743/2590/2743 2740/2587/2740
f 2740/2587/2740 2753/2600/2753 2759/2606/2759
f 2755/2602/2755 2748/2595/2748 2729/2576/2729
f 2747/2594/2747 2737/2584/2737 2756/2603/2756
f 2753/2600/2753 2744/2591/2744 2760/2607/2760
f 2761/2608/2761 2738/2585/2738 2749/2596/2749
f 2741/2588/2741 2762/2609/2762 2754/2601/2754
f 2757/2604/2757 2735/2582/2735 2748/2595/2748
f 2745/2592/2745 2750/2597/2750 2763/2610/2763
f 2750/2597/2750 2752/2599/2752 2764/2611/2764
f 2741/2588/2741 2751/2598/2751 2762/2609/2762
f 2740/2587/2740 2759/2606/2759 2758/2605/2758
f 2761/2608/2761 2756/2603/2756 2738/2585/2738
f 2746/2593/2746 2743/2590/2743 2765/2612/2765
f 2749/2596/2749 2745/2592/2745 2763/2610/2763
f 2754/2601/2754 2760/2607/2760 2744/2591/2744
f 2752/2599/2752 2766/2395/2766 2764/2611/2764
f 2743/2590/2743 2758/2605/2758 2765/2612/2765
f 2759/2606/2759 2753/2600/2753 2760/2607/2760
f 2763/2610/2763 2750/2597/2750 2764/2611/2764
f 2757/2604/2757 2767/2613/2767 2751/2598/2751
f 2767/2613/2767 2757/2604/2757 2748/2595/2748
f 2762/2609/2762 2751/2598/2751 2768/2614/2768
f 2761/2608/2761 2749/2596/2749 2763/2610/2763
f 2758/2605/2758 2759/2606/2759 2769/2615/2769
f 2760/2607/2760 2754/2601/2754 2770/2616/2770
f 2754/2601/2754 2762/2609/2762 2770/2616/2770
f 2767/2613/2767 2748/2595/2748 2755/2602/2755
f 2771/2617/2771 2747/2594/2747 2772/2618/2772
f 2755/2602/2755 2747/2594/2747 2771/2617/2771
f 2765/2612/2765 2758/2605/2758 2773/2619/2773
f 2759/2606/2759 2760/2607/2760 2774/2620/2774
f 2762/2609/2762 2768/2614/2768 2770/2616/2770
f 2747/2594/2747 2756/2603/2756 2772/2618/2772
f 2773/2619/2773 2775/2621/2775 2765/2612/2765
f 2756/2603/2756 2761/2608/2761 2776/2622/2776
f 2767/2613/2767 2755/2602/2755 2777/2623/2777
f 2769/2615/2769 2773/2619/2773 2758/2605/2758
f 2774/2620/2774 2769/2615/2769 2759/2606/2759
f 2763/2610/2763 2778/2624/2778 2761/2608/2761
f 2773/2619/2773 2769/2615/2769 2779/2625/2779
f 2768/2614/2768 2751/2598/2751 2780/2626/2780
f 2780/2626/2780 2751/2598/2751 2767/2613/2767
f 2755/2602/2755 2771/2617/2771 2777/2623/2777
f 2778/2624/2778 2776/2622/2776 2761/2608/2761
f 2779/2625/2779 2775/2621/2775 2773/2619/2773
f 2764/2611/2764 2766/2395/2766 2781/2418/2781
f 2782/2627/2782 2774/2620/2774 2760/2607/2760
f 2764/2611/2764 2783/2628/2783 2763/2610/2763
f 2763/2610/2763 2783/2628/2783 2778/2624/2778
f 2772/2618/2772 2756/2603/2756 2776/2622/2776
f 2783/2628/2783 2764/2611/2764 2781/2418/2781
f 2784/2629/2784 2769/2615/2769 2774/2620/2774
f 2760/2607/2760 2770/2616/2770 2782/2627/2782
f 2779/2625/2779 2769/2615/2769 2784/2629/2784
f 2767/2613/2767 2777/2623/2777 2780/2626/2780
f 2784/2629/2784 2774/2620/2774 2785/2630/2785
f 2770/2616/2770 2768/2614/2768 2786/2631/2786
f 2782/2627/2782 2770/2616/2770 2786/2631/2786
f 2780/2626/2780 2786/2631/2786 2768/2614/2768
f 2787/2632/2787 2777/2623/2777 2771/2617/2771
f 2788/2633/2788 2776/2622/2776 2778/2624/2778
f 2771/2617/2771 2772/2618/2772 2789/2634/2789
f 2772/2618/2772 2776/2622/2776 2788/2633/2788
f 2790/2635/2790 2775/2621/2775 2779/2625/2779
f 2785/2630/2785 2774/2620/2774 2782/2627/2782
f 2778/2624/2778 2783/2628/2783 2788/2633/2788
f 2791/2636/2791 2780/2626/2780 2777/2623/2777
f 2783/2628/2783 2781/2418/2781 2792/2637/2792
f 2780/2626/2780 2791/2636/2791 2786/2631/2786
f 2788/2633/2788 2783/2628/2783 2792/2637/2792
f 2779/2625/2779 2784/2629/2784 2793/2638/2793
f 2787/2632/2787 2771/2617/2771 2789/2634/2789
f 2781/2418/2781 2794/2639/2794 2792/2637/2792
f 2795/2428/2795 2794/2639/2794 2781/2418/2781
f 2784/2629/2784 2785/2630/2785 2796/2640/2796
f 2779/2625/2779 2793/2638/2793 2790/2635/2790
f 2785/2630/2785 2782/2627/2782 2797/2641/2797
f 2798/2642/2798 2777/2623/2777 2787/2632/2787
f 2782/2627/2782 2786/2631/2786 2799/2643/2799
f 2786/2631/2786 2791/2636/2791 2800/2644/2800
f 2798/2642/2798 2791/2636/2791 2777/2623/2777
f 2790/2635/2790 2793/2638/2793 2801/2645/2801
f 2802/2646/2802 2789/2634/2789 2772/2618/2772
f 2772/2618/2772 2788/2633/2788 2803/2647/2803
f 2797/2641/2797 2796/2640/2796 2785/2630/2785
f 2797/2641/2797 2782/2627/2782 2799/2643/2799
f 2793/2638/2793 2784/2629/2784 2796/2640/2796
f 2801/2645/2801 2793/2638/2793 2804/2648/2804
f 2802/2646/2802 2772/2618/2772 2803/2647/2803
f 2805/2649/2805 2792/2637/2792 2794/2639/2794
f 2806/2650/2806 2803/2647/2803 2788/2633/2788
f 2804/2648/2804 2793/2638/2793 2796/2640/2796
f 2807/2651/2807 2787/2632/2787 2789/2634/2789
f 2806/2650/2806 2788/2633/2788 2792/2637/2792
f 2798/2642/2798 2808/2652/2808 2791/2636/2791
f 2792/2637/2792 2805/2649/2805 2806/2650/2806
f 2786/2631/2786 2800/2644/2800 2799/2643/2799
f 2809/2653/2809 2797/2641/2797 2799/2643/2799
f 2801/2645/2801 2804/2648/2804 2810/2654/2810
f 2811/2655/2811 2794/2639/2794 2795/2428/2795
f 2807/2651/2807 2789/2634/2789 2802/2646/2802
f 2805/2649/2805 2794/2639/2794 2811/2655/2811
f 2812/2656/2812 2796/2640/2796 2797/2641/2797
f 2808/2652/2808 2800/2644/2800 2791/2636/2791
f 2812/2656/2812 2804/2648/2804 2796/2640/2796
f 2808/2652/2808 2798/2642/2798 2813/2657/2813
f 2813/2657/2813 2798/2642/2798 2787/2632/2787
f 2806/2650/2806 2814/2658/2814 2803/2647/2803
f 2811/2655/2811 2795/2428/2795 2815/2456/2815
f 2814/2658/2814 2802/2646/2802 2803/2647/2803
f 2799/2643/2799 2800/2644/2800 2816/2659/2816
f 2816/2659/2816 2800/2644/2800 2808/2652/2808
f 2809/2653/2809 2799/2643/2799 2816/2659/2816
f 2817/2660/2817 2813/2657/2813 2787/2632/2787
f 2817/2660/2817 2787/2632/2787 2807/2651/2807
f 2814/2658/2814 2806/2650/2806 2805/2649/2805
f 2816/2659/2816 2808/2652/2808 2818/2661/2818
f 2819/2662/2819 2805/2649/2805 2811/2655/2811
f 2820/2663/2820 2810/2654/2810 2804/2648/2804
f 2814/2658/2814 2805/2649/2805 2821/2664/2821
f 2797/2641/2797 2809/2653/2809 2822/2665/2822
f 2804/2648/2804 2812/2656/2812 2823/2666/2823
f 2807/2651/2807 2802/2646/2802 2824/2667/2824
f 2812/2656/2812 2797/2641/2797 2822/2665/2822
f 2825/2668/2825 2817/2660/2817 2807/2651/2807
f 2821/2664/2821 2805/2649/2805 2819/2662/2819
f 2813/2657/2813 2817/2660/2817 2826/2669/2826
f 2813/2657/2813 2818/2661/2818 2808/2652/2808
f 2827/2670/2827 2802/2646/2802 2814/2658/2814
f 2809/2653/2809 2816/2659/2816 2828/2671/2828
f 2826/2669/2826 2817/2660/2817 2829/2672/2829
f 2825/2668/2825 2807/2651/2807 2824/2667/2824
f 2830/2673/2830 2810/2654/2810 2820/2663/2820
f 2826/2669/2826 2818/2661/2818 2813/2657/2813
f 2827/2670/2827 2824/2667/2824 2802/2646/2802
f 2820/2663/2820 2804/2648/2804 2823/2666/2823
f 2817/2660/2817 2825/2668/2825 2829/2672/2829
f 2814/2658/2814 2831/2674/2831 2827/2670/2827
f 2822/2665/2822 2809/2653/2809 2828/2671/2828
f 2831/2674/2831 2814/2658/2814 2821/2664/2821
f 2820/2663/2820 2832/2675/2832 2830/2673/2830
f 2833/2676/2833 2823/2666/2823 2812/2656/2812
f 2834/2677/2834 2812/2656/2812 2822/2665/2822
f 2829/2672/2829 2825/2668/2825 2835/2678/2835
f 2835/2678/2835 2825/2668/2825 2824/2667/2824
f 2828/2671/2828 2816/2659/2816 2836/2679/2836
f 2837/2680/2837 2827/2670/2827 2831/2674/2831
f 2838/2681/2838 2822/2665/2822 2828/2671/2828
f 2826/2669/2826 2839/2682/2839 2818/2661/2818
f 2832/2675/2832 2820/2663/2820 2823/2666/2823
f 2827/2670/2827 2837/2680/2837 2824/2667/2824
f 2833/2676/2833 2812/2656/2812 2834/2677/2834
f 2816/2659/2816 2818/2661/2818 2836/2679/2836
f 2831/2674/2831 2821/2664/2821 2840/2683/2840
f 2841/2684/2841 2832/2675/2832 2823/2666/2823
f 2835/2678/2835 2824/2667/2824 2837/2680/2837
f 2832/2675/2832 2842/2685/2842 2830/2673/2830
f 2838/2681/2838 2828/2671/2828 2836/2679/2836
f 2818/2661/2818 2839/2682/2839 2843/2686/2843
f 2826/2669/2826 2829/2672/2829 2839/2682/2839
f 2844/2687/2844 2834/2677/2834 2822/2665/2822
f 2837/2680/2837 2845/2688/2845 2835/2678/2835
f 2822/2665/2822 2838/2681/2838 2844/2687/2844
f 2823/2666/2823 2833/2676/2833 2846/2689/2846
f 2836/2679/2836 2818/2661/2818 2843/2686/2843
f 2829/2672/2829 2847/2690/2847 2839/2682/2839
f 2846/2689/2846 2833/2676/2833 2834/2677/2834
f 2835/2678/2835 2847/2690/2847 2829/2672/2829
f 2832/2675/2832 2841/2684/2841 2848/2691/2848
f 2847/2690/2847 2849/2692/2849 2839/2682/2839
f 2839/2682/2839 2849/2692/2849 2843/2686/2843
f 2842/2685/2842 2832/2675/2832 2848/2691/2848
f 2838/2681/2838 2836/2679/2836 2843/2686/2843
f 2841/2684/2841 2823/2666/2823 2846/2689/2846
f 2834/2677/2834 2850/2693/2850 2846/2689/2846
f 2849/2692/2849 2851/2694/2851 2843/2686/2843
f 2835/2678/2835 2845/2688/2845 2847/2690/2847
f 2844/2687/2844 2838/2681/2838 2852/2695/2852
f 2848/2691/2848 2841/2684/2841 2853/2696/2853
f 2838/2681/2838 2843/2686/2843 2854/2697/2854
f 2855/2698/2855 2834/2677/2834 2844/2687/2844
f 2854/2697/2854 2843/2686/2843 2851/2694/2851
f 2853/2696/2853 2841/2684/2841 2846/2689/2846
f 2834/2677/2834 2855/2698/2855 2850/2693/2850
f 2844/2687/2844 2852/2695/2852 2856/2699/2856
f 2842/2685/2842 2848/2691/2848 2857/2700/2857
f 2847/2690/2847 2845/2688/2845 2858/2701/2858
f 2854/2697/2854 2852/2695/2852 2838/2681/2838
f 2850/2693/2850 2855/2698/2855 2859/2702/2859
f 2857/2700/2857 2848/2691/2848 2853/2696/2853
f 2855/2698/2855 2844/2687/2844 2856/2699/2856
f 2849/2692/2849 2860/2703/2860 2851/2694/2851
f 2861/2704/2861 2853/2696/2853 2846/2689/2846
f 2860/2703/2860 2849/2692/2849 2847/2690/2847
f 2862/2705/2862 2847/2690/2847 2858/2701/2858
f 2846/2689/2846 2850/2693/2850 2863/2706/2863
f 2862/2705/2862 2860/2703/2860 2847/2690/2847
f 2854/2697/2854 2864/2707/2864 2852/2695/2852
f 2856/2699/2856 2852/2695/2852 2864/2707/2864
f 2851/2694/2851 2865/2708/2865 2854/2697/2854
f 2857/2700/2857 2853/2696/2853 2866/2709/2866
f 2861/2704/2861 2846/2689/2846 2863/2706/2863
f 2859/2702/2859 2863/2706/2863 2850/2693/2850
f 2851/2694/2851 2860/2703/2860 2865/2708/2865
f 2856/2699/2856 2867/2710/2867 2855/2698/2855
f 2868/2711/2868 2864/2707/2864 2854/2697/2854
f 2859/2702/2859 2855/2698/2855 2867/2710/2867
f 2860/2703/2860 2862/2705/2862 2865/2708/2865
f 2869/2712/2869 2853/2696/2853 2861/2704/2861
f 2870/2713/2870 2856/2699/2856 2864/2707/2864
f 2854/2697/2854 2865/2708/2865 2868/2711/2868
f 2866/2709/2866 2853/2696/2853 2869/2712/2869
f 2864/2707/2864 2868/2711/2868 2871/2714/2871
f 2859/2702/2859 2872/2715/2872 2863/2706/2863
f 2870/2713/2870 2867/2710/2867 2856/2699/2856
f 2873/2716/2873 2867/2710/2867 2870/2713/2870
f 2867/2710/2867 2873/2716/2873 2859/2702/2859
f 2871/2714/2871 2870/2713/2870 2864/2707/2864
f 2863/2706/2863 2874/2717/2874 2861/2704/2861
f 2869/2712/2869 2861/2704/2861 2874/2717/2874
f 2870/2713/2870 2871/2714/2871 2873/2716/2873
f 2869/2712/2869 2875/2718/2875 2866/2709/2866
f 2874/2717/2874 2863/2706/2863 2872/2715/2872
f 2872/2715/2872 2859/2702/2859 2873/2716/2873
f 2868/2711/2868 2865/2708/2865 2876/2719/2876
f 2875/2718/2875 2869/2712/2869 2877/2720/2877
f 2874/2717/2874 2877/2720/2877 2869/2712/2869
f 2742/2589/2742 2712/2559/2712 2724/2571/2724
