# Blender 5.0.1
# www.blender.org
mtllib SM_Skewer_Paprika.mtl
o surface_8
v -0.131705 -0.021498 0.049958
v -0.130647 -0.019365 0.064085
v -0.131546 -0.012517 0.057182
v -0.131255 -0.009038 0.046023
v -0.131644 -0.039340 0.038714
v -0.131522 -0.042374 0.045984
v -0.131547 -0.034336 0.043655
v -0.131352 -0.034771 0.034617
v -0.131448 -0.025131 0.036928
v -0.131187 -0.035713 0.059738
v -0.131095 -0.003319 0.054108
v -0.131078 -0.049289 0.046264
v -0.131421 -0.049843 0.055406
v -0.131467 -0.045694 0.051137
v -0.131255 -0.046571 0.060163
v -0.131177 -0.046552 0.039754
v -0.130677 -0.018052 0.034171
v -0.130986 -0.004578 0.038682
v -0.130035 -0.002456 0.064382
v -0.131290 0.033816 0.039270
v -0.130595 0.035316 0.042309
v -0.130275 0.038819 0.038776
v -0.129931 0.041371 0.045513
v -0.130665 -0.051338 0.064229
v -0.130122 -0.045379 0.036423
v -0.130339 -0.045591 0.068832
v -0.129562 -0.003805 0.036033
v -0.130187 0.002236 0.045832
v -0.129447 -0.029246 0.032405
v -0.130423 0.008513 0.054800
v -0.130762 0.017039 0.035625
v -0.130917 0.010956 0.038735
v -0.130401 0.012425 0.043899
v -0.130324 0.031113 0.040251
v -0.129082 -0.026923 0.071328
v -0.130066 0.016946 0.049805
v -0.128593 0.008599 0.035678
v -0.130296 0.024093 0.036921
v -0.129989 0.021904 0.033998
v -0.130197 0.029686 0.037201
v -0.129917 0.033944 0.036027
v -0.129526 -0.036702 0.071971
v -0.129979 -0.033649 0.032683
v -0.127984 0.013018 0.069304
v -0.129656 0.004245 0.038968
v -0.129823 0.018055 0.056578
v -0.129824 0.026189 0.047056
v -0.129895 0.032283 0.045007
v -0.129171 -0.051693 0.077221
v -0.127122 -0.010443 0.076883
v -0.129574 0.025183 0.055224
v -0.129295 0.035565 0.050618
v -0.128931 0.046472 0.040681
v -0.128643 0.029410 0.032613
v -0.128637 0.029763 0.060672
v -0.126283 -0.018169 0.079885
v -0.128858 0.023086 0.062416
v -0.129098 0.038576 0.033386
v -0.129226 0.047518 0.043787
v -0.128640 -0.045773 0.078520
v -0.128263 -0.041327 0.078066
v -0.128212 0.036377 0.059463
v -0.128973 0.043285 0.036485
v -0.127616 0.048924 0.047660
v -0.128096 0.041672 0.054609
v -0.127519 -0.048687 0.036451
v -0.126739 0.002193 0.036104
v -0.127164 0.053449 0.045657
v -0.125634 0.001893 0.078875
v -0.127202 0.027222 0.068965
v -0.127017 0.035178 0.065906
v -0.126527 0.043685 0.060833
v -0.126296 0.049101 0.035212
v -0.126593 -0.032865 0.080509
v -0.127845 -0.047633 0.085032
v -0.128328 -0.043448 0.082812
v -0.126606 0.048209 0.053195
v -0.125994 -0.035278 0.086725
v -0.125930 0.054384 0.041018
v -0.126180 -0.049416 0.089257
v -0.125851 -0.042187 0.089593
v -0.123940 0.020343 0.082205
v -0.125664 0.022659 0.075704
v -0.125150 0.035337 0.072342
v -0.125030 0.042858 0.067899
v -0.124871 -0.024119 0.082635
v -0.126034 0.055681 0.052542
v -0.125959 -0.052973 0.084174
v -0.126196 0.058183 0.048137
v -0.125729 0.059928 0.052895
v -0.124710 0.049811 0.062437
v -0.125115 0.059171 0.059782
v -0.124093 -0.006415 0.083013
v -0.123324 0.033983 0.077944
v -0.125456 0.061148 0.069455
v -0.124494 0.060917 0.074502
v -0.124455 0.062560 0.073289
v -0.124655 -0.029165 0.086539
v -0.123782 -0.012385 0.084609
v -0.122710 0.043813 0.073686
v -0.124722 0.054969 0.065020
v -0.124411 0.061532 0.067275
v -0.125054 0.059128 0.066279
v -0.121702 -0.002606 0.085317
v -0.123415 0.010339 0.084608
v -0.124453 0.056706 0.070185
v -0.123635 -0.032800 0.089898
v -0.123451 -0.026217 0.086126
v -0.124031 -0.040075 0.092659
v -0.123210 0.049319 0.070066
v -0.122987 0.054624 0.074691
v -0.122381 0.002899 0.084546
v -0.121874 0.058442 0.078796
v -0.121818 0.061160 0.079137
v -0.122765 0.014735 0.088167
v -0.122766 0.019354 0.087404
v -0.122917 0.025489 0.084340
v -0.121758 0.007932 0.088118
v -0.121400 -0.030596 0.093272
v -0.121738 -0.023694 0.089718
v -0.121174 0.033085 0.081705
v -0.121251 -0.008078 0.087179
v -0.121419 -0.014559 0.087791
v -0.119323 0.042379 0.078539
v -0.119594 0.050004 0.078244
v -0.120812 0.053095 0.078719
v -0.120698 0.001115 0.087865
v -0.119821 -0.010975 0.090632
v -0.120540 0.006192 0.089203
v -0.120729 0.011514 0.089005
v -0.119771 -0.018008 0.091821
v -0.119211 -0.002106 0.089776
v -0.119152 0.057081 0.081837
v -0.118953 0.060429 0.081811
v -0.119136 0.062316 0.080204
v -0.128570 -0.050984 0.050015
v -0.131421 -0.049843 0.055406
v -0.131078 -0.049289 0.046264
v -0.128601 -0.049733 0.041915
v -0.131177 -0.046552 0.039754
v -0.129171 -0.051693 0.077221
v -0.130665 -0.051338 0.064229
v -0.128015 -0.052260 0.064087
v -0.118061 -0.053535 0.075603
v -0.127519 -0.048687 0.036451
v -0.125959 -0.052973 0.084174
v -0.120216 -0.052271 0.048919
v -0.122423 -0.050106 0.035036
v -0.126180 -0.049416 0.089257
v -0.122993 -0.051887 0.089779
v -0.120094 -0.053523 0.063558
v -0.118189 -0.053376 0.087813
v -0.108334 -0.052320 0.034464
v -0.116235 -0.051748 0.089998
v -0.113590 -0.054138 0.057908
v -0.113382 -0.053194 0.083365
v -0.107239 -0.054878 0.065535
v -0.112350 -0.051523 0.029213
v -0.109277 -0.052469 0.085892
v -0.117466 -0.048691 0.029867
v -0.109026 -0.053589 0.048412
v -0.107514 -0.054605 0.055954
v -0.105608 -0.053289 0.082020
v -0.108211 -0.051476 0.026689
v -0.096669 -0.054611 0.046666
v -0.092309 -0.055682 0.058304
v -0.100060 -0.054533 0.071312
v -0.102899 -0.053643 0.078488
v -0.100400 -0.052720 0.080706
v -0.099573 -0.052275 0.023422
v -0.096611 -0.053803 0.075551
v -0.090015 -0.053392 0.026059
v -0.089960 -0.053654 0.074118
v -0.092035 -0.054497 0.069487
v -0.088756 -0.051987 0.076110
v -0.097077 -0.050537 0.079643
v -0.086739 -0.055242 0.064176
v -0.083571 -0.054419 0.035668
v -0.088636 -0.052860 0.019007
v -0.078410 -0.055613 0.042862
v -0.082850 -0.053813 0.018797
v -0.079646 -0.054165 0.067313
v -0.077483 -0.055790 0.058034
v -0.081972 -0.053009 0.073627
v -0.080441 -0.053733 0.020044
v -0.075834 -0.052179 0.014619
v -0.074719 -0.054105 0.023116
v -0.076292 -0.053900 0.016436
v -0.074023 -0.052809 0.072236
v -0.071367 -0.056208 0.050859
v -0.071965 -0.053323 0.069042
v -0.067702 -0.054352 0.063481
v -0.063072 -0.054641 0.014690
v -0.062023 -0.054616 0.022534
v -0.061501 -0.055807 0.035928
v -0.066278 -0.056149 0.041472
v -0.067855 -0.051493 0.072164
v -0.062038 -0.053229 0.012164
v -0.062320 -0.056376 0.047481
v -0.063492 -0.055535 0.058016
v -0.062432 -0.052964 0.069940
v -0.058379 -0.053993 0.064260
v -0.058832 -0.056258 0.052970
v -0.058710 -0.051660 0.072346
v -0.053982 -0.054639 0.017245
v -0.056782 -0.055552 0.031605
v -0.055269 -0.055555 0.058405
v -0.047490 -0.054174 0.064613
v -0.053632 -0.052198 0.072451
v -0.052644 -0.056804 0.045354
v -0.054391 -0.054116 0.011465
v -0.050551 -0.054927 0.012691
v -0.051453 -0.056511 0.054233
v -0.048402 -0.056400 0.035704
v -0.047340 -0.057092 0.049646
v -0.049560 -0.055583 0.059225
v -0.040368 -0.055088 0.021459
v -0.044445 -0.052812 0.009779
v -0.042752 -0.052835 0.071238
v -0.045793 -0.052059 0.073826
v -0.045945 -0.054849 0.015388
v -0.043190 -0.056744 0.055572
v -0.042975 -0.054795 0.011244
v -0.032268 -0.057205 0.041993
v -0.037379 -0.055097 0.012067
v -0.035143 -0.052467 0.074777
v -0.033574 -0.054064 0.010032
v -0.028620 -0.057057 0.056854
v -0.030189 -0.053521 0.070922
v -0.026694 -0.054843 0.018474
v -0.030262 -0.054984 0.011822
v -0.027957 -0.055237 0.063949
v -0.022765 -0.055667 0.030948
v -0.024476 -0.052822 0.076177
v -0.025664 -0.054481 0.010459
v -0.024371 -0.057784 0.051868
v -0.022119 -0.054966 0.014042
v -0.019966 -0.054522 0.070621
v -0.019736 -0.056664 0.061899
v -0.017470 -0.057807 0.047172
v -0.019200 -0.054793 0.011147
v -0.016920 -0.054715 0.020137
v -0.015214 -0.056740 0.039599
v -0.017016 -0.053736 0.076157
v -0.014448 -0.058185 0.054798
v -0.013587 -0.055232 0.031572
v -0.010012 -0.055200 0.013649
v -0.012642 -0.056122 0.066415
v -0.012472 -0.057670 0.060282
v -0.012372 -0.054641 0.073993
v -0.018424 -0.052023 0.077408
v -0.011927 -0.053882 0.077516
v -0.010568 -0.054607 0.022142
v -0.011186 -0.057965 0.049927
v -0.005780 -0.055052 0.034761
v -0.007924 -0.056878 0.043335
v -0.006279 -0.054418 0.028635
v -0.005775 -0.058198 0.058684
v -0.006877 -0.056935 0.065022
v -0.005450 -0.055219 0.074114
v -0.005223 -0.057755 0.050061
v -0.006630 -0.054333 0.078148
v -0.005152 -0.054738 0.016601
v -0.000587 -0.057106 0.047514
v -0.001706 -0.055238 0.038476
v -0.001361 -0.054063 0.023733
v -0.013060 -0.051893 0.009926
v -0.001091 -0.054519 0.012785
v -0.001014 -0.057409 0.065157
v 0.003088 -0.053809 0.028693
v 0.002915 -0.057953 0.055480
v 0.000438 -0.054537 0.080431
v 0.001055 -0.054397 0.018738
v 0.000753 -0.054992 0.015341
v -0.000231 -0.055928 0.072651
v 0.003563 -0.055336 0.077994
v 0.002124 -0.058297 0.060329
v 0.003921 -0.054120 0.035098
v 0.003315 -0.055358 0.041704
v 0.005102 -0.057284 0.068159
v 0.005324 -0.054201 0.020652
v 0.005627 -0.057074 0.049847
v 0.007690 -0.054661 0.015030
v 0.009366 -0.055834 0.077267
v 0.009872 -0.058170 0.062658
v 0.010239 -0.055152 0.044535
v 0.008382 -0.055029 0.082186
v 0.004742 -0.053333 0.082990
v 0.011795 -0.053675 0.036668
v 0.010437 -0.057619 0.055871
v 0.012314 -0.053308 0.029378
v 0.011394 -0.053880 0.021582
v 0.013391 -0.056480 0.051251
v 0.013339 -0.054293 0.085566
v 0.012555 -0.057337 0.070247
v 0.013309 -0.054569 0.017270
v 0.015887 -0.055466 0.081141
v 0.017127 -0.057972 0.065807
v 0.018960 -0.053752 0.042418
v 0.016781 -0.053343 0.016563
v 0.018440 -0.057351 0.059244
v 0.016932 -0.053562 0.023939
v 0.017731 -0.053184 0.035281
v 0.018331 -0.057078 0.072354
v 0.019972 -0.054720 0.048146
v 0.018069 -0.054678 0.086350
v 0.019876 -0.054308 0.019553
v 0.021598 -0.053221 0.027338
v 0.018301 -0.052634 0.088280
v 0.024821 -0.054807 0.087364
v 0.029204 -0.056471 0.075117
v 0.023553 -0.053966 0.019644
v 0.024425 -0.055726 0.055014
v 0.023648 -0.057278 0.063439
v 0.023906 -0.052911 0.035214
v 0.025773 -0.057268 0.070138
v 0.027793 -0.052934 0.041310
v 0.027190 -0.053644 0.024009
v 0.024319 -0.053108 0.090375
v 0.027544 -0.052979 0.029443
v 0.028487 -0.053652 0.048269
v 0.028322 -0.056610 0.063434
v 0.029513 -0.053826 0.092234
v 0.035562 -0.055154 0.086117
v 0.030221 -0.053767 0.022323
v 0.033436 -0.053893 0.053348
v 0.030831 -0.052573 0.034477
v 0.033700 -0.054584 0.093653
v 0.034750 -0.056250 0.068822
v 0.033618 -0.052658 0.044375
v 0.035606 -0.055452 0.063269
v 0.033951 -0.053611 0.025248
v 0.038193 -0.052814 0.030635
v 0.035830 -0.052916 0.024157
v 0.038311 -0.052164 0.039891
v 0.040371 -0.052180 0.046550
v 0.038575 -0.055708 0.078084
v 0.039219 -0.054810 0.096323
v 0.038877 -0.052885 0.052259
v 0.039536 -0.053842 0.058687
v 0.039688 -0.053249 0.026818
v 0.043690 -0.055001 0.071816
v 0.039417 -0.053753 0.098904
v 0.043206 -0.054135 0.064695
v 0.044656 -0.051960 0.039173
v 0.044988 -0.053125 0.029820
v 0.045712 -0.054729 0.094244
v 0.044576 -0.052506 0.056315
v 0.046139 -0.051699 0.048175
v 0.043563 -0.054771 0.100035
v 0.044494 -0.055154 0.077981
v 0.045633 -0.053602 0.102917
v 0.048813 -0.054604 0.102939
v 0.049403 -0.052465 0.062543
v 0.050394 -0.054422 0.083197
v 0.048947 -0.052554 0.034207
v 0.052748 -0.053490 0.074746
v 0.051303 -0.051287 0.053701
v 0.051732 -0.054337 0.089730
v 0.052466 -0.051969 0.038693
v 0.052738 -0.051374 0.044621
v 0.052972 -0.052997 0.107813
v 0.051158 -0.052270 0.032551
v 0.052573 -0.054487 0.098229
v 0.054260 -0.054493 0.105688
v 0.056061 -0.052312 0.036026
v 0.054713 -0.051027 0.057997
v 0.056842 -0.053752 0.085860
v 0.058237 -0.053966 0.093389
v 0.057208 -0.051531 0.067482
v 0.057569 -0.054296 0.102496
v 0.057692 -0.050674 0.052988
v 0.058798 -0.053897 0.111196
v 0.058293 -0.053062 0.080331
v 0.059859 -0.054263 0.108285
v 0.062685 -0.053674 0.096873
v 0.063813 -0.052116 0.042394
v 0.060000 -0.050469 0.058207
v 0.061474 -0.050419 0.063511
v 0.066349 -0.051011 0.048885
v 0.062850 -0.053303 0.089833
v 0.061780 -0.051624 0.075452
v 0.062680 -0.052724 0.084269
v 0.062830 -0.051132 0.039501
v 0.064962 -0.053835 0.112685
v 0.063406 -0.050501 0.069499
v 0.067343 -0.053575 0.105058
v 0.066291 -0.050285 0.056073
v 0.068466 -0.050873 0.081275
v 0.069786 -0.049722 0.073526
v 0.063335 -0.052802 0.116240
v 0.066650 -0.051672 0.045655
v 0.070205 -0.049582 0.066554
v 0.068687 -0.051721 0.086853
v 0.071528 -0.052518 0.099078
v 0.068848 -0.053114 0.119757
v 0.068989 -0.052057 0.121928
v 0.068790 -0.050769 0.043385
v 0.069532 -0.052434 0.093158
v 0.073023 -0.053104 0.117242
v 0.071722 -0.051848 0.046768
v 0.071878 -0.049989 0.059427
v 0.074734 -0.052691 0.108315
v 0.073763 -0.052638 0.123440
v 0.077662 -0.049026 0.072583
v 0.076755 -0.050241 0.089370
v 0.075864 -0.049263 0.079664
v 0.074998 -0.051005 0.128470
v 0.077072 -0.051171 0.053171
v 0.077429 -0.049717 0.063151
v 0.078803 -0.051420 0.130054
v 0.077782 -0.051400 0.051106
v 0.079547 -0.050959 0.101264
v 0.078705 -0.052029 0.124043
v 0.080940 -0.051763 0.116608
v 0.082583 -0.048794 0.081843
v 0.080909 -0.051231 0.108377
v 0.080713 -0.049735 0.135851
v 0.083023 -0.049329 0.069313
v 0.084550 -0.050936 0.125362
v 0.084026 -0.049223 0.092615
v 0.082281 -0.050705 0.058548
v 0.083115 -0.050764 0.134686
v 0.082516 -0.051383 0.055517
v 0.084831 -0.048942 0.075151
v 0.086221 -0.050466 0.063360
v 0.086604 -0.049383 0.103795
v 0.086540 -0.050052 0.111042
v 0.086323 -0.050487 0.117924
v 0.084996 -0.049643 0.140640
v 0.084521 -0.048300 0.142393
v 0.086862 -0.051137 0.059847
v 0.089285 -0.049686 0.133743
v 0.087584 -0.049694 0.139395
v 0.086776 -0.049340 0.145092
v 0.089176 -0.048850 0.079212
v 0.088950 -0.049962 0.068849
v 0.090147 -0.048606 0.086636
v 0.091708 -0.049242 0.124833
v 0.089253 -0.047476 0.149355
v 0.086343 -0.048247 0.148759
v 0.086707 -0.047154 0.152651
v 0.091092 -0.046982 0.152953
v 0.089029 -0.047339 0.155914
v 0.090027 -0.048605 0.144677
v 0.090656 -0.050900 0.064302
v 0.090986 -0.048454 0.096027
v 0.092851 -0.048632 0.114241
v 0.091860 -0.049771 0.073400
v 0.092241 -0.048331 0.104120
v 0.095673 -0.048174 0.137774
v 0.095113 -0.048470 0.131322
v 0.093558 -0.047277 0.157303
v 0.093612 -0.051029 0.068091
v 0.094539 -0.047104 0.145900
v 0.093066 -0.046507 0.158812
v 0.098079 -0.048647 0.093377
v 0.097117 -0.049028 0.086092
v 0.094929 -0.049229 0.080359
v 0.097231 -0.047245 0.155386
v 0.096063 -0.049962 0.068870
v 0.098181 -0.047780 0.118007
v 0.098399 -0.048169 0.100074
v 0.096002 -0.046376 0.150230
v 0.100293 -0.047744 0.110348
v 0.098525 -0.047837 0.124725
v 0.099896 -0.047140 0.160060
v 0.100192 -0.050169 0.080884
v 0.099567 -0.046940 0.142579
v 0.099637 -0.047779 0.158460
v 0.098423 -0.051045 0.074291
v 0.099768 -0.046853 0.150182
v 0.101436 -0.047249 0.134408
v 0.102815 -0.047253 0.127739
v 0.103832 -0.047386 0.119269
v 0.103832 -0.048993 0.154627
v 0.103464 -0.049993 0.086815
v 0.102215 -0.050663 0.078670
v 0.104794 -0.048344 0.102906
v 0.102273 -0.048706 0.150261
v 0.102352 -0.046821 0.147151
v 0.105204 -0.046639 0.140108
v 0.107168 -0.049555 0.094508
v 0.104423 -0.048561 0.157342
v 0.105943 -0.045757 0.143924
v 0.106445 -0.047800 0.112195
v 0.107524 -0.048076 0.159283
v 0.105342 -0.046975 0.148506
v 0.105204 -0.050768 0.084959
v 0.106943 -0.046859 0.131744
v 0.106010 -0.049260 0.152292
v 0.109677 -0.048915 0.155708
v 0.105147 -0.049883 0.082353
v 0.109934 -0.047616 0.120473
v 0.108165 -0.049930 0.089078
v 0.107497 -0.047803 0.150206
v 0.109344 -0.049774 0.152684
v 0.109186 -0.046505 0.146182
v 0.110136 -0.049165 0.100699
v 0.109695 -0.048775 0.148944
v 0.114194 -0.048444 0.114299
v 0.111950 -0.046599 0.138509
v 0.110882 -0.049847 0.095811
v 0.112450 -0.048927 0.106399
v 0.112993 -0.046178 0.144141
v 0.111830 -0.047108 0.130101
v 0.114539 -0.049027 0.150398
v 0.112415 -0.047414 0.148093
v 0.113112 -0.048079 0.158328
v 0.112876 -0.049696 0.101434
v 0.114252 -0.048466 0.100970
v 0.115418 -0.046976 0.147051
v 0.115530 -0.049033 0.154373
v 0.117770 -0.047737 0.130669
v 0.115487 -0.049300 0.107294
v 0.117538 -0.048332 0.155706
v 0.117700 -0.048459 0.121657
v 0.117001 -0.049025 0.113684
v 0.118723 -0.047777 0.150892
v 0.119489 -0.047379 0.139234
v 0.117349 -0.046853 0.156969
v 0.113436 -0.045849 0.158903
v 0.117404 -0.048567 0.110813
v 0.119554 -0.047093 0.145427
v 0.120072 -0.047167 0.154670
v 0.120017 -0.048588 0.123685
v 0.119292 -0.048698 0.118441
v 0.119825 -0.047104 0.117756
v 0.121729 -0.047500 0.151816
v 0.121781 -0.048123 0.130722
v 0.122369 -0.048025 0.137303
v 0.122636 -0.047572 0.145693
v 0.121659 -0.047444 0.125958
v 0.123191 -0.047297 0.135990
v 0.123623 -0.047092 0.140778
v -0.126984 -0.042525 0.033066
v -0.130122 -0.045379 0.036423
v -0.131352 -0.034771 0.034617
v -0.127669 0.016953 0.033096
v -0.128593 0.008599 0.035678
v -0.130762 0.017039 0.035625
v -0.129447 -0.029246 0.032405
v -0.130677 -0.018052 0.034171
v -0.126688 -0.018714 0.032063
v -0.129989 0.021904 0.033998
v -0.129979 -0.033649 0.032683
v -0.126739 0.002193 0.036104
v -0.129562 -0.003805 0.036033
v -0.129656 0.004245 0.038968
v -0.126580 0.022183 0.031901
v -0.128643 0.029410 0.032613
v -0.122666 0.008777 0.033328
v -0.129098 0.038576 0.033386
v -0.126296 0.049101 0.035212
v -0.125417 0.044105 0.032151
v -0.127519 -0.048687 0.036451
v -0.123120 -0.029262 0.029809
v -0.125416 -0.006870 0.033661
v -0.121242 -0.040296 0.029745
v -0.124689 0.035984 0.030456
v -0.120851 0.018753 0.030550
v -0.116217 0.032742 0.027022
v -0.118641 -0.009545 0.030990
v -0.122423 -0.050106 0.035036
v -0.121102 0.049943 0.031380
v -0.114513 -0.022094 0.027336
v -0.117669 0.044576 0.027949
v -0.116928 0.001274 0.032387
v -0.120125 0.055343 0.034595
v -0.117466 -0.048691 0.029867
v -0.114127 0.012958 0.029706
v -0.114860 0.051436 0.027771
v -0.114593 0.055817 0.030209
v -0.111929 -0.033186 0.025330
v -0.110700 -0.041946 0.025231
v -0.108214 0.023918 0.025427
v -0.104791 -0.003965 0.027472
v -0.109953 0.040155 0.024069
v -0.107079 0.049264 0.023199
v -0.110096 0.007976 0.029285
v -0.105893 -0.015499 0.025502
v -0.108177 -0.048166 0.025118
v -0.108211 -0.051476 0.026689
v -0.112350 -0.051523 0.029213
v -0.107677 0.033990 0.023632
v -0.109952 0.054619 0.025682
v -0.108679 -0.023520 0.024929
v -0.105563 0.014161 0.026621
v -0.102016 -0.032222 0.021617
v -0.098960 0.005239 0.025592
v -0.102631 0.043406 0.021070
v -0.100272 0.056339 0.022090
v -0.099573 -0.052275 0.023422
v -0.094745 0.031173 0.018965
v -0.099584 -0.042100 0.020604
v -0.099286 0.017499 0.023485
v -0.098543 -0.016433 0.022845
v -0.097894 0.040089 0.019215
v -0.097667 -0.049282 0.021025
v -0.094810 0.055087 0.018941
v -0.094511 -0.036622 0.018360
v -0.089214 0.007106 0.021480
v -0.092821 0.045651 0.017176
v -0.093212 -0.010908 0.022053
v -0.089978 -0.001105 0.022594
v -0.089286 -0.027956 0.017290
v -0.092439 0.002288 0.022966
v -0.087049 0.052856 0.015424
v -0.087577 -0.047521 0.016976
v -0.089320 0.021202 0.018822
v -0.087599 -0.015762 0.018725
v -0.088636 -0.052860 0.019007
v -0.081660 -0.006004 0.018307
v -0.084048 -0.032426 0.014798
v -0.081853 0.013548 0.017057
v -0.085503 0.056489 0.015847
v -0.076745 0.037410 0.011494
v -0.075834 -0.052179 0.014619
v -0.082064 -0.018799 0.015839
v -0.080115 0.046334 0.012479
v -0.076028 0.002254 0.016127
v -0.075326 -0.010196 0.014773
v -0.078358 -0.034639 0.012700
v -0.081048 0.055767 0.013966
v -0.079220 0.022923 0.014106
v -0.069896 -0.044330 0.011390
v -0.074953 0.051917 0.011452
v -0.073534 0.018057 0.012824
v -0.073906 -0.019549 0.012578
v -0.077488 0.057032 0.014359
v -0.074874 0.028011 0.011559
v -0.075162 -0.025676 0.012095
v -0.071582 0.008448 0.014084
v -0.069970 -0.006357 0.012928
v -0.067480 -0.030516 0.009504
v -0.062259 0.020638 0.008413
v -0.071859 -0.008509 0.012775
v -0.061775 0.044260 0.007225
v -0.065042 0.057344 0.010943
v -0.064078 -0.014605 0.009767
v -0.068755 -0.009358 0.011598
v -0.064906 -0.023396 0.009121
v -0.062451 0.053633 0.008464
v -0.063848 -0.005377 0.010865
v -0.058328 0.032416 0.006156
v -0.065419 0.006680 0.011971
v -0.062038 -0.053229 0.012164
v -0.058669 -0.048387 0.010022
v -0.060005 -0.033910 0.007774
v -0.061152 0.000637 0.010784
v -0.053703 0.005653 0.007625
v -0.057361 -0.025816 0.006932
v -0.052779 0.050618 0.005994
v -0.053026 -0.044661 0.008326
v -0.056430 -0.006539 0.008256
v -0.055326 -0.016599 0.006909
v -0.053602 0.000606 0.008150
v -0.055106 0.057319 0.008127
v -0.053781 -0.052258 0.010485
v -0.043953 -0.030655 0.005167
v -0.054391 -0.054116 0.011465
v -0.047463 0.024576 0.003956
v -0.048742 -0.008098 0.006007
v -0.049647 -0.020695 0.005513
v -0.050456 -0.003193 0.006978
v -0.051436 0.043321 0.004866
v -0.042210 0.038541 0.003068
v -0.047311 0.057456 0.007199
v -0.046308 0.010111 0.005001
v -0.046974 0.002634 0.005239
v -0.044445 -0.052812 0.009779
v -0.043981 -0.001635 0.005526
v -0.036189 -0.044991 0.007165
v -0.043144 -0.020149 0.004404
v -0.042105 -0.009282 0.004535
v -0.050551 -0.054927 0.012691
v -0.042975 -0.054795 0.011244
v -0.041076 0.052555 0.004524
v -0.039347 0.001504 0.004856
v -0.039483 0.016148 0.002966
v -0.036308 0.028386 0.002019
v -0.034933 -0.005105 0.004357
v -0.039379 0.008899 0.003454
v -0.037251 -0.012289 0.003743
v -0.033574 -0.054064 0.010032
v -0.034766 -0.017433 0.003402
v -0.035744 0.056451 0.004998
v -0.035641 0.006273 0.002758
v -0.034860 0.010955 0.002609
v -0.033868 0.018905 0.002154
v -0.035560 -0.031884 0.004462
v -0.032291 0.002554 0.003437
v -0.031177 -0.001200 0.004323
v -0.030640 -0.024417 0.003416
v -0.030241 -0.009538 0.003314
v -0.030463 0.046826 0.002565
v -0.028563 0.025125 0.001327
v -0.028109 0.037519 0.001455
v -0.029827 0.008944 0.002383
v -0.028408 0.052655 0.003427
v -0.028183 0.056594 0.004540
v -0.030924 0.058617 0.006161
v -0.027156 -0.018497 0.002911
v -0.028805 -0.049363 0.008246
v -0.028962 -0.034129 0.004496
v -0.028443 0.016651 0.001913
v -0.026265 0.003727 0.002909
v -0.025899 -0.004005 0.003254
v -0.025664 -0.054481 0.010459
v -0.024151 -0.042618 0.006335
v -0.022612 -0.010757 0.002632
v -0.020174 0.029872 0.000707
v -0.024292 -0.029402 0.003729
v -0.021849 -0.035265 0.004702
v -0.023397 0.001267 0.003100
v -0.023475 -0.052524 0.009477
v -0.019880 0.020378 0.001103
v -0.020054 0.058767 0.005900
v -0.021942 -0.023178 0.002905
v -0.019456 0.013499 0.001599
v -0.022445 0.006870 0.002409
v -0.020290 0.046890 0.002129
v -0.020924 -0.048022 0.008000
v -0.018280 0.052845 0.003265
v -0.019843 -0.001766 0.001759
v -0.018786 0.056651 0.004239
v -0.018590 -0.017110 0.002345
v -0.018688 0.000966 0.002365
v -0.019200 -0.054793 0.011147
v -0.017934 -0.004486 0.001725
v -0.017930 -0.027843 0.003442
v -0.013261 0.039688 0.001117
v -0.013060 -0.051893 0.009926
v -0.014900 0.003852 0.002340
v -0.017391 -0.039252 0.005678
v -0.014835 0.009160 0.001556
v -0.013593 -0.035009 0.004861
v -0.013711 -0.007025 0.001568
v -0.009959 -0.041597 0.006715
v -0.011315 -0.021683 0.002425
v -0.012042 0.000307 0.001148
v -0.012360 -0.002156 0.000628
v -0.010012 -0.055200 0.013649
v -0.011728 -0.014389 0.001745
v -0.012647 0.024411 0.000590
v -0.010361 -0.029929 0.003933
v -0.007834 0.056659 0.004560
v -0.009933 0.048666 0.002417
v -0.010105 0.013324 0.000803
v -0.009656 0.029844 0.000466
v -0.007466 0.000823 0.001853
v -0.006520 0.006016 0.001194
v -0.008374 -0.004001 0.001207
v -0.007127 -0.007043 0.001244
v -0.004953 0.021834 0.000238
v -0.008413 -0.002285 0.000298
v -0.006507 -0.049744 0.009709
v -0.002118 0.014309 0.000008
v -0.004799 -0.044869 0.008224
v -0.004117 -0.027520 0.003722
v -0.006109 -0.000929 0.000052
v -0.003919 -0.034404 0.005340
v -0.004420 -0.017600 0.001916
v -0.002972 -0.010605 0.001194
v -0.002566 0.029967 0.000473
v -0.005227 -0.003379 0.000531
v -0.003343 0.044102 0.001858
v -0.003721 0.001911 0.001764
v -0.003454 0.037839 0.001057
v -0.000815 0.052594 0.003777
v -0.002114 -0.039238 0.006844
v -0.003804 -0.002087 0.001306
v 0.004677 -0.050829 0.012134
v -0.001512 -0.003563 0.000823
v -0.001722 -0.000096 0.001362
v -0.001091 -0.054519 0.012785
v 0.003972 -0.046715 0.010265
v 0.001006 -0.021988 0.003021
v 0.000823 0.007790 -0.000022
v 0.001113 0.002478 0.000500
v 0.003218 0.022421 0.000232
v 0.003816 0.035584 0.001250
v 0.002860 -0.032340 0.005626
v 0.002172 -0.015009 0.001894
v 0.006556 0.043412 0.002557
v 0.002357 0.057687 0.005575
v 0.002249 -0.008257 0.001097
v 0.005022 -0.039189 0.007918
v 0.004244 0.012285 -0.000145
v 0.002893 0.028970 0.000557
v 0.011167 -0.017570 0.003966
v 0.006420 -0.001106 0.000667
v 0.007690 -0.054661 0.015030
v 0.005047 0.053045 0.004365
v 0.005944 0.006125 0.000056
v 0.008855 0.016501 0.000394
v 0.007918 -0.026506 0.005102
v 0.008579 -0.006715 0.001552
v 0.011665 -0.041201 0.010192
v 0.010647 -0.033950 0.007672
v 0.010520 0.009018 0.000508
v 0.009868 0.026729 0.001120
v 0.010572 0.049768 0.004246
v 0.010589 0.056400 0.006122
v 0.012254 0.035978 0.002391
v 0.014881 0.020158 0.001509
v 0.014099 -0.008092 0.002866
v 0.013286 0.000090 0.001571
v 0.017074 0.012852 0.001780
v 0.016031 0.046932 0.004664
v 0.019589 0.006375 0.002594
v 0.015705 0.027914 0.002220
v 0.013780 -0.014459 0.003841
v 0.016071 -0.027636 0.007478
v 0.016781 -0.053343 0.016563
v 0.017530 0.054363 0.006624
v 0.019568 -0.047408 0.014907
v 0.020248 -0.012506 0.005342
v 0.017442 -0.035575 0.010077
v 0.023000 0.041634 0.005531
v 0.019925 -0.001112 0.003405
v 0.017671 0.033599 0.003167
v 0.024606 -0.026978 0.010296
v 0.018859 0.058141 0.008887
v 0.023288 -0.040867 0.013875
v 0.029056 0.056362 0.010377
v 0.022735 0.026264 0.003778
v 0.024620 0.032004 0.004782
v 0.023553 -0.053966 0.019644
v 0.026072 0.018473 0.004440
v 0.026624 0.050819 0.008080
v 0.027053 -0.005376 0.006485
v 0.025240 0.010029 0.004154
v 0.024759 -0.052498 0.018932
v 0.028594 -0.015098 0.008939
v 0.027300 0.001892 0.005577
v 0.029398 -0.044553 0.017686
v 0.032319 0.010797 0.006936
v 0.029912 -0.051319 0.020579
v 0.028638 0.024108 0.005528
v 0.030221 -0.053767 0.022323
v 0.033620 0.029191 0.007702
v 0.032943 -0.037227 0.016809
v 0.032430 0.038457 0.008008
v 0.037444 0.052271 0.012030
v 0.035822 0.044891 0.010072
v 0.034661 -0.009428 0.010485
v 0.033181 0.021326 0.007193
v 0.033428 -0.023955 0.013192
v 0.034809 0.001162 0.008911
v 0.034453 -0.029620 0.015253
v 0.035830 -0.052916 0.024157
v 0.035481 -0.045644 0.020948
v 0.038648 -0.049262 0.023928
v 0.039357 -0.041227 0.021403
v 0.036332 -0.017546 0.012989
v 0.038020 0.012668 0.009444
v 0.039362 0.035620 0.010483
v 0.039023 0.057562 0.014663
v 0.039491 0.018218 0.009993
v 0.040559 -0.033070 0.019439
v 0.039681 -0.022593 0.015966
v 0.039774 -0.002278 0.011702
v 0.039325 0.023882 0.009927
v 0.041801 -0.014290 0.015086
v 0.041965 0.030304 0.011317
v 0.045464 -0.008220 0.015725
v 0.042573 -0.027399 0.018884
v 0.041185 0.004915 0.011495
v 0.039688 -0.053249 0.026818
v 0.044995 0.056116 0.016119
v 0.044769 -0.051511 0.028132
v 0.044521 0.009147 0.012815
v 0.043914 0.044973 0.013352
v 0.047688 -0.045169 0.027565
v 0.046976 -0.037981 0.024674
v 0.045832 0.026084 0.013044
v 0.044988 -0.053125 0.029820
v 0.045704 -0.019039 0.018380
v 0.047987 0.017961 0.014175
v 0.047823 0.040854 0.014765
v 0.047625 0.034430 0.014169
v 0.046122 0.001782 0.014400
v 0.051202 -0.025081 0.023281
v 0.051776 -0.002584 0.018234
v 0.049135 0.050597 0.016655
v 0.047149 -0.030788 0.022517
v 0.051406 0.007758 0.016657
v 0.050682 0.045148 0.016658
v 0.050282 -0.020020 0.021266
v 0.052827 -0.014267 0.021289
v 0.050810 0.027456 0.015559
v 0.053976 -0.029929 0.026484
v 0.051158 -0.052270 0.032551
v 0.049580 0.056609 0.018434
v 0.054310 -0.047747 0.032566
v 0.053771 0.036381 0.017455
v 0.053569 -0.008304 0.020338
v 0.056787 0.029683 0.018903
v 0.054925 0.055588 0.020810
v 0.055464 -0.036098 0.029305
v 0.056387 0.015264 0.018962
v 0.056773 0.002344 0.020489
v 0.055160 0.022801 0.017946
v 0.056158 0.041907 0.019248
v 0.052546 0.057510 0.021092
v 0.056061 -0.052312 0.036026
v 0.057681 -0.018979 0.025832
v 0.057795 0.050442 0.021168
v 0.058030 -0.011546 0.023980
v 0.059567 -0.049986 0.036841
v 0.058980 0.008032 0.021164
v 0.058700 0.056801 0.023373
v 0.059596 -0.025766 0.029257
v 0.058043 -0.004758 0.022487
v 0.063211 -0.039184 0.035563
v 0.060337 0.036461 0.021259
v 0.060452 -0.032599 0.031647
v 0.060737 0.043844 0.022091
v 0.062830 -0.051132 0.039501
v 0.062013 0.023333 0.022147
v 0.064098 -0.006321 0.026951
v 0.063281 0.054886 0.025183
v 0.064454 -0.019515 0.030904
v 0.062850 -0.000542 0.024918
v 0.063001 -0.013173 0.027941
v 0.064920 0.015052 0.024461
v 0.065012 0.006423 0.025327
v 0.064503 0.050162 0.025074
v 0.065682 0.032784 0.024507
v 0.067180 0.043647 0.026012
v 0.066698 -0.047299 0.040702
v 0.066100 -0.024306 0.033409
v 0.068314 -0.041465 0.039875
v 0.069293 -0.031563 0.037552
v 0.069951 0.051642 0.028773
v 0.068278 -0.012512 0.031434
v 0.069859 0.023544 0.027446
v 0.069437 0.001463 0.029152
v 0.068790 -0.050769 0.043385
v 0.071189 0.008443 0.029343
v 0.071637 -0.022663 0.036826
v 0.071204 0.038815 0.028370
v 0.070719 -0.005752 0.031515
v 0.070259 0.015050 0.028052
v 0.071997 -0.017001 0.035400
v 0.071334 0.031330 0.028413
v 0.070147 0.056335 0.030441
v 0.074581 0.046326 0.031219
v 0.075350 -0.049188 0.047972
v 0.071722 -0.051848 0.046768
v 0.072524 -0.038618 0.041966
v 0.074249 -0.012174 0.035623
v 0.076021 0.029218 0.031759
v 0.074164 -0.028282 0.040198
v 0.074568 -0.044509 0.045613
v 0.075806 -0.006361 0.035333
v 0.074667 0.000726 0.033040
v 0.074005 0.053758 0.031855
v 0.077804 -0.032728 0.044067
v 0.076283 0.014100 0.032413
v 0.076274 0.036782 0.031976
v 0.075053 0.056255 0.033619
v 0.076813 0.020720 0.032478
v 0.078150 -0.018419 0.040246
v 0.078277 -0.038289 0.046186
v 0.077782 -0.051400 0.051106
v 0.078136 0.007291 0.034551
v 0.078219 0.053664 0.035020
v 0.079163 -0.025582 0.042986
v 0.078760 -0.010930 0.038642
v 0.080177 0.042482 0.035013
v 0.080927 -0.042103 0.049819
v 0.083131 0.050520 0.038314
v 0.081540 -0.006068 0.039505
v 0.080206 -0.000557 0.037353
v 0.081677 0.014614 0.036455
v 0.082123 -0.047650 0.053108
v 0.082258 0.023948 0.036344
v 0.081765 0.032472 0.035939
v 0.084673 -0.012907 0.043412
v 0.084953 -0.026534 0.047556
v 0.082811 -0.020869 0.044281
v 0.085104 0.004856 0.040111
v 0.085147 0.045948 0.039194
v 0.082516 -0.051383 0.055517
v 0.084540 -0.033330 0.049553
v 0.086030 0.029522 0.039006
v 0.088089 -0.039873 0.055459
v 0.086808 -0.002892 0.042652
v 0.087773 0.039354 0.040678
v 0.086319 -0.048505 0.057424
v 0.086784 0.010700 0.040571
v 0.089092 -0.017824 0.048209
v 0.087393 0.021074 0.040245
v 0.086862 -0.051137 0.059847
v 0.089701 0.016334 0.042285
v 0.088932 -0.033127 0.053270
v 0.089013 -0.008764 0.045566
v 0.092106 0.031860 0.043899
v 0.091782 0.000647 0.045818
v 0.091911 -0.027053 0.053549
v 0.091760 -0.043462 0.060930
v 0.092225 0.009126 0.045038
v 0.091530 -0.048256 0.062759
v 0.092122 0.023568 0.043773
v 0.093375 -0.005549 0.048359
v 0.090656 -0.050900 0.064302
v 0.093562 -0.032821 0.057431
v 0.096607 -0.036119 0.062078
v -0.125729 0.059928 0.052895
v -0.124048 0.059171 0.047768
v -0.126196 0.058183 0.048137
v -0.125930 0.054384 0.041018
v -0.125115 0.059171 0.059782
v -0.122564 0.060278 0.056255
v -0.124455 0.062560 0.073289
v -0.124411 0.061532 0.067275
v -0.125456 0.061148 0.069455
v -0.122459 0.059202 0.049600
v -0.121526 0.062760 0.074230
v -0.126296 0.049101 0.035212
v -0.120125 0.055343 0.034595
v -0.122613 0.055706 0.039287
v -0.121818 0.061160 0.079137
v -0.117645 0.061810 0.061350
v -0.121759 0.057949 0.043571
v -0.118908 0.058955 0.044809
v -0.118596 0.060296 0.052494
v -0.119136 0.062316 0.080204
v -0.119236 0.057766 0.039459
v -0.114541 0.062795 0.066934
v -0.115693 0.063500 0.080673
v -0.114898 0.063746 0.076475
v -0.115433 0.057644 0.036389
v -0.114593 0.055817 0.030209
v -0.112703 0.060050 0.046243
v -0.109482 0.062298 0.054445
v -0.104734 0.059124 0.038695
v -0.107208 0.063512 0.062359
v -0.111612 0.062438 0.081393
v -0.112122 0.063976 0.079620
v -0.109299 0.063162 0.068300
v -0.108095 0.063423 0.075243
v -0.107052 0.056879 0.027514
v -0.106383 0.063577 0.078428
v -0.109952 0.054619 0.025682
v -0.103567 0.062182 0.051523
v -0.100272 0.056339 0.022090
v -0.102227 0.063514 0.071022
v -0.099175 0.062496 0.077195
v -0.099634 0.064038 0.075587
v -0.093274 0.064440 0.063176
v -0.095858 0.061743 0.047233
v -0.093654 0.058373 0.029928
v -0.094063 0.064590 0.070014
v -0.093483 0.064353 0.074707
v -0.092076 0.063875 0.055223
v -0.085148 0.060894 0.041558
v -0.089673 0.065157 0.072653
v -0.086400 0.057524 0.019273
v -0.094810 0.055087 0.018941
v -0.086133 0.063153 0.050669
v -0.084198 0.064822 0.068451
v -0.080598 0.058680 0.029348
v -0.084622 0.064525 0.060826
v -0.082018 0.064076 0.070984
v -0.085503 0.056489 0.015847
v -0.077488 0.057032 0.014359
v -0.076867 0.064516 0.058044
v -0.068379 0.062711 0.046076
v -0.081048 0.055767 0.013966
v -0.075189 0.064476 0.067007
v -0.075585 0.057741 0.021941
v -0.071707 0.058569 0.028723
v -0.069589 0.060150 0.036514
v -0.066303 0.057795 0.017570
v -0.072387 0.058689 0.025074
v -0.067730 0.064424 0.063292
v -0.070918 0.057843 0.021753
v -0.063340 0.064356 0.055841
v -0.065042 0.057344 0.010943
v -0.069868 0.058642 0.026536
v -0.068882 0.059147 0.024620
v -0.070883 0.059638 0.023835
v -0.071005 0.059780 0.025882
v -0.063484 0.059690 0.033604
v -0.065928 0.058349 0.025818
v -0.063717 0.061360 0.040454
v -0.061461 0.064352 0.065887
v -0.052509 0.064618 0.062845
v -0.052893 0.058163 0.014036
v -0.053516 0.059398 0.029180
v -0.055321 0.062780 0.043924
v -0.055106 0.057319 0.008127
v -0.053645 0.064348 0.052816
v -0.047311 0.057456 0.007199
v -0.048055 0.062159 0.039884
v -0.048867 0.064449 0.057516
v -0.049348 0.063939 0.066612
v -0.047373 0.064188 0.049298
v -0.041438 0.063943 0.066387
v -0.045481 0.058704 0.019321
v -0.038960 0.059178 0.024783
v -0.041633 0.064541 0.063276
v -0.039639 0.058590 0.007689
v -0.038123 0.064345 0.057401
v -0.041351 0.058529 0.014029
v -0.038805 0.063919 0.046139
v -0.040129 0.059377 0.018534
v -0.030856 0.061563 0.035944
v -0.037550 0.064539 0.052717
v -0.029894 0.058910 0.011024
v -0.035324 0.064718 0.065642
v -0.035744 0.056451 0.004998
v -0.033466 0.064499 0.049459
v -0.030924 0.058617 0.006161
v -0.031529 0.064312 0.056211
v -0.028044 0.063901 0.045160
v -0.026923 0.065008 0.065019
v -0.023949 0.058956 0.018191
v -0.027611 0.064424 0.052585
v -0.028247 0.064847 0.067219
v -0.024971 0.064361 0.060055
v -0.021653 0.060450 0.031752
v -0.019484 0.063869 0.047995
v -0.020054 0.058767 0.005900
v -0.019086 0.064345 0.066323
v -0.014997 0.061744 0.037934
v -0.013988 0.058970 0.009623
v -0.015920 0.059422 0.026805
v -0.016388 0.064089 0.055378
v -0.011980 0.064019 0.059269
v -0.010215 0.058856 0.022771
v -0.011166 0.063955 0.050722
v -0.006402 0.063388 0.047959
v -0.010738 0.064355 0.065017
v -0.007383 0.059879 0.032960
v -0.006105 0.058928 0.006766
v -0.006105 0.058928 0.006766
v -0.007834 0.056659 0.004560
v -0.020054 0.058767 0.005900
v -0.006004 0.062657 0.066246
v -0.005457 0.058527 0.017084
v -0.002905 0.061421 0.040286
v 0.000332 0.058455 0.025358
v -0.001101 0.058725 0.011111
v -0.000595 0.063548 0.060762
v 0.001239 0.058862 0.031140
v 0.005427 0.059735 0.038024
v -0.000713 0.063179 0.067915
v 0.002357 0.057687 0.005575
v 0.007595 0.061792 0.046611
v 0.002422 0.058305 0.016927
v 0.003736 0.063648 0.068758
v 0.003493 0.058819 0.007351
v 0.003493 0.058819 0.007351
v 0.012165 0.062532 0.056615
v 0.005340 0.063101 0.065226
v 0.010427 0.058088 0.017002
v 0.008317 0.058664 0.008954
v 0.007722 0.058583 0.033158
v 0.008012 0.063061 0.071208
v 0.008258 0.063430 0.069835
v 0.010589 0.056400 0.006122
v 0.008317 0.058664 0.008954
v 0.013866 0.057921 0.030049
v 0.016939 0.059389 0.043344
v 0.012229 0.062585 0.064658
v 0.013603 0.062636 0.071442
v 0.015799 0.058298 0.011984
v 0.017381 0.060980 0.073973
v 0.018859 0.058141 0.008887
v 0.018750 0.061833 0.066410
v 0.021894 0.057648 0.019209
v 0.018859 0.058141 0.008887
v 0.017298 0.062419 0.072746
v 0.025817 0.057281 0.030617
v 0.021403 0.061745 0.072207
v 0.021816 0.058224 0.011734
v 0.032910 0.058731 0.052089
v 0.024292 0.061350 0.073834
v 0.025141 0.061099 0.062164
v 0.029423 0.057845 0.016704
v 0.028204 0.058082 0.011734
v 0.028204 0.058082 0.011734
v 0.029056 0.056362 0.010377
v 0.018859 0.058141 0.008887
v 0.026752 0.060884 0.069628
v 0.035328 0.056930 0.042894
v 0.032635 0.056960 0.035424
v 0.028832 0.060020 0.075322
v 0.029633 0.060392 0.073428
v 0.032371 0.060484 0.066666
v 0.033747 0.059819 0.059389
v 0.032587 0.059802 0.075929
v 0.033646 0.058115 0.014300
v 0.036772 0.060025 0.064077
v 0.038644 0.056969 0.028154
v 0.037070 0.060112 0.072380
v 0.033646 0.058115 0.014300
v 0.036167 0.056706 0.039696
v 0.035091 0.059123 0.079107
v 0.037533 0.060136 0.078428
v 0.038377 0.057791 0.018729
v 0.039595 0.056900 0.035255
v 0.039023 0.057562 0.014663
v 0.039023 0.057562 0.014663
v 0.041614 0.060609 0.083326
v 0.044081 0.058526 0.060662
v 0.040361 0.056877 0.040042
v 0.044281 0.059465 0.065912
v 0.043064 0.059994 0.078173
v 0.046750 0.056259 0.038846
v 0.047840 0.056744 0.030942
v 0.045445 0.057854 0.018377
v 0.047600 0.057426 0.023562
v 0.048859 0.056658 0.051402
v 0.048649 0.059881 0.080921
v 0.045956 0.060787 0.087027
v 0.044995 0.056116 0.016119
v 0.039023 0.057562 0.014663
v 0.045445 0.057854 0.018377
v 0.051989 0.058892 0.071054
v 0.049580 0.056609 0.018434
v 0.050832 0.061137 0.090593
v 0.048557 0.060411 0.090625
v 0.054171 0.056931 0.059731
v 0.052284 0.060363 0.087799
v 0.052546 0.057510 0.021092
v 0.056248 0.056411 0.035762
v 0.052546 0.057510 0.021092
v 0.054684 0.060639 0.095328
v 0.055246 0.057197 0.027602
v 0.056762 0.058696 0.076423
v 0.056936 0.060968 0.094935
v 0.060467 0.055687 0.050476
v 0.057468 0.057474 0.067489
v 0.059119 0.059218 0.084199
v 0.057510 0.060305 0.091052
v 0.060487 0.056012 0.041657
v 0.058521 0.057503 0.025194
v 0.058700 0.056801 0.023373
v 0.052546 0.057510 0.021092
v 0.058521 0.057503 0.025194
v 0.059656 0.060561 0.099858
v 0.062686 0.057568 0.074469
v 0.061051 0.057133 0.029976
v 0.063792 0.055905 0.063139
v 0.062807 0.060397 0.097696
v 0.064027 0.055480 0.056487
v 0.064755 0.059284 0.090503
v 0.065033 0.057125 0.028932
v 0.063281 0.054886 0.025183
v 0.067363 0.056605 0.036453
v 0.065033 0.057125 0.028932
v 0.065085 0.060576 0.103486
v 0.065733 0.056279 0.069537
v 0.067727 0.057911 0.083349
v 0.066873 0.055641 0.045215
v 0.069070 0.056598 0.076064
v 0.068314 0.059888 0.100633
v 0.072385 0.054735 0.063295
v 0.071028 0.055039 0.053309
v 0.072756 0.057956 0.090004
v 0.070147 0.056335 0.030441
v 0.070079 0.060131 0.108003
v 0.072422 0.055769 0.044780
v 0.069017 0.059979 0.111122
v 0.071347 0.055158 0.068650
v 0.077444 0.055708 0.081668
v 0.072754 0.059565 0.104175
v 0.074347 0.054603 0.058510
v 0.073826 0.056995 0.034694
v 0.074229 0.055211 0.073913
v 0.072082 0.060073 0.116106
v 0.075042 0.059711 0.110968
v 0.076462 0.058114 0.096477
v 0.070147 0.056335 0.030441
v 0.076738 0.059464 0.115942
v 0.072039 0.059154 0.117721
v 0.074395 0.059178 0.118339
v 0.077845 0.055324 0.051418
v 0.075053 0.056255 0.033619
v 0.079097 0.054101 0.068334
v 0.078525 0.056622 0.038974
v 0.080373 0.058480 0.105933
v 0.080187 0.055823 0.045864
v 0.078628 0.058451 0.119851
v 0.081112 0.054279 0.074038
v 0.079318 0.054234 0.062503
v 0.080571 0.056177 0.089114
v 0.081962 0.054805 0.058094
v 0.080678 0.056015 0.037996
v 0.074426 0.057102 0.120000
v 0.079500 0.057790 0.123645
v 0.079491 0.056322 0.126449
v 0.083953 0.056438 0.096268
v 0.083760 0.058372 0.113172
v 0.084361 0.058189 0.119128
v 0.083046 0.054890 0.053185
v 0.083031 0.057910 0.124094
v 0.086411 0.053742 0.065322
v 0.085423 0.054361 0.083479
v 0.083054 0.057283 0.128107
v 0.085312 0.056138 0.042596
v 0.082640 0.055824 0.131286
v 0.083367 0.056381 0.043203
v 0.087190 0.057234 0.107973
v 0.083566 0.053947 0.140916
v 0.082695 0.051814 0.146520
v 0.087179 0.052191 0.147024
v 0.087645 0.055972 0.047730
v 0.084389 0.050001 0.151302
v 0.085015 0.054663 0.140164
v 0.084234 0.055915 0.136616
v 0.087404 0.053489 0.074797
v 0.086129 0.057287 0.130683
v 0.087720 0.054904 0.092515
v 0.089162 0.056014 0.138076
v 0.090810 0.055268 0.053371
v 0.088502 0.057364 0.123810
v 0.089326 0.054144 0.060041
v 0.090760 0.051243 0.155450
v 0.091489 0.053389 0.079980
v 0.094446 0.053090 0.143146
v 0.092044 0.055584 0.104260
v 0.091597 0.056694 0.115990
v 0.094088 0.053870 0.093044
v 0.093572 0.053383 0.071302
v 0.090607 0.056571 0.134518
v 0.093281 0.056490 0.130130
v 0.092185 0.055796 0.049289
v 0.090619 0.055022 0.097587
v 0.092185 0.055796 0.049289
v 0.089309 0.054279 0.044699
v 0.085312 0.056138 0.042596
v 0.096454 0.055977 0.123693
v 0.093718 0.053838 0.064974
v 0.097231 0.052078 0.151251
v 0.093769 0.054621 0.049297
v 0.096170 0.054848 0.059141
v 0.096515 0.055062 0.109582
v 0.097258 0.054165 0.101424
v 0.099099 0.055219 0.117949
v 0.099538 0.055048 0.138396
v 0.097420 0.053115 0.085826
v 0.096577 0.055306 0.053338
v 0.096577 0.055306 0.053338
v 0.090469 0.049629 0.157535
v 0.097998 0.050736 0.158448
v 0.097082 0.053628 0.091154
v 0.097448 0.055813 0.134908
v 0.101297 0.053262 0.080053
v 0.099495 0.052196 0.157046
v 0.099730 0.053605 0.094142
v 0.099637 0.055575 0.130624
v 0.101745 0.053728 0.073508
v 0.101627 0.054523 0.065791
v 0.100025 0.055222 0.058399
v 0.100436 0.054620 0.056967
v 0.100465 0.053089 0.090830
v 0.099379 0.054227 0.091786
v 0.103274 0.054074 0.113789
v 0.103197 0.054986 0.134209
v 0.100907 0.052305 0.153123
v 0.103287 0.052942 0.091512
v 0.103105 0.053549 0.106063
v 0.105039 0.053153 0.100635
v 0.106614 0.054284 0.125260
v 0.106101 0.053145 0.086447
v 0.103102 0.052085 0.157975
v 0.104089 0.054584 0.062708
v 0.104891 0.053023 0.143147
v 0.106307 0.052612 0.156626
v 0.106560 0.053882 0.077445
v 0.108507 0.054262 0.132223
v 0.105997 0.052666 0.149590
v 0.108395 0.053639 0.117325
v 0.106119 0.054313 0.071581
v 0.109375 0.053082 0.094673
v 0.112549 0.053215 0.110789
v 0.107816 0.054601 0.070483
v 0.107719 0.052940 0.153253
v 0.107196 0.054075 0.140181
v 0.108249 0.053784 0.143072
v 0.111428 0.053780 0.084128
v 0.109303 0.053126 0.146692
v 0.108732 0.052933 0.149651
v 0.116679 0.053379 0.103235
v 0.109725 0.053935 0.148586
v 0.112101 0.054005 0.136703
v 0.110434 0.053796 0.140316
v 0.112110 0.053373 0.151387
v 0.111601 0.054325 0.078857
v 0.113344 0.052972 0.147026
v 0.113612 0.053607 0.124504
v 0.113334 0.052439 0.141812
v 0.111730 0.053325 0.074967
v 0.113380 0.052586 0.154881
v 0.117540 0.053662 0.132482
v 0.115875 0.053638 0.092978
v 0.115923 0.054214 0.138031
v 0.114118 0.054149 0.084157
v 0.115532 0.053673 0.084073
v 0.117239 0.053672 0.090811
v 0.118132 0.053094 0.144710
v 0.117787 0.053903 0.140286
v 0.118245 0.052753 0.152736
v 0.118751 0.053332 0.150875
v 0.119399 0.053727 0.136929
v 0.119699 0.053499 0.124198
v 0.118925 0.053715 0.099192
v 0.118871 0.054616 0.138004
v 0.121114 0.053552 0.115488
v 0.120648 0.053050 0.099640
v 0.121331 0.053670 0.140616
v 0.122275 0.052793 0.150095
v 0.121491 0.053581 0.106888
v 0.123706 0.053599 0.136858
v 0.123851 0.053381 0.143776
v 0.122816 0.053502 0.147835
v 0.123210 0.052991 0.111795
v 0.123548 0.053555 0.130655
v 0.124088 0.053025 0.117250
v 0.124402 0.053424 0.124085
v 0.124382 0.052450 0.146469
v 0.125214 0.052827 0.140113
v 0.125383 0.053084 0.132461
v -0.123021 -0.046932 0.091907
v -0.126180 -0.049416 0.089257
v -0.122993 -0.051887 0.089779
v -0.122833 -0.042431 0.092715
v -0.124031 -0.040075 0.092659
v -0.116235 -0.051748 0.089998
v -0.121706 -0.037204 0.093574
v -0.121400 -0.030596 0.093272
v -0.122765 0.014735 0.088167
v -0.121758 0.007932 0.088118
v -0.120729 0.011514 0.089005
v -0.122917 0.025489 0.084340
v -0.122766 0.019354 0.087404
v -0.121121 0.021509 0.087117
v -0.121095 0.027064 0.084632
v -0.121174 0.033085 0.081705
v -0.121692 0.017046 0.088451
v -0.118149 -0.046494 0.091298
v -0.118080 0.018297 0.086661
v -0.119896 -0.032823 0.093357
v -0.118767 -0.040309 0.091941
v -0.117370 0.034073 0.081149
v -0.119323 0.042379 0.078539
v -0.116672 -0.032844 0.091598
v -0.118659 0.047420 0.078309
v -0.119594 0.050004 0.078244
v -0.118130 0.024701 0.084626
v -0.117997 -0.023120 0.092836
v -0.119771 -0.018008 0.091821
v -0.113021 0.008236 0.086696
v -0.120540 0.006192 0.089203
v -0.117335 -0.009138 0.091816
v -0.119821 -0.010975 0.090632
v -0.119211 -0.002106 0.089776
v -0.115939 -0.002524 0.089909
v -0.118953 0.060429 0.081811
v -0.119152 0.057081 0.081837
v -0.116714 0.058120 0.082104
v -0.119136 0.062316 0.080204
v -0.114394 -0.044398 0.089288
v -0.115853 0.049120 0.079303
v -0.116005 -0.012461 0.092021
v -0.113169 -0.039132 0.088820
v -0.112476 0.042685 0.078144
v -0.111566 0.020513 0.083594
v -0.115693 0.063500 0.080673
v -0.112234 -0.027999 0.089063
v -0.111437 -0.007205 0.088422
v -0.112120 -0.019183 0.089386
v -0.112092 -0.049252 0.088403
v -0.113750 0.056684 0.081164
v -0.109212 -0.033832 0.086510
v -0.108547 0.035365 0.077671
v -0.108265 0.052033 0.079907
v -0.107611 -0.011177 0.085574
v -0.111612 0.062438 0.081393
v -0.109054 0.058961 0.081072
v -0.107927 0.021063 0.081007
v -0.109277 -0.052469 0.085892
v -0.105653 0.003473 0.082144
v -0.107175 -0.042509 0.085136
v -0.105198 -0.019051 0.083781
v -0.099219 0.041761 0.074254
v -0.103972 0.010242 0.079831
v -0.103811 0.059223 0.080080
v -0.106383 0.063577 0.078428
v -0.106503 -0.025151 0.085063
v -0.097900 0.027124 0.072633
v -0.103763 -0.047220 0.083179
v -0.101097 -0.000041 0.078678
v -0.101041 0.052684 0.078815
v -0.100087 -0.038046 0.081608
v -0.101887 -0.032496 0.082058
v -0.100400 -0.052720 0.080706
v -0.102237 0.018952 0.077041
v -0.099347 -0.016032 0.079010
v -0.099701 -0.008740 0.078663
v -0.098545 -0.026158 0.079850
v -0.094884 0.014819 0.071845
v -0.099175 0.062496 0.077195
v -0.097077 -0.050537 0.079643
v -0.097114 0.009066 0.074020
v -0.099262 0.056914 0.079766
v -0.097039 0.060011 0.077293
v -0.100185 0.059012 0.079425
v -0.091094 0.052980 0.075353
v -0.090141 -0.043781 0.077372
v -0.094159 -0.037113 0.078218
v -0.094266 -0.004842 0.073580
v -0.094560 -0.010953 0.074698
v -0.093040 0.057815 0.077053
v -0.092548 0.060879 0.075308
v -0.092851 -0.021252 0.075205
v -0.087191 0.007810 0.066805
v -0.093483 0.064353 0.074707
v -0.089960 -0.053654 0.074118
v -0.091259 -0.015906 0.073193
v -0.087699 -0.026142 0.073521
v -0.088050 0.027095 0.067230
v -0.088863 0.041759 0.070694
v -0.088756 -0.051987 0.076110
v -0.088841 -0.036178 0.075201
v -0.085364 -0.010629 0.068475
v -0.088059 0.063277 0.073477
v -0.087623 -0.003689 0.068487
v -0.087068 0.057959 0.074283
v -0.084622 0.060238 0.072988
v -0.077005 0.032130 0.063597
v -0.089673 0.065157 0.072653
v -0.085459 -0.050249 0.075384
v -0.082184 -0.037792 0.072560
v -0.081289 -0.032691 0.071912
v -0.084269 0.003558 0.065225
v -0.082018 0.064076 0.070984
v -0.074358 0.051004 0.070836
v -0.081814 0.056033 0.073369
v -0.081972 -0.053009 0.073627
v -0.076942 -0.044217 0.073371
v -0.078815 -0.013258 0.065736
v -0.079790 -0.002172 0.063779
v -0.074007 0.017402 0.059274
v -0.077806 -0.051110 0.073647
v -0.073286 -0.019943 0.065662
v -0.076608 0.005337 0.060831
v -0.078340 0.060004 0.072374
v -0.074226 0.043500 0.067210
v -0.074783 -0.038764 0.071012
v -0.074848 -0.006544 0.062282
v -0.074025 0.059946 0.070735
v -0.074518 0.056676 0.072437
v -0.074023 -0.052809 0.072236
v -0.075189 0.064476 0.067007
v -0.071571 -0.002679 0.059531
v -0.068204 0.026179 0.058440
v -0.067855 -0.051493 0.072164
v -0.069182 -0.034631 0.069353
v -0.069022 0.036436 0.062491
v -0.070191 0.007921 0.057282
v -0.069611 0.013102 0.056603
v -0.068127 0.000778 0.057043
v -0.064981 0.044943 0.066168
v -0.066845 -0.041879 0.071615
v -0.068972 0.056649 0.071679
v -0.061580 0.059998 0.069136
v -0.067461 -0.008132 0.059325
v -0.061095 -0.023870 0.063570
v -0.061461 0.064352 0.065887
v -0.066045 -0.045388 0.072444
v -0.061609 0.017156 0.053610
v -0.059740 0.008491 0.052784
v -0.062101 -0.015164 0.059775
v -0.062918 0.053094 0.070209
v -0.056873 -0.007637 0.055259
v -0.063187 0.056515 0.071079
v -0.057906 -0.032718 0.067588
v -0.061495 -0.048619 0.072623
v -0.062170 0.024088 0.055295
v -0.057118 0.030453 0.056286
v -0.058025 -0.037939 0.068932
v -0.060938 -0.043653 0.072528
v -0.058710 -0.051660 0.072346
v -0.055818 0.038112 0.059899
v -0.057692 -0.040875 0.071584
v -0.056946 0.022506 0.052798
v -0.052758 0.046977 0.064983
v -0.051757 0.056246 0.069460
v -0.052288 -0.044368 0.074105
v -0.053867 -0.049009 0.073351
v -0.049726 0.033846 0.056174
v -0.052791 -0.027066 0.063838
v -0.052628 -0.019295 0.059542
v -0.053865 0.017357 0.050415
v -0.048286 0.002813 0.049079
v -0.053632 -0.052198 0.072451
v -0.047312 0.021532 0.050279
v -0.049520 -0.015611 0.056445
v -0.050578 -0.037565 0.069101
v -0.051153 0.011790 0.048876
v -0.044647 -0.005192 0.050426
v -0.049348 0.063939 0.066612
v -0.049430 0.016442 0.049271
v -0.047746 -0.049172 0.074567
v -0.045735 0.060109 0.068388
v -0.045029 -0.022957 0.060848
v -0.045793 -0.052059 0.073826
v -0.046602 -0.033214 0.067774
v -0.046137 -0.027761 0.063611
v -0.040371 0.023606 0.049810
v -0.044838 -0.011139 0.053220
v -0.043120 0.042105 0.060027
v -0.045987 0.011992 0.047557
v -0.046960 -0.045226 0.075073
v -0.042865 0.052108 0.066158
v -0.043311 -0.015678 0.055543
v -0.047242 -0.042246 0.074153
v -0.043172 0.016249 0.048868
v -0.041438 0.063943 0.066387
v -0.042967 -0.045761 0.074855
v -0.041013 0.009666 0.046659
v -0.041207 -0.031689 0.066931
v -0.038735 0.035038 0.054947
v -0.040153 -0.019131 0.057800
v -0.039304 0.055990 0.067976
v -0.037817 0.000727 0.047434
v -0.041325 -0.050581 0.075109
v -0.046168 -0.038249 0.070303
v -0.039430 -0.037397 0.070084
v -0.037456 0.051017 0.064091
v -0.038869 -0.008850 0.050561
v -0.039018 -0.048338 0.075547
v -0.036491 -0.030400 0.065544
v -0.036304 -0.026883 0.062216
v -0.035143 -0.052467 0.074777
v -0.036569 -0.013377 0.053159
v -0.036132 0.007692 0.046702
v -0.034745 0.013087 0.046741
v -0.029493 0.050211 0.062554
v -0.035474 -0.050695 0.076222
v -0.031884 0.062285 0.067918
v -0.032415 0.058266 0.068110
v -0.033817 -0.034789 0.068969
v -0.032324 -0.010698 0.051047
v -0.033791 -0.005848 0.048717
v -0.032138 -0.022881 0.060009
v -0.032748 0.026610 0.049843
v -0.033129 0.055188 0.066596
v -0.035324 0.064718 0.065642
v -0.031750 -0.016995 0.055884
v -0.034924 0.032807 0.053548
v -0.030044 0.035920 0.054761
v -0.031455 0.030838 0.052998
v -0.032530 -0.046673 0.076903
v -0.029183 -0.002667 0.047478
v -0.030337 0.016370 0.046639
v -0.029759 -0.028986 0.064071
v -0.028247 0.064847 0.067219
v -0.027947 -0.025748 0.061557
v -0.028777 0.007162 0.047950
v -0.027442 -0.050907 0.077068
v -0.029774 0.002627 0.047295
v -0.021872 0.043153 0.058010
v -0.028406 0.022208 0.048033
v -0.026631 0.013064 0.046251
v -0.025431 -0.007125 0.048748
v -0.025069 0.018782 0.047087
v -0.024476 -0.052822 0.076177
v -0.023707 -0.020782 0.059322
v -0.027250 0.030437 0.052451
v -0.025343 -0.048146 0.077567
v -0.024024 0.009075 0.046945
v -0.025798 0.016192 0.046200
v -0.024502 0.028582 0.050399
v -0.023228 0.059142 0.067239
v -0.025243 0.004111 0.046864
v -0.025054 -0.045428 0.078207
v -0.027872 -0.043161 0.077459
v -0.024140 0.034851 0.053849
v -0.022984 0.000398 0.046739
v -0.018993 -0.004062 0.047725
v -0.021896 -0.043448 0.077277
v -0.026411 -0.040858 0.074241
v -0.022975 0.024180 0.048539
v -0.020912 -0.047035 0.077767
v -0.019086 0.064345 0.066323
v -0.022196 0.014879 0.045790
v -0.020849 0.030801 0.051015
v -0.018424 -0.052023 0.077408
v -0.019803 0.005258 0.046459
v -0.017538 -0.040547 0.073900
v -0.027211 -0.036530 0.070610
v -0.015973 0.010583 0.046559
v -0.016919 0.052754 0.063514
v -0.018898 0.034546 0.053269
v -0.016549 -0.044176 0.077160
v -0.018308 0.024963 0.048890
v -0.014281 0.059433 0.066752
v -0.018652 -0.007779 0.049591
v -0.016151 0.016650 0.046092
v -0.015297 0.030749 0.050936
v -0.017016 -0.053736 0.076157
v -0.015459 0.000480 0.047371
v -0.015691 -0.048714 0.077584
v -0.015147 0.022379 0.048696
v -0.012327 0.036834 0.055030
v -0.013377 0.019382 0.047118
v -0.011843 0.005813 0.047089
v -0.011579 0.056039 0.065962
v -0.010750 -0.045451 0.077942
v -0.008596 -0.052262 0.078856
v -0.011927 -0.053882 0.077516
v -0.009983 -0.041750 0.075353
v -0.010351 -0.048920 0.078242
v -0.009642 0.026013 0.049793
v -0.008313 0.050878 0.063071
v -0.010014 0.016352 0.046874
v -0.006249 0.030067 0.052234
v -0.008277 0.013311 0.047606
v -0.008846 0.042899 0.058747
v -0.006989 0.019786 0.047988
v -0.006004 0.062657 0.066246
v -0.005841 0.056845 0.066761
v -0.006630 -0.054333 0.078148
v -0.004665 0.012172 0.048867
v -0.006186 0.053366 0.064675
v -0.003971 0.041134 0.058647
v -0.003549 0.045401 0.061807
v -0.002728 0.007205 0.049211
v -0.003104 0.016347 0.048540
v -0.001235 0.023794 0.050227
v 0.001144 0.054786 0.068419
v -0.001671 0.035596 0.056385
v 0.001029 0.051135 0.065690
v -0.000120 0.059749 0.068384
v 0.000985 0.045133 0.062996
v -0.004597 0.000004 0.049856
v 0.002020 0.006235 0.049760
v 0.001434 0.017123 0.049617
v -0.000713 0.063179 0.067915
v 0.001633 0.013121 0.049345
v 0.003551 0.031083 0.054916
v 0.003490 0.037651 0.059200
v 0.004711 0.023002 0.051492
v 0.005502 0.019829 0.051820
v 0.006424 0.012049 0.050242
v 0.006551 0.046430 0.065668
v 0.007272 0.016057 0.051400
v 0.008990 0.032673 0.057858
v 0.009827 0.021963 0.052387
v 0.009078 0.026425 0.053757
v 0.009425 0.018406 0.052660
v 0.013066 0.038746 0.063568
v 0.010868 0.014617 0.051499
v 0.012544 0.023338 0.053267
v 0.014698 0.018721 0.053146
v -0.070918 0.057843 0.021753
v -0.072387 0.058689 0.025074
v -0.070883 0.059638 0.023835
v -0.071005 0.059780 0.025882
v -0.069868 0.058642 0.026536
v -0.054442 -0.039548 0.070565
v -0.058025 -0.037939 0.068932
v -0.057692 -0.040875 0.071584
v -0.050578 -0.037565 0.069101
v -0.050291 -0.040809 0.072572
v -0.052288 -0.044368 0.074105
v -0.046168 -0.038249 0.070303
v -0.047242 -0.042246 0.074153
v -0.046602 -0.033214 0.067774
v -0.040493 -0.040763 0.073550
v -0.042967 -0.045761 0.074855
v -0.037687 -0.042866 0.075944
v -0.039430 -0.037397 0.070084
v -0.039018 -0.048338 0.075547
v -0.033900 -0.039389 0.072085
v -0.032530 -0.046673 0.076903
v -0.032346 -0.042371 0.076433
v -0.033817 -0.034789 0.068969
v -0.036491 -0.030400 0.065544
v -0.028931 -0.031996 0.067410
v -0.029759 -0.028986 0.064071
v -0.027211 -0.036530 0.070610
v -0.026411 -0.040858 0.074241
v -0.027225 -0.012616 0.052869
v -0.032324 -0.010698 0.051047
v -0.031750 -0.016995 0.055884
v -0.027872 -0.043161 0.077459
v -0.025421 -0.017442 0.057115
v -0.023707 -0.020782 0.059322
v -0.025407 -0.013813 0.055162
v -0.025431 -0.007125 0.048748
v -0.022046 -0.028331 0.064278
v -0.027947 -0.025748 0.061557
v -0.022669 -0.010927 0.052160
v -0.019947 -0.024365 0.062037
v -0.023182 -0.032012 0.067853
v -0.022407 -0.014397 0.056631
v -0.018016 -0.015766 0.056627
v -0.017818 -0.036045 0.071070
v -0.018652 -0.007779 0.049591
v -0.018486 -0.011677 0.053398
v -0.017538 -0.040547 0.073900
v -0.013601 -0.030640 0.067858
v -0.014784 -0.019306 0.059539
v -0.014191 -0.027289 0.064791
v -0.012729 -0.007249 0.050383
v -0.018993 -0.004062 0.047725
v -0.011416 -0.036103 0.071834
v -0.012301 -0.023164 0.063040
v -0.015459 0.000480 0.047371
v -0.011926 -0.013272 0.055450
v -0.008203 -0.004902 0.050170
v -0.007919 -0.020241 0.062087
v -0.006136 -0.031824 0.070176
v -0.006859 -0.009896 0.053604
v -0.007534 -0.027555 0.066511
v -0.009983 -0.041750 0.075353
v -0.004597 0.000004 0.049856
v -0.011843 0.005813 0.047089
v -0.006531 -0.036518 0.072959
v -0.004891 -0.025143 0.066274
v -0.005200 -0.013572 0.057555
v -0.008596 -0.052262 0.078856
v -0.004712 -0.046969 0.079626
v -0.010351 -0.048920 0.078242
v -0.010750 -0.045451 0.077942
v -0.004658 -0.040849 0.075741
v -0.003768 -0.052534 0.080180
v -0.006630 -0.054333 0.078148
v -0.003606 -0.018104 0.061401
v -0.004599 -0.044007 0.078680
v -0.001635 -0.022304 0.065485
v -0.002728 0.007205 0.049211
v -0.000039 -0.006775 0.052725
v -0.001549 -0.035686 0.074050
v 0.000438 -0.054537 0.080431
v -0.000942 -0.031770 0.071441
v -0.000278 -0.010353 0.055579
v 0.000352 -0.046899 0.081914
v -0.000483 -0.027824 0.069040
v 0.002855 -0.001857 0.051784
v -0.000777 -0.043084 0.079417
v 0.000858 -0.019179 0.063168
v 0.000851 -0.040685 0.077501
v 0.000492 -0.014092 0.060192
v 0.002020 0.006235 0.049760
v 0.004742 -0.053333 0.082990
v 0.001068 -0.044543 0.083229
v 0.003898 -0.042220 0.080864
v 0.004203 -0.033768 0.074636
v 0.005374 -0.023869 0.067920
v 0.003921 -0.011466 0.058274
v 0.004420 -0.029785 0.071037
v 0.001144 0.054786 0.068419
v 0.005606 0.056580 0.070972
v -0.000120 0.059749 0.068384
v 0.004332 -0.045755 0.084848
v 0.004746 -0.043870 0.084656
v 0.004228 -0.037340 0.077286
v 0.004726 0.062167 0.070274
v -0.000713 0.063179 0.067915
v 0.006538 -0.020004 0.065469
v 0.005258 -0.015138 0.061324
v 0.007152 -0.006874 0.054862
v 0.002632 -0.027505 0.068875
v 0.001029 0.051135 0.065690
v 0.000985 0.045133 0.062996
v 0.006551 0.046430 0.065668
v 0.007128 -0.049688 0.084963
v 0.009355 -0.042368 0.084654
v 0.009882 -0.037253 0.079528
v 0.009928 0.005603 0.051662
v 0.006530 0.051855 0.068170
v 0.008461 0.054082 0.071094
v 0.007974 -0.026849 0.069647
v 0.009951 -0.000997 0.053628
v 0.009263 -0.045657 0.086309
v 0.006424 0.012049 0.050242
v 0.009831 -0.010326 0.058553
v 0.009718 -0.030071 0.072990
v 0.011138 -0.022642 0.069214
v 0.011284 0.059602 0.072678
v 0.011858 -0.014722 0.063500
v 0.011258 0.052005 0.070501
v 0.012148 0.055851 0.073190
v 0.014598 -0.040598 0.084319
v 0.011909 0.010691 0.052056
v 0.010868 0.014617 0.051499
v 0.012737 0.045745 0.068004
v 0.013339 -0.054293 0.085566
v 0.013066 0.038746 0.063568
v 0.012171 -0.051667 0.086210
v 0.012233 -0.033050 0.077276
v 0.013581 -0.018130 0.066538
v 0.014380 0.028808 0.057677
v 0.008990 0.032673 0.057858
v 0.009078 0.026425 0.053757
v 0.014850 -0.026432 0.072299
v 0.014563 -0.007765 0.058002
v 0.016607 -0.043473 0.088158
v 0.015948 -0.029311 0.075158
v 0.015560 -0.003978 0.056507
v 0.014934 0.002118 0.054268
v 0.012544 0.023338 0.053267
v 0.015159 -0.047983 0.087896
v 0.015527 -0.011545 0.061976
v 0.016102 0.006745 0.053518
v 0.016427 0.052269 0.072667
v 0.016520 0.034147 0.062391
v 0.017268 -0.036120 0.081954
v 0.018427 -0.032249 0.079847
v 0.016528 0.023065 0.055227
v 0.018097 -0.022179 0.072078
v 0.014698 0.018721 0.053146
v 0.018715 0.056696 0.074916
v 0.018301 -0.052634 0.088280
v 0.018420 0.012528 0.053917
v 0.017947 -0.014452 0.066161
v 0.020017 -0.017226 0.068804
v 0.022516 -0.000647 0.058942
v 0.019676 0.045241 0.070954
v 0.020675 0.020327 0.056603
v 0.021074 0.037775 0.066390
v 0.022221 -0.044825 0.090857
v 0.020838 -0.011731 0.064751
v 0.020330 0.027427 0.059758
v 0.022794 -0.048064 0.090733
v 0.021735 -0.007666 0.061271
v 0.022086 -0.040027 0.086579
v 0.020965 -0.027806 0.075633
v 0.022481 0.003407 0.056732
v 0.023795 -0.025563 0.075924
v 0.024680 0.014836 0.057129
v 0.023650 0.048677 0.074276
v 0.024361 -0.014089 0.069159
v 0.023853 0.032279 0.064391
v 0.023475 -0.042692 0.090382
v 0.023692 -0.030178 0.079089
v 0.024361 0.007839 0.056680
v 0.025181 0.041711 0.071770
v 0.024052 -0.036491 0.084722
v 0.025368 -0.005315 0.062245
v 0.024393 0.051921 0.074629
v 0.027390 -0.032143 0.082602
v 0.025443 0.021841 0.059736
v 0.024319 -0.053108 0.090375
v 0.027433 -0.018451 0.073205
v 0.024828 0.028692 0.063813
v 0.028444 0.024092 0.062875
v 0.026719 -0.045955 0.092897
v 0.027912 -0.011082 0.067970
v 0.028979 -0.039658 0.089502
v 0.028804 -0.028169 0.078954
v 0.029789 0.032572 0.068127
v 0.027441 -0.049737 0.092101
v 0.027466 -0.021939 0.075988
v 0.026957 -0.003137 0.063120
v 0.028454 -0.043632 0.093067
v 0.026891 0.000632 0.061096
v 0.028533 -0.006847 0.064526
v 0.028375 0.004402 0.059244
v 0.030083 0.044767 0.075979
v 0.029050 0.012388 0.059026
v 0.028732 0.049416 0.076603
v 0.029825 -0.024997 0.078033
v 0.030543 -0.014315 0.072207
v 0.030092 0.038600 0.072655
v 0.029513 -0.053826 0.092234
v 0.030572 -0.035314 0.086734
v 0.032360 0.018203 0.062380
v 0.030322 -0.001007 0.062898
v 0.031578 0.007359 0.060431
v 0.031704 0.027361 0.067195
v 0.028832 0.060020 0.075322
v 0.027097 0.058674 0.075292
v 0.030538 0.058388 0.076033
v 0.031178 -0.046031 0.093918
v 0.032156 -0.021398 0.077727
v 0.026012 0.054961 0.075499
v 0.031485 -0.051585 0.093729
v 0.031069 0.053441 0.076742
v 0.032965 0.048212 0.078101
v 0.035197 -0.028126 0.082625
v 0.036899 -0.010984 0.073303
v 0.034601 -0.042688 0.094260
v 0.033920 -0.006685 0.067355
v 0.035282 0.012438 0.063070
v 0.035479 0.034574 0.073609
v 0.033257 0.055266 0.079155
v 0.032587 0.059802 0.075929
v 0.037521 -0.036576 0.091600
v 0.034906 -0.017147 0.075855
v 0.035508 -0.001459 0.065939
v 0.034150 0.003540 0.062802
v 0.035223 0.020617 0.065190
v 0.035091 0.059123 0.079107
v 0.036306 0.040562 0.078339
v 0.035548 0.050937 0.079775
v 0.033700 -0.054584 0.093653
v 0.035758 -0.046798 0.095487
v 0.036064 0.029885 0.070789
v 0.035930 -0.051291 0.096912
v 0.035192 0.057184 0.081441
v 0.037060 0.008704 0.063653
v 0.037864 -0.023328 0.081895
v 0.037464 -0.018671 0.078901
v 0.036169 0.023530 0.068373
v 0.036396 0.045082 0.080029
v 0.037529 0.026699 0.071276
v 0.037477 0.053858 0.083202
v 0.038801 0.016586 0.065970
v 0.037928 -0.048318 0.098160
v 0.040481 0.019848 0.069192
v 0.039436 0.057110 0.084457
v 0.040282 -0.004267 0.070604
v 0.040161 0.030514 0.073720
v 0.039417 -0.053753 0.098904
v 0.041168 -0.028818 0.086412
v 0.041002 0.005845 0.066634
v 0.039392 0.022703 0.071513
v 0.040693 0.047070 0.083529
v 0.040795 0.059196 0.083875
v 0.040596 -0.048926 0.101036
v 0.040700 -0.044391 0.097301
v 0.042839 -0.013716 0.078958
v 0.041614 0.060609 0.083326
v 0.042442 0.036460 0.080616
v 0.041490 0.051624 0.084943
v 0.041564 0.001028 0.068685
v 0.040330 0.042129 0.082118
v 0.043449 -0.050851 0.102422
v 0.041391 -0.019650 0.082511
v 0.041049 0.011409 0.066306
v 0.041304 -0.026066 0.084454
v 0.042260 0.025391 0.074294
v 0.043210 0.015785 0.069107
v 0.042520 -0.046834 0.100505
v 0.042860 -0.032698 0.091467
v 0.043543 0.030399 0.076762
v 0.042570 0.055217 0.086290
v 0.043312 -0.039714 0.096569
v 0.043190 -0.022277 0.084792
v 0.042422 -0.008284 0.075687
v 0.044144 -0.003068 0.073618
v 0.044614 0.041097 0.085145
v 0.045834 -0.026060 0.087039
v 0.045430 0.022330 0.075100
v 0.045527 -0.047870 0.104031
v 0.045795 0.010990 0.070390
v 0.046035 0.058705 0.088474
v 0.045633 -0.053602 0.102917
v 0.045038 -0.006123 0.077741
v 0.046743 0.003617 0.072205
v 0.043790 0.047356 0.086258
v 0.045042 0.054628 0.088874
v 0.046843 0.017427 0.073516
v 0.047147 -0.020269 0.086011
v 0.048678 -0.042983 0.101475
v 0.047521 -0.039345 0.099270
v 0.045594 -0.008962 0.078950
v 0.047491 0.028514 0.079626
v 0.046970 0.032655 0.082358
v 0.045956 0.060787 0.087027
v 0.047445 -0.034091 0.095988
v 0.046426 0.050587 0.089431
v 0.048544 -0.028267 0.091328
v 0.045466 0.048243 0.089427
v 0.049536 -0.016189 0.085290
v 0.049480 0.038159 0.088032
v 0.046927 0.044669 0.088801
v 0.048607 -0.023449 0.087905
v 0.048869 -0.045966 0.105469
v 0.049431 -0.010616 0.082179
v 0.048441 0.046691 0.091846
v 0.048687 -0.006540 0.079269
v 0.049107 -0.001989 0.076864
v 0.050172 0.056624 0.092818
v 0.048557 0.060411 0.090625
v 0.049792 0.011449 0.074631
v 0.050389 0.025078 0.081017
v 0.049533 -0.049533 0.106436
v 0.049485 -0.047700 0.107420
v 0.051998 -0.030877 0.097031
v 0.050602 0.020427 0.079522
v 0.051202 0.048057 0.093607
v 0.053380 0.029202 0.086084
v 0.052972 -0.052997 0.107813
v 0.051785 0.016244 0.078500
v 0.051093 0.005852 0.076320
v 0.050549 0.032305 0.085980
v 0.051809 0.043052 0.091916
v 0.053491 0.051019 0.094673
v 0.050766 -0.034552 0.099453
v 0.052951 -0.020343 0.090302
v 0.053570 0.034640 0.089624
v 0.052853 0.000904 0.078817
v 0.054684 0.060639 0.095328
v 0.052964 -0.045604 0.107990
v 0.052657 -0.043835 0.105110
v 0.053208 0.010165 0.078606
v 0.053298 -0.038615 0.102786
v 0.053450 -0.004361 0.081535
v 0.054690 -0.026869 0.096369
v 0.053562 -0.024054 0.092382
v 0.054888 -0.011609 0.087284
v 0.055247 0.021468 0.084708
v 0.053092 -0.048308 0.108568
v 0.056162 0.046096 0.096013
v 0.056178 0.054049 0.097948
v 0.055798 -0.032924 0.101383
v 0.056078 -0.042015 0.106129
v 0.056752 0.005144 0.082915
v 0.056860 0.038839 0.094459
v 0.056561 0.059120 0.097285
v 0.057495 -0.047160 0.111995
v 0.057248 -0.003201 0.084954
v 0.057002 -0.019120 0.093479
v 0.057283 0.013980 0.084490
v 0.057529 -0.037082 0.105486
v 0.057701 -0.051984 0.111657
v 0.057784 0.026771 0.089624
v 0.057324 -0.044496 0.109727
v 0.058487 -0.023298 0.097217
v 0.060195 -0.011051 0.092484
v 0.059243 0.030794 0.093269
v 0.058798 -0.053897 0.111196
v 0.058195 -0.027038 0.099772
v 0.059552 -0.039835 0.107992
v 0.061305 0.008885 0.088980
v 0.059656 0.060561 0.099858
v 0.059963 0.043058 0.098189
v 0.060349 -0.019578 0.097843
v 0.059684 0.021397 0.089814
v 0.059935 0.049773 0.099356
v 0.061145 -0.004815 0.090236
v 0.061141 0.036714 0.097443
v 0.060940 0.057049 0.101886
v 0.060732 -0.044357 0.113097
v 0.061513 -0.042043 0.111087
v 0.062123 0.002584 0.089863
v 0.063075 -0.028840 0.105411
v 0.061249 -0.024506 0.101084
v 0.062677 -0.049867 0.116303
v 0.061485 -0.014829 0.096743
v 0.061577 -0.046424 0.115565
v 0.061698 -0.034066 0.107561
v 0.061891 0.047079 0.101120
v 0.062136 0.052320 0.102832
v 0.062852 -0.037803 0.110878
v 0.062784 0.013724 0.091731
v 0.063335 -0.052802 0.116240
v 0.063039 0.021836 0.094325
v 0.062312 -0.016212 0.100353
v 0.062614 -0.021018 0.101757
v 0.063576 0.049747 0.102705
v 0.064389 0.059014 0.104657
v 0.065085 0.060576 0.103486
v 0.065171 -0.007819 0.096669
v 0.064996 0.040508 0.102409
v 0.065866 -0.024631 0.106298
v 0.064759 0.053535 0.106635
v 0.063912 -0.041688 0.114433
v 0.065601 -0.011694 0.100181
v 0.065586 0.034207 0.101131
v 0.065786 0.046488 0.105459
v 0.065892 -0.044784 0.119497
v 0.066034 -0.031465 0.110648
v 0.065334 -0.017011 0.104595
v 0.065253 0.027922 0.098855
v 0.065260 -0.014249 0.102793
v 0.065210 0.017182 0.095961
v 0.068184 -0.001703 0.098954
v 0.066919 -0.019458 0.106122
v 0.066910 0.049405 0.106895
v 0.066261 0.010408 0.096128
v 0.067794 -0.040574 0.119103
v 0.066609 -0.035212 0.113916
v 0.068938 0.020861 0.102332
v 0.067383 0.056048 0.109788
v 0.068989 -0.052057 0.121928
v 0.068549 0.043122 0.107811
v 0.068373 0.014332 0.099851
v 0.069017 0.059979 0.111122
v 0.067615 0.004523 0.097844
v 0.068541 -0.047728 0.122086
v 0.070802 -0.014492 0.107132
v 0.069221 -0.006399 0.101405
v 0.069969 -0.021073 0.109646
v 0.069944 -0.010315 0.103954
v 0.070610 0.037225 0.108320
v 0.069291 0.051514 0.112150
v 0.070733 0.006807 0.103093
v 0.070416 0.026804 0.105517
v 0.071094 -0.044425 0.124774
v 0.069646 -0.031214 0.115818
v 0.071526 -0.033409 0.119256
v 0.071593 -0.025405 0.114322
v 0.070529 0.047242 0.111310
v 0.072669 -0.035812 0.123355
v 0.071438 0.014920 0.104890
v 0.071682 0.057155 0.115921
v 0.072512 -0.002275 0.106275
v 0.072798 0.049653 0.117070
v 0.073309 -0.009391 0.108610
v 0.072370 0.052842 0.117262
v 0.072269 -0.029098 0.119123
v 0.072517 0.031049 0.110477
v 0.071846 0.044496 0.113214
v 0.072337 -0.040031 0.124621
v 0.073393 -0.047770 0.127076
v 0.072201 0.021111 0.107357
v 0.073295 0.035314 0.113220
v 0.072082 0.060073 0.116106
v 0.074053 0.009786 0.109273
v 0.074645 -0.017668 0.113797
v 0.074144 0.002495 0.110295
v 0.072039 0.059154 0.117721
v 0.074314 0.046458 0.117436
v 0.074998 -0.051005 0.128470
v 0.074854 0.025125 0.112328
v 0.073768 0.051588 0.121514
v 0.075119 -0.026466 0.120439
v 0.075258 0.018751 0.112610
v 0.074256 0.040124 0.115302
v 0.074426 0.057102 0.120000
v 0.074685 -0.042754 0.128374
v 0.074395 0.059178 0.118339
v 0.074844 0.054465 0.121360
v 0.075086 -0.036317 0.127876
v 0.075902 -0.030410 0.123446
v 0.075950 -0.005008 0.113661
v 0.075967 -0.021351 0.117787
v 0.076754 -0.032477 0.126916
v 0.076697 -0.047112 0.131240
v 0.076379 0.030553 0.116888
v 0.076180 0.042302 0.120372
v 0.075635 0.050728 0.124384
v 0.077548 -0.040399 0.132414
v 0.077068 -0.015014 0.117055
v 0.078131 0.005833 0.118874
v 0.076748 0.046659 0.122675
v 0.078454 -0.033082 0.131861
v 0.076888 0.037337 0.119718
v 0.076942 0.001242 0.116747
v 0.077249 0.011880 0.116054
v 0.078628 0.058451 0.119851
v 0.078022 -0.027794 0.125538
v 0.077349 0.025857 0.117555
v 0.078530 -0.036292 0.133958
v 0.078040 -0.022922 0.123105
v 0.077990 -0.006817 0.118554
v 0.078191 0.019061 0.119249
v 0.078277 0.037911 0.123712
v 0.078379 0.052343 0.129335
v 0.077391 0.049046 0.127376
v 0.079491 0.056322 0.126449
v 0.078931 -0.016138 0.122076
v 0.078947 -0.000343 0.122194
v 0.078757 0.030228 0.122071
v 0.080930 -0.043850 0.138629
v 0.080713 -0.049735 0.135851
v 0.079108 0.044107 0.128386
v 0.078988 0.048928 0.133540
v 0.079916 -0.007215 0.124619
v 0.079721 0.010454 0.122155
v 0.080034 0.023840 0.124582
v 0.080573 -0.038460 0.139051
v 0.079810 -0.026546 0.129979
v 0.080303 -0.035154 0.138155
v 0.079884 0.016509 0.123323
v 0.080486 0.031850 0.128278
v 0.080067 0.039422 0.131650
v 0.079697 0.040757 0.136125
v 0.079488 0.044217 0.134802
v 0.080706 -0.018735 0.128336
v 0.080648 0.004191 0.126331
v 0.080245 0.011039 0.125687
v 0.080126 0.044713 0.138149
v 0.081110 0.050914 0.135081
v 0.081161 -0.002352 0.129274
v 0.079639 0.048406 0.136452
v 0.082369 -0.029497 0.139253
v 0.081313 0.015134 0.128069
v 0.081790 0.022841 0.130383
v 0.082540 0.031279 0.136323
v 0.081837 0.041982 0.144538
v 0.083143 -0.015971 0.137433
v 0.081987 -0.009959 0.133108
v 0.081589 0.048147 0.138236
v 0.082541 -0.033650 0.143658
v 0.081889 0.008104 0.131065
v 0.081252 0.012981 0.130395
v 0.081913 0.037465 0.137986
v 0.082219 -0.025157 0.135887
v 0.082572 0.000682 0.135036
v 0.081742 0.044391 0.141425
v 0.083036 -0.040588 0.144818
v 0.082640 0.055824 0.131286
v 0.083856 -0.037368 0.149423
v 0.083499 -0.045156 0.142658
v 0.083013 0.016604 0.133446
v 0.082759 0.039882 0.146667
v 0.083032 0.047200 0.146261
v 0.084155 0.043459 0.150971
v 0.082525 0.048205 0.141396
v 0.083054 0.051637 0.138617
v 0.083721 -0.003296 0.140207
v 0.083746 0.009436 0.138208
v 0.084352 0.018860 0.139743
v 0.083788 0.034464 0.142265
v 0.082108 0.050186 0.148049
v 0.082739 0.050863 0.143336
v 0.082695 0.051814 0.146520
v 0.084521 -0.048300 0.142393
v 0.084055 -0.018951 0.140551
v 0.084371 0.005018 0.141807
v 0.083187 0.054660 0.135732
v 0.084885 -0.024049 0.144667
v 0.084389 0.050001 0.151302
v 0.085034 -0.042908 0.148722
v 0.085145 -0.032529 0.151381
v 0.086894 -0.005749 0.150185
v 0.083566 0.053947 0.140916
v 0.084234 0.055915 0.136616
v 0.085857 -0.027892 0.149296
v 0.085840 -0.047288 0.146016
v 0.085497 0.030811 0.146666
v 0.086088 0.002979 0.147986
v 0.085026 0.023797 0.143348
v 0.085106 0.037160 0.148957
v 0.086235 -0.043954 0.153209
v 0.086093 -0.034969 0.155589
v 0.086424 0.011531 0.147605
v 0.085883 -0.039692 0.154690
v 0.086317 -0.016662 0.148344
v 0.087875 0.046602 0.156825
v 0.086776 -0.049340 0.145092
v 0.087256 0.019026 0.149758
v 0.086343 -0.048247 0.148759
v 0.088000 -0.039356 0.157258
v 0.086751 0.025822 0.149216
v 0.086707 -0.047154 0.152651
v 0.087004 0.039713 0.154210
v 0.085524 0.042689 0.154060
v 0.088116 -0.012392 0.153793
v 0.088032 -0.020783 0.153361
v 0.088061 0.042670 0.156357
v 0.087325 -0.045016 0.155557
v 0.088432 -0.026323 0.155531
v 0.088414 0.006477 0.153579
v 0.087804 0.032734 0.153283
v 0.088515 -0.029831 0.157056
v 0.090434 -0.032560 0.158946
v 0.090469 0.049629 0.157535
v 0.089029 -0.047339 0.155914
v 0.089378 -0.045738 0.157403
v 0.088905 0.013600 0.154060
v 0.090863 -0.043097 0.158592
v 0.088884 0.023995 0.154048
v 0.090282 0.032869 0.156446
v 0.090760 0.051243 0.155450
v 0.089679 0.000004 0.156614
v 0.090483 -0.007336 0.158020
v 0.090188 0.015870 0.156304
v 0.089742 0.038916 0.156513
v 0.090340 -0.019563 0.158205
v 0.090260 0.026236 0.156290
v 0.091047 -0.014379 0.158893
v 0.090460 0.006337 0.157233
v 0.091101 -0.024800 0.159153
v 0.092168 0.044170 0.157522
v 0.094884 -0.039411 0.160129
v 0.091501 -0.000130 0.158571
v 0.092032 0.018764 0.157884
v 0.093798 0.010815 0.159208
v 0.093066 -0.046507 0.158812
v 0.093516 -0.027056 0.160396
v 0.093446 0.005297 0.159357
v 0.095806 -0.012147 0.161180
v 0.093009 -0.019714 0.160185
v 0.095493 -0.003585 0.160768
v 0.094470 0.025835 0.158751
v 0.096299 0.035438 0.158499
v 0.095756 0.040819 0.157787
v 0.096066 -0.044572 0.160256
v 0.099254 -0.023222 0.162186
v 0.095840 0.048526 0.158390
v 0.097041 -0.032884 0.161458
v 0.099896 -0.047140 0.160060
v 0.096484 0.017134 0.160118
v 0.097998 0.050736 0.158448
v 0.099282 0.007980 0.161641
v 0.098941 0.029688 0.159802
v 0.098596 0.043736 0.157768
v 0.102252 -0.040025 0.161052
v 0.100781 0.021379 0.161113
v 0.103226 -0.003116 0.163209
v 0.102014 -0.044941 0.160938
v 0.103255 -0.032422 0.162289
v 0.104353 0.037691 0.158888
v 0.103972 -0.015928 0.163302
v 0.102633 0.049130 0.157831
v 0.106701 0.032886 0.159636
v 0.104030 0.015856 0.162161
v 0.104618 0.009224 0.162789
v 0.103102 0.052085 0.157975
v 0.106265 0.044035 0.157211
v 0.107697 -0.046273 0.160292
v 0.110344 -0.041755 0.159993
v 0.107524 -0.048076 0.159283
v 0.109531 0.019476 0.161841
v 0.106560 -0.024790 0.162979
v 0.108531 0.006422 0.163232
v 0.108184 0.049496 0.156874
v 0.109687 0.040342 0.157675
v 0.106307 0.052612 0.156626
v 0.108669 -0.017739 0.163386
v 0.111329 -0.001229 0.163496
v 0.108899 -0.007127 0.163808
v 0.109414 -0.034952 0.161628
v 0.111544 -0.026951 0.162243
v 0.112806 0.030064 0.159547
v 0.113758 0.047341 0.155300
v 0.113436 -0.045849 0.158903
v 0.114307 -0.009507 0.163065
v 0.115831 0.004536 0.162464
v 0.116723 0.011628 0.161536
v 0.113112 -0.048079 0.158328
v 0.114090 0.023444 0.160565
v 0.113380 0.052586 0.154881
v 0.114984 -0.034443 0.160392
v 0.113866 -0.017458 0.162747
v 0.115056 0.018189 0.161331
v 0.116288 -0.040660 0.158188
v 0.114955 0.037031 0.157464
v 0.116829 0.051215 0.154071
v 0.117095 -0.025953 0.160858
v 0.117529 0.041136 0.155145
v 0.119391 -0.016271 0.161104
v 0.120921 -0.000957 0.161051
v 0.118245 0.052753 0.152736
v 0.117538 -0.048332 0.155706
v 0.119386 0.046671 0.152973
v 0.117349 -0.046853 0.156969
v 0.119239 0.030700 0.157393
v 0.120105 -0.044251 0.155377
v 0.121599 0.017864 0.159126
v 0.120903 -0.036634 0.156948
v 0.119414 0.035920 0.155986
v 0.120927 0.024498 0.158126
v 0.121400 -0.027045 0.158995
v 0.123148 -0.008982 0.160000
v 0.121059 0.051069 0.151662
v 0.122220 0.043002 0.152361
v 0.123279 -0.014364 0.159606
v 0.123391 0.005804 0.159705
v 0.124794 0.035687 0.153060
v 0.124643 0.013794 0.158252
v 0.123203 0.046937 0.150615
v 0.122275 0.052793 0.150095
v 0.124350 0.021026 0.157219
v 0.123492 0.031009 0.155403
v 0.123885 -0.029678 0.157088
v 0.125183 -0.020748 0.157862
v 0.126263 -0.002576 0.158285
v 0.126166 0.025800 0.154548
v 0.126871 -0.008644 0.157606
v 0.126571 0.006556 0.157730
v 0.003736 0.063648 0.068758
v -0.000713 0.063179 0.067915
v 0.004726 0.062167 0.070274
v 0.008012 0.063061 0.071208
v 0.011284 0.059602 0.072678
v 0.017381 0.060980 0.073973
v 0.018715 0.056696 0.074916
v 0.012148 0.055851 0.073190
v 0.016427 0.052269 0.072667
v 0.021023 0.058139 0.074883
v 0.024393 0.051921 0.074629
v 0.023692 0.060116 0.075019
v 0.024292 0.061350 0.073834
v 0.026012 0.054961 0.075499
v 0.027097 0.058674 0.075292
v 0.028832 0.060020 0.075322
v 0.080678 0.056015 0.037996
v 0.078219 0.053664 0.035020
v 0.075053 0.056255 0.033619
v 0.078219 0.053664 0.035020
v 0.080678 0.056015 0.037996
v 0.083431 0.054627 0.039562
v 0.083431 0.054627 0.039562
v 0.083131 0.050520 0.038314
v 0.078219 0.053664 0.035020
v 0.085312 0.056138 0.042596
v 0.080678 0.056015 0.037996
v 0.089309 0.054279 0.044699
v 0.090239 0.046780 0.043665
v 0.085147 0.045948 0.039194
v 0.087773 0.039354 0.040678
v 0.092908 0.051260 0.047079
v 0.094220 0.039308 0.046296
v 0.091911 -0.027053 0.053549
v 0.089092 -0.017824 0.048209
v 0.094590 -0.020773 0.053831
v 0.092106 0.031860 0.043899
v 0.097486 -0.010473 0.053402
v 0.089013 -0.008764 0.045566
v 0.089701 0.016334 0.042285
v 0.092122 0.023568 0.043773
v 0.096432 0.019947 0.047822
v 0.093769 0.054621 0.049297
v 0.090656 -0.050900 0.064302
v 0.091530 -0.048256 0.062759
v 0.096063 -0.049962 0.068870
v 0.093375 -0.005549 0.048359
v 0.091782 0.000647 0.045818
v 0.092225 0.009126 0.045038
v 0.096442 0.004422 0.049411
v 0.088089 -0.039873 0.055459
v 0.096607 -0.036119 0.062078
v 0.091760 -0.043462 0.060930
v 0.096066 0.012331 0.048030
v 0.096042 0.047257 0.049228
v 0.096884 -0.043736 0.067024
v 0.096928 -0.001929 0.050898
v 0.097626 0.025474 0.048796
v 0.097500 0.031343 0.048918
v 0.098074 0.052581 0.052876
v 0.093562 -0.032821 0.057431
v 0.098101 -0.030962 0.060841
v 0.099857 -0.025856 0.060169
v 0.100288 0.040320 0.052905
v 0.099216 -0.048359 0.072303
v 0.100228 -0.004584 0.054723
v 0.100855 0.019443 0.052105
v 0.096577 0.055306 0.053338
v 0.100897 0.009594 0.052789
v 0.101165 -0.015361 0.058157
v 0.102413 0.003079 0.054974
v 0.100436 0.054620 0.056967
v 0.098423 -0.051045 0.074291
v 0.100594 0.047437 0.054580
v 0.101528 -0.044323 0.073810
v 0.101016 -0.039778 0.069460
v 0.101668 0.030745 0.053360
v 0.102215 -0.050663 0.078670
v 0.102570 -0.033436 0.065959
v 0.103318 -0.009052 0.058567
v 0.102654 0.052638 0.058795
v 0.103468 -0.046824 0.078183
v 0.106152 0.034655 0.058928
v 0.105198 0.016342 0.056525
v 0.105000 -0.042439 0.077543
v 0.104033 -0.027615 0.064770
v 0.104589 -0.020862 0.063167
v 0.106291 -0.001085 0.059711
v 0.103686 0.047882 0.059030
v 0.104701 0.009674 0.056470
v 0.106243 0.023209 0.057732
v 0.106960 0.040210 0.061262
v 0.104089 0.054584 0.062708
v 0.105881 -0.013302 0.062438
v 0.106087 -0.039564 0.074422
v 0.105147 -0.049883 0.082353
v 0.106735 0.005355 0.058886
v 0.106875 -0.046079 0.083913
v 0.103456 -0.037355 0.069210
v 0.106730 -0.033692 0.070781
v 0.108293 -0.007762 0.063770
v 0.106690 0.046270 0.063273
v 0.105525 0.051694 0.062910
v 0.108847 0.027465 0.061294
v 0.108165 -0.049930 0.089078
v 0.107759 -0.025713 0.068563
v 0.108536 0.051515 0.067828
v 0.109374 -0.016841 0.067664
v 0.107816 0.054601 0.070483
v 0.110330 0.011883 0.062655
v 0.110194 -0.042174 0.086786
v 0.108939 -0.040089 0.080229
v 0.109092 -0.035350 0.076377
v 0.111385 -0.002793 0.066288
v 0.111058 0.004651 0.064093
v 0.110919 0.020688 0.063446
v 0.111359 0.046050 0.070215
v 0.111730 0.053325 0.074967
v 0.109883 -0.046785 0.090234
v 0.109790 -0.029331 0.073563
v 0.110140 0.035153 0.063635
v 0.111440 0.041208 0.067813
v 0.111142 -0.023273 0.072758
v 0.111038 -0.038583 0.083403
v 0.110298 -0.030516 0.077319
v 0.110617 -0.034039 0.079916
v 0.111995 -0.048185 0.095407
v 0.110882 -0.049847 0.095811
v 0.112159 -0.027508 0.076562
v 0.112573 -0.010688 0.070242
v 0.112292 -0.030477 0.079542
v 0.112460 -0.043749 0.093631
v 0.111836 0.030092 0.065669
v 0.112478 0.048158 0.073919
v 0.115317 0.002148 0.069921
v 0.113266 0.033886 0.068715
v 0.113759 -0.040134 0.090652
v 0.114567 -0.019128 0.076664
v 0.113626 0.016699 0.066871
v 0.114132 0.024135 0.068439
v 0.113184 -0.033902 0.084234
v 0.114922 0.007867 0.068593
v 0.113168 0.051662 0.077094
v 0.114252 -0.048466 0.100970
v 0.115198 -0.043547 0.100166
v 0.114874 -0.037051 0.090375
v 0.115904 -0.005116 0.073616
v 0.115913 -0.026493 0.083252
v 0.116164 0.036796 0.075335
v 0.114812 0.043716 0.074732
v 0.115126 0.048983 0.081076
v 0.115956 0.045792 0.079189
v 0.114032 0.025799 0.074661
v 0.114370 0.028750 0.076074
v 0.115006 0.025505 0.077818
v 0.114549 0.028253 0.073192
v 0.115304 0.051858 0.082156
v 0.117452 0.013077 0.072361
v 0.115864 0.024168 0.072833
v 0.115532 0.053673 0.084073
v 0.115032 0.028055 0.078077
v 0.115004 0.027764 0.070910
v 0.117325 -0.039196 0.098580
v 0.117861 -0.011207 0.078871
v 0.115095 0.023785 0.075630
v 0.115304 0.031489 0.072767
v 0.117716 -0.034125 0.091674
v 0.116852 0.023419 0.077130
v 0.116849 0.031768 0.077066
v 0.115487 -0.049300 0.107294
v 0.116396 -0.046873 0.105997
v 0.117004 0.019536 0.072600
v 0.117123 0.027985 0.079275
v 0.118095 0.049424 0.088952
v 0.117166 0.052471 0.087225
v 0.118124 -0.042849 0.108149
v 0.118537 0.039509 0.081648
v 0.117404 -0.048567 0.110813
v 0.117697 -0.035990 0.095190
v 0.118461 0.021318 0.075899
v 0.118884 0.024406 0.078848
v 0.117239 0.053672 0.090811
v 0.118914 -0.038793 0.103006
v 0.119015 -0.044890 0.113254
v 0.119316 -0.014341 0.082133
v 0.118644 -0.029863 0.091247
v 0.119111 0.006550 0.073496
v 0.119087 0.028716 0.079412
v 0.119250 0.032782 0.080889
v 0.119229 0.044131 0.086214
v 0.118957 0.052178 0.092428
v 0.119544 0.002952 0.076171
v 0.119380 0.015886 0.076232
v 0.119825 -0.047104 0.117756
v 0.119188 -0.021939 0.087732
v 0.120219 -0.004108 0.081181
v 0.119292 -0.048698 0.118441
v 0.117001 -0.049025 0.113684
v 0.119221 -0.033986 0.097323
v 0.119532 -0.030530 0.097627
v 0.119077 -0.027465 0.096084
v 0.120115 -0.017189 0.086496
v 0.117349 -0.046853 0.156969
v 0.120072 -0.047167 0.154670
v 0.120105 -0.044251 0.155377
v 0.120714 -0.041239 0.113615
v 0.119994 -0.024671 0.092108
v 0.120695 -0.038471 0.108098
v 0.120648 0.053050 0.099640
v 0.120535 0.010477 0.077058
v 0.121176 0.046892 0.096315
v 0.120017 -0.048588 0.123685
v 0.121687 0.016958 0.081207
v 0.120650 0.024350 0.080255
v 0.121865 0.031659 0.087041
v 0.121294 0.050901 0.100160
v 0.121258 -0.011058 0.083566
v 0.121365 -0.008641 0.084903
v 0.120773 0.028458 0.081503
v 0.120530 0.038943 0.086656
v 0.120629 -0.032858 0.102125
v 0.122229 0.007886 0.079995
v 0.121659 -0.047444 0.125958
v 0.121643 -0.043581 0.122079
v 0.121558 -0.024640 0.097887
v 0.121695 -0.013527 0.085181
v 0.122329 0.001766 0.082684
v 0.121869 -0.017271 0.091285
v 0.122131 0.042225 0.093146
v 0.120903 -0.036634 0.156948
v 0.123032 -0.039616 0.154521
v 0.122301 -0.032447 0.107338
v 0.121996 -0.027822 0.101837
v 0.122461 0.023680 0.085281
v 0.122906 -0.014524 0.089251
v 0.122469 0.037070 0.091463
v 0.122581 -0.045586 0.152295
v 0.123489 -0.041873 0.152328
v 0.123273 -0.034839 0.113572
v 0.123193 -0.019976 0.098800
v 0.121729 -0.047500 0.151816
v 0.123097 -0.040016 0.119997
v 0.124005 -0.006733 0.091573
v 0.121491 0.053581 0.106888
v 0.122405 0.052171 0.105376
v 0.122716 -0.046033 0.130159
v 0.121781 -0.048123 0.130722
v 0.123586 -0.011551 0.089787
v 0.123302 -0.042051 0.127390
v 0.123886 -0.000004 0.087629
v 0.123210 0.052991 0.111795
v 0.123650 0.047663 0.107442
v 0.123191 -0.047297 0.135990
v 0.124045 -0.013362 0.095858
v 0.123855 0.016032 0.086417
v 0.123568 0.044058 0.100324
v 0.122275 0.052793 0.150095
v 0.121059 0.051069 0.151662
v 0.123203 0.046937 0.150615
v 0.123807 -0.045668 0.147992
v 0.123955 -0.043595 0.136005
v 0.124783 -0.025648 0.110525
v 0.124245 0.026741 0.092168
v 0.124794 0.035687 0.153060
v 0.125843 0.040151 0.150185
v 0.122220 0.043002 0.152361
v 0.124273 0.038608 0.098991
v 0.124467 0.048772 0.148374
v 0.122636 -0.047572 0.145693
v 0.124493 -0.042511 0.148150
v 0.124561 0.006658 0.085752
v 0.124180 -0.045014 0.142267
v 0.123623 -0.047092 0.140778
v 0.125406 -0.033966 0.154348
v 0.123885 -0.029678 0.157088
v 0.126394 -0.024929 0.155662
v 0.121400 -0.027045 0.158995
v 0.124486 0.033088 0.096281
v 0.124382 0.052450 0.146469
v 0.124278 0.049260 0.112331
v 0.125648 -0.039131 0.132751
v 0.125689 0.009664 0.090512
v 0.125771 -0.039100 0.149961
v 0.125109 -0.037515 0.125361
v 0.126170 0.000908 0.094856
v 0.125592 0.019693 0.093104
v 0.124088 0.053025 0.117250
v 0.125841 -0.040210 0.140783
v 0.125907 -0.029066 0.119121
v 0.125183 -0.020748 0.157862
v 0.125825 -0.017722 0.106817
v 0.125199 -0.013839 0.101498
v 0.126594 0.043277 0.147292
v 0.125392 0.044439 0.108959
v 0.125821 0.040132 0.106857
v 0.126706 -0.015236 0.157001
v 0.123279 -0.014364 0.159606
v 0.125856 0.049377 0.143198
v 0.125786 0.048486 0.121365
v 0.124402 0.053424 0.124085
v 0.125539 0.052045 0.125092
v 0.126364 0.025122 0.099072
v 0.123492 0.031009 0.155403
v 0.126166 0.025800 0.154548
v 0.126086 0.033958 0.104227
v 0.126745 0.044329 0.117719
v 0.125214 0.052827 0.140113
v 0.125383 0.053084 0.132461
v 0.127140 -0.036620 0.145121
v 0.127365 0.014990 0.155811
v 0.124350 0.021026 0.157219
v 0.126043 0.050736 0.135798
v 0.127292 -0.011955 0.104245
v 0.126871 -0.008644 0.157606
v 0.126838 -0.004430 0.101019
v 0.126289 0.049124 0.129490
v 0.126800 -0.032317 0.128017
v 0.126862 -0.007842 0.103433
v 0.124643 0.013794 0.158252
v 0.127200 -0.023158 0.119447
v 0.126571 0.006556 0.157730
v 0.127672 0.017140 0.100064
v 0.127332 0.030270 0.151022
v 0.126955 0.039694 0.112631
v 0.127461 -0.033048 0.149386
v 0.127644 -0.032993 0.135817
v 0.127940 -0.025363 0.151760
v 0.127517 -0.016317 0.114518
v 0.127707 0.045082 0.134328
v 0.126263 -0.002576 0.158285
v 0.128444 0.005235 0.155001
v 0.127381 0.009705 0.095687
v 0.127730 0.028012 0.107867
v 0.127761 0.036140 0.147165
v 0.127817 0.043692 0.125817
v 0.127224 0.033826 0.109858
v 0.128287 0.036820 0.119769
v 0.128845 -0.015804 0.121122
v 0.128641 -0.003327 0.154815
v 0.128648 0.012028 0.102316
v 0.128323 0.041071 0.139984
v 0.128306 -0.025290 0.128665
v 0.128348 0.021414 0.105848
v 0.128973 0.024577 0.148302
v 0.128279 -0.017028 0.153597
v 0.128251 -0.013477 0.108878
v 0.128163 -0.009643 0.107016
v 0.128989 -0.000355 0.108112
v 0.129158 0.006151 0.105284
v 0.128978 0.014956 0.152125
v 0.128604 0.030788 0.115650
v 0.128242 -0.010298 0.111418
v 0.128318 -0.005651 0.109056
v 0.128684 0.037830 0.125590
v 0.128760 -0.028679 0.142709
v 0.129546 -0.017617 0.127444
v 0.129270 -0.008716 0.152211
v 0.129691 0.001158 0.151722
v 0.128594 0.040609 0.130914
v 0.129132 -0.024273 0.146858
v 0.129530 -0.008474 0.118454
v 0.128946 0.032795 0.143722
v 0.129629 -0.003949 0.114661
v 0.129629 0.022684 0.115372
v 0.129352 0.034334 0.136848
v 0.129491 -0.023935 0.140156
v 0.129632 0.015932 0.109855
v 0.129617 0.029411 0.122512
v 0.129812 0.030524 0.128592
v 0.129975 -0.015695 0.147711
v 0.130878 0.005080 0.146749
v 0.130538 0.014936 0.146171
v 0.130004 -0.019270 0.135356
v 0.130309 0.025376 0.139753
v 0.130185 0.028252 0.134353
v 0.130534 -0.008410 0.147060
v 0.130460 -0.009330 0.125625
v 0.131071 -0.001762 0.144912
v 0.130425 0.004552 0.112904
v 0.130875 0.002187 0.118703
v 0.130431 0.010828 0.112509
v 0.130570 0.017298 0.118566
v 0.130571 -0.015086 0.142706
v 0.130569 0.022679 0.125133
v 0.130779 -0.012493 0.134288
v 0.131189 -0.001765 0.125690
v 0.131156 0.009831 0.119038
v 0.131165 0.015127 0.141542
v 0.130930 0.021213 0.131125
v 0.131251 -0.007782 0.139134
v 0.131424 0.011808 0.125589
v 0.131273 0.017199 0.136075
v 0.131295 -0.006087 0.132488
v 0.131620 0.008184 0.139468
v 0.131691 0.000682 0.136247
v 0.131482 0.005033 0.123796
v 0.131695 0.002891 0.129467
v 0.131705 0.009303 0.131974
v 0.103456 -0.037355 0.069210
v 0.101016 -0.039778 0.069460
v 0.102570 -0.033436 0.065959
vn -0.9998 0.0011 0.0202
vn -0.9833 0.0112 0.1819
vn -0.9976 0.0265 0.0637
vn -0.9988 0.0456 -0.0193
vn -0.9971 -0.0345 -0.0671
vn -0.9998 -0.0179 0.0080
vn -0.9999 -0.0058 0.0095
vn -0.8887 -0.0842 -0.4507
vn -0.9964 0.0191 -0.0828
vn -0.9967 0.0079 0.0811
vn -0.9977 0.0655 0.0176
vn -0.9090 -0.4072 -0.0890
vn -0.8460 -0.5321 -0.0346
vn -0.9999 -0.0071 0.0076
vn -0.9977 -0.0044 0.0674
vn -0.9382 -0.3011 -0.1709
vn -0.8001 0.0806 -0.5945
vn -0.9913 0.0757 -0.1081
vn -0.9782 0.0551 0.2001
vn -0.9954 0.0002 -0.0954
vn -0.9905 0.0188 0.1365
vn -0.9826 0.1519 -0.1067
vn -0.9820 0.1322 0.1350
vn -0.9382 -0.3388 0.0714
vn -0.7900 -0.2542 -0.5579
vn -0.9895 0.0199 0.1430
vn -0.5829 0.1769 -0.7930
vn -0.9979 0.0533 -0.0364
vn -0.6313 0.0510 -0.7739
vn -0.9963 0.0496 0.0701
vn -0.9602 -0.0429 -0.2760
vn -0.9796 -0.1257 -0.1570
vn -0.9996 0.0087 0.0251
vn -0.9901 -0.0995 0.0986
vn -0.9674 0.0331 0.2510
vn -0.9986 0.0444 0.0273
vn -0.6019 -0.2145 -0.7693
vn -0.9988 0.0459 -0.0147
vn -0.7745 -0.0143 -0.6324
vn -0.9926 -0.0327 -0.1172
vn -0.9481 0.0194 -0.3173
vn -0.9779 0.0545 0.2020
vn -0.4512 -0.1077 -0.8859
vn -0.9739 0.0489 0.2216
vn -0.9662 0.0066 -0.2579
vn -0.9930 0.0369 0.1121
vn -0.9988 0.0250 0.0431
vn -0.9923 -0.0105 0.1233
vn -0.7080 -0.6990 0.1013
vn -0.9533 0.0410 0.2992
vn -0.9962 0.0522 0.0700
vn -0.9926 0.0590 0.1060
vn -0.9445 0.2816 -0.1695
vn -0.6298 -0.0117 -0.7767
vn -0.9849 0.0837 0.1513
vn -0.9462 0.0135 0.3234
vn -0.9850 0.0510 0.1646
vn -0.7870 0.1446 -0.5998
vn -0.9696 0.2209 0.1050
vn -0.9885 0.0543 0.1413
vn -0.9774 0.1123 0.1792
vn -0.9781 0.1333 0.1599
vn -0.9264 0.2660 -0.2666
vn -0.9612 0.1752 0.2131
vn -0.9699 0.1770 0.1674
vn -0.5007 -0.6416 -0.5811
vn -0.4214 0.0300 -0.9064
vn -0.9659 0.2587 -0.0112
vn -0.9423 0.0376 0.3326
vn -0.9668 0.0859 0.2406
vn -0.9620 0.1463 0.2305
vn -0.9577 0.2127 0.1938
vn -0.7460 0.4244 -0.5132
vn -0.9583 0.1175 0.2604
vn -0.9678 -0.0203 0.2510
vn -0.9729 0.1134 0.2016
vn -0.9647 0.1930 0.1794
vn -0.9498 0.1794 0.2564
vn -0.7386 0.5723 -0.3564
vn -0.8045 -0.2748 0.5265
vn -0.9134 0.1056 0.3932
vn -0.9611 0.0567 0.2702
vn -0.9521 0.0956 0.2904
vn -0.9377 0.1566 0.3103
vn -0.9452 0.1926 0.2638
vn -0.9174 0.0597 0.3934
vn -0.9873 0.0733 0.1410
vn -0.2817 -0.9547 0.0954
vn -0.9038 0.4084 -0.1280
vn -0.7284 0.6851 0.0078
vn -0.9818 0.0938 0.1650
vn -0.8983 0.4391 0.0148
vn -0.8637 0.0876 0.4963
vn -0.8951 0.2089 0.3939
vn -0.9983 0.0384 0.0449
vn -0.9397 -0.1135 0.3227
vn -0.4683 0.8738 0.1311
vn -0.9194 0.2192 0.3267
vn -0.8662 0.0414 0.4980
vn -0.8790 0.1832 0.4402
vn -0.9907 -0.0961 0.0961
vn -0.3195 0.9297 -0.1834
vn -0.9999 -0.0144 0.0010
vn -0.8478 0.0483 0.5281
vn -0.9376 -0.0494 0.3442
vn -0.9723 -0.1778 0.1519
vn -0.8751 0.2093 0.4363
vn -0.8796 0.2253 0.4191
vn -0.7725 0.0805 0.6299
vn -0.9584 -0.0382 0.2827
vn -0.9210 -0.2125 0.3265
vn -0.8869 -0.1013 0.4507
vn -0.8514 -0.1514 0.5021
vn -0.6850 0.4606 0.5645
vn -0.9134 -0.0247 0.4063
vn -0.8642 0.1631 0.4760
vn -0.8499 0.2465 0.4657
vn -0.8665 -0.1280 0.4825
vn -0.6559 0.1649 0.7367
vn -0.9034 0.1449 0.4037
vn -0.4609 0.3964 0.7940
vn -0.8426 0.0999 0.5293
vn -0.8724 0.0725 0.4833
vn -0.4059 0.2084 0.8898
vn -0.6903 -0.1499 0.7078
vn -0.8324 -0.2796 0.4785
vn -0.8778 -0.1128 0.4656
vn -0.7862 0.1010 0.6097
vn 0.0419 0.0514 0.9978
vn 0.2067 0.1123 0.9719
vn -0.6236 0.1297 0.7709
vn -0.3652 0.1464 0.9193
vn -0.5198 -0.2125 0.8275
vn -0.3528 0.2795 0.8930
vn -0.3220 0.7557 0.5703
vn -0.2688 -0.9580 -0.0996
vn -0.9090 -0.4071 -0.0890
vn -0.3024 -0.9373 -0.1730
vn -0.7080 -0.6989 0.1013
vn -0.9381 -0.3388 0.0714
vn -0.2047 -0.9783 -0.0321
vn -0.0807 -0.9960 0.0372
vn -0.2818 -0.9547 0.0953
vn -0.1526 -0.9825 -0.1068
vn -0.2700 -0.9207 -0.2816
vn -0.2437 -0.7032 0.6679
vn -0.1375 -0.9902 -0.0248
vn -0.0002 -0.9891 0.1471
vn -0.1161 -0.9887 -0.0946
vn 0.2084 -0.4386 0.8742
vn -0.1217 -0.9907 -0.0604
vn 0.0391 -0.9968 0.0699
vn -0.0648 -0.9975 0.0288
vn -0.2417 -0.9354 -0.2581
vn 0.3996 -0.5980 0.6948
vn -0.4565 -0.3335 -0.8249
vn -0.1080 -0.9890 -0.1010
vn -0.0843 -0.9938 -0.0732
vn 0.0260 -0.9912 0.1295
vn -0.2708 -0.8251 -0.4960
vn -0.0785 -0.9932 -0.0857
vn -0.0343 -0.9994 0.0008
vn -0.0076 -0.9946 0.1033
vn 0.0061 -0.9915 0.1302
vn 0.3785 -0.5842 0.7179
vn -0.2012 -0.9151 -0.3493
vn 0.0580 -0.9813 0.1837
vn -0.0788 -0.9941 -0.0750
vn 0.1221 -0.9347 0.3337
vn 0.0188 -0.9919 0.1257
vn 0.2945 -0.3197 0.9006
vn 0.3904 -0.2267 0.8923
vn 0.0266 -0.9896 0.1411
vn -0.0678 -0.9941 -0.0846
vn -0.2663 -0.6978 -0.6649
vn -0.0551 -0.9965 -0.0636
vn -0.1280 -0.9602 -0.2481
vn 0.0624 -0.9790 0.1939
vn 0.0110 -0.9974 0.0716
vn 0.1340 -0.8415 0.5234
vn -0.0364 -0.9993 0.0009
vn -0.2320 -0.3920 -0.8902
vn -0.0552 -0.9965 -0.0631
vn -0.0886 -0.9752 -0.2027
vn 0.1118 -0.9003 0.4207
vn -0.0188 -0.9986 0.0496
vn 0.0506 -0.9620 0.2682
vn 0.0277 -0.9834 0.1792
vn -0.0624 -0.9866 -0.1509
vn -0.0320 -0.9972 -0.0673
vn -0.0429 -0.9959 -0.0797
vn -0.0333 -0.9983 -0.0488
vn 0.0690 -0.3149 0.9466
vn -0.1869 -0.4019 -0.8964
vn -0.0272 -0.9996 0.0081
vn -0.0200 -0.9885 0.1500
vn -0.0019 -0.9610 0.2767
vn -0.0049 -0.9767 0.2148
vn -0.0433 -0.9958 0.0812
vn -0.0594 -0.4593 0.8863
vn -0.0171 -0.9999 0.0013
vn -0.0465 -0.9951 -0.0867
vn -0.0282 -0.9764 0.2141
vn -0.0338 -0.9708 0.2375
vn -0.0505 -0.8857 0.4614
vn -0.0456 -0.9987 -0.0212
vn -0.0888 -0.7510 -0.6543
vn -0.0307 -0.9793 -0.1998
vn -0.0548 -0.9924 0.1099
vn -0.0285 -0.9962 -0.0820
vn -0.0234 -0.9997 -0.0045
vn -0.0407 -0.9713 0.2342
vn -0.0055 -0.9970 -0.0766
vn -0.0595 -0.3576 -0.9320
vn -0.0425 -0.9735 0.2247
vn -0.1032 -0.7440 0.6601
vn -0.0147 -0.9999 -0.0012
vn -0.0239 -0.9931 0.1144
vn -0.0395 -0.9665 -0.2537
vn -0.0096 -0.9979 -0.0633
vn 0.0019 -0.9986 -0.0528
vn -0.0827 -0.8846 0.4590
vn -0.0163 -0.4674 -0.8839
vn -0.0541 -0.9877 0.1467
vn -0.0598 -0.9740 0.2183
vn 0.0122 -0.9995 -0.0292
vn 0.0095 -0.9943 -0.1061
vn -0.0684 -0.9693 0.2363
vn 0.0253 -0.9948 -0.0985
vn -0.0967 -0.9150 0.3918
vn 0.0136 -0.7274 -0.6861
vn -0.0605 -0.9981 0.0077
vn -0.0062 -1.0000 -0.0068
vn -0.0965 -0.9715 0.2164
vn -0.0857 -0.9734 0.2124
vn -0.0060 -0.9965 -0.0831
vn 0.0651 -0.8159 -0.5745
vn 0.0128 -0.9999 -0.0109
vn 0.0379 -0.9882 -0.1485
vn -0.1166 -0.9350 0.3349
vn -0.0430 -0.9971 0.0628
vn 0.0710 -0.9918 -0.1064
vn 0.0230 -0.9857 -0.1667
vn -0.0856 -0.9726 0.2161
vn -0.0704 -0.9805 0.1833
vn -0.0944 -0.9756 0.1981
vn -0.0947 -0.2492 0.9638
vn -0.1434 -0.7886 0.5979
vn 0.0469 -0.9989 0.0030
vn 0.0296 -0.9953 -0.0917
vn 0.0868 -0.9865 -0.1387
vn 0.0733 -0.9823 -0.1722
vn 0.0719 -0.9959 -0.0543
vn -0.0133 -0.9991 0.0394
vn -0.0747 -0.9768 0.2007
vn -0.0862 -0.9774 0.1930
vn 0.0370 -0.9947 -0.0963
vn -0.1505 -0.8832 0.4443
vn 0.0261 -0.9947 0.0999
vn 0.0799 -0.9801 -0.1819
vn 0.1021 -0.9761 -0.1916
vn 0.0399 -0.9986 0.0345
vn 0.0883 -0.4462 -0.8906
vn 0.1033 -0.6695 -0.7356
vn -0.0703 -0.9809 0.1813
vn 0.0561 -0.9984 -0.0087
vn 0.0362 -0.9953 -0.0902
vn -0.1643 -0.8935 0.4179
vn 0.0226 -0.9951 0.0958
vn 0.0236 -0.9992 0.0333
vn -0.0851 -0.9784 0.1884
vn -0.0833 -0.9803 0.1789
vn -0.0179 -0.9975 0.0679
vn 0.0820 -0.9914 -0.1023
vn 0.1018 -0.9746 -0.1993
vn -0.0585 -0.9845 0.1656
vn 0.0183 -0.9959 0.0883
vn 0.0929 -0.9764 -0.1951
vn 0.1381 -0.8787 -0.4570
vn -0.0488 -0.9833 0.1756
vn 0.0177 -0.9998 0.0123
vn 0.1178 -0.9716 -0.2054
vn -0.0964 -0.9523 0.2895
vn -0.3395 -0.3383 0.8777
vn 0.0866 -0.9892 -0.1187
vn 0.0741 -0.9898 -0.1220
vn 0.0430 -0.9991 0.0054
vn 0.0333 -0.9953 0.0907
vn 0.1261 -0.9688 -0.2133
vn -0.2326 -0.7155 0.6588
vn -0.0343 -0.9875 0.1539
vn 0.0341 -0.9991 0.0258
vn -0.0243 -0.9860 0.1650
vn 0.0381 -0.9988 0.0309
vn 0.0848 -0.9880 -0.1288
vn 0.2591 -0.5044 -0.8237
vn 0.1000 -0.9863 -0.1314
vn 0.0043 -0.9963 0.0859
vn 0.0406 -0.9990 -0.0175
vn -0.0060 -0.9862 0.1652
vn 0.1201 -0.9727 -0.1986
vn -0.1029 -0.9122 0.3967
vn 0.0278 -0.9991 0.0333
vn 0.0206 -0.9969 0.0760
vn -0.3053 -0.3921 0.8678
vn -0.0574 -0.9799 0.1911
vn 0.0214 -0.9929 0.1172
vn 0.2379 -0.7460 -0.6220
vn 0.1454 -0.9700 -0.1951
vn 0.1196 -0.9879 -0.0991
vn 0.0520 -0.9985 -0.0160
vn 0.0804 -0.9960 0.0390
vn 0.0831 -0.9927 -0.0880
vn 0.0058 -0.9946 0.1037
vn -0.3365 -0.4482 0.8282
vn 0.0112 -0.9957 0.0916
vn 0.1234 -0.9792 -0.1612
vn 0.1443 -0.9800 -0.1373
vn -0.3716 -0.5161 0.7717
vn 0.0233 -0.9977 0.0631
vn 0.2258 -0.8634 -0.4512
vn 0.1464 -0.9754 -0.1646
vn 0.0393 -0.9991 0.0187
vn -0.2252 -0.9128 0.3406
vn 0.1334 -0.9903 -0.0386
vn 0.0878 -0.9931 -0.0776
vn 0.1707 -0.9723 -0.1595
vn 0.0244 -0.9971 0.0722
vn 0.0027 -0.9949 0.1010
vn 0.3826 -0.5714 -0.7260
vn 0.0432 -0.9989 0.0204
vn 0.0932 -0.9940 -0.0565
vn 0.0879 -0.9952 0.0420
vn -0.0478 -0.9953 0.0842
vn 0.1419 -0.9836 -0.1117
vn 0.1776 -0.9694 -0.1696
vn 0.2586 -0.8664 -0.4271
vn 0.1753 -0.9807 -0.0869
vn -0.5063 -0.4967 0.7049
vn 0.1951 -0.9705 -0.1415
vn 0.0300 -0.9977 0.0606
vn 0.1216 -0.9856 -0.1176
vn 0.0394 -0.9992 -0.0007
vn 0.1612 -0.9801 -0.1157
vn 0.0940 -0.9952 -0.0252
vn -0.0943 -0.9805 0.1722
vn 0.1171 -0.9930 0.0127
vn -0.4620 -0.4586 0.7591
vn -0.0506 -0.9882 0.1449
vn 0.1928 -0.9733 -0.1247
vn 0.0870 -0.9962 -0.0070
vn 0.0083 -0.9952 0.0973
vn 0.1879 -0.9765 -0.1060
vn 0.1202 -0.9921 -0.0369
vn 0.0723 -0.9972 -0.0204
vn -0.0221 -0.9921 0.1234
vn 0.0319 -0.9976 0.0608
vn -0.4835 -0.4772 0.7338
vn 0.4650 -0.5271 -0.7113
vn 0.0551 -0.9983 -0.0184
vn -0.0525 -0.9915 0.1191
vn 0.2771 -0.8801 -0.3854
vn 0.1505 -0.9864 -0.0667
vn 0.1243 -0.9903 -0.0623
vn 0.0862 -0.9957 -0.0352
vn 0.1932 -0.9743 -0.1156
vn 0.0716 -0.9970 -0.0290
vn 0.0434 -0.9978 0.0510
vn -0.2392 -0.8974 0.3706
vn 0.1833 -0.9766 -0.1127
vn 0.0550 -0.9984 0.0159
vn 0.1211 -0.9910 -0.0566
vn 0.0505 -0.9986 -0.0133
vn 0.0641 -0.9979 0.0012
vn 0.1117 -0.9934 -0.0269
vn -0.0339 -0.9913 0.1271
vn 0.1631 -0.9841 -0.0698
vn 0.2099 -0.9690 -0.1305
vn 0.1992 -0.9718 -0.1261
vn 0.4819 -0.5426 -0.6880
vn 0.0524 -0.9974 0.0488
vn 0.1642 -0.9834 -0.0774
vn 0.1120 -0.9931 -0.0352
vn 0.0334 -0.9979 0.0559
vn 0.2079 -0.9697 -0.1285
vn 0.1500 -0.9865 -0.0659
vn -0.4552 -0.6975 0.5535
vn -0.0751 -0.9778 0.1958
vn 0.0641 -0.9976 0.0249
vn 0.2037 -0.9714 -0.1223
vn 0.1894 -0.9781 -0.0866
vn -0.0764 -0.9804 0.1815
vn -0.6356 -0.3657 0.6799
vn 0.5199 -0.4876 -0.7014
vn 0.1820 -0.9776 -0.1060
vn 0.1193 -0.9927 0.0150
vn 0.1634 -0.9741 -0.1562
vn -0.0285 -0.9939 0.1061
vn 0.1675 -0.9848 -0.0463
vn -0.0351 -0.9804 0.1939
vn 0.0361 -0.9989 0.0283
vn 0.1909 -0.9756 -0.1080
vn 0.1326 -0.9881 -0.0778
vn -0.6116 -0.5204 0.5960
vn -0.0663 -0.9872 0.1448
vn -0.0362 -0.9935 0.1077
vn 0.0487 -0.9893 0.1378
vn 0.5027 -0.6526 -0.5669
vn 0.2195 -0.9713 -0.0918
vn 0.1531 -0.9869 0.0498
vn 0.2029 -0.9790 -0.0217
vn 0.0672 -0.9973 -0.0296
vn 0.2363 -0.9688 -0.0753
vn -0.6803 -0.5002 0.5358
vn -0.0591 -0.9928 0.1043
vn 0.1950 -0.9803 0.0310
vn 0.1488 -0.9873 -0.0553
vn -0.0959 -0.9834 0.1541
vn 0.0338 -0.9914 0.1264
vn 0.4235 -0.8027 -0.4198
vn -0.0438 -0.9967 0.0677
vn -0.1021 -0.9847 0.1412
vn 0.2098 -0.9759 -0.0599
vn 0.2451 -0.9670 -0.0692
vn 0.2429 -0.9697 -0.0270
vn -0.2284 -0.9406 0.2513
vn -0.7911 -0.3874 0.4734
vn 0.3735 -0.8737 -0.3117
vn 0.1903 -0.9812 0.0329
vn 0.1708 -0.9816 0.0854
vn -0.1081 -0.9675 0.2287
vn -0.0473 -0.9970 0.0616
vn -0.1257 -0.9841 0.1255
vn 0.0103 -0.9999 0.0138
vn 0.2183 -0.9758 -0.0089
vn 0.1722 -0.9682 0.1813
vn -0.7993 -0.5574 0.2245
vn -0.4316 -0.8699 0.2386
vn 0.0479 -0.9977 -0.0487
vn -0.2709 -0.9182 0.2891
vn 0.2367 -0.9577 0.1634
vn 0.2265 -0.9536 -0.1985
vn 0.0706 -0.9975 0.0055
vn 0.1906 -0.9811 -0.0349
vn -0.1529 -0.9778 0.1431
vn 0.1049 -0.9944 -0.0094
vn 0.2005 -0.9758 0.0876
vn 0.1873 -0.9822 0.0157
vn -0.0628 -0.9934 0.0958
vn -0.0606 -0.9974 0.0398
vn 0.1832 -0.9699 0.1602
vn -0.2889 -0.5065 0.8124
vn -0.0760 -0.9943 0.0754
vn -0.1094 -0.9913 0.0728
vn -0.1351 -0.9843 0.1136
vn -0.1291 -0.9841 -0.1218
vn 0.6961 -0.4485 -0.5606
vn 0.1377 -0.9905 -0.0057
vn -0.0013 -0.9990 0.0451
vn 0.0351 -0.9994 0.0049
vn 0.0375 -0.9990 0.0262
vn 0.1520 -0.9884 -0.0020
vn -0.0948 -0.6673 0.7387
vn -0.1714 -0.9750 0.1415
vn 0.1030 -0.9921 0.0719
vn -0.1482 -0.9816 0.1200
vn 0.1032 -0.9937 -0.0437
vn -0.2325 -0.9679 -0.0954
vn 0.1363 -0.9896 0.0456
vn 0.0754 -0.9968 0.0281
vn 0.0182 -0.9996 0.0231
vn -0.2121 -0.9765 0.0395
vn -0.1344 -0.9849 0.1090
vn 0.4525 -0.8416 -0.2948
vn -0.0838 -0.9931 0.0826
vn -0.1895 -0.9379 -0.2906
vn 0.0400 -0.9771 -0.2092
vn 0.0673 -0.9939 0.0874
vn -0.1002 -0.9898 0.1017
vn -0.0524 -0.9648 0.2576
vn 0.0444 -0.9990 -0.0031
vn -0.0726 -0.9952 0.0649
vn 0.0219 -0.8543 0.5192
vn 0.0579 -0.9182 -0.3919
vn 0.0996 -0.9949 0.0132
vn 0.0205 -0.9986 0.0495
vn -0.0861 -0.9340 -0.3468
vn 0.0145 -0.9696 0.2444
vn 0.8179 -0.3691 -0.4414
vn -0.0698 -0.9958 0.0587
vn 0.5966 -0.7641 -0.2453
vn -0.2835 -0.8104 -0.5128
vn 0.0074 -1.0000 0.0064
vn -0.0976 -0.9250 -0.3673
vn -0.1370 -0.9847 0.1077
vn -0.1048 -0.8678 -0.4858
vn -0.1249 -0.9895 0.0733
vn -0.0588 -0.9953 0.0773
vn 0.2434 -0.9673 -0.0717
vn -0.1255 -0.9879 0.0908
vn -0.0917 -0.9953 -0.0311
vn -0.0743 -0.9952 0.0644
vn 0.1557 -0.9441 -0.2906
vn 0.0371 -0.8739 -0.4848
vn 0.1764 -0.7886 0.5890
vn 0.0899 -0.9959 0.0101
vn 0.8487 -0.4289 -0.3094
vn 0.0209 -0.9537 -0.2999
vn 0.1494 -0.9821 0.1151
vn -0.1159 -0.9908 0.0695
vn 0.2828 -0.9575 -0.0561
vn 0.3381 -0.8596 0.3831
vn -0.1162 -0.9907 0.0701
vn 0.1407 -0.9901 0.0017
vn 0.1162 -0.9845 -0.1313
vn -0.1369 -0.9884 0.0659
vn 0.4895 -0.1963 0.8496
vn 0.3243 -0.1555 0.9331
vn 0.8638 -0.4416 -0.2424
vn -0.1296 -0.9904 -0.0487
vn 0.6644 -0.3912 0.6369
vn 0.2356 -0.9718 -0.0052
vn 0.4180 -0.9043 -0.0865
vn 0.9071 -0.3527 -0.2298
vn 0.4855 -0.8621 0.1449
vn 0.3326 -0.9429 -0.0180
vn 0.0302 -0.9987 0.0408
vn 0.2830 -0.9584 0.0364
vn 0.9091 -0.3736 -0.1844
vn 0.9329 -0.3457 -0.1012
vn 0.8323 -0.5533 0.0319
vn -0.5074 -0.3092 -0.8044
vn -0.8886 -0.0842 -0.4508
vn -0.4114 -0.1873 -0.8920
vn -0.6018 -0.2145 -0.7693
vn -0.9602 -0.0428 -0.2760
vn -0.6313 0.0511 -0.7739
vn -0.3602 0.1298 -0.9238
vn -0.7745 -0.0143 -0.6325
vn -0.4513 -0.1077 -0.8859
vn -0.4215 0.0300 -0.9063
vn -0.9662 0.0066 -0.2578
vn -0.3796 -0.0880 -0.9210
vn -0.3290 -0.1830 -0.9264
vn -0.7869 0.1446 -0.5998
vn -0.5308 0.2165 -0.8194
vn -0.3621 0.0238 -0.9318
vn -0.3341 0.1763 -0.9259
vn -0.4011 -0.1136 -0.9089
vn -0.4375 0.0469 -0.8980
vn -0.2863 -0.1695 -0.9430
vn -0.3569 -0.0872 -0.9301
vn -0.3125 0.1712 -0.9344
vn -0.5377 0.3541 -0.7651
vn -0.3339 0.1301 -0.9336
vn -0.4450 0.0981 -0.8901
vn -0.3353 0.0293 -0.9417
vn -0.5310 0.6517 -0.5415
vn -0.4565 -0.3334 -0.8249
vn -0.3099 -0.1677 -0.9359
vn -0.5209 0.2947 -0.8011
vn -0.4130 0.7536 -0.5114
vn -0.3677 0.0144 -0.9298
vn -0.3934 -0.0878 -0.9152
vn -0.3466 -0.1730 -0.9219
vn -0.3272 0.1106 -0.9385
vn -0.4032 0.0017 -0.9151
vn -0.4067 0.1190 -0.9058
vn -0.3367 -0.0769 -0.9385
vn -0.3128 0.1709 -0.9343
vn -0.3929 -0.2383 -0.8882
vn -0.2707 -0.8250 -0.4960
vn -0.2418 -0.9354 -0.2581
vn -0.3612 -0.1054 -0.9265
vn -0.4299 0.4483 -0.7838
vn -0.3299 0.1216 -0.9362
vn -0.3373 -0.1784 -0.9243
vn -0.3509 0.0849 -0.9326
vn -0.3449 -0.0866 -0.9347
vn -0.3779 -0.0027 -0.9258
vn -0.2408 0.8308 -0.5018
vn -0.3554 -0.1286 -0.9258
vn -0.3679 -0.0832 -0.9261
vn -0.3548 -0.1812 -0.9172
vn -0.3421 0.1656 -0.9250
vn -0.3530 -0.0669 -0.9332
vn -0.3544 -0.2535 -0.9001
vn -0.3717 0.2888 -0.8823
vn -0.3375 -0.0055 -0.9413
vn -0.3820 -0.1409 -0.9134
vn -0.3592 0.0020 -0.9333
vn -0.3503 0.1793 -0.9193
vn -0.3693 0.0491 -0.9280
vn -0.3590 0.1366 -0.9233
vn -0.3723 -0.0907 -0.9237
vn -0.3407 0.1152 -0.9331
vn -0.3054 -0.1356 -0.9425
vn -0.3771 -0.1808 -0.9084
vn -0.3702 0.1787 -0.9116
vn -0.2662 -0.6978 -0.6649
vn -0.4006 0.1364 -0.9060
vn -0.3432 0.0444 -0.9382
vn -0.3779 -0.1578 -0.9123
vn -0.2808 0.6803 -0.6770
vn -0.3175 -0.0463 -0.9471
vn -0.2321 -0.3920 -0.8902
vn -0.3619 0.1464 -0.9207
vn -0.3148 0.0313 -0.9486
vn -0.3810 -0.0080 -0.9246
vn -0.3879 0.1289 -0.9126
vn -0.2945 -0.0581 -0.9539
vn -0.2422 0.3212 -0.9155
vn -0.3705 -0.1460 -0.9173
vn -0.2328 -0.1562 -0.9599
vn -0.2656 0.1471 -0.9528
vn -0.3405 -0.1788 -0.9231
vn -0.3386 0.1283 -0.9321
vn -0.0743 0.9459 -0.3159
vn -0.3303 -0.1191 -0.9363
vn -0.3121 0.0844 -0.9463
vn -0.3390 -0.1478 -0.9291
vn -0.3647 0.1474 -0.9194
vn -0.2695 -0.0091 -0.9630
vn -0.3009 -0.1164 -0.9465
vn -0.4469 0.2050 -0.8708
vn -0.2542 0.0521 -0.9658
vn -0.1556 0.8525 -0.4990
vn -0.3169 0.1032 -0.9428
vn -0.3389 0.0707 -0.9382
vn -0.2955 0.0752 -0.9524
vn -0.2301 0.2135 -0.9495
vn -0.3120 0.1319 -0.9409
vn -0.2473 -0.0277 -0.9685
vn -0.3524 -0.1150 -0.9288
vn -0.1739 -0.2445 -0.9539
vn -0.1804 -0.1098 -0.9774
vn -0.3336 0.0303 -0.9422
vn -0.3293 -0.1061 -0.9382
vn -0.2008 -0.0080 -0.9796
vn -0.1646 0.1668 -0.9721
vn -0.1162 -0.1866 -0.9755
vn -0.2906 0.1067 -0.9509
vn -0.2551 0.0762 -0.9639
vn -0.3360 0.0012 -0.9419
vn -0.1344 0.6960 -0.7054
vn -0.1125 -0.3056 -0.9455
vn -0.1141 -0.1121 -0.9871
vn -0.0888 -0.7509 -0.6544
vn -0.2171 -0.0502 -0.9749
vn -0.2260 0.0763 -0.9711
vn -0.1815 0.0083 -0.9834
vn -0.2668 0.0162 -0.9636
vn -0.1935 0.0503 -0.9798
vn -0.1486 0.0572 -0.9872
vn -0.1357 0.6418 -0.7547
vn -0.2440 -0.0869 -0.9659
vn -0.2314 -0.0667 -0.9706
vn -0.1490 0.0165 -0.9887
vn -0.0542 -0.2260 -0.9726
vn -0.1386 -0.0175 -0.9902
vn -0.1564 0.0636 -0.9856
vn -0.0307 -0.9794 -0.1998
vn -0.0395 -0.9665 -0.2538
vn -0.1288 0.1758 -0.9760
vn -0.1403 -0.1150 -0.9834
vn -0.1722 -0.0574 -0.9834
vn -0.1304 -0.0048 -0.9915
vn -0.1037 0.0829 -0.9911
vn -0.2270 -0.1113 -0.9675
vn -0.1102 0.0562 -0.9923
vn -0.0902 -0.0288 -0.9955
vn -0.1016 0.4312 -0.8965
vn -0.1329 -0.1521 -0.9794
vn -0.1009 -0.0429 -0.9940
vn -0.0994 -0.0487 -0.9939
vn -0.0805 -0.1576 -0.9842
vn -0.0766 -0.2211 -0.9722
vn -0.1088 -0.0605 -0.9922
vn -0.0690 -0.0817 -0.9943
vn -0.0882 0.0512 -0.9948
vn -0.0893 0.1210 -0.9886
vn -0.0761 -0.0255 -0.9968
vn -0.0717 0.0626 -0.9955
vn -0.0412 -0.0901 -0.9951
vn -0.0546 0.2082 -0.9766
vn -0.0374 0.4026 -0.9146
vn -0.0428 0.9152 -0.4007
vn -0.0662 -0.0149 -0.9977
vn -0.0052 -0.3144 -0.9493
vn -0.0325 -0.1755 -0.9839
vn -0.0624 -0.0615 -0.9962
vn -0.0524 -0.1597 -0.9858
vn -0.1603 0.0479 -0.9859
vn 0.0135 -0.7274 -0.6861
vn 0.0012 -0.2468 -0.9691
vn -0.1030 -0.0036 -0.9947
vn -0.0430 0.0159 -0.9989
vn -0.0228 -0.1355 -0.9905
vn -0.0001 -0.2021 -0.9794
vn -0.1286 -0.0070 -0.9917
vn 0.0425 -0.4006 -0.9153
vn -0.0511 -0.0594 -0.9969
vn -0.0036 0.9210 -0.3895
vn -0.0376 -0.0940 -0.9949
vn -0.0624 -0.0679 -0.9957
vn -0.0514 -0.1133 -0.9922
vn -0.0258 0.1400 -0.9898
vn 0.0502 -0.3013 -0.9522
vn -0.0005 0.2311 -0.9729
vn -0.1840 0.0970 -0.9781
vn -0.0004 0.4063 -0.9137
vn -0.0664 -0.0465 -0.9967
vn -0.1462 0.2282 -0.9626
vn -0.1506 -0.0730 -0.9859
vn 0.0028 -0.1641 -0.9864
vn -0.0114 0.0935 -0.9955
vn 0.0883 -0.4461 -0.8906
vn -0.0791 -0.0328 -0.9963
vn 0.0397 -0.2495 -0.9676
vn -0.0830 -0.1088 -0.9906
vn 0.0389 -0.2063 -0.9777
vn -0.0728 -0.0638 -0.9953
vn 0.0704 -0.2772 -0.9582
vn -0.0042 -0.1350 -0.9908
vn -0.0620 0.2876 -0.9557
vn -0.0903 -0.0729 -0.9932
vn -0.0421 -0.0687 -0.9967
vn -0.0527 -0.0337 -0.9980
vn 0.0405 -0.2044 -0.9781
vn 0.0344 0.3926 -0.9191
vn 0.0219 0.1941 -0.9807
vn -0.0811 -0.0521 -0.9953
vn -0.0174 0.0349 -0.9992
vn -0.0560 0.1642 -0.9848
vn -0.1089 -0.1129 -0.9876
vn -0.0490 -0.1921 -0.9802
vn -0.0694 -0.0548 -0.9961
vn -0.0351 0.0069 -0.9994
vn -0.0710 0.0946 -0.9930
vn 0.1179 -0.3654 -0.9233
vn -0.0452 -0.0092 -0.9989
vn 0.1263 -0.3098 -0.9424
vn 0.0657 -0.1998 -0.9776
vn 0.0860 0.2778 -0.9568
vn 0.0814 -0.2380 -0.9678
vn 0.0245 -0.1402 -0.9898
vn -0.0034 -0.0864 -0.9963
vn 0.0136 0.0600 -0.9981
vn -0.0034 -0.0910 -0.9958
vn 0.0511 0.1611 -0.9856
vn -0.0607 -0.0096 -0.9981
vn 0.0435 0.1088 -0.9931
vn 0.0664 0.2295 -0.9710
vn 0.1294 -0.2845 -0.9499
vn 0.1953 0.1531 -0.9687
vn 0.2124 -0.3986 -0.8922
vn -0.0162 -0.0208 -0.9997
vn -0.2282 0.0746 -0.9707
vn 0.1766 -0.3343 -0.9258
vn 0.1276 -0.1945 -0.9726
vn -0.0800 -0.0615 -0.9949
vn -0.1013 -0.0937 -0.9904
vn 0.0386 0.0353 -0.9986
vn 0.0924 0.1069 -0.9900
vn 0.1471 -0.2415 -0.9592
vn 0.1162 -0.1439 -0.9827
vn 0.1084 0.1599 -0.9812
vn 0.0754 0.4853 -0.8711
vn 0.0890 -0.1196 -0.9888
vn 0.1863 -0.2910 -0.9384
vn 0.0430 0.0183 -0.9989
vn 0.0709 0.0737 -0.9948
vn 0.2232 -0.1932 -0.9554
vn 0.0760 -0.0792 -0.9940
vn 0.1000 0.2433 -0.9648
vn 0.0444 -0.0590 -0.9973
vn 0.1071 0.0369 -0.9936
vn 0.2014 -0.2178 -0.9550
vn 0.1491 -0.1501 -0.9774
vn 0.2601 -0.3272 -0.9085
vn 0.2318 -0.2622 -0.9368
vn 0.1650 -0.0328 -0.9858
vn 0.1297 0.0765 -0.9886
vn 0.1451 0.2208 -0.9645
vn 0.1411 0.4980 -0.8556
vn 0.1706 0.1225 -0.9777
vn 0.2150 0.0442 -0.9756
vn 0.2303 -0.1502 -0.9615
vn 0.1989 -0.0921 -0.9757
vn 0.2339 0.0085 -0.9722
vn 0.2045 0.1647 -0.9649
vn 0.2611 -0.0627 -0.9633
vn 0.1984 0.0805 -0.9768
vn 0.2484 -0.1871 -0.9504
vn 0.2836 -0.2182 -0.9338
vn 0.2591 -0.5043 -0.8237
vn 0.2102 0.2939 -0.9324
vn 0.2951 -0.3569 -0.8863
vn 0.3012 -0.1972 -0.9329
vn 0.3050 -0.2737 -0.9122
vn 0.2607 0.1392 -0.9553
vn 0.2895 -0.1271 -0.9487
vn 0.2261 0.1104 -0.9678
vn 0.3390 -0.2374 -0.9104
vn 0.1317 0.7977 -0.5885
vn 0.3416 -0.2908 -0.8937
vn 0.2701 0.4163 -0.8682
vn 0.2710 0.0619 -0.9606
vn 0.2924 0.0940 -0.9517
vn 0.3063 0.0173 -0.9518
vn 0.2766 0.1941 -0.9412
vn 0.3615 -0.1506 -0.9201
vn 0.3235 -0.0320 -0.9457
vn 0.3113 -0.4529 -0.8354
vn 0.3680 -0.2013 -0.9078
vn 0.3564 -0.0960 -0.9294
vn 0.3806 -0.3172 -0.8687
vn 0.3878 -0.0423 -0.9208
vn 0.3747 -0.3658 -0.8519
vn 0.3326 0.0523 -0.9416
vn 0.3576 0.0597 -0.9320
vn 0.3983 -0.2731 -0.8757
vn 0.3260 0.1050 -0.9395
vn 0.3465 0.2238 -0.9109
vn 0.3328 0.1403 -0.9325
vn 0.4194 -0.1654 -0.8926
vn 0.3842 0.0067 -0.9232
vn 0.3973 -0.2304 -0.8883
vn 0.4078 -0.1074 -0.9067
vn 0.4173 -0.2524 -0.8730
vn 0.4139 -0.3177 -0.8531
vn 0.4434 -0.3388 -0.8298
vn 0.4536 -0.2885 -0.8432
vn 0.4256 -0.2012 -0.8823
vn 0.4233 -0.0440 -0.9049
vn 0.3893 0.0791 -0.9177
vn 0.2520 0.7007 -0.6675
vn 0.4271 -0.0103 -0.9041
vn 0.4608 -0.2624 -0.8478
vn 0.4546 -0.2269 -0.8613
vn 0.4411 -0.1407 -0.8863
vn 0.4082 0.0218 -0.9126
vn 0.4571 -0.1927 -0.8683
vn 0.4100 0.0394 -0.9112
vn 0.4692 -0.1741 -0.8658
vn 0.4743 -0.2403 -0.8470
vn 0.4335 -0.0879 -0.8968
vn 0.2586 -0.8664 -0.4272
vn 0.3634 0.3489 -0.8638
vn 0.4583 -0.3937 -0.7968
vn 0.4593 -0.0607 -0.8862
vn 0.3938 0.1282 -0.9102
vn 0.4909 -0.2937 -0.8202
vn 0.4932 -0.2693 -0.8272
vn 0.4391 0.0083 -0.8984
vn 0.1215 -0.9856 -0.1176
vn 0.4811 -0.2164 -0.8495
vn 0.4633 -0.0309 -0.8857
vn 0.4375 0.0800 -0.8957
vn 0.4439 0.0454 -0.8949
vn 0.4721 -0.1199 -0.8734
vn 0.5177 -0.2372 -0.8221
vn 0.4975 -0.1361 -0.8567
vn 0.4197 0.1801 -0.8896
vn 0.4949 -0.2530 -0.8313
vn 0.4922 -0.0818 -0.8667
vn 0.4563 0.1102 -0.8830
vn 0.5151 -0.2295 -0.8259
vn 0.5051 -0.2094 -0.8373
vn 0.4668 0.0111 -0.8843
vn 0.5283 -0.2393 -0.8146
vn 0.3960 0.4216 -0.8157
vn 0.5174 -0.2997 -0.8015
vn 0.4768 0.0539 -0.8773
vn 0.5076 -0.1775 -0.8431
vn 0.5050 0.0170 -0.8629
vn 0.4481 0.2703 -0.8522
vn 0.5227 -0.2666 -0.8098
vn 0.5137 -0.0508 -0.8565
vn 0.5264 -0.1204 -0.8417
vn 0.4980 -0.0180 -0.8670
vn 0.4827 0.0858 -0.8716
vn 0.1113 0.9787 -0.1723
vn 0.5518 -0.2345 -0.8003
vn 0.4789 0.1399 -0.8667
vn 0.5495 -0.2038 -0.8103
vn 0.5234 -0.3046 -0.7958
vn 0.5323 -0.0823 -0.8425
vn 0.3957 0.6823 -0.6147
vn 0.5576 -0.2256 -0.7989
vn 0.5389 -0.1587 -0.8273
vn 0.5444 -0.2619 -0.7969
vn 0.5188 0.0479 -0.8535
vn 0.5551 -0.2251 -0.8008
vn 0.5096 0.0865 -0.8561
vn 0.5415 -0.0198 -0.8405
vn 0.5634 -0.1816 -0.8059
vn 0.4969 0.3125 -0.8096
vn 0.5612 -0.2356 -0.7934
vn 0.5550 -0.1409 -0.8199
vn 0.5631 -0.2238 -0.7955
vn 0.5518 -0.0570 -0.8320
vn 0.5561 -0.1038 -0.8246
vn 0.5185 0.1163 -0.8471
vn 0.5477 0.0131 -0.8366
vn 0.5393 0.0695 -0.8392
vn 0.5585 -0.2736 -0.7831
vn 0.5592 -0.2152 -0.8006
vn 0.5638 -0.2572 -0.7848
vn 0.5638 -0.2264 -0.7943
vn 0.5426 0.1517 -0.8262
vn 0.5627 -0.2181 -0.7974
vn 0.5687 -0.0200 -0.8223
vn 0.5706 -0.1434 -0.8086
vn 0.5737 -0.0996 -0.8130
vn 0.5626 -0.2246 -0.7957
vn 0.5675 0.0327 -0.8227
vn 0.5723 -0.1786 -0.8004
vn 0.5709 -0.0497 -0.8195
vn 0.5619 -0.2350 -0.7931
vn 0.5753 -0.0001 -0.8180
vn 0.4542 0.5326 -0.7141
vn 0.5817 0.0835 -0.8091
vn 0.5966 -0.3124 -0.7393
vn 0.5721 -0.2513 -0.7808
vn 0.5743 -0.2097 -0.7913
vn 0.5843 -0.0064 -0.8115
vn 0.5680 -0.2216 -0.7926
vn 0.5843 -0.2796 -0.7618
vn 0.5811 -0.1781 -0.7941
vn 0.5818 -0.1427 -0.8007
vn 0.5594 0.1894 -0.8070
vn 0.5818 -0.2363 -0.7782
vn 0.5899 -0.0679 -0.8046
vn 0.5861 0.0198 -0.8100
vn 0.5021 0.5464 -0.6703
vn 0.5866 -0.0298 -0.8093
vn 0.5691 -0.2229 -0.7915
vn 0.5967 -0.2652 -0.7573
vn 0.5027 -0.6526 -0.5670
vn 0.5930 -0.1069 -0.7981
vn 0.6029 0.1783 -0.7776
vn 0.5715 -0.2271 -0.7885
vn 0.5779 -0.2037 -0.7903
vn 0.5997 0.0551 -0.7983
vn 0.6256 -0.2854 -0.7261
vn 0.6236 0.1389 -0.7693
vn 0.5819 -0.1813 -0.7928
vn 0.5874 -0.1457 -0.7961
vn 0.5952 -0.0656 -0.8009
vn 0.6364 -0.3117 -0.7056
vn 0.5899 -0.0240 -0.8071
vn 0.5940 0.0127 -0.8044
vn 0.5800 -0.2062 -0.7881
vn 0.6019 -0.2413 -0.7612
vn 0.5814 -0.2240 -0.7822
vn 0.5975 -0.1123 -0.7940
vn 0.6251 0.0958 -0.7746
vn 0.4235 -0.8027 -0.4199
vn 0.6197 -0.2715 -0.7364
vn 0.6091 0.0045 -0.7931
vn 0.6571 -0.3043 -0.6897
vn 0.5921 -0.1579 -0.7903
vn 0.6270 0.0495 -0.7774
vn 0.6702 -0.3287 -0.6654
vn 0.6001 -0.0898 -0.7949
vn 0.6212 -0.2224 -0.7514
vn 0.6036 -0.0268 -0.7969
vn 0.3734 -0.8737 -0.3117
vn 0.6265 -0.0608 -0.7771
vn 0.6376 -0.2961 -0.7112
vn 0.6177 -0.2021 -0.7600
vn 0.6478 0.0226 -0.7615
vn 0.6293 -0.1232 -0.7673
vn 0.6335 -0.2625 -0.7279
vn 0.6950 -0.3183 -0.6447
vn 0.6318 -0.0952 -0.7692
vn 0.6959 -0.3574 -0.6229
vn 0.6444 -0.0173 -0.7645
vn 0.6399 -0.1696 -0.7495
vn 0.2266 -0.9536 -0.1985
vn 0.6537 -0.3124 -0.6893
vn 0.6668 -0.3715 -0.6461
vn -0.7285 0.6850 0.0078
vn -0.2145 0.9288 -0.3022
vn -0.9038 0.4084 -0.1281
vn -0.7385 0.5723 -0.3565
vn -0.1570 0.9850 -0.0722
vn -0.4684 0.8738 0.1311
vn -0.3195 0.9297 -0.1835
vn -0.0820 0.9867 -0.1402
vn -0.1592 0.9866 -0.0352
vn -0.5310 0.6518 -0.5415
vn -0.4857 0.8118 -0.3241
vn -0.1790 0.9757 -0.1266
vn -0.3761 0.8566 -0.3532
vn -0.1356 0.9725 -0.1896
vn -0.1616 0.9729 -0.1655
vn -0.3243 0.8981 -0.2970
vn -0.0826 0.9935 -0.0779
vn -0.1971 0.8291 0.5232
vn -0.0559 0.9959 -0.0713
vn -0.1487 0.9615 -0.2311
vn -0.4129 0.7537 -0.5113
vn -0.1139 0.9713 -0.2088
vn -0.1364 0.9775 -0.1611
vn -0.0759 0.9768 -0.2005
vn -0.0847 0.9942 -0.0657
vn 0.1646 0.2842 0.9445
vn 0.0437 0.9893 0.1393
vn -0.0592 0.9982 0.0029
vn -0.0052 0.9980 -0.0622
vn -0.1312 0.9619 -0.2398
vn 0.1338 0.8876 0.4408
vn -0.4298 0.4483 -0.7837
vn -0.0794 0.9807 -0.1788
vn -0.2407 0.8308 -0.5018
vn -0.0818 0.9966 -0.0047
vn 0.2580 0.4562 0.8517
vn -0.0443 0.9895 0.1377
vn -0.0659 0.9961 -0.0595
vn -0.0601 0.9701 -0.2353
vn -0.0636 0.9845 -0.1637
vn -0.0855 0.9959 -0.0278
vn 0.1227 0.7742 0.6210
vn -0.0581 0.9871 -0.1494
vn -0.0496 0.9767 -0.2087
vn 0.0690 0.9712 0.2281
vn -0.0805 0.9784 -0.1905
vn -0.0323 0.9803 -0.1946
vn 0.0123 0.9999 -0.0079
vn -0.0166 0.9857 -0.1676
vn -0.0084 0.9975 -0.0700
vn 0.2579 0.6837 0.6827
vn -0.2808 0.6804 -0.6770
vn -0.0744 0.9459 -0.3159
vn -0.0108 0.9953 -0.0963
vn -0.0264 0.9792 -0.2011
vn -0.2422 0.3213 -0.9155
vn 0.0784 0.9346 0.3470
vn -0.0259 0.9948 -0.0982
vn -0.0233 0.9891 -0.1456
vn -0.0001 0.9725 -0.2327
vn -0.0500 0.9959 -0.0754
vn -0.2993 0.9514 -0.0727
vn 0.0105 0.9999 0.0004
vn -0.0087 0.9766 -0.2150
vn -0.0175 0.9962 -0.0857
vn -0.1557 0.8525 -0.4990
vn 0.0693 0.9519 0.2984
vn 0.3819 0.9022 -0.2003
vn -0.1712 0.8906 -0.4213
vn -0.0733 0.9265 0.3692
vn -0.0452 0.9801 -0.1932
vn -0.0299 0.9933 -0.1114
vn -0.0577 0.9680 -0.2443
vn 0.0086 0.9375 0.3480
vn -0.0036 0.9994 0.0344
vn -0.0440 0.9951 -0.0888
vn -0.0469 0.9873 -0.1516
vn -0.0439 0.9789 -0.1996
vn -0.0269 0.9936 -0.1098
vn -0.1358 0.6418 -0.7547
vn -0.0345 0.9762 -0.2141
vn 0.0085 0.9996 -0.0285
vn 0.0131 0.7125 0.7015
vn -0.0174 0.9947 -0.1009
vn -0.0197 0.7945 0.6069
vn -0.0354 0.9971 -0.0673
vn -0.0251 0.9909 -0.1324
vn -0.0067 0.9997 0.0233
vn -0.0626 0.9801 -0.1883
vn -0.0043 0.9992 -0.0398
vn -0.0511 0.9970 -0.0579
vn -0.0270 0.9839 -0.1767
vn -0.0404 0.9979 -0.0512
vn -0.0015 0.9798 -0.2000
vn -0.0447 0.9990 -0.0068
vn -0.0051 0.9996 -0.0294
vn -0.0531 0.9795 0.1944
vn -0.1016 0.4313 -0.8965
vn 0.0040 0.9984 -0.0571
vn 0.0038 0.9998 0.0173
vn 0.0253 0.9828 -0.1830
vn 0.0176 0.9985 -0.0524
vn 0.0070 0.9971 -0.0762
vn 0.0307 0.9991 -0.0282
vn -0.0113 0.7384 0.6742
vn 0.0298 0.9988 -0.0387
vn 0.0439 0.9863 -0.1592
vn 0.0331 0.9896 -0.1399
vn 0.0715 0.7683 0.6361
vn 0.0418 0.9766 -0.2110
vn 0.0102 0.9999 0.0007
vn 0.0505 0.9878 -0.1470
vn 0.0141 0.9996 -0.0227
vn 0.0522 0.9986 -0.0016
vn 0.0355 0.9982 -0.0484
vn 0.0403 0.9984 -0.0401
vn 0.0687 0.9906 -0.1186
vn 0.1280 0.9883 0.0833
vn 0.0800 0.9808 -0.1778
vn 0.0152 0.9542 -0.2989
vn 0.0344 0.3927 -0.9190
vn -0.0213 0.6717 0.7405
vn 0.0355 0.9993 0.0090
vn 0.0932 0.9667 -0.2384
vn 0.0513 0.9977 -0.0440
vn 0.0190 0.9986 0.0487
vn 0.0387 0.9992 0.0014
vn 0.0864 0.9871 -0.1345
vn 0.1050 0.9719 -0.2105
vn -0.2492 0.8308 0.4977
vn 0.0754 0.4854 -0.8711
vn 0.1305 0.9727 -0.1918
vn 0.0277 0.9995 0.0161
vn -0.0324 0.9922 0.1206
vn 0.0742 0.9638 -0.2563
vn 0.0742 0.9638 -0.2562
vn 0.1200 0.9881 -0.0960
vn 0.0833 0.9956 -0.0421
vn 0.0311 0.9992 0.0263
vn 0.0431 0.9944 -0.0969
vn 0.0629 0.9901 -0.1254
vn -0.1818 0.5446 0.8187
vn 0.0942 0.9950 -0.0337
vn 0.0542 0.9970 -0.0557
vn 0.1252 0.9812 -0.1470
vn 0.1058 0.9938 -0.0334
vn 0.0969 0.9919 0.0826
vn 0.0248 0.9984 0.0503
vn -0.1349 0.4425 0.8866
vn 0.1188 0.9927 -0.0214
vn 0.0249 0.9991 0.0339
vn 0.1000 0.9865 0.1294
vn 0.0616 0.9978 -0.0236
vn 0.1304 0.9895 0.0623
vn 0.0116 0.9990 0.0442
vn 0.1323 0.9793 -0.1531
vn 0.0934 0.9581 0.2707
vn 0.1244 0.9899 -0.0680
vn 0.0055 0.9983 0.0587
vn 0.0951 0.9679 -0.2327
vn 0.1177 0.9931 0.0002
vn 0.1050 0.9900 -0.0939
vn 0.0333 0.9994 0.0129
vn -0.0091 0.6831 0.7302
vn 0.0884 0.9930 0.0779
vn 0.0851 0.9963 -0.0128
vn 0.1181 0.9848 -0.1272
vn -0.1073 0.9613 0.2539
vn 0.0777 0.9823 -0.1705
vn 0.0986 0.9920 -0.0791
vn 0.0133 0.9985 0.0539
vn 0.0485 0.9988 0.0016
vn 0.0097 1.0000 0.0016
vn -0.5273 0.6500 0.5472
vn -0.0746 0.9967 0.0332
vn -0.0010 0.9980 0.0629
vn 0.0300 0.9992 0.0254
vn 0.2519 0.7008 -0.6674
vn -0.1571 0.9795 0.1261
vn 0.1329 0.9802 -0.1465
vn 0.0439 0.9988 0.0206
vn 0.1091 0.9902 -0.0869
vn 0.0639 0.9965 -0.0534
vn 0.0264 0.9996 0.0035
vn 0.0069 0.9975 0.0698
vn 0.0920 0.9813 -0.1692
vn -0.0037 0.9966 0.0824
vn 0.0788 0.9945 -0.0686
vn 0.0848 0.9918 -0.0956
vn -0.0890 0.9955 0.0340
vn 0.2520 0.7007 -0.6674
vn 0.0921 0.9813 -0.1692
vn 0.1260 0.9878 -0.0916
vn 0.3960 0.4217 -0.8157
vn 0.0064 0.9994 -0.0327
vn -0.6048 0.4279 0.6716
vn 0.1347 0.9848 -0.1099
vn 0.0975 0.9851 -0.1416
vn 0.1114 0.9787 -0.1724
vn -0.0011 0.9989 0.0475
vn 0.1114 0.9787 -0.1723
vn -0.5185 0.5603 0.6459
vn -0.0200 0.9962 0.0850
vn 0.1300 0.9865 -0.0995
vn 0.0668 0.9974 -0.0257
vn 0.0759 0.9970 -0.0113
vn 0.1627 0.9783 -0.1283
vn 0.1204 0.9857 -0.1179
vn 0.1274 0.9824 -0.1369
vn 0.0438 0.9978 0.0497
vn 0.0504 0.9981 -0.0356
vn -0.3982 0.7818 0.4798
vn 0.1595 0.9789 -0.1278
vn -0.0132 0.9958 0.0903
vn 0.1429 0.9855 -0.0912
vn 0.1216 0.9886 -0.0884
vn 0.0953 0.9954 -0.0133
vn 0.1439 0.9823 -0.1202
vn 0.1424 0.9746 -0.1729
vn 0.4969 0.3126 -0.8096
vn -0.0196 0.9948 0.0999
vn 0.1423 0.9746 -0.1729
vn -0.0665 0.9932 0.0953
vn 0.1685 0.9790 -0.1146
vn 0.1668 0.9768 -0.1340
vn 0.0217 0.9978 0.0627
vn 0.1906 0.9718 -0.1385
vn 0.1505 0.9833 -0.1019
vn 0.1122 0.9934 -0.0257
vn 0.0354 0.9980 0.0531
vn 0.1769 0.9755 -0.1310
vn 0.4542 0.5327 -0.7141
vn 0.1023 0.9945 -0.0238
vn -0.0207 0.9947 0.1005
vn -0.5650 0.7265 0.3912
vn 0.1643 0.9824 -0.0884
vn 0.1882 0.9729 -0.1341
vn 0.1506 0.9846 -0.0885
vn 0.0142 0.9974 0.0704
vn 0.0731 0.9960 -0.0517
vn 0.1606 0.9807 -0.1113
vn -0.1928 0.9655 0.1750
vn 0.1297 0.9909 -0.0370
vn 0.1851 0.9752 -0.1214
vn 0.1326 0.9884 0.0742
vn -0.7395 0.2405 0.6287
vn -0.0234 0.8764 0.4810
vn -0.0006 0.9965 0.0839
vn 0.0984 0.9948 -0.0253
vn 0.0025 0.9972 0.0750
vn 0.1888 0.9769 -0.1001
vn -0.0280 0.9923 0.1207
vn -0.0301 0.9695 0.2432
vn 0.1483 0.9849 -0.0891
vn 0.0416 0.9973 0.0610
vn 0.2131 0.9672 -0.1379
vn 0.0133 0.9947 0.1017
vn 0.4527 0.7262 -0.5174
vn -0.6004 0.5232 0.6048
vn -0.2585 0.9214 0.2903
vn -0.6298 0.6034 0.4892
vn 0.2230 0.9657 -0.1331
vn 0.1874 0.9817 -0.0330
vn 0.1487 0.9877 0.0480
vn -0.0180 0.9950 0.0979
vn 0.0375 0.9948 0.0952
vn 0.0320 0.9978 0.0587
vn 0.1635 0.9822 -0.0920
vn -0.2604 0.9210 0.2896
vn 0.3496 0.8757 -0.3331
vn -0.6311 0.6881 0.3580
vn -0.0084 0.9965 0.0827
vn 0.2287 0.9683 -0.1000
vn -0.6758 0.7013 0.2271
vn -0.4465 0.8411 0.3052
vn -0.0867 0.9673 0.2385
vn -0.0271 0.9925 0.1195
vn -0.7224 0.4723 0.5051
vn -0.0308 0.9192 0.3925
vn -0.3114 0.9229 0.2264
vn 0.0771 0.9968 -0.0216
vn -0.0127 0.9934 0.1142
vn 0.2074 0.9703 -0.1248
vn 0.0105 0.9415 0.3368
vn -0.0235 0.9924 0.1208
vn 0.1506 0.9884 0.0200
vn -0.0106 0.9913 0.1313
vn -0.1871 0.9488 0.2547
vn 0.0661 0.9975 -0.0260
vn 0.0115 0.9563 0.2921
vn 0.2276 0.9680 -0.1060
vn 0.2128 0.9760 -0.0468
vn 0.1236 0.9893 -0.0776
vn -0.0220 0.9987 0.0462
vn 0.0887 0.9888 0.1202
vn 0.1349 0.9905 0.0254
vn 0.2375 0.9570 -0.1663
vn 0.2041 0.9709 -0.1256
vn 0.2375 0.9570 -0.1664
vn 0.6438 0.2923 -0.7072
vn 0.1714 0.9850 -0.0218
vn -0.0612 0.9936 0.0947
vn -0.0458 0.9946 0.0931
vn 0.6562 0.4203 -0.6267
vn -0.0735 0.9903 0.1181
vn 0.1998 0.9764 -0.0825
vn 0.1544 0.9852 -0.0740
vn 0.1837 0.9809 -0.0633
vn 0.0826 0.9644 0.2511
vn 0.0392 0.9992 -0.0083
vn 0.2387 0.9585 -0.1556
vn 0.2388 0.9585 -0.1556
vn -0.3615 0.3480 0.8650
vn -0.0968 0.4505 0.8875
vn 0.0385 0.9949 -0.0937
vn 0.1288 0.9893 0.0679
vn -0.0325 0.9985 0.0435
vn -0.1087 0.9798 0.1676
vn 0.1071 0.9936 -0.0373
vn 0.1575 0.9875 -0.0059
vn -0.0759 0.9935 0.0850
vn -0.0659 0.9937 0.0909
vn 0.0480 0.9985 0.0279
vn 0.6699 0.5459 -0.5033
vn 0.1648 0.9771 -0.1343
vn 0.1451 0.9820 -0.1210
vn 0.1327 0.9890 -0.0654
vn 0.1544 0.9877 0.0253
vn -0.0757 0.9971 0.0084
vn 0.0248 0.9996 -0.0111
vn 0.1183 0.9909 -0.0637
vn 0.0411 0.9989 -0.0233
vn 0.1437 0.9890 -0.0352
vn -0.0458 0.9981 0.0416
vn 0.1343 0.2956 0.9458
vn 0.5472 0.7871 -0.2847
vn -0.0301 0.9811 0.1909
vn 0.0531 0.9234 0.3802
vn -0.0968 0.9922 0.0790
vn 0.0912 0.9958 0.0031
vn -0.0717 0.9969 0.0334
vn 0.1100 0.9928 -0.0469
vn -0.0952 0.9909 0.0948
vn -0.0510 0.9986 0.0167
vn 0.0153 0.9997 -0.0204
vn 0.2975 0.9441 -0.1418
vn -0.0933 0.9956 0.0074
vn 0.0587 0.9920 0.1122
vn 0.0748 0.9924 0.0978
vn -0.0855 0.9940 0.0682
vn -0.1051 0.9929 0.0556
vn -0.2049 0.9773 0.0538
vn -0.0424 0.9991 0.0079
vn -0.0289 0.9990 -0.0355
vn 0.0267 0.9996 0.0025
vn 0.1061 0.9712 0.2133
vn 0.0074 0.9960 0.0891
vn 0.0899 0.9959 -0.0119
vn 0.0518 0.9963 -0.0684
vn 0.0532 0.9980 -0.0338
vn 0.0232 0.9911 0.1307
vn 0.7852 0.4786 -0.3929
vn 0.2176 0.6147 0.7581
vn 0.0384 0.9989 -0.0282
vn -0.0647 0.9973 0.0342
vn -0.0114 0.9959 0.0893
vn 0.0266 0.9988 0.0420
vn 0.6739 0.6906 -0.2626
vn 0.3191 0.9451 -0.0711
vn -0.0700 0.9973 0.0235
vn -0.1195 0.9650 0.2336
vn 0.3717 0.6154 0.6950
vn 0.0121 0.9979 0.0642
vn 0.0994 0.9898 -0.1020
vn 0.0023 0.9999 -0.0127
vn 0.0612 0.9981 -0.0069
vn 0.1016 0.9948 -0.0033
vn 0.0150 0.9999 -0.0041
vn 0.7539 0.6264 -0.1980
vn 0.0678 0.9943 0.0826
vn 0.6832 0.4317 0.5890
vn 0.2001 0.9793 -0.0303
vn 0.1263 0.9920 0.0023
vn 0.1604 0.9858 0.0490
vn 0.0953 0.9940 0.0542
vn 0.8339 0.5344 -0.1380
vn 0.0574 0.9983 -0.0113
vn 0.8512 0.5079 -0.1320
vn 0.2391 0.9706 -0.0260
vn 0.8879 0.3745 0.2670
vn 0.8498 0.5211 0.0795
vn 0.8106 0.5855 -0.0064
vn -0.1004 -0.2786 0.9551
vn -0.8045 -0.2748 0.5266
vn -0.0527 -0.1628 0.9853
vn 0.1816 -0.0899 0.9792
vn 0.2066 0.1123 0.9720
vn 0.1160 0.3470 0.9307
vn 0.0276 0.3939 0.9188
vn 0.1395 0.1862 0.9726
vn 0.3174 -0.0860 0.9444
vn 0.3632 0.2113 0.9074
vn 0.3191 -0.0344 0.9471
vn 0.4236 -0.0866 0.9017
vn 0.2862 0.2770 0.9173
vn 0.5130 -0.0689 0.8556
vn -0.2661 0.0278 0.9635
vn -0.6903 -0.1499 0.7079
vn 0.3273 0.3082 0.8933
vn 0.3563 0.0016 0.9344
vn -0.6235 0.1297 0.7710
vn 0.4601 0.1491 0.8752
vn 0.0366 0.1761 0.9837
vn -0.7861 0.1010 0.6097
vn 0.2951 0.2019 0.9339
vn -0.3528 0.2796 0.8930
vn -0.5197 -0.2124 0.8275
vn -0.0336 -0.0983 0.9946
vn -0.3219 0.7558 0.5703
vn 0.4872 0.0023 0.8733
vn -0.0516 -0.2021 0.9780
vn 0.4441 0.0448 0.8949
vn 0.5182 -0.0497 0.8538
vn 0.2027 -0.0434 0.9783
vn 0.4174 0.2575 0.8715
vn -0.1970 0.8291 0.5232
vn 0.5552 -0.0460 0.8304
vn 0.5759 0.1194 0.8088
vn 0.5843 -0.0028 0.8116
vn 0.4941 -0.0391 0.8685
vn 0.0937 -0.1893 0.9774
vn 0.5257 -0.0225 0.8504
vn 0.4040 0.1216 0.9066
vn 0.1497 -0.2435 0.9583
vn 0.6313 0.0539 0.7737
vn 0.1327 -0.0981 0.9863
vn 0.5220 0.1918 0.8311
vn 0.6113 0.1234 0.7818
vn 0.4906 -0.0065 0.8713
vn 0.6069 0.0480 0.7933
vn 0.3329 -0.1849 0.9247
vn 0.6146 0.1113 0.7810
vn 0.2071 0.1369 0.9687
vn 0.5685 -0.0033 0.8227
vn 0.5074 0.0566 0.8598
vn 0.4532 -0.0582 0.8895
vn 0.6341 0.0977 0.7670
vn 0.2325 -0.2953 0.9267
vn 0.4504 0.0315 0.8923
vn 0.5081 0.0372 0.8605
vn 0.3785 -0.5842 0.7180
vn 0.6076 0.1165 0.7857
vn 0.6035 0.0907 0.7922
vn 0.6379 0.0894 0.7649
vn 0.5309 0.0899 0.8427
vn 0.5704 0.0612 0.8191
vn 0.2580 0.4561 0.8517
vn 0.6191 0.0993 0.7790
vn 0.2983 -0.0851 0.9507
vn 0.3186 0.4170 0.8512
vn 0.2916 0.4603 0.8385
vn 0.2819 -0.2692 0.9209
vn 0.3745 0.0535 0.9257
vn 0.4837 0.0972 0.8698
vn 0.6075 0.1035 0.7875
vn 0.5849 0.1135 0.8031
vn 0.3921 0.1263 0.9112
vn 0.3105 0.2851 0.9068
vn 0.5320 0.1617 0.8312
vn 0.5501 0.0433 0.8340
vn 0.1226 0.7742 0.6210
vn 0.5322 0.1603 0.8313
vn 0.4401 0.1813 0.8795
vn 0.4485 -0.0791 0.8903
vn 0.2892 -0.2984 0.9096
vn 0.4123 0.1256 0.9024
vn 0.4998 0.1782 0.8476
vn 0.2946 0.3246 0.8988
vn 0.5484 0.1375 0.8248
vn 0.3137 0.1233 0.9415
vn 0.2244 0.2468 0.9427
vn 0.3456 -0.2550 0.9031
vn 0.2586 -0.0997 0.9608
vn 0.3063 0.2283 0.9242
vn 0.3106 0.1869 0.9320
vn 0.5029 0.1131 0.8569
vn 0.1903 -0.3454 0.9189
vn 0.1879 -0.0257 0.9819
vn 0.1956 0.1307 0.9719
vn 0.4034 0.2392 0.8832
vn 0.4627 0.1720 0.8696
vn 0.4514 -0.0811 0.8886
vn 0.1749 -0.1132 0.9781
vn 0.3226 0.2911 0.9006
vn 0.4779 0.0687 0.8757
vn 0.1777 0.3224 0.9298
vn 0.2407 -0.3937 0.8872
vn 0.1575 0.2369 0.9587
vn 0.4035 0.2497 0.8803
vn 0.1953 0.5644 0.8020
vn 0.1616 -0.0050 0.9868
vn 0.4431 0.1995 0.8740
vn 0.3568 -0.2615 0.8968
vn 0.0691 -0.3149 0.9466
vn 0.1804 0.3061 0.9348
vn 0.2590 -0.4008 0.8788
vn 0.4420 0.0623 0.8949
vn 0.4065 -0.0145 0.9135
vn 0.3633 0.1800 0.9141
vn 0.1737 -0.4768 0.8617
vn 0.0543 0.3646 0.9296
vn 0.1161 0.0673 0.9910
vn 0.0655 0.4966 0.8655
vn 0.3598 0.2829 0.8891
vn 0.1955 0.3990 0.8959
vn 0.0286 0.0478 0.9984
vn 0.3895 -0.1221 0.9129
vn 0.3686 0.1143 0.9225
vn 0.2713 0.3698 0.8886
vn 0.1479 -0.4038 0.9028
vn 0.3097 0.2940 0.9042
vn 0.1297 0.1276 0.9833
vn 0.0579 0.3989 0.9151
vn -0.0901 -0.0559 0.9944
vn 0.3488 -0.2967 0.8890
vn 0.2370 -0.3938 0.8881
vn 0.0489 0.3978 0.9162
vn -0.1052 0.2026 0.9736
vn -0.0594 -0.4592 0.8863
vn 0.1915 -0.4961 0.8469
vn -0.0870 0.5436 0.8348
vn 0.2771 -0.3111 0.9091
vn 0.1625 -0.4931 0.8547
vn 0.1334 -0.2154 0.9674
vn -0.1583 0.1454 0.9766
vn -0.1324 -0.1741 0.9758
vn 0.1675 -0.4527 0.8758
vn 0.0945 0.5042 0.8584
vn 0.1853 0.4517 0.8727
vn 0.3331 -0.1355 0.9331
vn 0.2992 0.1946 0.9341
vn -0.0505 -0.8858 0.4614
vn 0.1698 -0.3250 0.9304
vn 0.2126 0.4746 0.8541
vn -0.0545 0.3962 0.9165
vn 0.3358 0.0284 0.9415
vn 0.2353 0.3158 0.9192
vn 0.1437 -0.2329 0.9618
vn -0.1412 -0.1667 0.9758
vn 0.0328 0.2458 0.9688
vn 0.0828 0.5214 0.8493
vn -0.0074 0.4943 0.8693
vn 0.0508 0.5882 0.8071
vn 0.1571 -0.3332 0.9297
vn 0.2170 0.4350 0.8739
vn 0.1571 -0.5136 0.8436
vn 0.1781 -0.0688 0.9816
vn -0.0704 0.0646 0.9954
vn 0.1559 -0.4974 0.8534
vn 0.1073 0.5465 0.8306
vn -0.1114 0.4822 0.8690
vn 0.1118 -0.2350 0.9655
vn -0.0198 0.7945 0.6069
vn -0.1083 0.0043 0.9941
vn 0.1297 -0.0024 0.9915
vn -0.0043 0.5700 0.8216
vn 0.1183 -0.4750 0.8720
vn 0.0468 0.5897 0.8062
vn 0.1066 -0.3312 0.9375
vn 0.1183 0.1816 0.9762
vn -0.1359 -0.2250 0.9648
vn -0.0818 0.6324 0.7703
vn -0.0381 0.5612 0.8268
vn 0.1461 -0.5299 0.8354
vn 0.1479 0.4454 0.8830
vn -0.1923 -0.0180 0.9812
vn 0.0108 0.6691 0.7431
vn 0.0370 0.5578 0.8291
vn 0.0798 0.5703 0.8176
vn -0.0636 0.0363 0.9973
vn 0.0855 -0.0851 0.9927
vn 0.0933 -0.5032 0.8591
vn -0.1492 -0.2507 0.9565
vn 0.0276 0.2479 0.9684
vn 0.0980 -0.2635 0.9597
vn -0.0474 0.5596 0.8274
vn 0.0156 0.5450 0.8383
vn 0.1087 0.3308 0.9374
vn 0.0094 0.5256 0.8507
vn 0.0789 -0.4493 0.8899
vn 0.1324 -0.5494 0.8250
vn -0.0327 0.5930 0.8045
vn -0.0282 -0.4605 0.8872
vn 0.0579 -0.4220 0.9047
vn -0.0165 -0.4633 0.8860
vn -0.1545 -0.0204 0.9878
vn 0.0429 0.1911 0.9806
vn 0.1092 -0.2038 0.9729
vn -0.0350 0.6865 0.7263
vn -0.0113 0.7385 0.6742
vn -0.0712 0.5350 0.8418
vn 0.0049 0.0615 0.9981
vn -0.0901 -0.2805 0.9556
vn 0.0099 0.0109 0.9999
vn 0.0157 -0.4854 0.8741
vn 0.0675 -0.2971 0.9525
vn 0.0704 0.1424 0.9873
vn -0.0126 0.4798 0.8773
vn 0.0218 -0.2878 0.9574
vn -0.0939 0.5268 0.8448
vn 0.1205 -0.4930 0.8616
vn -0.0784 -0.1702 0.9823
vn 0.0754 0.0796 0.9940
vn 0.0726 -0.1636 0.9838
vn 0.0835 -0.4346 0.8967
vn 0.0802 -0.3040 0.9493
vn 0.1238 -0.0482 0.9911
vn -0.0444 0.0279 0.9986
vn -0.0643 0.4897 0.8695
vn 0.0998 -0.4593 0.8826
vn 0.0056 0.1075 0.9942
vn -0.0890 0.2882 0.9534
vn 0.0620 0.5932 0.8027
vn -0.0109 0.7322 0.6810
vn 0.0070 -0.3205 0.9472
vn 0.0219 -0.0179 0.9996
vn 0.0715 0.7684 0.6360
vn 0.0051 0.0213 0.9998
vn 0.0509 -0.4330 0.8999
vn -0.0948 -0.2493 0.9638
vn -0.0195 0.0359 0.9992
vn -0.0321 0.6122 0.7900
vn -0.0565 0.5804 0.8124
vn -0.0714 0.0623 0.9955
vn -0.0160 -0.4802 0.8770
vn -0.0021 -0.5064 0.8623
vn 0.0079 0.4287 0.9034
vn -0.0281 -0.3091 0.9506
vn 0.0041 -0.1204 0.9927
vn -0.1005 0.5933 0.7987
vn -0.0467 -0.1958 0.9795
vn -0.0840 -0.4366 0.8957
vn -0.1609 0.2011 0.9663
vn -0.0739 0.0606 0.9954
vn -0.0463 -0.3393 0.9396
vn -0.1123 -0.4896 0.8647
vn -0.0491 -0.3222 0.9454
vn -0.1883 0.0872 0.9782
vn -0.0925 -0.4519 0.8872
vn -0.1503 0.3141 0.9374
vn -0.1954 -0.0903 0.9766
vn -0.1434 -0.7886 0.5980
vn -0.1104 0.5674 0.8160
vn -0.1931 0.0703 0.9786
vn -0.1001 -0.3439 0.9337
vn -0.1634 -0.4523 0.8768
vn -0.1714 -0.0148 0.9851
vn -0.1716 -0.4629 0.8697
vn -0.2156 0.0511 0.9751
vn -0.1005 -0.4809 0.8710
vn -0.1805 -0.2021 0.9626
vn -0.0213 0.6718 0.7404
vn -0.1674 -0.1468 0.9749
vn -0.1505 -0.8831 0.4443
vn -0.1969 0.0563 0.9788
vn -0.2101 -0.4932 0.8442
vn -0.2205 -0.4867 0.8453
vn -0.2495 -0.4903 0.8351
vn -0.1693 0.0738 0.9828
vn -0.1845 0.0186 0.9827
vn -0.2007 -0.3402 0.9187
vn -0.3293 -0.4018 0.8544
vn -0.1948 -0.4820 0.8542
vn -0.2813 -0.4407 0.8525
vn -0.3468 0.0127 0.9379
vn -0.2737 -0.4614 0.8439
vn -0.1992 0.1863 0.9621
vn -0.1781 0.1430 0.9736
vn -0.2682 -0.1524 0.9512
vn -0.2492 0.8308 0.4976
vn -0.1367 0.0279 0.9902
vn -0.2201 -0.4716 0.8539
vn -0.2882 -0.5091 0.8110
vn -0.2332 -0.2822 0.9306
vn -0.2942 -0.0833 0.9521
vn -0.2416 -0.0102 0.9703
vn -0.3311 -0.4584 0.8248
vn -0.2605 -0.2490 0.9328
vn -0.3228 -0.5238 0.7883
vn -0.1800 -0.1012 0.9784
vn -0.2624 -0.4606 0.8479
vn -0.1480 -0.1419 0.9788
vn -0.3334 -0.5040 0.7968
vn -0.2417 -0.1117 0.9639
vn -0.3476 -0.3805 0.8570
vn -0.3351 -0.1554 0.9293
vn -0.0087 0.9766 -0.2149
vn -0.1711 0.8906 -0.4213
vn 0.0692 0.9519 0.2985
vn -0.0756 0.7048 0.7054
vn -0.0870 0.5437 0.8348
vn -0.0545 0.3963 0.9165
vn -0.1128 0.6193 0.7770
vn -0.0819 0.6324 0.7703
vn -0.1114 0.4822 0.8689
vn -0.0644 0.7313 0.6790
vn -0.1084 0.0043 0.9941
vn -0.1638 0.1992 0.9662
vn -0.0507 0.6943 0.7179
vn -0.1546 -0.0203 0.9878
vn -0.0705 0.6476 0.7587
vn -0.0574 0.6500 0.7578
vn -0.0350 0.6865 0.7262
vn -0.0566 0.5804 0.8124
vn -0.1215 0.6271 0.7694
vn -0.0643 0.4898 0.8695
vn -0.1424 0.4959 0.8566
vn -0.2999 0.6546 0.6939
vn -0.0126 0.4799 0.8773
vn -0.1041 0.6510 0.7519
vn -0.0713 0.5351 0.8418
vn -0.0912 0.7112 0.6971
vn -0.1486 0.5278 0.8362
vn -0.0764 0.6158 0.7842
vn -0.0284 0.6061 0.7949
vn -0.0453 0.5448 0.8373
vn -0.0800 0.5478 0.8328
vn -0.0607 0.6700 0.7399
vn -0.0322 0.6122 0.7901
vn -0.1237 0.6098 0.7829
vn -0.1534 0.5787 0.8010
vn -0.1634 0.5551 0.8156
vn -0.1616 0.5060 0.8473
vn -0.1229 0.5256 0.8418
vn -0.2105 0.5151 0.8309
vn -0.1610 0.2012 0.9662
vn -0.1510 0.6219 0.7684
vn -0.1868 0.3382 0.9224
vn -0.2083 0.5928 0.7779
vn -0.1971 0.5539 0.8089
vn -0.1704 0.6093 0.7744
vn -0.2178 0.5370 0.8150
vn -0.1105 0.5674 0.8160
vn -0.1943 0.4902 0.8497
vn -0.2481 0.4891 0.8362
vn -0.2142 0.6426 0.7357
vn -0.3018 0.1102 0.9470
vn -0.1932 0.0703 0.9786
vn -0.1504 0.3141 0.9374
vn -0.2317 0.5510 0.8017
vn -0.3272 -0.1610 0.9311
vn -0.1505 -0.8831 0.4444
vn -0.2129 0.5855 0.7822
vn -0.2541 0.5178 0.8169
vn -0.1931 0.5751 0.7950
vn -0.1694 0.0739 0.9828
vn -0.2064 0.4716 0.8573
vn -0.2745 0.4992 0.8218
vn -0.1643 -0.8935 0.4180
vn -0.2015 0.5735 0.7940
vn -0.2111 0.6807 0.7015
vn -0.4446 -0.0280 0.8953
vn -0.1923 0.5120 0.8372
vn -0.2303 0.2620 0.9372
vn -0.3798 0.6316 0.6759
vn -0.1777 0.5847 0.7915
vn -0.3343 0.5479 0.7669
vn -0.1974 0.6134 0.7647
vn -0.3395 -0.3382 0.8777
vn -0.5531 0.4951 0.6700
vn -0.3289 0.7324 0.5961
vn -0.2670 0.6203 0.7375
vn -0.1940 0.4843 0.8531
vn -0.1746 0.6651 0.7261
vn -0.1839 0.5980 0.7801
vn -0.3293 -0.4018 0.8545
vn -0.3686 -0.0635 0.9274
vn -0.3468 0.0127 0.9378
vn -0.4057 -0.1648 0.8990
vn -0.2893 0.6307 0.7200
vn -0.3209 0.4910 0.8099
vn -0.3471 0.1455 0.9265
vn -0.2493 0.8308 0.4976
vn -0.2440 0.5907 0.7691
vn -0.2025 0.5994 0.7744
vn -0.2595 0.4862 0.8344
vn -0.1592 0.4801 0.8626
vn -0.3311 -0.4583 0.8248
vn -0.3716 -0.2388 0.8971
vn -0.2640 0.6949 0.6689
vn -0.3348 0.5789 0.7435
vn -0.2646 0.1772 0.9479
vn -0.3361 -0.5065 0.7940
vn -0.3155 -0.5148 0.7971
vn -0.2655 0.4784 0.8371
vn -0.2846 0.2994 0.9107
vn -0.2904 0.0596 0.9551
vn -0.2343 0.6449 0.7275
vn -0.2857 0.6521 0.7023
vn -0.3246 0.4822 0.8137
vn -0.2797 0.1026 0.9546
vn -0.2951 0.6117 0.7340
vn -0.3400 -0.4532 0.8240
vn -0.2789 -0.2495 0.9273
vn -0.2892 0.6592 0.6941
vn -0.2949 0.0491 0.9543
vn -0.2417 -0.1116 0.9639
vn -0.3572 -0.4727 0.8056
vn -0.2326 -0.7154 0.6588
vn -0.3282 -0.2158 0.9196
vn -0.3246 0.6314 0.7043
vn -0.3201 0.5729 0.7545
vn -0.3714 -0.5108 0.7753
vn -0.2625 -0.4607 0.8479
vn -0.3512 0.4504 0.8209
vn -0.3124 0.5572 0.7694
vn -0.3100 0.4745 0.8239
vn -0.3092 0.6779 0.6670
vn -0.3705 0.3379 0.8652
vn -0.3463 0.2946 0.8906
vn -0.3476 -0.3805 0.8569
vn -0.3377 -0.0805 0.9378
vn -0.3088 0.6622 0.6828
vn -0.3345 0.1320 0.9331
vn -0.3137 -0.3580 0.8795
vn -0.3593 -0.4979 0.7893
vn -0.3168 0.5629 0.7634
vn -0.2815 0.6455 0.7100
vn -0.4400 -0.3801 0.8136
vn -0.3522 0.5088 0.7855
vn -0.1987 -0.1157 0.9732
vn -0.3784 -0.0516 0.9242
vn -0.3497 0.5927 0.7255
vn -0.3577 0.5446 0.7586
vn -0.4526 0.3379 0.8252
vn -0.3893 -0.4518 0.8027
vn -0.4466 -0.2656 0.8544
vn -0.3928 -0.5091 0.7658
vn -0.3865 0.1121 0.9155
vn -0.3567 0.6565 0.6647
vn -0.4370 -0.4525 0.7773
vn -0.3529 -0.1577 0.9223
vn -0.3986 0.4958 0.7716
vn -0.2911 0.6469 0.7048
vn -0.3077 0.6281 0.7147
vn -0.3913 0.3243 0.8612
vn -0.3518 0.3981 0.8472
vn -0.4473 -0.1759 0.8769
vn -0.3839 -0.2917 0.8761
vn -0.3676 0.5672 0.7370
vn -0.4238 -0.4394 0.7921
vn -0.3012 0.6402 0.7067
vn -0.2511 0.6660 0.7024
vn -0.4171 0.0629 0.9067
vn -0.4382 -0.4711 0.7655
vn -0.3029 0.5739 0.7609
vn -0.5082 0.2493 0.8244
vn -0.2647 -0.1235 0.9564
vn -0.2933 0.6490 0.7020
vn -0.4653 -0.3411 0.8168
vn -0.3365 -0.4481 0.8282
vn -0.3550 0.5416 0.7620
vn -0.4974 -0.3974 0.7711
vn -0.4810 -0.4564 0.7486
vn -0.3288 -0.0927 0.9398
vn -0.3807 0.6264 0.6802
vn -0.3298 0.6096 0.7208
vn -0.3295 0.5744 0.7493
vn -0.4766 -0.4524 0.7537
vn -0.3503 -0.1698 0.9211
vn -0.3487 0.4564 0.8186
vn -0.4245 0.3031 0.8532
vn -0.2769 0.4649 0.8409
vn -0.3894 0.4657 0.7947
vn -0.4039 0.4854 0.7754
vn -0.4190 0.3251 0.8478
vn -0.4730 -0.3237 0.8195
vn -0.4933 -0.0932 0.8648
vn -0.3643 -0.0377 0.9305
vn -0.4191 0.3612 0.8330
vn -0.3778 0.5230 0.7640
vn -0.4903 -0.4699 0.7341
vn -0.3716 -0.5160 0.7718
vn -0.3512 0.6113 0.7092
vn -0.4974 -0.2630 0.8267
vn -0.3649 0.3962 0.8425
vn -0.4983 0.0518 0.8655
vn -0.5124 -0.3996 0.7601
vn -0.0091 0.6832 0.7302
vn -0.1107 0.0863 0.9901
vn -0.4241 0.2184 0.8789
vn -0.2940 -0.0008 0.9558
vn -0.4037 0.4893 0.7731
vn -0.1571 -0.0005 0.9876
vn -0.4514 -0.0892 0.8879
vn -0.4317 0.0272 0.9016
vn -0.4671 -0.0363 0.8835
vn -0.3832 0.5670 0.7292
vn -0.4728 0.5235 0.7088
vn -0.3158 0.4338 0.8438
vn -0.4647 0.5229 0.7146
vn -0.5177 -0.1258 0.8462
vn -0.5112 -0.5042 0.6960
vn -0.7156 -0.0218 0.6982
vn -0.1073 0.9612 0.2540
vn -0.3789 0.5632 0.7343
vn -0.4277 0.5040 0.7504
vn -0.4915 0.3570 0.7944
vn -0.5008 0.2831 0.8179
vn -0.5339 -0.4333 0.7261
vn -0.5418 -0.4069 0.7354
vn -0.6171 -0.1596 0.7705
vn -0.2252 -0.9129 0.3406
vn -0.4660 0.1920 0.8637
vn -0.5166 -0.3572 0.7782
vn -0.6188 -0.0962 0.7797
vn -0.6465 0.3192 0.6930
vn -0.5278 0.0471 0.8480
vn -0.4641 0.3675 0.8059
vn -0.4834 0.5078 0.7131
vn -0.6045 -0.4759 0.6388
vn -0.5618 -0.1592 0.8118
vn -0.5877 -0.2320 0.7751
vn -0.6048 -0.1974 0.7715
vn -0.5493 -0.2581 0.7948
vn -0.5899 0.4201 0.6896
vn -0.5776 -0.4818 0.6590
vn -0.4991 0.2040 0.8422
vn -0.5593 0.4589 0.6904
vn -0.5568 -0.4036 0.7260
vn -0.5064 -0.4967 0.7049
vn -0.4205 0.6154 0.6667
vn -0.5929 0.1832 0.7842
vn -0.5629 -0.4452 0.6964
vn -0.6188 -0.1426 0.7725
vn -0.5317 0.4592 0.7116
vn -0.6014 0.1605 0.7827
vn -0.4331 0.4346 0.7896
vn -0.5163 0.4554 0.7253
vn -0.1570 0.9795 0.1260
vn -0.5818 -0.4588 0.6715
vn -0.6377 -0.1765 0.7498
vn -0.5836 0.3456 0.7348
vn -0.5806 -0.3008 0.7566
vn -0.5347 -0.1969 0.8218
vn -0.4848 0.4663 0.7399
vn -0.5878 -0.0848 0.8046
vn -0.4392 0.3539 0.8258
vn -0.5826 -0.2434 0.7754
vn -0.6410 -0.2746 0.7167
vn -0.4898 0.5856 0.6459
vn -0.4556 0.5733 0.6810
vn -0.6414 -0.3926 0.6591
vn -0.5838 0.0803 0.8079
vn -0.4762 0.4393 0.7618
vn -0.4721 0.2611 0.8420
vn -0.6063 0.4333 0.6668
vn -0.6211 0.4421 0.6471
vn -0.6328 -0.2987 0.7144
vn -0.5042 0.4271 0.7506
vn -0.6056 -0.3806 0.6988
vn -0.5812 0.3588 0.7304
vn -0.6951 -0.0397 0.7179
vn -0.6514 0.2712 0.7087
vn -0.5411 0.4700 0.6974
vn -0.6668 0.2051 0.7165
vn -0.7124 -0.1700 0.6808
vn -0.6629 0.0270 0.7482
vn -0.6811 -0.3174 0.6598
vn -0.4931 0.3618 0.7912
vn -0.5033 0.4867 0.7140
vn -0.5445 0.3644 0.7554
vn -0.5423 0.3402 0.7682
vn -0.6386 -0.3583 0.6810
vn -0.6371 -0.4535 0.6233
vn -0.0890 0.9954 0.0340
vn -0.5359 0.5230 0.6628
vn -0.6360 -0.0066 0.7717
vn -0.5336 0.5685 0.6262
vn -0.7695 -0.1317 0.6249
vn -0.5327 0.4302 0.7288
vn -0.6155 -0.3520 0.7052
vn -0.6489 -0.3459 0.6777
vn -0.5561 0.3461 0.7556
vn -0.4722 0.6714 0.5712
vn -0.5510 0.4037 0.7304
vn -0.5676 -0.2492 0.7847
vn -0.4598 0.4324 0.7756
vn -0.5515 0.4159 0.7231
vn -0.6291 0.0455 0.7760
vn -0.7335 -0.0779 0.6752
vn -0.6881 -0.2773 0.6705
vn -0.5117 -0.2151 0.8318
vn -0.5109 0.1421 0.8478
vn -0.5464 0.5477 0.6336
vn -0.6855 -0.3206 0.6537
vn -0.5348 0.0741 0.8417
vn -0.6660 -0.3699 0.6478
vn -0.4835 -0.4772 0.7339
vn -0.7366 -0.2402 0.6323
vn -0.7355 0.0536 0.6754
vn -0.6148 -0.4137 0.6715
vn -0.5700 -0.3289 0.7529
vn -0.5998 -0.0908 0.7950
vn -0.5212 0.4491 0.7257
vn -0.6024 0.3498 0.7175
vn -0.6218 -0.3626 0.6941
vn -0.7092 0.1831 0.6808
vn -0.4689 0.5551 0.6870
vn -0.4351 0.6991 0.5675
vn -0.7753 -0.0739 0.6273
vn -0.5317 0.3462 0.7729
vn -0.6112 0.3801 0.6942
vn -0.6002 0.5034 0.6215
vn -0.6242 0.4341 0.6495
vn -0.6422 0.3746 0.6688
vn -0.7186 -0.2591 0.6454
vn -0.5465 -0.0689 0.8347
vn -0.5523 -0.1940 0.8108
vn -0.6549 -0.0712 0.7523
vn -0.5658 0.4457 0.6937
vn -0.5475 0.4588 0.6998
vn -0.7788 0.0234 0.6269
vn -0.6185 -0.2752 0.7360
vn -0.6443 0.1592 0.7480
vn -0.6355 0.1486 0.7576
vn -0.7407 0.2176 0.6356
vn -0.6934 0.3397 0.6354
vn -0.7764 -0.1436 0.6137
vn -0.6178 0.3627 0.6977
vn -0.6202 -0.1856 0.7622
vn -0.7194 -0.2766 0.6372
vn -0.5096 0.6016 0.6151
vn -0.6808 0.3946 0.6171
vn -0.7074 0.3525 0.6127
vn -0.7038 -0.2738 0.6555
vn -0.2392 -0.8974 0.3707
vn -0.6169 0.4379 0.6539
vn -0.6587 0.2658 0.7039
vn -0.7990 -0.0548 0.5988
vn -0.3981 0.7819 0.4797
vn -0.6540 -0.1865 0.7332
vn -0.7977 0.2498 0.5489
vn -0.7657 -0.2110 0.6076
vn -0.6350 -0.2018 0.7457
vn -0.7530 0.2379 0.6135
vn -0.6718 -0.2352 0.7024
vn -0.6953 0.0947 0.7125
vn -0.6273 0.5351 0.5659
vn -0.6600 0.4657 0.5895
vn -0.8019 0.0533 0.5951
vn -0.6499 0.4031 0.6443
vn -0.7114 0.3100 0.6307
vn -0.6730 -0.0841 0.7348
vn -0.7620 0.3872 0.5191
vn -0.6848 0.2651 0.6788
vn -0.6549 0.4053 0.6379
vn -0.7231 -0.1337 0.6777
vn -0.7047 -0.2347 0.6696
vn -0.7176 0.3334 0.6115
vn -0.7967 -0.1365 0.5888
vn -0.4551 -0.6975 0.5535
vn -0.7763 -0.1894 0.6013
vn -0.8112 0.3236 0.4870
vn -0.7719 0.1310 0.6220
vn -0.7325 -0.1476 0.6645
vn -0.7335 0.2784 0.6200
vn -0.7525 0.2984 0.5871
vn -0.7313 -0.2064 0.6501
vn -0.7363 0.2872 0.6126
vn -0.7851 -0.0676 0.6157
vn -0.7320 0.4054 0.5476
vn -0.6750 0.4884 0.5530
vn -0.7487 -0.1900 0.6351
vn -0.7529 -0.1294 0.6453
vn -0.7173 0.2138 0.6631
vn -0.7328 0.3691 0.5717
vn -0.6676 0.2261 0.7094
vn -0.7668 -0.1732 0.6181
vn -0.5915 0.5325 0.6055
vn -0.8086 -0.1425 0.5708
vn -0.8264 0.0824 0.5570
vn -0.6657 0.1938 0.7206
vn -0.7753 -0.2487 0.5806
vn -0.8272 -0.0552 0.5592
vn -0.7515 0.3267 0.5732
vn -0.7530 0.3701 0.5441
vn -0.8154 -0.1306 0.5640
vn -0.8118 0.0770 0.5788
vn -0.7858 -0.1704 0.5945
vn -0.8369 -0.0877 0.5402
vn -0.5649 0.7265 0.3912
vn -0.8373 -0.0054 0.5466
vn -0.7036 -0.0516 0.7087
vn -0.6850 0.3422 0.6432
vn -0.8231 0.1352 0.5516
vn -0.7272 0.3105 0.6122
vn -0.7482 0.3072 0.5880
vn -0.8171 -0.1633 0.5529
vn -0.8235 -0.1676 0.5421
vn -0.8713 -0.0125 0.4907
vn -0.8188 -0.1340 0.5582
vn -0.7280 0.1555 0.6677
vn -0.7886 0.3317 0.5177
vn -0.7618 0.3305 0.5571
vn -0.7591 0.3683 0.5368
vn -0.8283 -0.2126 0.5184
vn -0.7763 0.3717 0.5091
vn -0.8639 -0.0699 0.4988
vn -0.8473 0.0281 0.5303
vn -0.8839 0.0185 0.4672
vn -0.8471 -0.3188 0.4252
vn -0.8683 0.1133 0.4829
vn -0.8822 0.0108 0.4708
vn -0.7611 0.3294 0.5587
vn -0.8617 -0.1511 0.4843
vn -0.8263 -0.1686 0.5373
vn -0.7856 0.2038 0.5842
vn -0.7375 -0.0426 0.6740
vn -0.8530 -0.0818 0.5155
vn -0.8664 -0.1063 0.4879
vn -0.1929 0.9655 0.1749
vn -0.8971 0.0046 0.4418
vn -0.7925 0.2677 0.5480
vn -0.9104 0.0060 0.4137
vn -0.7396 0.2406 0.6286
vn -0.8651 -0.1907 0.4640
vn -0.8658 -0.1101 0.4881
vn -0.9076 0.0119 0.4196
vn -0.7711 0.3653 0.5215
vn -0.8951 -0.0462 0.4434
vn -0.8664 -0.1314 0.4817
vn -0.7935 0.0747 0.6040
vn -0.8182 0.2712 0.5070
vn -0.8429 0.2129 0.4941
vn -0.7675 0.3436 0.5411
vn -0.9142 -0.0031 0.4053
vn -0.8394 0.2817 0.4648
vn -0.8183 0.4100 0.4028
vn -0.8183 -0.0650 0.5712
vn -0.8722 -0.1439 0.4675
vn -0.9043 -0.1380 0.4039
vn -0.8856 -0.1602 0.4359
vn -0.8717 0.0158 0.4898
vn -0.8996 0.1025 0.4246
vn -0.9232 0.0570 0.3801
vn -0.9031 -0.2293 0.3629
vn -0.8897 0.2947 0.3487
vn -0.8929 -0.1278 0.4317
vn -0.9278 -0.0093 0.3730
vn -0.9149 -0.0126 0.4035
vn -0.0301 0.9695 0.2431
vn -0.8772 0.2703 0.3969
vn -0.9182 -0.0539 0.3923
vn -0.8957 0.1180 0.4288
vn -0.8989 0.2112 0.3839
vn -0.9325 0.0085 0.3610
vn -0.9255 -0.0379 0.3768
vn -0.9448 -0.1223 0.3039
vn -0.7988 0.3940 0.4546
vn -0.9378 -0.1812 0.2961
vn -0.9376 0.0908 0.3358
vn -0.9474 0.0104 0.3200
vn -0.9346 -0.0999 0.3415
vn -0.8655 -0.1482 0.4784
vn -0.6802 -0.5002 0.5358
vn -0.9656 -0.1503 0.2120
vn -0.9712 0.0247 0.2371
vn -0.9622 0.0054 0.2723
vn -0.9488 0.0029 0.3159
vn -0.9479 -0.0518 0.3145
vn -0.9317 -0.0246 0.3623
vn -0.9340 0.1810 0.3081
vn -0.9195 0.1896 0.3443
vn -0.9545 -0.0183 0.2978
vn -0.9588 -0.1143 0.2600
vn -0.9681 -0.1645 0.1889
vn -0.9527 -0.2418 0.1840
vn -0.9928 -0.0912 0.0772
vn -0.9602 0.0791 0.2678
vn -0.9618 0.0327 0.2718
vn -0.9747 -0.0017 0.2233
vn -0.9395 0.1009 0.3274
vn -0.7688 0.4905 0.4104
vn -0.9659 0.0167 0.2582
vn -0.7851 0.3703 0.4966
vn -0.9225 0.2301 0.3097
vn -0.9609 0.0455 0.2732
vn -0.9639 -0.0630 0.2585
vn -0.9625 -0.1025 0.2513
vn -0.9595 -0.0640 0.2744
vn -0.9598 0.0198 0.2798
vn -0.9704 0.0065 0.2413
vn -0.8251 0.3437 0.4485
vn -0.9360 0.1913 0.2955
vn -0.9681 -0.0121 0.2503
vn -0.9597 0.0554 0.2754
vn -0.9308 -0.2931 0.2186
vn -0.9441 0.0994 0.3145
vn -0.9723 0.0279 0.2320
vn -0.9296 0.2589 0.2623
vn -0.9113 -0.2087 0.3548
vn -0.6312 0.6880 0.3580
vn -0.9532 -0.0429 0.2992
vn -0.8686 -0.3079 0.3882
vn -0.9633 0.0358 0.2659
vn -0.9079 -0.2966 0.2964
vn -0.9779 0.0106 0.2086
vn -0.9094 -0.0630 0.4111
vn -0.9751 0.1698 0.1427
vn -0.9463 0.2650 0.1854
vn -0.9625 -0.0026 0.2714
vn -0.9652 0.0385 0.2587
vn -0.9672 -0.0292 0.2525
vn -0.9356 -0.2361 0.2627
vn -0.9776 -0.0824 0.1936
vn -0.9959 0.0779 -0.0462
vn -0.9579 0.0469 0.2831
vn -0.9652 0.0444 0.2576
vn -0.8878 0.4012 0.2255
vn -0.9516 0.0914 0.2933
vn -0.9292 -0.2609 0.2618
vn -0.9198 0.2180 0.3263
vn -0.9421 -0.0012 0.3352
vn -0.6757 0.7012 0.2272
vn -0.9343 0.1856 0.3044
vn -0.8871 -0.3641 0.2836
vn -0.9483 -0.1055 0.2994
vn -0.9480 0.0203 0.3176
vn -0.9574 -0.0659 0.2813
vn -0.8942 -0.2373 0.3796
vn -0.9340 -0.1921 0.3011
vn -0.8365 0.0887 0.5408
vn -0.9528 0.0356 0.3015
vn -0.8897 -0.1300 0.4376
vn -0.9551 0.0099 0.2961
vn -0.6714 0.0805 0.7367
vn -0.9423 -0.0154 0.3345
vn -0.5786 -0.0719 0.8125
vn -0.9373 -0.0618 0.3429
vn -0.4315 -0.8700 0.2386
vn -0.8107 -0.2107 0.5462
vn -0.8121 -0.1146 0.5722
vn -0.9126 0.0133 0.4085
vn -0.9336 0.0454 0.3554
vn -0.4691 -0.1646 0.8676
vn -0.7667 -0.1804 0.6162
vn -0.8947 0.1360 0.4255
vn -0.9149 0.0280 0.4027
vn -0.8856 -0.1086 0.4515
vn -0.8060 0.1718 0.5665
vn -0.4675 -0.0260 0.8836
vn -0.3615 0.3479 0.8650
vn -0.5274 -0.2785 0.8026
vn -0.9230 0.0317 0.3836
vn -0.4319 -0.0782 0.8985
vn -0.8786 -0.0383 0.4760
vn -0.5314 -0.0171 0.8469
vn -0.1871 0.9487 0.2547
vn -0.8806 0.0110 0.4738
vn -0.7410 0.0243 0.6710
vn -0.8058 0.0256 0.5916
vn -0.3473 -0.0470 0.9366
vn -0.8323 0.0266 0.5537
vn -0.6817 -0.0121 0.7316
vn -0.6769 0.0344 0.7353
vn -0.7214 0.0519 0.6906
vn -0.6537 0.0463 0.7553
vn -0.1496 -0.0816 0.9854
vn -0.2550 -0.0811 0.9635
vn -0.5662 0.0345 0.8235
vn -0.5754 0.0316 0.8173
vn -0.4848 0.0426 0.8736
vn -0.2890 -0.5065 0.8124
vn -0.3490 -0.0087 0.9371
vn -0.4447 0.0549 0.8940
vn -0.3314 0.0175 0.9433
vn -0.4019 0.0095 0.9156
vn -0.3812 0.0317 0.9239
vn -0.3755 0.0658 0.9245
vn -0.2013 0.1019 0.9742
vn -0.1279 0.0639 0.9897
vn -0.1947 -0.1038 0.9754
vn -0.2143 -0.0220 0.9765
vn -0.0315 -0.0749 0.9967
vn -0.2479 -0.0622 0.9668
vn -0.0947 -0.6673 0.7387
vn -0.3337 0.0581 0.9409
vn -0.0968 0.4504 0.8876
vn -0.3037 0.0534 0.9513
vn -0.1486 0.1348 0.9797
vn 0.0185 0.0282 0.9994
vn -0.0171 -0.1140 0.9933
vn -0.1357 0.1217 0.9832
vn -0.1901 0.0264 0.9814
vn 0.0261 -0.0922 0.9954
vn -0.0480 -0.1063 0.9932
vn -0.0012 0.1671 0.9859
vn -0.1600 -0.0198 0.9869
vn 0.1131 -0.0615 0.9917
vn 0.0218 0.1756 0.9842
vn -0.1409 0.0938 0.9856
vn -0.1592 0.0612 0.9854
vn 0.1342 0.2955 0.9458
vn 0.1309 0.1100 0.9853
vn 0.1383 -0.2336 0.9624
vn 0.1939 -0.1349 0.9717
vn 0.0219 -0.8543 0.5193
vn 0.0510 0.1355 0.9895
vn -0.0309 -0.0738 0.9968
vn 0.0464 0.0786 0.9958
vn 0.2455 0.0609 0.9675
vn 0.1870 0.2208 0.9572
vn 0.0531 0.9233 0.3803
vn 0.0710 -0.0572 0.9958
vn 0.1212 0.0315 0.9921
vn 0.0029 -0.0047 1.0000
vn 0.1205 -0.1626 0.9793
vn 0.1632 -0.1089 0.9806
vn 0.1797 0.1993 0.9633
vn 0.2874 0.1233 0.9498
vn 0.2405 -0.0198 0.9705
vn 0.2352 0.0636 0.9699
vn 0.2440 0.0951 0.9651
vn 0.2588 0.1851 0.9480
vn 0.2176 0.6148 0.7581
vn 0.3308 -0.1833 0.9257
vn 0.2264 -0.0814 0.9706
vn 0.2343 0.1314 0.9633
vn 0.4029 -0.1687 0.8996
vn 0.2383 0.2406 0.9409
vn 0.3979 0.1073 0.9111
vn 0.3095 -0.1150 0.9439
vn 0.3721 0.2393 0.8968
vn 0.3565 -0.0787 0.9310
vn 0.3324 0.0109 0.9431
vn 0.3717 0.6154 0.6951
vn 0.4475 0.1347 0.8841
vn 0.4895 -0.1962 0.8496
vn 0.3305 0.2052 0.9212
vn 0.5969 -0.2069 0.7752
vn 0.3508 0.1424 0.9256
vn 0.4845 -0.2244 0.8456
vn 0.4170 0.2682 0.8684
vn 0.3970 0.1913 0.8977
vn 0.4441 -0.1522 0.8830
vn 0.4004 -0.0278 0.9159
vn 0.5402 0.1443 0.8291
vn 0.5168 0.2349 0.8233
vn 0.5067 -0.0758 0.8588
vn 0.4008 0.0681 0.9136
vn 0.6678 0.2387 0.7050
vn 0.4630 0.1076 0.8798
vn 0.6853 0.1955 0.7015
vn 0.5460 0.1795 0.8184
vn 0.4903 0.2114 0.8455
vn 0.5870 -0.1889 0.7873
vn 0.5313 -0.1205 0.8386
vn 0.6333 0.0081 0.7738
vn 0.7952 0.1662 0.5831
vn 0.7656 -0.0558 0.6409
vn 0.6794 0.0548 0.7317
vn -0.1349 0.4424 0.8866
vn -0.1986 -0.1157 0.9732
vn -0.3136 -0.3579 0.8795
vn -0.0881 0.1036 0.9907
vn -0.2647 -0.1236 0.9564
vn -0.0767 0.3374 0.9382
vn 0.0933 0.9581 0.2708
vn -0.1107 0.0862 0.9901
vn -0.0092 0.6832 0.7302
vn 0.6029 0.1784 -0.7776
vn 0.6275 0.2913 -0.7221
vn 0.6275 0.2913 -0.7220
vn 0.3495 0.8757 -0.3331
vn 0.6438 0.2922 -0.7072
vn 0.6591 0.1296 -0.7408
vn 0.6252 0.0959 -0.7746
vn 0.6271 0.0496 -0.7774
vn 0.6818 0.2039 -0.7025
vn 0.6914 0.0760 -0.7184
vn 0.6457 -0.2229 -0.7303
vn 0.6566 -0.1968 -0.7281
vn 0.6265 -0.0608 -0.7770
vn 0.6445 -0.0173 -0.7644
vn 0.6704 -0.0449 -0.7406
vn 0.6562 0.4202 -0.6267
vn 0.2265 -0.9536 -0.1984
vn 0.6962 -0.4484 -0.5606
vn 0.6642 -0.1056 -0.7400
vn 0.6571 -0.3044 -0.6897
vn 0.6667 -0.3715 -0.6461
vn 0.6684 -0.0663 -0.7408
vn 0.7185 0.1261 -0.6840
vn 0.7334 -0.3274 -0.5958
vn 0.6734 -0.1457 -0.7248
vn 0.6995 0.0111 -0.7145
vn 0.7132 0.0546 -0.6989
vn 0.7314 0.2499 -0.6345
vn 0.6370 -0.3197 -0.7015
vn 0.6540 -0.2545 -0.7124
vn 0.7497 0.0970 -0.6547
vn 0.7759 -0.3424 -0.5299
vn 0.6817 -0.1617 -0.7135
vn 0.7067 -0.0126 -0.7074
vn 0.2387 0.9586 -0.1555
vn 0.6847 -0.0668 -0.7257
vn 0.6739 -0.2068 -0.7093
vn 0.6824 -0.1256 -0.7201
vn 0.6699 0.5458 -0.5033
vn 0.7765 0.1426 -0.6138
vn 0.7721 -0.3436 -0.5346
vn 0.6527 -0.4883 -0.5793
vn 0.7387 0.0547 -0.6718
vn 0.4525 -0.8417 -0.2948
vn 0.6402 -0.3746 -0.6707
vn 0.7002 -0.1702 -0.6933
vn 0.7950 0.2301 -0.5613
vn 0.8103 -0.3038 -0.5010
vn 0.7571 0.0991 -0.6457
vn 0.7383 -0.0197 -0.6742
vn 0.7321 -0.5052 -0.4570
vn 0.7097 -0.2624 -0.6538
vn 0.7193 -0.2049 -0.6638
vn 0.7261 -0.1557 -0.6698
vn 0.8188 0.1684 -0.5488
vn 0.7197 -0.0529 -0.6923
vn 0.7453 0.0320 -0.6659
vn 0.7864 0.1721 -0.5932
vn 0.7315 -0.1829 -0.6568
vn 0.7032 -0.5220 -0.4827
vn 0.8179 -0.3690 -0.4414
vn 0.7363 -0.0834 -0.6715
vn 0.8404 -0.3148 -0.4412
vn 0.6410 -0.4702 -0.6067
vn 0.7723 -0.3192 -0.5493
vn 0.7611 -0.1697 -0.6260
vn 0.8178 0.2039 -0.5381
vn 0.8303 0.2101 -0.5162
vn 0.7744 0.0628 -0.6296
vn 0.5965 -0.7642 -0.2453
vn 0.7843 -0.2279 -0.5770
vn 0.8292 0.3006 -0.4711
vn 0.7927 -0.1909 -0.5790
vn 0.2974 0.9441 -0.1418
vn 0.7686 -0.0221 -0.6393
vn 0.7859 -0.4778 -0.3926
vn 0.7621 -0.5231 -0.3815
vn 0.8713 -0.2974 -0.3904
vn 0.7827 -0.1695 -0.5989
vn 0.7680 -0.1062 -0.6316
vn 0.7918 0.0283 -0.6101
vn 0.8304 0.2729 -0.4857
vn 0.8506 -0.3213 -0.4163
vn 0.8495 -0.2839 -0.4446
vn 0.8043 0.1281 -0.5803
vn 0.8356 0.1992 -0.5119
vn 0.8271 -0.2194 -0.5175
vn 0.8446 -0.3622 -0.3944
vn 0.8588 -0.3477 -0.3762
vn 0.8539 -0.2824 -0.4371
vn 0.8648 -0.3249 -0.3827
vn 0.8362 -0.3056 -0.4554
vn 0.8153 -0.1834 -0.5493
vn 0.7930 -0.3975 -0.4616
vn 0.8347 -0.4212 -0.3548
vn 0.8287 0.0637 -0.5561
vn 0.8740 0.2621 -0.4091
vn 0.7927 -0.1773 -0.5833
vn 0.8776 0.1170 -0.4650
vn 0.8029 -0.4763 -0.3583
vn 0.8345 -0.2233 -0.5037
vn 0.8181 0.0314 -0.5743
vn 0.8588 0.0817 -0.5057
vn 0.8074 -0.3722 -0.4577
vn 0.7856 -0.0207 -0.6184
vn 0.9073 0.1665 -0.3861
vn 0.8487 -0.4288 -0.3094
vn 0.8778 -0.3573 -0.3191
vn 0.8209 -0.4177 -0.3895
vn 0.8352 -0.1906 -0.5159
vn 0.8544 -0.2896 -0.4313
vn 0.8943 0.1068 -0.4345
vn 0.8779 0.2107 -0.4299
vn 0.8965 0.2551 -0.3623
vn 0.8716 0.3309 -0.3617
vn 0.9774 0.1903 0.0921
vn 0.9356 -0.2951 -0.1938
vn 0.6921 0.3073 -0.6531
vn 0.9712 -0.0064 0.2382
vn 0.9149 0.1609 -0.3703
vn 0.8347 0.0754 -0.5456
vn 0.9188 0.3603 -0.1609
vn 0.6739 0.6905 -0.2626
vn 0.6924 -0.2835 -0.6635
vn 0.9523 0.0849 -0.2930
vn 0.8335 -0.4588 -0.3078
vn 0.8431 -0.1562 -0.5146
vn 0.6819 0.7273 -0.0777
vn 0.9533 -0.0786 -0.2916
vn 0.8341 -0.3703 -0.4088
vn 0.5158 0.7572 -0.4007
vn 0.8232 -0.2019 -0.5306
vn 0.2828 -0.9575 -0.0562
vn 0.9134 -0.2816 -0.2937
vn 0.8634 0.1134 -0.4917
vn 0.3195 -0.0812 -0.9441
vn 0.9161 0.2512 -0.3125
vn 0.9072 0.2844 -0.3101
vn 0.8746 -0.3976 -0.2775
vn 0.9123 0.1738 -0.3708
vn 0.8639 -0.4416 -0.2424
vn 0.8238 -0.4781 -0.3045
vn 0.8477 0.2324 -0.4768
vn 0.3792 0.3693 -0.8485
vn 0.3191 0.9450 -0.0711
vn 0.8812 -0.3930 -0.2628
vn 0.9230 -0.2830 -0.2608
vn 0.8388 -0.2723 -0.4715
vn 0.9428 -0.1911 -0.2730
vn 0.8373 -0.0439 -0.5450
vn 0.6487 0.0710 -0.7578
vn 0.8918 0.1402 -0.4301
vn 0.9036 0.2906 -0.3148
vn 0.9209 0.2730 -0.2782
vn 0.8614 -0.2161 -0.4596
vn 0.8786 0.1106 -0.4647
vn 0.9004 -0.2468 -0.3583
vn 0.8890 -0.1805 -0.4208
vn 0.4179 -0.9044 -0.0865
vn 0.1406 -0.9901 0.0016
vn 0.9354 -0.2658 -0.2330
vn 0.9565 -0.0956 -0.2758
vn 0.9312 -0.2742 -0.2402
vn 0.8665 -0.3452 -0.3604
vn 0.4896 -0.1962 0.8496
vn 0.6644 -0.3911 0.6369
vn 0.5969 -0.2070 0.7751
vn 0.8823 -0.4068 -0.2366
vn 0.9271 -0.2914 -0.2356
vn 0.8939 -0.3727 -0.2490
vn 0.7540 0.6264 -0.1980
vn 0.8809 0.1125 -0.4598
vn 0.9110 0.3199 -0.2601
vn 0.2356 -0.9718 -0.0053
vn 0.9099 0.1025 -0.4020
vn 0.8780 0.1149 -0.4647
vn 0.9373 0.1530 -0.3133
vn 0.9477 0.1854 -0.2597
vn 0.8732 -0.0174 -0.4870
vn 0.9110 0.0007 -0.4125
vn 0.9155 0.1644 -0.3671
vn 0.9274 0.1737 -0.3313
vn 0.9270 -0.2589 -0.2715
vn 0.9248 0.0082 -0.3803
vn 0.9091 -0.3735 -0.1844
vn 0.9240 -0.3191 -0.2109
vn 0.8776 -0.3729 -0.3014
vn 0.8608 -0.3011 -0.4102
vn 0.8990 -0.1927 -0.3934
vn 0.9176 -0.2968 -0.2643
vn 0.9290 0.2410 -0.2808
vn 0.4845 -0.2244 0.8455
vn 0.7225 -0.2897 0.6277
vn 0.9301 -0.2602 -0.2591
vn 0.9261 -0.2470 -0.2850
vn 0.9417 0.1206 -0.3141
vn 0.9035 -0.3640 -0.2261
vn 0.9460 0.1510 -0.2868
vn 0.8580 -0.2655 0.4397
vn 0.8366 -0.3137 0.4491
vn 0.9356 -0.2746 -0.2219
vn 0.9382 -0.2387 -0.2506
vn 0.4856 -0.8621 0.1449
vn 0.8988 -0.3867 -0.2065
vn 0.9493 -0.1277 -0.2874
vn 0.9314 0.3071 -0.1954
vn 0.9523 -0.2647 -0.1519
vn 0.3325 -0.9429 -0.0179
vn 0.9654 -0.0345 -0.2586
vn 0.9131 -0.3783 -0.1520
vn 0.9377 -0.1619 -0.3073
vn 0.9351 0.2831 -0.2133
vn 0.9602 -0.1907 -0.2040
vn 0.9396 0.0955 -0.3286
vn 0.9308 0.2843 -0.2298
vn 0.6854 0.1955 0.7015
vn 0.9075 -0.4009 0.1256
vn 0.9402 -0.3221 -0.1104
vn 0.9515 -0.2181 -0.2171
vn 0.9478 0.1427 -0.2852
vn 0.6679 0.2387 0.7049
vn 0.7929 0.2034 0.5744
vn 0.9596 0.1571 -0.2336
vn 0.8779 0.2314 0.4191
vn 0.9370 -0.3280 0.1202
vn 0.9466 -0.0983 -0.3072
vn 0.9513 -0.3082 -0.0073
vn 0.8324 -0.5533 0.0319
vn 0.8234 -0.2225 0.5219
vn 0.5870 -0.1889 0.7872
vn 0.8069 -0.1405 0.5738
vn 0.9563 0.1462 -0.2531
vn 0.8880 0.3745 0.2671
vn 0.9432 0.2929 -0.1566
vn 0.9373 -0.3297 -0.1125
vn 0.9579 0.0233 -0.2862
vn 0.9037 -0.3142 0.2909
vn 0.9414 -0.2874 -0.1766
vn 0.9595 -0.1237 -0.2531
vn 0.9538 0.1134 -0.2783
vn 0.9438 -0.3290 -0.0322
vn 0.9579 -0.2155 -0.1895
vn 0.5314 -0.1205 0.8385
vn 0.9349 -0.2673 -0.2334
vn 0.9316 -0.2168 -0.2917
vn 0.9304 0.2158 0.2964
vn 0.9454 0.2714 -0.1802
vn 0.9666 0.1569 -0.2029
vn 0.8134 -0.0706 0.5774
vn 0.5067 -0.0757 0.8588
vn 0.9575 0.2526 0.1388
vn 0.9561 0.2700 -0.1138
vn 0.2391 0.9706 -0.0259
vn 0.9499 0.3017 -0.0816
vn 0.9640 0.1425 -0.2245
vn 0.4904 0.2114 0.8455
vn 0.7953 0.1662 0.5830
vn 0.9683 0.1429 -0.2047
vn 0.9650 0.2325 -0.1213
vn 0.8498 0.5210 0.0795
vn 0.9632 -0.2678 0.0235
vn 0.7992 0.1149 0.5900
vn 0.5460 0.1795 0.8183
vn 0.9625 0.2701 0.0257
vn 0.9038 -0.2148 -0.3701
vn 0.9622 -0.1441 -0.2310
vn 0.9630 0.2653 -0.0473
vn 0.9648 -0.2190 -0.1454
vn 0.9579 -0.1139 -0.2636
vn 0.4631 0.1076 0.8798
vn 0.9654 -0.1891 -0.1795
vn 0.6795 0.0548 0.7317
vn 0.9646 0.1094 -0.2401
vn 0.8955 0.1587 0.4158
vn 0.9765 0.1568 -0.1480
vn 0.9640 -0.1801 0.1958
vn 0.9736 -0.2157 -0.0751
vn 0.9439 -0.1309 0.3032
vn 0.9669 -0.2043 -0.1531
vn 0.9677 0.2511 0.0206
vn 0.6334 0.0081 0.7738
vn 0.9145 0.0349 0.4030
vn 0.9693 -0.0222 -0.2449
vn 0.9742 0.1418 -0.1754
vn 0.9448 0.1496 0.2917
vn 0.9676 0.2418 -0.0732
vn 0.9750 0.1333 -0.1781
vn 0.9823 0.1513 -0.1107
vn 0.9736 -0.1596 -0.1633
vn 0.8993 -0.0166 0.4369
vn 0.9821 0.0581 -0.1790
vn 0.9786 0.1777 0.1035
vn 0.9756 -0.1832 -0.1212
vn 0.9761 0.1250 -0.1780
vn 0.9598 0.1165 0.2553
vn 0.9434 -0.0895 0.3194
vn 0.9630 -0.2437 -0.1153
vn 0.9847 0.0113 -0.1738
vn 0.9723 -0.1313 -0.1935
vn 0.9783 -0.0644 -0.1968
vn 0.9435 0.0878 0.3196
vn 0.9812 0.1320 -0.1405
vn 0.9893 -0.1137 -0.0916
vn 0.9795 -0.0911 -0.1799
vn 0.9860 0.1460 -0.0803
vn 0.9840 -0.1768 0.0204
vn 0.9804 -0.1556 -0.1205
vn 0.9535 -0.0460 0.2980
vn 0.9676 -0.0072 0.2524
vn 0.9889 0.1483 -0.0102
vn 0.9825 -0.1246 0.1383
vn 0.9811 -0.1363 -0.1376
vn 0.9823 0.1212 0.1431
vn 0.9801 -0.1285 -0.1512
vn 0.9846 0.1198 -0.1271
vn 0.9911 0.1276 0.0370
vn 0.9875 -0.1540 -0.0325
vn 0.9851 0.0798 -0.1523
vn 0.9880 0.1248 -0.0908
vn 0.9920 0.1228 -0.0296
vn 0.9763 -0.0865 0.1985
vn 0.9780 0.0275 0.2069
vn 0.9806 0.0792 0.1791
vn 0.9876 -0.1463 -0.0561
vn 0.9893 0.1097 0.0961
vn 0.9933 0.1155 0.0090
vn 0.9889 -0.0465 0.1410
vn 0.9870 -0.1171 -0.1097
vn 0.9912 -0.0243 0.1300
vn 0.9875 -0.0687 -0.1418
vn 0.9905 -0.0875 -0.1064
vn 0.9891 0.0401 -0.1418
vn 0.9919 0.0879 -0.0915
vn 0.9941 -0.1002 0.0415
vn 0.9932 0.0976 -0.0640
vn 0.9928 -0.1101 -0.0476
vn 0.9933 -0.0829 -0.0808
vn 0.9962 0.0191 -0.0851
vn 0.9933 0.0743 0.0890
vn 0.9960 0.0879 -0.0135
vn 0.9975 -0.0590 0.0385
vn 0.9976 0.0539 -0.0430
vn 0.9971 0.0726 0.0215
vn 0.9965 -0.0721 -0.0431
vn 0.9975 0.0195 0.0676
vn 0.9995 -0.0293 0.0145
vn 0.9977 -0.0224 -0.0636
vn 0.9994 -0.0199 -0.0296
vn 0.9994 0.0342 -0.0067
vn 0.6409 -0.4702 -0.6068
vn 0.6526 -0.4883 -0.5794
vn 0.6402 -0.3747 -0.6707
vt 0.931784 0.574015
vt 0.922865 0.607737
vt 0.909611 0.589022
vt 0.905031 0.561107
vt 0.975012 0.551677
vt 0.979692 0.570100
vt 0.962369 0.562264
vt 0.965991 0.540491
vt 0.943706 0.543416
vt 0.960768 0.601640
vt 0.889903 0.579142
vt 0.995121 0.572655
vt 0.993681 0.594957
vt 0.985629 0.583488
vt 0.984976 0.605591
vt 0.990877 0.556151
vt 0.928591 0.534711
vt 0.897175 0.542145
vt 0.884928 0.603892
vt 0.810938 0.533751
vt 0.806881 0.540479
vt 0.800199 0.531244
vt 0.792699 0.546502
vt 0.994480 0.616814
vt 0.989488 0.547317
vt 0.980281 0.626442
vt 0.895971 0.534723
vt 0.879731 0.557544
vt 0.954220 0.532380
vt 0.863155 0.577677
vt 0.849405 0.528994
vt 0.862025 0.538082
vt 0.857424 0.550227
vt 0.816713 0.536748
vt 0.937591 0.627834
vt 0.845645 0.563373
vt 0.869021 0.530106
vt 0.833224 0.530327
vt 0.838910 0.523746
vt 0.820586 0.529610
vt 0.811483 0.525599
vt 0.959420 0.631848
vt 0.963993 0.534524
vt 0.848626 0.612016
vt 0.877157 0.540321
vt 0.841244 0.579470
vt 0.825761 0.554356
vt 0.812812 0.547867
vt 0.991525 0.648602
vt 0.898843 0.637248
vt 0.825703 0.574314
vt 0.803889 0.560473
vt 0.782707 0.533741
vt 0.822436 0.517943
vt 0.813832 0.586330
vt 0.915134 0.647066
vt 0.828239 0.592330
vt 0.801830 0.518096
vt 0.779728 0.540848
vt 0.977864 0.650295
vt 0.967960 0.648189
vt 0.799393 0.581671
vt 0.790712 0.524529
vt 0.774805 0.549990
vt 0.788974 0.568549
vt 0.998957 0.546238
vt 0.884032 0.531840
vt 0.765397 0.543703
vt 0.870407 0.639286
vt 0.816880 0.607384
vt 0.799965 0.597844
vt 0.782246 0.583355
vt 0.777159 0.519171
vt 0.948086 0.652622
vt 0.980155 0.666580
vt 0.971584 0.660048
vt 0.774382 0.563668
vt 0.952009 0.668240
vt 0.764004 0.531971
vt 0.982823 0.678000
vt 0.966566 0.676932
vt 0.827848 0.642460
vt 0.824855 0.625477
vt 0.797345 0.613999
vt 0.781606 0.601201
vt 0.927514 0.656402
vt 0.757953 0.559742
vt 0.993004 0.667421
vt 0.753894 0.548337
vt 0.748379 0.559216
vt 0.767436 0.585900
vt 0.747595 0.576049
vt 0.887650 0.652489
vt 0.798364 0.628699
vt 0.739233 0.598292
vt 0.737883 0.610411
vt 0.734551 0.607227
vt 0.938032 0.666972
vt 0.900463 0.658110
vt 0.777049 0.616093
vt 0.754865 0.590240
vt 0.739121 0.592628
vt 0.745041 0.591564
vt 0.877934 0.659034
vt 0.849409 0.651527
vt 0.748864 0.601996
vt 0.944883 0.676670
vt 0.930879 0.666303
vt 0.960633 0.684793
vt 0.765723 0.605223
vt 0.751722 0.614069
vt 0.866026 0.654843
vt 0.741893 0.622901
vt 0.735809 0.623001
vt 0.838383 0.658833
vt 0.828345 0.655622
vt 0.815575 0.646491
vt 0.853508 0.661635
vt 0.938436 0.685565
vt 0.923985 0.675147
vt 0.798342 0.639478
vt 0.889568 0.665203
vt 0.903925 0.668360
vt 0.777425 0.631030
vt 0.760833 0.626780
vt 0.753601 0.625376
vt 0.868728 0.664391
vt 0.894848 0.675100
vt 0.857009 0.665902
vt 0.845246 0.664178
vt 0.910217 0.679948
vt 0.875153 0.671159
vt 0.744046 0.632880
vt 0.736584 0.632541
vt 0.731977 0.629304
vt 0.351509 0.912277
vt 0.366229 0.917594
vt 0.343061 0.919799
vt 0.331159 0.915400
vt 0.325994 0.924472
vt 0.419853 0.904529
vt 0.388066 0.912222
vt 0.386468 0.906121
vt 0.410754 0.880402
vt 0.316763 0.915399
vt 0.435774 0.894861
vt 0.345027 0.894143
vt 0.311148 0.904127
vt 0.451642 0.895460
vt 0.448952 0.886642
vt 0.381564 0.888755
vt 0.441151 0.876728
vt 0.303412 0.873060
vt 0.446873 0.871489
vt 0.364525 0.876331
vt 0.428088 0.867627
vt 0.380637 0.859868
vt 0.292086 0.883703
vt 0.432844 0.857772
vt 0.294477 0.896614
vt 0.338673 0.869675
vt 0.356879 0.863677
vt 0.421273 0.851055
vt 0.283839 0.875529
vt 0.328674 0.843132
vt 0.355776 0.829595
vt 0.391882 0.842304
vt 0.411228 0.846223
vt 0.416019 0.839888
vt 0.271777 0.857609
vt 0.401085 0.833356
vt 0.274016 0.835674
vt 0.394576 0.819205
vt 0.383745 0.825310
vt 0.400311 0.815450
vt 0.414260 0.832058
vt 0.367938 0.815472
vt 0.295084 0.818247
vt 0.255694 0.835127
vt 0.310778 0.804374
vt 0.252642 0.822365
vt 0.372861 0.798808
vt 0.348280 0.797243
vt 0.389970 0.801759
vt 0.254639 0.816717
vt 0.237312 0.809282
vt 0.259626 0.803177
vt 0.243737 0.808903
vt 0.382998 0.784796
vt 0.327501 0.786200
vt 0.373985 0.781274
vt 0.357776 0.773848
vt 0.233156 0.780616
vt 0.252220 0.775621
vt 0.285512 0.769771
vt 0.301647 0.778271
vt 0.381016 0.770981
vt 0.225407 0.779617
vt 0.314794 0.767518
vt 0.341807 0.766476
vt 0.371856 0.760022
vt 0.355536 0.753100
vt 0.326875 0.757975
vt 0.377026 0.750983
vt 0.235225 0.759894
vt 0.272442 0.760977
vt 0.338941 0.748312
vt 0.351274 0.729151
vt 0.374303 0.739872
vt 0.304877 0.747061
vt 0.220682 0.762914
vt 0.222243 0.753978
vt 0.326486 0.741373
vt 0.278758 0.741182
vt 0.313026 0.733962
vt 0.338303 0.735529
vt 0.239251 0.728691
vt 0.210023 0.742174
vt 0.365956 0.716513
vt 0.374096 0.722267
vt 0.226780 0.742997
vt 0.325842 0.722842
vt 0.215049 0.737968
vt 0.286765 0.703727
vt 0.214446 0.725477
vt 0.371253 0.698667
vt 0.206948 0.717991
vt 0.322074 0.690563
vt 0.358997 0.689179
vt 0.225211 0.699927
vt 0.210401 0.710074
vt 0.340059 0.686708
vt 0.254427 0.686926
vt 0.369511 0.674874
vt 0.204663 0.700541
vt 0.307543 0.682993
vt 0.211954 0.691541
vt 0.352958 0.666938
vt 0.330480 0.669433
vt 0.292557 0.669651
vt 0.203327 0.686222
vt 0.224589 0.678030
vt 0.272500 0.667426
vt 0.365467 0.658536
vt 0.309995 0.660376
vt 0.251429 0.666682
vt 0.205058 0.665329
vt 0.338452 0.652423
vt 0.322675 0.654162
vt 0.357516 0.649150
vt 0.371134 0.661392
vt 0.366283 0.646931
vt 0.226469 0.663470
vt 0.296359 0.655042
vt 0.255515 0.648548
vt 0.278266 0.650272
vt 0.240472 0.651782
vt 0.315393 0.640206
vt 0.331921 0.640370
vt 0.354189 0.634014
vt 0.293790 0.642074
vt 0.365027 0.635115
vt 0.210060 0.653689
vt 0.285140 0.632911
vt 0.262778 0.638392
vt 0.225910 0.642847
vt 0.194021 0.673558
vt 0.198372 0.646245
vt 0.329224 0.627595
vt 0.235998 0.631391
vt 0.303253 0.622557
vt 0.366999 0.618858
vt 0.212330 0.639433
vt 0.203955 0.641349
vt 0.347743 0.623197
vt 0.359126 0.612967
vt 0.315609 0.622541
vt 0.251460 0.627306
vt 0.268376 0.626378
vt 0.333601 0.613277
vt 0.214973 0.629470
vt 0.287921 0.618658
vt 0.199842 0.626390
vt 0.354229 0.600679
vt 0.317553 0.605009
vt 0.271976 0.610383
vt 0.367022 0.600922
vt 0.372488 0.608712
vt 0.251471 0.609676
vt 0.300545 0.606190
vt 0.233194 0.611136
vt 0.214348 0.615962
vt 0.287485 0.601362
vt 0.373030 0.588890
vt 0.334969 0.596440
vt 0.202623 0.613406
vt 0.360468 0.585122
vt 0.321705 0.588281
vt 0.262212 0.592149
vt 0.198396 0.605936
vt 0.304922 0.587762
vt 0.217489 0.603111
vt 0.245119 0.597297
vt 0.337267 0.583234
vt 0.276105 0.588044
vt 0.372228 0.578396
vt 0.205049 0.598350
vt 0.223625 0.591775
vt 0.379094 0.577282
vt 0.371299 0.563427
vt 0.338597 0.558764
vt 0.203535 0.590311
vt 0.291247 0.576180
vt 0.312678 0.575084
vt 0.241964 0.583949
vt 0.328040 0.568100
vt 0.255143 0.573379
vt 0.212595 0.580885
vt 0.380100 0.563456
vt 0.225940 0.578143
vt 0.272098 0.569495
vt 0.310299 0.564961
vt 0.381294 0.551510
vt 0.362479 0.540742
vt 0.206948 0.574936
vt 0.282338 0.557066
vt 0.236792 0.569211
vt 0.382006 0.541770
vt 0.320350 0.549178
vt 0.259873 0.559676
vt 0.306162 0.549188
vt 0.212336 0.565815
vt 0.223699 0.554693
vt 0.208492 0.562007
vt 0.246513 0.551090
vt 0.261940 0.544265
vt 0.341126 0.537415
vt 0.385611 0.528849
vt 0.276840 0.545552
vt 0.292594 0.542040
vt 0.213503 0.552843
vt 0.323137 0.528666
vt 0.392464 0.527654
vt 0.305698 0.532083
vt 0.241668 0.537632
vt 0.218294 0.540327
vt 0.377102 0.515745
vt 0.284031 0.531769
vt 0.263125 0.531182
vt 0.392319 0.518074
vt 0.337867 0.524676
vt 0.399183 0.512789
vt 0.396742 0.505765
vt 0.297032 0.519163
vt 0.347621 0.509928
vt 0.227238 0.530185
vt 0.325609 0.507836
vt 0.274183 0.518015
vt 0.362943 0.504555
vt 0.236643 0.520959
vt 0.251155 0.518204
vt 0.407529 0.495213
vt 0.222086 0.525966
vt 0.383292 0.499513
vt 0.400660 0.493015
vt 0.228270 0.514206
vt 0.283055 0.509100
vt 0.350841 0.495005
vt 0.368543 0.489209
vt 0.305204 0.500444
vt 0.391118 0.487167
vt 0.269300 0.504461
vt 0.411684 0.481065
vt 0.336495 0.493826
vt 0.404001 0.480000
vt 0.374737 0.478351
vt 0.239979 0.495169
vt 0.280958 0.497601
vt 0.293224 0.492507
vt 0.254928 0.487371
vt 0.357481 0.480628
vt 0.322540 0.487804
vt 0.343898 0.482940
vt 0.232752 0.498030
vt 0.411962 0.467363
vt 0.306951 0.486217
vt 0.392229 0.465290
vt 0.272651 0.484867
vt 0.333316 0.471240
vt 0.313574 0.470994
vt 0.421793 0.469387
vt 0.246695 0.487888
vt 0.296364 0.472615
vt 0.347015 0.468945
vt 0.375454 0.458509
vt 0.426941 0.456173
vt 0.432754 0.455131
vt 0.239063 0.483731
vt 0.362094 0.464974
vt 0.418639 0.448419
vt 0.246877 0.476587
vt 0.278113 0.471662
vt 0.396216 0.448252
vt 0.433132 0.444285
vt 0.307388 0.454479
vt 0.348824 0.450496
vt 0.325483 0.455754
vt 0.445180 0.439536
vt 0.260022 0.462799
vt 0.284488 0.458431
vt 0.446329 0.430741
vt 0.254590 0.462032
vt 0.376437 0.440319
vt 0.431922 0.433553
vt 0.412882 0.431751
vt 0.327462 0.440628
vt 0.392993 0.434824
vt 0.459775 0.424311
vt 0.296771 0.444256
vt 0.431958 0.420515
vt 0.352944 0.433639
vt 0.270674 0.449705
vt 0.455063 0.419688
vt 0.262965 0.450251
vt 0.310099 0.438287
vt 0.280483 0.439532
vt 0.378751 0.424014
vt 0.396397 0.421630
vt 0.413135 0.419586
vt 0.468427 0.413066
vt 0.473878 0.413990
vt 0.271439 0.439381
vt 0.449484 0.406920
vt 0.463923 0.408174
vt 0.477905 0.407293
vt 0.317820 0.427572
vt 0.292603 0.431754
vt 0.335349 0.422781
vt 0.426835 0.405249
vt 0.486871 0.399634
vt 0.487041 0.406095
vt 0.496161 0.403293
vt 0.494255 0.394153
vt 0.502412 0.397080
vt 0.475153 0.400560
vt 0.280485 0.429662
vt 0.357680 0.417478
vt 0.400722 0.406735
vt 0.302246 0.423911
vt 0.376602 0.411763
vt 0.455677 0.391573
vt 0.440567 0.395381
vt 0.503059 0.387194
vt 0.288176 0.421923
vt 0.475708 0.390221
vt 0.507277 0.387630
vt 0.347675 0.403422
vt 0.330508 0.408170
vt 0.317711 0.414913
vt 0.496483 0.380473
vt 0.288125 0.415910
vt 0.407027 0.393930
vt 0.363738 0.400252
vt 0.485068 0.385265
vt 0.387552 0.392385
vt 0.422964 0.390658
vt 0.506359 0.373139
vt 0.316167 0.403386
vt 0.465045 0.381152
vt 0.502411 0.374219
vt 0.300792 0.409376
vt 0.482911 0.377559
vt 0.444580 0.380700
vt 0.427957 0.380422
vt 0.407176 0.381549
vt 0.491308 0.366844
vt 0.328918 0.394333
vt 0.309740 0.399812
vt 0.367325 0.385676
vt 0.482380 0.371422
vt 0.474352 0.373354
vt 0.456022 0.370541
vt 0.345685 0.383673
vt 0.497375 0.364761
vt 0.464573 0.367334
vt 0.388864 0.378736
vt 0.500597 0.357773
vt 0.475463 0.366676
vt 0.323385 0.391260
vt 0.435390 0.370232
vt 0.484838 0.363362
vt 0.491113 0.354822
vt 0.316686 0.391658
vt 0.406928 0.368282
vt 0.332022 0.383547
vt 0.478412 0.361915
vt 0.484305 0.356640
vt 0.468278 0.359910
vt 0.359206 0.375153
vt 0.475802 0.357294
vt 0.389913 0.361604
vt 0.448807 0.357271
vt 0.346937 0.375298
vt 0.371773 0.368173
vt 0.461462 0.353068
vt 0.428965 0.360687
vt 0.476521 0.347524
vt 0.471148 0.352567
vt 0.495464 0.346810
vt 0.359473 0.368995
vt 0.357186 0.365385
vt 0.467152 0.346918
vt 0.484800 0.343859
vt 0.427244 0.348047
vt 0.372334 0.361393
vt 0.486726 0.339061
vt 0.405720 0.351483
vt 0.386931 0.355844
vt 0.474687 0.338623
vt 0.446676 0.341366
vt 0.490756 0.337087
vt 0.500313 0.341606
vt 0.379738 0.355755
vt 0.461251 0.339026
vt 0.483021 0.333653
vt 0.409387 0.345871
vt 0.397224 0.349319
vt 0.394839 0.347041
vt 0.475242 0.332005
vt 0.425329 0.339643
vt 0.440622 0.336007
vt 0.460361 0.332486
vt 0.413748 0.340819
vt 0.436982 0.334202
vt 0.448210 0.331682
vt 0.597436 0.085908
vt 0.607714 0.078529
vt 0.606513 0.105990
vt 0.585575 0.238240
vt 0.591465 0.216896
vt 0.594360 0.238658
vt 0.599048 0.120169
vt 0.600582 0.148951
vt 0.590848 0.146355
vt 0.590097 0.251094
vt 0.601301 0.109116
vt 0.589443 0.200209
vt 0.596560 0.185287
vt 0.597500 0.206926
vt 0.581236 0.251231
vt 0.584395 0.269847
vt 0.577415 0.216219
vt 0.583943 0.293196
vt 0.578009 0.320562
vt 0.574159 0.306405
vt 0.603427 0.069202
vt 0.584014 0.118972
vt 0.586882 0.176512
vt 0.582437 0.090761
vt 0.573007 0.285545
vt 0.569256 0.241333
vt 0.553754 0.275705
vt 0.571470 0.168552
vt 0.592393 0.063854
vt 0.563650 0.320657
vt 0.562919 0.135683
vt 0.554781 0.305802
vt 0.566609 0.196039
vt 0.564150 0.336701
vt 0.576663 0.068595
vt 0.556141 0.225074
vt 0.547480 0.322818
vt 0.548589 0.335425
vt 0.558363 0.107127
vt 0.557549 0.084842
vt 0.538197 0.251755
vt 0.539088 0.180573
vt 0.536915 0.293056
vt 0.528299 0.315395
vt 0.548689 0.211576
vt 0.542402 0.151117
vt 0.553583 0.068629
vt 0.555763 0.059612
vt 0.566508 0.059573
vt 0.533362 0.277111
vt 0.535013 0.329828
vt 0.549406 0.131020
vt 0.535968 0.226341
vt 0.534978 0.107898
vt 0.523715 0.202569
vt 0.518889 0.299739
vt 0.511974 0.332427
vt 0.535535 0.056017
vt 0.504000 0.267438
vt 0.531187 0.082643
vt 0.519963 0.233625
vt 0.525519 0.147532
vt 0.508548 0.290466
vt 0.529024 0.064117
vt 0.498550 0.327678
vt 0.518001 0.095557
vt 0.500291 0.205432
vt 0.495311 0.303354
vt 0.512833 0.160777
vt 0.504551 0.185104
vt 0.504754 0.116533
vt 0.509055 0.194059
vt 0.480448 0.320312
vt 0.504846 0.067051
vt 0.495182 0.241079
vt 0.499867 0.147275
vt 0.509553 0.053250
vt 0.485379 0.171131
vt 0.493091 0.104383
vt 0.480352 0.220336
vt 0.476689 0.329491
vt 0.460118 0.279417
vt 0.479668 0.053206
vt 0.487008 0.138469
vt 0.465596 0.302417
vt 0.470354 0.190763
vt 0.470608 0.159171
vt 0.480348 0.097971
vt 0.466260 0.326535
vt 0.470534 0.243591
vt 0.463752 0.072365
vt 0.452772 0.315425
vt 0.459095 0.230190
vt 0.468071 0.135111
vt 0.458394 0.330095
vt 0.458557 0.255542
vt 0.471580 0.119841
vt 0.458278 0.205436
vt 0.457427 0.167847
vt 0.454963 0.106577
vt 0.432197 0.234422
vt 0.461526 0.162392
vt 0.424589 0.293255
vt 0.430038 0.328028
vt 0.444858 0.145871
vt 0.454609 0.159817
vt 0.447967 0.123934
vt 0.424263 0.317033
vt 0.443121 0.169136
vt 0.419767 0.262988
vt 0.444469 0.199828
vt 0.449187 0.048026
vt 0.440013 0.060195
vt 0.439026 0.097009
vt 0.436174 0.183886
vt 0.417452 0.195099
vt 0.431450 0.116705
vt 0.403290 0.307299
vt 0.426511 0.068791
vt 0.426245 0.164835
vt 0.425289 0.139346
vt 0.418744 0.182380
vt 0.407399 0.325219
vt 0.430422 0.049227
vt 0.403184 0.102561
vt 0.432476 0.044144
vt 0.397792 0.241164
vt 0.409138 0.159543
vt 0.413464 0.128219
vt 0.412189 0.172268
vt 0.401853 0.288618
vt 0.382776 0.274663
vt 0.390117 0.324118
vt 0.399365 0.204827
vt 0.402603 0.186311
vt 0.410030 0.046100
vt 0.397301 0.174914
vt 0.389875 0.064916
vt 0.399098 0.128532
vt 0.394642 0.155376
vt 0.424525 0.038934
vt 0.407527 0.039533
vt 0.377121 0.309614
vt 0.386361 0.181891
vt 0.382566 0.218576
vt 0.372461 0.248203
vt 0.378241 0.164615
vt 0.384224 0.200572
vt 0.384659 0.147051
vt 0.386580 0.040454
vt 0.380341 0.133884
vt 0.364615 0.318635
vt 0.376646 0.193481
vt 0.373856 0.204799
vt 0.369677 0.224237
vt 0.385256 0.098135
vt 0.370573 0.183396
vt 0.369284 0.173620
vt 0.372946 0.115889
vt 0.368915 0.152680
vt 0.355253 0.292775
vt 0.356600 0.238467
vt 0.352441 0.269001
vt 0.363547 0.198772
vt 0.349380 0.307097
vt 0.347938 0.317336
vt 0.353498 0.324283
vt 0.364145 0.129970
vt 0.374848 0.052134
vt 0.371525 0.091373
vt 0.358590 0.217505
vt 0.357287 0.185027
vt 0.358346 0.165634
vt 0.369255 0.037408
vt 0.363086 0.068853
vt 0.352694 0.148311
vt 0.337347 0.248304
vt 0.360379 0.102398
vt 0.356410 0.087218
vt 0.351750 0.178276
vt 0.363915 0.042577
vt 0.339226 0.224854
vt 0.329436 0.322407
vt 0.353938 0.117505
vt 0.340124 0.207808
vt 0.348257 0.192027
vt 0.333180 0.290645
vt 0.357272 0.054091
vt 0.327251 0.305361
vt 0.344445 0.169920
vt 0.327335 0.315335
vt 0.345419 0.131949
vt 0.341570 0.176663
vt 0.354954 0.034873
vt 0.341075 0.162872
vt 0.346339 0.105202
vt 0.319920 0.270989
vt 0.340765 0.042059
vt 0.332828 0.183068
vt 0.347652 0.076255
vt 0.331324 0.196180
vt 0.338538 0.086387
vt 0.332710 0.155847
vt 0.331976 0.068822
vt 0.330823 0.119459
vt 0.327488 0.173546
vt 0.328588 0.167525
vt 0.334490 0.029253
vt 0.330129 0.137491
vt 0.322687 0.233156
vt 0.330524 0.098656
vt 0.303285 0.312943
vt 0.310257 0.292727
vt 0.320155 0.205416
vt 0.314838 0.245817
vt 0.317873 0.174608
vt 0.314484 0.186813
vt 0.320804 0.162076
vt 0.318790 0.154618
vt 0.306954 0.225089
vt 0.320385 0.166623
vt 0.325929 0.046647
vt 0.302898 0.206098
vt 0.321337 0.059251
vt 0.316638 0.103624
vt 0.315518 0.168995
vt 0.317531 0.086148
vt 0.315260 0.128398
vt 0.310707 0.145313
vt 0.299680 0.244440
vt 0.314001 0.163345
vt 0.297326 0.279644
vt 0.309871 0.175990
vt 0.299377 0.264071
vt 0.289189 0.300626
vt 0.314501 0.073376
vt 0.310514 0.166426
vt 0.301209 0.040950
vt 0.306085 0.162311
vt 0.305930 0.170870
vt 0.314524 0.032068
vt 0.302315 0.052385
vt 0.304596 0.116523
vt 0.298349 0.189639
vt 0.299122 0.176600
vt 0.289463 0.224622
vt 0.284445 0.256739
vt 0.302521 0.090063
vt 0.300725 0.133604
vt 0.276125 0.275512
vt 0.280449 0.313244
vt 0.299130 0.150157
vt 0.298938 0.071981
vt 0.290008 0.199763
vt 0.288340 0.240687
vt 0.281883 0.125249
vt 0.288715 0.166841
vt 0.294619 0.028984
vt 0.276203 0.300325
vt 0.288004 0.184508
vt 0.279154 0.208927
vt 0.290552 0.103703
vt 0.285352 0.152694
vt 0.284508 0.064976
vt 0.285776 0.084083
vt 0.277617 0.190476
vt 0.274109 0.233547
vt 0.265256 0.290516
vt 0.262638 0.307752
vt 0.266172 0.255672
vt 0.265282 0.216388
vt 0.273773 0.148043
vt 0.273847 0.168239
vt 0.262604 0.198197
vt 0.254276 0.281999
vt 0.258807 0.181953
vt 0.261203 0.235059
vt 0.275695 0.132433
vt 0.272831 0.098733
vt 0.273992 0.030514
vt 0.248093 0.300520
vt 0.267219 0.046006
vt 0.261144 0.135596
vt 0.270881 0.078012
vt 0.240689 0.267089
vt 0.259724 0.163693
vt 0.255166 0.248509
vt 0.253501 0.097865
vt 0.242954 0.310736
vt 0.258102 0.062291
vt 0.221025 0.302931
vt 0.246397 0.229337
vt 0.240411 0.242905
vt 0.257978 0.026075
vt 0.241340 0.209597
vt 0.229128 0.289213
vt 0.244702 0.151291
vt 0.245510 0.189366
vt 0.255388 0.030412
vt 0.242797 0.126689
vt 0.242741 0.169037
vt 0.244107 0.050372
vt 0.229291 0.189315
vt 0.243147 0.031790
vt 0.233932 0.222631
vt 0.242019 0.024228
vt 0.221005 0.233784
vt 0.235219 0.068478
vt 0.220648 0.256880
vt 0.203667 0.290190
vt 0.210497 0.272020
vt 0.227905 0.138905
vt 0.224440 0.214682
vt 0.232770 0.102677
vt 0.225662 0.165043
vt 0.230929 0.087727
vt 0.228695 0.024953
vt 0.229574 0.045119
vt 0.221899 0.034033
vt 0.219934 0.055382
vt 0.225148 0.117966
vt 0.215598 0.192257
vt 0.205638 0.248111
vt 0.196846 0.303781
vt 0.210673 0.205390
vt 0.216472 0.076398
vt 0.217710 0.103887
vt 0.214737 0.155029
vt 0.209439 0.219288
vt 0.211641 0.124246
vt 0.201281 0.234331
vt 0.202052 0.138276
vt 0.211088 0.090350
vt 0.209999 0.172329
vt 0.218641 0.021865
vt 0.183870 0.298118
vt 0.206640 0.025404
vt 0.201127 0.181696
vt 0.191590 0.270122
vt 0.199172 0.041252
vt 0.200795 0.060780
vt 0.193413 0.222880
vt 0.205203 0.019702
vt 0.202658 0.110692
vt 0.190589 0.202297
vt 0.183772 0.258836
vt 0.186524 0.242962
vt 0.198857 0.163011
vt 0.189459 0.092863
vt 0.185815 0.150185
vt 0.176688 0.282888
vt 0.199987 0.079659
vt 0.184788 0.176057
vt 0.175193 0.268767
vt 0.191463 0.106397
vt 0.184653 0.120205
vt 0.181070 0.224833
vt 0.182632 0.078987
vt 0.190010 0.020253
vt 0.172378 0.298193
vt 0.182206 0.031378
vt 0.170946 0.246055
vt 0.182207 0.135136
vt 0.165695 0.228558
vt 0.159764 0.294038
vt 0.179115 0.062097
vt 0.170752 0.192995
vt 0.172530 0.160723
vt 0.171805 0.212033
vt 0.162955 0.259113
vt 0.163440 0.300524
vt 0.176898 0.017550
vt 0.172407 0.105921
vt 0.155339 0.280068
vt 0.171143 0.125061
vt 0.168410 0.022870
vt 0.165866 0.174135
vt 0.149355 0.296129
vt 0.167549 0.087222
vt 0.170400 0.142374
vt 0.158829 0.050247
vt 0.154507 0.244304
vt 0.165870 0.068996
vt 0.150670 0.262610
vt 0.159721 0.018167
vt 0.154351 0.211135
vt 0.154836 0.135907
vt 0.139157 0.289738
vt 0.154397 0.101349
vt 0.157431 0.151150
vt 0.158139 0.118655
vt 0.149001 0.189514
vt 0.150666 0.167887
vt 0.138386 0.277362
vt 0.142028 0.233450
vt 0.134263 0.260137
vt 0.149603 0.026799
vt 0.150269 0.088061
vt 0.145271 0.041734
vt 0.142342 0.067592
vt 0.123465 0.279383
vt 0.144220 0.118113
vt 0.133824 0.208978
vt 0.139856 0.153609
vt 0.143942 0.016390
vt 0.134089 0.170615
vt 0.135500 0.089883
vt 0.125547 0.246731
vt 0.137262 0.134584
vt 0.135111 0.187586
vt 0.134416 0.104671
vt 0.127549 0.227928
vt 0.119621 0.291443
vt 0.113650 0.264480
vt 0.125693 0.017151
vt 0.134853 0.011150
vt 0.133927 0.047334
vt 0.128276 0.116386
vt 0.115665 0.221001
vt 0.129009 0.073917
vt 0.128122 0.030340
vt 0.123689 0.130840
vt 0.126011 0.149586
vt 0.111635 0.283401
vt 0.119431 0.060452
vt 0.119300 0.182928
vt 0.112575 0.239917
vt 0.106716 0.289579
vt 0.116085 0.199382
vt 0.117927 0.098163
vt 0.118183 0.045335
vt 0.118258 0.009471
vt 0.115652 0.164929
vt 0.100041 0.281804
vt 0.115489 0.078775
vt 0.115985 0.117619
vt 0.099988 0.252928
vt 0.110411 0.033452
vt 0.087981 0.272202
vt 0.108126 0.129110
vt 0.111212 0.143968
vt 0.104433 0.182097
vt 0.106381 0.017454
vt 0.100450 0.205495
vt 0.099107 0.227144
vt 0.100140 0.109847
vt 0.099735 0.073494
vt 0.105463 0.089591
vt 0.097067 0.155841
vt 0.084661 0.259945
vt 0.104102 0.006401
vt 0.100681 0.055363
vt 0.088538 0.218188
vt 0.089449 0.035099
vt 0.093558 0.135147
vt 0.080144 0.242365
vt 0.093688 0.012331
vt 0.091441 0.170138
vt 0.088029 0.094670
vt 0.087262 0.196302
vt 0.090594 0.003869
vt 0.082099 0.183346
vt 0.087996 0.053392
vt 0.088048 0.118839
vt 0.070649 0.221833
vt 0.079342 0.142176
vt 0.079846 0.068309
vt 0.077263 0.022291
vt 0.076543 0.163800
vt 0.077326 0.009117
vt 0.073470 0.200843
vt 0.075477 0.125269
vt 0.077810 0.000951
vt 0.074221 0.051334
vt 0.064061 0.039850
vt 0.264226 0.330477
vt 0.250638 0.329079
vt 0.253301 0.324475
vt 0.235463 0.315721
vt 0.279801 0.337680
vt 0.268914 0.339838
vt 0.309820 0.353036
vt 0.295845 0.347607
vt 0.301844 0.346963
vt 0.253259 0.333921
vt 0.309390 0.359762
vt 0.220585 0.304107
vt 0.215394 0.322620
vt 0.228658 0.321844
vt 0.321895 0.363146
vt 0.275842 0.354624
vt 0.238284 0.328764
vt 0.238589 0.336239
vt 0.256451 0.344437
vt 0.321036 0.369887
vt 0.226364 0.330186
vt 0.285419 0.366666
vt 0.318231 0.377465
vt 0.307744 0.375118
vt 0.215382 0.334720
vt 0.199886 0.329796
vt 0.235751 0.350002
vt 0.251883 0.364622
vt 0.209847 0.358275
vt 0.267412 0.376905
vt 0.316876 0.386976
vt 0.312158 0.383588
vt 0.283213 0.378381
vt 0.297931 0.387360
vt 0.186271 0.342557
vt 0.303499 0.393769
vt 0.184079 0.333708
vt 0.238656 0.373527
vt 0.166665 0.350476
vt 0.282257 0.394937
vt 0.294546 0.407705
vt 0.290109 0.404449
vt 0.255063 0.405240
vt 0.220725 0.384446
vt 0.178151 0.371489
vt 0.271596 0.410254
vt 0.281457 0.415564
vt 0.235549 0.399988
vt 0.196338 0.399815
vt 0.273140 0.421395
vt 0.146075 0.375398
vt 0.152717 0.357251
vt 0.218780 0.407120
vt 0.257737 0.428339
vt 0.163223 0.396595
vt 0.240642 0.420113
vt 0.261334 0.435303
vt 0.136948 0.373664
vt 0.125745 0.387822
vt 0.226126 0.432625
vt 0.189560 0.437417
vt 0.127577 0.379921
vt 0.244752 0.444645
vt 0.141337 0.398748
vt 0.152336 0.413330
vt 0.168272 0.425289
vt 0.120874 0.412378
vt 0.144728 0.408416
vt 0.228473 0.455638
vt 0.135395 0.407416
vt 0.206846 0.456989
vt 0.104793 0.408137
vt 0.145402 0.414785
vt 0.139837 0.414661
vt 0.139556 0.409831
vt 0.144579 0.411029
vt 0.155116 0.434351
vt 0.139635 0.421850
vt 0.171433 0.440834
vt 0.227855 0.470432
vt 0.211545 0.485070
vt 0.098957 0.435558
vt 0.134563 0.449623
vt 0.170965 0.460955
vt 0.087553 0.425193
vt 0.189796 0.473089
vt 0.077174 0.439769
vt 0.153960 0.471194
vt 0.195547 0.487042
vt 0.216995 0.494996
vt 0.175191 0.481985
vt 0.208209 0.510314
vt 0.103565 0.455758
vt 0.109249 0.473895
vt 0.201153 0.506846
vt 0.070737 0.455753
vt 0.184046 0.508027
vt 0.087103 0.458559
vt 0.158992 0.495738
vt 0.096129 0.465586
vt 0.126637 0.500899
vt 0.172672 0.504758
vt 0.068162 0.478254
vt 0.199887 0.521791
vt 0.058503 0.459566
vt 0.160899 0.509515
vt 0.058060 0.471454
vt 0.174271 0.520033
vt 0.145202 0.515757
vt 0.189163 0.537885
vt 0.078457 0.496582
vt 0.161628 0.524059
vt 0.195607 0.537589
vt 0.175687 0.536723
vt 0.106927 0.514516
vt 0.142362 0.535275
vt 0.046660 0.491438
vt 0.183510 0.554485
vt 0.114152 0.533808
vt 0.048360 0.507003
vt 0.089278 0.520684
vt 0.155757 0.548729
vt 0.159791 0.561224
vt 0.073836 0.527693
vt 0.139530 0.554209
vt 0.128023 0.560721
vt 0.171502 0.569429
vt 0.093983 0.543531
vt 0.033190 0.519345
vt 0.888970 0.523702
vt 0.892573 0.531364
vt 0.921659 0.527256
vt 0.169445 0.580532
vt 0.055747 0.531167
vt 0.106245 0.559714
vt 0.068071 0.550822
vt 0.037462 0.533492
vt 0.150614 0.585196
vt 0.080210 0.558462
vt 0.091383 0.573619
vt 0.166964 0.592513
vt 0.868874 0.526694
vt 0.109197 0.586547
vt 0.046704 0.546283
vt 0.163785 0.601921
vt 0.866431 0.521610
vt 0.023889 0.538535
vt 0.126895 0.605620
vt 0.153947 0.601378
vt 0.038036 0.561886
vt 0.022173 0.549524
vt 0.077609 0.573113
vt 0.164587 0.612782
vt 0.161120 0.611768
vt 0.849298 0.526623
vt 0.855073 0.518331
vt 0.063733 0.581893
vt 0.090723 0.601524
vt 0.144898 0.614099
vt 0.158669 0.623992
vt 0.020741 0.567151
vt 0.160457 0.634013
vt 0.830242 0.517932
vt 0.141443 0.628573
vt 0.030364 0.586408
vt 0.010353 0.569915
vt 0.156930 0.631951
vt 0.051802 0.605744
vt 0.151536 0.639678
vt 0.013520 0.578563
vt 0.092777 0.641475
vt 0.151924 0.646989
vt 0.124660 0.636589
vt 0.016334 0.598419
vt 0.006446 0.590950
vt 0.880700 0.491642
vt 0.879280 0.497395
vt 0.903730 0.493061
vt 0.139662 0.647452
vt 0.068861 0.636881
vt 0.055007 0.623958
vt 0.150165 0.657652
vt 0.144964 0.657011
vt 0.126682 0.655276
vt 0.108638 0.650506
vt 0.147187 0.665397
vt 0.006192 0.604134
vt 0.115913 0.661167
vt 0.032005 0.628093
vt 0.134316 0.670290
vt 0.866766 0.489011
vt 0.060662 0.635177
vt 0.151983 0.673156
vt 0.147354 0.677394
vt 0.010992 0.617861
vt 0.046805 0.637336
vt 0.001051 0.615000
vt 0.854182 0.491439
vt 0.154067 0.690310
vt 0.099770 0.671889
vt 0.056814 0.643675
vt 0.111660 0.677632
vt 0.140727 0.687857
vt 0.047081 0.654943
vt 0.027968 0.648985
vt 0.002485 0.631269
vt 0.011942 0.640718
vt 0.073186 0.671831
vt 0.140744 0.701503
vt 0.153801 0.702212
vt 0.883946 0.476231
vt 0.898369 0.472162
vt 0.880836 0.470153
vt 0.114635 0.697892
vt 0.871758 0.474896
vt 0.156338 0.715313
vt 0.159274 0.710844
vt 0.086315 0.690574
vt 0.149602 0.715394
vt 0.862770 0.471237
vt 0.029669 0.670260
vt 0.000951 0.647862
vt 0.163141 0.727490
vt 0.012390 0.659889
vt 0.121415 0.712674
vt 0.159738 0.731472
vt 0.058299 0.693519
vt 0.100181 0.704987
vt 0.136458 0.725188
vt 0.150158 0.728836
vt 0.038333 0.684527
vt 0.872384 0.488989
vt 0.871135 0.484592
vt 0.855472 0.485487
vt 0.003197 0.663812
vt 0.167929 0.741703
vt 0.110186 0.722238
vt 0.011212 0.673608
vt 0.083343 0.712831
vt 0.159651 0.745670
vt 0.067963 0.706573
vt 0.142764 0.742498
vt 0.890187 0.490940
vt 0.883348 0.481903
vt 0.018892 0.692497
vt 0.004466 0.680248
vt 0.170309 0.755855
vt 0.095326 0.723208
vt 0.124720 0.741093
vt 0.039338 0.700574
vt 0.106436 0.736346
vt 0.160269 0.759331
vt 0.073871 0.729767
vt 0.053049 0.716939
vt 0.134172 0.757642
vt 0.902877 0.489203
vt 0.175039 0.770106
vt 0.032189 0.710870
vt 0.183230 0.771222
vt 0.086796 0.733284
vt 0.109516 0.758436
vt 0.163431 0.771507
vt 0.061161 0.728678
vt 0.007694 0.703190
vt 0.095457 0.744287
vt 0.191139 0.782173
vt 0.176312 0.782730
vt 0.144710 0.771437
vt 0.001577 0.691832
vt 0.185637 0.791079
vt 0.195305 0.784089
vt 0.193694 0.789169
vt 0.041197 0.728194
vt 0.003558 0.704632
vt 0.077265 0.748060
vt 0.012193 0.716696
vt 0.159910 0.788335
vt 0.026018 0.727016
vt 0.192392 0.798997
vt 0.087915 0.757823
vt 0.064529 0.742284
vt 0.122990 0.772083
vt 0.051794 0.743012
vt 0.007466 0.719983
vt 0.198338 0.791039
vt 0.199980 0.804715
vt 0.207354 0.807434
vt 0.135441 0.785956
vt 0.171606 0.801984
vt 0.184290 0.809235
vt 0.039497 0.740129
vt 0.196891 0.811917
vt 0.063494 0.759106
vt 0.104384 0.775916
vt 0.205942 0.816206
vt 0.012800 0.733754
vt 0.214270 0.818546
vt 0.016336 0.730474
vt 0.157058 0.803702
vt 0.235296 0.831060
vt 0.249497 0.835407
vt 0.245574 0.844610
vt 0.021932 0.743449
vt 0.259415 0.843321
vt 0.231465 0.832986
vt 0.223844 0.827612
vt 0.082481 0.770849
vt 0.208121 0.824792
vt 0.122307 0.789629
vt 0.221307 0.838534
vt 0.031383 0.755407
vt 0.190089 0.822174
vt 0.048315 0.759390
vt 0.260815 0.860187
vt 0.089957 0.784418
vt 0.228623 0.854706
vt 0.144181 0.809997
vt 0.169636 0.820458
vt 0.116337 0.802517
vt 0.068681 0.779353
vt 0.211641 0.837468
vt 0.198819 0.838036
vt 0.020566 0.753866
vt 0.130574 0.800438
vt 0.884288 0.476906
vt 0.871530 0.480608
vt 0.861782 0.474440
vt 0.180811 0.837560
vt 0.054612 0.772961
vt 0.244041 0.868416
vt 0.886651 0.480933
vt 0.038528 0.771711
vt 0.151014 0.824250
vt 0.131620 0.817353
vt 0.166561 0.837327
vt 0.210780 0.859145
vt 0.096450 0.801860
vt 0.024929 0.766549
vt 0.898236 0.479194
vt 0.267267 0.861790
vt 0.260636 0.877351
vt 0.108834 0.806194
vt 0.204800 0.851086
vt 0.079184 0.803354
vt 0.254585 0.878783
vt 0.112627 0.814844
vt 0.192744 0.850882
vt 0.063971 0.797464
vt 0.047395 0.789239
vt 0.032521 0.778425
vt 0.028505 0.777923
vt 0.104274 0.812873
vt 0.108250 0.810948
vt 0.152694 0.841816
vt 0.196737 0.861519
vt 0.244189 0.877486
vt 0.102650 0.819008
vt 0.135400 0.833532
vt 0.121062 0.831752
vt 0.174833 0.860146
vt 0.088152 0.819187
vt 0.253287 0.886819
vt 0.037406 0.790889
vt 0.217179 0.874995
vt 0.246146 0.891558
vt 0.067379 0.810795
vt 0.187716 0.870972
vt 0.230546 0.883720
vt 0.154884 0.855414
vt 0.054679 0.803903
vt 0.102903 0.833961
vt 0.135482 0.856691
vt 0.050530 0.806150
vt 0.236862 0.890864
vt 0.207585 0.876510
vt 0.213013 0.881497
vt 0.076917 0.827053
vt 0.220290 0.887176
vt 0.227619 0.889096
vt 0.113940 0.856803
vt 0.223687 0.890795
vt 0.194379 0.882567
vt 0.204394 0.882984
vt 0.228600 0.897420
vt 0.064824 0.821964
vt 0.216634 0.895833
vt 0.165219 0.872931
vt 0.205241 0.890274
vt 0.055389 0.818635
vt 0.235121 0.903230
vt 0.178805 0.888776
vt 0.091812 0.844719
vt 0.193184 0.891349
vt 0.073897 0.832277
vt 0.072028 0.835049
vt 0.085434 0.845112
vt 0.205783 0.902643
vt 0.196066 0.897289
vt 0.224422 0.912949
vt 0.219342 0.911362
vt 0.186746 0.896963
vt 0.157718 0.884384
vt 0.102346 0.856988
vt 0.190137 0.896937
vt 0.136502 0.878125
vt 0.101220 0.860984
vt 0.192887 0.904510
vt 0.212911 0.917508
vt 0.116769 0.869827
vt 0.181770 0.905215
vt 0.197178 0.912675
vt 0.207457 0.914967
vt 0.125749 0.878452
vt 0.167974 0.898500
vt 0.137064 0.885789
vt 0.152213 0.893366
vt 0.202332 0.917300
vt 0.187279 0.911815
vt 0.169908 0.904060
vt 0.925254 0.084232
vt 0.934949 0.078158
vt 0.937981 0.087304
vt 0.914471 0.081788
vt 0.909772 0.077422
vt 0.933325 0.102287
vt 0.901442 0.081099
vt 0.885674 0.078097
vt 0.776012 0.058316
vt 0.792304 0.061966
vt 0.783311 0.064092
vt 0.748134 0.055833
vt 0.764594 0.057290
vt 0.759297 0.060830
vt 0.744868 0.060297
vt 0.729056 0.059356
vt 0.770345 0.060443
vt 0.921653 0.094811
vt 0.765748 0.068745
vt 0.890177 0.082655
vt 0.907287 0.089976
vt 0.725684 0.067621
vt 0.705839 0.060754
vt 0.888459 0.090882
vt 0.694234 0.059465
vt 0.689187 0.056014
vt 0.749759 0.067498
vt 0.866111 0.082208
vt 0.854526 0.075644
vt 0.788111 0.083353
vt 0.795928 0.066345
vt 0.832513 0.077992
vt 0.837344 0.072099
vt 0.815491 0.071873
vt 0.815776 0.079408
vt 0.663383 0.051507
vt 0.670946 0.053046
vt 0.667209 0.057692
vt 0.657767 0.050318
vt 0.914683 0.103382
vt 0.688489 0.064852
vt 0.839933 0.081945
vt 0.901457 0.103828
vt 0.702223 0.075929
vt 0.757498 0.083699
vt 0.653950 0.057454
vt 0.874446 0.099996
vt 0.824744 0.092031
vt 0.853499 0.095540
vt 0.925213 0.111106
vt 0.669255 0.065083
vt 0.886575 0.111654
vt 0.718188 0.088330
vt 0.677294 0.079645
vt 0.831639 0.104615
vt 0.654905 0.066801
vt 0.661578 0.074074
vt 0.753751 0.093186
vt 0.931420 0.120970
vt 0.794968 0.104980
vt 0.906307 0.121296
vt 0.848761 0.115320
vt 0.697889 0.107652
vt 0.777440 0.107464
vt 0.658300 0.085475
vt 0.648017 0.078592
vt 0.864249 0.114313
vt 0.732211 0.118954
vt 0.915859 0.132385
vt 0.800216 0.119530
vt 0.671968 0.095165
vt 0.891798 0.137143
vt 0.879196 0.130367
vt 0.927286 0.144310
vt 0.755036 0.109660
vt 0.837613 0.130619
vt 0.820296 0.126604
vt 0.861933 0.136284
vt 0.760103 0.131809
vt 0.647287 0.094995
vt 0.920332 0.151040
vt 0.775351 0.127960
vt 0.661245 0.096194
vt 0.652136 0.100637
vt 0.657034 0.093476
vt 0.666063 0.118149
vt 0.900671 0.164506
vt 0.886192 0.152200
vt 0.807021 0.140941
vt 0.822066 0.142218
vt 0.655954 0.110110
vt 0.647625 0.110690
vt 0.846252 0.150210
vt 0.771986 0.155642
vt 0.639813 0.107366
vt 0.924685 0.172609
vt 0.832068 0.152823
vt 0.855655 0.164780
vt 0.726971 0.144183
vt 0.692332 0.132265
vt 0.919824 0.172045
vt 0.880909 0.165608
vt 0.815406 0.166719
vt 0.639595 0.119767
vt 0.799807 0.158802
vt 0.651806 0.124397
vt 0.644665 0.128946
vt 0.709247 0.167496
vt 0.635184 0.115813
vt 0.914267 0.178821
vt 0.881520 0.182584
vt 0.868669 0.182803
vt 0.780305 0.165098
vt 0.633557 0.132805
vt 0.660620 0.157864
vt 0.653172 0.137410
vt 0.919689 0.188449
vt 0.896155 0.196412
vt 0.818225 0.183841
vt 0.791570 0.178172
vt 0.742232 0.184412
vt 0.913271 0.196834
vt 0.832492 0.198758
vt 0.771787 0.183558
vt 0.641656 0.142834
vt 0.679695 0.164726
vt 0.881046 0.200191
vt 0.799504 0.191613
vt 0.637809 0.152612
vt 0.646927 0.153280
vt 0.916522 0.206373
vt 0.624374 0.147811
vt 0.788059 0.198693
vt 0.718939 0.192587
vt 0.911069 0.219670
vt 0.868727 0.212037
vt 0.694574 0.182734
vt 0.762223 0.198239
vt 0.749884 0.197536
vt 0.777795 0.205995
vt 0.670290 0.184179
vt 0.886982 0.219384
vt 0.643371 0.165675
vt 0.629787 0.180160
vt 0.799276 0.209983
vt 0.837256 0.228470
vt 0.616936 0.177794
vt 0.895789 0.222093
vt 0.736645 0.214027
vt 0.755465 0.222443
vt 0.814318 0.224367
vt 0.647854 0.181556
vt 0.792424 0.234604
vt 0.639959 0.178526
vt 0.860520 0.237740
vt 0.902737 0.233251
vt 0.720980 0.208324
vt 0.703099 0.214795
vt 0.873647 0.238631
vt 0.890686 0.233555
vt 0.909592 0.240019
vt 0.683159 0.211174
vt 0.882983 0.240189
vt 0.722177 0.221452
vt 0.657636 0.209674
vt 0.633216 0.204070
vt 0.891344 0.253453
vt 0.902587 0.250507
vt 0.690759 0.228390
vt 0.843115 0.248368
vt 0.821395 0.247120
vt 0.732399 0.231746
vt 0.762372 0.250950
vt 0.910382 0.251311
vt 0.719323 0.243070
vt 0.809391 0.253603
vt 0.871692 0.255540
vt 0.743410 0.240848
vt 0.779772 0.261850
vt 0.612411 0.204782
vt 0.732126 0.241831
vt 0.901928 0.264291
vt 0.620242 0.215138
vt 0.829486 0.265350
vt 0.908788 0.268818
vt 0.860039 0.263861
vt 0.843211 0.263837
vt 0.710693 0.256580
vt 0.795369 0.263125
vt 0.665276 0.235656
vt 0.740415 0.251873
vt 0.892631 0.265434
vt 0.638358 0.227315
vt 0.807316 0.267750
vt 0.885456 0.264176
vt 0.728925 0.255010
vt 0.607461 0.221905
vt 0.893274 0.274238
vt 0.743026 0.263624
vt 0.855105 0.276015
vt 0.681549 0.251402
vt 0.816810 0.275747
vt 0.625784 0.231890
vt 0.762010 0.274612
vt 0.904327 0.278693
vt 0.873777 0.265695
vt 0.870831 0.281096
vt 0.638757 0.240737
vt 0.786111 0.276019
vt 0.898705 0.283441
vt 0.849892 0.286611
vt 0.838013 0.286262
vt 0.908753 0.292356
vt 0.798141 0.282563
vt 0.745040 0.274904
vt 0.731949 0.275091
vt 0.636130 0.259073
vt 0.903480 0.291683
vt 0.606267 0.244163
vt 0.615940 0.245483
vt 0.863191 0.293617
vt 0.788769 0.291597
vt 0.776106 0.286308
vt 0.826138 0.295051
vt 0.699313 0.270879
vt 0.624323 0.246361
vt 0.600896 0.234466
vt 0.808382 0.294621
vt 0.684699 0.261329
vt 0.673708 0.269406
vt 0.686743 0.270025
vt 0.893808 0.297459
vt 0.765985 0.295270
vt 0.721984 0.282685
vt 0.843901 0.301831
vt 0.597915 0.250591
vt 0.833544 0.305308
vt 0.742548 0.291090
vt 0.902803 0.309014
vt 0.753654 0.291306
vt 0.649857 0.281489
vt 0.707214 0.283071
vt 0.727416 0.292528
vt 0.775586 0.306059
vt 0.713142 0.292346
vt 0.907477 0.315561
vt 0.819545 0.314236
vt 0.685254 0.279216
vt 0.896207 0.313126
vt 0.735395 0.300461
vt 0.719793 0.292511
vt 0.689315 0.286973
vt 0.608127 0.265257
vt 0.747749 0.300644
vt 0.889938 0.313349
vt 0.885082 0.306922
vt 0.672766 0.282932
vt 0.755322 0.307737
vt 0.764235 0.319377
vt 0.884810 0.319792
vt 0.875952 0.309759
vt 0.699150 0.293300
vt 0.892946 0.322435
vt 0.593120 0.270934
vt 0.720626 0.300985
vt 0.681721 0.293302
vt 0.904062 0.328557
vt 0.741853 0.312097
vt 0.874421 0.328823
vt 0.863075 0.307584
vt 0.726799 0.317255
vt 0.620615 0.284509
vt 0.670433 0.294578
vt 0.885622 0.331530
vt 0.694212 0.302722
vt 0.601214 0.284870
vt 0.774359 0.322379
vt 0.712802 0.312842
vt 0.678261 0.305176
vt 0.908863 0.331734
vt 0.750883 0.324960
vt 0.896128 0.334001
vt 0.697850 0.311178
vt 0.659414 0.306968
vt 0.704452 0.317083
vt 0.735420 0.329814
vt 0.607189 0.293502
vt 0.888241 0.344391
vt 0.903654 0.349990
vt 0.908147 0.342675
vt 0.877826 0.345384
vt 0.896149 0.345666
vt 0.685538 0.320566
vt 0.618842 0.304823
vt 0.709178 0.326335
vt 0.672345 0.325018
vt 0.714903 0.332576
vt 0.640469 0.309834
vt 0.698818 0.330611
vt 0.587091 0.300285
vt 0.600358 0.305585
vt 0.908740 0.354221
vt 0.714745 0.341824
vt 0.610353 0.307514
vt 0.640949 0.321717
vt 0.628166 0.319457
vt 0.725044 0.349994
vt 0.703687 0.341795
vt 0.684344 0.340420
vt 0.598314 0.322761
vt 0.653273 0.330900
vt 0.609000 0.324944
vt 0.588421 0.315848
vt 0.624240 0.329523
vt 0.743931 0.351844
vt 0.723409 0.361533
vt 0.697951 0.351370
vt 0.581274 0.311551
vt 0.707317 0.354978
vt 0.660811 0.345657
vt 0.642239 0.340660
vt 0.680846 0.354230
vt 0.687418 0.358864
vt 0.705771 0.366728
vt 0.614505 0.340716
vt 0.695044 0.365669
vt 0.650252 0.356487
vt 0.678598 0.366472
vt 0.668066 0.361341
vt 0.687212 0.368737
vt 0.628038 0.360927
vt 0.695591 0.374897
vt 0.672779 0.371494
vt 0.681942 0.380150
vt 0.874357 0.458581
vt 0.883120 0.458290
vt 0.879700 0.462378
vt 0.884501 0.462904
vt 0.888577 0.462620
vt 0.739668 0.371499
vt 0.736178 0.360592
vt 0.747339 0.364779
vt 0.729280 0.379152
vt 0.742675 0.383858
vt 0.755462 0.381714
vt 0.729372 0.391278
vt 0.746054 0.393184
vt 0.713239 0.386181
vt 0.736117 0.408467
vt 0.753846 0.405935
vt 0.742642 0.417748
vt 0.721696 0.407221
vt 0.759024 0.417341
vt 0.725074 0.422664
vt 0.750579 0.432795
vt 0.738237 0.430630
vt 0.709701 0.418769
vt 0.696684 0.408664
vt 0.697526 0.427939
vt 0.686255 0.422778
vt 0.711018 0.436077
vt 0.725832 0.442465
vt 0.633180 0.415892
vt 0.629894 0.402959
vt 0.649703 0.409351
vt 0.737950 0.442306
vt 0.648299 0.424076
vt 0.657412 0.430360
vt 0.637868 0.421830
vt 0.614558 0.415382
vt 0.679710 0.440003
vt 0.674253 0.424119
vt 0.625590 0.424785
vt 0.666463 0.441698
vt 0.693908 0.441298
vt 0.639181 0.429105
vt 0.639160 0.439318
vt 0.703138 0.457224
vt 0.612646 0.430886
vt 0.626288 0.434864
vt 0.716697 0.461910
vt 0.683698 0.461977
vt 0.648555 0.449498
vt 0.672607 0.457248
vt 0.608977 0.443995
vt 0.602263 0.427860
vt 0.699276 0.471877
vt 0.659909 0.458644
vt 0.589195 0.433880
vt 0.628195 0.450899
vt 0.600925 0.452904
vt 0.649314 0.466361
vt 0.683645 0.480315
vt 0.615232 0.459430
vt 0.670689 0.472920
vt 0.715179 0.480125
vt 0.587035 0.458938
vt 0.574154 0.439816
vt 0.697810 0.483501
vt 0.663145 0.477546
vt 0.627288 0.466812
vt 0.744035 0.489950
vt 0.728650 0.497036
vt 0.736032 0.484488
vt 0.727213 0.481976
vt 0.709409 0.491511
vt 0.743108 0.501435
vt 0.749686 0.494588
vt 0.640853 0.474306
vt 0.720274 0.495423
vt 0.653735 0.482863
vt 0.567814 0.460287
vt 0.603384 0.472249
vt 0.693373 0.494668
vt 0.747972 0.511387
vt 0.681114 0.492338
vt 0.614617 0.474681
vt 0.727055 0.509925
vt 0.669212 0.489918
vt 0.589821 0.476353
vt 0.715898 0.504144
vt 0.642297 0.485296
vt 0.706614 0.504500
vt 0.628159 0.480747
vt 0.569247 0.471436
vt 0.742701 0.522047
vt 0.721274 0.512868
vt 0.711075 0.514433
vt 0.685399 0.506465
vt 0.655022 0.499890
vt 0.617889 0.485614
vt 0.672179 0.502477
vt 0.432157 0.490599
vt 0.429028 0.501905
vt 0.419523 0.488990
vt 0.723103 0.520421
vt 0.718652 0.520504
vt 0.696268 0.510084
vt 0.415011 0.500637
vt 0.410851 0.488035
vt 0.642950 0.499058
vt 0.628455 0.491737
vt 0.601948 0.488442
vt 0.666061 0.496312
vt 0.442721 0.487307
vt 0.458429 0.483777
vt 0.456940 0.497346
vt 0.732210 0.527411
vt 0.712148 0.528985
vt 0.694284 0.523519
vt 0.569390 0.489340
vt 0.442678 0.500426
vt 0.436271 0.507177
vt 0.661698 0.507614
vt 0.586227 0.491950
vt 0.721165 0.531326
vt 0.553696 0.479918
vt 0.611917 0.497458
vt 0.671154 0.514969
vt 0.649728 0.512352
vt 0.423371 0.515192
vt 0.625777 0.506722
vt 0.443355 0.511826
vt 0.432934 0.516557
vt 0.703425 0.538503
vt 0.556525 0.492881
vt 0.546640 0.489884
vt 0.460519 0.511543
vt 0.742690 0.542488
vt 0.480369 0.507027
vt 0.735718 0.539555
vt 0.680842 0.524893
vt 0.635299 0.513609
vt 0.508862 0.502939
vt 0.496553 0.492918
vt 0.514483 0.488594
vt 0.658844 0.523512
vt 0.602989 0.505732
vt 0.712786 0.547208
vt 0.667443 0.529137
vt 0.592860 0.505773
vt 0.577572 0.501841
vt 0.524118 0.494703
vt 0.724952 0.545695
vt 0.614811 0.511826
vt 0.565921 0.502917
vt 0.444235 0.524005
vt 0.493965 0.512115
vt 0.688986 0.540229
vt 0.677500 0.539399
vt 0.525233 0.504395
vt 0.646964 0.528625
vt 0.536264 0.498811
vt 0.432855 0.531380
vt 0.735984 0.554336
vt 0.551744 0.507219
vt 0.624164 0.520997
vt 0.631484 0.528033
vt 0.584278 0.520708
vt 0.463633 0.527851
vt 0.532449 0.513692
vt 0.485338 0.525182
vt 0.714218 0.561600
vt 0.614840 0.524580
vt 0.513714 0.516348
vt 0.722358 0.563898
vt 0.601991 0.522203
vt 0.698745 0.555457
vt 0.660910 0.538961
vt 0.573604 0.518224
vt 0.654344 0.544209
vt 0.546268 0.521870
vt 0.455563 0.539241
vt 0.622286 0.536001
vt 0.501056 0.527975
vt 0.707997 0.562912
vt 0.667736 0.548317
vt 0.562891 0.521274
vt 0.474476 0.538946
vt 0.687480 0.556439
vt 0.595890 0.529529
vt 0.447779 0.541569
vt 0.673120 0.559554
vt 0.529011 0.525749
vt 0.734985 0.568709
vt 0.633513 0.546718
vt 0.510162 0.529094
vt 0.523214 0.534534
vt 0.715289 0.572850
vt 0.612220 0.540821
vt 0.695736 0.571921
vt 0.659335 0.557491
vt 0.501025 0.542941
vt 0.725018 0.575273
vt 0.643821 0.550376
vt 0.590834 0.533049
vt 0.708877 0.575666
vt 0.581275 0.530621
vt 0.599384 0.537780
vt 0.570958 0.531224
vt 0.467239 0.553110
vt 0.552238 0.531755
vt 0.455016 0.551533
vt 0.650858 0.557697
vt 0.621544 0.550627
vt 0.483980 0.548927
vt 0.734874 0.581187
vt 0.681932 0.570919
vt 0.538574 0.540938
vt 0.584538 0.538758
vt 0.563979 0.537878
vt 0.514531 0.545196
vt 0.428675 0.551549
vt 0.431757 0.548048
vt 0.432669 0.555639
vt 0.713738 0.583010
vt 0.640986 0.560896
vt 0.440674 0.545705
vt 0.728154 0.585830
vt 0.445253 0.556892
vt 0.459020 0.561246
vt 0.658212 0.573367
vt 0.611138 0.562715
vt 0.703220 0.589023
vt 0.598436 0.550257
vt 0.552295 0.546807
vt 0.495808 0.559552
vt 0.441383 0.564231
vt 0.428336 0.559309
vt 0.684263 0.590057
vt 0.628022 0.563056
vt 0.585325 0.551016
vt 0.572956 0.544984
vt 0.532877 0.548953
vt 0.431622 0.567525
vt 0.479269 0.567135
vt 0.452838 0.568307
vt 0.735915 0.591066
vt 0.713646 0.594396
vt 0.508753 0.557070
vt 0.725625 0.598170
vt 0.437724 0.570803
vt 0.560995 0.550573
vt 0.644989 0.576472
vt 0.632395 0.571420
vt 0.524726 0.554339
vt 0.467605 0.569666
vt 0.516551 0.560117
vt 0.445768 0.576448
vt 0.542913 0.555837
vt 0.717263 0.602643
vt 0.534752 0.562372
vt 0.438405 0.581365
vt 0.592367 0.564580
vt 0.507854 0.567537
vt 0.731123 0.607757
vt 0.658884 0.588862
vt 0.567636 0.560483
vt 0.526129 0.563569
vt 0.463408 0.581906
vt 0.432703 0.583132
vt 0.718397 0.611489
vt 0.704879 0.605240
vt 0.617976 0.580112
vt 0.428609 0.583834
vt 0.491147 0.580495
vt 0.452154 0.585404
vt 0.579028 0.564050
vt 0.475773 0.579141
vt 0.722736 0.618878
vt 0.634923 0.582850
vt 0.555022 0.559981
vt 0.651002 0.586260
vt 0.520220 0.571668
vt 0.545014 0.566636
vt 0.711580 0.613580
vt 0.671028 0.598962
vt 0.508216 0.576951
vt 0.443252 0.589152
vt 0.691185 0.607895
vt 0.641296 0.589187
vt 0.603807 0.574741
vt 0.589915 0.574594
vt 0.479091 0.590454
vt 0.649902 0.597275
vt 0.528440 0.577784
vt 0.714597 0.624016
vt 0.556119 0.572377
vt 0.434932 0.598171
vt 0.729687 0.624107
vt 0.599176 0.581540
vt 0.573128 0.576478
vt 0.463176 0.590933
vt 0.445181 0.596899
vt 0.540970 0.577921
vt 0.635197 0.597271
vt 0.698383 0.624888
vt 0.689135 0.619018
vt 0.605801 0.584230
vt 0.513104 0.587145
vt 0.501651 0.590224
vt 0.429068 0.596088
vt 0.674471 0.613367
vt 0.455331 0.599807
vt 0.656379 0.607877
vt 0.461070 0.598423
vt 0.623969 0.599791
vt 0.487322 0.602340
vt 0.470309 0.599513
vt 0.642894 0.602682
vt 0.708732 0.631338
vt 0.609414 0.594898
vt 0.465037 0.606168
vt 0.598855 0.589503
vt 0.587065 0.586563
vt 0.441122 0.610945
vt 0.431310 0.605445
vt 0.555173 0.583986
vt 0.521797 0.593656
vt 0.718297 0.634627
vt 0.713458 0.635204
vt 0.664416 0.622065
vt 0.533223 0.591925
vt 0.462403 0.613135
vt 0.511488 0.605537
vt 0.726500 0.643550
vt 0.543757 0.592261
vt 0.568167 0.588481
vt 0.502561 0.601026
vt 0.475320 0.611730
vt 0.455563 0.618763
vt 0.675752 0.623984
vt 0.634627 0.612712
vt 0.497144 0.611084
vt 0.579863 0.594749
vt 0.431562 0.622037
vt 0.706962 0.641861
vt 0.700084 0.636934
vt 0.558212 0.594639
vt 0.685674 0.633812
vt 0.592737 0.599779
vt 0.652763 0.625007
vt 0.644117 0.617022
vt 0.611677 0.610662
vt 0.530975 0.606399
vt 0.714085 0.643546
vt 0.468433 0.624723
vt 0.448359 0.627960
vt 0.669535 0.634990
vt 0.694022 0.643935
vt 0.570151 0.606235
vt 0.486847 0.623413
vt 0.435646 0.627781
vt 0.709891 0.656150
vt 0.590053 0.610250
vt 0.631345 0.623613
vt 0.549286 0.609129
vt 0.680815 0.644601
vt 0.722672 0.657098
vt 0.517904 0.617466
vt 0.701853 0.651830
vt 0.642434 0.631850
vt 0.610364 0.626319
vt 0.507687 0.625222
vt 0.728256 0.658845
vt 0.653017 0.635676
vt 0.687649 0.652109
vt 0.561590 0.621782
vt 0.432515 0.636427
vt 0.476808 0.633985
vt 0.632987 0.635442
vt 0.531341 0.620580
vt 0.460025 0.635969
vt 0.594431 0.623866
vt 0.492950 0.634514
vt 0.441492 0.641502
vt 0.701195 0.662807
vt 0.693459 0.660321
vt 0.576639 0.624406
vt 0.657410 0.652179
vt 0.645881 0.642164
vt 0.716037 0.672192
vt 0.620674 0.635098
vt 0.707156 0.668577
vt 0.672040 0.654102
vt 0.467031 0.641610
vt 0.453529 0.644762
vt 0.682204 0.661660
vt 0.550090 0.628060
vt 0.723727 0.673736
vt 0.530346 0.632414
vt 0.625396 0.642393
vt 0.637152 0.645067
vt 0.460640 0.646663
vt 0.436569 0.651071
vt 0.431509 0.650190
vt 0.602345 0.639720
vt 0.484023 0.648111
vt 0.646205 0.657317
vt 0.450713 0.654927
vt 0.693036 0.669604
vt 0.612874 0.646185
vt 0.499869 0.646846
vt 0.469006 0.654272
vt 0.702250 0.681714
vt 0.664647 0.665416
vt 0.627605 0.653118
vt 0.515477 0.642721
vt 0.620590 0.650034
vt 0.541845 0.638104
vt 0.587594 0.647248
vt 0.633205 0.658112
vt 0.461896 0.658252
vt 0.558293 0.639884
vt 0.690278 0.683456
vt 0.675107 0.672157
vt 0.533062 0.653557
vt 0.444747 0.663944
vt 0.720935 0.691680
vt 0.477788 0.662051
vt 0.548969 0.648739
vt 0.435045 0.668349
vt 0.572537 0.644585
vt 0.709632 0.690610
vt 0.619742 0.664786
vt 0.599138 0.652793
vt 0.636925 0.668349
vt 0.609005 0.658127
vt 0.492878 0.665645
vt 0.456344 0.670664
vt 0.567334 0.657390
vt 0.518622 0.660752
vt 0.700690 0.698657
vt 0.664387 0.679448
vt 0.670196 0.688295
vt 0.648444 0.678913
vt 0.467698 0.670683
vt 0.677373 0.697588
vt 0.547739 0.661178
vt 0.442329 0.680326
vt 0.589534 0.665181
vt 0.461456 0.683986
vt 0.607036 0.670311
vt 0.453274 0.683839
vt 0.659154 0.688652
vt 0.508206 0.671995
vt 0.474638 0.675764
vt 0.688758 0.699820
vt 0.709324 0.706485
vt 0.532686 0.666292
vt 0.497666 0.677761
vt 0.435058 0.680818
vt 0.560407 0.672149
vt 0.627995 0.681366
vt 0.578221 0.674346
vt 0.437333 0.684095
vt 0.470013 0.686349
vt 0.717706 0.711556
vt 0.523056 0.678145
vt 0.456514 0.693600
vt 0.651502 0.694447
vt 0.538657 0.679329
vt 0.485852 0.682486
vt 0.442641 0.690921
vt 0.696032 0.710205
vt 0.436542 0.689125
vt 0.449099 0.694192
vt 0.678938 0.709348
vt 0.661817 0.701256
vt 0.596804 0.682477
vt 0.637597 0.690278
vt 0.667751 0.709060
vt 0.707509 0.718613
vt 0.509731 0.688055
vt 0.480434 0.694048
vt 0.458659 0.701030
vt 0.689788 0.721500
vt 0.621627 0.689977
vt 0.570553 0.694458
vt 0.469611 0.698832
vt 0.670071 0.720905
vt 0.492935 0.693676
vt 0.581714 0.689362
vt 0.555601 0.688021
vt 0.437108 0.698655
vt 0.654954 0.707458
vt 0.521376 0.690465
vt 0.678896 0.725455
vt 0.642238 0.702632
vt 0.601665 0.693798
vt 0.538098 0.694830
vt 0.491443 0.702775
vt 0.454601 0.713350
vt 0.463032 0.708775
vt 0.443182 0.708522
vt 0.624983 0.701456
vt 0.585984 0.701852
vt 0.510629 0.700322
vt 0.699048 0.737995
vt 0.714713 0.732587
vt 0.475860 0.712385
vt 0.463318 0.722756
vt 0.603161 0.707485
vt 0.559348 0.702124
vt 0.526431 0.706706
vt 0.684763 0.738222
vt 0.652342 0.718127
vt 0.676043 0.735868
vt 0.544500 0.704406
vt 0.506536 0.714100
vt 0.487353 0.720300
vt 0.483173 0.729540
vt 0.474902 0.726226
vt 0.632198 0.715504
vt 0.575023 0.711413
vt 0.558058 0.709762
vt 0.473430 0.733492
vt 0.457334 0.727459
vt 0.591456 0.717911
vt 0.464873 0.729021
vt 0.660920 0.739585
vt 0.547978 0.715140
vt 0.528953 0.719842
vt 0.507834 0.732168
vt 0.479991 0.747908
vt 0.626209 0.736235
vt 0.610733 0.726449
vt 0.464303 0.734510
vt 0.672215 0.749205
vt 0.565620 0.721921
vt 0.553533 0.720027
vt 0.492204 0.734805
vt 0.649338 0.732321
vt 0.584291 0.730774
vt 0.473739 0.741373
vt 0.690394 0.752647
vt 0.443221 0.720902
vt 0.681769 0.762616
vt 0.702759 0.748972
vt 0.544487 0.727266
vt 0.485109 0.752985
vt 0.467246 0.752035
vt 0.476484 0.762238
vt 0.464218 0.741634
vt 0.455182 0.736037
vt 0.594556 0.742355
vt 0.562592 0.737913
vt 0.538998 0.741198
vt 0.499733 0.745112
vt 0.460106 0.755329
vt 0.458062 0.746015
vt 0.455970 0.752810
vt 0.711311 0.749670
vt 0.633965 0.743388
vt 0.573851 0.745965
vt 0.447202 0.730247
vt 0.647205 0.752685
vt 0.461075 0.762912
vt 0.696308 0.762737
vt 0.669503 0.767192
vt 0.601327 0.765304
vt 0.449946 0.741131
vt 0.443691 0.732628
vt 0.657284 0.763199
vt 0.708663 0.758271
vt 0.508873 0.755774
vt 0.579308 0.760024
vt 0.526626 0.748962
vt 0.492561 0.759667
vt 0.698102 0.773311
vt 0.675657 0.776402
vt 0.557770 0.759281
vt 0.687109 0.775110
vt 0.628691 0.761261
vt 0.469432 0.776152
vt 0.714834 0.757317
vt 0.538911 0.764153
vt 0.710362 0.764828
vt 0.686154 0.782150
vt 0.521575 0.762357
vt 0.706599 0.773326
vt 0.485952 0.771533
vt 0.478353 0.769214
vt 0.618198 0.773774
vt 0.639374 0.773100
vt 0.478580 0.776190
vt 0.700301 0.779216
vt 0.653589 0.778089
vt 0.570841 0.773196
vt 0.503843 0.771198
vt 0.662636 0.781335
vt 0.669184 0.787600
vt 0.461990 0.781041
vt 0.706794 0.782607
vt 0.702027 0.785209
vt 0.552907 0.774480
vt 0.695407 0.789152
vt 0.526390 0.774220
vt 0.503655 0.780274
vt 0.456417 0.778285
vt 0.587247 0.780465
vt 0.605691 0.784200
vt 0.547296 0.780162
vt 0.488112 0.779402
vt 0.636435 0.784916
vt 0.520749 0.780056
vt 0.623377 0.786724
vt 0.571427 0.782371
vt 0.649696 0.787971
vt 0.475239 0.785133
vt 0.686076 0.798299
vt 0.587669 0.786272
vt 0.540005 0.785424
vt 0.560201 0.790621
vt 0.704323 0.794024
vt 0.655194 0.794241
vt 0.574089 0.790436
vt 0.617693 0.798060
vt 0.636761 0.792257
vt 0.596297 0.796397
vt 0.522104 0.790943
vt 0.497615 0.794544
vt 0.483804 0.792989
vt 0.699118 0.801231
vt 0.645290 0.806969
vt 0.464421 0.792735
vt 0.669540 0.802930
vt 0.706043 0.809767
vt 0.544301 0.796501
vt 0.458881 0.797117
vt 0.567362 0.803913
vt 0.512507 0.801022
vt 0.476414 0.799120
vt 0.687631 0.814755
vt 0.533652 0.805966
vt 0.594970 0.813965
vt 0.700105 0.814434
vt 0.668197 0.816542
vt 0.491968 0.812293
vt 0.626853 0.816786
vt 0.462697 0.807402
vt 0.504234 0.817859
vt 0.547575 0.813709
vt 0.564184 0.815700
vt 0.455307 0.808011
vt 0.475315 0.816096
vt 0.703763 0.827086
vt 0.692430 0.832997
vt 0.709042 0.827007
vt 0.538287 0.825325
vt 0.648973 0.823165
vt 0.571051 0.824506
vt 0.461373 0.819622
vt 0.484740 0.823964
vt 0.453539 0.815385
vt 0.631244 0.827180
vt 0.589979 0.831355
vt 0.604766 0.826686
vt 0.674680 0.830238
vt 0.654463 0.834332
vt 0.511086 0.831557
vt 0.466132 0.832668
vt 0.703299 0.840206
vt 0.610535 0.838768
vt 0.575305 0.840665
vt 0.557385 0.841988
vt 0.709238 0.839749
vt 0.527855 0.834971
vt 0.452938 0.831169
vt 0.673733 0.842784
vt 0.630488 0.838614
vt 0.541098 0.837534
vt 0.690342 0.846990
vt 0.492866 0.835915
vt 0.455882 0.839039
vt 0.652201 0.846931
vt 0.481445 0.841947
vt 0.627539 0.851270
vt 0.588686 0.852959
vt 0.451436 0.842636
vt 0.711494 0.851191
vt 0.466630 0.846180
vt 0.706540 0.849876
vt 0.508366 0.846235
vt 0.700496 0.857215
vt 0.540934 0.852648
vt 0.680507 0.857799
vt 0.494779 0.846411
vt 0.524033 0.850597
vt 0.655392 0.857375
vt 0.608905 0.859326
vt 0.455134 0.849555
vt 0.475345 0.853271
vt 0.622747 0.860464
vt 0.571319 0.858081
vt 0.493637 0.859778
vt 0.550777 0.860401
vt 0.464822 0.855838
vt 0.450037 0.853065
vt 0.532194 0.859126
vt 0.506498 0.856390
vt 0.662748 0.864064
vt 0.639456 0.866094
vt 0.592310 0.866491
vt 0.518897 0.864005
vt 0.607861 0.869212
vt 0.568902 0.866203
vt 0.852990 0.493877
vt 0.842302 0.495138
vt 0.856053 0.497771
vt 0.864122 0.495534
vt 0.872379 0.504210
vt 0.887112 0.500677
vt 0.890618 0.511419
vt 0.874582 0.513576
vt 0.884088 0.522147
vt 0.895931 0.507697
vt 0.903451 0.522917
vt 0.902173 0.502660
vt 0.902939 0.499349
vt 0.907686 0.515427
vt 0.910126 0.506103
vt 0.914152 0.502667
vt 0.888999 0.470409
vt 0.880896 0.463147
vt 0.871990 0.468546
vt 0.691577 0.970898
vt 0.686680 0.961314
vt 0.691864 0.954904
vt 0.702284 0.958968
vt 0.688515 0.946445
vt 0.695878 0.937519
vt 0.715544 0.940646
vt 0.715073 0.956108
vt 0.733212 0.952104
vt 0.705563 0.929283
vt 0.736468 0.933148
vt 0.907179 0.944341
vt 0.882355 0.955119
vt 0.891032 0.938371
vt 0.754369 0.942988
vt 0.864687 0.932243
vt 0.858591 0.957317
vt 0.793229 0.954410
vt 0.775519 0.945978
vt 0.786436 0.934095
vt 0.697426 0.922997
vt 0.973381 0.933821
vt 0.965249 0.934424
vt 0.971152 0.917868
vt 0.850893 0.945341
vt 0.834359 0.950199
vt 0.812612 0.948342
vt 0.826016 0.936271
vt 0.941813 0.949946
vt 0.932677 0.925392
vt 0.952250 0.936095
vt 0.805670 0.936704
vt 0.717372 0.922642
vt 0.954339 0.918390
vt 0.842453 0.934913
vt 0.772958 0.928906
vt 0.758144 0.926898
vt 0.705115 0.911509
vt 0.923022 0.936872
vt 0.918659 0.924052
vt 0.905177 0.921370
vt 0.737055 0.913018
vt 0.967896 0.907085
vt 0.850250 0.924566
vt 0.789481 0.920819
vt 0.696985 0.911700
vt 0.814283 0.922701
vt 0.878135 0.920313
vt 0.831209 0.918833
vt 0.701271 0.900295
vt 0.976455 0.905314
vt 0.719455 0.907064
vt 0.957824 0.900241
vt 0.944175 0.907427
vt 0.761656 0.913791
vt 0.976075 0.892229
vt 0.925624 0.909527
vt 0.862416 0.914973
vt 0.707660 0.894924
vt 0.965704 0.890440
vt 0.754268 0.896851
vt 0.798987 0.908372
vt 0.953784 0.888486
vt 0.910396 0.908162
vt 0.893073 0.908506
vt 0.842978 0.906776
vt 0.720148 0.894963
vt 0.815405 0.911218
vt 0.782473 0.902716
vt 0.741057 0.889695
vt 0.703575 0.885115
vt 0.874027 0.906088
vt 0.943506 0.891803
vt 0.974996 0.881473
vt 0.826875 0.905684
vt 0.965645 0.875313
vt 0.936455 0.903683
vt 0.927102 0.895825
vt 0.860676 0.899151
vt 0.725990 0.884123
vt 0.711794 0.884190
vt 0.773331 0.891811
vt 0.977570 0.865015
vt 0.906488 0.896320
vt 0.714233 0.871549
vt 0.884185 0.893517
vt 0.705631 0.865926
vt 0.812211 0.892664
vt 0.955987 0.864876
vt 0.947001 0.878081
vt 0.933284 0.883529
vt 0.849196 0.889487
vt 0.830318 0.891473
vt 0.790918 0.887765
vt 0.729563 0.865940
vt 0.712000 0.853691
vt 0.969572 0.859895
vt 0.917057 0.885976
vt 0.755251 0.883415
vt 0.741419 0.872139
vt 0.901616 0.884148
vt 0.944346 0.869279
vt 0.922002 0.878821
vt 0.931545 0.874810
vt 0.974950 0.847851
vt 0.980195 0.848734
vt 0.913337 0.877304
vt 0.869747 0.883406
vt 0.922016 0.872519
vt 0.962706 0.849513
vt 0.768577 0.879571
vt 0.725214 0.856838
vt 0.838239 0.876946
vt 0.760313 0.871100
vt 0.951006 0.852947
vt 0.892496 0.872023
vt 0.801961 0.879809
vt 0.784306 0.874008
vt 0.932504 0.863885
vt 0.824016 0.878004
vt 0.717141 0.848688
vt 0.977606 0.834461
vt 0.964412 0.833610
vt 0.942809 0.851409
vt 0.857131 0.871927
vt 0.912943 0.860598
vt 0.755384 0.854647
vt 0.737712 0.854689
vt 0.725248 0.839846
vt 0.733616 0.844140
vt 0.780604 0.860274
vt 0.775574 0.857441
vt 0.781592 0.855485
vt 0.775592 0.862621
vt 0.718311 0.836544
vt 0.812694 0.866883
vt 0.785377 0.864027
vt 0.714117 0.831815
vt 0.777431 0.854417
vt 0.776226 0.867377
vt 0.951288 0.833499
vt 0.873589 0.862070
vt 0.784538 0.858729
vt 0.767628 0.862148
vt 0.934734 0.845145
vt 0.786899 0.855353
vt 0.768432 0.852485
vt 0.982623 0.820453
vt 0.975210 0.821605
vt 0.796971 0.864848
vt 0.778042 0.850456
vt 0.726799 0.821305
vt 0.718464 0.824507
vt 0.965371 0.814347
vt 0.750662 0.839270
vt 0.981369 0.811193
vt 0.941347 0.838916
vt 0.793564 0.856667
vt 0.786413 0.849782
vt 0.715505 0.816425
vt 0.951842 0.822998
vt 0.972517 0.803547
vt 0.882192 0.855506
vt 0.923975 0.843740
vt 0.828848 0.865032
vt 0.776836 0.846692
vt 0.767303 0.842442
vt 0.740284 0.827974
vt 0.720921 0.812553
vt 0.838300 0.860975
vt 0.807135 0.856927
vt 0.979876 0.794116
vt 0.903094 0.847452
vt 0.857069 0.853320
vt 0.984566 0.793582
vt 0.984583 0.805653
vt 0.936877 0.832697
vt 0.928527 0.830455
vt 0.920680 0.832632
vt 0.890861 0.847477
vt 0.998959 0.700344
vt 0.996364 0.708351
vt 0.989300 0.704768
vt 0.962551 0.800341
vt 0.911495 0.839078
vt 0.952762 0.810988
vt 0.720788 0.795994
vt 0.820572 0.856029
vt 0.735803 0.804802
vt 0.986790 0.781714
vt 0.806235 0.845078
vt 0.787871 0.845258
vt 0.772051 0.828546
vt 0.726582 0.795263
vt 0.874629 0.849957
vt 0.869140 0.846667
vt 0.778469 0.841348
vt 0.753688 0.827878
vt 0.935994 0.821392
vt 0.827789 0.849916
vt 0.983611 0.775300
vt 0.972109 0.782414
vt 0.913542 0.826304
vt 0.880837 0.847340
vt 0.843284 0.846727
vt 0.892623 0.836774
vt 0.747467 0.812449
vt 0.970290 0.696917
vt 0.974753 0.706365
vt 0.936828 0.809300
vt 0.923003 0.819165
vt 0.791174 0.834254
vt 0.884545 0.839108
vt 0.759917 0.817404
vt 0.989268 0.714420
vt 0.979309 0.712681
vt 0.945271 0.796489
vt 0.902125 0.821716
vt 0.994752 0.716030
vt 0.961192 0.784778
vt 0.866850 0.831039
vt 0.720685 0.779640
vt 0.724990 0.783113
vt 0.981351 0.765003
vt 0.987538 0.764926
vt 0.877730 0.836596
vt 0.969782 0.769405
vt 0.849180 0.836570
vt 0.724716 0.768567
vt 0.737242 0.779653
vt 0.986789 0.752267
vt 0.884571 0.824758
vt 0.810243 0.833589
vt 0.744948 0.796072
vt 0.735550 0.682049
vt 0.739816 0.677581
vt 0.750875 0.682539
vt 0.986874 0.724326
vt 0.976988 0.750639
vt 0.920663 0.798683
vt 0.785826 0.818272
vt 0.780674 0.681189
vt 0.768887 0.687190
vt 0.760860 0.678035
vt 0.758362 0.800302
vt 0.746175 0.688217
vt 0.992055 0.730285
vt 0.978602 0.722664
vt 0.832554 0.837533
vt 0.982918 0.736991
vt 0.987946 0.741294
vt 0.958899 0.705370
vt 0.950368 0.695716
vt 0.936349 0.698553
vt 0.945993 0.687037
vt 0.771367 0.807627
vt 0.736323 0.691484
vt 0.734723 0.768300
vt 0.963282 0.755593
vt 0.826932 0.826409
vt 0.969718 0.717451
vt 0.956373 0.771311
vt 0.849441 0.820442
vt 0.803489 0.817926
vt 0.726379 0.756331
vt 0.969165 0.738224
vt 0.932410 0.781220
vt 0.927116 0.690715
vt 0.899357 0.802919
vt 0.887872 0.812765
vt 0.760513 0.693115
vt 0.746605 0.776826
vt 0.756938 0.782550
vt 0.912127 0.691363
vt 0.912304 0.681427
vt 0.743746 0.700023
vt 0.739591 0.748453
vt 0.726868 0.740989
vt 0.731601 0.739137
vt 0.792010 0.803535
vt 0.792835 0.675751
vt 0.806581 0.681753
vt 0.771586 0.790013
vt 0.749550 0.757583
vt 0.733847 0.705625
vt 0.730967 0.722507
vt 0.961051 0.727146
vt 0.834508 0.683221
vt 0.819172 0.675301
vt 0.738177 0.715927
vt 0.883866 0.805113
vt 0.895453 0.687328
vt 0.864540 0.809463
vt 0.740449 0.730356
vt 0.943841 0.762979
vt 0.873729 0.805729
vt 0.838033 0.675314
vt 0.917532 0.777785
vt 0.856505 0.681017
vt 0.811933 0.803540
vt 0.794450 0.688885
vt 0.759824 0.770000
vt 0.953656 0.716432
vt 0.948285 0.746037
vt 0.935295 0.707945
vt 0.898609 0.785536
vt 0.752608 0.721077
vt 0.880204 0.682814
vt 0.858926 0.688794
vt 0.828541 0.815076
vt 0.787544 0.783680
vt 0.778649 0.695754
vt 0.753727 0.740059
vt 0.773658 0.777741
vt 0.769224 0.755299
vt 0.899632 0.770871
vt 0.880591 0.692413
vt 0.825091 0.800222
vt 0.764467 0.710096
vt 0.926143 0.758469
vt 0.803279 0.789876
vt 0.808246 0.697179
vt 0.914935 0.700444
vt 0.889000 0.795958
vt 0.879273 0.798350
vt 0.857008 0.792440
vt 0.840261 0.795922
vt 0.833581 0.692022
vt 0.783062 0.766032
vt 0.882464 0.789412
vt 0.870317 0.792652
vt 0.768462 0.742361
vt 0.939777 0.729211
vt 0.906345 0.757856
vt 0.893231 0.700389
vt 0.868141 0.697909
vt 0.763061 0.729940
vt 0.930286 0.718415
vt 0.880493 0.773567
vt 0.786307 0.704585
vt 0.868020 0.779851
vt 0.803108 0.769056
vt 0.780550 0.719091
vt 0.926818 0.732844
vt 0.817995 0.782922
vt 0.788638 0.751622
vt 0.787691 0.738175
vt 0.908975 0.713202
vt 0.856631 0.707633
vt 0.831886 0.705406
vt 0.913306 0.741388
vt 0.803881 0.715774
vt 0.795095 0.726489
vt 0.890441 0.711850
vt 0.885077 0.758439
vt 0.873052 0.714101
vt 0.846645 0.780239
vt 0.854351 0.768808
vt 0.831300 0.778880
vt 0.817387 0.763906
vt 0.905500 0.723860
vt 0.806165 0.748123
vt 0.895979 0.741031
vt 0.866433 0.755397
vt 0.835836 0.765353
vt 0.829996 0.715438
vt 0.811651 0.735762
vt 0.885980 0.728809
vt 0.833107 0.750756
vt 0.823147 0.726494
vt 0.879437 0.742457
vt 0.846532 0.722335
vt 0.864000 0.731912
vt 0.849110 0.756922
vt 0.856263 0.745612
vt 0.841329 0.737997
s 1
usemtl material_0.001
f 1/1/1 2/2/2 3/3/3
f 1/1/1 3/3/3 4/4/4
f 5/5/5 6/6/6 7/7/7
f 8/8/8 5/5/5 9/9/9
f 5/5/5 7/7/7 9/9/9
f 7/7/7 1/1/1 9/9/9
f 1/1/1 10/10/10 2/2/2
f 9/9/9 1/1/1 4/4/4
f 4/4/4 3/3/3 11/11/11
f 12/12/12 13/13/13 14/14/14
f 12/12/12 14/14/14 6/6/6
f 14/14/14 13/13/13 15/15/15
f 12/12/12 6/6/6 16/16/16
f 14/14/14 15/15/15 10/10/10
f 16/16/16 6/6/6 5/5/5
f 6/6/6 14/14/14 10/10/10
f 6/6/6 10/10/10 7/7/7
f 7/7/7 10/10/10 1/1/1
f 17/17/17 9/9/9 18/18/18
f 9/9/9 4/4/4 18/18/18
f 11/11/11 3/3/3 19/19/19
f 20/20/20 21/21/21 22/22/22
f 22/22/22 21/21/21 23/23/23
f 15/15/15 13/13/13 24/24/24
f 5/5/5 25/25/25 16/16/16
f 26/26/26 10/10/10 15/15/15
f 18/18/18 27/27/27 17/17/17
f 4/4/4 11/11/11 28/28/28
f 25/25/25 5/5/5 8/8/8
f 9/9/9 29/29/29 8/8/8
f 11/11/11 30/30/30 28/28/28
f 31/31/31 32/32/32 33/33/33
f 20/20/20 34/34/34 21/21/21
f 24/24/24 26/26/26 15/15/15
f 2/2/2 10/10/10 35/35/35
f 2/2/2 19/19/19 3/3/3
f 18/18/18 4/4/4 28/28/28
f 11/11/11 19/19/19 30/30/30
f 28/28/28 30/30/30 33/33/33
f 33/33/33 30/30/30 36/36/36
f 37/37/37 32/32/32 31/31/31
f 31/31/31 33/33/33 38/38/38
f 31/31/31 38/38/38 39/39/39
f 40/40/40 34/34/34 20/20/20
f 41/41/41 40/40/40 20/20/20
f 20/20/20 22/22/22 41/41/41
f 10/10/10 26/26/26 42/42/42
f 10/10/10 42/42/42 35/35/35
f 43/43/43 8/8/8 29/29/29
f 30/30/30 19/19/19 44/44/44
f 32/32/32 37/37/37 45/45/45
f 30/30/30 44/44/44 46/46/46
f 36/36/36 30/30/30 46/46/46
f 38/38/38 33/33/33 47/47/47
f 34/34/34 48/48/48 21/21/21
f 48/48/48 23/23/23 21/21/21
f 26/26/26 24/24/24 49/49/49
f 50/50/50 19/19/19 2/2/2
f 45/45/45 33/33/33 32/32/32
f 46/46/46 51/51/51 36/36/36
f 33/33/33 36/36/36 47/47/47
f 38/38/38 47/47/47 40/40/40
f 40/40/40 47/47/47 34/34/34
f 34/34/34 47/47/47 48/48/48
f 48/48/48 52/52/52 23/23/23
f 22/22/22 23/23/23 53/53/53
f 45/45/45 27/27/27 18/18/18
f 28/28/28 45/45/45 18/18/18
f 51/51/51 47/47/47 36/36/36
f 38/38/38 40/40/40 54/54/54
f 51/51/51 52/52/52 47/47/47
f 55/55/55 52/52/52 51/51/51
f 47/47/47 52/52/52 48/48/48
f 54/54/54 40/40/40 41/41/41
f 17/17/17 29/29/29 9/9/9
f 35/35/35 56/56/56 2/2/2
f 33/33/33 45/45/45 28/28/28
f 57/57/57 46/46/46 44/44/44
f 46/46/46 57/57/57 51/51/51
f 57/57/57 55/55/55 51/51/51
f 39/39/39 38/38/38 54/54/54
f 54/54/54 41/41/41 58/58/58
f 22/22/22 58/58/58 41/41/41
f 53/53/53 23/23/23 59/59/59
f 26/26/26 49/49/49 60/60/60
f 42/42/42 26/26/26 61/61/61
f 55/55/55 62/62/62 52/52/52
f 58/58/58 22/22/22 63/63/63
f 53/53/53 63/63/63 22/22/22
f 59/59/59 23/23/23 64/64/64
f 26/26/26 60/60/60 61/61/61
f 52/52/52 62/62/62 65/65/65
f 66/66/66 16/16/16 25/25/25
f 2/2/2 56/56/56 50/50/50
f 67/67/67 45/45/45 37/37/37
f 23/23/23 52/52/52 65/65/65
f 68/68/68 53/53/53 59/59/59
f 19/19/19 50/50/50 69/69/69
f 57/57/57 70/70/70 55/55/55
f 62/62/62 55/55/55 71/71/71
f 65/65/65 62/62/62 72/72/72
f 63/63/63 73/73/73 58/58/58
f 64/64/64 68/68/68 59/59/59
f 42/42/42 74/74/74 35/35/35
f 57/57/57 44/44/44 70/70/70
f 60/60/60 49/49/49 75/75/75
f 76/76/76 60/60/60 75/75/75
f 60/60/60 76/76/76 61/61/61
f 42/42/42 61/61/61 74/74/74
f 19/19/19 69/69/69 44/44/44
f 23/23/23 65/65/65 77/77/77
f 63/63/63 53/53/53 73/73/73
f 71/71/71 72/72/72 62/62/62
f 23/23/23 77/77/77 64/64/64
f 61/61/61 76/76/76 78/78/78
f 55/55/55 70/70/70 71/71/71
f 73/73/73 53/53/53 79/79/79
f 53/53/53 68/68/68 79/79/79
f 75/75/75 49/49/49 80/80/80
f 76/76/76 75/75/75 81/81/81
f 81/81/81 78/78/78 76/76/76
f 44/44/44 82/82/82 83/83/83
f 83/83/83 70/70/70 44/44/44
f 70/70/70 84/84/84 71/71/71
f 71/71/71 85/85/85 72/72/72
f 61/61/61 78/78/78 74/74/74
f 74/74/74 86/86/86 35/35/35
f 35/35/35 86/86/86 56/56/56
f 65/65/65 72/72/72 77/77/77
f 64/64/64 77/77/77 87/87/87
f 64/64/64 87/87/87 68/68/68
f 49/49/49 88/88/88 80/80/80
f 75/75/75 80/80/80 81/81/81
f 79/79/79 68/68/68 89/89/89
f 89/89/89 68/68/68 87/87/87
f 90/90/90 89/89/89 87/87/87
f 70/70/70 83/83/83 84/84/84
f 77/77/77 72/72/72 91/91/91
f 87/87/87 92/92/92 90/90/90
f 82/82/82 44/44/44 69/69/69
f 84/84/84 85/85/85 71/71/71
f 87/87/87 77/77/77 91/91/91
f 50/50/50 93/93/93 69/69/69
f 84/84/84 83/83/83 94/94/94
f 72/72/72 85/85/85 91/91/91
f 95/95/95 96/96/96 97/97/97
f 74/74/74 78/78/78 98/98/98
f 86/86/86 74/74/74 98/98/98
f 56/56/56 99/99/99 50/50/50
f 85/85/85 84/84/84 100/100/100
f 87/87/87 91/91/91 92/92/92
f 91/91/91 101/101/101 92/92/92
f 95/95/95 102/102/102 103/103/103
f 50/50/50 99/99/99 93/93/93
f 93/93/93 104/104/104 69/69/69
f 69/69/69 105/105/105 82/82/82
f 101/101/101 103/103/103 92/92/92
f 106/106/106 95/95/95 103/103/103
f 95/95/95 106/106/106 96/96/96
f 78/78/78 81/81/81 107/107/107
f 78/78/78 107/107/107 98/98/98
f 86/86/86 98/98/98 108/108/108
f 103/103/103 101/101/101 106/106/106
f 92/92/92 103/103/103 102/102/102
f 81/81/81 80/80/80 109/109/109
f 81/81/81 109/109/109 107/107/107
f 56/56/56 86/86/86 99/99/99
f 94/94/94 83/83/83 82/82/82
f 101/101/101 91/91/91 110/110/110
f 101/101/101 110/110/110 106/106/106
f 111/111/111 96/96/96 106/106/106
f 85/85/85 110/110/110 91/91/91
f 112/112/112 69/69/69 104/104/104
f 111/111/111 113/113/113 96/96/96
f 97/97/97 96/96/96 114/114/114
f 98/98/98 107/107/107 108/108/108
f 112/112/112 105/105/105 69/69/69
f 82/82/82 105/105/105 115/115/115
f 82/82/82 115/115/115 116/116/116
f 116/116/116 117/117/117 82/82/82
f 100/100/100 84/84/84 94/94/94
f 110/110/110 111/111/111 106/106/106
f 105/105/105 118/118/118 115/115/115
f 117/117/117 94/94/94 82/82/82
f 113/113/113 114/114/114 96/96/96
f 109/109/109 119/119/119 107/107/107
f 107/107/107 119/119/119 120/120/120
f 108/108/108 120/120/120 86/86/86
f 121/121/121 94/94/94 117/117/117
f 85/85/85 100/100/100 110/110/110
f 120/120/120 108/108/108 107/107/107
f 93/93/93 99/99/99 122/122/122
f 123/123/123 99/99/99 86/86/86
f 112/112/112 118/118/118 105/105/105
f 94/94/94 121/121/121 124/124/124
f 86/86/86 120/120/120 123/123/123
f 93/93/93 122/122/122 104/104/104
f 124/124/124 100/100/100 94/94/94
f 100/100/100 125/125/125 110/110/110
f 110/110/110 126/126/126 111/111/111
f 123/123/123 122/122/122 99/99/99
f 112/112/112 127/127/127 118/118/118
f 110/110/110 125/125/125 126/126/126
f 126/126/126 113/113/113 111/111/111
f 123/123/123 128/128/128 122/122/122
f 112/112/112 104/104/104 127/127/127
f 118/118/118 129/129/129 130/130/130
f 100/100/100 124/124/124 125/125/125
f 120/120/120 131/131/131 123/123/123
f 131/131/131 128/128/128 123/123/123
f 104/104/104 132/132/132 127/127/127
f 118/118/118 127/127/127 129/129/129
f 122/122/122 132/132/132 104/104/104
f 129/129/129 127/127/127 132/132/132
f 126/126/126 133/133/133 113/113/113
f 113/113/113 133/133/133 114/114/114
f 131/131/131 120/120/120 119/119/119
f 132/132/132 122/122/122 128/128/128
f 134/134/134 114/114/114 133/133/133
f 114/114/114 134/134/134 135/135/135
f 125/125/125 133/133/133 126/126/126
f 136/136/136 137/137/13 138/138/137
f 139/139/138 138/138/137 140/140/16
f 141/141/139 142/142/140 143/143/141
f 137/137/13 143/143/141 142/142/140
f 137/137/13 136/136/136 143/143/141
f 138/138/137 139/139/138 136/136/136
f 144/144/142 141/141/139 143/143/141
f 145/145/66 139/139/138 140/140/16
f 146/146/143 141/141/139 144/144/142
f 147/147/144 143/143/141 136/136/136
f 145/145/66 148/148/145 139/139/138
f 139/139/138 147/147/144 136/136/136
f 149/149/80 146/146/143 150/150/146
f 148/148/145 147/147/144 139/139/138
f 151/151/147 144/144/142 143/143/141
f 147/147/144 151/151/147 143/143/141
f 146/146/143 144/144/142 152/152/148
f 152/152/148 150/150/146 146/146/143
f 148/148/145 153/153/149 147/147/144
f 150/150/146 152/152/148 154/154/150
f 147/147/144 155/155/151 151/151/147
f 156/156/152 152/152/148 144/144/142
f 151/151/147 157/157/153 144/144/142
f 151/151/147 155/155/151 157/157/153
f 148/148/145 158/158/154 153/153/149
f 159/159/155 152/152/148 156/156/152
f 152/152/148 159/159/155 154/154/150
f 160/160/156 158/158/154 148/148/145
f 161/161/157 147/147/144 153/153/149
f 155/155/151 147/147/144 162/162/158
f 155/155/151 162/162/158 157/157/153
f 147/147/144 161/161/157 162/162/158
f 156/156/152 163/163/159 159/159/155
f 153/153/149 158/158/154 164/164/160
f 156/156/152 144/144/142 163/163/159
f 161/161/157 153/153/149 165/165/161
f 162/162/158 166/166/162 157/157/153
f 157/157/153 167/167/163 144/144/142
f 167/167/163 168/168/164 144/144/142
f 161/161/157 165/165/161 162/162/158
f 163/163/159 169/169/165 159/159/155
f 164/164/160 170/170/166 153/153/149
f 163/163/159 144/144/142 168/168/164
f 162/162/158 165/165/161 166/166/162
f 168/168/164 169/169/165 163/163/159
f 167/167/163 171/171/167 168/168/164
f 168/168/164 171/171/167 169/169/165
f 153/153/149 170/170/166 172/172/168
f 153/153/149 172/172/168 165/165/161
f 167/167/163 157/157/153 166/166/162
f 171/171/167 173/173/169 169/169/165
f 166/166/162 174/174/170 167/167/163
f 167/167/163 174/174/170 171/171/167
f 171/171/167 174/174/170 173/173/169
f 173/173/169 175/175/171 176/176/172
f 166/166/162 177/177/173 174/174/170
f 165/165/161 172/172/168 178/178/174
f 170/170/166 179/179/175 172/172/168
f 165/165/161 180/180/176 166/166/162
f 174/174/170 177/177/173 173/173/169
f 172/172/168 179/179/175 181/181/177
f 177/177/173 182/182/178 173/173/169
f 166/166/162 180/180/176 183/183/179
f 180/180/176 165/165/161 178/178/174
f 173/173/169 184/184/180 175/175/171
f 166/166/162 183/183/179 177/177/173
f 181/181/177 185/185/181 172/172/168
f 177/177/173 183/183/179 182/182/178
f 179/179/175 186/186/182 181/181/177
f 187/187/183 178/178/174 172/172/168
f 182/182/178 184/184/180 173/173/169
f 185/185/181 187/187/183 172/172/168
f 186/186/182 188/188/184 181/181/177
f 181/181/177 188/188/184 185/185/181
f 184/184/180 182/182/178 189/189/185
f 185/185/181 188/188/184 187/187/183
f 180/180/176 190/190/186 183/183/179
f 189/189/185 182/182/178 191/191/187
f 178/178/174 187/187/183 180/180/176
f 183/183/179 192/192/188 182/182/178
f 182/182/178 192/192/188 191/191/187
f 188/188/184 186/186/182 193/193/189
f 187/187/183 188/188/184 193/193/189
f 193/193/189 194/194/190 187/187/183
f 187/187/183 195/195/191 180/180/176
f 190/190/186 192/192/188 183/183/179
f 180/180/176 196/196/192 190/190/186
f 189/189/185 191/191/187 197/197/193
f 186/186/182 198/198/194 193/193/189
f 196/196/192 199/199/195 190/190/186
f 190/190/186 200/200/196 192/192/188
f 192/192/188 201/201/197 191/191/187
f 197/197/193 191/191/187 201/201/197
f 195/195/191 196/196/192 180/180/176
f 187/187/183 194/194/190 195/195/191
f 190/190/186 199/199/195 200/200/196
f 202/202/198 192/192/188 200/200/196
f 199/199/195 203/203/199 200/200/196
f 196/196/192 195/195/191 199/199/195
f 192/192/188 202/202/198 201/201/197
f 204/204/200 197/197/193 201/201/197
f 194/194/190 193/193/189 205/205/201
f 195/195/191 194/194/190 206/206/202
f 203/203/199 207/207/203 200/200/196
f 202/202/198 200/200/196 207/207/203
f 202/202/198 208/208/204 201/201/197
f 209/209/205 204/204/200 201/201/197
f 199/199/195 210/210/206 203/203/199
f 198/198/194 211/211/207 193/193/189
f 209/209/205 201/201/197 208/208/204
f 193/193/189 212/212/208 205/205/201
f 195/195/191 210/210/206 199/199/195
f 207/207/203 203/203/199 213/213/209
f 203/203/199 210/210/206 213/213/209
f 193/193/189 211/211/207 212/212/208
f 214/214/210 195/195/191 206/206/202
f 206/206/202 194/194/190 214/214/210
f 210/210/206 215/215/211 213/213/209
f 202/202/198 207/207/203 208/208/204
f 195/195/191 214/214/210 210/210/206
f 213/213/209 216/216/212 207/207/203
f 194/194/190 205/205/201 217/217/213
f 207/207/203 216/216/212 208/208/204
f 194/194/190 217/217/213 214/214/210
f 211/211/207 218/218/214 212/212/208
f 208/208/204 219/219/215 209/209/205
f 220/220/216 209/209/205 219/219/215
f 212/212/208 221/221/217 205/205/201
f 213/213/209 222/222/218 216/216/212
f 205/205/201 221/221/217 217/217/213
f 208/208/204 216/216/212 222/222/218
f 213/213/209 215/215/211 222/222/218
f 212/212/208 223/223/219 221/221/217
f 210/210/206 214/214/210 215/215/211
f 214/214/210 224/224/220 215/215/211
f 224/224/220 222/222/218 215/215/211
f 221/221/217 223/223/219 217/217/213
f 223/223/219 225/225/221 217/217/213
f 226/226/222 220/220/216 219/219/215
f 223/223/219 227/227/223 225/225/221
f 214/214/210 217/217/213 224/224/220
f 222/222/218 224/224/220 228/228/224
f 222/222/218 228/228/224 208/208/204
f 208/208/204 229/229/225 219/219/215
f 217/217/213 225/225/221 230/230/226
f 219/219/215 229/229/225 226/226/222
f 225/225/221 231/231/227 230/230/226
f 208/208/204 232/232/228 229/229/225
f 231/231/227 225/225/221 227/227/223
f 232/232/228 208/208/204 228/228/224
f 217/217/213 233/233/229 224/224/220
f 217/217/213 230/230/226 233/233/229
f 226/226/222 229/229/225 234/234/230
f 235/235/231 231/231/227 227/227/223
f 224/224/220 236/236/232 228/228/224
f 231/231/227 237/237/233 230/230/226
f 232/232/228 238/238/234 229/229/225
f 231/231/227 235/235/231 237/237/233
f 239/239/235 232/232/228 228/228/224
f 236/236/232 224/224/220 240/240/236
f 232/232/228 239/239/235 238/238/234
f 235/235/231 241/241/237 237/237/233
f 230/230/226 242/242/238 233/233/229
f 229/229/225 238/238/234 234/234/230
f 233/233/229 243/243/239 224/224/220
f 237/237/233 242/242/238 230/230/226
f 234/234/230 238/238/234 244/244/240
f 240/240/236 245/245/241 236/236/232
f 236/236/232 245/245/241 228/228/224
f 224/224/220 243/243/239 240/240/236
f 228/228/224 245/245/241 239/239/235
f 233/233/229 246/246/242 243/243/239
f 241/241/237 247/247/243 237/237/233
f 237/237/233 247/247/243 242/242/238
f 239/239/235 248/248/244 238/238/234
f 239/239/235 245/245/241 249/249/245
f 238/238/234 250/250/246 244/244/240
f 251/251/247 244/244/240 252/252/248
f 242/242/238 253/253/249 233/233/229
f 239/239/235 249/249/245 248/248/244
f 233/233/229 253/253/249 246/246/242
f 250/250/246 238/238/234 248/248/244
f 240/240/236 243/243/239 254/254/250
f 240/240/236 254/254/250 245/245/241
f 252/252/248 244/244/240 250/250/246
f 247/247/243 253/253/249 242/242/238
f 246/246/242 255/255/251 243/243/239
f 243/243/239 256/256/252 254/254/250
f 253/253/249 257/257/253 246/246/242
f 249/249/245 245/245/241 258/258/254
f 249/249/245 259/259/255 248/248/244
f 250/250/246 248/248/244 260/260/256
f 261/261/257 254/254/250 256/256/252
f 245/245/241 254/254/250 258/258/254
f 246/246/242 257/257/253 255/255/251
f 252/252/248 250/250/246 262/262/258
f 249/249/245 258/258/254 259/259/255
f 243/243/239 255/255/251 256/256/252
f 248/248/244 259/259/255 260/260/256
f 258/258/254 254/254/250 261/261/257
f 263/263/259 253/253/249 247/247/243
f 250/250/246 260/260/256 262/262/258
f 256/256/252 264/264/260 261/261/257
f 256/256/252 255/255/251 265/265/261
f 253/253/249 266/266/262 257/257/253
f 247/247/243 267/267/263 268/268/264
f 260/260/256 259/259/255 269/269/265
f 255/255/251 257/257/253 270/270/266
f 258/258/254 269/269/265 259/259/255
f 261/261/257 271/271/267 258/258/254
f 272/272/268 262/262/258 260/260/256
f 273/273/269 253/253/249 263/263/259
f 263/263/259 247/247/243 274/274/270
f 253/253/249 273/273/269 266/266/262
f 260/260/256 275/275/271 276/276/272
f 260/260/256 276/276/272 272/272/268
f 256/256/252 265/265/261 264/264/260
f 269/269/265 275/275/271 260/260/256
f 268/268/264 274/274/270 247/247/243
f 257/257/253 266/266/262 270/270/266
f 258/258/254 271/271/267 277/277/273
f 255/255/251 278/278/274 265/265/261
f 277/277/273 269/269/265 258/258/254
f 255/255/251 270/270/266 278/278/274
f 264/264/260 265/265/261 279/279/275
f 273/273/269 263/263/259 274/274/270
f 261/261/257 264/264/260 271/271/267
f 275/275/271 269/269/265 280/280/276
f 266/266/262 273/273/269 281/281/277
f 266/266/262 281/281/277 270/270/266
f 279/279/275 265/265/261 278/278/274
f 279/279/275 282/282/278 264/264/260
f 283/283/279 274/274/270 268/268/264
f 264/264/260 282/282/278 271/271/267
f 280/280/276 269/269/265 277/277/273
f 275/275/271 280/280/276 276/276/272
f 281/281/277 273/273/269 274/274/270
f 284/284/280 276/276/272 280/280/276
f 281/281/277 274/274/270 283/283/279
f 277/277/273 271/271/267 285/285/281
f 279/279/275 286/286/282 282/282/278
f 277/277/273 285/285/281 280/280/276
f 276/276/272 287/287/283 272/272/268
f 288/288/284 272/272/268 287/287/283
f 279/279/275 278/278/274 289/289/285
f 282/282/278 290/290/286 271/271/267
f 287/287/283 276/276/272 284/284/280
f 286/286/282 279/279/275 289/289/285
f 270/270/266 291/291/287 278/278/274
f 281/281/277 292/292/288 270/270/266
f 282/282/278 286/286/282 293/293/289
f 270/270/266 292/292/288 291/291/287
f 293/293/289 290/290/286 282/282/278
f 288/288/284 287/287/283 294/294/290
f 278/278/274 291/291/287 289/289/285
f 271/271/267 290/290/286 285/285/281
f 280/280/276 285/285/281 295/295/291
f 284/284/280 280/280/276 295/295/291
f 296/296/292 281/281/277 283/283/279
f 281/281/277 296/296/292 292/292/288
f 284/284/280 297/297/293 287/287/283
f 285/285/281 298/298/294 295/295/291
f 297/297/293 294/294/290 287/287/283
f 286/286/282 289/289/285 299/299/295
f 296/296/292 283/283/279 300/300/296
f 301/301/297 285/285/281 290/290/286
f 302/302/298 291/291/287 292/292/288
f 303/303/299 289/289/285 291/291/287
f 290/290/286 293/293/289 301/301/297
f 295/295/291 304/304/300 284/284/280
f 293/293/289 286/286/282 305/305/301
f 294/294/290 297/297/293 306/306/302
f 285/285/281 301/301/297 298/298/294
f 284/284/280 304/304/300 297/297/293
f 295/295/291 298/298/294 304/304/300
f 286/286/282 299/299/295 305/305/301
f 302/302/298 292/292/288 296/296/292
f 299/299/295 289/289/285 303/303/299
f 296/296/292 300/300/296 307/307/303
f 296/296/292 307/307/303 302/302/298
f 291/291/287 302/302/298 303/303/299
f 302/302/298 308/308/304 303/303/299
f 309/309/305 294/294/290 306/306/302
f 306/306/302 297/297/293 310/310/306
f 304/304/300 311/311/307 297/297/293
f 307/307/303 300/300/296 312/312/308
f 293/293/289 313/313/309 301/301/297
f 301/301/297 314/314/310 298/298/294
f 310/310/306 309/309/305 306/306/302
f 303/303/299 315/315/311 299/299/295
f 304/304/300 298/298/294 316/316/312
f 293/293/289 305/305/301 313/313/309
f 308/308/304 302/302/298 307/307/303
f 311/311/307 304/304/300 316/316/312
f 308/308/304 315/315/311 303/303/299
f 314/314/310 316/316/312 298/298/294
f 299/299/295 317/317/313 305/305/301
f 308/308/304 307/307/303 318/318/314
f 311/311/307 310/310/306 297/297/293
f 309/309/305 310/310/306 319/319/315
f 308/308/304 320/320/316 315/315/311
f 313/313/309 314/314/310 301/301/297
f 305/305/301 317/317/313 321/321/317
f 318/318/314 307/307/303 312/312/308
f 314/314/310 322/322/318 316/316/312
f 305/305/301 321/321/317 313/313/309
f 314/314/310 313/313/309 322/322/318
f 315/315/311 317/317/313 299/299/295
f 323/323/319 319/319/315 310/310/306
f 308/308/304 318/318/314 320/320/316
f 311/311/307 324/324/320 310/310/306
f 312/312/308 325/325/321 318/318/314
f 322/322/318 313/313/309 326/326/322
f 327/327/323 317/317/313 315/315/311
f 326/326/322 313/313/309 321/321/317
f 315/315/311 320/320/316 327/327/323
f 328/328/324 323/323/319 310/310/306
f 329/329/325 316/316/312 322/322/318
f 317/317/313 330/330/326 321/321/317
f 316/316/312 329/329/325 311/311/307
f 310/310/306 324/324/320 328/328/324
f 322/322/318 326/326/322 331/331/327
f 318/318/314 325/325/321 332/332/328
f 330/330/326 317/317/313 327/327/323
f 318/318/314 332/332/328 320/320/316
f 331/331/327 329/329/325 322/322/318
f 320/320/316 332/332/328 333/333/329
f 330/330/326 326/326/322 321/321/317
f 320/320/316 333/333/329 327/327/323
f 325/325/321 334/334/330 332/332/328
f 335/335/331 330/330/326 327/327/323
f 330/330/326 336/336/332 326/326/322
f 311/311/307 329/329/325 337/337/333
f 311/311/307 337/337/333 324/324/320
f 328/328/324 324/324/320 338/338/334
f 336/336/332 339/339/335 326/326/322
f 331/331/327 326/326/322 340/340/336
f 341/341/337 332/332/328 334/334/330
f 327/327/323 333/333/329 335/335/331
f 333/333/329 332/332/328 341/341/337
f 342/342/338 337/337/333 329/329/325
f 330/330/326 335/335/331 336/336/332
f 339/339/335 340/340/336 326/326/322
f 328/328/324 338/338/334 343/343/339
f 342/342/338 329/329/325 344/344/340
f 340/340/336 344/344/340 331/331/327
f 331/331/327 344/344/340 329/329/325
f 333/333/329 345/345/341 335/335/331
f 341/341/337 346/346/342 333/333/329
f 347/347/343 338/338/334 324/324/320
f 339/339/335 348/348/344 340/340/336
f 336/336/332 349/349/345 339/339/335
f 338/338/334 347/347/343 350/350/346
f 343/343/339 338/338/334 350/350/346
f 348/348/344 339/339/335 349/349/345
f 336/336/332 335/335/331 345/345/341
f 351/351/347 324/324/320 337/337/333
f 352/352/348 343/343/339 350/350/346
f 342/342/338 351/351/347 337/337/333
f 336/336/332 345/345/341 349/349/345
f 340/340/336 348/348/344 344/344/340
f 350/350/346 353/353/349 352/352/348
f 354/354/350 344/344/340 348/348/344
f 350/350/346 347/347/343 353/353/349
f 324/324/320 355/355/351 347/347/343
f 324/324/320 351/351/347 355/355/351
f 345/345/341 333/333/329 356/356/352
f 342/342/338 357/357/353 351/351/347
f 333/333/329 346/346/342 356/356/352
f 344/344/340 354/354/350 342/342/338
f 348/348/344 349/349/345 358/358/354
f 358/358/354 354/354/350 348/348/344
f 347/347/343 355/355/351 359/359/355
f 356/356/352 360/360/356 345/345/341
f 345/345/341 361/361/357 349/349/345
f 360/360/356 361/361/357 345/345/341
f 352/352/348 353/353/349 362/362/358
f 363/363/359 356/356/352 346/346/342
f 347/347/343 364/364/360 353/353/349
f 355/355/351 351/351/347 357/357/353
f 342/342/338 354/354/350 357/357/353
f 359/359/355 364/364/360 347/347/343
f 349/349/345 361/361/357 358/358/354
f 364/364/360 365/365/361 353/353/349
f 356/356/352 363/363/359 366/366/362
f 358/358/354 367/367/363 354/354/350
f 368/368/364 359/359/355 355/355/351
f 353/353/349 365/365/361 362/362/358
f 364/364/360 359/359/355 369/369/365
f 368/368/364 355/355/351 357/357/353
f 356/356/352 366/366/362 360/360/356
f 357/357/353 354/354/350 370/370/366
f 364/364/360 371/371/367 365/365/361
f 367/367/363 370/370/366 354/354/350
f 359/359/355 368/368/364 369/369/365
f 358/358/354 372/372/368 367/367/363
f 358/358/354 361/361/357 372/372/368
f 365/365/361 373/373/369 362/362/358
f 357/357/353 374/374/370 368/368/364
f 365/365/361 375/375/371 373/373/369
f 364/364/360 376/376/372 371/371/367
f 365/365/361 371/371/367 375/375/371
f 366/366/362 377/377/373 360/360/356
f 367/367/363 378/378/374 379/379/375
f 360/360/356 380/380/376 361/361/357
f 367/367/363 372/372/368 378/378/374
f 367/367/363 379/379/375 370/370/366
f 360/360/356 377/377/373 380/380/376
f 364/364/360 369/369/365 376/376/372
f 368/368/364 381/381/377 369/369/365
f 370/370/366 382/382/378 357/357/353
f 361/361/357 380/380/376 372/372/368
f 383/383/379 368/368/364 374/374/370
f 357/357/353 382/382/378 374/374/370
f 384/384/380 377/377/373 366/366/362
f 375/375/371 385/385/381 373/373/369
f 382/382/378 370/370/366 386/386/382
f 370/370/366 379/379/375 386/386/382
f 371/371/367 387/387/383 375/375/371
f 383/383/379 374/374/370 382/382/378
f 371/371/367 376/376/372 387/387/383
f 383/383/379 381/381/377 368/368/364
f 376/376/372 369/369/365 381/381/377
f 380/380/376 388/388/384 372/372/368
f 372/372/368 388/388/384 378/378/374
f 375/375/371 387/387/383 385/385/381
f 382/382/378 389/389/385 383/383/379
f 386/386/382 390/390/386 382/382/378
f 391/391/387 373/373/369 385/385/381
f 377/377/373 392/392/388 380/380/376
f 379/379/375 393/393/389 386/386/382
f 383/383/379 394/394/390 381/381/377
f 378/378/374 388/388/384 379/379/375
f 387/387/383 376/376/372 395/395/391
f 389/389/385 394/394/390 383/383/379
f 388/388/384 393/393/389 379/379/375
f 389/389/385 382/382/378 390/390/386
f 381/381/377 394/394/390 376/376/372
f 386/386/382 393/393/389 390/390/386
f 391/391/387 385/385/381 396/396/392
f 397/397/393 391/391/387 396/396/392
f 377/377/373 384/384/380 398/398/394
f 394/394/390 399/399/395 376/376/372
f 385/385/381 400/400/396 396/396/392
f 399/399/395 395/395/391 376/376/372
f 377/377/373 401/401/397 392/392/388
f 398/398/394 401/401/397 377/377/373
f 388/388/384 380/380/376 402/402/398
f 402/402/398 393/393/389 388/388/384
f 387/387/383 403/403/399 385/385/381
f 385/385/381 403/403/399 400/400/396
f 392/392/388 401/401/397 380/380/376
f 400/400/396 404/404/400 396/396/392
f 397/397/393 396/396/392 404/404/400
f 390/390/386 393/393/389 405/405/401
f 399/399/395 406/406/402 395/395/391
f 394/394/390 406/406/402 399/399/395
f 389/389/385 390/390/386 407/407/403
f 403/403/399 387/387/383 395/395/391
f 408/408/404 397/397/393 404/404/400
f 406/406/402 394/394/390 389/389/385
f 409/409/405 380/380/376 401/401/397
f 402/402/398 410/410/406 393/393/389
f 389/389/385 407/407/403 406/406/402
f 380/380/376 409/409/405 402/402/398
f 411/411/407 408/408/404 404/404/400
f 407/407/403 390/390/386 405/405/401
f 401/401/397 412/412/408 409/409/405
f 395/395/391 413/413/409 403/403/399
f 410/410/406 405/405/401 393/393/389
f 400/400/396 414/414/410 404/404/400
f 402/402/398 409/409/405 410/410/406
f 404/404/400 414/414/410 411/411/407
f 406/406/402 413/413/409 395/395/391
f 403/403/399 415/415/411 400/400/396
f 400/400/396 415/415/411 414/414/410
f 406/406/402 407/407/403 416/416/412
f 403/403/399 417/417/413 415/415/411
f 418/418/414 408/408/404 411/411/407
f 410/410/406 419/419/415 405/405/401
f 417/417/413 403/403/399 413/413/409
f 420/420/416 411/411/407 414/414/410
f 406/406/402 421/421/417 413/413/409
f 410/410/406 409/409/405 422/422/418
f 407/407/403 405/405/401 416/416/412
f 411/411/407 423/423/419 418/418/414
f 424/424/420 409/409/405 412/412/408
f 406/406/402 416/416/412 421/421/417
f 414/414/410 415/415/411 420/420/416
f 405/405/401 425/425/421 416/416/412
f 422/422/418 409/409/405 424/424/420
f 410/410/406 422/422/418 426/426/422
f 413/413/409 427/427/423 417/417/413
f 415/415/411 417/417/413 428/428/424
f 405/405/401 419/419/415 425/425/421
f 428/428/424 429/429/425 415/415/411
f 430/430/426 418/418/414 423/423/419
f 418/418/414 430/430/426 431/431/427
f 424/424/420 432/432/428 422/422/418
f 410/410/406 426/426/422 419/419/415
f 423/423/419 411/411/407 433/433/429
f 411/411/407 420/420/416 433/433/429
f 430/430/426 423/423/419 434/434/430
f 430/430/426 435/435/431 431/431/427
f 420/420/416 415/415/411 429/429/425
f 427/427/423 413/413/409 421/421/417
f 416/416/412 425/425/421 436/436/432
f 426/426/422 437/437/433 419/419/415
f 438/438/434 421/421/417 416/416/412
f 428/428/424 417/417/413 427/427/423
f 422/422/418 432/432/428 426/426/422
f 423/423/419 433/433/429 434/434/430
f 430/430/426 434/434/430 435/435/431
f 419/419/415 437/437/433 425/425/421
f 438/438/434 416/416/412 436/436/432
f 420/420/416 439/439/435 433/433/429
f 440/440/436 441/441/437 435/435/431
f 440/440/436 442/442/438 441/441/437
f 443/443/439 442/442/438 440/440/436
f 442/442/438 443/443/439 444/444/440
f 440/440/436 435/435/431 445/445/441
f 426/426/422 432/432/428 446/446/442
f 421/421/417 438/438/434 447/447/443
f 429/429/425 428/428/424 448/448/444
f 426/426/422 446/446/442 437/437/433
f 449/449/445 425/425/421 437/437/433
f 421/421/417 447/447/443 427/427/423
f 429/429/425 439/439/435 420/420/416
f 428/428/424 427/427/423 448/448/444
f 425/425/421 449/449/445 436/436/432
f 434/434/430 445/445/441 435/435/431
f 450/450/446 427/427/423 447/447/443
f 448/448/444 439/439/435 429/429/425
f 434/434/430 451/451/447 445/445/441
f 427/427/423 450/450/446 448/448/444
f 439/439/435 452/452/448 433/433/429
f 453/453/449 444/444/440 443/443/439
f 446/446/442 454/454/450 437/437/433
f 445/445/441 455/455/451 440/440/436
f 433/433/429 451/451/447 434/434/430
f 444/444/440 453/453/449 456/456/452
f 454/454/450 449/449/445 437/437/433
f 447/447/443 438/438/434 457/457/453
f 436/436/432 458/458/454 438/438/434
f 449/449/445 459/459/455 436/436/432
f 445/445/441 451/451/447 455/455/451
f 443/443/439 460/460/456 453/453/449
f 436/436/432 459/459/455 458/458/454
f 454/454/450 446/446/442 461/461/457
f 448/448/444 462/462/458 439/439/435
f 447/447/443 463/463/459 450/450/446
f 433/433/429 452/452/448 451/451/447
f 464/464/460 443/443/439 440/440/436
f 440/440/436 455/455/451 464/464/460
f 447/447/443 457/457/453 463/463/459
f 464/464/460 460/460/456 443/443/439
f 450/450/446 465/465/461 448/448/444
f 466/466/462 452/452/448 439/439/435
f 467/467/463 456/456/452 453/453/449
f 459/459/455 468/468/464 458/458/454
f 455/455/451 451/451/447 469/469/465
f 439/439/435 462/462/458 466/466/462
f 438/438/434 458/458/454 457/457/453
f 453/453/449 460/460/456 470/470/466
f 453/453/449 470/470/466 467/467/463
f 454/454/450 461/461/457 471/471/467
f 454/454/450 471/471/467 449/449/445
f 464/464/460 472/472/468 460/460/456
f 468/468/464 459/459/455 449/449/445
f 455/455/451 469/469/465 464/464/460
f 448/448/444 465/465/461 462/462/458
f 450/450/446 463/463/459 465/465/461
f 452/452/448 473/473/469 451/451/447
f 468/468/464 449/449/445 471/471/467
f 466/466/462 474/474/470 452/452/448
f 451/451/447 473/473/469 469/469/465
f 469/469/465 472/472/468 464/464/460
f 462/462/458 465/465/461 475/475/471
f 472/472/468 476/476/472 460/460/456
f 452/452/448 474/474/470 473/473/469
f 458/458/454 477/477/473 457/457/453
f 478/478/474 468/468/464 471/471/467
f 458/458/454 468/468/464 477/477/473
f 463/463/459 479/479/475 465/465/461
f 480/480/476 472/472/468 481/481/477
f 473/473/469 482/482/478 469/469/465
f 466/466/462 462/462/458 475/475/471
f 469/469/465 481/481/477 472/472/468
f 460/460/456 476/476/472 470/470/466
f 463/463/459 457/457/453 479/479/475
f 472/472/468 480/480/476 476/476/472
f 457/457/453 477/477/473 483/483/479
f 476/476/472 484/484/480 470/470/466
f 469/469/465 482/482/478 485/485/481
f 469/469/465 485/485/481 481/481/477
f 470/470/466 484/484/480 467/467/463
f 466/466/462 475/475/471 474/474/470
f 468/468/464 478/478/474 477/477/473
f 457/457/453 483/483/479 479/479/475
f 465/465/461 486/486/482 475/475/471
f 484/484/480 487/487/483 467/467/463
f 488/488/484 480/480/476 481/481/477
f 479/479/475 486/486/482 465/465/461
f 478/478/474 489/489/485 477/477/473
f 474/474/470 490/490/486 473/473/469
f 491/491/487 476/476/472 480/480/476
f 491/491/487 480/480/476 488/488/484
f 484/484/480 476/476/472 492/492/488
f 493/493/489 489/489/485 478/478/474
f 490/490/486 482/482/478 473/473/469
f 475/475/471 494/494/490 474/474/470
f 495/495/491 489/489/485 493/493/489
f 481/481/477 485/485/481 488/488/484
f 491/491/487 488/488/484 496/496/492
f 492/492/488 476/476/472 497/497/493
f 497/497/493 476/476/472 491/491/487
f 477/477/473 489/489/485 495/495/491
f 475/475/471 486/486/482 494/494/490
f 477/477/473 495/495/491 483/483/479
f 474/474/470 494/494/490 490/490/486
f 484/484/480 492/492/488 487/487/483
f 485/485/481 498/498/494 488/488/484
f 479/479/475 483/483/479 499/499/495
f 491/491/487 496/496/492 500/500/496
f 488/488/484 498/498/494 496/496/492
f 486/486/482 501/501/497 494/494/490
f 490/490/486 502/502/498 482/482/478
f 500/500/496 496/496/492 498/498/494
f 497/497/493 491/491/487 500/500/496
f 503/503/499 483/483/479 495/495/491
f 479/479/475 504/504/500 486/486/482
f 485/485/481 505/505/501 498/498/494
f 482/482/478 502/502/498 485/485/481
f 494/494/490 506/506/502 490/490/486
f 486/486/482 504/504/500 501/501/497
f 490/490/486 506/506/502 502/502/498
f 502/502/498 505/505/501 485/485/481
f 497/497/493 500/500/496 507/507/503
f 479/479/475 499/499/495 504/504/500
f 500/500/496 508/508/504 507/507/503
f 508/508/504 500/500/496 498/498/494
f 483/483/479 503/503/499 499/499/495
f 487/487/483 492/492/488 509/509/505
f 505/505/501 508/508/504 498/498/494
f 503/503/499 510/510/506 499/499/495
f 503/503/499 511/511/507 510/510/506
f 499/499/495 510/510/506 504/504/500
f 505/505/501 512/512/508 508/508/504
f 513/513/509 492/492/488 497/497/493
f 494/494/490 514/514/510 506/506/502
f 506/506/502 514/514/510 502/502/498
f 515/515/511 504/504/500 510/510/506
f 515/515/511 510/510/506 511/511/507
f 507/507/503 508/508/504 512/512/508
f 513/513/509 509/509/505 492/492/488
f 504/504/500 515/515/511 501/501/497
f 497/497/493 507/507/503 513/513/509
f 516/516/512 509/509/505 513/513/509
f 494/494/490 501/501/497 517/517/513
f 494/494/490 517/517/513 514/514/510
f 501/501/497 515/515/511 518/518/514
f 512/512/508 519/519/515 507/507/503
f 502/502/498 520/520/516 505/505/501
f 521/521/517 522/522/518 516/516/512
f 518/518/514 515/515/511 523/523/519
f 514/514/510 520/520/516 502/502/498
f 520/520/516 524/524/520 505/505/501
f 505/505/501 524/524/520 512/512/508
f 519/519/515 513/513/509 507/507/503
f 513/513/509 519/519/515 516/516/512
f 521/521/517 516/516/512 525/525/521
f 501/501/497 518/518/514 517/517/513
f 517/517/513 526/526/522 514/514/510
f 517/517/513 518/518/514 527/527/523
f 512/512/508 524/524/520 519/519/515
f 528/528/524 518/518/514 523/523/519
f 527/527/523 526/526/522 517/517/513
f 516/516/512 519/519/515 529/529/525
f 516/516/512 529/529/525 525/525/521
f 514/514/510 526/526/522 530/530/526
f 514/514/510 531/531/527 520/520/516
f 519/519/515 524/524/520 532/532/528
f 533/533/529 530/530/526 526/526/522
f 524/524/520 520/520/516 532/532/528
f 532/532/528 529/529/525 519/519/515
f 514/514/510 530/530/526 531/531/527
f 531/531/527 530/530/526 534/534/530
f 520/520/516 531/531/527 532/532/528
f 534/534/530 535/535/531 531/531/527
f 532/532/528 531/531/527 535/535/531
f 536/536/532 537/537/25 538/538/533
f 539/539/534 540/540/535 541/541/536
f 542/542/537 543/543/17 544/544/538
f 539/539/534 541/541/536 545/545/539
f 536/536/532 538/538/533 546/546/540
f 547/547/541 548/548/27 549/549/542
f 544/544/538 543/543/17 548/548/27
f 550/550/543 545/545/539 551/551/54
f 540/540/535 539/539/534 552/552/544
f 553/553/545 554/554/73 555/555/546
f 556/556/66 537/537/25 536/536/532
f 546/546/540 542/542/537 557/557/547
f 539/539/534 545/545/539 550/550/543
f 542/542/537 544/544/538 557/557/547
f 544/544/538 548/548/27 558/558/548
f 559/559/549 536/536/532 546/546/540
f 553/553/545 560/560/550 551/551/54
f 560/560/550 553/553/545 555/555/546
f 546/546/540 557/557/547 559/559/549
f 548/548/27 547/547/541 558/558/548
f 547/547/541 540/540/535 552/552/544
f 561/561/551 539/539/534 550/550/543
f 550/550/543 551/551/54 562/562/552
f 552/552/544 539/539/534 561/561/551
f 544/544/538 558/558/548 563/563/553
f 556/556/66 536/536/532 564/564/145
f 561/561/551 550/550/543 562/562/552
f 551/551/54 560/560/550 562/562/552
f 554/554/73 565/565/554 555/555/546
f 566/566/555 544/544/538 563/563/553
f 560/560/550 555/555/546 567/567/556
f 558/558/548 547/547/541 568/568/557
f 565/565/554 554/554/73 569/569/558
f 536/536/532 570/570/559 564/564/145
f 570/570/559 536/536/532 559/559/549
f 566/566/555 557/557/547 544/544/538
f 555/555/546 565/565/554 567/567/556
f 547/547/541 552/552/544 568/568/557
f 561/561/551 571/571/560 552/552/544
f 572/572/561 565/565/554 569/569/558
f 558/558/548 568/568/557 563/563/553
f 572/572/561 567/567/556 565/565/554
f 572/572/561 569/569/558 573/573/562
f 574/574/563 559/559/549 557/557/547
f 571/571/560 561/561/551 562/562/552
f 557/557/547 566/566/555 574/574/563
f 567/567/556 562/562/552 560/560/550
f 574/574/563 575/575/564 559/559/549
f 575/575/564 570/570/559 559/559/549
f 571/571/560 562/562/552 576/576/565
f 568/568/557 552/552/544 571/571/560
f 568/568/557 577/577/566 563/563/553
f 578/578/567 562/562/552 567/567/556
f 579/579/568 567/567/556 572/572/561
f 580/580/569 568/568/557 571/571/560
f 566/566/555 563/563/553 581/581/570
f 579/579/568 578/578/567 567/567/556
f 582/582/571 570/570/559 575/575/564
f 570/570/559 583/583/572 584/584/573
f 580/580/569 577/577/566 568/568/557
f 581/581/570 563/563/553 577/577/566
f 582/582/571 583/583/572 570/570/559
f 585/585/574 562/562/552 578/578/567
f 579/579/568 572/572/561 586/586/575
f 586/586/575 572/572/561 573/573/562
f 587/587/576 574/574/563 566/566/555
f 562/562/552 585/585/574 576/576/565
f 587/587/576 566/566/555 581/581/570
f 580/580/569 571/571/560 588/588/577
f 589/589/578 574/574/563 587/587/576
f 575/575/564 574/574/563 589/589/578
f 571/571/560 576/576/565 588/588/577
f 577/577/566 580/580/569 590/590/579
f 578/578/567 579/579/568 591/591/580
f 579/579/568 586/586/575 592/592/581
f 593/593/166 583/583/572 582/582/571
f 581/581/570 589/589/578 587/587/576
f 576/576/565 585/585/574 594/594/582
f 590/590/579 580/580/569 588/588/577
f 585/585/574 578/578/567 591/591/580
f 582/582/571 575/575/564 595/595/583
f 588/588/577 576/576/565 596/596/584
f 590/590/579 588/588/577 596/596/584
f 575/575/564 589/589/578 595/595/583
f 597/597/585 589/589/578 581/581/570
f 585/585/574 591/591/580 598/598/586
f 596/596/584 576/576/565 594/594/582
f 599/599/587 582/582/571 595/595/583
f 582/582/571 599/599/587 593/593/166
f 597/597/585 581/581/570 577/577/566
f 585/585/574 598/598/586 594/594/582
f 579/579/568 592/592/581 600/600/588
f 595/595/583 589/589/578 601/601/589
f 590/590/579 596/596/584 602/602/590
f 603/603/591 591/591/580 579/579/568
f 603/603/591 598/598/586 591/591/580
f 579/579/568 600/600/588 603/603/591
f 597/597/585 577/577/566 604/604/592
f 577/577/566 590/590/579 605/605/593
f 604/604/592 577/577/566 605/605/593
f 597/597/585 606/606/594 589/589/578
f 590/590/579 607/607/595 605/605/593
f 603/603/591 600/600/588 608/608/596
f 590/590/579 602/602/590 607/607/595
f 609/609/597 595/595/583 601/601/589
f 601/601/589 589/589/578 606/606/594
f 596/596/584 594/594/582 610/610/598
f 599/599/587 595/595/583 609/609/597
f 594/594/582 598/598/586 603/603/591
f 597/597/585 604/604/592 611/611/599
f 606/606/594 597/597/585 611/611/599
f 593/593/166 599/599/587 612/612/600
f 610/610/598 602/602/590 596/596/584
f 604/604/592 605/605/593 613/613/601
f 612/612/600 599/599/587 609/609/597
f 614/614/602 601/601/589 606/606/594
f 605/605/593 607/607/595 602/602/590
f 604/604/592 613/613/601 611/611/599
f 601/601/589 614/614/602 609/609/597
f 610/610/598 615/615/603 602/602/590
f 608/608/596 600/600/588 616/616/604
f 594/594/582 603/603/591 617/617/605
f 612/612/600 609/609/597 618/618/606
f 606/606/594 611/611/599 619/619/607
f 620/620/608 603/603/591 608/608/596
f 621/621/609 602/602/590 615/615/603
f 602/602/590 621/621/609 605/605/593
f 619/619/607 611/611/599 622/622/610
f 609/609/597 614/614/602 623/623/611
f 608/608/596 616/616/604 624/624/612
f 611/611/599 613/613/601 622/622/610
f 610/610/598 594/594/582 625/625/613
f 605/605/593 621/621/609 613/613/601
f 615/615/603 610/610/598 625/625/613
f 617/617/605 603/603/591 620/620/608
f 625/625/613 594/594/582 617/617/605
f 619/619/607 614/614/602 606/606/594
f 609/609/597 623/623/611 626/626/614
f 626/626/614 618/618/606 609/609/597
f 620/620/608 608/608/596 627/627/615
f 608/608/596 624/624/612 627/627/615
f 628/628/616 615/615/603 625/625/613
f 614/614/602 619/619/607 629/629/617
f 627/627/615 624/624/612 630/630/618
f 625/625/613 617/617/605 631/631/619
f 629/629/617 619/619/607 622/622/610
f 632/632/620 614/614/602 629/629/617
f 632/632/620 623/623/611 614/614/602
f 622/622/610 613/613/601 621/621/609
f 627/627/615 617/617/605 620/620/608
f 633/633/621 621/621/609 615/615/603
f 628/628/616 633/633/621 615/615/603
f 634/634/622 622/622/610 621/621/609
f 625/625/613 631/631/619 628/628/616
f 635/635/623 623/623/611 632/632/620
f 626/626/614 623/623/611 635/635/623
f 636/636/624 633/633/621 628/628/616
f 634/634/622 637/637/625 622/622/610
f 638/638/626 617/617/605 627/627/615
f 630/630/618 639/639/627 627/627/615
f 629/629/617 635/635/623 632/632/620
f 629/629/617 622/622/610 640/640/628
f 641/641/629 622/622/610 637/637/625
f 628/628/616 631/631/619 636/636/624
f 631/631/619 617/617/605 636/636/624
f 642/642/630 635/635/623 629/629/617
f 622/622/610 641/641/629 640/640/628
f 641/641/629 637/637/625 634/634/622
f 639/639/627 643/643/631 627/627/615
f 621/621/609 644/644/632 634/634/622
f 636/636/624 617/617/605 645/645/633
f 646/646/634 621/621/609 633/633/621
f 638/638/626 645/645/633 617/617/605
f 643/643/631 638/638/626 627/627/615
f 647/647/194 618/618/606 626/626/614
f 641/641/629 634/634/622 644/644/632
f 633/633/621 636/636/624 646/646/634
f 626/626/614 648/648/635 647/647/194
f 640/640/628 642/642/630 629/629/617
f 640/640/628 641/641/629 644/644/632
f 626/626/614 635/635/623 649/649/636
f 621/621/609 646/646/634 650/650/637
f 650/650/637 644/644/632 621/621/609
f 651/651/638 646/646/634 636/636/624
f 652/652/639 635/635/623 642/642/630
f 653/653/640 638/638/626 643/643/631
f 649/649/636 635/635/623 652/652/639
f 648/648/635 626/626/614 654/654/641
f 650/650/637 646/646/634 651/651/638
f 640/640/628 644/644/632 655/655/642
f 650/650/637 655/655/642 644/644/632
f 656/656/643 642/642/630 640/640/628
f 654/654/641 626/626/614 649/649/636
f 650/650/637 657/657/644 655/655/642
f 643/643/631 639/639/627 658/658/645
f 642/642/630 656/656/643 652/652/639
f 657/657/644 650/650/637 651/651/638
f 647/647/194 648/648/635 659/659/646
f 649/649/636 652/652/639 660/660/647
f 659/659/646 661/661/648 647/647/194
f 640/640/628 655/655/642 656/656/643
f 643/643/631 658/658/645 653/653/640
f 636/636/624 645/645/633 662/662/649
f 660/660/647 654/654/641 649/649/636
f 656/656/643 655/655/642 663/663/650
f 660/660/647 652/652/639 664/664/651
f 655/655/642 665/665/652 663/663/650
f 645/645/633 638/638/626 666/666/653
f 664/664/651 652/652/639 656/656/643
f 655/655/642 657/657/644 665/665/652
f 638/638/626 653/653/640 666/666/653
f 645/645/633 666/666/653 667/667/654
f 653/653/640 658/658/645 668/668/655
f 648/648/635 654/654/641 659/659/646
f 669/669/656 651/651/638 636/636/624
f 664/664/651 656/656/643 663/663/650
f 645/645/633 667/667/654 662/662/649
f 657/657/644 651/651/638 670/670/657
f 636/636/624 662/662/649 669/669/656
f 659/659/646 671/671/214 661/661/648
f 665/665/652 657/657/644 670/670/657
f 659/659/646 654/654/641 671/671/214
f 672/672/658 665/665/652 670/670/657
f 666/666/653 653/653/640 667/667/654
f 672/672/658 663/663/650 665/665/652
f 651/651/638 669/669/656 670/670/657
f 671/671/214 654/654/641 673/673/659
f 664/664/651 674/674/660 660/660/647
f 664/664/651 663/663/650 675/675/661
f 676/676/662 671/671/214 677/677/663
f 663/663/650 672/672/658 675/675/661
f 653/653/640 668/668/655 678/678/664
f 654/654/641 660/660/647 673/673/659
f 674/674/660 664/664/651 675/675/661
f 672/672/658 670/670/657 679/679/665
f 679/679/665 670/670/657 669/669/656
f 653/653/640 678/678/664 667/667/654
f 669/669/656 662/662/649 680/680/666
f 662/662/649 681/681/667 680/680/666
f 672/672/658 679/679/665 682/682/668
f 669/669/656 683/683/669 679/679/665
f 683/683/669 669/669/656 680/680/666
f 681/681/667 662/662/649 667/667/654
f 675/675/661 672/672/658 682/682/668
f 674/674/660 675/675/661 684/684/670
f 677/677/663 671/671/214 685/685/223
f 685/685/223 671/671/214 673/673/659
f 674/674/660 684/684/670 686/686/671
f 675/675/661 682/682/668 684/684/670
f 678/678/664 668/668/655 687/687/672
f 679/679/665 683/683/669 688/688/673
f 686/686/671 660/660/647 674/674/660
f 688/688/673 683/683/669 689/689/674
f 680/680/666 681/681/667 690/690/675
f 673/673/659 660/660/647 691/691/676
f 692/692/677 679/679/665 688/688/673
f 683/683/669 680/680/666 689/689/674
f 682/682/668 679/679/665 693/693/678
f 690/690/675 689/689/674 680/680/666
f 694/694/679 691/691/676 660/660/647
f 684/684/670 682/682/668 695/695/680
f 693/693/678 679/679/665 692/692/677
f 667/667/654 678/678/664 696/696/681
f 660/660/647 686/686/671 694/694/679
f 690/690/675 681/681/667 697/697/682
f 686/686/671 684/684/670 695/695/680
f 681/681/667 667/667/654 698/698/683
f 688/688/673 689/689/674 699/699/684
f 678/678/664 687/687/672 700/700/685
f 701/701/686 687/687/672 702/702/687
f 667/667/654 696/696/681 698/698/683
f 686/686/671 703/703/688 694/694/679
f 696/696/681 678/678/664 700/700/685
f 673/673/659 704/704/689 685/685/223
f 703/703/688 686/686/671 695/695/680
f 700/700/685 687/687/672 701/701/686
f 692/692/677 688/688/673 699/699/684
f 691/691/676 705/705/690 673/673/659
f 694/694/679 705/705/690 691/691/676
f 689/689/674 690/690/675 706/706/691
f 689/689/674 706/706/691 699/699/684
f 698/698/683 697/697/682 681/681/667
f 699/699/684 707/707/692 692/692/677
f 695/695/680 682/682/668 708/708/693
f 682/682/668 693/693/678 708/708/693
f 685/685/223 704/704/689 709/709/694
f 704/704/689 673/673/659 710/710/695
f 707/707/692 693/693/678 692/692/677
f 690/690/675 697/697/682 706/706/691
f 695/695/680 711/711/696 703/703/688
f 712/712/697 697/697/682 698/698/683
f 705/705/690 694/694/679 713/713/698
f 710/710/695 673/673/659 714/714/699
f 673/673/659 705/705/690 714/714/699
f 708/708/693 693/693/678 715/715/700
f 709/709/694 704/704/689 716/716/701
f 706/706/691 697/697/682 717/717/702
f 702/702/687 718/718/703 701/701/686
f 694/694/679 703/703/688 719/719/704
f 693/693/678 707/707/692 715/715/700
f 699/699/684 706/706/691 720/720/705
f 707/707/692 699/699/684 721/721/706
f 698/698/683 696/696/681 722/722/707
f 704/704/689 723/723/708 716/716/701
f 696/696/681 700/700/685 722/722/707
f 704/704/689 710/710/695 723/723/708
f 720/720/705 706/706/691 717/717/702
f 724/724/709 700/700/685 701/701/686
f 724/724/709 722/722/707 700/700/685
f 705/705/690 713/713/698 714/714/699
f 713/713/698 694/694/679 719/719/704
f 695/695/680 708/708/693 711/711/696
f 707/707/692 721/721/706 715/715/700
f 699/699/684 720/720/705 721/721/706
f 708/708/693 715/715/700 725/725/710
f 724/724/709 701/701/686 726/726/711
f 703/703/688 711/711/696 727/727/712
f 697/697/682 712/712/697 717/717/702
f 726/726/711 701/701/686 718/718/703
f 725/725/710 715/715/700 728/728/713
f 729/729/237 709/709/694 716/716/701
f 711/711/696 708/708/693 730/730/714
f 713/713/698 719/719/704 731/731/715
f 730/730/714 708/708/693 725/725/710
f 698/698/683 722/722/707 732/732/716
f 729/729/237 716/716/701 733/733/717
f 715/715/700 721/721/706 734/734/718
f 719/719/704 703/703/688 727/727/712
f 734/734/718 728/728/713 715/715/700
f 735/735/719 710/710/695 714/714/699
f 714/714/699 713/713/698 731/731/715
f 716/716/701 723/723/708 733/733/717
f 721/721/706 720/720/705 736/736/720
f 710/710/695 735/735/719 723/723/708
f 734/734/718 721/721/706 736/736/720
f 712/712/697 698/698/683 732/732/716
f 735/735/719 714/714/699 737/737/721
f 727/727/712 711/711/696 738/738/722
f 714/714/699 731/731/715 737/737/721
f 723/723/708 735/735/719 739/739/723
f 731/731/715 719/719/704 740/740/724
f 719/719/704 727/727/712 740/740/724
f 711/711/696 730/730/714 738/738/722
f 725/725/710 728/728/713 741/741/725
f 742/742/726 730/730/714 725/725/710
f 743/743/243 729/729/237 733/733/717
f 744/744/727 727/727/712 738/738/722
f 720/720/705 717/717/702 745/745/728
f 712/712/697 745/745/728 717/717/702
f 737/737/721 731/731/715 746/746/729
f 742/742/726 725/725/710 741/741/725
f 747/747/730 726/726/711 718/718/703
f 741/741/725 728/728/713 734/734/718
f 747/747/730 724/724/709 726/726/711
f 740/740/724 727/727/712 744/744/727
f 733/733/717 723/723/708 739/739/723
f 724/724/709 748/748/731 722/722/707
f 738/738/722 730/730/714 742/742/726
f 736/736/720 720/720/705 749/749/732
f 749/749/732 720/720/705 745/745/728
f 750/750/733 712/712/697 732/732/716
f 746/746/729 731/731/715 740/740/724
f 712/712/697 750/750/733 745/745/728
f 724/724/709 747/747/730 748/748/731
f 739/739/723 735/735/719 737/737/721
f 722/722/707 748/748/731 732/732/716
f 751/751/734 741/741/725 734/734/718
f 752/752/735 734/734/718 736/736/720
f 734/734/718 752/752/735 751/751/734
f 738/738/722 742/742/726 753/753/736
f 739/739/723 737/737/721 746/746/729
f 738/738/722 754/754/737 744/744/727
f 754/754/737 738/738/722 753/753/736
f 749/749/732 745/745/728 755/755/738
f 756/756/739 742/742/726 741/741/725
f 733/733/717 739/739/723 757/757/740
f 756/756/739 753/753/736 742/742/726
f 749/749/732 755/755/738 758/758/741
f 757/757/740 739/739/723 759/759/742
f 746/746/729 740/740/724 760/760/743
f 741/741/725 751/751/734 756/756/739
f 752/752/735 736/736/720 749/749/732
f 761/761/744 756/756/739 751/751/734
f 755/755/738 745/745/728 750/750/733
f 739/739/723 746/746/729 762/762/745
f 740/740/724 744/744/727 763/763/746
f 764/764/747 744/744/727 754/754/737
f 750/750/733 732/732/716 765/765/748
f 753/753/736 756/756/739 766/766/749
f 766/766/749 756/756/739 761/761/744
f 732/732/716 748/748/731 767/767/750
f 746/746/729 760/760/743 762/762/745
f 744/744/727 764/764/747 763/763/746
f 751/751/734 752/752/735 768/768/751
f 752/752/735 749/749/732 758/758/741
f 765/765/748 732/732/716 769/769/752
f 766/766/749 754/754/737 753/753/736
f 769/769/752 732/732/716 767/767/750
f 748/748/731 747/747/730 770/770/753
f 771/771/754 759/759/742 739/739/723
f 768/768/751 761/761/744 751/751/734
f 739/739/723 762/762/745 771/771/754
f 740/740/724 763/763/746 760/760/743
f 761/761/744 772/772/755 766/766/749
f 773/773/756 733/733/717 757/757/740
f 754/754/737 766/766/749 764/764/747
f 772/772/755 761/761/744 768/768/751
f 755/755/738 750/750/733 765/765/748
f 764/764/747 766/766/749 774/774/757
f 772/772/755 774/774/757 766/766/749
f 768/768/751 775/775/758 772/772/755
f 776/776/264 733/733/717 773/773/756
f 775/775/758 774/774/757 772/772/755
f 748/748/731 770/770/753 767/767/750
f 757/757/740 759/759/742 777/777/759
f 763/763/746 778/778/760 760/760/743
f 752/752/735 758/758/741 779/779/761
f 773/773/756 757/757/740 777/777/759
f 768/768/751 752/752/735 780/780/762
f 758/758/741 755/755/738 781/781/763
f 765/765/748 769/769/752 782/782/764
f 762/762/745 760/760/743 783/783/765
f 763/763/746 764/764/747 784/784/766
f 785/785/767 769/769/752 767/767/750
f 747/747/730 786/786/768 770/770/753
f 771/771/754 762/762/745 783/783/765
f 782/782/764 769/769/752 785/785/767
f 768/768/751 780/780/762 775/775/758
f 764/764/747 774/774/757 787/787/769
f 780/780/762 752/752/735 779/779/761
f 759/759/742 771/771/754 777/777/759
f 763/763/746 784/784/766 778/778/760
f 788/788/770 771/771/754 783/783/765
f 755/755/738 765/765/748 781/781/763
f 764/764/747 787/787/769 784/784/766
f 774/774/757 775/775/758 780/780/762
f 779/779/761 758/758/741 789/789/771
f 777/777/759 771/771/754 788/788/770
f 790/790/772 765/765/748 782/782/764
f 760/760/743 778/778/760 783/783/765
f 781/781/763 765/765/748 790/790/772
f 778/778/760 784/784/766 791/791/773
f 787/787/769 774/774/757 792/792/774
f 785/785/767 767/767/750 770/770/753
f 793/793/279 776/776/264 773/773/756
f 770/770/753 786/786/768 794/794/775
f 780/780/762 779/779/761 795/795/776
f 774/774/757 780/780/762 792/792/774
f 785/785/767 770/770/753 794/794/775
f 789/789/771 758/758/741 796/796/777
f 795/795/776 779/779/761 789/789/771
f 758/758/741 781/781/763 796/796/777
f 783/783/765 778/778/760 797/797/778
f 784/784/766 787/787/769 791/791/773
f 797/797/778 778/778/760 791/791/773
f 787/787/769 792/792/774 798/798/779
f 780/780/762 795/795/776 792/792/774
f 799/799/780 777/777/759 788/788/770
f 788/788/770 783/783/765 800/800/781
f 795/795/776 789/789/771 801/801/782
f 782/782/764 802/802/783 790/790/772
f 781/781/763 790/790/772 802/802/783
f 787/787/769 798/798/779 791/791/773
f 803/803/784 785/785/767 794/794/775
f 794/794/775 786/786/768 804/804/785
f 781/781/763 802/802/783 796/796/777
f 800/800/781 783/783/765 797/797/778
f 803/803/784 794/794/775 804/804/785
f 792/792/774 795/795/776 801/801/782
f 782/782/764 785/785/767 805/805/786
f 799/799/780 788/788/770 800/800/781
f 801/801/782 789/789/771 796/796/777
f 796/796/777 802/802/783 806/806/787
f 782/782/764 805/805/786 802/802/783
f 773/773/756 777/777/759 799/799/780
f 791/791/773 798/798/779 807/807/788
f 798/798/779 792/792/774 808/808/789
f 798/798/779 808/808/789 807/807/788
f 808/808/789 792/792/774 801/801/782
f 796/796/777 809/809/790 801/801/782
f 785/785/767 803/803/784 810/810/791
f 801/801/782 811/811/792 808/808/789
f 812/812/793 802/802/783 805/805/786
f 791/791/773 807/807/788 813/813/794
f 797/797/778 791/791/773 814/814/795
f 800/800/781 797/797/778 814/814/795
f 815/815/796 793/793/279 773/773/756
f 812/812/793 806/806/787 802/802/783
f 805/805/786 785/785/767 810/810/791
f 803/803/784 804/804/785 816/816/797
f 806/806/787 809/809/790 796/796/777
f 817/817/798 773/773/756 799/799/780
f 791/791/773 813/813/794 818/818/799
f 799/799/780 800/800/781 819/819/800
f 815/815/796 773/773/756 817/817/798
f 805/805/786 810/810/791 820/820/801
f 801/801/782 809/809/790 811/811/792
f 813/813/794 807/807/788 818/818/799
f 803/803/784 816/816/797 810/810/791
f 808/808/789 821/821/802 807/807/788
f 812/812/793 805/805/786 822/822/803
f 814/814/795 819/819/800 800/800/781
f 814/814/795 791/791/773 823/823/804
f 816/816/797 804/804/785 824/824/805
f 808/808/789 811/811/792 821/821/802
f 805/805/786 820/820/801 822/822/803
f 817/817/798 799/799/780 825/825/806
f 799/799/780 819/819/800 825/825/806
f 818/818/799 807/807/788 821/821/802
f 816/816/797 824/824/805 826/826/807
f 827/827/808 806/806/787 812/812/793
f 812/812/793 822/822/803 827/827/808
f 791/791/773 818/818/799 823/823/804
f 827/827/808 822/822/803 828/828/809
f 822/822/803 820/820/801 828/828/809
f 829/829/308 815/815/796 817/817/798
f 809/809/790 806/806/787 830/830/810
f 830/830/810 806/806/787 827/827/808
f 819/819/800 814/814/795 823/823/804
f 810/810/791 816/816/797 831/831/811
f 825/825/806 819/819/800 823/823/804
f 818/818/799 821/821/802 832/832/812
f 811/811/792 809/809/790 833/833/813
f 809/809/790 830/830/810 833/833/813
f 810/810/791 831/831/811 820/820/801
f 834/834/814 829/829/308 817/817/798
f 831/831/811 816/816/797 826/826/807
f 823/823/804 818/818/799 835/835/815
f 821/821/802 811/811/792 836/836/816
f 832/832/812 821/821/802 836/836/816
f 811/811/792 833/833/813 836/836/816
f 817/817/798 825/825/806 837/837/817
f 833/833/813 830/830/810 838/838/818
f 817/817/798 839/839/819 834/834/814
f 830/830/810 827/827/808 840/840/820
f 835/835/815 818/818/799 832/832/812
f 841/841/321 829/829/308 834/834/814
f 827/827/808 828/828/809 842/842/821
f 827/827/808 842/842/821 840/840/820
f 839/839/819 841/841/321 834/834/814
f 837/837/817 825/825/806 843/843/822
f 825/825/806 823/823/804 843/843/822
f 828/828/809 820/820/801 844/844/823
f 831/831/811 826/826/807 845/845/824
f 839/839/819 817/817/798 837/837/817
f 846/846/825 820/820/801 831/831/811
f 836/836/816 833/833/813 838/838/818
f 835/835/815 832/832/812 847/847/826
f 830/830/810 840/840/820 848/848/827
f 828/828/809 844/844/823 842/842/821
f 838/838/818 830/830/810 848/848/827
f 849/849/828 823/823/804 835/835/815
f 850/850/829 832/832/812 836/836/816
f 840/840/820 842/842/821 848/848/827
f 823/823/804 849/849/828 851/851/830
f 832/832/812 850/850/829 847/847/826
f 846/846/825 831/831/811 845/845/824
f 844/844/823 820/820/801 846/846/825
f 852/852/330 841/841/321 839/839/819
f 843/843/822 823/823/804 851/851/830
f 850/850/829 836/836/816 838/838/818
f 837/837/817 853/853/831 839/839/819
f 839/839/819 853/853/831 854/854/832
f 837/837/817 843/843/822 855/855/833
f 852/852/330 839/839/819 854/854/832
f 856/856/834 835/835/815 847/847/826
f 848/848/827 857/857/835 838/838/818
f 855/855/833 853/853/831 837/837/817
f 849/849/828 835/835/815 856/856/834
f 842/842/821 844/844/823 858/858/836
f 857/857/835 850/850/829 838/838/818
f 826/826/807 859/859/837 845/845/824
f 846/846/825 858/858/836 844/844/823
f 860/860/838 857/857/835 848/848/827
f 843/843/822 851/851/830 861/861/839
f 851/851/830 849/849/828 862/862/840
f 862/862/840 849/849/828 856/856/834
f 863/863/841 847/847/826 850/850/829
f 864/864/842 860/860/838 848/848/827
f 848/848/827 842/842/821 864/864/842
f 856/856/834 847/847/826 865/865/843
f 842/842/821 858/858/836 866/866/844
f 843/843/822 861/861/839 855/855/833
f 865/865/843 847/847/826 867/867/845
f 851/851/830 862/862/840 868/868/846
f 850/850/829 857/857/835 869/869/847
f 861/861/839 851/851/830 868/868/846
f 862/862/840 856/856/834 865/865/843
f 870/870/848 852/852/330 854/854/832
f 854/854/832 853/853/831 855/855/833
f 850/850/829 869/869/847 863/863/841
f 859/859/837 871/871/849 845/845/824
f 842/842/821 866/866/844 864/864/842
f 872/872/850 870/870/848 854/854/832
f 867/867/845 847/847/826 863/863/841
f 869/869/847 857/857/835 873/873/851
f 846/846/825 845/845/824 874/874/852
f 874/874/852 858/858/836 846/846/825
f 875/875/853 854/854/832 855/855/833
f 861/861/839 876/876/854 855/855/833
f 877/877/855 864/864/842 866/866/844
f 864/864/842 877/877/855 860/860/838
f 878/878/856 870/870/848 872/872/850
f 862/862/840 865/865/843 879/879/857
f 860/860/838 880/880/858 857/857/835
f 872/872/850 854/854/832 875/875/853
f 860/860/838 877/877/855 880/880/858
f 858/858/836 874/874/852 881/881/859
f 857/857/835 880/880/858 873/873/851
f 868/868/846 862/862/840 879/879/857
f 881/881/859 882/882/860 858/858/836
f 882/882/860 866/866/844 858/858/836
f 863/863/841 869/869/847 883/883/861
f 867/867/845 879/879/857 865/865/843
f 867/867/845 863/863/841 883/883/861
f 875/875/853 855/855/833 876/876/854
f 884/884/862 868/868/846 879/879/857
f 867/867/845 883/883/861 885/885/863
f 869/869/847 873/873/851 883/883/861
f 845/845/824 886/886/864 874/874/852
f 861/861/839 868/868/846 887/887/865
f 877/877/855 866/866/844 882/882/860
f 861/861/839 887/887/865 876/876/854
f 873/873/851 888/888/866 883/883/861
f 845/845/824 871/871/849 886/886/864
f 874/874/852 886/886/864 889/889/867
f 874/874/852 889/889/867 881/881/859
f 884/884/862 887/887/865 868/868/846
f 890/890/868 879/879/857 891/891/869
f 885/885/863 883/883/861 888/888/866
f 877/877/855 892/892/870 880/880/858
f 876/876/854 887/887/865 893/893/871
f 884/884/862 879/879/857 890/890/868
f 879/879/857 867/867/845 891/891/869
f 877/877/855 882/882/860 892/892/870
f 894/894/359 878/878/856 872/872/850
f 873/873/851 880/880/858 888/888/866
f 895/895/872 886/886/864 871/871/849
f 894/894/359 872/872/850 875/875/853
f 887/887/865 884/884/862 893/893/871
f 894/894/359 875/875/853 896/896/873
f 897/897/874 882/882/860 881/881/859
f 867/867/845 885/885/863 898/898/875
f 892/892/870 882/882/860 899/899/876
f 895/895/872 900/900/877 886/886/864
f 875/875/853 876/876/854 901/901/878
f 888/888/866 880/880/858 902/902/879
f 888/888/866 903/903/880 885/885/863
f 899/899/876 882/882/860 897/897/874
f 898/898/875 891/891/869 867/867/845
f 880/880/858 904/904/881 902/902/879
f 904/904/881 880/880/858 892/892/870
f 897/897/874 881/881/859 905/905/882
f 881/881/859 889/889/867 905/905/882
f 900/900/877 895/895/872 906/906/883
f 894/894/359 896/896/873 907/907/362
f 893/893/871 901/901/878 876/876/854
f 884/884/862 890/890/868 908/908/884
f 908/908/884 890/890/868 891/891/869
f 875/875/853 901/901/878 896/896/873
f 892/892/870 899/899/876 904/904/881
f 889/889/867 886/886/864 909/909/885
f 886/886/864 900/900/877 909/909/885
f 910/910/886 908/908/884 891/891/869
f 907/907/362 896/896/873 911/911/887
f 903/903/880 888/888/866 912/912/888
f 912/912/888 888/888/866 902/902/879
f 906/906/883 913/913/889 900/900/877
f 893/893/871 884/884/862 914/914/890
f 891/891/869 898/898/875 910/910/886
f 889/889/867 909/909/885 905/905/882
f 898/898/875 885/885/863 915/915/891
f 901/901/878 916/916/892 896/896/873
f 884/884/862 908/908/884 914/914/890
f 898/898/875 915/915/891 910/910/886
f 899/899/876 897/897/874 917/917/893
f 917/917/893 897/897/874 905/905/882
f 901/901/878 893/893/871 918/918/894
f 885/885/863 903/903/880 915/915/891
f 909/909/885 919/919/895 905/905/882
f 911/911/887 920/920/380 907/907/362
f 902/902/879 904/904/881 921/921/896
f 893/893/871 914/914/890 918/918/894
f 922/922/897 910/910/886 915/915/891
f 917/917/893 905/905/882 919/919/895
f 909/909/885 900/900/877 923/923/898
f 923/923/898 900/900/877 913/913/889
f 911/911/887 896/896/873 916/916/892
f 904/904/881 899/899/876 921/921/896
f 914/914/890 908/908/884 924/924/899
f 915/915/891 903/903/880 925/925/900
f 926/926/901 908/908/884 910/910/886
f 901/901/878 918/918/894 916/916/892
f 912/912/888 902/902/879 927/927/902
f 910/910/886 922/922/897 926/926/901
f 903/903/880 912/912/888 928/928/903
f 929/929/904 909/909/885 923/923/898
f 924/924/899 908/908/884 926/926/901
f 922/922/897 915/915/891 925/925/900
f 903/903/880 928/928/903 925/925/900
f 899/899/876 917/917/893 930/930/905
f 927/927/902 902/902/879 921/921/896
f 899/899/876 930/930/905 921/921/896
f 929/929/904 919/919/895 909/909/885
f 912/912/888 927/927/902 928/928/903
f 917/917/893 919/919/895 931/931/906
f 911/911/887 916/916/892 932/932/907
f 918/918/894 914/914/890 933/933/908
f 919/919/895 929/929/904 931/931/906
f 914/914/890 924/924/899 933/933/908
f 932/932/907 920/920/380 911/911/887
f 932/932/907 916/916/892 934/934/909
f 917/917/893 931/931/906 930/930/905
f 916/916/892 918/918/894 935/935/910
f 923/923/898 936/936/911 929/929/904
f 918/918/894 933/933/908 935/935/910
f 924/924/899 926/926/901 937/937/912
f 921/921/896 930/930/905 938/938/913
f 926/926/901 922/922/897 937/937/912
f 925/925/900 939/939/914 922/922/897
f 920/920/380 932/932/907 940/940/394
f 928/928/903 927/927/902 941/941/915
f 927/927/902 921/921/896 938/938/913
f 916/916/892 935/935/910 934/934/909
f 935/935/910 933/933/908 942/942/916
f 925/925/900 928/928/903 939/939/914
f 929/929/904 936/936/911 931/931/906
f 930/930/905 931/931/906 943/943/917
f 922/922/897 939/939/914 944/944/918
f 928/928/903 941/941/915 939/939/914
f 945/945/919 927/927/902 938/938/913
f 924/924/899 937/937/912 946/946/920
f 922/922/897 944/944/918 937/937/912
f 930/930/905 947/947/921 938/938/913
f 923/923/898 948/948/922 936/936/911
f 927/927/902 945/945/919 941/941/915
f 933/933/908 924/924/899 942/942/916
f 931/931/906 936/936/911 949/949/923
f 924/924/899 946/946/920 942/942/916
f 950/950/924 951/951/397 940/940/394
f 940/940/394 932/932/907 950/950/924
f 934/934/909 935/935/910 952/952/925
f 930/930/905 943/943/917 947/947/921
f 937/937/912 944/944/918 953/953/926
f 938/938/913 947/947/921 954/954/927
f 943/943/917 931/931/906 949/949/923
f 935/935/910 942/942/916 955/955/928
f 932/932/907 934/934/909 956/956/929
f 937/937/912 953/953/926 946/946/920
f 944/944/918 957/957/930 953/953/926
f 932/932/907 956/956/929 950/950/924
f 952/952/925 956/956/929 934/934/909
f 939/939/914 941/941/915 958/958/931
f 944/944/918 939/939/914 958/958/931
f 959/959/932 936/936/911 948/948/922
f 952/952/925 935/935/910 960/960/933
f 941/941/915 945/945/919 961/961/934
f 947/947/921 943/943/917 962/962/935
f 936/936/911 959/959/932 949/949/923
f 959/959/932 948/948/922 963/963/936
f 935/935/910 955/955/928 960/960/933
f 964/964/937 945/945/919 938/938/913
f 942/942/916 946/946/920 965/965/938
f 938/938/913 954/954/927 964/964/937
f 956/956/929 952/952/925 966/966/939
f 957/957/930 944/944/918 958/958/931
f 947/947/921 962/962/935 954/954/927
f 945/945/919 964/964/937 961/961/934
f 962/962/935 943/943/917 949/949/923
f 967/967/940 951/951/397 950/950/924
f 968/968/941 958/958/931 941/941/915
f 946/946/920 953/953/926 965/965/938
f 961/961/934 968/968/941 941/941/915
f 959/959/932 969/969/942 949/949/923
f 955/955/928 942/942/916 965/965/938
f 952/952/925 960/960/933 966/966/939
f 965/965/938 970/970/943 955/955/928
f 953/953/926 957/957/930 971/971/944
f 959/959/932 963/963/936 969/969/942
f 949/949/923 972/972/945 962/962/935
f 970/970/943 960/960/933 955/955/928
f 956/956/929 966/966/939 973/973/946
f 950/950/924 956/956/929 973/973/946
f 949/949/923 969/969/942 974/974/947
f 971/971/944 965/965/938 953/953/926
f 975/975/948 971/971/944 957/957/930
f 957/957/930 958/958/931 976/976/949
f 968/968/941 961/961/934 977/977/950
f 961/961/934 964/964/937 977/977/950
f 958/958/931 968/968/941 976/976/949
f 957/957/930 976/976/949 975/975/948
f 949/949/923 974/974/947 972/972/945
f 978/978/951 967/967/940 950/950/924
f 950/950/924 973/973/946 978/978/951
f 954/954/927 979/979/952 964/964/937
f 977/977/950 964/964/937 979/979/952
f 954/954/927 962/962/935 980/980/953
f 971/971/944 981/981/954 965/965/938
f 954/954/927 980/980/953 979/979/952
f 962/962/935 972/972/945 980/980/953
f 960/960/933 970/970/943 982/982/955
f 965/965/938 983/983/956 970/970/943
f 968/968/941 984/984/957 976/976/949
f 974/974/947 985/985/958 972/972/945
f 984/984/957 968/968/941 977/977/950
f 967/967/940 978/978/951 986/986/959
f 971/971/944 975/975/948 981/981/954
f 973/973/946 966/966/939 987/987/960
f 979/979/952 980/980/953 988/988/961
f 973/973/946 987/987/960 989/989/962
f 970/970/943 983/983/956 982/982/955
f 975/975/948 976/976/949 990/990/963
f 980/980/953 972/972/945 991/991/964
f 992/992/965 986/986/959 978/978/951
f 966/966/939 960/960/933 987/987/960
f 981/981/954 983/983/956 965/965/938
f 960/960/933 982/982/955 987/987/960
f 993/993/966 984/984/957 977/977/950
f 972/972/945 985/985/958 991/991/964
f 976/976/949 984/984/957 990/990/963
f 978/978/951 973/973/946 989/989/962
f 981/981/954 975/975/948 990/990/963
f 983/983/956 981/981/954 994/994/967
f 977/977/950 979/979/952 995/995/968
f 989/989/962 992/992/965 978/978/951
f 980/980/953 991/991/964 988/988/961
f 979/979/952 988/988/961 995/995/968
f 992/992/965 996/996/969 986/986/959
f 994/994/967 982/982/955 983/983/956
f 993/993/966 977/977/950 997/997/970
f 987/987/960 998/998/971 989/989/962
f 981/981/954 990/990/963 999/999/972
f 977/977/950 995/995/968 997/997/970
f 988/988/961 991/991/964 1000/1000/973
f 990/990/963 984/984/957 1001/1001/974
f 987/987/960 1002/1002/975 998/998/971
f 1002/1002/975 987/987/960 982/982/955
f 992/992/965 989/989/962 1003/1003/976
f 995/995/968 988/988/961 1000/1000/973
f 981/981/954 999/999/972 994/994/967
f 993/993/966 997/997/970 1004/1004/977
f 992/992/965 1005/1005/978 996/996/969
f 982/982/955 994/994/967 1002/1002/975
f 984/984/957 993/993/966 1004/1004/977
f 1000/1000/973 1006/1006/979 995/995/968
f 1005/1005/978 992/992/965 1003/1003/976
f 999/999/972 990/990/963 1007/1007/980
f 1008/1008/981 996/996/969 1005/1005/978
f 995/995/968 1006/1006/979 997/997/970
f 1001/1001/974 1007/1007/980 990/990/963
f 1001/1001/974 984/984/957 1004/1004/977
f 1009/1009/982 989/989/962 998/998/971
f 989/989/962 1009/1009/982 1010/1010/983
f 1002/1002/975 1009/1009/982 998/998/971
f 1011/1011/984 1012/1012/985 1013/1013/986
f 1013/1013/986 1012/1012/985 1014/1014/987
f 1015/1015/92 1016/1016/988 1011/1011/984
f 1017/1017/989 1018/1018/990 1019/1019/95
f 1012/1012/985 1016/1016/988 1020/1020/991
f 1012/1012/985 1011/1011/984 1016/1016/988
f 1018/1018/990 1017/1017/989 1021/1021/992
f 1022/1022/73 1014/1014/987 1023/1023/993
f 1023/1023/993 1014/1014/987 1024/1024/994
f 1025/1025/114 1021/1021/992 1017/1017/989
f 1018/1018/990 1026/1026/995 1015/1015/92
f 1027/1027/996 1014/1014/987 1012/1012/985
f 1027/1027/996 1024/1024/994 1014/1014/987
f 1021/1021/992 1026/1026/995 1018/1018/990
f 1012/1012/985 1028/1028/997 1027/1027/996
f 1020/1020/991 1028/1028/997 1012/1012/985
f 1016/1016/988 1029/1029/998 1020/1020/991
f 1016/1016/988 1015/1015/92 1026/1026/995
f 1021/1021/992 1025/1025/114 1030/1030/135
f 1024/1024/994 1027/1027/996 1031/1031/999
f 1020/1020/991 1029/1029/998 1028/1028/997
f 1026/1026/995 1029/1029/998 1016/1016/988
f 1031/1031/999 1027/1027/996 1028/1028/997
f 1023/1023/993 1024/1024/994 1031/1031/999
f 1032/1032/1000 1026/1026/995 1021/1021/992
f 1033/1033/1001 1021/1021/992 1030/1030/135
f 1021/1021/992 1033/1033/1001 1034/1034/1002
f 1031/1031/999 1035/1035/1003 1023/1023/993
f 1031/1031/999 1028/1028/997 1035/1035/1003
f 1036/1036/1004 1023/1023/993 1035/1035/1003
f 1032/1032/1000 1021/1021/992 1034/1034/1002
f 1028/1028/997 1037/1037/1005 1035/1035/1003
f 1028/1028/997 1029/1029/998 1037/1037/1005
f 1029/1029/998 1038/1038/1006 1037/1037/1005
f 1035/1035/1003 1037/1037/1005 1039/1039/1007
f 1026/1026/995 1032/1032/1000 1040/1040/1008
f 1029/1029/998 1026/1026/995 1038/1038/1006
f 1033/1033/1001 1041/1041/1009 1042/1042/1010
f 1042/1042/1010 1034/1034/1002 1033/1033/1001
f 1032/1032/1000 1043/1043/1011 1040/1040/1008
f 1032/1032/1000 1034/1034/1002 1044/1044/1012
f 1036/1036/1004 1035/1035/1003 1045/1045/1013
f 1039/1039/1007 1045/1045/1013 1035/1035/1003
f 1026/1026/995 1040/1040/1008 1038/1038/1006
f 1044/1044/1012 1043/1043/1011 1032/1032/1000
f 1034/1034/1002 1042/1042/1010 1044/1044/1012
f 1046/1046/1014 1042/1042/1010 1041/1041/1009
f 1045/1045/1013 1047/1047/1015 1036/1036/1004
f 1048/1048/1016 1037/1037/1005 1038/1038/1006
f 1044/1044/1012 1042/1042/1010 1046/1046/1014
f 1045/1045/1013 1049/1049/1017 1047/1047/1015
f 1037/1037/1005 1048/1048/1016 1039/1039/1007
f 1038/1038/1006 1040/1040/1008 1048/1048/1016
f 1043/1043/1011 1050/1050/1018 1040/1040/1008
f 1043/1043/1011 1044/1044/1012 1050/1050/1018
f 1044/1044/1012 1046/1046/1014 1050/1050/1018
f 1046/1046/1014 1051/1051/1019 1052/1052/1020
f 1046/1046/1014 1052/1052/1020 1050/1050/1018
f 1040/1040/1008 1050/1050/1018 1053/1053/1021
f 1040/1040/1008 1053/1053/1021 1048/1048/1016
f 1048/1048/1016 1054/1054/1022 1039/1039/1007
f 1049/1049/1017 1045/1045/1013 1055/1055/1023
f 1055/1055/1023 1045/1045/1013 1039/1039/1007
f 1050/1050/1018 1056/1056/1024 1053/1053/1021
f 1050/1050/1018 1052/1052/1020 1056/1056/1024
f 1057/1057/1025 1052/1052/1020 1051/1051/1019
f 1058/1058/1026 1048/1048/1016 1053/1053/1021
f 1058/1058/1026 1054/1054/1022 1048/1048/1016
f 1057/1057/1025 1056/1056/1024 1052/1052/1020
f 1039/1039/1007 1059/1059/1027 1055/1055/1023
f 1059/1059/1027 1039/1039/1007 1054/1054/1022
f 1060/1060/1028 1056/1056/1024 1057/1057/1025
f 1049/1049/1017 1055/1055/1023 1061/1061/1029
f 1061/1061/1029 1062/1062/588 1049/1049/1017
f 1054/1054/1022 1058/1058/1026 1063/1063/1030
f 1054/1054/1022 1063/1063/1030 1059/1059/1027
f 1064/1064/1031 1053/1053/1021 1056/1056/1024
f 1055/1055/1023 1059/1059/1027 1065/1065/1032
f 1056/1056/1024 1060/1060/1028 1064/1064/1031
f 1058/1058/1026 1053/1053/1021 1066/1066/1033
f 1060/1060/1028 1067/1067/1034 1064/1064/1031
f 1055/1055/1023 1065/1065/1032 1061/1061/1029
f 1066/1066/1033 1063/1063/1030 1058/1058/1026
f 1062/1062/588 1061/1061/1029 1068/1068/1035
f 1069/1069/1036 1068/1068/1035 1061/1061/1029
f 1053/1053/1021 1064/1064/1031 1066/1066/1033
f 1063/1063/1030 1066/1066/1033 1070/1070/1037
f 1071/1071/1038 1059/1059/1027 1063/1063/1030
f 1069/1069/1036 1072/1072/1039 1068/1068/1035
f 1073/1073/1040 1066/1066/1033 1064/1064/1031
f 1061/1061/1029 1065/1065/1032 1069/1069/1036
f 1063/1063/1030 1070/1070/1037 1071/1071/1038
f 1073/1073/1040 1070/1070/1037 1066/1066/1033
f 1069/1069/1036 1065/1065/1032 1074/1074/1041
f 1064/1064/1031 1067/1067/1034 1073/1073/1040
f 1065/1065/1032 1059/1059/1027 1071/1071/1038
f 1065/1065/1032 1075/1075/1042 1074/1074/1041
f 1065/1065/1032 1071/1071/1038 1076/1076/1043
f 1069/1069/1036 1074/1074/1041 1077/1077/1044
f 1078/1078/1045 1074/1074/1041 1075/1075/1042
f 1073/1073/1040 1079/1079/1046 1070/1070/1037
f 1074/1074/1041 1078/1078/1045 1080/1080/1047
f 1074/1074/1041 1080/1080/1047 1077/1077/1044
f 1065/1065/1032 1076/1076/1043 1075/1075/1042
f 1071/1071/1038 1070/1070/1037 1081/1081/1048
f 1069/1069/1036 1077/1077/1044 1082/1082/1049
f 1078/1078/1045 1075/1075/1042 1083/1083/1050
f 1084/1084/1051 1085/1085/1052 1086/1086/1053
f 1086/1086/1053 1083/1083/1050 1084/1084/1051
f 1070/1070/1037 1079/1079/1046 1081/1081/1048
f 1084/1084/1051 1080/1080/1047 1085/1085/1052
f 1075/1075/1042 1076/1076/1043 1087/1087/1054
f 1075/1075/1042 1088/1088/1055 1083/1083/1050
f 1080/1080/1047 1088/1088/1055 1077/1077/1044
f 1080/1080/1047 1084/1084/1051 1088/1088/1055
f 1083/1083/1050 1088/1088/1055 1084/1084/1051
f 1087/1087/1054 1088/1088/1055 1075/1075/1042
f 1076/1076/1043 1071/1071/1038 1089/1089/1056
f 1090/1090/1057 1079/1079/1046 1073/1073/1040
f 1076/1076/1043 1089/1089/1056 1087/1087/1054
f 1079/1079/1046 1090/1090/1057 1081/1081/1048
f 1081/1081/1048 1090/1090/1057 1091/1091/1058
f 1077/1077/1044 1092/1092/1059 1082/1082/1049
f 1088/1088/1055 1087/1087/1054 1093/1093/1060
f 1089/1089/1056 1071/1071/1038 1094/1094/1061
f 1093/1093/1060 1087/1087/1054 1089/1089/1056
f 1093/1093/1060 1077/1077/1044 1088/1088/1055
f 1092/1092/1059 1095/1095/645 1082/1082/1049
f 1093/1093/1060 1089/1089/1056 1094/1094/1061
f 1081/1081/1048 1094/1094/1061 1071/1071/1038
f 1081/1081/1048 1096/1096/1062 1094/1094/1061
f 1081/1081/1048 1091/1091/1058 1096/1096/1062
f 1097/1097/1063 1095/1095/645 1092/1092/1059
f 1092/1092/1059 1077/1077/1044 1093/1093/1060
f 1093/1093/1060 1094/1094/1061 1098/1098/1064
f 1094/1094/1061 1096/1096/1062 1098/1098/1064
f 1096/1096/1062 1091/1091/1058 1099/1099/1065
f 1091/1091/1058 1090/1090/1057 1100/1100/1066
f 1101/1101/1067 1098/1098/1064 1096/1096/1062
f 1096/1096/1062 1099/1099/1065 1101/1101/1067
f 1100/1100/1066 1102/1102/1068 1091/1091/1058
f 1092/1092/1059 1093/1093/1060 1103/1103/1069
f 1093/1093/1060 1098/1098/1064 1104/1104/1070
f 1099/1099/1065 1091/1091/1058 1105/1105/1071
f 1091/1091/1058 1102/1102/1068 1105/1105/1071
f 1097/1097/1063 1092/1092/1059 1106/1106/1072
f 1103/1103/1069 1093/1093/1060 1104/1104/1070
f 1101/1101/1067 1099/1099/1065 1107/1107/1073
f 1092/1092/1059 1103/1103/1069 1108/1108/1074
f 1101/1101/1067 1107/1107/1073 1109/1109/1075
f 1103/1103/1069 1110/1110/1076 1108/1108/1074
f 1111/1111/1077 1104/1104/1070 1098/1098/1064
f 1099/1099/1065 1105/1105/1071 1107/1107/1073
f 1098/1098/1064 1101/1101/1067 1109/1109/1075
f 1108/1108/1074 1106/1106/1072 1092/1092/1059
f 1110/1110/1076 1103/1103/1069 1104/1104/1070
f 1098/1098/1064 1109/1109/1075 1111/1111/1077
f 1112/1112/1078 1109/1109/1075 1107/1107/1073
f 1106/1106/1072 1108/1108/1074 1113/1113/1079
f 1114/1114/1080 1105/1105/1071 1102/1102/1068
f 1115/1115/1081 1097/1097/1063 1106/1106/1072
f 1112/1112/1078 1116/1116/1082 1109/1109/1075
f 1108/1108/1074 1110/1110/1076 1113/1113/1079
f 1105/1105/1071 1114/1114/1080 1107/1107/1073
f 1117/1117/687 1115/1115/1081 1106/1106/1072
f 1113/1113/1079 1110/1110/1076 1104/1104/1070
f 1118/1118/1083 1112/1112/1078 1107/1107/1073
f 1116/1116/1082 1112/1112/1078 1118/1118/1083
f 1111/1111/1077 1109/1109/1075 1119/1119/1084
f 1109/1109/1075 1116/1116/1082 1119/1119/1084
f 1106/1106/1072 1113/1113/1079 1117/1117/687
f 1107/1107/1073 1114/1114/1080 1120/1120/1085
f 1113/1113/1079 1104/1104/1070 1121/1121/1086
f 1118/1118/1083 1122/1122/1087 1116/1116/1082
f 1123/1123/1088 1120/1120/1085 1114/1114/1080
f 1107/1107/1073 1124/1124/1089 1118/1118/1083
f 1104/1104/1070 1111/1111/1077 1121/1121/1086
f 1116/1116/1082 1122/1122/1087 1119/1119/1084
f 1122/1122/1087 1118/1118/1083 1124/1124/1089
f 1107/1107/1073 1120/1120/1085 1124/1124/1089
f 1111/1111/1077 1125/1125/1090 1121/1121/1086
f 1124/1124/1089 1126/1126/1091 1122/1122/1087
f 1122/1122/1087 1126/1126/1091 1119/1119/1084
f 1127/1127/703 1117/1117/687 1113/1113/1079
f 1119/1119/1084 1126/1126/1091 1111/1111/1077
f 1120/1120/1085 1123/1123/1088 1128/1128/1092
f 1120/1120/1085 1128/1128/1092 1124/1124/1089
f 1129/1129/1093 1125/1125/1090 1111/1111/1077
f 1130/1130/1094 1113/1113/1079 1121/1121/1086
f 1121/1121/1086 1125/1125/1090 1131/1131/1095
f 1113/1113/1079 1130/1130/1094 1127/1127/703
f 1111/1111/1077 1126/1126/1091 1129/1129/1093
f 1126/1126/1091 1124/1124/1089 1132/1132/1096
f 1124/1124/1089 1133/1133/1097 1132/1132/1096
f 1133/1133/1097 1124/1124/1089 1128/1128/1092
f 1121/1121/1086 1134/1134/1098 1130/1130/1094
f 1125/1125/1090 1129/1129/1093 1131/1131/1095
f 1126/1126/1091 1132/1132/1096 1135/1135/1099
f 1134/1134/1098 1121/1121/1086 1131/1131/1095
f 1126/1126/1091 1136/1136/1100 1129/1129/1093
f 1133/1133/1097 1128/1128/1092 1137/1137/1101
f 1131/1131/1095 1129/1129/1093 1138/1138/1102
f 1126/1126/1091 1135/1135/1099 1136/1136/1100
f 1127/1127/703 1130/1130/1094 1139/1139/1103
f 1140/1140/1103 1141/1141/1104 1142/1142/703
f 1134/1134/1098 1131/1131/1095 1138/1138/1102
f 1132/1132/1096 1133/1133/1097 1135/1135/1099
f 1143/1143/1105 1137/1137/1101 1128/1128/1092
f 1144/1144/1106 1130/1130/1094 1134/1134/1098
f 1129/1129/1093 1145/1145/1107 1138/1138/1102
f 1136/1136/1100 1145/1145/1107 1129/1129/1093
f 1135/1135/1099 1133/1133/1097 1136/1136/1100
f 1134/1134/1098 1146/1146/1108 1144/1144/1106
f 1130/1130/1094 1144/1144/1106 1147/1147/1109
f 1130/1130/1094 1147/1147/1109 1139/1139/1103
f 1134/1134/1098 1138/1138/1102 1146/1146/1108
f 1136/1136/1100 1133/1133/1097 1148/1148/1110
f 1138/1138/1102 1149/1149/1111 1146/1146/1108
f 1145/1145/1107 1150/1150/1112 1138/1138/1102
f 1143/1143/1105 1148/1148/1110 1133/1133/1097
f 1138/1138/1102 1150/1150/1112 1149/1149/1111
f 1143/1143/1105 1151/1151/1113 1148/1148/1110
f 1152/1152/1114 1141/1141/1104 1140/1140/1103
f 1145/1145/1107 1136/1136/1100 1153/1153/1115
f 1147/1147/1109 1144/1144/1106 1154/1154/1116
f 1144/1144/1106 1146/1146/1108 1154/1154/1116
f 1155/1155/1117 1148/1148/1110 1151/1151/1113
f 1156/1156/1118 1152/1152/1114 1140/1140/1103
f 1157/1157/1119 1139/1139/1103 1147/1147/1109
f 1148/1148/1110 1158/1158/1120 1136/1136/1100
f 1148/1148/1110 1155/1155/1117 1159/1159/1121
f 1145/1145/1107 1153/1153/1115 1150/1150/1112
f 1154/1154/1116 1146/1146/1108 1160/1160/1122
f 1153/1153/1115 1136/1136/1100 1158/1158/1120
f 1161/1161/1123 1157/1157/1119 1147/1147/1109
f 1147/1147/1109 1154/1154/1116 1160/1160/1122
f 1148/1148/1110 1159/1159/1121 1158/1158/1120
f 1149/1149/1111 1150/1150/1112 1162/1162/1124
f 1160/1160/1122 1161/1161/1123 1147/1147/1109
f 1155/1155/1117 1163/1163/1125 1164/1164/1126
f 1164/1164/1126 1159/1159/1121 1155/1155/1117
f 1156/1156/1118 1165/1165/785 1152/1152/1114
f 1166/1166/1123 1165/1165/785 1156/1156/1118
f 1149/1149/1111 1162/1162/1124 1146/1146/1108
f 1146/1146/1108 1162/1162/1124 1167/1167/1127
f 1153/1153/1115 1168/1168/1128 1150/1150/1112
f 1167/1167/1127 1160/1160/1122 1146/1146/1108
f 1164/1164/1126 1169/1169/1129 1159/1159/1121
f 1170/1170/1130 1164/1164/1126 1163/1163/1125
f 1159/1159/1121 1169/1169/1129 1158/1158/1120
f 1167/1167/1127 1162/1162/1124 1150/1150/1112
f 1170/1170/1130 1169/1169/1129 1164/1164/1126
f 1171/1171/1131 1161/1161/1123 1160/1160/1122
f 1150/1150/1112 1168/1168/1128 1167/1167/1127
f 1163/1163/1125 1172/1172/1132 1170/1170/1130
f 1173/1173/805 1165/1165/785 1166/1166/1123
f 1170/1170/1130 1174/1174/1133 1169/1169/1129
f 1175/1175/1134 1171/1171/1131 1160/1160/1122
f 1161/1161/1123 1171/1171/1131 1176/1176/805
f 1160/1160/1122 1167/1167/1127 1175/1175/1134
f 1169/1169/1129 1174/1174/1133 1158/1158/1120
f 1177/1177/1135 1170/1170/1130 1172/1172/1132
f 1168/1168/1128 1153/1153/1115 1158/1158/1120
f 1170/1170/1130 1177/1177/1135 1174/1174/1133
f 1178/1178/1136 1167/1167/1127 1168/1168/1128
f 1174/1174/1133 1177/1177/1135 1179/1179/1137
f 1171/1171/1131 1180/1180/1138 1176/1176/805
f 1158/1158/1120 1181/1181/1139 1168/1168/1128
f 1177/1177/1135 1172/1172/1132 1179/1179/1137
f 1179/1179/1137 1172/1172/1132 1182/1182/1140
f 1183/1183/1141 1158/1158/1120 1174/1174/1133
f 1167/1167/1127 1178/1178/1136 1175/1175/1134
f 1180/1180/1138 1171/1171/1131 1175/1175/1134
f 1181/1181/1139 1158/1158/1120 1183/1183/1141
f 1175/1175/1134 1184/1184/1142 1180/1180/1138
f 1176/1176/805 1180/1180/1138 1185/1185/1143
f 1186/1186/1143 1187/1187/807 1188/1188/805
f 1189/1189/1144 1174/1174/1133 1179/1179/1137
f 1190/1190/1145 1178/1178/1136 1168/1168/1128
f 1189/1189/1144 1179/1179/1137 1182/1182/1140
f 1174/1174/1133 1189/1189/1144 1183/1183/1141
f 1180/1180/1138 1184/1184/1142 1185/1185/1143
f 1181/1181/1139 1190/1190/1145 1168/1168/1128
f 1178/1178/1136 1190/1190/1145 1191/1191/1146
f 1192/1192/1147 1193/1193/1148 1182/1182/1140
f 1193/1193/1148 1189/1189/1144 1182/1182/1140
f 1175/1175/1134 1178/1178/1136 1184/1184/1142
f 1183/1183/1141 1189/1189/1144 1194/1194/1149
f 1189/1189/1144 1193/1193/1148 1194/1194/1149
f 1195/1195/1150 1181/1181/1139 1183/1183/1141
f 1193/1193/1148 1192/1192/1147 1196/1196/1151
f 1183/1183/1141 1194/1194/1149 1195/1195/1150
f 1185/1185/1143 1184/1184/1142 1197/1197/1152
f 1195/1195/1150 1194/1194/1149 1198/1198/1153
f 1178/1178/1136 1191/1191/1146 1199/1199/1154
f 1196/1196/1151 1200/1200/1155 1193/1193/1148
f 1200/1200/1155 1194/1194/1149 1193/1193/1148
f 1186/1186/1143 1201/1201/1152 1187/1187/807
f 1191/1191/1146 1190/1190/1145 1202/1202/1156
f 1199/1199/1154 1184/1184/1142 1178/1178/1136
f 1203/1203/1157 1204/1204/1158 1196/1196/1151
f 1205/1205/1159 1197/1197/1152 1184/1184/1142
f 1204/1204/1158 1200/1200/1155 1196/1196/1151
f 1202/1202/1156 1206/1206/1160 1191/1191/1146
f 1184/1184/1142 1199/1199/1154 1205/1205/1159
f 1191/1191/1146 1206/1206/1160 1199/1199/1154
f 1200/1200/1155 1198/1198/1153 1194/1194/1149
f 1205/1205/1159 1207/1207/837 1197/1197/1152
f 1187/1187/807 1201/1201/1152 1208/1208/1161
f 1203/1203/1157 1209/1209/1162 1204/1204/1158
f 1195/1195/1150 1198/1198/1153 1210/1210/1163
f 1206/1206/1160 1202/1202/1156 1211/1211/1164
f 1195/1195/1150 1210/1210/1163 1181/1181/1139
f 1198/1198/1153 1212/1212/1165 1210/1210/1163
f 1211/1211/1164 1202/1202/1156 1190/1190/1145
f 1204/1204/1158 1213/1213/1166 1200/1200/1155
f 1200/1200/1155 1212/1212/1165 1198/1198/1153
f 1213/1213/1166 1204/1204/1158 1209/1209/1162
f 1211/1211/1164 1214/1214/1167 1206/1206/1160
f 1215/1215/1168 1199/1199/1154 1206/1206/1160
f 1207/1207/837 1205/1205/1159 1216/1216/1169
f 1199/1199/1154 1217/1217/1170 1205/1205/1159
f 1200/1200/1155 1213/1213/1166 1212/1212/1165
f 1210/1210/1163 1218/1218/1171 1181/1181/1139
f 1219/1219/1172 1213/1213/1166 1209/1209/1162
f 1190/1190/1145 1181/1181/1139 1218/1218/1171
f 1205/1205/1159 1217/1217/1170 1216/1216/1169
f 1211/1211/1164 1190/1190/1145 1214/1214/1167
f 1215/1215/1168 1217/1217/1170 1199/1199/1154
f 1206/1206/1160 1214/1214/1167 1215/1215/1168
f 1219/1219/1172 1209/1209/1162 1220/1220/1173
f 1218/1218/1171 1214/1214/1167 1190/1190/1145
f 1221/1221/849 1222/1222/1174 1223/1223/1175
f 1212/1212/1165 1213/1213/1166 1224/1224/1176
f 1225/1225/1177 1221/1221/849 1223/1223/1175
f 1226/1226/1178 1220/1220/1173 1227/1227/1179
f 1210/1210/1163 1212/1212/1165 1228/1228/1180
f 1220/1220/1173 1229/1229/1181 1219/1219/1172
f 1220/1220/1173 1226/1226/1178 1229/1229/1181
f 1230/1230/1182 1225/1225/1177 1223/1223/1175
f 1210/1210/1163 1228/1228/1180 1218/1218/1171
f 1215/1215/1168 1214/1214/1167 1231/1231/1183
f 1216/1216/1169 1217/1217/1170 1232/1232/1184
f 1226/1226/1178 1227/1227/1179 1233/1233/1185
f 1224/1224/1176 1228/1228/1180 1212/1212/1165
f 1224/1224/1176 1213/1213/1166 1219/1219/1172
f 1234/1234/1186 1217/1217/1170 1215/1215/1168
f 1219/1219/1172 1235/1235/1187 1224/1224/1176
f 1231/1231/1183 1234/1234/1186 1215/1215/1168
f 1231/1231/1183 1214/1214/1167 1218/1218/1171
f 1226/1226/1178 1233/1233/1185 1236/1236/1188
f 1217/1217/1170 1234/1234/1186 1232/1232/1184
f 1218/1218/1171 1228/1228/1180 1237/1237/1189
f 1224/1224/1176 1238/1238/1190 1228/1228/1180
f 1229/1229/1181 1239/1239/1191 1219/1219/1172
f 1226/1226/1178 1236/1236/1188 1240/1240/1192
f 1241/1241/1193 1231/1231/1183 1218/1218/1171
f 1226/1226/1178 1240/1240/1192 1229/1229/1181
f 1224/1224/1176 1235/1235/1187 1238/1238/1190
f 1229/1229/1181 1240/1240/1192 1239/1239/1191
f 1239/1239/1191 1235/1235/1187 1219/1219/1172
f 1242/1242/1194 1243/1243/889 1244/1244/1182
f 1232/1232/1184 1234/1234/1186 1245/1245/1194
f 1233/1233/1185 1246/1246/1195 1236/1236/1188
f 1218/1218/1171 1237/1237/1189 1241/1241/1193
f 1238/1238/1190 1235/1235/1187 1247/1247/1196
f 1231/1231/1183 1248/1248/1197 1234/1234/1186
f 1249/1249/1198 1228/1228/1180 1238/1238/1190
f 1234/1234/1186 1248/1248/1197 1245/1245/1194
f 1240/1240/1192 1236/1236/1188 1250/1250/1199
f 1236/1236/1188 1246/1246/1195 1250/1250/1199
f 1239/1239/1191 1247/1247/1196 1235/1235/1187
f 1228/1228/1180 1251/1251/1200 1237/1237/1189
f 1252/1252/1201 1239/1239/1191 1240/1240/1192
f 1253/1253/1202 1254/1254/1203 1243/1243/889
f 1242/1242/1194 1253/1253/1202 1243/1243/889
f 1248/1248/1197 1231/1231/1183 1255/1255/1204
f 1248/1248/1197 1256/1256/1205 1245/1245/1194
f 1241/1241/1193 1255/1255/1204 1231/1231/1183
f 1249/1249/1198 1251/1251/1200 1228/1228/1180
f 1252/1252/1201 1240/1240/1192 1250/1250/1199
f 1246/1246/1195 1257/1257/1206 1250/1250/1199
f 1247/1247/1196 1258/1258/1207 1238/1238/1190
f 1259/1259/1208 1247/1247/1196 1239/1239/1191
f 1258/1258/1207 1249/1249/1198 1238/1238/1190
f 1260/1260/1209 1241/1241/1193 1237/1237/1189
f 1248/1248/1197 1255/1255/1204 1256/1256/1205
f 1247/1247/1196 1259/1259/1208 1261/1261/1210
f 1259/1259/1208 1239/1239/1191 1252/1252/1201
f 1241/1241/1193 1260/1260/1209 1255/1255/1204
f 1251/1251/1200 1260/1260/1209 1237/1237/1189
f 1250/1250/1199 1257/1257/1206 1262/1262/1211
f 1251/1251/1200 1249/1249/1198 1263/1263/1212
f 1250/1250/1199 1262/1262/1211 1252/1252/1201
f 1251/1251/1200 1264/1264/1213 1260/1260/1209
f 1252/1252/1201 1265/1265/1214 1259/1259/1208
f 1254/1254/1203 1253/1253/1202 1266/1266/1215
f 1252/1252/1201 1262/1262/1211 1265/1265/1214
f 1257/1257/1206 1267/1267/1216 1262/1262/1211
f 1260/1260/1209 1268/1268/1217 1255/1255/1204
f 1257/1257/1206 1269/1269/1218 1267/1267/1216
f 1258/1258/1207 1263/1263/1212 1249/1249/1198
f 1251/1251/1200 1263/1263/1212 1264/1264/1213
f 1258/1258/1207 1270/1270/1219 1263/1263/1212
f 1247/1247/1196 1261/1261/1210 1258/1258/1207
f 1258/1258/1207 1261/1261/1210 1270/1270/1219
f 1261/1261/1210 1259/1259/1208 1271/1271/1220
f 1260/1260/1209 1264/1264/1213 1268/1268/1217
f 1262/1262/1211 1267/1267/1216 1272/1272/1221
f 1264/1264/1213 1263/1263/1212 1273/1273/1222
f 1274/1274/1223 1256/1256/1205 1255/1255/1204
f 1261/1261/1210 1275/1275/1224 1270/1270/1219
f 1269/1269/1218 1276/1276/1225 1277/1277/1226
f 1265/1265/1214 1262/1262/1211 1278/1278/1227
f 1267/1267/1216 1269/1269/1218 1277/1277/1226
f 1256/1256/1205 1274/1274/1223 1279/1279/1215
f 1271/1271/1220 1275/1275/1224 1261/1261/1210
f 1262/1262/1211 1272/1272/1221 1278/1278/1227
f 1276/1276/1225 1280/1280/1228 1277/1277/1226
f 1271/1271/1220 1259/1259/1208 1265/1265/1214
f 1276/1276/1225 1281/1281/1229 1282/1282/1230
f 1280/1280/1228 1276/1276/1225 1282/1282/1230
f 1268/1268/1217 1264/1264/1213 1283/1283/1231
f 1272/1272/1221 1267/1267/1216 1277/1277/1226
f 1264/1264/1213 1273/1273/1222 1283/1283/1231
f 1279/1279/1215 1274/1274/1223 1284/1284/936
f 1270/1270/1219 1275/1275/1224 1285/1285/1232
f 1255/1255/1204 1268/1268/1217 1286/1286/1233
f 1287/1287/1234 1278/1278/1227 1272/1272/1221
f 1255/1255/1204 1286/1286/1233 1274/1274/1223
f 1286/1286/1233 1268/1268/1217 1288/1288/1235
f 1270/1270/1219 1285/1285/1232 1263/1263/1212
f 1280/1280/1228 1282/1282/1230 1289/1289/1236
f 1290/1290/1237 1285/1285/1232 1275/1275/1224
f 1273/1273/1222 1263/1263/1212 1291/1291/1238
f 1271/1271/1220 1265/1265/1214 1292/1292/1239
f 1278/1278/1227 1292/1292/1239 1265/1265/1214
f 1287/1287/1234 1272/1272/1221 1277/1277/1226
f 1275/1275/1224 1271/1271/1220 1290/1290/1237
f 1283/1283/1231 1273/1273/1222 1293/1293/1240
f 1288/1288/1235 1268/1268/1217 1283/1283/1231
f 1294/1294/1241 1284/1284/936 1274/1274/1223
f 1273/1273/1222 1291/1291/1238 1293/1293/1240
f 1295/1295/1242 1296/1296/1243 1289/1289/1236
f 1296/1296/1243 1295/1295/1242 1297/1297/1244
f 1263/1263/1212 1285/1285/1232 1291/1291/1238
f 1286/1286/1233 1294/1294/1241 1274/1274/1223
f 1292/1292/1239 1278/1278/1227 1298/1298/1245
f 1299/1299/1246 1277/1277/1226 1280/1280/1228
f 1280/1280/1228 1289/1289/1236 1300/1300/1247
f 1277/1277/1226 1299/1299/1246 1287/1287/1234
f 1283/1283/1231 1301/1301/1248 1288/1288/1235
f 1296/1296/1243 1302/1302/1249 1289/1289/1236
f 1301/1301/1248 1283/1283/1231 1293/1293/1240
f 1303/1303/1250 1291/1291/1238 1285/1285/1232
f 1271/1271/1220 1304/1304/1251 1290/1290/1237
f 1300/1300/1247 1289/1289/1236 1302/1302/1249
f 1305/1305/1252 1296/1296/1243 1297/1297/1244
f 1296/1296/1243 1305/1305/1252 1302/1302/1249
f 1291/1291/1238 1303/1303/1250 1293/1293/1240
f 1298/1298/1245 1278/1278/1227 1287/1287/1234
f 1280/1280/1228 1300/1300/1247 1299/1299/1246
f 1286/1286/1233 1306/1306/1253 1294/1294/1241
f 1297/1297/1244 1307/1307/1254 1305/1305/1252
f 1271/1271/1220 1292/1292/1239 1304/1304/1251
f 1308/1308/1255 1286/1286/1233 1288/1288/1235
f 1286/1286/1233 1308/1308/1255 1306/1306/1253
f 1309/1309/1256 1287/1287/1234 1299/1299/1246
f 1310/1310/1257 1311/1311/1258 1312/1312/1259
f 1288/1288/1235 1301/1301/1248 1313/1313/1260
f 1312/1312/1259 1311/1311/1258 1314/1314/1261
f 1310/1310/1257 1315/1315/1262 1316/1316/1263
f 1285/1285/1232 1290/1290/1237 1317/1317/1264
f 1287/1287/1234 1309/1309/1256 1298/1298/1245
f 1313/1313/1260 1308/1308/1255 1288/1288/1235
f 1315/1315/1262 1310/1310/1257 1312/1312/1259
f 1305/1305/1252 1307/1307/1254 1318/1318/1265
f 1319/1319/1266 1292/1292/1239 1298/1298/1245
f 1308/1308/1255 1313/1313/1260 1306/1306/1253
f 1317/1317/1264 1290/1290/1237 1304/1304/1251
f 1318/1318/1265 1302/1302/1249 1305/1305/1252
f 1292/1292/1239 1319/1319/1266 1304/1304/1251
f 1316/1316/1263 1315/1315/1262 1320/1320/1267
f 1307/1307/1254 1316/1316/1263 1318/1318/1265
f 1321/1321/1268 1301/1301/1248 1293/1293/1240
f 1301/1301/1248 1321/1321/1268 1313/1313/1260
f 1302/1302/1249 1318/1318/1265 1322/1322/1269
f 1302/1302/1249 1322/1322/1269 1300/1300/1247
f 1323/1323/1270 1293/1293/1240 1303/1303/1250
f 1321/1321/1268 1293/1293/1240 1323/1323/1270
f 1317/1317/1264 1303/1303/1250 1285/1285/1232
f 1320/1320/1267 1318/1318/1265 1316/1316/1263
f 1324/1324/1271 1312/1312/1259 1314/1314/1261
f 1304/1304/1251 1325/1325/1272 1317/1317/1264
f 1312/1312/1259 1326/1326/1273 1315/1315/1262
f 1298/1298/1245 1309/1309/1256 1327/1327/1274
f 1300/1300/1247 1328/1328/1275 1299/1299/1246
f 1319/1319/1266 1329/1329/1276 1304/1304/1251
f 1315/1315/1262 1326/1326/1273 1320/1320/1267
f 1317/1317/1264 1330/1330/1277 1303/1303/1250
f 1318/1318/1265 1320/1320/1267 1331/1331/1278
f 1318/1318/1265 1331/1331/1278 1332/1332/1279
f 1328/1328/1275 1300/1300/1247 1322/1322/1269
f 1313/1313/1260 1333/1333/1280 1306/1306/1253
f 1298/1298/1245 1327/1327/1274 1334/1334/1281
f 1319/1319/1266 1298/1298/1245 1334/1334/1281
f 1335/1335/1282 1336/1336/1283 1337/1337/1253
f 1309/1309/1256 1299/1299/1246 1328/1328/1275
f 1322/1322/1269 1318/1318/1265 1332/1332/1279
f 1322/1322/1269 1338/1338/1284 1328/1328/1275
f 1329/1329/1276 1325/1325/1272 1304/1304/1251
f 1317/1317/1264 1325/1325/1272 1330/1330/1277
f 1339/1339/1285 1323/1323/1270 1303/1303/1250
f 1329/1329/1276 1319/1319/1266 1334/1334/1281
f 1339/1339/1285 1303/1303/1250 1330/1330/1277
f 1328/1328/1275 1327/1327/1274 1309/1309/1256
f 1333/1333/1280 1313/1313/1260 1321/1321/1268
f 1340/1340/1286 1312/1312/1259 1324/1324/1271
f 1322/1322/1269 1332/1332/1279 1338/1338/1284
f 1335/1335/1282 1341/1341/1287 1336/1336/1283
f 1342/1342/1288 1321/1321/1268 1323/1323/1270
f 1343/1343/1289 1327/1327/1274 1328/1328/1275
f 1312/1312/1259 1340/1340/1286 1326/1326/1273
f 1327/1327/1274 1344/1344/1290 1334/1334/1281
f 1328/1328/1275 1345/1345/1291 1343/1343/1289
f 1320/1320/1267 1326/1326/1273 1346/1346/1292
f 1325/1325/1272 1329/1329/1276 1347/1347/1293
f 1331/1331/1278 1320/1320/1267 1346/1346/1292
f 1344/1344/1290 1329/1329/1276 1334/1334/1281
f 1348/1348/1294 1333/1333/1280 1321/1321/1268
f 1323/1323/1270 1339/1339/1285 1342/1342/1288
f 1335/1335/1282 1349/1349/1295 1341/1341/1287
f 1350/1350/1296 1351/1351/1297 1324/1324/1271
f 1329/1329/1276 1352/1352/1298 1347/1347/1293
f 1328/1328/1275 1338/1338/1284 1345/1345/1291
f 1321/1321/1268 1342/1342/1288 1348/1348/1294
f 1331/1331/1278 1353/1353/1299 1332/1332/1279
f 1331/1331/1278 1346/1346/1292 1353/1353/1299
f 1354/1354/1300 1330/1330/1277 1325/1325/1272
f 1340/1340/1286 1324/1324/1271 1355/1355/1301
f 1324/1324/1271 1351/1351/1297 1355/1355/1301
f 1329/1329/1276 1356/1356/1302 1352/1352/1298
f 1329/1329/1276 1344/1344/1290 1356/1356/1302
f 1332/1332/1279 1353/1353/1299 1357/1357/1303
f 1327/1327/1274 1343/1343/1289 1344/1344/1290
f 1325/1325/1272 1347/1347/1293 1354/1354/1300
f 1330/1330/1277 1354/1354/1300 1358/1358/1304
f 1330/1330/1277 1359/1359/1305 1339/1339/1285
f 1359/1359/1305 1342/1342/1288 1339/1339/1285
f 1342/1342/1288 1360/1360/1306 1348/1348/1294
f 1332/1332/1279 1357/1357/1303 1338/1338/1284
f 1360/1360/1306 1361/1361/1307 1348/1348/1294
f 1347/1347/1293 1352/1352/1298 1362/1362/1308
f 1363/1363/1309 1352/1352/1298 1356/1356/1302
f 1343/1343/1289 1345/1345/1291 1364/1364/1310
f 1357/1357/1303 1353/1353/1299 1365/1365/1311
f 1366/1366/1312 1340/1340/1286 1355/1355/1301
f 1367/1367/1313 1347/1347/1293 1362/1362/1308
f 1368/1368/1314 1344/1344/1290 1343/1343/1289
f 1330/1330/1277 1358/1358/1304 1359/1359/1305
f 1359/1359/1305 1360/1360/1306 1342/1342/1288
f 1362/1362/1308 1363/1363/1309 1356/1356/1302
f 1356/1356/1302 1344/1344/1290 1369/1369/1315
f 1338/1338/1284 1357/1357/1303 1370/1370/1316
f 1362/1362/1308 1352/1352/1298 1363/1363/1309
f 1347/1347/1293 1367/1367/1313 1371/1371/1317
f 1344/1344/1290 1368/1368/1314 1369/1369/1315
f 1338/1338/1284 1370/1370/1316 1345/1345/1291
f 1343/1343/1289 1364/1364/1310 1368/1368/1314
f 1355/1355/1301 1351/1351/1297 1372/1372/1318
f 1346/1346/1292 1365/1365/1311 1353/1353/1299
f 1362/1362/1308 1356/1356/1302 1367/1367/1313
f 1347/1347/1293 1371/1371/1317 1354/1354/1300
f 1373/1373/1319 1360/1360/1306 1359/1359/1305
f 1326/1326/1273 1340/1340/1286 1374/1374/1320
f 1356/1356/1302 1369/1369/1315 1367/1367/1313
f 1375/1375/1321 1366/1366/1312 1355/1355/1301
f 1374/1374/1320 1346/1346/1292 1326/1326/1273
f 1365/1365/1311 1370/1370/1316 1357/1357/1303
f 1372/1372/1318 1375/1375/1321 1355/1355/1301
f 1373/1373/1319 1361/1361/1307 1360/1360/1306
f 1354/1354/1300 1376/1376/1322 1358/1358/1304
f 1370/1370/1316 1365/1365/1311 1377/1377/1323
f 1340/1340/1286 1366/1366/1312 1378/1378/1324
f 1364/1364/1310 1345/1345/1291 1379/1379/1325
f 1345/1345/1291 1370/1370/1316 1379/1379/1325
f 1359/1359/1305 1358/1358/1304 1380/1380/1326
f 1367/1367/1313 1369/1369/1315 1381/1381/1327
f 1340/1340/1286 1378/1378/1324 1374/1374/1320
f 1368/1368/1314 1364/1364/1310 1382/1382/1328
f 1373/1373/1319 1359/1359/1305 1383/1383/1329
f 1368/1368/1314 1382/1382/1328 1369/1369/1315
f 1366/1366/1312 1384/1384/1330 1378/1378/1324
f 1366/1366/1312 1375/1375/1321 1384/1384/1330
f 1358/1358/1304 1376/1376/1322 1380/1380/1326
f 1385/1385/1331 1346/1346/1292 1374/1374/1320
f 1359/1359/1305 1380/1380/1326 1383/1383/1329
f 1367/1367/1313 1381/1381/1327 1371/1371/1317
f 1365/1365/1311 1346/1346/1292 1377/1377/1323
f 1364/1364/1310 1379/1379/1325 1382/1382/1328
f 1385/1385/1331 1374/1374/1320 1386/1386/1332
f 1354/1354/1300 1371/1371/1317 1387/1387/1333
f 1377/1377/1323 1346/1346/1292 1385/1385/1331
f 1387/1387/1333 1376/1376/1322 1354/1354/1300
f 1376/1376/1322 1383/1383/1329 1380/1380/1326
f 1374/1374/1320 1378/1378/1324 1388/1388/1334
f 1386/1386/1332 1374/1374/1320 1388/1388/1334
f 1388/1388/1334 1378/1378/1324 1389/1389/1335
f 1378/1378/1324 1384/1384/1330 1389/1389/1335
f 1369/1369/1315 1390/1390/1336 1381/1381/1327
f 1391/1391/1337 1388/1388/1334 1389/1389/1335
f 1377/1377/1323 1385/1385/1331 1392/1392/1338
f 1393/1393/1339 1385/1385/1331 1386/1386/1332
f 1394/1394/1340 1391/1391/1337 1389/1389/1335
f 1384/1384/1330 1394/1394/1340 1389/1389/1335
f 1376/1376/1322 1395/1395/1341 1383/1383/1329
f 1386/1386/1332 1388/1388/1334 1396/1396/1342
f 1379/1379/1325 1370/1370/1316 1397/1397/1343
f 1398/1398/1344 1393/1393/1339 1386/1386/1332
f 1398/1398/1344 1386/1386/1332 1396/1396/1342
f 1387/1387/1333 1395/1395/1341 1376/1376/1322
f 1385/1385/1331 1393/1393/1339 1392/1392/1338
f 1370/1370/1316 1377/1377/1323 1397/1397/1343
f 1383/1383/1329 1395/1395/1341 1399/1399/1345
f 1388/1388/1334 1391/1391/1337 1396/1396/1342
f 1369/1369/1315 1382/1382/1328 1390/1390/1336
f 1391/1391/1337 1394/1394/1340 1396/1396/1342
f 1375/1375/1321 1394/1394/1340 1384/1384/1330
f 1371/1371/1317 1381/1381/1327 1387/1387/1333
f 1375/1375/1321 1400/1400/1346 1394/1394/1340
f 1377/1377/1323 1392/1392/1338 1401/1401/1347
f 1381/1381/1327 1390/1390/1336 1402/1402/1348
f 1397/1397/1343 1377/1377/1323 1401/1401/1347
f 1393/1393/1339 1398/1398/1344 1403/1403/1349
f 1395/1395/1341 1387/1387/1333 1404/1404/1350
f 1392/1392/1338 1393/1393/1339 1403/1403/1349
f 1381/1381/1327 1402/1402/1348 1387/1387/1333
f 1379/1379/1325 1397/1397/1343 1382/1382/1328
f 1404/1404/1350 1405/1405/1351 1395/1395/1341
f 1387/1387/1333 1402/1402/1348 1406/1406/1352
f 1395/1395/1341 1405/1405/1351 1399/1399/1345
f 1404/1404/1350 1387/1387/1333 1406/1406/1352
f 1392/1392/1338 1403/1403/1349 1401/1401/1347
f 1405/1405/1351 1404/1404/1350 1406/1406/1352
f 1398/1398/1344 1396/1396/1342 1407/1407/1353
f 1398/1398/1344 1408/1408/1354 1403/1403/1349
f 1409/1409/1355 1410/1410/1356 1400/1400/1346
f 1410/1410/1356 1394/1394/1340 1400/1400/1346
f 1394/1394/1340 1410/1410/1356 1396/1396/1342
f 1396/1396/1342 1410/1410/1356 1407/1407/1353
f 1403/1403/1349 1411/1411/1357 1401/1401/1347
f 1382/1382/1328 1397/1397/1343 1412/1412/1358
f 1408/1408/1354 1398/1398/1344 1407/1407/1353
f 1390/1390/1336 1413/1413/1359 1402/1402/1348
f 1408/1408/1354 1414/1414/1360 1403/1403/1349
f 1406/1406/1352 1402/1402/1348 1413/1413/1359
f 1412/1412/1358 1397/1397/1343 1401/1401/1347
f 1411/1411/1357 1403/1403/1349 1414/1414/1360
f 1390/1390/1336 1382/1382/1328 1415/1415/1361
f 1382/1382/1328 1412/1412/1358 1415/1415/1361
f 1406/1406/1352 1413/1413/1359 1416/1416/1362
f 1417/1417/1363 1414/1414/1360 1408/1408/1354
f 1414/1414/1360 1417/1417/1363 1411/1411/1357
f 1410/1410/1356 1409/1409/1355 1418/1418/1364
f 1408/1408/1354 1407/1407/1353 1417/1417/1363
f 1413/1413/1359 1390/1390/1336 1419/1419/1365
f 1419/1419/1365 1390/1390/1336 1415/1415/1361
f 1417/1417/1363 1420/1420/1366 1411/1411/1357
f 1411/1411/1357 1420/1420/1366 1401/1401/1347
f 1413/1413/1359 1419/1419/1365 1416/1416/1362
f 1417/1417/1363 1407/1407/1353 1421/1421/1367
f 1418/1418/1364 1422/1422/1368 1410/1410/1356
f 1407/1407/1353 1410/1410/1356 1422/1422/1368
f 1415/1415/1361 1423/1423/1369 1419/1419/1365
f 1401/1401/1347 1424/1424/1370 1412/1412/1358
f 1415/1415/1361 1425/1425/1371 1423/1423/1369
f 1415/1415/1361 1412/1412/1358 1426/1426/1372
f 1427/1427/1373 1422/1422/1368 1418/1418/1364
f 1424/1424/1370 1401/1401/1347 1420/1420/1366
f 1415/1415/1361 1426/1426/1372 1425/1425/1371
f 1407/1407/1353 1422/1422/1368 1421/1421/1367
f 1417/1417/1363 1421/1421/1367 1420/1420/1366
f 1412/1412/1358 1424/1424/1370 1426/1426/1372
f 1421/1421/1367 1428/1428/1374 1420/1420/1366
f 1421/1421/1367 1422/1422/1368 1427/1427/1373
f 1421/1421/1367 1427/1427/1373 1428/1428/1374
f 1420/1420/1366 1428/1428/1374 1429/1429/1375
f 1424/1424/1370 1420/1420/1366 1429/1429/1375
f 1426/1426/1372 1424/1424/1370 1429/1429/1375
f 1143/1143/1105 1133/1133/1097 1137/1137/1101
f 1430/1430/1376 1431/1431/1377 1432/1432/146
f 1431/1431/1377 1433/1433/1378 1434/1434/109
f 1430/1430/1376 1433/1433/1378 1431/1431/1377
f 1432/1432/146 1435/1435/150 1430/1430/1376
f 1434/1434/109 1436/1436/1379 1437/1437/119
f 1438/1438/115 1439/1439/118 1440/1440/1380
f 1441/1441/117 1442/1442/116 1443/1443/1381
f 1441/1441/117 1444/1444/1382 1445/1445/121
f 1436/1436/1379 1434/1434/109 1433/1433/1378
f 1438/1438/115 1446/1446/1383 1442/1442/116
f 1441/1441/117 1443/1443/1381 1444/1444/1382
f 1446/1446/1383 1438/1438/115 1440/1440/1380
f 1433/1433/1378 1430/1430/1376 1447/1447/1384
f 1446/1446/1383 1440/1440/1380 1448/1448/1385
f 1443/1443/1381 1442/1442/116 1446/1446/1383
f 1437/1437/119 1436/1436/1379 1449/1449/1386
f 1443/1443/1381 1446/1446/1383 1448/1448/1385
f 1436/1436/1379 1433/1433/1378 1450/1450/1387
f 1445/1445/121 1444/1444/1382 1451/1451/1388
f 1451/1451/1388 1452/1452/124 1445/1445/121
f 1450/1450/1387 1433/1433/1378 1447/1447/1384
f 1449/1449/1386 1436/1436/1379 1453/1453/1389
f 1452/1452/124 1454/1454/1390 1455/1455/1391
f 1430/1430/1376 1435/1435/150 1447/1447/1384
f 1443/1443/1381 1456/1456/1392 1444/1444/1382
f 1437/1437/119 1457/1457/1393 1458/1458/1394
f 1448/1448/1385 1456/1456/1392 1443/1443/1381
f 1449/1449/1386 1457/1457/1393 1437/1437/119
f 1459/1459/1395 1448/1448/1385 1440/1440/1380
f 1444/1444/1382 1456/1456/1392 1451/1451/1388
f 1453/1453/1389 1436/1436/1379 1450/1450/1387
f 1460/1460/129 1459/1459/1395 1440/1440/1380
f 1458/1458/1394 1461/1461/1396 1462/1462/1397
f 1461/1461/1396 1463/1463/132 1462/1462/1397
f 1463/1463/132 1459/1459/1395 1460/1460/129
f 1449/1449/1386 1453/1453/1389 1457/1457/1393
f 1463/1463/132 1464/1464/1398 1459/1459/1395
f 1465/1465/1399 1466/1466/1400 1467/1467/1401
f 1467/1467/1401 1468/1468/1402 1465/1465/1399
f 1469/1469/1403 1450/1450/1387 1447/1447/1384
f 1452/1452/124 1470/1470/1404 1454/1454/1390
f 1455/1455/1391 1467/1467/1401 1466/1466/1400
f 1458/1458/1394 1471/1471/1405 1461/1461/1396
f 1470/1470/1404 1455/1455/1391 1454/1454/1390
f 1450/1450/1387 1472/1472/1406 1453/1453/1389
f 1461/1461/1396 1464/1464/1398 1463/1463/132
f 1458/1458/1394 1457/1457/1393 1471/1471/1405
f 1470/1470/1404 1452/1452/124 1473/1473/1407
f 1448/1448/1385 1474/1474/1408 1456/1456/1392
f 1474/1474/1408 1451/1451/1388 1456/1456/1392
f 1452/1452/124 1451/1451/1388 1473/1473/1407
f 1467/1467/1401 1475/1475/1409 1468/1468/1402
f 1450/1450/1387 1469/1469/1403 1472/1472/1406
f 1457/1457/1393 1453/1453/1389 1476/1476/1410
f 1461/1461/1396 1477/1477/1411 1464/1464/1398
f 1461/1461/1396 1471/1471/1405 1477/1477/1411
f 1457/1457/1393 1478/1478/1412 1471/1471/1405
f 1455/1455/1391 1470/1470/1404 1467/1467/1401
f 1469/1469/1403 1447/1447/1384 1479/1479/1413
f 1476/1476/1410 1478/1478/1412 1457/1457/1393
f 1435/1435/150 1479/1479/1413 1447/1447/1384
f 1480/1480/1414 1467/1467/1401 1470/1470/1404
f 1453/1453/1389 1481/1481/1415 1476/1476/1410
f 1448/1448/1385 1459/1459/1395 1474/1474/1408
f 1481/1481/1415 1453/1453/1389 1472/1472/1406
f 1477/1477/1411 1459/1459/1395 1464/1464/1398
f 1451/1451/1388 1482/1482/1416 1473/1473/1407
f 1470/1470/1404 1473/1473/1407 1483/1483/1417
f 1483/1483/1417 1480/1480/1414 1470/1470/1404
f 1484/1484/1418 1471/1471/1405 1478/1478/1412
f 1484/1484/1418 1477/1477/1411 1471/1471/1405
f 1467/1467/1401 1485/1485/1009 1475/1475/1409
f 1480/1480/1414 1483/1483/1417 1486/1486/1419
f 1485/1485/1009 1467/1467/1401 1480/1480/1414
f 1474/1474/1408 1487/1487/1420 1451/1451/1388
f 1480/1480/1414 1486/1486/1419 1485/1485/1009
f 1435/1435/150 1488/1488/155 1479/1479/1413
f 1459/1459/1395 1477/1477/1411 1489/1489/1421
f 1474/1474/1408 1459/1459/1395 1487/1487/1420
f 1490/1490/1422 1469/1469/1403 1479/1479/1413
f 1490/1490/1422 1472/1472/1406 1469/1469/1403
f 1487/1487/1420 1482/1482/1416 1451/1451/1388
f 1478/1478/1412 1491/1491/1423 1484/1484/1418
f 1473/1473/1407 1492/1492/1424 1483/1483/1417
f 1472/1472/1406 1490/1490/1422 1481/1481/1415
f 1459/1459/1395 1489/1489/1421 1493/1493/1425
f 1486/1486/1419 1494/1494/1426 1485/1485/1009
f 1495/1495/1014 1485/1485/1009 1494/1494/1426
f 1478/1478/1412 1476/1476/1410 1496/1496/1427
f 1496/1496/1427 1491/1491/1423 1478/1478/1412
f 1496/1496/1427 1476/1476/1410 1481/1481/1415
f 1482/1482/1416 1492/1492/1424 1473/1473/1407
f 1497/1497/1428 1482/1482/1416 1487/1487/1420
f 1479/1479/1413 1498/1498/1429 1490/1490/1422
f 1477/1477/1411 1499/1499/1430 1489/1489/1421
f 1493/1493/1425 1487/1487/1420 1459/1459/1395
f 1483/1483/1417 1494/1494/1426 1486/1486/1419
f 1484/1484/1418 1499/1499/1430 1477/1477/1411
f 1498/1498/1429 1479/1479/1413 1488/1488/155
f 1500/1500/1431 1494/1494/1426 1483/1483/1417
f 1490/1490/1422 1501/1501/1432 1481/1481/1415
f 1481/1481/1415 1502/1502/1433 1496/1496/1427
f 1488/1488/155 1503/1503/1434 1498/1498/1429
f 1504/1504/1435 1497/1497/1428 1487/1487/1420
f 1493/1493/1425 1504/1504/1435 1487/1487/1420
f 1505/1505/1436 1484/1484/1418 1491/1491/1423
f 1498/1498/1429 1501/1501/1432 1490/1490/1422
f 1501/1501/1432 1502/1502/1433 1481/1481/1415
f 1484/1484/1418 1506/1506/1437 1499/1499/1430
f 1500/1500/1431 1483/1483/1417 1492/1492/1424
f 1502/1502/1433 1507/1507/1438 1496/1496/1427
f 1491/1491/1423 1496/1496/1427 1507/1507/1438
f 1497/1497/1428 1492/1492/1424 1482/1482/1416
f 1493/1493/1425 1508/1508/1439 1504/1504/1435
f 1494/1494/1426 1509/1509/1440 1495/1495/1014
f 1493/1493/1425 1489/1489/1421 1499/1499/1430
f 1498/1498/1429 1503/1503/1434 1510/1510/172
f 1505/1505/1436 1506/1506/1437 1484/1484/1418
f 1511/1511/1441 1508/1508/1439 1493/1493/1425
f 1512/1512/1442 1494/1494/1426 1500/1500/1431
f 1491/1491/1423 1507/1507/1438 1505/1505/1436
f 1499/1499/1430 1511/1511/1441 1493/1493/1425
f 1494/1494/1426 1513/1513/1443 1509/1509/1440
f 1514/1514/1444 1513/1513/1443 1494/1494/1426
f 1494/1494/1426 1512/1512/1442 1514/1514/1444
f 1500/1500/1431 1515/1515/1445 1512/1512/1442
f 1504/1504/1435 1508/1508/1439 1497/1497/1428
f 1513/1513/1443 1514/1514/1444 1512/1512/1442
f 1510/1510/172 1516/1516/1446 1498/1498/1429
f 1498/1498/1429 1516/1516/1446 1501/1501/1432
f 1517/1517/1447 1502/1502/1433 1501/1501/1432
f 1506/1506/1437 1518/1518/1448 1499/1499/1430
f 1519/1519/1449 1506/1506/1437 1505/1505/1436
f 1520/1520/1450 1513/1513/1443 1512/1512/1442
f 1513/1513/1443 1521/1521/1451 1509/1509/1440
f 1517/1517/1447 1507/1507/1438 1502/1502/1433
f 1519/1519/1449 1518/1518/1448 1506/1506/1437
f 1516/1516/1446 1517/1517/1447 1501/1501/1432
f 1507/1507/1438 1522/1522/1452 1505/1505/1436
f 1523/1523/1453 1511/1511/1441 1499/1499/1430
f 1492/1492/1424 1515/1515/1445 1500/1500/1431
f 1521/1521/1451 1524/1524/1454 1509/1509/1440
f 1510/1510/172 1503/1503/1434 1525/1525/169
f 1512/1512/1442 1515/1515/1445 1520/1520/1450
f 1505/1505/1436 1526/1526/1455 1519/1519/1449
f 1507/1507/1438 1517/1517/1447 1527/1527/1456
f 1522/1522/1452 1526/1526/1455 1505/1505/1436
f 1528/1528/1457 1492/1492/1424 1497/1497/1428
f 1527/1527/1456 1522/1522/1452 1507/1507/1438
f 1521/1521/1451 1513/1513/1443 1520/1520/1450
f 1492/1492/1424 1529/1529/1458 1515/1515/1445
f 1511/1511/1441 1523/1523/1453 1508/1508/1439
f 1510/1510/172 1530/1530/171 1516/1516/1446
f 1518/1518/1448 1523/1523/1453 1499/1499/1430
f 1528/1528/1457 1529/1529/1458 1492/1492/1424
f 1531/1531/1459 1527/1527/1456 1517/1517/1447
f 1532/1532/1460 1519/1519/1449 1526/1526/1455
f 1519/1519/1449 1532/1532/1460 1518/1518/1448
f 1521/1521/1451 1533/1533/1461 1524/1524/1454
f 1518/1518/1448 1532/1532/1460 1534/1534/1462
f 1508/1508/1439 1528/1528/1457 1497/1497/1428
f 1535/1535/1463 1521/1521/1451 1520/1520/1450
f 1518/1518/1448 1534/1534/1462 1523/1523/1453
f 1522/1522/1452 1527/1527/1456 1526/1526/1455
f 1533/1533/1461 1521/1521/1451 1536/1536/1464
f 1516/1516/1446 1531/1531/1459 1517/1517/1447
f 1515/1515/1445 1535/1535/1463 1520/1520/1450
f 1521/1521/1451 1535/1535/1463 1536/1536/1464
f 1528/1528/1457 1537/1537/1465 1529/1529/1458
f 1524/1524/1454 1533/1533/1461 1538/1538/1028
f 1539/1539/1466 1516/1516/1446 1530/1530/171
f 1523/1523/1453 1528/1528/1457 1508/1508/1439
f 1531/1531/1459 1516/1516/1446 1540/1540/1467
f 1531/1531/1459 1541/1541/1468 1527/1527/1456
f 1534/1534/1462 1542/1542/1469 1523/1523/1453
f 1533/1533/1461 1543/1543/1034 1538/1538/1028
f 1526/1526/1455 1527/1527/1456 1532/1532/1460
f 1540/1540/1467 1541/1541/1468 1531/1531/1459
f 1544/1544/1470 1515/1515/1445 1529/1529/1458
f 1545/1545/1471 1535/1535/1463 1515/1515/1445
f 1546/1546/180 1539/1539/1466 1530/1530/171
f 1536/1536/1464 1543/1543/1034 1533/1533/1461
f 1547/1547/1472 1516/1516/1446 1539/1539/1466
f 1548/1548/1473 1532/1532/1460 1527/1527/1456
f 1534/1534/1462 1532/1532/1460 1549/1549/1474
f 1536/1536/1464 1535/1535/1463 1545/1545/1471
f 1516/1516/1446 1547/1547/1472 1540/1540/1467
f 1515/1515/1445 1544/1544/1470 1545/1545/1471
f 1534/1534/1462 1549/1549/1474 1542/1542/1469
f 1528/1528/1457 1523/1523/1453 1550/1550/1475
f 1539/1539/1466 1551/1551/1476 1547/1547/1472
f 1546/1546/180 1551/1551/1476 1539/1539/1466
f 1548/1548/1473 1549/1549/1474 1532/1532/1460
f 1548/1548/1473 1527/1527/1456 1552/1552/1477
f 1523/1523/1453 1542/1542/1469 1553/1553/1478
f 1541/1541/1468 1552/1552/1477 1527/1527/1456
f 1542/1542/1469 1549/1549/1474 1553/1553/1478
f 1545/1545/1471 1554/1554/1479 1536/1536/1464
f 1554/1554/1479 1543/1543/1034 1536/1536/1464
f 1550/1550/1475 1523/1523/1453 1553/1553/1478
f 1537/1537/1465 1528/1528/1457 1550/1550/1475
f 1537/1537/1465 1555/1555/1480 1529/1529/1458
f 1547/1547/1472 1556/1556/1481 1540/1540/1467
f 1557/1557/1482 1549/1549/1474 1548/1548/1473
f 1554/1554/1479 1558/1558/1483 1543/1543/1034
f 1544/1544/1470 1559/1559/1484 1545/1545/1471
f 1545/1545/1471 1559/1559/1484 1554/1554/1479
f 1551/1551/1476 1546/1546/180 1560/1560/185
f 1555/1555/1480 1544/1544/1470 1529/1529/1458
f 1540/1540/1467 1556/1556/1481 1541/1541/1468
f 1543/1543/1034 1558/1558/1483 1561/1561/1040
f 1557/1557/1482 1562/1562/1485 1549/1549/1474
f 1550/1550/1475 1563/1563/1486 1537/1537/1465
f 1558/1558/1483 1554/1554/1479 1559/1559/1484
f 1564/1564/1487 1547/1547/1472 1551/1551/1476
f 1552/1552/1477 1557/1557/1482 1548/1548/1473
f 1556/1556/1481 1565/1565/1488 1541/1541/1468
f 1565/1565/1488 1552/1552/1477 1541/1541/1468
f 1537/1537/1465 1566/1566/1489 1555/1555/1480
f 1551/1551/1476 1560/1560/185 1564/1564/1487
f 1550/1550/1475 1553/1553/1478 1567/1567/1490
f 1567/1567/1490 1568/1568/1491 1550/1550/1475
f 1553/1553/1478 1549/1549/1474 1562/1562/1485
f 1569/1569/1492 1553/1553/1478 1562/1562/1485
f 1555/1555/1480 1570/1570/1493 1544/1544/1470
f 1556/1556/1481 1547/1547/1472 1571/1571/1494
f 1559/1559/1484 1572/1572/1495 1558/1558/1483
f 1571/1571/1494 1565/1565/1488 1556/1556/1481
f 1569/1569/1492 1567/1567/1490 1553/1553/1478
f 1566/1566/1489 1570/1570/1493 1555/1555/1480
f 1561/1561/1040 1558/1558/1483 1573/1573/1496
f 1573/1573/1496 1558/1558/1483 1572/1572/1495
f 1557/1557/1482 1552/1552/1477 1574/1574/1497
f 1557/1557/1482 1574/1574/1497 1562/1562/1485
f 1559/1559/1484 1544/1544/1470 1572/1572/1495
f 1566/1566/1489 1537/1537/1465 1563/1563/1486
f 1565/1565/1488 1575/1575/1498 1552/1552/1477
f 1576/1576/1057 1561/1561/1040 1573/1573/1496
f 1564/1564/1487 1577/1577/1499 1547/1547/1472
f 1547/1547/1472 1577/1577/1499 1571/1571/1494
f 1568/1568/1491 1578/1578/1500 1550/1550/1475
f 1574/1574/1497 1569/1569/1492 1562/1562/1485
f 1569/1569/1492 1579/1579/1501 1567/1567/1490
f 1567/1567/1490 1579/1579/1501 1568/1568/1491
f 1552/1552/1477 1580/1580/1502 1574/1574/1497
f 1544/1544/1470 1581/1581/1503 1572/1572/1495
f 1574/1574/1497 1582/1582/1504 1569/1569/1492
f 1550/1550/1475 1578/1578/1500 1563/1563/1486
f 1570/1570/1493 1581/1581/1503 1544/1544/1470
f 1581/1581/1503 1583/1583/1505 1572/1572/1495
f 1572/1572/1495 1583/1583/1505 1573/1573/1496
f 1568/1568/1491 1579/1579/1501 1578/1578/1500
f 1565/1565/1488 1584/1584/1506 1575/1575/1498
f 1564/1564/1487 1585/1585/1507 1577/1577/1499
f 1552/1552/1477 1575/1575/1498 1580/1580/1502
f 1578/1578/1500 1586/1586/1508 1563/1563/1486
f 1566/1566/1489 1563/1563/1486 1587/1587/1509
f 1565/1565/1488 1571/1571/1494 1588/1588/1510
f 1571/1571/1494 1577/1577/1499 1589/1589/1511
f 1585/1585/1507 1589/1589/1511 1577/1577/1499
f 1574/1574/1497 1580/1580/1502 1582/1582/1504
f 1563/1563/1486 1586/1586/1508 1587/1587/1509
f 1569/1569/1492 1582/1582/1504 1579/1579/1501
f 1564/1564/1487 1590/1590/1512 1585/1585/1507
f 1587/1587/1509 1591/1591/1513 1566/1566/1489
f 1588/1588/1510 1571/1571/1494 1592/1592/1514
f 1566/1566/1489 1591/1591/1513 1570/1570/1493
f 1592/1592/1514 1571/1571/1494 1589/1589/1511
f 1586/1586/1508 1578/1578/1500 1593/1593/1515
f 1565/1565/1488 1588/1588/1510 1584/1584/1506
f 1581/1581/1503 1570/1570/1493 1594/1594/1516
f 1581/1581/1503 1595/1595/1517 1583/1583/1505
f 1573/1573/1496 1583/1583/1505 1595/1595/1517
f 1585/1585/1507 1596/1596/1518 1589/1589/1511
f 1594/1594/1516 1595/1595/1517 1581/1581/1503
f 1590/1590/1512 1597/1597/1519 1585/1585/1507
f 1591/1591/1513 1594/1594/1516 1570/1570/1493
f 1596/1596/1518 1592/1592/1514 1589/1589/1511
f 1586/1586/1508 1593/1593/1515 1587/1587/1509
f 1591/1591/1513 1587/1587/1509 1598/1598/1520
f 1597/1597/1519 1596/1596/1518 1585/1585/1507
f 1584/1584/1506 1599/1599/1521 1575/1575/1498
f 1575/1575/1498 1600/1600/1522 1580/1580/1502
f 1578/1578/1500 1579/1579/1501 1601/1601/1523
f 1582/1582/1504 1580/1580/1502 1600/1600/1522
f 1582/1582/1504 1602/1602/1524 1579/1579/1501
f 1603/1603/1525 1597/1597/1519 1590/1590/1512
f 1601/1601/1523 1593/1593/1515 1578/1578/1500
f 1587/1587/1509 1593/1593/1515 1604/1604/1526
f 1600/1600/1522 1605/1605/1527 1582/1582/1504
f 1584/1584/1506 1588/1588/1510 1606/1606/1528
f 1579/1579/1501 1607/1607/1529 1601/1601/1523
f 1600/1600/1522 1575/1575/1498 1599/1599/1521
f 1608/1608/1530 1602/1602/1524 1582/1582/1504
f 1601/1601/1523 1604/1604/1526 1593/1593/1515
f 1573/1573/1496 1609/1609/1066 1576/1576/1057
f 1601/1601/1523 1607/1607/1529 1610/1610/1531
f 1610/1610/1531 1604/1604/1526 1601/1601/1523
f 1596/1596/1518 1597/1597/1519 1611/1611/1532
f 1573/1573/1496 1595/1595/1517 1612/1612/1533
f 1603/1603/1525 1611/1611/1532 1597/1597/1519
f 1600/1600/1522 1599/1599/1521 1613/1613/1534
f 1612/1612/1533 1609/1609/1066 1573/1573/1496
f 1603/1603/1525 1614/1614/216 1611/1611/1532
f 1607/1607/1529 1579/1579/1501 1602/1602/1524
f 1606/1606/1528 1615/1615/1535 1584/1584/1506
f 1584/1584/1506 1615/1615/1535 1599/1599/1521
f 1616/1616/1536 1613/1613/1534 1599/1599/1521
f 1604/1604/1526 1617/1617/1537 1587/1587/1509
f 1618/1618/1538 1608/1608/1530 1582/1582/1504
f 1594/1594/1516 1591/1591/1513 1619/1619/1539
f 1587/1587/1509 1617/1617/1537 1598/1598/1520
f 1616/1616/1536 1599/1599/1521 1615/1615/1535
f 1605/1605/1527 1618/1618/1538 1582/1582/1504
f 1591/1591/1513 1598/1598/1520 1619/1619/1539
f 1605/1605/1527 1600/1600/1522 1613/1613/1534
f 1610/1610/1531 1607/1607/1529 1620/1620/1540
f 1611/1611/1532 1621/1621/1541 1596/1596/1518
f 1594/1594/1516 1622/1622/1542 1595/1595/1517
f 1620/1620/1540 1607/1607/1529 1602/1602/1524
f 1605/1605/1527 1613/1613/1534 1623/1623/1543
f 1596/1596/1518 1621/1621/1541 1624/1624/1544
f 1604/1604/1526 1610/1610/1531 1625/1625/1545
f 1612/1612/1533 1626/1626/1546 1609/1609/1066
f 1620/1620/1540 1625/1625/1545 1610/1610/1531
f 1627/1627/1547 1624/1624/1544 1621/1621/1541
f 1605/1605/1527 1623/1623/1543 1618/1618/1538
f 1602/1602/1524 1628/1628/1548 1620/1620/1540
f 1615/1615/1535 1629/1629/1549 1616/1616/1536
f 1617/1617/1537 1630/1630/1550 1598/1598/1520
f 1611/1611/1532 1627/1627/1547 1621/1621/1541
f 1619/1619/1539 1622/1622/1542 1594/1594/1516
f 1623/1623/1543 1613/1613/1534 1631/1631/1551
f 1630/1630/1550 1619/1619/1539 1598/1598/1520
f 1622/1622/1542 1632/1632/1552 1595/1595/1517
f 1628/1628/1548 1602/1602/1524 1633/1633/1553
f 1628/1628/1548 1625/1625/1545 1620/1620/1540
f 1614/1614/216 1634/1634/1554 1611/1611/1532
f 1611/1611/1532 1634/1634/1554 1627/1627/1547
f 1608/1608/1530 1633/1633/1553 1602/1602/1524
f 1635/1635/1555 1636/1636/1556 1615/1615/1535
f 1619/1619/1539 1637/1637/1557 1622/1622/1542
f 1595/1595/1517 1632/1632/1552 1612/1612/1533
f 1636/1636/1556 1629/1629/1549 1615/1615/1535
f 1618/1618/1538 1638/1638/1558 1608/1608/1530
f 1634/1634/1554 1639/1639/1559 1627/1627/1547
f 1629/1629/1549 1640/1640/1560 1616/1616/1536
f 1616/1616/1536 1641/1641/1561 1613/1613/1534
f 1616/1616/1536 1640/1640/1560 1641/1641/1561
f 1637/1637/1557 1632/1632/1552 1622/1622/1542
f 1614/1614/216 1642/1642/222 1634/1634/1554
f 1618/1618/1538 1623/1623/1543 1643/1643/1562
f 1643/1643/1562 1638/1638/1558 1618/1618/1538
f 1625/1625/1545 1617/1617/1537 1604/1604/1526
f 1633/1633/1553 1644/1644/1563 1628/1628/1548
f 1628/1628/1548 1645/1645/1564 1625/1625/1545
f 1631/1631/1551 1643/1643/1562 1623/1623/1543
f 1637/1637/1557 1619/1619/1539 1646/1646/1565
f 1642/1642/222 1647/1647/1566 1634/1634/1554
f 1619/1619/1539 1630/1630/1550 1646/1646/1565
f 1612/1612/1533 1648/1648/1567 1626/1626/1546
f 1634/1634/1554 1647/1647/1566 1639/1639/1559
f 1617/1617/1537 1625/1625/1545 1645/1645/1564
f 1612/1612/1533 1632/1632/1552 1649/1649/1568
f 1629/1629/1549 1636/1636/1556 1650/1650/1569
f 1638/1638/1558 1643/1643/1562 1651/1651/1570
f 1638/1638/1558 1652/1652/1571 1608/1608/1530
f 1648/1648/1567 1612/1612/1533 1649/1649/1568
f 1613/1613/1534 1653/1653/1572 1631/1631/1551
f 1630/1630/1550 1617/1617/1537 1654/1654/1573
f 1629/1629/1549 1650/1650/1569 1640/1640/1560
f 1641/1641/1561 1653/1653/1572 1613/1613/1534
f 1651/1651/1570 1652/1652/1571 1638/1638/1558
f 1644/1644/1563 1645/1645/1564 1628/1628/1548
f 1632/1632/1552 1637/1637/1557 1655/1655/1574
f 1648/1648/1567 1656/1656/1080 1626/1626/1546
f 1631/1631/1551 1657/1657/1575 1643/1643/1562
f 1633/1633/1553 1608/1608/1530 1652/1652/1571
f 1658/1658/1576 1630/1630/1550 1654/1654/1573
f 1658/1658/1576 1659/1659/1577 1630/1630/1550
f 1632/1632/1552 1655/1655/1574 1649/1649/1568
f 1631/1631/1551 1653/1653/1572 1657/1657/1575
f 1654/1654/1573 1660/1660/1578 1658/1658/1576
f 1647/1647/1566 1661/1661/1579 1639/1639/1559
f 1652/1652/1571 1662/1662/1580 1633/1633/1553
f 1645/1645/1564 1663/1663/1581 1617/1617/1537
f 1640/1640/1560 1664/1664/1582 1641/1641/1561
f 1665/1665/1583 1656/1656/1080 1648/1648/1567
f 1641/1641/1561 1664/1664/1582 1666/1666/1584
f 1655/1655/1574 1637/1637/1557 1646/1646/1565
f 1645/1645/1564 1644/1644/1563 1667/1667/1585
f 1647/1647/1566 1642/1642/222 1668/1668/1586
f 1633/1633/1553 1669/1669/1587 1644/1644/1563
f 1660/1660/1578 1659/1659/1577 1658/1658/1576
f 1646/1646/1565 1630/1630/1550 1670/1670/1588
f 1647/1647/1566 1668/1668/1586 1661/1661/1579
f 1641/1641/1561 1666/1666/1584 1653/1653/1572
f 1657/1657/1575 1651/1651/1570 1643/1643/1562
f 1671/1671/1589 1654/1654/1573 1617/1617/1537
f 1644/1644/1563 1669/1669/1587 1667/1667/1585
f 1645/1645/1564 1672/1672/1590 1663/1663/1581
f 1662/1662/1580 1669/1669/1587 1633/1633/1553
f 1645/1645/1564 1667/1667/1585 1672/1672/1590
f 1652/1652/1571 1651/1651/1570 1673/1673/1591
f 1617/1617/1537 1663/1663/1581 1671/1671/1589
f 1671/1671/1589 1663/1663/1581 1674/1674/1592
f 1675/1675/230 1668/1668/1586 1642/1642/222
f 1659/1659/1577 1670/1670/1588 1630/1630/1550
f 1646/1646/1565 1649/1649/1568 1655/1655/1574
f 1653/1653/1572 1676/1676/1593 1657/1657/1575
f 1660/1660/1578 1654/1654/1573 1677/1677/1594
f 1668/1668/1586 1678/1678/1595 1661/1661/1579
f 1673/1673/1591 1662/1662/1580 1652/1652/1571
f 1667/1667/1585 1679/1679/1596 1672/1672/1590
f 1674/1674/1592 1663/1663/1581 1680/1680/1597
f 1660/1660/1578 1677/1677/1594 1659/1659/1577
f 1663/1663/1581 1672/1672/1590 1680/1680/1597
f 1677/1677/1594 1654/1654/1573 1681/1681/1598
f 1649/1649/1568 1682/1682/1599 1648/1648/1567
f 1669/1669/1587 1683/1683/1600 1667/1667/1585
f 1661/1661/1579 1678/1678/1595 1684/1684/1601
f 1684/1684/1601 1685/1685/1602 1661/1661/1579
f 1671/1671/1589 1681/1681/1598 1654/1654/1573
f 1677/1677/1594 1686/1686/1603 1659/1659/1577
f 1649/1649/1568 1646/1646/1565 1682/1682/1599
f 1666/1666/1584 1676/1676/1593 1653/1653/1572
f 1662/1662/1580 1687/1687/1604 1669/1669/1587
f 1683/1683/1600 1669/1669/1587 1687/1687/1604
f 1677/1677/1594 1681/1681/1598 1686/1686/1603
f 1659/1659/1577 1686/1686/1603 1670/1670/1588
f 1683/1683/1600 1679/1679/1596 1667/1667/1585
f 1673/1673/1591 1688/1688/1605 1662/1662/1580
f 1684/1684/1601 1689/1689/1606 1685/1685/1602
f 1690/1690/1607 1685/1685/1602 1689/1689/1606
f 1688/1688/1605 1687/1687/1604 1662/1662/1580
f 1691/1691/1608 1681/1681/1598 1671/1671/1589
f 1678/1678/1595 1692/1692/1609 1684/1684/1601
f 1648/1648/1567 1693/1693/1610 1665/1665/1583
f 1648/1648/1567 1682/1682/1599 1693/1693/1610
f 1684/1684/1601 1692/1692/1609 1689/1689/1606
f 1672/1672/1590 1694/1694/1611 1680/1680/1597
f 1691/1691/1608 1671/1671/1589 1674/1674/1592
f 1668/1668/1586 1692/1692/1609 1678/1678/1595
f 1681/1681/1598 1695/1695/1612 1686/1686/1603
f 1675/1675/230 1696/1696/1613 1668/1668/1586
f 1683/1683/1600 1697/1697/1614 1679/1679/1596
f 1694/1694/1611 1672/1672/1590 1679/1679/1596
f 1694/1694/1611 1674/1674/1592 1680/1680/1597
f 1696/1696/1613 1692/1692/1609 1668/1668/1586
f 1690/1690/1607 1689/1689/1606 1698/1698/1615
f 1699/1699/1616 1690/1690/1607 1698/1698/1615
f 1697/1697/1614 1683/1683/1600 1687/1687/1604
f 1700/1700/1617 1694/1694/1611 1679/1679/1596
f 1646/1646/1565 1701/1701/1618 1682/1682/1599
f 1679/1679/1596 1697/1697/1614 1700/1700/1617
f 1686/1686/1603 1702/1702/1619 1670/1670/1588
f 1670/1670/1588 1701/1701/1618 1646/1646/1565
f 1692/1692/1609 1703/1703/1620 1689/1689/1606
f 1691/1691/1608 1704/1704/1621 1681/1681/1598
f 1704/1704/1621 1691/1691/1608 1674/1674/1592
f 1686/1686/1603 1695/1695/1612 1702/1702/1619
f 1693/1693/1610 1682/1682/1599 1705/1705/1622
f 1706/1706/1623 1688/1688/1605 1673/1673/1591
f 1695/1695/1612 1681/1681/1598 1704/1704/1621
f 1694/1694/1611 1707/1707/1624 1674/1674/1592
f 1702/1702/1619 1695/1695/1612 1708/1708/1625
f 1701/1701/1618 1705/1705/1622 1682/1682/1599
f 1675/1675/230 1709/1709/240 1696/1696/1613
f 1710/1710/1626 1687/1687/1604 1688/1688/1605
f 1687/1687/1604 1710/1710/1626 1697/1697/1614
f 1700/1700/1617 1707/1707/1624 1694/1694/1611
f 1704/1704/1621 1708/1708/1625 1695/1695/1612
f 1703/1703/1620 1698/1698/1615 1689/1689/1606
f 1674/1674/1592 1707/1707/1624 1704/1704/1621
f 1711/1711/1627 1703/1703/1620 1692/1692/1609
f 1696/1696/1613 1711/1711/1627 1692/1692/1609
f 1704/1704/1621 1707/1707/1624 1712/1712/1628
f 1702/1702/1619 1713/1713/1629 1670/1670/1588
f 1707/1707/1624 1714/1714/1630 1712/1712/1628
f 1710/1710/1626 1715/1715/1631 1697/1697/1614
f 1701/1701/1618 1716/1716/1632 1705/1705/1622
f 1700/1700/1617 1697/1697/1614 1715/1715/1631
f 1708/1708/1625 1713/1713/1629 1702/1702/1619
f 1717/1717/1633 1703/1703/1620 1711/1711/1627
f 1718/1718/1634 1696/1696/1613 1719/1719/1635
f 1696/1696/1613 1718/1718/1634 1711/1711/1627
f 1720/1720/1636 1698/1698/1615 1703/1703/1620
f 1711/1711/1627 1721/1721/1637 1717/1717/1633
f 1704/1704/1621 1722/1722/1638 1708/1708/1625
f 1723/1723/1639 1716/1716/1632 1701/1701/1618
f 1718/1718/1634 1721/1721/1637 1711/1711/1627
f 1724/1724/1640 1714/1714/1630 1707/1707/1624
f 1712/1712/1628 1722/1722/1638 1704/1704/1621
f 1724/1724/1640 1707/1707/1624 1700/1700/1617
f 1708/1708/1625 1722/1722/1638 1725/1725/1641
f 1700/1700/1617 1726/1726/1642 1724/1724/1640
f 1708/1708/1625 1725/1725/1641 1713/1713/1629
f 1713/1713/1629 1727/1727/1643 1670/1670/1588
f 1701/1701/1618 1670/1670/1588 1727/1727/1643
f 1728/1728/1644 1714/1714/1630 1724/1724/1640
f 1720/1720/1636 1703/1703/1620 1717/1717/1633
f 1712/1712/1628 1714/1714/1630 1722/1722/1638
f 1726/1726/1642 1700/1700/1617 1715/1715/1631
f 1705/1705/1622 1729/1729/1645 1693/1693/1610
f 1714/1714/1630 1728/1728/1644 1722/1722/1638
f 1730/1730/1646 1729/1729/1645 1705/1705/1622
f 1730/1730/1646 1705/1705/1622 1716/1716/1632
f 1719/1719/1635 1731/1731/1647 1718/1718/1634
f 1715/1715/1631 1732/1732/1648 1726/1726/1642
f 1733/1733/1649 1716/1716/1632 1723/1723/1639
f 1716/1716/1632 1733/1733/1649 1730/1730/1646
f 1701/1701/1618 1727/1727/1643 1723/1723/1639
f 1724/1724/1640 1726/1726/1642 1728/1728/1644
f 1734/1734/1650 1727/1727/1643 1713/1713/1629
f 1723/1723/1639 1727/1727/1643 1735/1735/1651
f 1715/1715/1631 1736/1736/1652 1732/1732/1648
f 1737/1737/1653 1728/1728/1644 1726/1726/1642
f 1725/1725/1641 1722/1722/1638 1738/1738/1654
f 1735/1735/1651 1727/1727/1643 1734/1734/1650
f 1733/1733/1649 1739/1739/1655 1730/1730/1646
f 1725/1725/1641 1740/1740/1656 1713/1713/1629
f 1732/1732/1648 1737/1737/1653 1726/1726/1642
f 1740/1740/1656 1734/1734/1650 1713/1713/1629
f 1728/1728/1644 1738/1738/1654 1722/1722/1638
f 1723/1723/1639 1741/1741/1657 1733/1733/1649
f 1733/1733/1649 1741/1741/1657 1739/1739/1655
f 1730/1730/1646 1742/1742/1658 1729/1729/1645
f 1735/1735/1651 1743/1743/1659 1723/1723/1639
f 1744/1744/1660 1745/1745/1661 1736/1736/1652
f 1739/1739/1655 1742/1742/1658 1730/1730/1646
f 1737/1737/1653 1746/1746/1662 1728/1728/1644
f 1729/1729/1645 1742/1742/1658 1747/1747/1663
f 1732/1732/1648 1748/1748/1664 1737/1737/1653
f 1738/1738/1654 1749/1749/1665 1725/1725/1641
f 1734/1734/1650 1740/1740/1656 1750/1750/1666
f 1734/1734/1650 1743/1743/1659 1735/1735/1651
f 1736/1736/1652 1748/1748/1664 1732/1732/1648
f 1734/1734/1650 1750/1750/1666 1743/1743/1659
f 1741/1741/1657 1723/1723/1639 1743/1743/1659
f 1740/1740/1656 1725/1725/1641 1749/1749/1665
f 1748/1748/1664 1746/1746/1662 1737/1737/1653
f 1736/1736/1652 1745/1745/1661 1748/1748/1664
f 1746/1746/1662 1738/1738/1654 1728/1728/1644
f 1746/1746/1662 1751/1751/1667 1738/1738/1654
f 1746/1746/1662 1752/1752/1668 1751/1751/1667
f 1749/1749/1665 1750/1750/1666 1740/1740/1656
f 1751/1751/1667 1749/1749/1665 1738/1738/1654
f 1745/1745/1661 1753/1753/1669 1748/1748/1664
f 1753/1753/1669 1746/1746/1662 1748/1748/1664
f 1750/1750/1666 1754/1754/1670 1743/1743/1659
f 1755/1755/1671 1746/1746/1662 1753/1753/1669
f 1746/1746/1662 1755/1755/1671 1752/1752/1668
f 1749/1749/1665 1756/1756/1672 1750/1750/1666
f 1752/1752/1668 1757/1757/1673 1751/1751/1667
f 1749/1749/1665 1751/1751/1667 1758/1758/1674
f 1757/1757/1673 1752/1752/1668 1759/1759/1675
f 1760/1760/1676 1750/1750/1666 1756/1756/1672
f 1756/1756/1672 1749/1749/1665 1758/1758/1674
f 1761/1761/1677 1755/1755/1671 1753/1753/1669
f 1752/1752/1668 1755/1755/1671 1759/1759/1675
f 1754/1754/1670 1750/1750/1666 1760/1760/1676
f 1758/1758/1674 1751/1751/1667 1757/1757/1673
f 1755/1755/1671 1761/1761/1677 1759/1759/1675
f 1762/1762/1678 1758/1758/1674 1757/1757/1673
f 1762/1762/1678 1757/1757/1673 1763/1763/1679
f 1763/1763/1679 1759/1759/1675 1761/1761/1677
f 1757/1757/1673 1759/1759/1675 1763/1763/1679
f 1764/1764/1680 1765/1765/1045 1766/1766/1681
f 1767/1767/1053 1766/1766/1681 1765/1765/1045
f 1765/1765/1045 1768/1768/1682 1767/1767/1053
f 1769/1769/1683 1770/1770/1510 1771/1771/1684
f 1770/1770/1510 1769/1769/1683 1772/1772/1685
f 1769/1769/1683 1771/1771/1684 1773/1773/1686
f 1774/1774/1518 1773/1773/1686 1771/1771/1684
f 1773/1773/1686 1775/1775/1687 1769/1769/1683
f 1769/1769/1683 1775/1775/1687 1772/1772/1685
f 1776/1776/1688 1773/1773/1686 1774/1774/1518
f 1772/1772/1685 1775/1775/1687 1777/1777/1535
f 1773/1773/1686 1776/1776/1688 1775/1775/1687
f 1776/1776/1688 1778/1778/1689 1775/1775/1687
f 1776/1776/1688 1779/1779/1690 1780/1780/1691
f 1776/1776/1688 1780/1780/1691 1778/1778/1689
f 1775/1775/1687 1778/1778/1689 1781/1781/1556
f 1782/1782/1559 1780/1780/1691 1779/1779/1690
f 1778/1778/1689 1783/1783/1692 1781/1781/1556
f 1782/1782/1559 1784/1784/1693 1780/1780/1691
f 1780/1780/1691 1785/1785/1694 1778/1778/1689
f 1781/1781/1556 1783/1783/1692 1786/1786/1569
f 1783/1783/1692 1778/1778/1689 1785/1785/1694
f 1787/1787/1560 1786/1786/1569 1788/1788/1695
f 1788/1788/1695 1789/1789/1696 1787/1787/1560
f 1784/1784/1693 1785/1785/1694 1780/1780/1691
f 1783/1783/1692 1790/1790/1697 1786/1786/1569
f 1785/1785/1694 1791/1791/1607 1783/1783/1692
f 1783/1783/1692 1791/1791/1607 1790/1790/1697
f 1792/1792/1698 1793/1793/1570 1794/1794/1575
f 1784/1784/1693 1795/1795/1699 1785/1785/1694
f 1796/1796/1700 1792/1792/1698 1794/1794/1575
f 1786/1786/1569 1790/1790/1697 1788/1788/1695
f 1791/1791/1607 1785/1785/1694 1795/1795/1699
f 1796/1796/1700 1794/1794/1575 1797/1797/1593
f 1796/1796/1700 1798/1798/1701 1792/1792/1698
f 1793/1793/1570 1792/1792/1698 1799/1799/1702
f 1789/1789/1696 1788/1788/1695 1800/1800/1703
f 1801/1801/1704 1789/1789/1696 1800/1800/1703
f 1802/1802/1705 1799/1799/1702 1792/1792/1698
f 1797/1797/1593 1801/1801/1704 1803/1803/1706
f 1804/1804/1707 1800/1800/1703 1788/1788/1695
f 1796/1796/1700 1805/1805/1708 1798/1798/1701
f 1792/1792/1698 1798/1798/1701 1802/1802/1705
f 1803/1803/1706 1801/1801/1704 1800/1800/1703
f 1788/1788/1695 1790/1790/1697 1804/1804/1707
f 1805/1805/1708 1802/1802/1705 1798/1798/1701
f 1796/1796/1700 1806/1806/1709 1805/1805/1708
f 1797/1797/1593 1806/1806/1709 1796/1796/1700
f 1804/1804/1707 1790/1790/1697 1807/1807/1710
f 1808/1808/1623 1799/1799/1702 1802/1802/1705
f 1805/1805/1708 1809/1809/1711 1802/1802/1705
f 1810/1810/1712 1807/1807/1710 1790/1790/1697
f 1804/1804/1707 1811/1811/1713 1800/1800/1703
f 1807/1807/1710 1811/1811/1713 1804/1804/1707
f 1797/1797/1593 1803/1803/1706 1812/1812/1714
f 1806/1806/1709 1809/1809/1711 1805/1805/1708
f 1802/1802/1705 1809/1809/1711 1808/1808/1623
f 1812/1812/1714 1806/1806/1709 1797/1797/1593
f 1800/1800/1703 1813/1813/1715 1803/1803/1706
f 1811/1811/1713 1813/1813/1715 1800/1800/1703
f 1808/1808/1623 1814/1814/1716 1815/1815/1605
f 1816/1816/1717 1811/1811/1713 1807/1807/1710
f 1817/1817/1718 1812/1812/1714 1803/1803/1706
f 1814/1814/1716 1818/1818/1719 1815/1815/1605
f 1808/1808/1623 1809/1809/1711 1814/1814/1716
f 1803/1803/1706 1813/1813/1715 1817/1817/1718
f 1806/1806/1709 1812/1812/1714 1819/1819/1720
f 1819/1819/1720 1809/1809/1711 1806/1806/1709
f 1819/1819/1720 1814/1814/1716 1809/1809/1711
f 1807/1807/1710 1810/1810/1712 1816/1816/1717
f 1818/1818/1719 1814/1814/1716 1820/1820/1721
f 1812/1812/1714 1817/1817/1718 1821/1821/1722
f 1821/1821/1722 1819/1819/1720 1812/1812/1714
f 1816/1816/1717 1822/1822/1723 1811/1811/1713
f 1819/1819/1720 1823/1823/1724 1814/1814/1716
f 1824/1824/1725 1813/1813/1715 1811/1811/1713
f 1825/1825/1726 1816/1816/1717 1810/1810/1712
f 1813/1813/1715 1824/1824/1725 1817/1817/1718
f 1818/1818/1719 1826/1826/1660 1827/1827/1631
f 1820/1820/1721 1826/1826/1660 1818/1818/1719
f 1825/1825/1726 1828/1828/1727 1816/1816/1717
f 1829/1829/1728 1817/1817/1718 1824/1824/1725
f 1823/1823/1724 1819/1819/1720 1830/1830/1729
f 1824/1824/1725 1811/1811/1713 1822/1822/1723
f 1831/1831/1634 1832/1832/1730 1833/1833/1731
f 1822/1822/1723 1816/1816/1717 1828/1828/1727
f 1821/1821/1722 1817/1817/1718 1829/1829/1728
f 1821/1821/1722 1830/1830/1729 1819/1819/1720
f 1833/1833/1731 1832/1832/1730 1834/1834/1732
f 1823/1823/1724 1820/1820/1721 1814/1814/1716
f 1835/1835/1733 1828/1828/1727 1825/1825/1726
f 1831/1831/1634 1836/1836/1734 1832/1832/1730
f 1836/1836/1734 1831/1831/1634 1837/1837/1735
f 1838/1838/1736 1830/1830/1729 1821/1821/1722
f 1832/1832/1730 1839/1839/1737 1834/1834/1732
f 1834/1834/1732 1839/1839/1737 1825/1825/1726
f 1821/1821/1722 1829/1829/1728 1840/1840/1738
f 1841/1841/1739 1827/1827/1631 1826/1826/1660
f 1825/1825/1726 1839/1839/1737 1835/1835/1733
f 1823/1823/1724 1842/1842/1740 1820/1820/1721
f 1821/1821/1722 1840/1840/1738 1838/1838/1736
f 1843/1843/1741 1822/1822/1723 1828/1828/1727
f 1836/1836/1734 1837/1837/1735 1844/1844/1742
f 1822/1822/1723 1843/1843/1741 1845/1845/1743
f 1846/1846/1744 1823/1823/1724 1830/1830/1729
f 1847/1847/1745 1839/1839/1737 1832/1832/1730
f 1824/1824/1725 1822/1822/1723 1848/1848/1746
f 1843/1843/1741 1828/1828/1727 1835/1835/1733
f 1848/1848/1746 1829/1829/1728 1824/1824/1725
f 1826/1826/1660 1820/1820/1721 1849/1849/1747
f 1839/1839/1737 1850/1850/1748 1835/1835/1733
f 1842/1842/1740 1849/1849/1747 1820/1820/1721
f 1850/1850/1748 1839/1839/1737 1847/1847/1745
f 1840/1840/1738 1851/1851/1749 1838/1838/1736
f 1835/1835/1733 1850/1850/1748 1852/1852/1750
f 1822/1822/1723 1845/1845/1743 1848/1848/1746
f 1853/1853/1751 1846/1846/1744 1830/1830/1729
f 1846/1846/1744 1842/1842/1740 1823/1823/1724
f 1838/1838/1736 1853/1853/1751 1830/1830/1729
f 1836/1836/1734 1847/1847/1745 1832/1832/1730
f 1849/1849/1747 1854/1854/1661 1826/1826/1660
f 1843/1843/1741 1835/1835/1733 1852/1852/1750
f 1848/1848/1746 1840/1840/1738 1829/1829/1728
f 1838/1838/1736 1851/1851/1749 1853/1853/1751
f 1836/1836/1734 1855/1855/1752 1847/1847/1745
f 1844/1844/1742 1855/1855/1752 1836/1836/1734
f 1847/1847/1745 1856/1856/1753 1850/1850/1748
f 1857/1857/1754 1850/1850/1748 1856/1856/1753
f 1845/1845/1743 1843/1843/1741 1858/1858/1755
f 1848/1848/1746 1859/1859/1756 1840/1840/1738
f 1853/1853/1751 1860/1860/1757 1846/1846/1744
f 1852/1852/1750 1850/1850/1748 1857/1857/1754
f 1861/1861/1758 1848/1848/1746 1845/1845/1743
f 1862/1862/1759 1863/1863/1760 1864/1864/1761
f 1865/1865/1762 1856/1856/1753 1847/1847/1745
f 1856/1856/1753 1866/1866/1763 1857/1857/1754
f 1843/1843/1741 1852/1852/1750 1867/1867/1764
f 1845/1845/1743 1858/1858/1755 1861/1861/1758
f 1864/1864/1761 1868/1868/1765 1869/1869/1766
f 1866/1866/1763 1856/1856/1753 1865/1865/1762
f 1851/1851/1749 1840/1840/1738 1870/1870/1767
f 1851/1851/1749 1871/1871/1768 1853/1853/1751
f 1872/1872/1769 1842/1842/1740 1846/1846/1744
f 1858/1858/1755 1843/1843/1741 1867/1867/1764
f 1861/1861/1758 1873/1873/1770 1848/1848/1746
f 1848/1848/1746 1873/1873/1770 1859/1859/1756
f 1871/1871/1768 1860/1860/1757 1853/1853/1751
f 1874/1874/1657 1875/1875/1659 1876/1876/1771
f 1864/1864/1761 1863/1863/1760 1868/1868/1765
f 1871/1871/1768 1851/1851/1749 1870/1870/1767
f 1849/1849/1747 1842/1842/1740 1872/1872/1769
f 1860/1860/1757 1872/1872/1769 1846/1846/1744
f 1870/1870/1767 1840/1840/1738 1859/1859/1756
f 1861/1861/1758 1859/1859/1756 1873/1873/1770
f 1855/1855/1752 1877/1877/1772 1847/1847/1745
f 1847/1847/1745 1877/1877/1772 1865/1865/1762
f 1857/1857/1754 1866/1866/1763 1878/1878/1773
f 1852/1852/1750 1879/1879/1774 1867/1867/1764
f 1880/1880/1775 1854/1854/1661 1849/1849/1747
f 1862/1862/1759 1874/1874/1657 1881/1881/1776
f 1862/1862/1759 1881/1881/1776 1882/1882/1777
f 1863/1863/1760 1862/1862/1759 1882/1882/1777
f 1861/1861/1758 1883/1883/1778 1859/1859/1756
f 1852/1852/1750 1857/1857/1754 1879/1879/1774
f 1849/1849/1747 1884/1884/1779 1880/1880/1775
f 1865/1865/1762 1885/1885/1780 1866/1866/1763
f 1874/1874/1657 1876/1876/1771 1881/1881/1776
f 1854/1854/1661 1880/1880/1775 1886/1886/1669
f 1849/1849/1747 1872/1872/1769 1884/1884/1779
f 1867/1867/1764 1879/1879/1774 1858/1858/1755
f 1887/1887/1781 1860/1860/1757 1871/1871/1768
f 1872/1872/1769 1860/1860/1757 1887/1887/1781
f 1877/1877/1772 1885/1885/1780 1865/1865/1762
f 1858/1858/1755 1888/1888/1782 1861/1861/1758
f 1870/1870/1767 1859/1859/1756 1889/1889/1783
f 1863/1863/1760 1890/1890/1784 1868/1868/1765
f 1878/1878/1773 1866/1866/1763 1885/1885/1780
f 1891/1891/1785 1887/1887/1781 1871/1871/1768
f 1883/1883/1778 1861/1861/1758 1888/1888/1782
f 1870/1870/1767 1891/1891/1785 1871/1871/1768
f 1881/1881/1776 1876/1876/1771 1892/1892/1786
f 1863/1863/1760 1893/1893/1787 1890/1890/1784
f 1857/1857/1754 1878/1878/1773 1894/1894/1788
f 1880/1880/1775 1895/1895/1789 1886/1886/1669
f 1881/1881/1776 1892/1892/1786 1882/1882/1777
f 1893/1893/1787 1863/1863/1760 1882/1882/1777
f 1879/1879/1774 1857/1857/1754 1894/1894/1788
f 1886/1886/1669 1895/1895/1789 1896/1896/1790
f 1892/1892/1786 1876/1876/1771 1897/1897/1791
f 1883/1883/1778 1889/1889/1783 1859/1859/1756
f 1877/1877/1772 1855/1855/1752 1898/1898/1792
f 1897/1897/1791 1876/1876/1771 1899/1899/1676
f 1900/1900/1793 1877/1877/1772 1898/1898/1792
f 1901/1901/1794 1858/1858/1755 1879/1879/1774
f 1901/1901/1794 1888/1888/1782 1858/1858/1755
f 1870/1870/1767 1902/1902/1795 1891/1891/1785
f 1903/1903/1796 1904/1904/1672 1905/1905/1797
f 1885/1885/1780 1877/1877/1772 1900/1900/1793
f 1906/1906/1798 1883/1883/1778 1888/1888/1782
f 1889/1889/1783 1883/1883/1778 1906/1906/1798
f 1872/1872/1769 1887/1887/1781 1907/1907/1799
f 1885/1885/1780 1908/1908/1800 1878/1878/1773
f 1888/1888/1782 1901/1901/1794 1909/1909/1801
f 1889/1889/1783 1902/1902/1795 1870/1870/1767
f 1907/1907/1799 1910/1910/1802 1872/1872/1769
f 1911/1911/1803 1880/1880/1775 1884/1884/1779
f 1912/1912/1804 1903/1903/1796 1905/1905/1797
f 1892/1892/1786 1893/1893/1787 1882/1882/1777
f 1900/1900/1793 1913/1913/1805 1885/1885/1780
f 1910/1910/1802 1884/1884/1779 1872/1872/1769
f 1906/1906/1798 1888/1888/1782 1909/1909/1801
f 1914/1914/1806 1887/1887/1781 1891/1891/1785
f 1915/1915/1807 1895/1895/1789 1880/1880/1775
f 1916/1916/1808 1893/1893/1787 1892/1892/1786
f 1903/1903/1796 1917/1917/1809 1904/1904/1672
f 1885/1885/1780 1913/1913/1805 1908/1908/1800
f 1879/1879/1774 1918/1918/1810 1901/1901/1794
f 1901/1901/1794 1919/1919/1811 1909/1909/1801
f 1912/1912/1804 1920/1920/1812 1903/1903/1796
f 1904/1904/1672 1917/1917/1809 1899/1899/1676
f 1892/1892/1786 1897/1897/1791 1916/1916/1808
f 1894/1894/1788 1878/1878/1773 1908/1908/1800
f 1889/1889/1783 1921/1921/1813 1902/1902/1795
f 1907/1907/1799 1887/1887/1781 1914/1914/1806
f 1915/1915/1807 1880/1880/1775 1911/1911/1803
f 1912/1912/1804 1922/1922/1679 1920/1920/1812
f 1894/1894/1788 1918/1918/1810 1879/1879/1774
f 1884/1884/1779 1910/1910/1802 1911/1911/1803
f 1893/1893/1787 1923/1923/1814 1890/1890/1784
f 1906/1906/1798 1921/1921/1813 1889/1889/1783
f 1900/1900/1793 1924/1924/305 1913/1913/1805
f 1901/1901/1794 1918/1918/1810 1919/1919/1811
f 1924/1924/305 1900/1900/1793 1898/1898/1792
f 1925/1925/1815 1896/1896/1790 1895/1895/1789
f 1925/1925/1815 1922/1922/1679 1896/1896/1790
f 1902/1902/1795 1926/1926/1816 1891/1891/1785
f 1926/1926/1816 1914/1914/1806 1891/1891/1785
f 1921/1921/1813 1927/1927/1817 1902/1902/1795
f 1910/1910/1802 1928/1928/1818 1911/1911/1803
f 1916/1916/1808 1897/1897/1791 1929/1929/1819
f 1920/1920/1812 1922/1922/1679 1930/1930/1820
f 1899/1899/1676 1931/1931/1821 1897/1897/1791
f 1897/1897/1791 1931/1931/1821 1929/1929/1819
f 1915/1915/1807 1925/1925/1815 1895/1895/1789
f 1931/1931/1821 1899/1899/1676 1917/1917/1809
f 1913/1913/1805 1932/1932/1822 1908/1908/1800
f 1914/1914/1806 1926/1926/1816 1933/1933/1823
f 1920/1920/1812 1934/1934/1824 1903/1903/1796
f 1924/1924/305 1935/1935/1825 1913/1913/1805
f 1922/1922/1679 1925/1925/1815 1930/1930/1820
f 1927/1927/1817 1926/1926/1816 1902/1902/1795
f 1903/1903/1796 1934/1934/1824 1917/1917/1809
f 1907/1907/1799 1936/1936/1826 1910/1910/1802
f 1894/1894/1788 1937/1937/1827 1918/1918/1810
f 1909/1909/1801 1938/1938/1828 1906/1906/1798
f 1914/1914/1806 1936/1936/1826 1907/1907/1799
f 1911/1911/1803 1939/1939/1829 1915/1915/1807
f 1913/1913/1805 1935/1935/1825 1932/1932/1822
f 1933/1933/1823 1936/1936/1826 1914/1914/1806
f 1936/1936/1826 1928/1928/1818 1910/1910/1802
f 1928/1928/1818 1939/1939/1829 1911/1911/1803
f 1906/1906/1798 1940/1940/1830 1921/1921/1813
f 1934/1934/1824 1920/1920/1812 1930/1930/1820
f 1930/1930/1820 1925/1925/1815 1941/1941/1831
f 1938/1938/1828 1909/1909/1801 1919/1919/1811
f 1929/1929/1819 1942/1942/1832 1916/1916/1808
f 1894/1894/1788 1908/1908/1800 1937/1937/1827
f 1927/1927/1817 1943/1943/1833 1926/1926/1816
f 1938/1938/1828 1940/1940/1830 1906/1906/1798
f 1917/1917/1809 1934/1934/1824 1944/1944/1834
f 1908/1908/1800 1945/1945/1835 1937/1937/1827
f 1946/1946/1836 1938/1938/1828 1919/1919/1811
f 1943/1943/1833 1933/1933/1823 1926/1926/1816
f 1915/1915/1807 1947/1947/1837 1925/1925/1815
f 1931/1931/1821 1948/1948/1838 1929/1929/1819
f 1915/1915/1807 1939/1939/1829 1947/1947/1837
f 1932/1932/1822 1945/1945/1835 1908/1908/1800
f 1937/1937/1827 1949/1949/1839 1918/1918/1810
f 1918/1918/1810 1949/1949/1839 1919/1919/1811
f 1936/1936/1826 1950/1950/1840 1928/1928/1818
f 1931/1931/1821 1917/1917/1809 1944/1944/1834
f 1916/1916/1808 1942/1942/1832 1951/1951/1841
f 1919/1919/1811 1952/1952/1842 1946/1946/1836
f 1930/1930/1820 1953/1953/1843 1934/1934/1824
f 1942/1942/1832 1929/1929/1819 1948/1948/1838
f 1924/1924/305 1954/1954/1844 1935/1935/1825
f 1921/1921/1813 1955/1955/1845 1927/1927/1817
f 1947/1947/1837 1941/1941/1831 1925/1925/1815
f 1949/1949/1839 1952/1952/1842 1919/1919/1811
f 1943/1943/1833 1927/1927/1817 1955/1955/1845
f 1956/1956/1846 1944/1944/1834 1934/1934/1824
f 1934/1934/1824 1957/1957/1847 1956/1956/1846
f 1938/1938/1828 1946/1946/1836 1940/1940/1830
f 1934/1934/1824 1953/1953/1843 1957/1957/1847
f 1932/1932/1822 1935/1935/1825 1958/1958/1848
f 1933/1933/1823 1943/1943/1833 1959/1959/1849
f 1960/1960/1850 1937/1937/1827 1945/1945/1835
f 1946/1946/1836 1961/1961/1851 1940/1940/1830
f 1941/1941/1831 1953/1953/1843 1930/1930/1820
f 1931/1931/1821 1944/1944/1834 1962/1962/1852
f 1954/1954/1844 1963/1963/1853 1935/1935/1825
f 1949/1949/1839 1937/1937/1827 1960/1960/1850
f 1921/1921/1813 1940/1940/1830 1964/1964/1854
f 1928/1928/1818 1950/1950/1840 1965/1965/1855
f 1931/1931/1821 1962/1962/1852 1948/1948/1838
f 1935/1935/1825 1963/1963/1853 1958/1958/1848
f 1932/1932/1822 1966/1966/1856 1945/1945/1835
f 1967/1967/1857 1928/1928/1818 1965/1965/1855
f 1932/1932/1822 1958/1958/1848 1966/1966/1856
f 1966/1966/1856 1960/1960/1850 1945/1945/1835
f 1959/1959/1849 1968/1968/1858 1933/1933/1823
f 1936/1936/1826 1933/1933/1823 1968/1968/1858
f 1969/1969/1859 1947/1947/1837 1939/1939/1829
f 1942/1942/1832 1948/1948/1838 1970/1970/1860
f 1939/1939/1829 1928/1928/1818 1967/1967/1857
f 1941/1941/1831 1947/1947/1837 1971/1971/1861
f 1921/1921/1813 1964/1964/1854 1955/1955/1845
f 1936/1936/1826 1968/1968/1858 1950/1950/1840
f 1942/1942/1832 1972/1972/1862 1951/1951/1841
f 1940/1940/1830 1973/1973/1863 1964/1964/1854
f 1961/1961/1851 1973/1973/1863 1940/1940/1830
f 1943/1943/1833 1955/1955/1845 1974/1974/1864
f 1948/1948/1838 1962/1962/1852 1975/1975/1865
f 1942/1942/1832 1970/1970/1860 1972/1972/1862
f 1976/1976/1866 1963/1963/1853 1954/1954/1844
f 1960/1960/1850 1977/1977/1867 1949/1949/1839
f 1956/1956/1846 1962/1962/1852 1944/1944/1834
f 1949/1949/1839 1977/1977/1867 1952/1952/1842
f 1967/1967/1857 1969/1969/1859 1939/1939/1829
f 1978/1978/1868 1953/1953/1843 1941/1941/1831
f 1961/1961/1851 1946/1946/1836 1952/1952/1842
f 1967/1967/1857 1965/1965/1855 1979/1979/1869
f 1969/1969/1859 1980/1980/1870 1947/1947/1837
f 1981/1981/1871 1956/1956/1846 1957/1957/1847
f 1943/1943/1833 1974/1974/1864 1959/1959/1849
f 1950/1950/1840 1968/1968/1858 1965/1965/1855
f 1957/1957/1847 1953/1953/1843 1978/1978/1868
f 1956/1956/1846 1981/1981/1871 1962/1962/1852
f 1982/1982/1872 1983/1983/1873 1984/1984/1874
f 1958/1958/1848 1963/1963/1853 1985/1985/1875
f 1958/1958/1848 1985/1985/1875 1966/1966/1856
f 1955/1955/1845 1964/1964/1854 1986/1986/1876
f 1979/1979/1869 1969/1969/1859 1967/1967/1857
f 1980/1980/1870 1971/1971/1861 1947/1947/1837
f 1941/1941/1831 1971/1971/1861 1978/1978/1868
f 1987/1987/1877 1984/1984/1874 1983/1983/1873
f 1976/1976/1866 1988/1988/1878 1963/1963/1853
f 1975/1975/1865 1970/1970/1860 1948/1948/1838
f 1987/1987/1877 1989/1989/1879 1984/1984/1874
f 1964/1964/1854 1973/1973/1863 1986/1986/1876
f 1968/1968/1858 1979/1979/1869 1965/1965/1855
f 1989/1989/1879 1987/1987/1877 1951/1951/1841
f 1972/1972/1862 1989/1989/1879 1951/1951/1841
f 1985/1985/1875 1963/1963/1853 1988/1988/1878
f 1970/1970/1860 1990/1990/1880 1972/1972/1862
f 1952/1952/1842 1991/1991/1881 1961/1961/1851
f 1992/1992/1882 1959/1959/1849 1974/1974/1864
f 1966/1966/1856 1993/1993/1883 1960/1960/1850
f 1959/1959/1849 1994/1994/1884 1968/1968/1858
f 1978/1978/1868 1971/1971/1861 1995/1995/1885
f 1975/1975/1865 1962/1962/1852 1996/1996/1886
f 1990/1990/1880 1989/1989/1879 1972/1972/1862
f 1989/1989/1879 1997/1997/1887 1984/1984/1874
f 1982/1982/1872 1984/1984/1874 1998/1998/1888
f 1960/1960/1850 1999/1999/1889 1977/1977/1867
f 1955/1955/1845 1986/1986/1876 2000/2000/1890
f 1994/1994/1884 2001/2001/1891 1968/1968/1858
f 1968/1968/1858 2001/2001/1891 1979/1979/1869
f 1985/1985/1875 1993/1993/1883 1966/1966/1856
f 1979/1979/1869 2002/2002/1892 1969/1969/1859
f 1969/1969/1859 2002/2002/1892 1980/1980/1870
f 1980/1980/1870 1995/1995/1885 1971/1971/1861
f 1978/1978/1868 2003/2003/1893 1957/1957/1847
f 2001/2001/1891 2002/2002/1892 1979/1979/1869
f 1981/1981/1871 1957/1957/1847 2003/2003/1893
f 1984/1984/1874 2004/2004/1157 1998/1998/1888
f 1960/1960/1850 1993/1993/1883 1999/1999/1889
f 1970/1970/1860 1975/1975/1865 2005/2005/1894
f 1984/1984/1874 1997/1997/1887 2004/2004/1157
f 1991/1991/1881 1952/1952/1842 1977/1977/1867
f 1955/1955/1845 2000/2000/1890 1974/1974/1864
f 2006/2006/1895 1989/1989/1879 1990/1990/1880
f 1988/1988/1878 1976/1976/1866 2007/2007/1896
f 1985/1985/1875 1988/1988/1878 2008/2008/1897
f 1973/1973/1863 1961/1961/1851 1991/1991/1881
f 1996/1996/1886 1962/1962/1852 2009/2009/1898
f 1962/1962/1852 1981/1981/1871 2009/2009/1898
f 1989/1989/1879 2006/2006/1895 1997/1997/1887
f 1988/1988/1878 2010/2010/1899 2008/2008/1897
f 2004/2004/1157 1997/1997/1887 2011/2011/1900
f 2010/2010/1899 1988/1988/1878 2007/2007/1896
f 1959/1959/1849 1992/1992/1882 1994/1994/1884
f 1999/1999/1889 1991/1991/1881 1977/1977/1867
f 2000/2000/1890 1992/1992/1882 1974/1974/1864
f 1980/1980/1870 2012/2012/1901 1995/1995/1885
f 1973/1973/1863 2013/2013/1902 1986/1986/1876
f 2012/2012/1901 1980/1980/1870 2002/2002/1892
f 2014/2014/1903 2000/2000/1890 1986/1986/1876
f 2015/2015/1904 1981/1981/1871 2003/2003/1893
f 1990/1990/1880 1970/1970/1860 2016/2016/1905
f 1985/1985/1875 2008/2008/1897 1993/1993/1883
f 2013/2013/1902 1973/1973/1863 1991/1991/1881
f 2005/2005/1894 2016/2016/1905 1970/1970/1860
f 1986/1986/1876 2013/2013/1902 2014/2014/1903
f 1975/1975/1865 1996/1996/1886 2005/2005/1894
f 2015/2015/1904 2017/2017/1906 1981/1981/1871
f 2006/2006/1895 1990/1990/1880 2016/2016/1905
f 2006/2006/1895 2018/2018/1907 1997/1997/1887
f 2019/2019/1908 1978/1978/1868 1995/1995/1885
f 2003/2003/1893 1978/1978/1868 2019/2019/1908
f 2009/2009/1898 1981/1981/1871 2017/2017/1906
f 1997/1997/1887 2018/2018/1907 2011/2011/1900
f 2010/2010/1899 2020/2020/1909 2008/2008/1897
f 2003/2003/1893 2021/2021/1910 2015/2015/1904
f 2018/2018/1907 2022/2022/1911 2011/2011/1900
f 2001/2001/1891 1994/1994/1884 2023/2023/1912
f 1996/1996/1886 2009/2009/1898 2024/2024/1913
f 2007/2007/1896 2025/2025/1914 2010/2010/1899
f 1991/1991/1881 1999/1999/1889 2026/2026/1915
f 2001/2001/1891 2027/2027/1916 2002/2002/1892
f 2002/2002/1892 2027/2027/1916 2012/2012/1901
f 2015/2015/1904 2028/2028/1917 2017/2017/1906
f 2016/2016/1905 2029/2029/1918 2006/2006/1895
f 2011/2011/1900 2030/2030/1919 2004/2004/1157
f 2019/2019/1908 2021/2021/1910 2003/2003/1893
f 2010/2010/1899 2031/2031/1920 2020/2020/1909
f 2008/2008/1897 2032/2032/1921 1993/1993/1883
f 2033/2033/1922 2000/2000/1890 2014/2014/1903
f 1994/1994/1884 1992/1992/1882 2023/2023/1912
f 2034/2034/1923 2004/2004/1157 2030/2030/1919
f 1993/1993/1883 2032/2032/1921 1999/1999/1889
f 1992/1992/1882 2000/2000/1890 2033/2033/1922
f 2017/2017/1906 2024/2024/1913 2009/2009/1898
f 1996/1996/1886 2035/2035/1924 2005/2005/1894
f 2018/2018/1907 2006/2006/1895 2036/2036/1925
f 2032/2032/1921 2008/2008/1897 2020/2020/1909
f 2037/2037/1926 2001/2001/1891 2023/2023/1912
f 2016/2016/1905 2005/2005/1894 2038/2038/1927
f 2025/2025/1914 2039/2039/1928 2010/2010/1899
f 2001/2001/1891 2037/2037/1926 2027/2027/1916
f 2022/2022/1911 2030/2030/1919 2011/2011/1900
f 2013/2013/1902 2040/2040/1929 2014/2014/1903
f 2012/2012/1901 2041/2041/1930 1995/1995/1885
f 2015/2015/1904 2021/2021/1910 2028/2028/1917
f 2006/2006/1895 2029/2029/1918 2036/2036/1925
f 2010/2010/1899 2039/2039/1928 2031/2031/1920
f 1991/1991/1881 2042/2042/1931 2013/2013/1902
f 1995/1995/1885 2041/2041/1930 2019/2019/1908
f 2017/2017/1906 2028/2028/1917 2043/2043/1932
f 2024/2024/1913 2035/2035/1924 1996/1996/1886
f 2012/2012/1901 2027/2027/1916 2041/2041/1930
f 2016/2016/1905 2038/2038/1927 2029/2029/1918
f 2040/2040/1929 2033/2033/1922 2014/2014/1903
f 2019/2019/1908 2044/2044/1933 2021/2021/1910
f 2020/2020/1909 2031/2031/1920 2045/2045/1934
f 2032/2032/1921 2020/2020/1909 2045/2045/1934
f 1999/1999/1889 2046/2046/1935 2026/2026/1915
f 1991/1991/1881 2026/2026/1915 2042/2042/1931
f 2035/2035/1924 2024/2024/1913 2047/2047/1936
f 2022/2022/1911 2018/2018/1907 2048/2048/1937
f 2032/2032/1921 2049/2049/1938 1999/1999/1889
f 2013/2013/1902 2050/2050/1939 2040/2040/1929
f 1992/1992/1882 2051/2051/1940 2023/2023/1912
f 2017/2017/1906 2043/2043/1932 2024/2024/1913
f 2051/2051/1940 1992/1992/1882 2033/2033/1922
f 2037/2037/1926 2023/2023/1912 2052/2052/1941
f 2005/2005/1894 2035/2035/1924 2038/2038/1927
f 2044/2044/1933 2019/2019/1908 2041/2041/1930
f 2038/2038/1927 2053/2053/1942 2029/2029/1918
f 2023/2023/1912 2051/2051/1940 2052/2052/1941
f 2038/2038/1927 2035/2035/1924 2053/2053/1942
f 2036/2036/1925 2048/2048/1937 2018/2018/1907
f 2013/2013/1902 2042/2042/1931 2050/2050/1939
f 2042/2042/1931 2026/2026/1915 2054/2054/1943
f 2049/2049/1938 2046/2046/1935 1999/1999/1889
f 2021/2021/1910 2055/2055/1944 2028/2028/1917
f 2028/2028/1917 2055/2055/1944 2043/2043/1932
f 2045/2045/1934 2031/2031/1920 2056/2056/1945
f 2027/2027/1916 2057/2057/1946 2041/2041/1930
f 2022/2022/1911 2048/2048/1937 2030/2030/1919
f 2030/2030/1919 2058/2058/1947 2034/2034/1923
f 2025/2025/1914 2059/2059/348 2039/2039/1928
f 2052/2052/1941 2051/2051/1940 2060/2060/1948
f 2027/2027/1916 2061/2061/1949 2057/2057/1946
f 2029/2029/1918 2062/2062/1950 2036/2036/1925
f 2063/2063/1951 2048/2048/1937 2036/2036/1925
f 2031/2031/1920 2039/2039/1928 2056/2056/1945
f 2037/2037/1926 2061/2061/1949 2027/2027/1916
f 2029/2029/1918 2053/2053/1942 2062/2062/1950
f 2048/2048/1937 2058/2058/1947 2030/2030/1919
f 2054/2054/1943 2050/2050/1939 2042/2042/1931
f 2041/2041/1930 2057/2057/1946 2044/2044/1933
f 2043/2043/1932 2047/2047/1936 2024/2024/1913
f 2021/2021/1910 2044/2044/1933 2064/2064/1952
f 2021/2021/1910 2064/2064/1952 2055/2055/1944
f 2050/2050/1939 2065/2065/1953 2040/2040/1929
f 2056/2056/1945 2066/2066/1954 2045/2045/1934
f 2049/2049/1938 2066/2066/1954 2067/2067/1955
f 2051/2051/1940 2068/2068/1956 2060/2060/1948
f 2045/2045/1934 2066/2066/1954 2032/2032/1921
f 2051/2051/1940 2033/2033/1922 2068/2068/1956
f 2043/2043/1932 2069/2069/1957 2047/2047/1936
f 2035/2035/1924 2047/2047/1936 2070/2070/1958
f 2071/2071/1959 2034/2034/1923 2058/2058/1947
f 2032/2032/1921 2066/2066/1954 2049/2049/1938
f 2049/2049/1938 2072/2072/1960 2046/2046/1935
f 2062/2062/1950 2073/2073/1961 2036/2036/1925
f 2063/2063/1951 2036/2036/1925 2073/2073/1961
f 2046/2046/1935 2074/2074/1962 2026/2026/1915
f 2037/2037/1926 2052/2052/1941 2061/2061/1949
f 2062/2062/1950 2075/2075/1963 2073/2073/1961
f 2054/2054/1943 2026/2026/1915 2074/2074/1962
f 2040/2040/1929 2076/2076/1964 2033/2033/1922
f 2053/2053/1942 2035/2035/1924 2077/2077/1965
f 2078/2078/1966 2062/2062/1950 2053/2053/1942
f 2062/2062/1950 2078/2078/1966 2075/2075/1963
f 2048/2048/1937 2063/2063/1951 2058/2058/1947
f 2054/2054/1943 2079/2079/1967 2050/2050/1939
f 2072/2072/1960 2049/2049/1938 2067/2067/1955
f 2072/2072/1960 2074/2074/1962 2046/2046/1935
f 2056/2056/1945 2080/2080/1968 2066/2066/1954
f 2076/2076/1964 2040/2040/1929 2065/2065/1953
f 2033/2033/1922 2081/2081/1969 2068/2068/1956
f 2075/2075/1963 2078/2078/1966 2082/2082/1970
f 2082/2082/1970 2073/2073/1961 2075/2075/1963
f 2079/2079/1967 2065/2065/1953 2050/2050/1939
f 2081/2081/1969 2033/2033/1922 2076/2076/1964
f 2083/2083/1971 2060/2060/1948 2068/2068/1956
f 2057/2057/1946 2064/2064/1952 2044/2044/1933
f 2069/2069/1957 2043/2043/1932 2055/2055/1944
f 2084/2084/1972 2052/2052/1941 2060/2060/1948
f 2047/2047/1936 2069/2069/1957 2070/2070/1958
f 2063/2063/1951 2085/2085/1973 2058/2058/1947
f 2086/2086/1179 2071/2071/1959 2058/2058/1947
f 2057/2057/1946 2087/2087/1974 2064/2064/1952
f 2052/2052/1941 2084/2084/1972 2061/2061/1949
f 2068/2068/1956 2081/2081/1969 2083/2083/1971
f 2055/2055/1944 2088/2088/1975 2069/2069/1957
f 2039/2039/1928 2089/2089/1976 2056/2056/1945
f 2070/2070/1958 2077/2077/1965 2035/2035/1924
f 2063/2063/1951 2073/2073/1961 2085/2085/1973
f 2090/2090/1977 2056/2056/1945 2089/2089/1976
f 2072/2072/1960 2091/2091/1978 2074/2074/1962
f 2057/2057/1946 2061/2061/1949 2087/2087/1974
f 2078/2078/1966 2053/2053/1942 2077/2077/1965
f 2059/2059/348 2089/2089/1976 2039/2039/1928
f 2056/2056/1945 2090/2090/1977 2080/2080/1968
f 2088/2088/1975 2055/2055/1944 2092/2092/1979
f 2073/2073/1961 2082/2082/1970 2093/2093/1980
f 2058/2058/1947 2085/2085/1973 2086/2086/1179
f 2083/2083/1971 2084/2084/1972 2060/2060/1948
f 2055/2055/1944 2064/2064/1952 2092/2092/1979
f 2094/2094/1981 2070/2070/1958 2069/2069/1957
f 2059/2059/348 2095/2095/1982 2089/2089/1976
f 2074/2074/1962 2079/2079/1967 2054/2054/1943
f 2096/2096/1983 2064/2064/1952 2087/2087/1974
f 2061/2061/1949 2097/2097/1984 2087/2087/1974
f 2064/2064/1952 2096/2096/1983 2092/2092/1979
f 2069/2069/1957 2088/2088/1975 2094/2094/1981
f 2070/2070/1958 2098/2098/1985 2077/2077/1965
f 2078/2078/1966 2099/2099/1986 2082/2082/1970
f 2093/2093/1980 2100/2100/1987 2073/2073/1961
f 2085/2085/1973 2073/2073/1961 2100/2100/1987
f 2067/2067/1955 2101/2101/1988 2072/2072/1960
f 2072/2072/1960 2101/2101/1988 2091/2091/1978
f 2102/2102/1989 2076/2076/1964 2065/2065/1953
f 2079/2079/1967 2102/2102/1989 2065/2065/1953
f 2078/2078/1966 2077/2077/1965 2099/2099/1986
f 2098/2098/1985 2103/2103/1990 2077/2077/1965
f 2104/2104/1991 2061/2061/1949 2084/2084/1972
f 2085/2085/1973 2105/2105/1185 2086/2086/1179
f 2090/2090/1977 2106/2106/1992 2080/2080/1968
f 2107/2107/1993 2080/2080/1968 2106/2106/1992
f 2066/2066/1954 2080/2080/1968 2107/2107/1993
f 2070/2070/1958 2094/2094/1981 2098/2098/1985
f 2097/2097/1984 2108/2108/1994 2087/2087/1974
f 2066/2066/1954 2109/2109/1995 2067/2067/1955
f 2083/2083/1971 2081/2081/1969 2110/2110/1996
f 2067/2067/1955 2109/2109/1995 2101/2101/1988
f 2083/2083/1971 2110/2110/1996 2084/2084/1972
f 2104/2104/1991 2097/2097/1984 2061/2061/1949
f 2087/2087/1974 2108/2108/1994 2096/2096/1983
f 2074/2074/1962 2091/2091/1978 2111/2111/1997
f 2074/2074/1962 2112/2112/1998 2079/2079/1967
f 2076/2076/1964 2113/2113/1999 2081/2081/1969
f 2102/2102/1989 2079/2079/1967 2112/2112/1998
f 2114/2114/2000 2088/2088/1975 2092/2092/1979
f 2089/2089/1976 2095/2095/1982 2115/2115/2001
f 2089/2089/1976 2115/2115/2001 2090/2090/1977
f 2090/2090/1977 2115/2115/2001 2106/2106/1992
f 2112/2112/1998 2074/2074/1962 2111/2111/1997
f 2102/2102/1989 2113/2113/1999 2076/2076/1964
f 2084/2084/1972 2110/2110/1996 2104/2104/1991
f 2093/2093/1980 2082/2082/1970 2116/2116/2002
f 2117/2117/2003 2085/2085/1973 2100/2100/1987
f 2101/2101/1988 2109/2109/1995 2118/2118/2004
f 2116/2116/2002 2082/2082/1970 2099/2099/1986
f 2101/2101/1988 2118/2118/2004 2091/2091/1978
f 2088/2088/1975 2114/2114/2000 2094/2094/1981
f 2098/2098/1985 2094/2094/1981 2103/2103/1990
f 2119/2119/2005 2066/2066/1954 2107/2107/1993
f 2119/2119/2005 2109/2109/1995 2066/2066/1954
f 2081/2081/1969 2113/2113/1999 2110/2110/1996
f 2104/2104/1991 2120/2120/2006 2097/2097/1984
f 2097/2097/1984 2120/2120/2006 2108/2108/1994
f 2099/2099/1986 2077/2077/1965 2121/2121/2007
f 2105/2105/1185 2085/2085/1973 2122/2122/2008
f 2096/2096/1983 2114/2114/2000 2092/2092/1979
f 2115/2115/2001 2123/2123/2009 2106/2106/1992
f 2110/2110/1996 2124/2124/2010 2104/2104/1991
f 2104/2104/1991 2124/2124/2010 2120/2120/2006
f 2125/2125/2011 2113/2113/1999 2102/2102/1989
f 2096/2096/1983 2108/2108/1994 2126/2126/2012
f 2121/2121/2007 2077/2077/1965 2103/2103/1990
f 2127/2127/2013 2118/2118/2004 2109/2109/1995
f 2093/2093/1980 2116/2116/2002 2100/2100/1987
f 2122/2122/2008 2085/2085/1973 2117/2117/2003
f 2095/2095/1982 2128/2128/2014 2115/2115/2001
f 2091/2091/1978 2118/2118/2004 2111/2111/1997
f 2096/2096/1983 2126/2126/2012 2114/2114/2000
f 2123/2123/2009 2115/2115/2001 2128/2128/2014
f 2094/2094/1981 2114/2114/2000 2129/2129/2015
f 2119/2119/2005 2107/2107/1993 2106/2106/1992
f 2119/2119/2005 2127/2127/2013 2109/2109/1995
f 2112/2112/1998 2125/2125/2011 2102/2102/1989
f 2106/2106/1992 2130/2130/2016 2119/2119/2005
f 2112/2112/1998 2111/2111/1997 2131/2131/2017
f 2132/2132/2018 2113/2113/1999 2125/2125/2011
f 2126/2126/2012 2108/2108/1994 2120/2120/2006
f 2094/2094/1981 2133/2133/2019 2103/2103/1990
f 2112/2112/1998 2131/2131/2017 2125/2125/2011
f 2113/2113/1999 2124/2124/2010 2110/2110/1996
f 2134/2134/2020 2128/2128/2014 2095/2095/1982
f 2130/2130/2016 2106/2106/1992 2123/2123/2009
f 2118/2118/2004 2135/2135/2021 2111/2111/1997
f 2133/2133/2019 2094/2094/1981 2129/2129/2015
f 2121/2121/2007 2103/2103/1990 2133/2133/2019
f 2099/2099/1986 2121/2121/2007 2116/2116/2002
f 2119/2119/2005 2136/2136/2022 2127/2127/2013
f 2120/2120/2006 2137/2137/2023 2126/2126/2012
f 2122/2122/2008 2138/2138/2024 2105/2105/1185
f 2131/2131/2017 2111/2111/1997 2135/2135/2021
f 2116/2116/2002 2121/2121/2007 2139/2139/2025
f 2140/2140/2026 2125/2125/2011 2131/2131/2017
f 2126/2126/2012 2141/2141/2027 2114/2114/2000
f 2117/2117/2003 2100/2100/1987 2142/2142/2028
f 2116/2116/2002 2142/2142/2028 2100/2100/1987
f 2143/2143/2029 2124/2124/2010 2113/2113/1999
f 2114/2114/2000 2141/2141/2027 2129/2129/2015
f 2133/2133/2019 2144/2144/2030 2121/2121/2007
f 2117/2117/2003 2145/2145/2031 2122/2122/2008
f 2116/2116/2002 2139/2139/2025 2142/2142/2028
f 2138/2138/2024 2122/2122/2008 2145/2145/2031
f 2146/2146/2032 2130/2130/2016 2123/2123/2009
f 2130/2130/2016 2147/2147/2033 2119/2119/2005
f 2120/2120/2006 2124/2124/2010 2148/2148/2034
f 2146/2146/2032 2147/2147/2033 2130/2130/2016
f 2118/2118/2004 2149/2149/2035 2135/2135/2021
f 2135/2135/2021 2150/2150/2036 2131/2131/2017
f 2137/2137/2023 2120/2120/2006 2148/2148/2034
f 2121/2121/2007 2144/2144/2030 2139/2139/2025
f 2128/2128/2014 2151/2151/2037 2123/2123/2009
f 2119/2119/2005 2147/2147/2033 2136/2136/2022
f 2127/2127/2013 2149/2149/2035 2118/2118/2004
f 2125/2125/2011 2140/2140/2026 2152/2152/2038
f 2152/2152/2038 2132/2132/2018 2125/2125/2011
f 2143/2143/2029 2113/2113/1999 2132/2132/2018
f 2141/2141/2027 2133/2133/2019 2129/2129/2015
f 2123/2123/2009 2153/2153/2039 2146/2146/2032
f 2124/2124/2010 2143/2143/2029 2148/2148/2034
f 2154/2154/2040 2149/2149/2035 2127/2127/2013
f 2135/2135/2021 2149/2149/2035 2150/2150/2036
f 2131/2131/2017 2150/2150/2036 2140/2140/2026
f 2142/2142/2028 2139/2139/2025 2155/2155/2041
f 2142/2142/2028 2156/2156/2042 2117/2117/2003
f 2153/2153/2039 2123/2123/2009 2151/2151/2037
f 2136/2136/2022 2157/2157/2043 2127/2127/2013
f 2141/2141/2027 2126/2126/2012 2158/2158/2044
f 2117/2117/2003 2156/2156/2042 2145/2145/2031
f 2128/2128/2014 2134/2134/2020 2159/2159/2045
f 2128/2128/2014 2159/2159/2045 2151/2151/2037
f 2137/2137/2023 2158/2158/2044 2126/2126/2012
f 2141/2141/2027 2158/2158/2044 2160/2160/2046
f 2152/2152/2038 2140/2140/2026 2161/2161/2047
f 2147/2147/2033 2157/2157/2043 2136/2136/2022
f 2127/2127/2013 2157/2157/2043 2154/2154/2040
f 2162/2162/2048 2140/2140/2026 2150/2150/2036
f 2141/2141/2027 2160/2160/2046 2133/2133/2019
f 2161/2161/2047 2140/2140/2026 2162/2162/2048
f 2163/2163/2049 2142/2142/2028 2155/2155/2041
f 2164/2164/2050 2138/2138/2024 2145/2145/2031
f 2164/2164/2050 2165/2165/1206 2138/2138/2024
f 2132/2132/2018 2152/2152/2038 2166/2166/2051
f 2139/2139/2025 2144/2144/2030 2167/2167/2052
f 2155/2155/2041 2139/2139/2025 2167/2167/2052
f 2156/2156/2042 2142/2142/2028 2163/2163/2049
f 2149/2149/2035 2168/2168/2053 2150/2150/2036
f 2169/2169/2054 2145/2145/2031 2156/2156/2042
f 2147/2147/2033 2146/2146/2032 2170/2170/2055
f 2147/2147/2033 2170/2170/2055 2157/2157/2043
f 2150/2150/2036 2168/2168/2053 2162/2162/2048
f 2152/2152/2038 2161/2161/2047 2171/2171/2056
f 2132/2132/2018 2166/2166/2051 2143/2143/2029
f 2172/2172/2057 2144/2144/2030 2133/2133/2019
f 2163/2163/2049 2155/2155/2041 2173/2173/2058
f 2153/2153/2039 2170/2170/2055 2146/2146/2032
f 2167/2167/2052 2173/2173/2058 2155/2155/2041
f 2153/2153/2039 2174/2174/2059 2170/2170/2055
f 2175/2175/2060 2154/2154/2040 2157/2157/2043
f 2154/2154/2040 2175/2175/2060 2149/2149/2035
f 2161/2161/2047 2162/2162/2048 2176/2176/2061
f 2177/2177/2062 2133/2133/2019 2160/2160/2046
f 2161/2161/2047 2178/2178/2063 2171/2171/2056
f 2158/2158/2044 2179/2179/2064 2160/2160/2046
f 2144/2144/2030 2172/2172/2057 2167/2167/2052
f 2143/2143/2029 2180/2180/2065 2148/2148/2034
f 2133/2133/2019 2177/2177/2062 2172/2172/2057
f 2169/2169/2054 2164/2164/2050 2145/2145/2031
f 2153/2153/2039 2151/2151/2037 2174/2174/2059
f 2152/2152/2038 2171/2171/2056 2166/2166/2051
f 2166/2166/2051 2180/2180/2065 2143/2143/2029
f 2168/2168/2053 2181/2181/2066 2162/2162/2048
f 2176/2176/2061 2178/2178/2063 2161/2161/2047
f 2156/2156/2042 2182/2182/2067 2169/2169/2054
f 2162/2162/2048 2181/2181/2066 2176/2176/2061
f 2137/2137/2023 2183/2183/2068 2158/2158/2044
f 2179/2179/2064 2158/2158/2044 2183/2183/2068
f 2157/2157/2043 2170/2170/2055 2184/2184/2069
f 2185/2185/2070 2175/2175/2060 2157/2157/2043
f 2148/2148/2034 2183/2183/2068 2137/2137/2023
f 2156/2156/2042 2163/2163/2049 2182/2182/2067
f 2157/2157/2043 2184/2184/2069 2185/2185/2070
f 2160/2160/2046 2186/2186/2071 2177/2177/2062
f 2182/2182/2067 2163/2163/2049 2173/2173/2058
f 2164/2164/2050 2169/2169/2054 2187/2187/2072
f 2159/2159/2045 2188/2188/393 2151/2151/2037
f 2179/2179/2064 2186/2186/2071 2160/2160/2046
f 2189/2189/2073 2173/2173/2058 2167/2167/2052
f 2190/2190/2074 2179/2179/2064 2183/2183/2068
f 2191/2191/2075 2164/2164/2050 2187/2187/2072
f 2170/2170/2055 2174/2174/2059 2184/2184/2069
f 2148/2148/2034 2180/2180/2065 2192/2192/2076
f 2148/2148/2034 2192/2192/2076 2183/2183/2068
f 2179/2179/2064 2190/2190/2074 2186/2186/2071
f 2151/2151/2037 2193/2193/2077 2174/2174/2059
f 2164/2164/2050 2191/2191/2075 2165/2165/1206
f 2168/2168/2053 2149/2149/2035 2175/2175/2060
f 2194/2194/2078 2176/2176/2061 2181/2181/2066
f 2176/2176/2061 2194/2194/2078 2178/2178/2063
f 2195/2195/2079 2180/2180/2065 2166/2166/2051
f 2188/2188/393 2193/2193/2077 2151/2151/2037
f 2181/2181/2066 2168/2168/2053 2196/2196/2080
f 2171/2171/2056 2178/2178/2063 2194/2194/2078
f 2171/2171/2056 2197/2197/2081 2166/2166/2051
f 2197/2197/2081 2195/2195/2079 2166/2166/2051
f 2167/2167/2052 2172/2172/2057 2198/2198/2082
f 2182/2182/2067 2199/2199/2083 2169/2169/2054
f 2169/2169/2054 2199/2199/2083 2187/2187/2072
f 2200/2200/2084 2190/2190/2074 2183/2183/2068
f 2177/2177/2062 2186/2186/2071 2201/2201/2085
f 2177/2177/2062 2201/2201/2085 2172/2172/2057
f 2172/2172/2057 2201/2201/2085 2198/2198/2082
f 2193/2193/2077 2202/2202/2086 2174/2174/2059
f 2185/2185/2070 2203/2203/2087 2175/2175/2060
f 2192/2192/2076 2200/2200/2084 2183/2183/2068
f 2189/2189/2073 2182/2182/2067 2173/2173/2058
f 2185/2185/2070 2204/2204/2088 2203/2203/2087
f 2175/2175/2060 2203/2203/2087 2205/2205/2089
f 2197/2197/2081 2171/2171/2056 2194/2194/2078
f 2184/2184/2069 2174/2174/2059 2202/2202/2086
f 2175/2175/2060 2205/2205/2089 2168/2168/2053
f 2200/2200/2084 2192/2192/2076 2180/2180/2065
f 2189/2189/2073 2167/2167/2052 2198/2198/2082
f 2206/2206/2090 2199/2199/2083 2182/2182/2067
f 2185/2185/2070 2184/2184/2069 2207/2207/2091
f 2205/2205/2089 2196/2196/2080 2168/2168/2053
f 2207/2207/2091 2204/2204/2088 2185/2185/2070
f 2190/2190/2074 2208/2208/2092 2186/2186/2071
f 2189/2189/2073 2206/2206/2090 2182/2182/2067
f 2191/2191/2075 2187/2187/2072 2209/2209/2093
f 2180/2180/2065 2210/2210/2094 2200/2200/2084
f 2196/2196/2080 2194/2194/2078 2181/2181/2066
f 2180/2180/2065 2195/2195/2079 2210/2210/2094
f 2200/2200/2084 2208/2208/2092 2190/2190/2074
f 2211/2211/2095 2199/2199/2083 2206/2206/2090
f 2199/2199/2083 2209/2209/2093 2187/2187/2072
f 2212/2212/2096 2195/2195/2079 2197/2197/2081
f 2211/2211/2095 2213/2213/2097 2199/2199/2083
f 2205/2205/2089 2203/2203/2087 2214/2214/2098
f 2195/2195/2079 2212/2212/2096 2210/2210/2094
f 2198/2198/2082 2201/2201/2085 2215/2215/2099
f 2216/2216/2100 2189/2189/2073 2198/2198/2082
f 2209/2209/2093 2199/2199/2083 2213/2213/2097
f 2184/2184/2069 2217/2217/2101 2207/2207/2091
f 2216/2216/2100 2206/2206/2090 2189/2189/2073
f 2193/2193/2077 2218/2218/2102 2202/2202/2086
f 2201/2201/2085 2186/2186/2071 2219/2219/2103
f 2215/2215/2099 2220/2220/2104 2198/2198/2082
f 2221/2221/2105 2191/2191/2075 2209/2209/2093
f 2202/2202/2086 2217/2217/2101 2184/2184/2069
f 2214/2214/2098 2203/2203/2087 2204/2204/2088
f 2200/2200/2084 2222/2222/2106 2208/2208/2092
f 2196/2196/2080 2223/2223/2107 2194/2194/2078
f 2188/2188/393 2218/2218/2102 2193/2193/2077
f 2197/2197/2081 2194/2194/2078 2212/2212/2096
f 2210/2210/2094 2224/2224/2108 2200/2200/2084
f 2221/2221/2105 2209/2209/2093 2225/2225/2109
f 2208/2208/2092 2219/2219/2103 2186/2186/2071
f 2223/2223/2107 2196/2196/2080 2205/2205/2089
f 2226/2226/2110 2206/2206/2090 2216/2216/2100
f 2188/2188/393 2227/2227/404 2218/2218/2102
f 2201/2201/2085 2228/2228/2111 2215/2215/2099
f 2213/2213/2097 2211/2211/2095 2229/2229/2112
f 2205/2205/2089 2214/2214/2098 2230/2230/2113
f 2222/2222/2106 2200/2200/2084 2224/2224/2108
f 2222/2222/2106 2231/2231/2114 2208/2208/2092
f 2208/2208/2092 2231/2231/2114 2219/2219/2103
f 2219/2219/2103 2228/2228/2111 2201/2201/2085
f 2216/2216/2100 2198/2198/2082 2232/2232/2115
f 2206/2206/2090 2226/2226/2110 2211/2211/2095
f 2225/2225/2109 2209/2209/2093 2233/2233/1242
f 2232/2232/2115 2198/2198/2082 2220/2220/2104
f 2202/2202/2086 2234/2234/2116 2217/2217/2101
f 2226/2226/2110 2216/2216/2100 2232/2232/2115
f 2225/2225/2109 2233/2233/1242 2235/2235/1230
f 2223/2223/2107 2212/2212/2096 2194/2194/2078
f 2229/2229/2112 2236/2236/2117 2213/2213/2097
f 2209/2209/2093 2213/2213/2097 2236/2236/2117
f 2218/2218/2102 2234/2234/2116 2202/2202/2086
f 2237/2237/2118 2207/2207/2091 2217/2217/2101
f 2238/2238/2119 2214/2214/2098 2204/2204/2088
f 2212/2212/2096 2239/2239/2120 2210/2210/2094
f 2219/2219/2103 2231/2231/2114 2228/2228/2111
f 2233/2233/1242 2209/2209/2093 2236/2236/2117
f 2205/2205/2089 2240/2240/2121 2223/2223/2107
f 2241/2241/2122 2207/2207/2091 2237/2237/2118
f 2217/2217/2101 2234/2234/2116 2237/2237/2118
f 2207/2207/2091 2238/2238/2119 2204/2204/2088
f 2227/2227/404 2242/2242/2123 2218/2218/2102
f 2234/2234/2116 2218/2218/2102 2242/2242/2123
f 2224/2224/2108 2210/2210/2094 2239/2239/2120
f 2243/2243/2124 2215/2215/2099 2228/2228/2111
f 2232/2232/2115 2244/2244/2125 2226/2226/2110
f 2214/2214/2098 2238/2238/2119 2230/2230/2113
f 2205/2205/2089 2230/2230/2113 2240/2240/2121
f 2245/2245/2126 2229/2229/2112 2211/2211/2095
f 2234/2234/2116 2246/2246/2127 2237/2237/2118
f 2241/2241/2122 2238/2238/2119 2207/2207/2091
f 2223/2223/2107 2247/2247/2128 2212/2212/2096
f 2224/2224/2108 2248/2248/2129 2222/2222/2106
f 2215/2215/2099 2243/2243/2124 2220/2220/2104
f 2249/2249/2130 2211/2211/2095 2226/2226/2110
f 2245/2245/2126 2211/2211/2095 2249/2249/2130
f 2250/2250/2131 2241/2241/2122 2237/2237/2118
f 2244/2244/2125 2232/2232/2115 2251/2251/2132
f 2245/2245/2126 2236/2236/2117 2229/2229/2112
f 2239/2239/2120 2252/2252/2133 2224/2224/2108
f 2224/2224/2108 2252/2252/2133 2248/2248/2129
f 2222/2222/2106 2253/2253/2134 2231/2231/2114
f 2232/2232/2115 2220/2220/2104 2251/2251/2132
f 2244/2244/2125 2249/2249/2130 2226/2226/2110
f 2233/2233/1242 2254/2254/2135 2235/2235/1230
f 2255/2255/2136 2230/2230/2113 2238/2238/2119
f 2231/2231/2114 2256/2256/2137 2228/2228/2111
f 2243/2243/2124 2228/2228/2111 2256/2256/2137
f 2234/2234/2116 2242/2242/2123 2246/2246/2127
f 2222/2222/2106 2248/2248/2129 2253/2253/2134
f 2246/2246/2127 2257/2257/2138 2237/2237/2118
f 2237/2237/2118 2257/2257/2138 2250/2250/2131
f 2230/2230/2113 2255/2255/2136 2258/2258/2139
f 2247/2247/2128 2259/2259/2140 2212/2212/2096
f 2212/2212/2096 2259/2259/2140 2239/2239/2120
f 2231/2231/2114 2260/2260/2141 2256/2256/2137
f 2251/2251/2132 2261/2261/2142 2244/2244/2125
f 2236/2236/2117 2245/2245/2126 2262/2262/2143
f 2230/2230/2113 2258/2258/2139 2240/2240/2121
f 2223/2223/2107 2240/2240/2121 2247/2247/2128
f 2245/2245/2126 2263/2263/2144 2262/2262/2143
f 2236/2236/2117 2264/2264/1244 2233/2233/1242
f 2238/2238/2119 2241/2241/2122 2255/2255/2136
f 2240/2240/2121 2258/2258/2139 2265/2265/2145
f 2247/2247/2128 2240/2240/2121 2265/2265/2145
f 2239/2239/2120 2259/2259/2140 2252/2252/2133
f 2251/2251/2132 2220/2220/2104 2243/2243/2124
f 2249/2249/2130 2263/2263/2144 2245/2245/2126
f 2264/2264/1244 2236/2236/2117 2262/2262/2143
f 2259/2259/2140 2266/2266/2146 2252/2252/2133
f 2231/2231/2114 2253/2253/2134 2260/2260/2141
f 2243/2243/2124 2256/2256/2137 2267/2267/2147
f 2243/2243/2124 2267/2267/2147 2251/2251/2132
f 2242/2242/2123 2268/2268/2148 2246/2246/2127
f 2247/2247/2128 2265/2265/2145 2259/2259/2140
f 2248/2248/2129 2252/2252/2133 2266/2266/2146
f 2251/2251/2132 2267/2267/2147 2261/2261/2142
f 2244/2244/2125 2261/2261/2142 2249/2249/2130
f 2242/2242/2123 2227/2227/404 2269/2269/2149
f 2241/2241/2122 2250/2250/2131 2255/2255/2136
f 2249/2249/2130 2261/2261/2142 2270/2270/2150
f 2262/2262/2143 2263/2263/2144 2271/2271/2151
f 2259/2259/2140 2265/2265/2145 2272/2272/2152
f 2253/2253/2134 2273/2273/2153 2260/2260/2141
f 2260/2260/2141 2274/2274/2154 2256/2256/2137
f 2263/2263/2144 2270/2270/2150 2271/2271/2151
f 2242/2242/2123 2269/2269/2149 2268/2268/2148
f 2268/2268/2148 2275/2275/2155 2246/2246/2127
f 2246/2246/2127 2275/2275/2155 2257/2257/2138
f 2255/2255/2136 2276/2276/2156 2258/2258/2139
f 2256/2256/2137 2274/2274/2154 2267/2267/2147
f 2249/2249/2130 2270/2270/2150 2263/2263/2144
f 2277/2277/2157 2250/2250/2131 2257/2257/2138
f 2250/2250/2131 2276/2276/2156 2255/2255/2136
f 2248/2248/2129 2273/2273/2153 2253/2253/2134
f 2273/2273/2153 2278/2278/2158 2260/2260/2141
f 2261/2261/2142 2267/2267/2147 2279/2279/2159
f 2261/2261/2142 2280/2280/2160 2270/2270/2150
f 2277/2277/2157 2257/2257/2138 2275/2275/2155
f 2259/2259/2140 2272/2272/2152 2266/2266/2146
f 2280/2280/2160 2261/2261/2142 2279/2279/2159
f 2280/2280/2160 2281/2281/2161 2282/2282/2162
f 2258/2258/2139 2276/2276/2156 2283/2283/2163
f 2248/2248/2129 2284/2284/2164 2273/2273/2153
f 2278/2278/2158 2273/2273/2153 2285/2285/2165
f 2281/2281/2161 2286/2286/2166 2282/2282/2162
f 2271/2271/2151 2287/2287/2167 2262/2262/2143
f 2258/2258/2139 2283/2283/2163 2265/2265/2145
f 2272/2272/2152 2288/2288/2168 2266/2266/2146
f 2266/2266/2146 2284/2284/2164 2248/2248/2129
f 2260/2260/2141 2278/2278/2158 2274/2274/2154
f 2267/2267/2147 2274/2274/2154 2279/2279/2159
f 2270/2270/2150 2280/2280/2160 2282/2282/2162
f 2270/2270/2150 2282/2282/2162 2271/2271/2151
f 2282/2282/2162 2286/2286/2166 2271/2271/2151
f 2271/2271/2151 2286/2286/2166 2289/2289/2169
f 2287/2287/2167 2271/2271/2151 2289/2289/2169
f 2250/2250/2131 2277/2277/2157 2290/2290/2170
f 2265/2265/2145 2283/2283/2163 2272/2272/2152
f 2288/2288/2168 2284/2284/2164 2266/2266/2146
f 2284/2284/2164 2285/2285/2165 2273/2273/2153
f 2278/2278/2158 2285/2285/2165 2291/2291/2171
f 2278/2278/2158 2291/2291/2171 2292/2292/2172
f 2278/2278/2158 2292/2292/2172 2274/2274/2154
f 2279/2279/2159 2293/2293/2173 2280/2280/2160
f 2286/2286/2166 2281/2281/2161 2294/2294/2174
f 2276/2276/2156 2295/2295/2175 2283/2283/2163
f 2296/2296/2176 2272/2272/2152 2283/2283/2163
f 2297/2297/2177 2289/2289/2169 2286/2286/2166
f 2277/2277/2157 2298/2298/2178 2290/2290/2170
f 2290/2290/2170 2276/2276/2156 2250/2250/2131
f 2288/2288/2168 2272/2272/2152 2296/2296/2176
f 2284/2284/2164 2299/2299/2179 2285/2285/2165
f 2285/2285/2165 2300/2300/2180 2291/2291/2171
f 2279/2279/2159 2274/2274/2154 2292/2292/2172
f 2281/2281/2161 2301/2301/2181 2294/2294/2174
f 2277/2277/2157 2275/2275/2155 2298/2298/2178
f 2276/2276/2156 2290/2290/2170 2302/2302/2182
f 2300/2300/2180 2285/2285/2165 2299/2299/2179
f 2295/2295/2175 2276/2276/2156 2302/2302/2182
f 2288/2288/2168 2303/2303/2183 2284/2284/2164
f 2284/2284/2164 2303/2303/2183 2299/2299/2179
f 2280/2280/2160 2301/2301/2181 2281/2281/2161
f 2294/2294/2174 2304/2304/2184 2286/2286/2166
f 2287/2287/2167 2289/2289/2169 2297/2297/2177
f 2275/2275/2155 2268/2268/2148 2305/2305/2185
f 2295/2295/2175 2296/2296/2176 2283/2283/2163
f 2293/2293/2173 2301/2301/2181 2280/2280/2160
f 2297/2297/2177 2286/2286/2166 2304/2304/2184
f 2262/2262/2143 2306/2306/2186 2264/2264/1244
f 2262/2262/2143 2287/2287/2167 2306/2306/2186
f 2305/2305/2185 2307/2307/2187 2275/2275/2155
f 2275/2275/2155 2307/2307/2187 2298/2298/2178
f 2296/2296/2176 2303/2303/2183 2288/2288/2168
f 2305/2305/2185 2268/2268/2148 2308/2308/2188
f 2300/2300/2180 2309/2309/2189 2291/2291/2171
f 2279/2279/2159 2292/2292/2172 2293/2293/2173
f 2301/2301/2181 2310/2310/2190 2294/2294/2174
f 2311/2311/2191 2304/2304/2184 2294/2294/2174
f 2292/2292/2172 2291/2291/2171 2309/2309/2189
f 2294/2294/2174 2310/2310/2190 2312/2312/2192
f 2304/2304/2184 2313/2313/2193 2297/2297/2177
f 2314/2314/2194 2287/2287/2167 2297/2297/2177
f 2296/2296/2176 2315/2315/2195 2303/2303/2183
f 2299/2299/2179 2303/2303/2183 2316/2316/2196
f 2292/2292/2172 2309/2309/2189 2317/2317/2197
f 2293/2293/2173 2318/2318/2198 2301/2301/2181
f 2304/2304/2184 2311/2311/2191 2313/2313/2193
f 2297/2297/2177 2313/2313/2193 2314/2314/2194
f 2319/2319/2199 2320/2320/2200 2311/2311/2191
f 2319/2319/2199 2321/2321/1258 2320/2320/2200
f 2268/2268/2148 2269/2269/2149 2322/2322/427
f 2308/2308/2188 2268/2268/2148 2322/2322/427
f 2295/2295/2175 2302/2302/2182 2323/2323/2201
f 2296/2296/2176 2295/2295/2175 2315/2315/2195
f 2303/2303/2183 2324/2324/2202 2316/2316/2196
f 2300/2300/2180 2299/2299/2179 2316/2316/2196
f 2309/2309/2189 2300/2300/2180 2316/2316/2196
f 2287/2287/2167 2314/2314/2194 2325/2325/2203
f 2325/2325/2203 2306/2306/2186 2287/2287/2167
f 2326/2326/2204 2302/2302/2182 2290/2290/2170
f 2293/2293/2173 2292/2292/2172 2317/2317/2197
f 2313/2313/2193 2311/2311/2191 2320/2320/2200
f 2320/2320/2200 2314/2314/2194 2313/2313/2193
f 2321/2321/1258 2319/2319/2199 2327/2327/1261
f 2307/2307/2187 2305/2305/2185 2328/2328/2205
f 2298/2298/2178 2307/2307/2187 2329/2329/2206
f 2330/2330/2207 2315/2315/2195 2295/2295/2175
f 2303/2303/2183 2315/2315/2195 2324/2324/2202
f 2325/2325/2203 2314/2314/2194 2331/2331/2208
f 2308/2308/2188 2328/2328/2205 2305/2305/2185
f 2326/2326/2204 2323/2323/2201 2302/2302/2182
f 2309/2309/2189 2316/2316/2196 2317/2317/2197
f 2310/2310/2190 2301/2301/2181 2318/2318/2198
f 2319/2319/2199 2311/2311/2191 2327/2327/1261
f 2320/2320/2200 2331/2331/2208 2314/2314/2194
f 2320/2320/2200 2321/2321/1258 2331/2331/2208
f 2331/2331/2208 2332/2332/1263 2325/2325/2203
f 2298/2298/2178 2329/2329/2206 2333/2333/2209
f 2328/2328/2205 2308/2308/2188 2334/2334/2210
f 2290/2290/2170 2298/2298/2178 2333/2333/2209
f 2333/2333/2209 2326/2326/2204 2290/2290/2170
f 2318/2318/2198 2293/2293/2173 2335/2335/2211
f 2311/2311/2191 2294/2294/2174 2312/2312/2192
f 2311/2311/2191 2312/2312/2192 2327/2327/1261
f 2306/2306/2186 2325/2325/2203 2332/2332/1263
f 2324/2324/2202 2315/2315/2195 2336/2336/2212
f 2317/2317/2197 2337/2337/2213 2293/2293/2173
f 2312/2312/2192 2310/2310/2190 2338/2338/2214
f 2308/2308/2188 2322/2322/427 2334/2334/2210
f 2328/2328/2205 2339/2339/2215 2307/2307/2187
f 2307/2307/2187 2340/2340/2216 2329/2329/2206
f 2330/2330/2207 2336/2336/2212 2315/2315/2195
f 2293/2293/2173 2337/2337/2213 2335/2335/2211
f 2316/2316/2196 2341/2341/2217 2317/2317/2197
f 2318/2318/2198 2338/2338/2214 2310/2310/2190
f 2340/2340/2216 2307/2307/2187 2342/2342/2218
f 2323/2323/2201 2343/2343/2219 2295/2295/2175
f 2324/2324/2202 2341/2341/2217 2316/2316/2196
f 2312/2312/2192 2344/2344/2220 2327/2327/1261
f 2345/2345/431 2334/2334/2210 2322/2322/427
f 2307/2307/2187 2339/2339/2215 2342/2342/2218
f 2326/2326/2204 2343/2343/2219 2323/2323/2201
f 2295/2295/2175 2343/2343/2219 2330/2330/2207
f 2317/2317/2197 2346/2346/2221 2337/2337/2213
f 2328/2328/2205 2347/2347/437 2339/2339/2215
f 2340/2340/2216 2342/2342/2218 2348/2348/2222
f 2324/2324/2202 2336/2336/2212 2341/2341/2217
f 2337/2337/2213 2349/2349/2223 2335/2335/2211
f 2345/2345/431 2347/2347/437 2334/2334/2210
f 2347/2347/437 2350/2350/2224 2339/2339/2215
f 2334/2334/2210 2347/2347/437 2328/2328/2205
f 2337/2337/2213 2346/2346/2221 2349/2349/2223
f 2335/2335/2211 2338/2338/2214 2318/2318/2198
f 2351/2351/2225 2312/2312/2192 2338/2338/2214
f 2344/2344/2220 2312/2312/2192 2352/2352/2226
f 2330/2330/2207 2343/2343/2219 2353/2353/2227
f 2317/2317/2197 2341/2341/2217 2346/2346/2221
f 2333/2333/2209 2354/2354/2228 2326/2326/2204
f 2352/2352/2226 2312/2312/2192 2351/2351/2225
f 2344/2344/2220 2352/2352/2226 2355/2355/2229
f 2356/2356/2230 2339/2339/2215 2350/2350/2224
f 2329/2329/2206 2357/2357/2231 2333/2333/2209
f 2326/2326/2204 2354/2354/2228 2343/2343/2219
f 2336/2336/2212 2358/2358/2232 2341/2341/2217
f 2338/2338/2214 2335/2335/2211 2359/2359/2233
f 2348/2348/2222 2342/2342/2218 2339/2339/2215
f 2333/2333/2209 2357/2357/2231 2354/2354/2228
f 2338/2338/2214 2359/2359/2233 2351/2351/2225
f 2351/2351/2225 2355/2355/2229 2352/2352/2226
f 2356/2356/2230 2348/2348/2222 2339/2339/2215
f 2329/2329/2206 2340/2340/2216 2360/2360/2234
f 2335/2335/2211 2349/2349/2223 2359/2359/2233
f 2361/2361/2235 2340/2340/2216 2348/2348/2222
f 2327/2327/1261 2344/2344/2220 2362/2362/2236
f 2356/2356/2230 2350/2350/2224 2363/2363/440
f 2340/2340/2216 2361/2361/2235 2360/2360/2234
f 2329/2329/2206 2360/2360/2234 2357/2357/2231
f 2363/2363/440 2364/2364/2237 2356/2356/2230
f 2353/2353/2227 2343/2343/2219 2354/2354/2228
f 2330/2330/2207 2358/2358/2232 2336/2336/2212
f 2341/2341/2217 2365/2365/2238 2346/2346/2221
f 2356/2356/2230 2366/2366/2239 2348/2348/2222
f 2349/2349/2223 2367/2367/2240 2359/2359/2233
f 2359/2359/2233 2368/2368/2241 2351/2351/2225
f 2364/2364/2237 2366/2366/2239 2356/2356/2230
f 2341/2341/2217 2358/2358/2232 2365/2365/2238
f 2346/2346/2221 2367/2367/2240 2349/2349/2223
f 2327/2327/1261 2362/2362/2236 2369/2369/2242
f 2358/2358/2232 2330/2330/2207 2370/2370/2243
f 2330/2330/2207 2353/2353/2227 2371/2371/2244
f 2346/2346/2221 2372/2372/2245 2367/2367/2240
f 2351/2351/2225 2368/2368/2241 2373/2373/2246
f 2346/2346/2221 2365/2365/2238 2372/2372/2245
f 2374/2374/2247 2354/2354/2228 2357/2357/2231
f 2354/2354/2228 2374/2374/2247 2353/2353/2227
f 2359/2359/2233 2367/2367/2240 2375/2375/2248
f 2351/2351/2225 2373/2373/2246 2355/2355/2229
f 2374/2374/2247 2376/2376/2249 2353/2353/2227
f 2376/2376/2249 2371/2371/2244 2353/2353/2227
f 2370/2370/2243 2377/2377/2250 2358/2358/2232
f 2365/2365/2238 2358/2358/2232 2372/2372/2245
f 2360/2360/2234 2361/2361/2235 2378/2378/2251
f 2360/2360/2234 2378/2378/2251 2357/2357/2231
f 2344/2344/2220 2355/2355/2229 2379/2379/2252
f 2348/2348/2222 2380/2380/2253 2361/2361/2235
f 2357/2357/2231 2378/2378/2251 2374/2374/2247
f 2372/2372/2245 2358/2358/2232 2377/2377/2250
f 2359/2359/2233 2375/2375/2248 2368/2368/2241
f 2330/2330/2207 2371/2371/2244 2370/2370/2243
f 2371/2371/2244 2381/2381/2254 2370/2370/2243
f 2377/2377/2250 2370/2370/2243 2381/2381/2254
f 2382/2382/2255 2367/2367/2240 2372/2372/2245
f 2382/2382/2255 2375/2375/2248 2367/2367/2240
f 2348/2348/2222 2366/2366/2239 2380/2380/2253
f 2377/2377/2250 2383/2383/2256 2372/2372/2245
f 2373/2373/2246 2379/2379/2252 2355/2355/2229
f 2384/2384/2257 2364/2364/2237 2363/2363/440
f 2385/2385/2258 2378/2378/2251 2361/2361/2235
f 2381/2381/2254 2386/2386/2259 2377/2377/2250
f 2376/2376/2249 2387/2387/2260 2371/2371/2244
f 2364/2364/2237 2384/2384/2257 2366/2366/2239
f 2376/2376/2249 2374/2374/2247 2388/2388/2261
f 2381/2381/2254 2371/2371/2244 2389/2389/2262
f 2382/2382/2255 2390/2390/2263 2375/2375/2248
f 2373/2373/2246 2368/2368/2241 2391/2391/2264
f 2388/2388/2261 2374/2374/2247 2378/2378/2251
f 2375/2375/2248 2390/2390/2263 2368/2368/2241
f 2387/2387/2260 2389/2389/2262 2371/2371/2244
f 2383/2383/2256 2382/2382/2255 2372/2372/2245
f 2391/2391/2264 2392/2392/2265 2373/2373/2246
f 2376/2376/2249 2388/2388/2261 2387/2387/2260
f 2386/2386/2259 2383/2383/2256 2377/2377/2250
f 2344/2344/2220 2379/2379/2252 2362/2362/2236
f 2378/2378/2251 2385/2385/2258 2388/2388/2261
f 2373/2373/2246 2392/2392/2265 2379/2379/2252
f 2389/2389/2262 2386/2386/2259 2381/2381/2254
f 2384/2384/2257 2393/2393/2266 2366/2366/2239
f 2388/2388/2261 2394/2394/2267 2387/2387/2260
f 2379/2379/2252 2395/2395/2268 2362/2362/2236
f 2393/2393/2266 2380/2380/2253 2366/2366/2239
f 2385/2385/2258 2394/2394/2267 2388/2388/2261
f 2361/2361/2235 2380/2380/2253 2396/2396/2269
f 2361/2361/2235 2396/2396/2269 2385/2385/2258
f 2393/2393/2266 2384/2384/2257 2397/2397/2270
f 2390/2390/2263 2391/2391/2264 2368/2368/2241
f 2383/2383/2256 2398/2398/2271 2382/2382/2255
f 2395/2395/2268 2399/2399/2272 2362/2362/2236
f 2386/2386/2259 2400/2400/2273 2383/2383/2256
f 2382/2382/2255 2398/2398/2271 2390/2390/2263
f 2390/2390/2263 2401/2401/2274 2391/2391/2264
f 2379/2379/2252 2402/2402/2275 2395/2395/2268
f 2393/2393/2266 2403/2403/2276 2380/2380/2253
f 2402/2402/2275 2379/2379/2252 2392/2392/2265
f 2396/2396/2269 2394/2394/2267 2385/2385/2258
f 2398/2398/2271 2404/2404/2277 2390/2390/2263
f 2389/2389/2262 2400/2400/2273 2386/2386/2259
f 2383/2383/2256 2400/2400/2273 2398/2398/2271
f 2400/2400/2273 2389/2389/2262 2405/2405/2278
f 2406/2406/2279 2393/2393/2266 2397/2397/2270
f 2380/2380/2253 2407/2407/2280 2396/2396/2269
f 2394/2394/2267 2396/2396/2269 2407/2407/2280
f 2389/2389/2262 2387/2387/2260 2405/2405/2278
f 2403/2403/2276 2393/2393/2266 2406/2406/2279
f 2392/2392/2265 2391/2391/2264 2408/2408/2281
f 2392/2392/2265 2408/2408/2281 2402/2402/2275
f 2394/2394/2267 2409/2409/2282 2387/2387/2260
f 2395/2395/2268 2402/2402/2275 2410/2410/2283
f 2401/2401/2274 2411/2411/2284 2391/2391/2264
f 2395/2395/2268 2410/2410/2283 2399/2399/2272
f 2407/2407/2280 2380/2380/2253 2403/2403/2276
f 2398/2398/2271 2412/2412/2285 2404/2404/2277
f 2390/2390/2263 2404/2404/2277 2401/2401/2274
f 2398/2398/2271 2400/2400/2273 2412/2412/2285
f 2404/2404/2277 2411/2411/2284 2401/2401/2274
f 2400/2400/2273 2405/2405/2278 2413/2413/2286
f 2387/2387/2260 2409/2409/2282 2405/2405/2278
f 2391/2391/2264 2411/2411/2284 2408/2408/2281
f 2414/2414/2287 2399/2399/2272 2410/2410/2283
f 2402/2402/2275 2408/2408/2281 2415/2415/2288
f 2397/2397/2270 2416/2416/2289 2406/2406/2279
f 2406/2406/2279 2417/2417/2290 2403/2403/2276
f 2400/2400/2273 2413/2413/2286 2412/2412/2285
f 2402/2402/2275 2415/2415/2288 2410/2410/2283
f 2416/2416/2289 2397/2397/2270 2418/2418/2291
f 2412/2412/2285 2419/2419/2292 2404/2404/2277
f 2407/2407/2280 2420/2420/2293 2394/2394/2267
f 2405/2405/2278 2421/2421/2294 2413/2413/2286
f 2394/2394/2267 2420/2420/2293 2409/2409/2282
f 2415/2415/2288 2422/2422/2295 2410/2410/2283
f 2419/2419/2292 2411/2411/2284 2404/2404/2277
f 2408/2408/2281 2423/2423/2296 2415/2415/2288
f 2416/2416/2289 2417/2417/2290 2406/2406/2279
f 2410/2410/2283 2422/2422/2295 2414/2414/2287
f 2414/2414/2287 2422/2422/2295 2424/2424/2297
f 2420/2420/2293 2425/2425/2298 2409/2409/2282
f 2405/2405/2278 2426/2426/2299 2421/2421/2294
f 2409/2409/2282 2427/2427/2300 2405/2405/2278
f 2403/2403/2276 2428/2428/2301 2407/2407/2280
f 2427/2427/2300 2426/2426/2299 2405/2405/2278
f 2407/2407/2280 2429/2429/2302 2420/2420/2293
f 2413/2413/2286 2421/2421/2294 2412/2412/2285
f 2417/2417/2290 2428/2428/2301 2403/2403/2276
f 2409/2409/2282 2425/2425/2298 2427/2427/2300
f 2408/2408/2281 2411/2411/2284 2423/2423/2296
f 2428/2428/2301 2429/2429/2302 2407/2407/2280
f 2430/2430/2303 2411/2411/2284 2419/2419/2292
f 2420/2420/2293 2429/2429/2302 2425/2425/2298
f 2412/2412/2285 2421/2421/2294 2419/2419/2292
f 2422/2422/2295 2415/2415/2288 2431/2431/2304
f 2416/2416/2289 2432/2432/518 2417/2417/2290
f 2425/2425/2298 2433/2433/2305 2427/2427/2300
f 2421/2421/2294 2426/2426/2299 2434/2434/2306
f 2423/2423/2296 2431/2431/2304 2415/2415/2288
f 2435/2435/2307 2419/2419/2292 2421/2421/2294
f 2436/2436/505 2416/2416/2289 2418/2418/2291
f 2437/2437/2308 2430/2430/2303 2419/2419/2292
f 2422/2422/2295 2431/2431/2304 2438/2438/2309
f 2438/2438/2309 2424/2424/2297 2422/2422/2295
f 2439/2439/2310 2428/2428/2301 2417/2417/2290
f 2439/2439/2310 2429/2429/2302 2428/2428/2301
f 2425/2425/2298 2440/2440/2311 2433/2433/2305
f 2416/2416/2289 2436/2436/505 2432/2432/518
f 2419/2419/2292 2441/2441/2312 2437/2437/2308
f 2417/2417/2290 2432/2432/518 2442/2442/2313
f 2429/2429/2302 2440/2440/2311 2425/2425/2298
f 2434/2434/2306 2435/2435/2307 2421/2421/2294
f 2439/2439/2310 2417/2417/2290 2442/2442/2313
f 2427/2427/2300 2433/2433/2305 2426/2426/2299
f 2443/2443/2314 2411/2411/2284 2430/2430/2303
f 2411/2411/2284 2443/2443/2314 2423/2423/2296
f 2431/2431/2304 2444/2444/2315 2438/2438/2309
f 2429/2429/2302 2445/2445/2316 2440/2440/2311
f 2439/2439/2310 2445/2445/2316 2429/2429/2302
f 2423/2423/2296 2446/2446/2317 2431/2431/2304
f 2441/2441/2312 2419/2419/2292 2435/2435/2307
f 2433/2433/2305 2440/2440/2311 2447/2447/2318
f 2443/2443/2314 2446/2446/2317 2423/2423/2296
f 2426/2426/2299 2448/2448/2319 2434/2434/2306
f 2438/2438/2309 2444/2444/2315 2449/2449/2320
f 2450/2450/512 2432/2432/518 2436/2436/505
f 2446/2446/2317 2451/2451/2321 2431/2431/2304
f 2433/2433/2305 2448/2448/2319 2426/2426/2299
f 2432/2432/518 2452/2452/2322 2442/2442/2313
f 2430/2430/2303 2453/2453/2323 2443/2443/2314
f 2442/2442/2313 2452/2452/2322 2454/2454/2324
f 2430/2430/2303 2437/2437/2308 2453/2453/2323
f 2440/2440/2311 2445/2445/2316 2447/2447/2318
f 2441/2441/2312 2455/2455/2325 2437/2437/2308
f 2456/2456/2326 2439/2439/2310 2442/2442/2313
f 2435/2435/2307 2455/2455/2325 2441/2441/2312
f 2443/2443/2314 2453/2453/2323 2457/2457/2327
f 2457/2457/2327 2446/2446/2317 2443/2443/2314
f 2455/2455/2325 2458/2458/2328 2437/2437/2308
f 2444/2444/2315 2431/2431/2304 2451/2451/2321
f 2454/2454/2324 2456/2456/2326 2442/2442/2313
f 2459/2459/2329 2439/2439/2310 2456/2456/2326
f 2439/2439/2310 2459/2459/2329 2445/2445/2316
f 2437/2437/2308 2458/2458/2328 2453/2453/2323
f 2447/2447/2318 2460/2460/2330 2433/2433/2305
f 2451/2451/2321 2461/2461/2331 2444/2444/2315
f 2445/2445/2316 2459/2459/2329 2447/2447/2318
f 2446/2446/2317 2462/2462/2332 2451/2451/2321
f 2461/2461/2331 2449/2449/2320 2444/2444/2315
f 2460/2460/2330 2447/2447/2318 2463/2463/2333
f 2460/2460/2330 2448/2448/2319 2433/2433/2305
f 2434/2434/2306 2464/2464/2334 2435/2435/2307
f 2448/2448/2319 2464/2464/2334 2434/2434/2306
f 2465/2465/2335 2446/2446/2317 2457/2457/2327
f 2466/2466/2336 2455/2455/2325 2435/2435/2307
f 2465/2465/2335 2462/2462/2332 2446/2446/2317
f 2451/2451/2321 2467/2467/2337 2461/2461/2331
f 2468/2468/1364 2449/2449/2320 2461/2461/2331
f 2458/2458/2328 2455/2455/2325 2469/2469/2338
f 2453/2453/2323 2470/2470/2339 2457/2457/2327
f 2456/2456/2326 2471/2471/2340 2459/2459/2329
f 2467/2467/2337 2451/2451/2321 2462/2462/2332
f 2458/2458/2328 2470/2470/2339 2453/2453/2323
f 2465/2465/2335 2457/2457/2327 2470/2470/2339
f 2472/2472/2341 2463/2463/2333 2447/2447/2318
f 2435/2435/2307 2464/2464/2334 2466/2466/2336
f 2472/2472/2341 2447/2447/2318 2459/2459/2329
f 2460/2460/2330 2473/2473/2342 2448/2448/2319
f 2474/2474/2343 2458/2458/2328 2469/2469/2338
f 2458/2458/2328 2474/2474/2343 2470/2470/2339
f 2466/2466/2336 2469/2469/2338 2455/2455/2325
f 2460/2460/2330 2463/2463/2333 2475/2475/2344
f 2473/2473/2342 2464/2464/2334 2448/2448/2319
f 2464/2464/2334 2476/2476/2345 2466/2466/2336
f 2473/2473/2342 2460/2460/2330 2475/2475/2344
f 2476/2476/2345 2464/2464/2334 2473/2473/2342
f 2477/2477/1117 2478/2478/1113 2479/2479/1765
f 2477/2477/1117 2479/2479/1765 2480/2480/1125
f 2480/2480/1125 2479/2479/1765 2481/2481/1784
f 2481/2481/1784 2482/2482/2346 2480/2480/1125
f 2483/2483/2347 2484/2484/1787 2485/2485/2348
f 2482/2482/2346 2481/2481/1784 2483/2483/2347
f 2483/2483/2347 2486/2486/2349 2482/2482/2346
f 2487/2487/2350 2483/2483/2347 2485/2485/2348
f 2488/2488/2351 2482/2482/2346 2486/2486/2349
f 2482/2482/2346 2488/2488/2351 2489/2489/2352
f 2487/2487/2350 2490/2490/1877 2483/2483/2347
f 2483/2483/2347 2490/2490/1877 2486/2486/2349
f 2486/2486/2349 2490/2490/1877 2491/2491/2353
f 2486/2486/2349 2491/2491/2353 2488/2488/2351
f 2491/2491/2353 2492/2492/2354 2488/2488/2351
f 2489/2489/2352 2488/2488/2351 2492/2492/2354
f 2493/2493/1241 2494/2494/2355 2495/2495/936
f 2496/2496/2355 2497/2497/1241 2498/2498/2356
f 2499/2498/2357 2500/2499/947 2501/2496/942
f 2502/2500/2358 2499/2498/2357 2503/2497/1241
f 2500/2499/947 2499/2498/2357 2504/2501/2359
f 2504/2501/2359 2499/2498/2357 2502/2500/2358
f 2500/2499/947 2505/2502/2360 2506/2503/2361
f 2506/2503/2361 2505/2502/2360 2507/2504/2362
f 2504/2501/2359 2505/2502/2360 2500/2499/947
f 2504/2501/2359 2508/2505/2363 2505/2502/2360
f 2507/2504/2362 2505/2502/2360 2509/2506/2364
f 2510/2507/975 2511/2508/967 2512/2509/2365
f 2507/2504/2362 2509/2506/2364 2513/2510/973
f 2514/2511/2366 2511/2508/967 2515/2512/972
f 2516/2513/2367 2517/2514/2368 2518/2515/2369
f 2508/2505/2363 2504/2501/2359 2519/2516/2370
f 2520/2517/2371 2521/2518/978 2522/2519/2372
f 2515/2512/972 2523/2520/980 2514/2511/2366
f 2512/2509/2365 2511/2508/967 2514/2511/2366
f 2524/2521/974 2525/2522/977 2526/2523/2373
f 2527/2524/2374 2528/2525/2375 2529/2526/976
f 2516/2513/2367 2530/2527/2376 2525/2522/977
f 2505/2502/2360 2508/2505/2363 2531/2528/2377
f 2509/2506/2364 2505/2502/2360 2531/2528/2377
f 2530/2527/2376 2516/2513/2367 2518/2515/2369
f 2521/2518/978 2529/2526/976 2532/2529/2378
f 2523/2520/980 2524/2521/974 2533/2530/2379
f 2517/2514/2368 2513/2510/973 2534/2531/2380
f 2522/2519/2372 2521/2518/978 2532/2529/2378
f 2513/2510/973 2509/2506/2364 2535/2532/2381
f 2529/2526/976 2528/2525/2375 2532/2529/2378
f 2535/2532/2381 2534/2531/2380 2513/2510/973
f 2508/2505/2363 2519/2516/2370 2536/2533/2382
f 2528/2525/2375 2537/2534/982 2538/2535/2383
f 2510/2507/975 2538/2535/2383 2537/2534/982
f 2510/2507/975 2512/2509/2365 2539/2536/2384
f 2523/2520/980 2533/2530/2379 2514/2511/2366
f 2526/2523/2373 2533/2530/2379 2524/2521/974
f 2530/2527/2376 2526/2523/2373 2525/2522/977
f 2517/2514/2368 2534/2531/2380 2518/2515/2369
f 2509/2506/2364 2531/2528/2377 2540/2537/2385
f 2539/2536/2384 2538/2535/2383 2510/2507/975
f 2508/2505/2363 2536/2533/2382 2531/2528/2377
f 2532/2529/2378 2541/2538/2386 2522/2519/2372
f 2535/2532/2381 2509/2506/2364 2540/2537/2385
f 2533/2530/2379 2542/2539/2387 2514/2511/2366
f 2530/2527/2376 2518/2515/2369 2543/2540/2388
f 2536/2533/2382 2519/2516/2370 2544/2541/2389
f 2526/2523/2373 2530/2527/2376 2545/2542/2390
f 2546/2543/2391 2512/2509/2365 2514/2511/2366
f 2547/2544/2392 2526/2523/2373 2545/2542/2390
f 2536/2533/2382 2544/2541/2389 2548/2545/2393
f 2522/2519/2372 2541/2538/2386 2549/2546/467
f 2545/2542/2390 2530/2527/2376 2543/2540/2388
f 2533/2530/2379 2526/2523/2373 2547/2544/2392
f 2518/2515/2369 2534/2531/2380 2543/2540/2388
f 2531/2528/2377 2550/2547/2394 2540/2537/2385
f 2551/2548/2395 2541/2538/2386 2532/2529/2378
f 2528/2525/2375 2552/2549/2396 2532/2529/2378
f 2546/2543/2391 2539/2536/2384 2512/2509/2365
f 2542/2539/2387 2533/2530/2379 2547/2544/2392
f 2550/2547/2394 2531/2528/2377 2536/2533/2382
f 2553/2550/2397 2535/2532/2381 2540/2537/2385
f 2554/2551/2398 2549/2546/467 2541/2538/2386
f 2534/2531/2380 2535/2532/2381 2553/2550/2397
f 2555/2552/2399 2528/2525/2375 2538/2535/2383
f 2532/2529/2378 2552/2549/2396 2551/2548/2395
f 2528/2525/2375 2555/2552/2399 2552/2549/2396
f 2555/2552/2399 2538/2535/2383 2539/2536/2384
f 2514/2511/2366 2556/2553/2400 2546/2543/2391
f 2514/2511/2366 2542/2539/2387 2556/2553/2400
f 2543/2540/2388 2534/2531/2380 2553/2550/2397
f 2536/2533/2382 2548/2545/2393 2557/2554/2401
f 2541/2538/2386 2551/2548/2395 2558/2555/2402
f 2559/2556/2403 2553/2550/2397 2540/2537/2385
f 2557/2554/2401 2550/2547/2394 2536/2533/2382
f 2554/2551/2398 2541/2538/2386 2558/2555/2402
f 2545/2542/2390 2543/2540/2388 2560/2557/2404
f 2552/2549/2396 2561/2558/2405 2551/2548/2395
f 2539/2536/2384 2562/2559/2406 2555/2552/2399
f 2563/2560/2407 2539/2536/2384 2546/2543/2391
f 2564/2561/2408 2556/2553/2400 2542/2539/2387
f 2550/2547/2394 2557/2554/2401 2565/2562/2409
f 2564/2561/2408 2542/2539/2387 2547/2544/2392
f 2547/2544/2392 2545/2542/2390 2566/2563/2410
f 2543/2540/2388 2553/2550/2397 2567/2564/2411
f 2558/2555/2402 2551/2548/2395 2561/2558/2405
f 2562/2559/2406 2539/2536/2384 2563/2560/2407
f 2540/2537/2385 2550/2547/2394 2568/2565/2412
f 2557/2554/2401 2548/2545/2393 2569/2566/1319
f 2568/2565/2412 2550/2547/2394 2565/2562/2409
f 2570/2567/2413 2563/2560/2407 2546/2543/2391
f 2545/2542/2390 2560/2557/2404 2566/2563/2410
f 2543/2540/2388 2567/2564/2411 2560/2557/2404
f 2561/2558/2405 2552/2549/2396 2571/2568/2414
f 2546/2543/2391 2556/2553/2400 2570/2567/2413
f 2572/2569/2415 2554/2551/2398 2558/2555/2402
f 2547/2544/2392 2566/2563/2410 2573/2570/2416
f 2572/2569/2415 2558/2555/2402 2574/2571/2417
f 2552/2549/2396 2575/2572/2418 2571/2568/2414
f 2576/2573/2419 2555/2552/2399 2562/2559/2406
f 2556/2553/2400 2564/2561/2408 2577/2574/2420
f 2578/2575/2421 2568/2565/2412 2565/2562/2409
f 2555/2552/2399 2576/2573/2419 2575/2572/2418
f 2579/2576/2422 2565/2562/2409 2557/2554/2401
f 2557/2554/2401 2569/2566/1319 2579/2576/2422
f 2558/2555/2402 2561/2558/2405 2574/2571/2417
f 2553/2550/2397 2580/2577/2423 2567/2564/2411
f 2553/2550/2397 2559/2556/2403 2580/2577/2423
f 2559/2556/2403 2540/2537/2385 2568/2565/2412
f 2574/2571/2417 2581/2578/2424 2572/2569/2415
f 2577/2574/2420 2570/2567/2413 2556/2553/2400
f 2575/2572/2418 2576/2573/2419 2571/2568/2414
f 2576/2573/2419 2562/2559/2406 2582/2579/2425
f 2562/2559/2406 2563/2560/2407 2582/2579/2425
f 2564/2561/2408 2547/2544/2392 2573/2570/2416
f 2565/2562/2409 2579/2576/2422 2578/2575/2421
f 2579/2576/2422 2569/2566/1319 2583/2580/2426
f 2584/2581/2427 2563/2560/2407 2570/2567/2413
f 2583/2580/2426 2569/2566/1319 2585/2582/2428
f 2573/2570/2416 2566/2563/2410 2586/2583/2429
f 2586/2583/2429 2566/2563/2410 2560/2557/2404
f 2574/2571/2417 2561/2558/2405 2587/2584/2430
f 2582/2579/2425 2563/2560/2407 2584/2581/2427
f 2578/2575/2421 2579/2576/2422 2583/2580/2426
f 2561/2558/2405 2588/2585/2431 2587/2584/2430
f 2588/2585/2431 2561/2558/2405 2571/2568/2414
f 2571/2568/2414 2576/2573/2419 2589/2586/2432
f 2577/2574/2420 2564/2561/2408 2590/2587/2433
f 2564/2561/2408 2573/2570/2416 2591/2588/2434
f 2571/2568/2414 2589/2586/2432 2588/2585/2431
f 2560/2557/2404 2567/2564/2411 2592/2589/2435
f 2578/2575/2421 2583/2580/2426 2593/2590/2436
f 2594/2591/1345 2583/2580/2426 2585/2582/2428
f 2595/2592/2437 2581/2578/2424 2574/2571/2417
f 2576/2573/2419 2582/2579/2425 2596/2593/2438
f 2591/2588/2434 2573/2570/2416 2586/2583/2429
f 2597/2594/2439 2559/2556/2403 2568/2565/2412
f 2598/2595/2440 2597/2594/2439 2568/2565/2412
f 2568/2565/2412 2578/2575/2421 2598/2595/2440
f 2578/2575/2421 2593/2590/2436 2598/2595/2440
f 2595/2592/2437 2574/2571/2417 2587/2584/2430
f 2584/2581/2427 2570/2567/2413 2577/2574/2420
f 2559/2556/2403 2597/2594/2439 2580/2577/2423
f 2576/2573/2419 2596/2593/2438 2589/2586/2432
f 2582/2579/2425 2584/2581/2427 2599/2596/2441
f 2587/2584/2430 2588/2585/2431 2600/2597/2442
f 2596/2593/2438 2601/2598/2443 2589/2586/2432
f 2564/2561/2408 2591/2588/2434 2590/2587/2433
f 2560/2557/2404 2592/2589/2435 2586/2583/2429
f 2567/2564/2411 2580/2577/2423 2592/2589/2435
f 2599/2596/2441 2596/2593/2438 2582/2579/2425
f 2588/2585/2431 2589/2586/2432 2600/2597/2442
f 2602/2599/2444 2589/2586/2432 2601/2598/2443
f 2581/2578/2424 2603/2600/2445 2604/2601/499
f 2581/2578/2424 2595/2592/2437 2603/2600/2445
f 2596/2593/2438 2605/2602/2446 2601/2598/2443
f 2577/2574/2420 2606/2603/2447 2584/2581/2427
f 2607/2604/2448 2602/2599/2444 2601/2598/2443
f 2599/2596/2441 2605/2602/2446 2596/2593/2438
f 2603/2600/2445 2595/2592/2437 2608/2605/2449
f 2589/2586/2432 2602/2599/2444 2600/2597/2442
f 2580/2577/2423 2609/2606/2450 2592/2589/2435
f 2580/2577/2423 2597/2594/2439 2609/2606/2450
f 2593/2590/2436 2583/2580/2426 2610/2607/2451
f 2583/2580/2426 2594/2591/1345 2610/2607/2451
f 2595/2592/2437 2587/2584/2430 2608/2605/2449
f 2590/2587/2433 2591/2588/2434 2611/2608/2452
f 2612/2609/2453 2609/2606/2450 2597/2594/2439
f 2613/2610/2454 2587/2584/2430 2600/2597/2442
f 2614/2611/2455 2599/2596/2441 2584/2581/2427
f 2577/2574/2420 2590/2587/2433 2606/2603/2447
f 2586/2583/2429 2592/2589/2435 2615/2612/2456
f 2592/2589/2435 2609/2606/2450 2616/2613/2457
f 2597/2594/2439 2598/2595/2440 2612/2609/2453
f 2607/2604/2448 2617/2614/2458 2602/2599/2444
f 2601/2598/2443 2605/2602/2446 2607/2604/2448
f 2600/2597/2442 2602/2599/2444 2617/2614/2458
f 2591/2588/2434 2586/2583/2429 2618/2615/2459
f 2610/2607/2451 2594/2591/1345 2619/2616/2460
f 2614/2611/2455 2584/2581/2427 2606/2603/2447
f 2620/2617/2461 2604/2601/499 2603/2600/2445
f 2603/2600/2445 2608/2605/2449 2621/2618/2462
f 2613/2610/2454 2608/2605/2449 2587/2584/2430
f 2613/2610/2454 2600/2597/2442 2622/2619/2463
f 2600/2597/2442 2617/2614/2458 2622/2619/2463
f 2606/2603/2447 2590/2587/2433 2623/2620/2464
f 2618/2615/2459 2586/2583/2429 2615/2612/2456
f 2616/2613/2457 2615/2612/2456 2592/2589/2435
f 2621/2618/2462 2620/2617/2461 2603/2600/2445
f 2607/2604/2448 2624/2621/2465 2617/2614/2458
f 2609/2606/2450 2612/2609/2453 2616/2613/2457
f 2625/2622/2466 2612/2609/2453 2598/2595/2440
f 2598/2595/2440 2593/2590/2436 2626/2623/2467
f 2627/2624/2468 2628/2625/2469 2610/2607/2451
f 2610/2607/2451 2619/2616/2460 2627/2624/2468
f 2605/2602/2446 2624/2621/2465 2607/2604/2448
f 2599/2596/2441 2614/2611/2455 2605/2602/2446
f 2629/2626/2470 2630/2627/2471 2631/2628/2472
f 2630/2627/2471 2629/2626/2470 2632/2629/2473
f 2598/2595/2440 2626/2623/2467 2625/2622/2466
f 2633/2630/2474 2619/2616/2460 2594/2591/1345
f 2605/2602/2446 2614/2611/2455 2624/2621/2465
f 2611/2608/2452 2591/2588/2434 2618/2615/2459
f 2618/2615/2459 2615/2612/2456 2634/2631/2475
f 2632/2629/2473 2629/2626/2470 2635/2632/2476
f 2628/2625/2469 2593/2590/2436 2610/2607/2451
f 2627/2624/2468 2619/2616/2460 2633/2630/2474
f 2636/2633/2477 2633/2630/2474 2594/2591/1345
f 2637/2634/2478 2631/2628/2472 2630/2627/2471
f 2612/2609/2453 2638/2635/2479 2616/2613/2457
f 2628/2625/2469 2626/2623/2467 2593/2590/2436
f 2639/2636/2480 2621/2618/2462 2608/2605/2449
f 2614/2611/2455 2606/2603/2447 2640/2637/2481
f 2629/2626/2470 2631/2628/2472 2641/2638/2482
f 2638/2635/2479 2612/2609/2453 2642/2639/2483
f 2625/2622/2466 2642/2639/2483 2612/2609/2453
f 2613/2610/2454 2639/2636/2480 2608/2605/2449
f 2643/2640/2484 2622/2619/2463 2617/2614/2458
f 2640/2637/2481 2606/2603/2447 2623/2620/2464
f 2623/2620/2464 2590/2587/2433 2611/2608/2452
f 2644/2641/2485 2641/2638/2482 2631/2628/2472
f 2641/2638/2482 2635/2632/2476 2629/2626/2470
f 2638/2635/2479 2635/2632/2476 2616/2613/2457
f 2642/2639/2483 2632/2629/2473 2638/2635/2479
f 2645/2642/2486 2637/2634/2478 2630/2627/2471
f 2632/2629/2473 2642/2639/2483 2630/2627/2471
f 2635/2632/2476 2638/2635/2479 2632/2629/2473
f 2646/2643/2487 2620/2617/2461 2647/2644/2488
f 2620/2617/2461 2621/2618/2462 2647/2644/2488
f 2624/2621/2465 2643/2640/2484 2617/2614/2458
f 2630/2627/2471 2642/2639/2483 2645/2642/2486
f 2639/2636/2480 2613/2610/2454 2622/2619/2463
f 2615/2612/2456 2616/2613/2457 2648/2645/2489
f 2616/2613/2457 2635/2632/2476 2648/2645/2489
f 2641/2638/2482 2644/2641/2485 2635/2632/2476
f 2649/2646/2490 2631/2628/2472 2637/2634/2478
f 2633/2630/2474 2650/2647/2491 2627/2624/2468
f 2633/2630/2474 2636/2633/2477 2651/2648/2492
f 2652/2649/2493 2647/2644/2488 2621/2618/2462
f 2615/2612/2456 2648/2645/2489 2634/2631/2475
f 2625/2622/2466 2645/2642/2486 2642/2639/2483
f 2625/2622/2466 2626/2623/2467 2653/2650/2494
f 2626/2623/2467 2628/2625/2469 2653/2650/2494
f 2647/2644/2488 2654/2651/2495 2646/2643/2487
f 2643/2640/2484 2655/2652/2496 2622/2619/2463
f 2637/2634/2478 2645/2642/2486 2649/2646/2490
f 2633/2630/2474 2651/2648/2492 2650/2647/2491
f 2639/2636/2480 2622/2619/2463 2655/2652/2496
f 2656/2653/2497 2648/2645/2489 2635/2632/2476
f 2644/2641/2485 2631/2628/2472 2657/2654/2498
f 2631/2628/2472 2649/2646/2490 2657/2654/2498
f 2627/2624/2468 2650/2647/2491 2628/2625/2469
f 2651/2648/2492 2636/2633/2477 2658/2655/2499
f 2621/2618/2462 2659/2656/2500 2652/2649/2493
f 2647/2644/2488 2652/2649/2493 2660/2657/2501
f 2621/2618/2462 2639/2636/2480 2659/2656/2500
f 2624/2621/2465 2614/2611/2455 2661/2658/2502
f 2644/2641/2485 2656/2653/2497 2635/2632/2476
f 2654/2651/2495 2647/2644/2488 2660/2657/2501
f 2624/2621/2465 2662/2659/2503 2643/2640/2484
f 2663/2660/2504 2611/2608/2452 2618/2615/2459
f 2614/2611/2455 2640/2637/2481 2661/2658/2502
f 2634/2631/2475 2663/2660/2504 2618/2615/2459
f 2657/2654/2498 2649/2646/2490 2664/2661/2505
f 2665/2662/2506 2664/2661/2505 2645/2642/2486
f 2645/2642/2486 2625/2622/2466 2665/2662/2506
f 2628/2625/2469 2650/2647/2491 2666/2663/2507
f 2650/2647/2491 2651/2648/2492 2667/2664/2508
f 2658/2655/2499 2667/2664/2508 2651/2648/2492
f 2623/2620/2464 2611/2608/2452 2668/2665/2509
f 2663/2660/2504 2668/2665/2509 2611/2608/2452
f 2634/2631/2475 2648/2645/2489 2669/2666/2510
f 2649/2646/2490 2645/2642/2486 2664/2661/2505
f 2665/2662/2506 2625/2622/2466 2653/2650/2494
f 2628/2625/2469 2666/2663/2507 2653/2650/2494
f 2660/2657/2501 2670/2667/524 2654/2651/2495
f 2671/2668/2511 2662/2659/2503 2624/2621/2465
f 2640/2637/2481 2623/2620/2464 2672/2669/2512
f 2648/2645/2489 2656/2653/2497 2669/2666/2510
f 2673/2670/2513 2674/2671/2514 2670/2667/524
f 2639/2636/2480 2655/2652/2496 2675/2672/2515
f 2675/2672/2515 2655/2652/2496 2643/2640/2484
f 2676/2673/2516 2662/2659/2503 2677/2674/2517
f 2678/2675/2518 2624/2621/2465 2661/2658/2502
f 2679/2676/2519 2680/2677/2520 2681/2678/2521
f 2682/2679/2522 2660/2657/2501 2652/2649/2493
f 2683/2680/2523 2677/2674/2517 2662/2659/2503
f 2623/2620/2464 2668/2665/2509 2672/2669/2512
f 2684/2681/2524 2652/2649/2493 2659/2656/2500
f 2675/2672/2515 2659/2656/2500 2639/2636/2480
f 2662/2659/2503 2675/2672/2515 2643/2640/2484
f 2662/2659/2503 2671/2668/2511 2683/2680/2523
f 2624/2621/2465 2678/2675/2518 2671/2668/2511
f 2657/2654/2498 2656/2653/2497 2644/2641/2485
f 2667/2664/2508 2658/2655/2499 2685/2682/2525
f 2675/2672/2515 2662/2659/2503 2676/2673/2516
f 2634/2631/2475 2669/2666/2510 2686/2683/2526
f 2666/2663/2507 2650/2647/2491 2687/2684/2527
f 2688/2685/2528 2673/2670/2513 2670/2667/524
f 2652/2649/2493 2684/2681/2524 2682/2679/2522
f 2663/2660/2504 2634/2631/2475 2686/2683/2526
f 2689/2686/2529 2669/2666/2510 2656/2653/2497
f 2656/2653/2497 2657/2654/2498 2690/2687/2530
f 2665/2662/2506 2653/2650/2494 2691/2688/2531
f 2667/2664/2508 2685/2682/2525 2692/2689/2532
f 2693/2690/2533 2661/2658/2502 2640/2637/2481
f 2672/2669/2512 2694/2691/2534 2640/2637/2481
f 2664/2661/2505 2665/2662/2506 2695/2692/2535
f 2653/2650/2494 2666/2663/2507 2696/2693/2536
f 2650/2647/2491 2667/2664/2508 2692/2689/2532
f 2659/2656/2500 2675/2672/2515 2697/2694/2537
f 2693/2690/2533 2640/2637/2481 2694/2691/2534
f 2663/2660/2504 2698/2695/2538 2668/2665/2509
f 2698/2695/2538 2663/2660/2504 2686/2683/2526
f 2650/2647/2491 2692/2689/2532 2687/2684/2527
f 2688/2685/2528 2670/2667/524 2699/2696/2539
f 2670/2667/524 2660/2657/2501 2700/2697/2540
f 2675/2672/2515 2676/2673/2516 2697/2694/2537
f 2677/2674/2517 2683/2680/2523 2701/2698/2541
f 2678/2675/2518 2661/2658/2502 2702/2699/2542
f 2672/2669/2512 2668/2665/2509 2703/2700/2543
f 2669/2666/2510 2689/2686/2529 2686/2683/2526
f 2689/2686/2529 2656/2653/2497 2690/2687/2530
f 2657/2654/2498 2664/2661/2505 2690/2687/2530
f 2664/2661/2505 2695/2692/2535 2690/2687/2530
f 2653/2650/2494 2696/2693/2536 2691/2688/2531
f 2704/2701/2544 2671/2668/2511 2678/2675/2518
f 2703/2700/2543 2668/2665/2509 2698/2695/2538
f 2705/2702/2545 2666/2663/2507 2687/2684/2527
f 2706/2703/2546 2681/2678/2521 2707/2704/2547
f 2659/2656/2500 2697/2694/2537 2708/2705/2548
f 2709/2706/2549 2697/2694/2537 2676/2673/2516
f 2676/2673/2516 2677/2674/2517 2709/2706/2549
f 2677/2674/2517 2701/2698/2541 2709/2706/2549
f 2689/2686/2529 2690/2687/2530 2710/2707/2550
f 2700/2697/2540 2699/2696/2539 2670/2667/524
f 2659/2656/2500 2708/2705/2548 2684/2681/2524
f 2678/2675/2518 2711/2708/2551 2704/2701/2544
f 2702/2699/2542 2661/2658/2502 2693/2690/2533
f 2710/2707/2550 2690/2687/2530 2695/2692/2535
f 2712/2709/2552 2691/2688/2531 2696/2693/2536
f 2712/2709/2552 2696/2693/2536 2705/2702/2545
f 2696/2693/2536 2666/2663/2507 2705/2702/2545
f 2713/2710/2553 2681/2678/2521 2680/2677/2520
f 2714/2711/2554 2707/2704/2547 2681/2678/2521
f 2684/2681/2524 2715/2712/2555 2682/2679/2522
f 2708/2705/2548 2697/2694/2537 2709/2706/2549
f 2683/2680/2523 2716/2713/2556 2701/2698/2541
f 2704/2701/2544 2683/2680/2523 2671/2668/2511
f 2665/2662/2506 2691/2688/2531 2695/2692/2535
f 2680/2677/2520 2717/2714/2557 2713/2710/2553
f 2713/2710/2553 2714/2711/2554 2681/2678/2521
f 2660/2657/2501 2682/2679/2522 2700/2697/2540
f 2682/2679/2522 2718/2715/2558 2700/2697/2540
f 2694/2691/2534 2672/2669/2512 2719/2716/2559
f 2720/2717/1365 2721/2718/2560 2685/2682/2525
f 2722/2719/2561 2723/2720/2562 2699/2696/2539
f 2704/2701/2544 2716/2713/2556 2683/2680/2523
f 2711/2708/2551 2678/2675/2518 2702/2699/2542
f 2694/2691/2534 2724/2721/2563 2693/2690/2533
f 2686/2683/2526 2689/2686/2529 2698/2695/2538
f 2695/2692/2535 2691/2688/2531 2710/2707/2550
f 2685/2682/2525 2721/2718/2560 2692/2689/2532
f 2700/2697/2540 2722/2719/2561 2699/2696/2539
f 2693/2690/2533 2724/2721/2563 2702/2699/2542
f 2722/2719/2561 2700/2697/2540 2725/2722/2564
f 2672/2669/2512 2703/2700/2543 2726/2723/2565
f 2720/2717/1365 2727/2724/1369 2721/2718/2560
f 2708/2705/2548 2715/2712/2555 2684/2681/2524
f 2687/2684/2527 2692/2689/2532 2728/2725/2566
f 2728/2725/2566 2692/2689/2532 2721/2718/2560
f 2722/2719/2561 2729/2726/530 2723/2720/2562
f 2718/2715/2558 2725/2722/2564 2700/2697/2540
f 2716/2713/2556 2704/2701/2544 2730/2727/2567
f 2672/2669/2512 2726/2723/2565 2719/2716/2559
f 2689/2686/2529 2710/2707/2550 2731/2728/2568
f 2705/2702/2545 2687/2684/2527 2732/2729/2569
f 2687/2684/2527 2728/2725/2566 2732/2729/2569
f 2733/2730/1364 2734/2731/2331 2735/2732/2570
f 2721/2718/2560 2727/2724/1369 2728/2725/2566
f 2717/2714/2557 2736/2733/2571 2713/2710/2553
f 2722/2719/2561 2737/2734/2572 2729/2726/530
f 2709/2706/2549 2738/2735/2573 2708/2705/2548
f 2704/2701/2544 2711/2708/2551 2730/2727/2567
f 2689/2686/2529 2731/2728/2568 2698/2695/2538
f 2710/2707/2550 2691/2688/2531 2739/2736/2574
f 2740/2737/2575 2741/2738/2576 2742/2739/2332
f 2705/2702/2545 2743/2740/2577 2712/2709/2552
f 2735/2732/2570 2744/2741/2578 2733/2730/1364
f 2745/2742/528 2736/2733/2571 2717/2714/2557
f 2746/2743/2579 2713/2710/2553 2736/2733/2571
f 2746/2743/2579 2714/2711/2554 2713/2710/2553
f 2737/2734/2572 2722/2719/2561 2725/2722/2564
f 2715/2712/2555 2718/2715/2558 2682/2679/2522
f 2701/2698/2541 2716/2713/2556 2709/2706/2549
f 2711/2708/2551 2702/2699/2542 2724/2721/2563
f 2719/2716/2559 2724/2721/2563 2694/2691/2534
f 2747/2744/2580 2703/2700/2543 2698/2695/2538
f 2748/2745/2581 2736/2733/2571 2745/2742/528
f 2748/2745/2581 2749/2746/2582 2729/2726/530
f 2707/2704/2547 2750/2747/2583 2706/2703/2546
f 2751/2748/2584 2752/2749/2585 2753/2750/2329
f 2739/2736/2574 2691/2688/2531 2754/2751/2586
f 2691/2688/2531 2712/2709/2552 2754/2751/2586
f 2744/2741/2578 2755/2752/2587 2733/2730/1364
f 2728/2725/2566 2727/2724/1369 2756/2753/2588
f 2748/2745/2581 2745/2742/528 2749/2746/2582
f 2737/2734/2572 2748/2745/2581 2729/2726/530
f 2737/2734/2572 2725/2722/2564 2757/2754/2589
f 2726/2723/2565 2703/2700/2543 2747/2744/2580
f 2731/2728/2568 2758/2755/2590 2698/2695/2538
f 2743/2740/2577 2754/2751/2586 2712/2709/2552
f 2743/2740/2577 2705/2702/2545 2732/2729/2569
f 2714/2711/2554 2759/2756/2591 2707/2704/2547
f 2718/2715/2558 2760/2757/2592 2725/2722/2564
f 2706/2703/2546 2750/2747/2583 2751/2748/2584
f 2708/2705/2548 2738/2735/2573 2715/2712/2555
f 2711/2708/2551 2724/2721/2563 2730/2727/2567
f 2724/2721/2563 2719/2716/2559 2730/2727/2567
f 2726/2723/2565 2761/2758/2593 2719/2716/2559
f 2748/2745/2581 2746/2743/2579 2736/2733/2571
f 2715/2712/2555 2760/2757/2592 2718/2715/2558
f 2726/2723/2565 2747/2744/2580 2758/2755/2590
f 2758/2755/2590 2747/2744/2580 2698/2695/2538
f 2731/2728/2568 2710/2707/2550 2762/2759/2594
f 2710/2707/2550 2739/2736/2574 2762/2759/2594
f 2727/2724/1369 2763/2760/1371 2756/2753/2588
f 2737/2734/2572 2764/2761/2595 2748/2745/2581
f 2714/2711/2554 2746/2743/2579 2759/2756/2591
f 2715/2712/2555 2738/2735/2573 2765/2762/2596
f 2752/2749/2585 2766/2763/2597 2753/2750/2329
f 2709/2706/2549 2767/2764/2598 2738/2735/2573
f 2716/2713/2556 2767/2764/2598 2709/2706/2549
f 2730/2727/2567 2768/2765/2599 2716/2713/2556
f 2758/2755/2590 2761/2758/2593 2726/2723/2565
f 2742/2739/2332 2741/2738/2576 2735/2732/2570
f 2769/2766/2600 2744/2741/2578 2735/2732/2570
f 2732/2729/2569 2770/2767/2601 2771/2768/2602
f 2728/2725/2566 2770/2767/2601 2732/2729/2569
f 2756/2753/2588 2770/2767/2601 2728/2725/2566
f 2760/2757/2592 2757/2754/2589 2725/2722/2564
f 2772/2769/2603 2773/2770/2604 2766/2763/2597
f 2716/2713/2556 2768/2765/2599 2767/2764/2598
f 2731/2728/2568 2762/2759/2594 2758/2755/2590
f 2769/2766/2600 2735/2732/2570 2741/2738/2576
f 2743/2740/2577 2732/2729/2569 2771/2768/2602
f 2774/2771/2605 2755/2752/2587 2744/2741/2578
f 2756/2753/2588 2763/2760/1371 2775/2772/2606
f 2776/2773/2607 2777/2774/2608 2763/2760/1371
f 2746/2743/2579 2748/2745/2581 2764/2761/2595
f 2737/2734/2572 2757/2754/2589 2764/2761/2595
f 2715/2712/2555 2765/2762/2596 2760/2757/2592
f 2754/2751/2586 2778/2775/2609 2739/2736/2574
f 2763/2760/1371 2777/2774/2608 2775/2772/2606
f 2750/2747/2583 2752/2749/2585 2751/2748/2584
f 2779/2776/2610 2780/2777/2611 2740/2737/2575
f 2754/2751/2586 2743/2740/2577 2781/2778/2612
f 2770/2767/2601 2756/2753/2588 2782/2779/2613
f 2782/2779/2613 2756/2753/2588 2775/2772/2606
f 2774/2771/2605 2783/2780/2614 2755/2752/2587
f 2777/2774/2608 2776/2773/2607 2784/2781/1375
f 2764/2761/2595 2785/2782/2615 2746/2743/2579
f 2759/2756/2591 2750/2747/2583 2707/2704/2547
f 2786/2783/2616 2780/2777/2611 2787/2784/2617
f 2739/2736/2574 2778/2775/2609 2762/2759/2594
f 2781/2778/2612 2743/2740/2577 2771/2768/2602
f 2784/2781/1375 2783/2780/2614 2788/2785/2618
f 2759/2756/2591 2746/2743/2579 2785/2782/2615
f 2768/2765/2599 2789/2786/2619 2767/2764/2598
f 2772/2769/2603 2790/2787/2344 2773/2770/2604
f 2719/2716/2559 2791/2788/2620 2730/2727/2567
f 2775/2772/2606 2777/2774/2608 2792/2789/2621
f 2792/2789/2621 2777/2774/2608 2784/2781/1375
f 2760/2757/2592 2793/2790/2622 2757/2754/2589
f 2794/2791/2623 2768/2765/2599 2730/2727/2567
f 2791/2788/2620 2794/2791/2623 2730/2727/2567
f 2719/2716/2559 2761/2758/2593 2791/2788/2620
f 2786/2783/2616 2787/2784/2617 2795/2792/2624
f 2754/2751/2586 2781/2778/2612 2778/2775/2609
f 2774/2771/2605 2788/2785/2618 2783/2780/2614
f 2792/2789/2621 2784/2781/1375 2788/2785/2618
f 2765/2762/2596 2793/2790/2622 2760/2757/2592
f 2765/2762/2596 2738/2735/2573 2796/2793/2625
f 2789/2786/2619 2768/2765/2599 2794/2791/2623
f 2786/2783/2616 2795/2792/2624 2797/2794/2626
f 2758/2755/2590 2762/2759/2594 2798/2795/2627
f 2740/2737/2575 2780/2777/2611 2799/2796/2628
f 2800/2797/2629 2771/2768/2602 2770/2767/2601
f 2774/2771/2605 2744/2741/2578 2769/2766/2600
f 2759/2756/2591 2801/2798/2630 2750/2747/2583
f 2793/2790/2622 2802/2799/2631 2757/2754/2589
f 2752/2749/2585 2750/2747/2583 2803/2800/2632
f 2738/2735/2573 2767/2764/2598 2804/2801/2633
f 2800/2797/2629 2770/2767/2601 2782/2779/2613
f 2792/2789/2621 2788/2785/2618 2805/2802/2634
f 2805/2802/2634 2788/2785/2618 2774/2771/2605
f 2757/2754/2589 2802/2799/2631 2764/2761/2595
f 2797/2794/2626 2806/2803/2635 2807/2804/2636
f 2758/2755/2590 2808/2805/2637 2761/2758/2593
f 2778/2775/2609 2781/2778/2612 2809/2806/2638
f 2740/2737/2575 2799/2796/2628 2810/2807/2639
f 2810/2807/2639 2741/2738/2576 2740/2737/2575
f 2775/2772/2606 2792/2789/2621 2811/2808/2640
f 2764/2761/2595 2802/2799/2631 2785/2782/2615
f 2759/2756/2591 2785/2782/2615 2801/2798/2630
f 2752/2749/2585 2772/2769/2603 2766/2763/2597
f 2798/2795/2627 2808/2805/2637 2758/2755/2590
f 2762/2759/2594 2778/2775/2609 2798/2795/2627
f 2781/2778/2612 2812/2809/2641 2809/2806/2638
f 2812/2809/2641 2781/2778/2612 2771/2768/2602
f 2782/2779/2613 2813/2810/2642 2800/2797/2629
f 2801/2798/2630 2803/2800/2632 2750/2747/2583
f 2804/2801/2633 2796/2793/2625 2738/2735/2573
f 2804/2801/2633 2814/2811/2643 2796/2793/2625
f 2807/2804/2636 2806/2803/2635 2815/2812/2644
f 2808/2805/2637 2798/2795/2627 2816/2813/2645
f 2771/2768/2602 2800/2797/2629 2812/2809/2641
f 2741/2738/2576 2810/2807/2639 2769/2766/2600
f 2774/2771/2605 2769/2766/2600 2817/2814/2646
f 2805/2802/2634 2811/2808/2640 2792/2789/2621
f 2765/2762/2596 2818/2815/2647 2793/2790/2622
f 2798/2795/2627 2778/2775/2609 2819/2816/2648
f 2820/2817/2649 2799/2796/2628 2780/2777/2611
f 2778/2775/2609 2809/2806/2638 2819/2816/2648
f 2782/2779/2613 2775/2772/2606 2811/2808/2640
f 2765/2762/2596 2796/2793/2625 2818/2815/2647
f 2803/2800/2632 2821/2818/2650 2752/2749/2585
f 2821/2818/2650 2772/2769/2603 2752/2749/2585
f 2767/2764/2598 2789/2786/2619 2822/2819/2651
f 2815/2812/2644 2806/2803/2635 2790/2787/2344
f 2789/2786/2619 2794/2791/2623 2823/2820/2652
f 2794/2791/2623 2791/2788/2620 2824/2821/2653
f 2808/2805/2637 2825/2822/2654 2761/2758/2593
f 2786/2783/2616 2826/2823/2655 2780/2777/2611
f 2812/2809/2641 2800/2797/2629 2827/2824/2656
f 2817/2814/2646 2769/2766/2600 2810/2807/2639
f 2805/2802/2634 2774/2771/2605 2817/2814/2646
f 2822/2819/2651 2804/2801/2633 2767/2764/2598
f 2828/2825/2657 2804/2801/2633 2822/2819/2651
f 2829/2826/2658 2823/2820/2652 2794/2791/2623
f 2794/2791/2623 2824/2821/2653 2829/2826/2658
f 2791/2788/2620 2825/2822/2654 2824/2821/2653
f 2791/2788/2620 2761/2758/2593 2825/2822/2654
f 2808/2805/2637 2816/2813/2645 2825/2822/2654
f 2810/2807/2639 2799/2796/2628 2820/2817/2649
f 2800/2797/2629 2813/2810/2642 2827/2824/2656
f 2813/2810/2642 2782/2779/2613 2830/2827/2659
f 2830/2827/2659 2782/2779/2613 2811/2808/2640
f 2802/2799/2631 2831/2828/2660 2785/2782/2615
f 2831/2828/2660 2801/2798/2630 2785/2782/2615
f 2793/2790/2622 2818/2815/2647 2802/2799/2631
f 2796/2793/2625 2832/2829/2661 2818/2815/2647
f 2821/2818/2650 2833/2830/2662 2772/2769/2603
f 2833/2830/2662 2790/2787/2344 2772/2769/2603
f 2833/2830/2662 2815/2812/2644 2790/2787/2344
f 2829/2826/2658 2828/2825/2657 2823/2820/2652
f 2834/2831/2663 2807/2804/2636 2815/2812/2644
f 2809/2806/2638 2812/2809/2641 2827/2824/2656
f 2811/2808/2640 2805/2802/2634 2835/2832/2664
f 2803/2800/2632 2801/2798/2630 2836/2833/2665
f 2836/2833/2665 2821/2818/2650 2803/2800/2632
f 2796/2793/2625 2814/2811/2643 2832/2829/2661
f 2828/2825/2657 2837/2834/2666 2804/2801/2633
f 2822/2819/2651 2789/2786/2619 2823/2820/2652
f 2826/2823/2655 2786/2783/2616 2807/2804/2636
f 2797/2794/2626 2807/2804/2636 2786/2783/2616
f 2798/2795/2627 2819/2816/2648 2816/2813/2645
f 2820/2817/2649 2780/2777/2611 2826/2823/2655
f 2810/2807/2639 2838/2835/2667 2817/2814/2646
f 2830/2827/2659 2811/2808/2640 2835/2832/2664
f 2831/2828/2660 2836/2833/2665 2801/2798/2630
f 2804/2801/2633 2837/2834/2666 2814/2811/2643
f 2822/2819/2651 2823/2820/2652 2828/2825/2657
f 2839/2836/2668 2837/2834/2666 2828/2825/2657
f 2828/2825/2657 2829/2826/2658 2839/2836/2668
f 2809/2806/2638 2840/2837/2669 2819/2816/2648
f 2820/2817/2649 2838/2835/2667 2810/2807/2639
f 2835/2832/2664 2817/2814/2646 2841/2838/2670
f 2835/2832/2664 2805/2802/2634 2817/2814/2646
f 2842/2839/2671 2831/2828/2660 2802/2799/2631
f 2802/2799/2631 2818/2815/2647 2842/2839/2671
f 2824/2821/2653 2839/2836/2668 2829/2826/2658
f 2816/2813/2645 2819/2816/2648 2843/2840/2672
f 2840/2837/2669 2809/2806/2638 2827/2824/2656
f 2844/2841/2673 2827/2824/2656 2813/2810/2642
f 2841/2838/2670 2817/2814/2646 2838/2835/2667
f 2830/2827/2659 2835/2832/2664 2845/2842/2674
f 2845/2842/2674 2835/2832/2664 2841/2838/2670
f 2846/2843/2675 2833/2830/2662 2821/2818/2650
f 2813/2810/2642 2830/2827/2659 2844/2841/2673
f 2836/2833/2665 2846/2843/2675 2821/2818/2650
f 2833/2830/2662 2834/2831/2663 2815/2812/2644
f 2834/2831/2663 2847/2844/2676 2807/2804/2636
f 2825/2822/2654 2816/2813/2645 2843/2840/2672
f 2826/2823/2655 2848/2845/2677 2820/2817/2649
f 2843/2840/2672 2819/2816/2648 2840/2837/2669
f 2844/2841/2673 2830/2827/2659 2845/2842/2674
f 2831/2828/2660 2842/2839/2671 2836/2833/2665
f 2842/2839/2671 2818/2815/2647 2849/2846/2678
f 2818/2815/2647 2832/2829/2661 2849/2846/2678
f 2807/2804/2636 2847/2844/2676 2826/2823/2655
f 2840/2837/2669 2827/2824/2656 2844/2841/2673
f 2850/2847/2679 2838/2835/2667 2820/2817/2649
f 2845/2842/2674 2841/2838/2670 2851/2848/2680
f 2846/2843/2675 2852/2849/2681 2833/2830/2662
f 2814/2811/2643 2837/2834/2666 2853/2850/2682
f 2854/2851/2683 2834/2831/2663 2833/2830/2662
f 2839/2836/2668 2855/2852/2684 2856/2853/2685
f 2824/2821/2653 2855/2852/2684 2839/2836/2668
f 2824/2821/2653 2825/2822/2654 2855/2852/2684
f 2825/2822/2654 2843/2840/2672 2857/2854/2686
f 2843/2840/2672 2840/2837/2669 2858/2855/2687
f 2850/2847/2679 2841/2838/2670 2838/2835/2667
f 2851/2848/2680 2841/2838/2670 2850/2847/2679
f 2859/2856/2688 2842/2839/2671 2849/2846/2678
f 2859/2856/2688 2836/2833/2665 2842/2839/2671
f 2859/2856/2688 2846/2843/2675 2836/2833/2665
f 2853/2850/2682 2832/2829/2661 2814/2811/2643
f 2825/2822/2654 2857/2854/2686 2855/2852/2684
f 2848/2845/2677 2826/2823/2655 2847/2844/2676
f 2857/2854/2686 2843/2840/2672 2858/2855/2687
f 2840/2837/2669 2844/2841/2673 2860/2857/2689
f 2860/2857/2689 2844/2841/2673 2845/2842/2674
f 2861/2858/2690 2859/2856/2688 2849/2846/2678
f 2832/2829/2661 2861/2858/2690 2849/2846/2678
f 2832/2829/2661 2853/2850/2682 2861/2858/2690
f 2839/2836/2668 2856/2853/2685 2837/2834/2666
f 2840/2837/2669 2860/2857/2689 2858/2855/2687
f 2820/2817/2649 2848/2845/2677 2850/2847/2679
f 2859/2856/2688 2852/2849/2681 2846/2843/2675
f 2852/2849/2681 2854/2851/2683 2833/2830/2662
f 2837/2834/2666 2862/2859/2691 2853/2850/2682
f 2837/2834/2666 2856/2853/2685 2862/2859/2691
f 2858/2855/2687 2863/2860/2692 2857/2854/2686
f 2850/2847/2679 2848/2845/2677 2864/2861/2693
f 2845/2842/2674 2865/2862/2694 2860/2857/2689
f 2845/2842/2674 2851/2848/2680 2865/2862/2694
f 2861/2858/2690 2866/2863/2695 2859/2856/2688
f 2866/2863/2695 2852/2849/2681 2859/2856/2688
f 2847/2844/2676 2834/2831/2663 2854/2851/2683
f 2855/2852/2684 2863/2860/2692 2856/2853/2685
f 2855/2852/2684 2857/2854/2686 2863/2860/2692
f 2863/2860/2692 2858/2855/2687 2867/2864/2696
f 2858/2855/2687 2860/2857/2689 2867/2864/2696
f 2868/2865/2697 2865/2862/2694 2850/2847/2679
f 2865/2862/2694 2851/2848/2680 2850/2847/2679
f 2853/2850/2682 2869/2866/2698 2861/2858/2690
f 2866/2863/2695 2854/2851/2683 2852/2849/2681
f 2870/2867/2699 2864/2861/2693 2848/2845/2677
f 2865/2862/2694 2867/2864/2696 2860/2857/2689
f 2868/2865/2697 2850/2847/2679 2864/2861/2693
f 2861/2858/2690 2869/2866/2698 2866/2863/2695
f 2869/2866/2698 2853/2850/2682 2862/2859/2691
f 2866/2863/2695 2871/2868/2700 2854/2851/2683
f 2869/2866/2698 2862/2859/2691 2871/2868/2700
f 2862/2859/2691 2872/2869/2701 2873/2870/2702
f 2856/2853/2685 2872/2869/2701 2862/2859/2691
f 2872/2869/2701 2856/2853/2685 2863/2860/2692
f 2847/2844/2676 2870/2867/2699 2848/2845/2677
f 2863/2860/2692 2867/2864/2696 2872/2869/2701
f 2867/2864/2696 2865/2862/2694 2874/2871/2703
f 2874/2871/2703 2865/2862/2694 2868/2865/2697
f 2866/2863/2695 2869/2866/2698 2871/2868/2700
f 2862/2859/2691 2873/2870/2702 2871/2868/2700
f 2871/2868/2700 2870/2867/2699 2854/2851/2683
f 2870/2867/2699 2847/2844/2676 2854/2851/2683
f 2872/2869/2701 2867/2864/2696 2873/2870/2702
f 2874/2871/2703 2868/2865/2697 2870/2867/2699
f 2870/2867/2699 2868/2865/2697 2864/2861/2693
f 2873/2870/2702 2874/2871/2703 2871/2868/2700
f 2874/2871/2703 2870/2867/2699 2871/2868/2700
f 2873/2870/2702 2867/2864/2696 2874/2871/2703
f 2875/2572/2704 2876/2549/2705 2877/2552/2706
