# Blender 5.0.1
# www.blender.org
mtllib SM_Salmon_Fish01.mtl
o surface_7.005
v -0.350227 0.406588 0.058269
v -0.344665 0.444539 0.064414
v -0.353809 0.451947 0.052636
v -0.351743 0.473488 0.053871
v -0.340975 0.471418 0.065567
v -0.343426 0.497170 0.062625
v -0.342427 0.363294 0.064075
v -0.338955 0.396513 0.065995
v -0.330277 0.452424 0.063771
v -0.333580 0.424960 0.063806
v -0.332811 0.345120 0.065529
v -0.341676 0.330956 0.061990
v -0.344558 0.312617 0.051324
v -0.326747 0.300128 0.065539
v -0.341676 0.330956 0.061990
v -0.320842 0.482846 0.064954
v -0.341793 0.541875 0.056709
v -0.329131 0.529807 0.063039
v -0.326398 0.396720 0.060803
v -0.334793 0.288124 0.059361
v -0.326747 0.300128 0.065539
v -0.329842 0.571709 0.063708
v -0.314716 0.500672 0.059956
v -0.317565 0.331539 0.056530
v -0.332811 0.345120 0.065529
v -0.316396 0.354369 0.057217
v -0.322119 0.262268 0.064801
v -0.318336 0.421335 0.056966
v -0.313528 0.461828 0.065934
v -0.316396 0.354369 0.057217
v -0.321658 0.561481 0.063264
v -0.323013 0.607419 0.060097
v -0.309370 0.613300 0.064897
v -0.309213 0.388742 0.058404
v -0.326398 0.396720 0.060803
v -0.317539 0.298192 0.060140
v -0.314685 0.553711 0.057055
v -0.312171 0.261267 0.066979
v -0.299598 0.597034 0.057007
v -0.310700 0.435633 0.060360
v -0.310164 0.523233 0.055339
v -0.310314 0.317453 0.057096
v -0.318336 0.421335 0.056966
v -0.303304 0.274897 0.058821
v -0.287613 0.573281 0.055489
v -0.309801 0.242825 0.066939
v -0.308979 0.225502 0.064050
v -0.301108 0.537364 0.059407
v -0.310081 0.641718 0.061580
v -0.287492 0.442479 0.062128
v -0.306243 0.557728 0.058513
v -0.300862 0.249670 0.059829
v -0.296479 0.298433 0.062574
v -0.299425 0.422124 0.053514
v -0.297150 0.226788 0.065473
v -0.299425 0.422124 0.053514
v -0.294169 0.347764 0.048016
v -0.280429 0.479079 0.064893
v -0.288403 0.504999 0.052895
v -0.292736 0.373393 0.059817
v -0.283955 0.517268 0.055374
v -0.294626 0.662874 0.065467
v -0.287598 0.551454 0.060841
v -0.278425 0.344518 0.053015
v -0.289147 0.363327 0.051754
v -0.283370 0.324338 0.062116
v -0.306315 0.664477 0.055505
v -0.302868 0.198166 0.055683
v -0.279500 0.183218 0.066253
v -0.289911 0.698723 0.059824
v -0.284729 0.644533 0.056554
v -0.283727 0.622105 0.055304
v -0.290983 0.406616 0.057136
v -0.285100 0.232249 0.055337
v -0.280241 0.425347 0.052486
v -0.278838 0.668483 0.058679
v -0.279119 0.604450 0.060709
v -0.281142 0.283543 0.052503
v -0.280241 0.425347 0.052486
v -0.279684 0.259442 0.049437
v -0.282503 0.389210 0.063319
v -0.284400 0.160216 0.054266
v -0.284329 0.694825 0.065760
v -0.264915 0.182977 0.060020
v -0.274873 0.362272 0.046390
v -0.257820 0.417091 0.060200
v -0.260950 0.525007 0.062492
v -0.262834 0.206976 0.059586
v -0.272892 0.155452 0.064300
v -0.267588 0.389830 0.060145
v -0.256786 0.489998 0.055650
v -0.270722 0.727439 0.065680
v -0.271741 0.704586 0.061931
v -0.252577 0.441994 0.051407
v -0.258499 0.555470 0.052488
v -0.269394 0.505269 0.051473
v -0.254677 0.609229 0.060108
v -0.266938 0.685146 0.055559
v -0.254449 0.332974 0.059915
v -0.251261 0.229890 0.054857
v -0.258102 0.375800 0.047893
v -0.258254 0.457886 0.060899
v -0.247149 0.577887 0.060537
v -0.258212 0.541180 0.059191
v -0.259002 0.638199 0.056545
v -0.254413 0.139465 0.066932
v -0.249497 0.276929 0.054278
v -0.261169 0.733121 0.066562
v -0.253927 0.356392 0.055585
v -0.255652 0.676001 0.054441
v -0.257464 0.308422 0.053507
v -0.252725 0.658918 0.052726
v -0.255956 0.706129 0.057590
v -0.253384 0.724637 0.055921
v -0.252577 0.441994 0.051407
v -0.255271 0.753560 0.066139
v -0.267861 0.748785 0.056784
v -0.255578 0.115571 0.051305
v -0.239884 0.395793 0.054512
v -0.252363 0.475740 0.062926
v -0.236139 0.618791 0.053253
v -0.251704 0.741715 0.061416
v -0.237162 0.503636 0.052915
v -0.255192 0.158161 0.061869
v -0.237839 0.415302 0.062771
v -0.234750 0.698282 0.053574
v -0.236251 0.246962 0.051814
v -0.241745 0.139743 0.062303
v -0.234435 0.721669 0.059055
v -0.241357 0.209716 0.055400
v -0.229976 0.521235 0.062450
v -0.238265 0.180100 0.058744
v -0.229744 0.462108 0.050945
v -0.239164 0.645656 0.057815
v -0.225445 0.684528 0.058006
v -0.239333 0.153481 0.062274
v -0.235390 0.165703 0.063601
v -0.238980 0.116379 0.067119
v -0.240080 0.771128 0.065506
v -0.232044 0.192320 0.060921
v -0.233305 0.305685 0.056457
v -0.241232 0.782928 0.065285
v -0.234926 0.755990 0.056407
v -0.220463 0.635173 0.058682
v -0.228078 0.332086 0.052871
v -0.227095 0.123966 0.062405
v -0.227163 0.272281 0.058956
v -0.228093 0.542391 0.051997
v -0.227812 0.743869 0.051745
v -0.231118 0.668566 0.050622
v -0.224107 0.364933 0.060740
v -0.233149 0.482761 0.056910
v -0.213117 0.448843 0.057826
v -0.204693 0.492612 0.048018
v -0.204068 0.580656 0.058341
v -0.227051 0.554956 0.055121
v -0.220146 0.659100 0.051466
v -0.219092 0.209188 0.057260
v -0.212233 0.397580 0.049918
v -0.203528 0.357355 0.059127
v -0.224575 0.782241 0.058217
v -0.221300 0.105458 0.064848
v -0.203803 0.279888 0.059231
v -0.218273 0.150648 0.064929
v -0.204902 0.528365 0.056032
v -0.216590 0.713992 0.056251
v -0.208698 0.383612 0.056899
v -0.217622 0.082524 0.062323
v -0.220238 0.802026 0.065519
v -0.214604 0.649672 0.057407
v -0.229744 0.462108 0.050945
v -0.200921 0.757834 0.050876
v -0.213923 0.227470 0.058262
v -0.208666 0.774115 0.061194
v -0.204323 0.737759 0.058669
v -0.203303 0.558930 0.059336
v -0.203048 0.174432 0.054270
v -0.202090 0.313850 0.059224
v -0.216097 0.165561 0.059818
v -0.219259 0.821145 0.060501
v -0.204461 0.193746 0.061467
v -0.210027 0.103623 0.058787
v -0.203841 0.666905 0.048635
v -0.187142 0.680400 0.054117
v -0.210490 0.088329 0.066894
v -0.210614 0.136265 0.060173
v -0.199084 0.249894 0.054866
v -0.203474 0.118248 0.062501
v -0.204217 0.543615 0.052097
v -0.202753 0.413804 0.055879
v -0.199960 0.184783 0.058258
v -0.174879 0.701761 0.058166
v -0.189569 0.344379 0.052443
v -0.186832 0.231058 0.058075
v -0.190990 0.714995 0.052306
v -0.200600 0.813523 0.058477
v -0.188996 0.441058 0.062565
v -0.196880 0.799784 0.054927
v -0.194396 0.838941 0.065700
v -0.200406 0.217640 0.060706
v -0.202556 0.767147 0.056513
v -0.199211 0.158851 0.063158
v -0.203238 0.510105 0.057958
v -0.194494 0.084088 0.060953
v -0.192584 0.205315 0.055898
v -0.189433 0.602106 0.051595
v -0.189718 0.622065 0.053024
v -0.194721 0.146213 0.065212
v -0.191960 0.069469 0.066838
v -0.192557 0.787459 0.062131
v -0.191752 0.727914 0.061023
v -0.177466 0.129748 0.057995
v -0.183725 0.479960 0.047077
v -0.180844 0.642124 0.059509
v -0.187460 0.091096 0.061953
v -0.180587 0.655601 0.055106
v -0.183725 0.479960 0.047077
v -0.176812 0.800063 0.058649
v -0.170692 0.505846 0.049239
v -0.176582 0.516474 0.056614
v -0.153351 0.176980 0.054869
v -0.181697 0.778264 0.061281
v -0.176168 0.069980 0.063137
v -0.180373 0.262540 0.062837
v -0.170418 0.378268 0.062114
v -0.166139 0.772749 0.054646
v -0.177683 0.213233 0.058639
v -0.168464 0.417793 0.051696
v -0.172658 0.753866 0.053266
v -0.180697 0.050224 0.062426
v -0.171246 0.109378 0.062014
v -0.177798 0.428101 0.057615
v -0.174437 0.296575 0.057074
v -0.166223 0.536378 0.052026
v -0.163116 0.146989 0.063656
v -0.169658 0.557404 0.058000
v -0.172417 0.166013 0.057241
v -0.158486 0.190241 0.061168
v -0.175714 0.851253 0.063779
v -0.159842 0.461555 0.062150
v -0.161504 0.324906 0.061127
v -0.177568 0.826585 0.060173
v -0.164978 0.571706 0.050931
v -0.160238 0.667601 0.049926
v -0.168003 0.055437 0.066328
v -0.173635 0.841346 0.057429
v -0.164871 0.732374 0.058911
v -0.164773 0.274327 0.061018
v -0.162181 0.251888 0.057001
v -0.173713 0.092164 0.058677
v -0.168119 0.242715 0.053577
v -0.160362 0.815545 0.054599
v -0.161906 0.477480 0.054769
v -0.160030 0.717984 0.050906
v -0.156440 0.793056 0.062954
v -0.183494 0.863501 0.058870
v -0.158457 0.881384 0.064937
v -0.160873 0.079144 0.061778
v -0.156211 0.217869 0.063644
v -0.166732 0.061010 0.061193
v -0.145273 0.205427 0.058314
v -0.162500 0.623714 0.054985
v -0.157863 0.409144 0.057428
v -0.143639 0.610808 0.049092
v -0.160840 0.870217 0.065868
v -0.136761 0.447915 0.060262
v -0.150775 0.748011 0.060222
v -0.159445 0.835475 0.060314
v -0.149934 0.828570 0.060877
v -0.141247 0.260718 0.063367
v -0.160899 0.855213 0.059554
v -0.152746 0.042403 0.067002
v -0.153775 0.230543 0.060277
v -0.154749 0.593994 0.050400
v -0.143165 0.290406 0.056192
v -0.153299 0.032420 0.060469
v -0.144351 0.846283 0.055708
v -0.143937 0.357297 0.054954
v -0.145162 0.055309 0.061393
v -0.130171 0.636223 0.060119
v -0.138797 0.071151 0.063582
v -0.136466 0.086157 0.057323
v -0.145916 0.103260 0.064268
v -0.139720 0.696506 0.060728
v -0.150909 0.675552 0.049473
v -0.141616 0.487602 0.049390
v -0.139884 0.396501 0.063647
v -0.141405 0.305755 0.059095
v -0.143995 0.557459 0.053496
v -0.141616 0.487602 0.049390
v -0.135262 0.579460 0.046377
v -0.136162 0.768213 0.050967
v -0.133304 0.247226 0.056309
v -0.139088 0.682853 0.053392
v -0.127426 0.515366 0.047435
v -0.137927 0.044143 0.065794
v -0.148323 0.869609 0.061356
v -0.141017 0.123144 0.055686
v -0.124700 0.374184 0.060532
v -0.135983 0.161987 0.059611
v -0.117655 0.653095 0.058284
v -0.131318 0.110774 0.062063
v -0.131196 0.545754 0.053221
v -0.129025 0.095875 0.062076
v -0.128178 0.278213 0.061198
v -0.142078 0.865520 0.064874
v -0.133930 0.428269 0.051180
v -0.123360 0.738178 0.058880
v -0.139816 0.882016 0.063515
v -0.133686 0.324869 0.062795
v -0.124413 0.840574 0.059070
v -0.130592 0.785175 0.059484
v -0.134760 0.728734 0.052498
v -0.128686 0.032043 0.066552
v -0.132148 0.417070 0.058396
v -0.132586 0.859702 0.060446
v -0.115752 0.237355 0.057863
v -0.118677 0.474609 0.057984
v -0.117169 0.723017 0.050193
v -0.132080 0.534533 0.046729
v -0.121903 0.825618 0.055338
v -0.121656 0.564876 0.045483
v -0.104990 0.140365 0.062740
v -0.125429 0.901901 0.066831
v -0.137845 0.903893 0.061095
v -0.121141 0.870355 0.065480
v -0.129680 0.879078 0.063307
v -0.120358 0.122397 0.056920
v -0.112323 0.591616 0.052130
v -0.109736 0.221907 0.064144
v -0.125501 0.800522 0.062233
v -0.112181 0.056251 0.062769
v -0.127610 0.709233 0.056487
v -0.106714 0.337221 0.062258
v -0.106556 0.758442 0.057345
v -0.121721 0.553928 0.052014
v -0.119319 0.672784 0.047950
v -0.115841 0.018955 0.060589
v -0.124163 0.892541 0.060843
v -0.112156 0.295277 0.055883
v -0.098224 0.500263 0.051257
v -0.114241 0.312723 0.061598
v -0.114379 0.045281 0.060012
v -0.116227 0.189776 0.060076
v -0.120946 0.850225 0.054292
v -0.116080 0.698374 0.059958
v -0.111889 0.533940 0.045041
v -0.100855 0.814122 0.056169
v -0.114039 0.779358 0.053301
v -0.101413 0.173544 0.056108
v -0.115501 0.434789 0.050556
v -0.095596 0.206196 0.058639
v -0.103337 0.023625 0.066886
v -0.091832 0.103642 0.065029
v -0.103929 0.084446 0.058862
v -0.103437 0.033149 0.066141
v -0.108496 0.267633 0.063272
v -0.108690 0.613679 0.050786
v -0.107228 0.922493 0.064345
v -0.086356 0.799720 0.060979
v -0.103819 0.418203 0.062148
v -0.110274 0.858920 0.056962
v -0.101102 0.885862 0.063661
v -0.103039 0.907277 0.062498
v -0.102716 0.489934 0.048528
v -0.104201 0.839417 0.061526
v -0.105431 0.683372 0.052112
v -0.098231 0.445909 0.056172
v -0.102716 0.489934 0.048528
v -0.098327 0.602546 0.047987
v -0.100664 0.461945 0.062123
v -0.102109 0.115236 0.060233
v -0.083863 0.779130 0.050194
v -0.103419 0.359017 0.054874
v -0.101999 0.397600 0.064918
v -0.094394 0.287869 0.058352
v -0.102315 0.546941 0.049171
v -0.099616 0.073571 0.063251
v -0.100074 0.717370 0.052305
v -0.099667 0.666073 0.050514
v -0.089337 0.523521 0.049054
v -0.088148 0.871443 0.064130
v -0.096455 0.697454 0.059636
v -0.096630 0.250281 0.058409
v -0.099799 0.571179 0.046377
v -0.085950 0.375422 0.060859
v -0.094000 0.183769 0.059438
v -0.092228 0.543379 0.046447
v -0.088131 0.828991 0.054163
v -0.092666 0.855029 0.055732
v -0.097677 0.556740 0.046624
v -0.078278 0.297693 0.056859
v -0.085621 0.621034 0.056030
v -0.087944 0.191135 0.061675
v -0.093145 0.124027 0.057244
v -0.084172 0.437379 0.051660
v -0.087388 0.316676 0.062490
v -0.081622 0.217812 0.064156
v -0.082499 0.745885 0.060999
v -0.083442 0.678286 0.049175
v -0.092167 0.060835 0.065524
v -0.085653 0.259101 0.063761
v -0.086519 0.927281 0.066345
v -0.084975 0.046023 0.060761
v -0.086940 0.709398 0.057264
v -0.065045 0.400734 0.065234
v -0.076148 0.273896 0.062028
v -0.080617 0.232458 0.060020
v -0.077037 0.010045 0.057388
v -0.074759 0.905687 0.064902
v -0.071097 0.420951 0.063393
v -0.063381 0.635699 0.058889
v -0.078576 0.736588 0.054231
v -0.077226 0.476267 0.054961
v -0.074166 0.691605 0.056076
v -0.067914 0.719333 0.052174
v -0.072280 0.942826 0.062932
v -0.069516 0.924221 0.059510
v -0.077037 0.354243 0.057455
v -0.078309 0.022291 0.066796
v -0.079037 0.069890 0.064663
v -0.081067 0.091430 0.061064
v -0.074481 0.363412 0.054573
v -0.084003 0.567945 0.050163
v -0.079782 0.115795 0.060748
v -0.072704 0.659962 0.052988
v -0.069777 0.573939 0.059205
v -0.064306 0.459917 0.061790
v -0.079275 0.492336 0.048888
v -0.079275 0.492336 0.048888
v -0.070328 0.032356 0.065209
v -0.073622 0.174196 0.059312
v -0.057166 0.843134 0.059942
v -0.069189 0.448843 0.058557
v -0.081084 0.078789 0.059533
v -0.065736 0.885866 0.062287
v -0.076651 0.533491 0.055429
v -0.062573 0.934371 0.064258
v -0.073388 0.125344 0.060299
v -0.075449 0.505610 0.055244
v -0.071804 0.141214 0.060195
v -0.060137 0.941469 0.067144
v -0.065680 0.707362 0.058103
v -0.065372 0.049914 0.063649
v -0.065026 0.013325 0.061332
v -0.058860 0.310176 0.059745
v -0.066531 0.601159 0.051721
v -0.065910 0.257484 0.062531
v -0.068151 0.214932 0.060208
v -0.058941 0.343550 0.061456
v -0.069533 0.088183 0.061992
v -0.068866 0.858402 0.057012
v -0.064255 0.247228 0.057858
v -0.045668 0.768497 0.053961
v -0.057080 0.473478 0.054429
v -0.071712 0.107513 0.064459
v -0.065064 0.494184 0.056811
v -0.054930 0.797876 0.057421
v -0.058230 0.872733 0.064275
v -0.049396 0.377508 0.059157
v -0.052654 0.826265 0.051472
v -0.057080 0.473478 0.054429
v -0.061166 0.106366 0.054537
v -0.063569 0.171327 0.050319
v -0.059440 0.071625 0.058703
v -0.049311 0.683770 0.052329
v -0.058378 0.202655 0.047225
v -0.055898 0.615573 0.051859
v -0.060626 0.815349 0.056220
v -0.045432 0.750173 0.059667
v -0.053103 0.916677 0.060684
v -0.055479 0.731203 0.049864
v -0.052043 0.698650 0.059501
v -0.055470 0.021372 0.060738
v -0.050503 0.288033 0.053950
v -0.052499 0.362364 0.053467
v -0.050207 0.431887 0.054804
v -0.052477 0.256100 0.049482
v -0.044503 0.475024 0.061496
v -0.065655 0.508330 0.068534
v -0.065064 0.494184 0.056811
v -0.067254 0.539889 0.073686
v -0.056038 0.506213 0.076952
v -0.046419 0.548049 0.078664
v -0.040634 0.789980 0.051096
v -0.048345 0.859122 0.055756
v -0.057836 0.573357 0.075648
v -0.046216 0.328356 0.058492
v -0.049140 0.048994 0.050282
v -0.053468 0.008927 0.049888
v -0.041906 0.739627 0.053312
v -0.031402 0.653887 0.054114
v -0.044503 0.475024 0.061496
v -0.041774 0.419267 0.063045
v -0.032477 0.819906 0.054249
v -0.035738 0.610142 0.058479
v -0.036323 0.944968 0.064988
v -0.036016 0.937929 0.059030
v -0.028023 0.589194 0.078117
v -0.029412 0.852793 0.056522
v -0.033335 0.449782 0.058095
v -0.039529 0.927222 0.055103
v -0.040688 0.486401 0.077795
v -0.037492 0.955231 0.062482
v -0.032903 0.703582 0.057813
v -0.018363 0.722760 0.053748
v -0.036937 0.891696 0.060538
v -0.038871 0.598054 0.075025
v -0.029110 0.469784 0.070551
v -0.030619 0.872546 0.059650
v -0.033641 0.502516 0.078957
v -0.033361 0.627862 0.055180
v -0.027314 0.907049 0.062619
v -0.038105 0.355779 0.055851
v -0.033335 0.449782 0.058095
v -0.033901 0.831717 0.053653
v -0.032277 0.382545 0.058040
v -0.037311 0.529627 0.076833
v -0.038846 0.547581 0.077851
v -0.020654 0.920781 0.057011
v -0.029912 0.411410 0.062683
v -0.029866 0.565934 0.077530
v -0.021619 0.808636 0.057173
v -0.004551 0.687339 0.055381
v -0.026404 0.432077 0.059297
v -0.003481 0.488035 0.079165
v -0.017074 0.470182 0.076821
v -0.016026 0.892631 0.058049
v -0.024519 0.391619 0.052687
v -0.020834 0.417286 0.054639
v -0.006559 0.629618 0.058488
v -0.011220 0.941877 0.057724
v -0.014367 0.828701 0.054140
v -0.018240 0.501858 0.078570
v -0.031767 0.516457 0.073327
v -0.018432 0.839729 0.057059
v -0.019700 0.459181 0.059568
v -0.012230 0.578842 0.077684
v -0.006820 0.608239 0.076725
v -0.014545 0.438379 0.052669
v -0.011984 0.616860 0.059894
v -0.003258 0.746456 0.055418
v -0.008077 0.458088 0.066477
v -0.009492 0.952935 0.062796
v -0.007382 0.789200 0.053444
v -0.005345 0.904469 0.053994
v -0.002982 0.845482 0.053360
v -0.003788 0.413729 0.040872
v -0.011364 0.398257 0.039120
v -0.012483 0.962656 0.059159
v -0.017871 0.312594 0.017549
v -0.007329 0.324755 0.011460
v -0.014209 0.338928 0.021560
v 0.000521 0.438080 0.054981
v 0.002851 0.650901 0.057690
v -0.001213 0.879981 0.052854
v 0.000577 0.345285 0.015163
v -0.008466 0.362910 0.022612
v 0.007668 0.471988 0.077935
v -0.005318 0.386069 0.028427
v -0.004965 0.496620 0.078227
v 0.005599 0.598480 0.078123
v -0.000988 0.822659 0.052113
v 0.004613 0.927833 0.054844
v 0.006167 0.957595 0.061991
v 0.002980 0.374714 0.023336
v -0.009006 0.309971 0.002733
v 0.001785 0.313146 0.001236
v 0.003815 0.397303 0.032387
v 0.003726 0.320175 0.008636
v 0.007214 0.579004 0.074547
v 0.010431 0.616934 0.059677
v 0.009141 0.776429 0.054407
v 0.011545 0.907498 0.056453
v 0.016999 0.940964 0.056913
v 0.020631 0.813034 0.056354
v 0.013687 0.832772 0.055161
v 0.013991 0.852786 0.055745
v 0.015854 0.879068 0.057233
v 0.009829 0.499541 0.074371
v 0.011815 0.459934 0.068437
v 0.011063 0.417255 0.045202
v 0.014836 0.444856 0.054947
v 0.019127 0.624902 0.058460
v -0.000068 0.967978 0.050868
v 0.003815 0.397303 0.032387
v 0.002980 0.374714 0.023336
v 0.010848 0.384854 0.033567
v 0.003726 0.320175 0.008636
v 0.012377 0.332009 0.017636
v 0.000577 0.345285 0.015163
v 0.023858 0.582321 0.078224
v 0.009824 0.360057 0.022947
v 0.011024 0.306274 0.002939
v 0.019908 0.658832 0.053841
v 0.020153 0.801130 0.055967
v 0.019781 0.603424 0.077444
v 0.023933 0.949005 0.064434
v 0.011063 0.417255 0.045202
v 0.019312 0.611328 0.070439
v 0.017236 0.708480 0.055868
v 0.019413 0.727912 0.052778
v 0.022774 0.867884 0.058762
v 0.023849 0.957960 0.061949
v 0.019743 0.574517 0.076277
v 0.025507 0.743731 0.054629
v 0.021674 0.399729 0.051910
v 0.024316 0.370327 0.045262
v 0.024614 0.348751 0.039025
v 0.029350 0.824242 0.053127
v 0.018218 0.305835 0.015028
v 0.021927 0.900774 0.061244
v 0.028735 0.757213 0.058000
v 0.047264 0.771354 0.051170
v 0.033732 0.626174 0.054120
v 0.025703 0.924599 0.054785
v 0.023083 0.787848 0.050693
v 0.035123 0.501984 0.079040
v 0.022240 0.506008 0.077319
v 0.031411 0.859393 0.055256
v 0.050216 0.636856 0.057370
v 0.014836 0.444856 0.054947
v 0.028536 0.417773 0.061547
v 0.036214 0.315003 0.043918
v 0.031857 0.612473 0.058513
v 0.034595 0.910253 0.063317
v 0.029857 0.475624 0.076954
v 0.036090 0.889604 0.058813
v 0.042967 0.685114 0.050767
v 0.038172 0.698753 0.057564
v 0.034380 0.962192 0.053581
v 0.031467 0.439718 0.057777
v 0.028272 0.465123 0.060606
v 0.035267 0.455547 0.059184
v 0.036793 0.600974 0.073739
v 0.041168 0.939413 0.062051
v 0.030594 0.839491 0.058692
v 0.043077 0.932799 0.055925
v 0.041847 0.428818 0.057072
v 0.043113 0.709637 0.057248
v 0.044909 0.723558 0.051710
v 0.047195 0.846365 0.059257
v 0.038013 0.588449 0.077786
v 0.030920 0.565484 0.077893
v 0.059148 0.668633 0.049070
v 0.031793 0.385962 0.058841
v 0.034625 0.404597 0.064227
v 0.036067 0.522632 0.078033
v 0.044986 0.561108 0.078301
v 0.042527 0.899701 0.062994
v 0.043286 0.919536 0.057844
v 0.046598 0.793263 0.053676
v 0.053833 0.782207 0.047673
v 0.052896 0.943777 0.066382
v 0.047003 0.876629 0.062767
v 0.037210 0.363275 0.055228
v 0.062531 0.854156 0.055335
v 0.042094 0.340020 0.057746
v 0.043010 0.834622 0.055282
v 0.046056 0.954275 0.060851
v 0.040704 0.376457 0.057938
v 0.047531 0.397870 0.064251
v 0.038882 0.548697 0.078250
v 0.053945 0.414612 0.065319
v 0.054940 0.802685 0.059147
v 0.048571 0.489415 0.075811
v 0.061177 0.827658 0.052156
v 0.057286 0.747140 0.058616
v 0.057898 0.817173 0.054413
v 0.046406 0.366144 0.053645
v 0.050673 0.445732 0.062471
v 0.058734 0.474803 0.055604
v 0.044177 0.600964 0.061615
v 0.065101 0.596103 0.054544
v 0.053094 0.534710 0.078677
v 0.057020 0.348492 0.060957
v 0.053831 0.580813 0.075632
v 0.049573 0.481317 0.063494
v 0.055474 0.434635 0.055890
v 0.059998 0.508153 0.075686
v 0.057738 0.456119 0.063684
v 0.059090 0.864308 0.058690
v 0.051939 0.735871 0.050899
v 0.043214 0.284433 0.044757
v 0.052379 0.287360 0.056458
v 0.063945 0.424651 0.059792
v 0.064722 0.761974 0.056624
v 0.050875 0.305111 0.057845
v 0.061439 0.927442 0.059236
v 0.059962 0.907420 0.064564
v 0.055376 0.328056 0.061566
v 0.069132 0.604886 0.048754
v 0.068278 0.379886 0.062011
v 0.062891 0.887246 0.061480
v 0.061368 0.049682 0.063046
v 0.049280 0.078962 0.045253
v 0.046233 0.044834 0.044067
v 0.069734 0.839884 0.059644
v 0.074023 0.308947 0.060425
v 0.049897 0.026856 0.056218
v 0.076616 0.621353 0.055177
v 0.054335 0.270041 0.056255
v 0.065669 0.548669 0.074410
v 0.082395 0.445918 0.062927
v 0.061908 0.291000 0.056335
v 0.056771 0.007787 0.052101
v 0.061635 0.021239 0.064431
v 0.077924 0.697810 0.058221
v 0.056366 0.106559 0.050388
v 0.065355 0.579787 0.057151
v 0.064459 0.267365 0.062532
v 0.061062 0.251904 0.059333
v 0.049765 0.250179 0.045214
v 0.066141 0.227372 0.060292
v 0.078129 0.395456 0.064905
v 0.061704 0.359883 0.054895
v 0.055010 0.218844 0.045716
v 0.072564 0.942956 0.062160
v 0.073882 0.282067 0.061053
v 0.085729 0.711414 0.056391
v 0.077865 0.871317 0.064429
v 0.075241 0.653327 0.055621
v 0.070230 0.079500 0.063348
v 0.101045 0.471282 0.059354
v 0.074437 0.366088 0.055916
v 0.078053 0.727492 0.051067
v 0.061388 0.160841 0.048256
v 0.068990 0.179108 0.057452
v 0.056699 0.194786 0.044106
v 0.079481 0.341672 0.062531
v 0.080423 0.434320 0.055824
v 0.087716 0.245781 0.057118
v 0.081710 0.930837 0.065577
v 0.068939 0.202550 0.059277
v 0.071555 0.119849 0.060404
v 0.061200 0.136309 0.050010
v 0.088339 0.750092 0.061084
v 0.077746 0.013537 0.063551
v 0.079900 0.786610 0.053164
v 0.077730 0.501619 0.055599
v 0.069607 0.509633 0.060519
v 0.062445 0.493351 0.059499
v 0.072671 0.151523 0.061887
v 0.077417 0.895496 0.064124
v 0.085021 0.638807 0.059997
v 0.071665 0.105013 0.065843
v 0.079823 0.216243 0.064165
v 0.074660 0.807379 0.060046
v 0.079322 0.190145 0.061624
v 0.086374 0.913606 0.062096
v 0.084553 0.823492 0.051009
v 0.086659 0.796943 0.060748
v 0.084017 0.258530 0.063662
v 0.074183 0.550676 0.058342
v 0.086526 0.565821 0.050229
v 0.083170 0.053013 0.063948
v 0.073483 0.135092 0.064725
v 0.089095 0.419290 0.062713
v 0.107384 0.606674 0.047447
v 0.089114 0.156803 0.062121
v 0.091576 0.176426 0.057014
v 0.089060 0.293626 0.055391
v 0.092970 0.355339 0.057387
v 0.085050 0.027758 0.067147
v 0.084398 0.114272 0.061689
v 0.093834 0.883351 0.062646
v 0.085231 0.200852 0.058832
v 0.082558 0.778782 0.047984
v 0.088969 0.041382 0.060817
v 0.097583 0.269021 0.063455
v 0.096581 0.813240 0.056124
v 0.096987 0.488554 0.049587
v 0.098807 0.683293 0.051487
v 0.091594 0.135682 0.063800
v 0.083696 0.094350 0.062765
v 0.092348 0.123474 0.058796
v 0.098784 0.107518 0.064914
v 0.088685 0.229923 0.061618
v 0.086668 0.903755 0.064950
v 0.085170 0.081907 0.060478
v 0.095904 0.373313 0.060027
v 0.096315 0.833299 0.057475
v 0.086908 0.768222 0.052016
v 0.087777 0.596322 0.048729
v 0.077259 0.524713 0.056123
v 0.091346 0.516761 0.049524
v 0.097375 0.863433 0.059515
v 0.101945 0.928189 0.060156
v 0.110492 0.737653 0.056631
v 0.097368 0.284563 0.059823
v 0.103417 0.672220 0.048135
v 0.100529 0.801771 0.062035
v 0.104111 0.590260 0.052630
v 0.110489 0.653463 0.056954
v 0.105388 0.843455 0.058616
v 0.110519 0.786459 0.058269
v 0.106530 0.432575 0.054468
v 0.103019 0.526072 0.049314
v 0.091094 0.539835 0.046705
v 0.116807 0.219296 0.065003
v 0.099634 0.363007 0.054495
v 0.109885 0.505154 0.050607
v 0.107802 0.323930 0.063425
v 0.103725 0.187921 0.060502
v 0.110216 0.207777 0.059320
v 0.091094 0.539835 0.046705
v 0.111651 0.552181 0.050154
v 0.107102 0.853055 0.054458
v 0.119990 0.024819 0.065612
v 0.106980 0.387649 0.064131
v 0.102946 0.300596 0.057004
v 0.103812 0.774292 0.049894
v 0.104916 0.409218 0.064647
v 0.105185 0.891854 0.062873
v 0.104876 0.069809 0.065422
v 0.112015 0.254741 0.060499
v 0.103399 0.920134 0.065954
v 0.120494 0.721579 0.049632
v 0.103351 0.870484 0.065286
v 0.112047 0.760460 0.054508
v 0.116274 0.533275 0.045265
v 0.103019 0.526072 0.049314
v 0.107743 0.343819 0.062243
v 0.115852 0.631878 0.059734
v 0.109405 0.034498 0.066476
v 0.116960 0.822792 0.051581
v 0.112871 0.905741 0.065018
v 0.112799 0.231394 0.061315
v 0.137325 0.584941 0.050189
v 0.111626 0.084716 0.060177
v 0.113282 0.099616 0.065838
v 0.112144 0.052478 0.062875
v 0.114954 0.422629 0.058348
v 0.122467 0.443682 0.061404
v 0.124673 0.747778 0.060494
v 0.124451 0.156793 0.062801
v 0.125313 0.244031 0.054753
v 0.119538 0.698506 0.059205
v 0.123876 0.175115 0.054885
v 0.117667 0.294179 0.054838
v 0.120399 0.808476 0.058247
v 0.122297 0.045438 0.062064
v 0.123011 0.356343 0.055456
v 0.123781 0.138102 0.064824
v 0.123674 0.283202 0.059398
v 0.143627 0.454225 0.063403
v 0.121298 0.872662 0.064681
v 0.123945 0.372609 0.059931
v 0.127318 0.306551 0.058710
v 0.124463 0.832163 0.058471
v 0.129331 0.121778 0.057673
v 0.124480 0.857572 0.057522
v 0.141885 0.672892 0.049737
v 0.128427 0.262991 0.064146
v 0.121504 0.910655 0.065367
v 0.139493 0.769392 0.049540
v 0.119905 0.893507 0.060456
v 0.131687 0.200375 0.058481
v 0.130347 0.341059 0.061749
v 0.137995 0.618729 0.052216
v 0.131138 0.489498 0.048671
v 0.140430 0.510199 0.046329
v 0.140598 0.039848 0.067532
v 0.134375 0.412313 0.059580
v 0.135411 0.794400 0.062364
v 0.128214 0.880476 0.061580
v 0.127686 0.426237 0.053186
v 0.129856 0.068277 0.065945
v 0.135662 0.183979 0.058724
v 0.136682 0.390682 0.063545
v 0.149800 0.518328 0.050440
v 0.131107 0.109540 0.064335
v 0.133900 0.085847 0.058834
v 0.140430 0.510199 0.046329
v 0.148913 0.227816 0.061194
v 0.140627 0.191578 0.062046
v 0.151373 0.131522 0.059430
v 0.155423 0.701596 0.057155
v 0.131848 0.499447 0.049985
v 0.138892 0.882521 0.063408
v 0.144203 0.477048 0.056636
v 0.137875 0.816932 0.052320
v 0.143923 0.839258 0.057141
v 0.140826 0.782265 0.058057
v 0.144036 0.431115 0.053996
v 0.149601 0.648367 0.058504
v 0.155397 0.551722 0.053960
v 0.133128 0.319381 0.062693
v 0.141218 0.295465 0.055142
v 0.151977 0.057612 0.062191
v 0.142421 0.251383 0.056265
v 0.143208 0.848637 0.054365
v 0.135199 0.896489 0.066900
v 0.144557 0.757803 0.053031
v 0.140980 0.164445 0.058608
v 0.144427 0.822719 0.055077
v 0.153970 0.280207 0.060909
v 0.143921 0.805843 0.058705
v 0.145943 0.368221 0.059293
v 0.151568 0.104936 0.064693
v 0.141928 0.861364 0.061895
v 0.169284 0.685293 0.057540
v 0.138615 0.873172 0.064575
v 0.152950 0.339109 0.059670
v 0.148827 0.494621 0.046776
v 0.157006 0.734350 0.058862
v 0.140845 0.831057 0.060550
v 0.147313 0.727222 0.052086
v 0.163936 0.533583 0.048240
v 0.147363 0.748027 0.059899
v 0.151248 0.633032 0.059591
v 0.146669 0.207946 0.057853
v 0.143625 0.900374 0.057206
v 0.161585 0.120155 0.059257
v 0.153872 0.241249 0.052975
v 0.154741 0.408348 0.056006
v 0.155217 0.074938 0.063280
v 0.151851 0.353618 0.053991
v 0.144499 0.868547 0.060331
v 0.151445 0.887389 0.065104
v 0.152100 0.263397 0.063553
v 0.160064 0.215041 0.062537
v 0.171939 0.315114 0.059698
v 0.163641 0.770528 0.052055
v 0.160203 0.176779 0.054320
v 0.155833 0.144878 0.064775
v 0.156696 0.197772 0.059306
v 0.165656 0.626593 0.055636
v 0.169377 0.757491 0.050860
v 0.164075 0.714758 0.048980
v 0.170453 0.157538 0.062602
v 0.164904 0.255776 0.058287
v 0.157350 0.858194 0.059232
v 0.158957 0.089552 0.058703
v 0.160659 0.873034 0.066415
v 0.165125 0.823280 0.058607
v 0.169212 0.574109 0.056408
v 0.167469 0.812531 0.053327
v 0.171715 0.370629 0.060483
v 0.165089 0.297535 0.055132
v 0.169076 0.796382 0.060416
v 0.170317 0.837243 0.056318
v 0.168560 0.485738 0.047289
v 0.163958 0.039870 0.064101
v 0.168744 0.186515 0.060561
v 0.173136 0.056873 0.067854
v 0.176418 0.409405 0.050326
v 0.163423 0.832389 0.061400
v 0.173313 0.777943 0.059739
v 0.168892 0.226275 0.062268
v 0.172251 0.434465 0.058215
v 0.176976 0.245901 0.052290
v 0.196362 0.667492 0.048894
v 0.174662 0.616752 0.049495
v 0.180439 0.172765 0.054041
v 0.180539 0.591843 0.053727
v 0.174995 0.500859 0.045694
v 0.174995 0.500859 0.045694
v 0.174102 0.738517 0.061060
v 0.174911 0.207793 0.057393
v 0.185854 0.143356 0.064506
v 0.176460 0.269852 0.062302
v 0.178781 0.347308 0.055105
v 0.180709 0.288322 0.059938
v 0.175646 0.657027 0.053728
v 0.188932 0.128502 0.059494
v 0.176857 0.238097 0.053903
v 0.170254 0.875353 0.060049
v 0.179848 0.196329 0.060881
v 0.182226 0.332492 0.058667
v 0.177491 0.469414 0.057449
v 0.187777 0.710293 0.050404
v 0.180282 0.112194 0.064089
v 0.180774 0.096836 0.062954
v 0.173579 0.853383 0.063838
v 0.178073 0.727049 0.057058
v 0.177059 0.066546 0.063808
v 0.186385 0.384510 0.055398
v 0.184497 0.856809 0.062822
v 0.179037 0.641655 0.059696
v 0.187654 0.217968 0.060602
v 0.180809 0.821973 0.058879
v 0.193115 0.447842 0.062496
v 0.193551 0.784748 0.061137
v 0.190885 0.082480 0.061943
v 0.194371 0.736665 0.060337
v 0.189559 0.302118 0.056431
v 0.181721 0.837801 0.059997
v 0.194417 0.514435 0.054692
v 0.190149 0.629892 0.056650
v 0.194240 0.759999 0.051299
v 0.193752 0.555169 0.055746
v 0.193346 0.423787 0.058824
v 0.193485 0.229546 0.058973
v 0.196372 0.542702 0.049005
v 0.207120 0.648732 0.056631
v 0.212557 0.467118 0.047441
v 0.199811 0.486097 0.048141
v 0.186240 0.052811 0.062326
v 0.191297 0.259514 0.057763
v 0.193569 0.838268 0.065974
v 0.198866 0.192089 0.061816
v 0.196454 0.797499 0.054367
v 0.196144 0.690786 0.058478
v 0.199110 0.159753 0.062787
v 0.197878 0.073176 0.067488
v 0.215159 0.447527 0.055921
v 0.198939 0.183534 0.056994
v 0.208025 0.619073 0.050825
v 0.195672 0.816099 0.057710
v 0.199208 0.720121 0.056053
v 0.206696 0.571582 0.060392
v 0.212934 0.769065 0.059430
v 0.204785 0.290357 0.059915
v 0.208849 0.200678 0.059198
v 0.205092 0.745256 0.054014
v 0.200824 0.398458 0.048687
v 0.213930 0.535282 0.051157
v 0.201057 0.343186 0.057990
v 0.204019 0.314541 0.058021
v 0.202727 0.114467 0.063141
v 0.204776 0.838432 0.059942
v 0.206267 0.357150 0.056950
v 0.209741 0.242918 0.052634
v 0.213397 0.680998 0.055648
v 0.211811 0.271198 0.056523
v 0.208512 0.210269 0.055621
v 0.214841 0.170040 0.057582
v 0.204315 0.380564 0.048948
v 0.199990 0.096460 0.059250
v 0.206914 0.605589 0.052824
v 0.209386 0.585861 0.060014
v 0.212887 0.703710 0.051235
v 0.211572 0.064486 0.050582
v 0.215843 0.098831 0.066179
v 0.221384 0.157007 0.064784
v 0.214146 0.219332 0.058642
v 0.217701 0.136745 0.062851
v 0.227534 0.396635 0.058761
v 0.207504 0.817375 0.065296
v 0.213774 0.080431 0.065044
v 0.216228 0.631503 0.057881
v 0.211248 0.825045 0.064531
v 0.223190 0.497271 0.049363
v 0.221321 0.422703 0.063127
v 0.213691 0.779176 0.057919
v 0.211652 0.801546 0.059218
v 0.223190 0.497271 0.049363
v 0.218026 0.556252 0.054655
v 0.217157 0.753142 0.051548
v 0.218783 0.719267 0.058856
v 0.216660 0.111259 0.060016
v 0.225461 0.480623 0.056000
v 0.229059 0.551242 0.049699
v 0.229154 0.194544 0.061775
v 0.221714 0.780241 0.057350
v 0.222442 0.800525 0.065682
v 0.217944 0.386526 0.048108
v 0.226128 0.728303 0.059049
v 0.224205 0.320622 0.056212
v 0.232958 0.509765 0.055054
v 0.228495 0.604894 0.056816
v 0.227394 0.257008 0.050971
v 0.222229 0.366589 0.046197
v 0.232860 0.181782 0.058070
v 0.238372 0.701409 0.053146
v 0.239549 0.670333 0.052762
v 0.236078 0.654244 0.052926
v 0.240774 0.524164 0.060098
v 0.225187 0.809940 0.062293
v 0.240203 0.224621 0.055753
v 0.238680 0.211225 0.054532
v 0.234546 0.282415 0.053075
v 0.237406 0.298137 0.054266
v 0.229209 0.738693 0.052425
v 0.235715 0.637371 0.058789
v 0.233215 0.340625 0.047711
v 0.241231 0.591264 0.062473
v 0.234155 0.114160 0.067674
v 0.235384 0.134428 0.061491
v 0.247834 0.574291 0.059169
v 0.245936 0.622321 0.053438
v 0.236486 0.751073 0.055821
v 0.243318 0.714974 0.058972
v 0.237133 0.360371 0.044756
v 0.230371 0.087911 0.055919
v 0.254597 0.399429 0.061042
v 0.237981 0.786385 0.064708
v 0.241013 0.242433 0.052139
v 0.247756 0.340847 0.041793
v 0.239551 0.767625 0.065056
v 0.242837 0.170703 0.062625
v 0.262664 0.429127 0.049855
v 0.247774 0.158262 0.060405
v 0.245256 0.540520 0.054109
v 0.242594 0.318575 0.049343
v 0.260046 0.456050 0.059932
v 0.253633 0.446937 0.050850
v 0.245044 0.114817 0.063450
v 0.247815 0.487584 0.056378
v 0.245895 0.728665 0.054090
v 0.251831 0.552201 0.049792
v 0.250662 0.474093 0.062724
v 0.248141 0.140547 0.066027
v 0.249338 0.607397 0.060103
v 0.254286 0.691771 0.054421
v 0.254655 0.265688 0.048219
v 0.249119 0.186514 0.061065
v 0.255791 0.562075 0.051138
v 0.250810 0.735337 0.059363
v 0.257246 0.658366 0.051555
v 0.249793 0.761200 0.066268
v 0.252527 0.744872 0.065272
v 0.259452 0.202997 0.060396
v 0.259958 0.352271 0.053545
v 0.250544 0.323740 0.041980
v 0.259444 0.639679 0.055486
v 0.260884 0.521899 0.059697
v 0.255565 0.303825 0.045428
v 0.272742 0.495890 0.053217
v 0.259003 0.717396 0.057753
v 0.263963 0.144916 0.065092
v 0.267194 0.362867 0.060951
v 0.263150 0.505673 0.050654
v 0.266691 0.236737 0.052274
v 0.272742 0.495890 0.053217
v 0.269073 0.286475 0.043844
v 0.271854 0.223800 0.054041
v 0.263391 0.183516 0.059618
v 0.267295 0.307555 0.041930
v 0.269464 0.538422 0.061910
v 0.271618 0.601068 0.061414
v 0.263626 0.166206 0.064916
v 0.261373 0.752576 0.061715
v 0.252498 0.774657 0.055477
v 0.269232 0.715855 0.066069
v 0.267901 0.548905 0.056616
v 0.272865 0.619383 0.055532
v 0.268118 0.324714 0.046357
v 0.276968 0.670277 0.057848
v 0.265269 0.734900 0.065883
v 0.275641 0.380676 0.057260
v 0.277737 0.473614 0.064010
v 0.276048 0.565420 0.051206
v 0.270192 0.702629 0.061897
v 0.271516 0.336348 0.055435
v 0.277982 0.586535 0.057890
v 0.273655 0.262751 0.046778
v 0.279815 0.714689 0.062000
v 0.274081 0.215737 0.059777
v 0.283568 0.409589 0.054969
v 0.286194 0.436559 0.057488
v 0.286005 0.524400 0.056969
v 0.296480 0.384650 0.059653
v 0.278675 0.641607 0.053206
v 0.282048 0.180674 0.066496
v 0.276640 0.195741 0.062134
v 0.295890 0.452014 0.064087
v 0.286118 0.328564 0.061521
v 0.281695 0.298846 0.050811
v 0.284213 0.250323 0.048904
v 0.284028 0.687900 0.065826
v 0.284655 0.315023 0.058975
v 0.291603 0.554593 0.058472
v 0.283522 0.276709 0.047124
v 0.294625 0.341961 0.058612
v 0.281968 0.160877 0.057914
v 0.289300 0.207897 0.065858
v 0.291076 0.615512 0.054740
v 0.292381 0.508917 0.051003
v 0.288311 0.232193 0.057635
v 0.301276 0.417507 0.052103
v 0.294837 0.633170 0.058381
v 0.295508 0.496481 0.056517
v 0.295508 0.496481 0.056517
v 0.297159 0.649297 0.064296
v 0.292496 0.282607 0.057884
v 0.301864 0.542398 0.058445
v 0.295404 0.588031 0.054192
v 0.298764 0.569231 0.054204
v 0.305772 0.526022 0.053359
v 0.293238 0.685595 0.061065
v 0.296774 0.195886 0.061836
v 0.302989 0.359889 0.054116
v 0.304829 0.487396 0.062200
v 0.298979 0.258043 0.057662
v 0.303267 0.656744 0.062290
v 0.297879 0.304024 0.063214
v 0.305280 0.313536 0.061498
v 0.300022 0.232807 0.065681
v 0.316839 0.475103 0.063167
v 0.303577 0.599485 0.056256
v 0.313576 0.443429 0.060448
v 0.310014 0.283746 0.061969
v 0.312356 0.394453 0.056504
v 0.319426 0.501945 0.057594
v 0.309440 0.233855 0.065388
v 0.309137 0.614172 0.063882
v 0.312366 0.261545 0.067000
v 0.314897 0.337544 0.056725
v 0.319426 0.501945 0.057594
v 0.314145 0.625703 0.062065
v 0.316496 0.586290 0.063209
v 0.316268 0.568337 0.059023
v 0.320393 0.365743 0.058844
v 0.319713 0.525781 0.056176
v 0.321428 0.410957 0.057419
v 0.316047 0.305655 0.059860
v 0.316150 0.548579 0.056510
v 0.322594 0.604174 0.059231
v 0.324428 0.317887 0.063338
v 0.326035 0.436847 0.060068
v 0.327264 0.275033 0.062841
v 0.326213 0.257318 0.057266
v 0.326850 0.569042 0.063219
v 0.326993 0.294547 0.066569
v 0.329981 0.546921 0.062664
v 0.332441 0.469761 0.062924
v 0.330023 0.391857 0.062030
v 0.332674 0.345588 0.064748
v 0.319713 0.525781 0.056176
v 0.332470 0.524981 0.063062
v 0.329981 0.546921 0.062664
v 0.334572 0.566099 0.057742
v 0.334644 0.321128 0.065298
v 0.336623 0.376121 0.065406
v 0.337708 0.303942 0.059438
v 0.336611 0.500548 0.063533
v 0.337708 0.427628 0.064646
v 0.341879 0.395967 0.064644
v 0.341523 0.456704 0.064425
v 0.343911 0.361663 0.061894
v 0.342209 0.479493 0.063211
v 0.342717 0.503298 0.060886
v 0.332470 0.524981 0.063062
v 0.336611 0.500548 0.063533
v 0.340958 0.528591 0.058526
v 0.341056 0.340338 0.063160
v 0.347445 0.333257 0.051717
v 0.341879 0.395967 0.064644
v 0.348218 0.414556 0.060226
v 0.337708 0.427628 0.064646
v 0.342209 0.479493 0.063211
v 0.349494 0.448195 0.058159
v 0.341523 0.456704 0.064425
v 0.349903 0.484267 0.054000
v 0.354779 0.391268 0.046798
v -0.352605 0.412715 -0.063019
v -0.351137 0.448071 -0.064851
v -0.346086 0.418573 -0.071321
v -0.341969 0.444713 -0.073213
v -0.350384 0.334602 -0.055462
v -0.348352 0.379293 -0.067219
v -0.339672 0.349849 -0.071568
v -0.339870 0.485198 -0.072096
v -0.349542 0.490310 -0.062234
v -0.337564 0.317424 -0.070614
v -0.338589 0.383252 -0.072215
v -0.342541 0.515642 -0.068782
v -0.324575 0.417400 -0.071961
v -0.330090 0.456198 -0.071357
v -0.333681 0.518287 -0.072127
v -0.322731 0.505601 -0.070641
v -0.321609 0.353659 -0.071045
v -0.336695 0.533186 -0.071562
v -0.324325 0.547860 -0.070693
v -0.331109 0.563771 -0.070435
v -0.322244 0.304758 -0.070320
v -0.326276 0.257618 -0.069109
v -0.336561 0.287804 -0.066116
v -0.321760 0.276541 -0.072450
v -0.310575 0.248118 -0.071990
v -0.310312 0.573755 -0.071473
v -0.304681 0.323755 -0.073495
v -0.318629 0.609161 -0.070496
v -0.292913 0.616930 -0.071209
v -0.320302 0.233750 -0.066671
v -0.298037 0.395448 -0.073547
v -0.307180 0.535465 -0.071794
v -0.306016 0.214258 -0.071996
v -0.283427 0.280193 -0.073671
v -0.314166 0.637652 -0.065525
v -0.301122 0.639545 -0.072311
v -0.279293 0.460198 -0.072445
v -0.300450 0.658542 -0.071240
v -0.285396 0.496383 -0.071430
v -0.296879 0.220383 -0.070487
v -0.293120 0.545317 -0.071628
v -0.290456 0.358398 -0.075177
v -0.280346 0.247126 -0.072990
v -0.291466 0.194443 -0.072080
v -0.298043 0.188919 -0.070168
v -0.278622 0.667371 -0.070037
v -0.267688 0.524914 -0.068328
v -0.266569 0.326807 -0.074387
v -0.261574 0.377241 -0.072242
v -0.294331 0.171051 -0.064449
v -0.285712 0.172555 -0.072301
v -0.283563 0.578137 -0.069148
v -0.287672 0.685423 -0.071307
v -0.301416 0.679015 -0.059493
v -0.285481 0.712409 -0.063512
v -0.285663 0.198939 -0.068307
v -0.277431 0.206391 -0.071522
v -0.269455 0.136885 -0.068758
v -0.258828 0.663368 -0.071855
v -0.274361 0.716567 -0.071777
v -0.270502 0.567553 -0.070379
v -0.263665 0.147765 -0.071430
v -0.274920 0.173880 -0.069492
v -0.266332 0.600878 -0.068609
v -0.262917 0.702915 -0.070815
v -0.255975 0.429468 -0.072637
v -0.255943 0.627351 -0.070245
v -0.270938 0.743395 -0.063381
v -0.262105 0.740764 -0.071683
v -0.236051 0.547742 -0.069362
v -0.251707 0.173165 -0.072494
v -0.244987 0.299863 -0.072506
v -0.252076 0.236773 -0.073747
v -0.257148 0.758154 -0.070888
v -0.249329 0.207066 -0.074839
v -0.245909 0.615171 -0.067186
v -0.240945 0.495333 -0.073971
v -0.255598 0.729954 -0.069055
v -0.245655 0.267842 -0.074759
v -0.242825 0.409382 -0.072238
v -0.237996 0.108152 -0.073313
v -0.245768 0.098770 -0.062749
v -0.230321 0.733846 -0.072523
v -0.242711 0.750546 -0.070812
v -0.238457 0.594755 -0.074365
v -0.232520 0.459754 -0.070213
v -0.226462 0.697141 -0.071116
v -0.235423 0.775273 -0.071205
v -0.256413 0.768436 -0.065285
v -0.242721 0.790647 -0.065010
v -0.225436 0.110894 -0.069147
v -0.232313 0.341763 -0.071735
v -0.209622 0.573662 -0.074978
v -0.231384 0.091667 -0.070923
v -0.213556 0.658739 -0.070356
v -0.224452 0.137041 -0.072217
v -0.228360 0.520795 -0.070192
v -0.232304 0.631113 -0.070882
v -0.230027 0.801864 -0.070732
v -0.226185 0.171945 -0.074582
v -0.215976 0.398125 -0.072146
v -0.210245 0.279817 -0.071936
v -0.208791 0.431609 -0.072580
v -0.209622 0.780954 -0.071187
v -0.209954 0.356907 -0.071905
v -0.196743 0.715642 -0.071041
v -0.213287 0.477934 -0.074049
v -0.199875 0.308111 -0.071246
v -0.208709 0.209680 -0.073844
v -0.214678 0.615601 -0.071695
v -0.210861 0.804598 -0.069820
v -0.200304 0.244184 -0.073299
v -0.197092 0.638035 -0.072870
v -0.205021 0.509932 -0.073706
v -0.203878 0.073490 -0.072892
v -0.197448 0.152977 -0.074217
v -0.213416 0.068184 -0.065168
v -0.196836 0.107292 -0.071383
v -0.207761 0.826892 -0.072576
v -0.183039 0.601373 -0.077804
v -0.196630 0.460175 -0.070808
v -0.193232 0.676925 -0.071812
v -0.186718 0.074864 -0.069859
v -0.182302 0.546799 -0.072722
v -0.185040 0.798901 -0.071215
v -0.187500 0.387449 -0.070003
v -0.184277 0.754569 -0.071998
v -0.182397 0.043782 -0.062378
v -0.188255 0.838057 -0.071301
v -0.190019 0.824646 -0.067524
v -0.178692 0.259637 -0.070288
v -0.180930 0.335349 -0.071486
v -0.184479 0.854309 -0.071098
v -0.167589 0.405432 -0.072197
v -0.165531 0.650731 -0.072708
v -0.176467 0.496539 -0.077272
v -0.159843 0.205192 -0.071480
v -0.175063 0.181796 -0.074863
v -0.172206 0.523485 -0.073350
v -0.169484 0.371871 -0.069539
v -0.175959 0.442961 -0.071541
v -0.180033 0.826010 -0.068972
v -0.161185 0.682227 -0.071645
v -0.170501 0.619109 -0.072387
v -0.174481 0.047342 -0.071411
v -0.172641 0.056022 -0.073204
v -0.168381 0.850226 -0.066935
v -0.163553 0.238333 -0.073621
v -0.160515 0.095022 -0.072837
v -0.151608 0.786354 -0.071943
v -0.163992 0.141875 -0.072380
v -0.168563 0.861591 -0.072583
v -0.158307 0.353721 -0.070969
v -0.164880 0.065952 -0.069945
v -0.159233 0.713156 -0.070443
v -0.162958 0.467214 -0.072222
v -0.155720 0.268699 -0.072281
v -0.139143 0.423883 -0.073553
v -0.153546 0.294190 -0.069820
v -0.138108 0.304682 -0.067668
v -0.159584 0.843586 -0.069548
v -0.142575 0.563974 -0.071279
v -0.129055 0.516865 -0.075824
v -0.155936 0.816342 -0.071840
v -0.147078 0.487227 -0.077878
v -0.149967 0.048427 -0.073979
v -0.158988 0.880186 -0.071796
v -0.155556 0.581887 -0.076735
v -0.151742 0.330194 -0.072709
v -0.134425 0.180190 -0.074740
v -0.143161 0.747216 -0.071596
v -0.153080 0.607047 -0.077382
v -0.138886 0.549081 -0.077312
v -0.151463 0.446913 -0.071444
v -0.145797 0.621773 -0.072139
v -0.140961 0.120104 -0.075055
v -0.146377 0.878934 -0.072419
v -0.130908 0.665613 -0.071583
v -0.128476 0.245823 -0.068522
v -0.123899 0.376833 -0.067434
v -0.156112 0.034965 -0.069226
v -0.127098 0.224364 -0.074671
v -0.134002 0.052399 -0.069361
v -0.135768 0.877367 -0.067716
v -0.128808 0.705611 -0.071410
v -0.127578 0.831580 -0.071932
v -0.125554 0.147321 -0.073223
v -0.125236 0.254249 -0.069978
v -0.129413 0.031014 -0.072842
v -0.119227 0.463727 -0.072684
v -0.130648 0.346941 -0.071429
v -0.138926 0.902421 -0.067627
v -0.139919 0.892378 -0.074159
v -0.137196 0.529838 -0.076349
v -0.119832 0.059300 -0.070770
v -0.115417 0.648147 -0.075153
v -0.134951 0.273104 -0.073304
v -0.122337 0.101153 -0.072089
v -0.130123 0.586855 -0.076629
v -0.131912 0.362367 -0.065806
v -0.120567 0.870872 -0.071045
v -0.123908 0.020248 -0.066288
v -0.130944 0.605259 -0.077844
v -0.126127 0.330223 -0.073912
v -0.109174 0.920291 -0.070147
v -0.120672 0.898919 -0.073222
v -0.105985 0.287776 -0.069171
v -0.126586 0.040529 -0.072633
v -0.128312 0.614983 -0.072554
v -0.113570 0.073891 -0.075822
v -0.112702 0.788700 -0.072016
v -0.109358 0.746623 -0.071759
v -0.116105 0.405322 -0.075429
v -0.096475 0.198417 -0.069120
v -0.090589 0.557499 -0.076711
v -0.111166 0.261322 -0.073754
v -0.106341 0.622133 -0.071132
v -0.097773 0.120633 -0.075196
v -0.103342 0.589245 -0.076692
v -0.095628 0.314508 -0.071814
v -0.097592 0.692499 -0.074617
v -0.105040 0.611420 -0.076196
v -0.099654 0.572953 -0.070868
v -0.097692 0.034892 -0.072804
v -0.086831 0.514914 -0.078214
v -0.087159 0.358445 -0.067211
v -0.107211 0.898916 -0.067917
v -0.104422 0.434136 -0.071720
v -0.105222 0.336301 -0.073876
v -0.064484 0.383206 -0.070362
v -0.090908 0.101329 -0.071381
v -0.086285 0.019378 -0.070653
v -0.106575 0.543176 -0.079119
v -0.095763 0.179750 -0.074994
v -0.092547 0.083037 -0.075814
v -0.070569 0.417065 -0.077204
v -0.094493 0.043993 -0.067715
v -0.078955 0.831074 -0.072110
v -0.099082 0.162877 -0.075460
v -0.091287 0.148702 -0.071526
v -0.097374 0.635036 -0.075178
v -0.088808 0.247307 -0.068075
v -0.092080 0.720116 -0.071407
v -0.080293 0.925432 -0.075747
v -0.083579 0.899213 -0.071002
v -0.073592 0.236803 -0.070558
v -0.096714 0.011201 -0.061162
v -0.097036 0.213209 -0.074660
v -0.081198 0.469083 -0.074110
v -0.088036 0.272861 -0.074230
v -0.082297 0.914123 -0.071291
v -0.073386 0.607203 -0.077043
v -0.086139 0.054386 -0.069976
v -0.082200 0.260402 -0.074305
v -0.077989 0.662039 -0.073116
v -0.070055 0.763148 -0.071263
v -0.065436 0.874635 -0.072630
v -0.073593 0.074292 -0.073454
v -0.066941 0.338818 -0.073474
v -0.068175 0.586076 -0.074709
v -0.073537 0.629754 -0.072914
v -0.057373 0.435698 -0.073024
v -0.063587 0.726863 -0.071297
v -0.079230 0.173503 -0.074974
v -0.074348 0.707245 -0.071354
v -0.077411 0.043643 -0.070955
v -0.058883 0.800031 -0.072141
v -0.068090 0.214105 -0.070333
v -0.068829 0.617497 -0.072064
v -0.075341 0.006927 -0.056598
v -0.052878 0.570513 -0.070732
v -0.069968 0.185006 -0.069642
v -0.072602 0.118604 -0.072661
v -0.054465 0.687527 -0.075128
v -0.047125 0.910974 -0.071916
v -0.068031 0.041022 -0.072777
v -0.070035 0.156279 -0.071040
v -0.072854 0.943784 -0.066600
v -0.056188 0.930080 -0.073575
v -0.059549 0.280475 -0.068861
v -0.061248 0.113117 -0.064972
v -0.060256 0.147468 -0.060866
v -0.056651 0.303567 -0.068434
v -0.055691 0.545752 -0.079165
v -0.061144 0.259659 -0.071433
v -0.046183 0.499083 -0.078774
v -0.057473 0.362071 -0.066515
v -0.048572 0.926516 -0.068654
v -0.058472 0.008251 -0.058831
v -0.056634 0.201765 -0.058835
v -0.056767 0.020311 -0.068277
v -0.057743 0.067103 -0.067491
v -0.053445 0.324832 -0.071660
v -0.042702 0.652640 -0.071017
v -0.052326 0.949533 -0.070281
v -0.032909 0.861547 -0.072011
v -0.042046 0.557783 -0.078020
v -0.054651 0.176805 -0.053572
v -0.055657 0.231958 -0.062287
v -0.051123 0.525170 -0.076358
v -0.051224 0.034076 -0.063776
v -0.025570 0.693661 -0.071679
v -0.038944 0.605807 -0.073702
v -0.052283 0.080389 -0.059065
v -0.045684 0.279588 -0.059493
v -0.044463 0.470712 -0.073238
v -0.037318 0.944522 -0.075192
v -0.036351 0.408669 -0.075604
v -0.048420 0.017672 -0.057407
v -0.042851 0.254481 -0.049267
v -0.030407 0.754573 -0.070919
v -0.040536 0.323191 -0.064501
v -0.039780 0.350895 -0.068675
v -0.039490 0.537891 -0.078676
v -0.034016 0.370029 -0.066152
v -0.033299 0.517609 -0.078162
v -0.027110 0.938760 -0.073012
v -0.027691 0.959340 -0.065354
v -0.005015 0.629588 -0.072225
v -0.028575 0.348143 -0.056795
v -0.023522 0.931443 -0.068993
v -0.025259 0.451166 -0.073371
v -0.009023 0.588599 -0.071691
v -0.024149 0.393616 -0.063633
v -0.013235 0.806571 -0.072460
v -0.021316 0.541124 -0.076312
v -0.019260 0.368868 -0.050018
v -0.018526 0.431152 -0.065877
v -0.021940 0.506784 -0.077854
v 0.003302 0.920018 -0.071797
v -0.014706 0.898044 -0.072183
v -0.017982 0.567349 -0.073262
v -0.010982 0.956187 -0.073037
v -0.013897 0.485116 -0.069564
v -0.010785 0.525870 -0.071931
v -0.004700 0.940450 -0.071862
v -0.015460 0.334522 -0.031708
v -0.007853 0.322854 -0.020562
v -0.016690 0.312170 -0.025322
v -0.012476 0.395122 -0.048745
v -0.005508 0.465808 -0.060096
v -0.000495 0.881752 -0.074001
v 0.005576 0.848863 -0.073557
v -0.009723 0.367872 -0.035278
v -0.006134 0.345785 -0.026418
v -0.002808 0.733224 -0.073823
v 0.001959 0.771605 -0.073802
v -0.004660 0.406591 -0.043797
v -0.000937 0.552283 -0.069850
v -0.005052 0.438327 -0.053780
v 0.000110 0.963038 -0.065206
v -0.001548 0.509730 -0.065547
v 0.005969 0.673540 -0.073028
v -0.007251 0.312612 -0.012801
v 0.003479 0.322948 -0.018875
v 0.002497 0.483099 -0.062684
v 0.005714 0.703600 -0.073345
v 0.001537 0.359902 -0.028199
v 0.000018 0.385740 -0.035522
v 0.010094 0.949677 -0.075222
v 0.000755 0.312879 -0.008824
v 0.003110 0.423025 -0.048877
v 0.002607 0.449189 -0.055334
v 0.025310 0.809481 -0.071635
v 0.005625 0.340357 -0.025038
v 0.008523 0.520252 -0.070097
v 0.006737 0.372894 -0.034556
v 0.019430 0.956689 -0.071274
v 0.006991 0.404933 -0.045875
v 0.012220 0.551397 -0.073683
v 0.026996 0.646459 -0.071714
v 0.012517 0.355691 -0.035989
v 0.010777 0.585154 -0.073742
v 0.016002 0.461550 -0.068593
v 0.009484 0.308179 -0.010099
v 0.015130 0.427633 -0.063242
v 0.011957 0.323022 -0.024245
v 0.020922 0.937793 -0.072097
v 0.024468 0.773243 -0.069976
v 0.031395 0.685330 -0.072734
v 0.020372 0.719787 -0.070160
v 0.020338 0.601305 -0.073257
v 0.026488 0.670068 -0.067949
v 0.034124 0.535084 -0.076484
v 0.014679 0.487300 -0.071159
v 0.029403 0.886133 -0.071971
v 0.026337 0.572303 -0.069371
v 0.035209 0.478364 -0.070575
v 0.021476 0.583918 -0.069049
v 0.018753 0.964102 -0.059202
v 0.037719 0.611973 -0.073211
v 0.033038 0.948052 -0.075203
v 0.020593 0.507393 -0.077677
v 0.064997 0.830692 -0.071310
v 0.028314 0.424257 -0.075025
v 0.027818 0.554130 -0.077195
v 0.038579 0.630494 -0.071445
v 0.038370 0.507312 -0.077911
v 0.047413 0.461919 -0.074171
v 0.036296 0.929576 -0.068933
v 0.026722 0.448524 -0.074541
v 0.031047 0.492857 -0.077148
v 0.045250 0.730545 -0.069452
v 0.056290 0.563670 -0.073800
v 0.043214 0.594212 -0.074298
v 0.044989 0.437698 -0.072512
v 0.045078 0.580068 -0.068408
v 0.038887 0.351386 -0.068812
v 0.033360 0.381121 -0.069267
v 0.041378 0.368615 -0.066899
v 0.046109 0.697259 -0.072939
v 0.056942 0.488182 -0.076311
v 0.031659 0.404096 -0.074867
v 0.040989 0.408856 -0.076567
v 0.049772 0.781838 -0.070310
v 0.051115 0.915776 -0.071851
v 0.047760 0.388563 -0.072153
v 0.056749 0.861333 -0.071732
v 0.052563 0.947662 -0.071150
v 0.054291 0.933843 -0.075480
v 0.052782 0.657951 -0.068654
v 0.056782 0.671201 -0.070621
v 0.063378 0.423707 -0.076469
v 0.057602 0.351853 -0.070393
v 0.053977 0.523885 -0.074508
v 0.057534 0.753995 -0.070563
v 0.042825 0.287670 -0.058903
v 0.044249 0.320360 -0.067095
v 0.053789 0.303994 -0.068134
v 0.067891 0.717138 -0.069895
v 0.058533 0.622208 -0.070232
v 0.057988 0.370653 -0.064718
v 0.062219 0.921908 -0.071116
v 0.066850 0.646783 -0.073879
v 0.063009 0.404803 -0.075972
v 0.065756 0.634002 -0.072960
v 0.069350 0.897395 -0.071270
v 0.057535 0.280031 -0.068407
v 0.047866 0.258627 -0.057908
v 0.069296 0.433225 -0.071108
v 0.063761 0.472896 -0.071875
v 0.068405 0.512731 -0.077119
v 0.062446 0.331229 -0.073182
v 0.070005 0.690611 -0.074215
v 0.075081 0.608253 -0.076006
v 0.055635 0.232398 -0.062550
v 0.062255 0.257410 -0.070829
v 0.085451 0.780089 -0.070515
v 0.069110 0.802198 -0.072196
v 0.054248 0.010386 -0.060475
v 0.053187 0.029754 -0.066938
v 0.063551 0.022153 -0.072246
v 0.067010 0.296936 -0.066486
v 0.067212 0.578828 -0.069709
v 0.077611 0.538013 -0.077131
v 0.082773 0.868080 -0.072210
v 0.071873 0.046988 -0.071256
v 0.061397 0.058577 -0.070767
v 0.054377 0.074825 -0.063659
v 0.059922 0.107797 -0.065244
v 0.067028 0.084060 -0.072527
v 0.063400 0.231669 -0.069057
v 0.073684 0.593391 -0.075956
v 0.059506 0.134994 -0.061762
v 0.069605 0.131423 -0.071499
v 0.071917 0.010706 -0.065367
v 0.057288 0.157697 -0.057066
v 0.072349 0.162060 -0.072134
v 0.060078 0.179443 -0.061782
v 0.074944 0.937051 -0.073035
v 0.061619 0.202027 -0.064985
v 0.068926 0.187732 -0.069763
v 0.080195 0.366909 -0.063829
v 0.082534 0.386416 -0.070531
v 0.078998 0.243816 -0.067631
v 0.086611 0.282428 -0.069226
v 0.067334 0.209970 -0.070592
v 0.091181 0.674175 -0.072222
v 0.084056 0.657861 -0.069951
v 0.087243 0.315744 -0.071648
v 0.083480 0.270667 -0.074217
v 0.074537 0.097983 -0.073059
v 0.091834 0.736279 -0.070100
v 0.083190 0.226018 -0.073014
v 0.087155 0.192138 -0.070559
v 0.083029 0.027187 -0.073973
v 0.071029 0.945478 -0.064307
v 0.078440 0.923191 -0.076560
v 0.086211 0.451874 -0.072098
v 0.079304 0.210590 -0.072990
v 0.082919 0.117598 -0.075196
v 0.092722 0.337641 -0.073600
v 0.089330 0.258549 -0.073546
v 0.090969 0.063236 -0.074374
v 0.091758 0.354098 -0.067743
v 0.090163 0.621710 -0.070338
v 0.088182 0.104859 -0.072181
v 0.085987 0.483533 -0.075521
v 0.083794 0.144933 -0.073070
v 0.086053 0.706454 -0.070220
v 0.084306 0.176664 -0.075339
v 0.090135 0.079323 -0.076934
v 0.098325 0.579649 -0.071062
v 0.096795 0.409662 -0.076550
v 0.093207 0.570988 -0.068612
v 0.095219 0.294864 -0.065917
v 0.095666 0.557206 -0.075857
v 0.084347 0.914110 -0.072088
v 0.093119 0.504707 -0.078202
v 0.093115 0.037767 -0.070951
v 0.099620 0.635219 -0.073321
v 0.096972 0.472024 -0.070834
v 0.097361 0.523195 -0.074118
v 0.106889 0.648857 -0.073863
v 0.101931 0.422743 -0.076125
v 0.100373 0.918121 -0.074650
v 0.103838 0.882948 -0.070745
v 0.106279 0.802729 -0.071988
v 0.100466 0.931309 -0.061044
v 0.102979 0.249036 -0.067792
v 0.101527 0.904491 -0.069343
v 0.100747 0.168519 -0.076187
v 0.120430 0.048749 -0.069998
v 0.105062 0.014195 -0.065321
v 0.107882 0.433471 -0.071214
v 0.106820 0.700376 -0.071588
v 0.108812 0.231896 -0.072669
v 0.117245 0.200040 -0.069249
v 0.111019 0.749740 -0.070613
v 0.102145 0.211726 -0.073408
v 0.110605 0.605886 -0.076247
v 0.110726 0.662560 -0.069885
v 0.110576 0.084421 -0.076338
v 0.109581 0.453377 -0.071535
v 0.117412 0.148004 -0.071381
v 0.112147 0.368295 -0.063758
v 0.111198 0.121362 -0.075751
v 0.105496 0.535654 -0.076990
v 0.113156 0.030665 -0.073997
v 0.109273 0.828798 -0.071298
v 0.119378 0.484435 -0.076034
v 0.121235 0.262004 -0.073094
v 0.112802 0.273768 -0.073380
v 0.118879 0.916312 -0.069241
v 0.125285 0.592493 -0.075959
v 0.126662 0.565597 -0.069896
v 0.125023 0.103693 -0.072352
v 0.125542 0.169831 -0.075530
v 0.118410 0.289372 -0.067667
v 0.121273 0.777715 -0.070322
v 0.128349 0.326394 -0.072908
v 0.126040 0.385827 -0.069595
v 0.119266 0.519718 -0.073768
v 0.125003 0.849484 -0.071321
v 0.127093 0.300246 -0.065869
v 0.124655 0.347160 -0.070566
v 0.118958 0.902809 -0.074039
v 0.121520 0.509998 -0.077373
v 0.124376 0.621395 -0.069675
v 0.125287 0.889193 -0.069010
v 0.126043 0.531695 -0.076059
v 0.128694 0.684102 -0.072187
v 0.126776 0.546710 -0.076919
v 0.138510 0.190634 -0.071789
v 0.119435 0.725295 -0.070356
v 0.134329 0.497053 -0.078070
v 0.121999 0.471400 -0.069763
v 0.128107 0.249463 -0.068196
v 0.134521 0.408978 -0.074314
v 0.136079 0.636737 -0.073318
v 0.127880 0.874652 -0.069445
v 0.142449 0.456724 -0.071031
v 0.131476 0.218726 -0.075021
v 0.142675 0.706800 -0.069420
v 0.133362 0.067095 -0.073922
v 0.147497 0.366053 -0.066816
v 0.130703 0.235856 -0.072901
v 0.136803 0.122667 -0.075162
v 0.141585 0.089564 -0.075957
v 0.134136 0.424707 -0.074792
v 0.131595 0.800264 -0.071603
v 0.144898 0.284368 -0.071083
v 0.139550 0.141093 -0.071834
v 0.136090 0.758121 -0.070932
v 0.140491 0.310164 -0.068428
v 0.142099 0.733683 -0.069699
v 0.149992 0.032920 -0.070381
v 0.145348 0.519036 -0.072008
v 0.135797 0.019943 -0.061648
v 0.144818 0.435552 -0.070340
v 0.154046 0.811369 -0.071272
v 0.140108 0.654262 -0.071594
v 0.139285 0.899727 -0.070300
v 0.139902 0.889028 -0.074133
v 0.147102 0.623571 -0.070086
v 0.148927 0.208346 -0.070634
v 0.158035 0.539786 -0.074407
v 0.152902 0.608943 -0.075163
v 0.153159 0.046227 -0.074208
v 0.147906 0.507583 -0.076575
v 0.150994 0.154430 -0.070639
v 0.147357 0.472853 -0.071746
v 0.152199 0.251103 -0.069453
v 0.156789 0.861213 -0.067327
v 0.150776 0.776428 -0.070556
v 0.175785 0.072675 -0.069599
v 0.152297 0.344414 -0.071882
v 0.151361 0.109285 -0.072702
v 0.153778 0.873160 -0.072255
v 0.160152 0.175824 -0.075221
v 0.157649 0.227905 -0.074565
v 0.158481 0.844771 -0.068743
v 0.159055 0.422233 -0.073001
v 0.166546 0.270985 -0.071682
v 0.164766 0.394161 -0.070640
v 0.162326 0.584365 -0.074960
v 0.160881 0.487778 -0.076726
v 0.159163 0.301660 -0.066833
v 0.164410 0.322336 -0.069169
v 0.156727 0.884026 -0.070308
v 0.162533 0.747998 -0.071145
v 0.163109 0.195642 -0.071459
v 0.168445 0.665208 -0.069665
v 0.162473 0.131630 -0.073270
v 0.163885 0.086268 -0.072795
v 0.175142 0.639511 -0.072108
v 0.172424 0.515461 -0.071725
v 0.179323 0.444222 -0.070493
v 0.180078 0.500665 -0.075768
v 0.185791 0.558839 -0.069952
v 0.173083 0.691063 -0.070009
v 0.170081 0.467532 -0.070089
v 0.184448 0.715560 -0.069586
v 0.175597 0.618815 -0.070043
v 0.175619 0.251862 -0.069688
v 0.179097 0.366284 -0.069983
v 0.180701 0.773971 -0.071126
v 0.173944 0.148862 -0.070680
v 0.178775 0.216664 -0.072003
v 0.176965 0.170298 -0.073948
v 0.182555 0.060027 -0.072292
v 0.178700 0.839133 -0.066427
v 0.181327 0.812415 -0.069304
v 0.179203 0.291802 -0.070935
v 0.190642 0.654041 -0.070048
v 0.182712 0.417809 -0.071886
v 0.183482 0.843833 -0.071390
v 0.181887 0.114971 -0.072925
v 0.185013 0.186098 -0.074751
v 0.188779 0.048756 -0.064734
v 0.194349 0.677352 -0.070462
v 0.179355 0.858117 -0.071610
v 0.200272 0.751264 -0.071231
v 0.188503 0.201524 -0.072001
v 0.193183 0.535943 -0.071884
v 0.188882 0.573645 -0.074722
v 0.188236 0.312937 -0.067371
v 0.190797 0.144761 -0.073346
v 0.185679 0.475742 -0.072858
v 0.190420 0.235891 -0.073449
v 0.196348 0.329165 -0.070122
v 0.193549 0.606931 -0.074754
v 0.202671 0.128760 -0.073284
v 0.197801 0.519637 -0.070230
v 0.201017 0.286951 -0.071617
v 0.195589 0.841491 -0.071898
v 0.215630 0.093224 -0.072551
v 0.210654 0.465684 -0.069827
v 0.201770 0.620114 -0.069565
v 0.208084 0.783045 -0.070138
v 0.206336 0.425157 -0.071935
v 0.198292 0.589035 -0.075895
v 0.210025 0.177497 -0.074859
v 0.206602 0.099167 -0.069168
v 0.205353 0.261451 -0.071014
v 0.196952 0.357917 -0.071879
v 0.197338 0.849311 -0.064689
v 0.196286 0.820050 -0.066697
v 0.207335 0.397482 -0.071244
v 0.213738 0.371122 -0.070528
v 0.208252 0.069559 -0.069783
v 0.208176 0.801444 -0.067448
v 0.211485 0.223803 -0.072474
v 0.210350 0.306660 -0.071438
v 0.203716 0.495875 -0.074803
v 0.206277 0.823599 -0.072577
v 0.209206 0.832185 -0.068703
v 0.215136 0.697456 -0.070098
v 0.213199 0.569755 -0.073312
v 0.219098 0.629098 -0.070379
v 0.218547 0.530810 -0.068800
v 0.221828 0.653622 -0.070370
v 0.209141 0.810030 -0.072624
v 0.207081 0.724884 -0.071238
v 0.229588 0.594753 -0.072942
v 0.230271 0.445027 -0.070086
v 0.231235 0.333375 -0.071402
v 0.226116 0.679101 -0.072020
v 0.223344 0.136629 -0.071385
v 0.222400 0.508319 -0.072851
v 0.227935 0.549530 -0.067433
v 0.233161 0.724500 -0.071756
v 0.224766 0.759919 -0.072032
v 0.240228 0.289196 -0.071683
v 0.222990 0.108078 -0.069001
v 0.220783 0.814291 -0.070965
v 0.226870 0.484326 -0.073143
v 0.224642 0.799257 -0.072373
v 0.227711 0.090969 -0.071466
v 0.228331 0.078678 -0.060533
v 0.237945 0.208468 -0.075215
v 0.233190 0.415453 -0.071469
v 0.229252 0.776800 -0.069349
v 0.235054 0.251048 -0.073354
v 0.248515 0.389742 -0.071699
v 0.234230 0.469390 -0.069014
v 0.244062 0.530615 -0.068210
v 0.236752 0.227123 -0.072851
v 0.246403 0.568406 -0.071530
v 0.235718 0.800155 -0.065140
v 0.255694 0.648731 -0.071164
v 0.258967 0.504777 -0.072007
v 0.238178 0.787815 -0.071292
v 0.242710 0.130225 -0.069955
v 0.239434 0.695088 -0.070434
v 0.254800 0.191244 -0.072478
v 0.239759 0.773166 -0.073417
v 0.247588 0.159137 -0.070601
v 0.256233 0.617476 -0.068230
v 0.242067 0.757921 -0.069909
v 0.251499 0.362325 -0.071644
v 0.243186 0.099965 -0.066913
v 0.256056 0.484967 -0.071673
v 0.250608 0.270373 -0.074516
v 0.253565 0.706291 -0.071413
v 0.248733 0.118930 -0.072818
v 0.252307 0.733788 -0.069020
v 0.253155 0.761765 -0.071247
v 0.262770 0.671595 -0.071626
v 0.265501 0.414177 -0.071903
v 0.261747 0.315618 -0.073258
v 0.264627 0.127623 -0.067007
v 0.259894 0.465883 -0.068628
v 0.260834 0.249965 -0.073330
v 0.265637 0.227678 -0.072759
v 0.263433 0.546962 -0.066569
v 0.274949 0.290421 -0.073660
v 0.264124 0.159381 -0.067738
v 0.262183 0.729799 -0.072249
v 0.265697 0.146088 -0.071547
v 0.273424 0.588933 -0.068843
v 0.266153 0.699702 -0.069903
v 0.266501 0.738930 -0.070787
v 0.275787 0.451700 -0.071717
v 0.282511 0.560583 -0.070053
v 0.277055 0.619099 -0.070671
v 0.277580 0.707679 -0.072359
v 0.282230 0.216159 -0.070708
v 0.284297 0.379768 -0.073655
v 0.289103 0.256392 -0.071567
v 0.278812 0.527513 -0.068278
v 0.289355 0.652482 -0.072504
v 0.288428 0.348511 -0.074588
v 0.279415 0.483985 -0.070304
v 0.280573 0.667035 -0.069744
v 0.280049 0.189098 -0.067715
v 0.284583 0.162470 -0.068770
v 0.285915 0.184587 -0.071081
v 0.276698 0.731825 -0.062869
v 0.283016 0.680972 -0.071999
v 0.297612 0.419591 -0.073176
v 0.294504 0.501412 -0.071715
v 0.295679 0.318501 -0.073738
v 0.287707 0.707091 -0.064028
v 0.301117 0.463073 -0.073236
v 0.290005 0.210579 -0.067993
v 0.303032 0.535512 -0.071799
v 0.305171 0.583829 -0.071309
v 0.300837 0.614115 -0.071207
v 0.293541 0.683770 -0.069197
v 0.300361 0.288917 -0.071958
v 0.304407 0.236464 -0.070109
v 0.300235 0.211894 -0.071327
v 0.300125 0.193548 -0.068832
v 0.302178 0.655966 -0.071482
v 0.311402 0.396468 -0.073062
v 0.312800 0.558881 -0.072078
v 0.312156 0.371003 -0.072951
v 0.309088 0.631555 -0.071670
v 0.316349 0.348031 -0.071549
v 0.313185 0.223328 -0.068881
v 0.311815 0.268630 -0.069951
v 0.318236 0.471693 -0.072457
v 0.315491 0.290385 -0.069427
v 0.321033 0.511051 -0.071276
v 0.324928 0.428293 -0.071754
v 0.314579 0.642342 -0.062319
v 0.318709 0.257040 -0.072554
v 0.322438 0.321789 -0.069924
v 0.320276 0.604350 -0.071192
v 0.324844 0.281177 -0.072376
v 0.323284 0.533806 -0.069773
v 0.328183 0.476065 -0.069847
v 0.324858 0.611803 -0.062373
v 0.330054 0.261102 -0.063880
v 0.331986 0.374302 -0.071250
v 0.326073 0.302374 -0.072636
v 0.330006 0.448071 -0.071256
v 0.329501 0.354039 -0.068563
v 0.327080 0.578788 -0.071736
v 0.332935 0.397642 -0.071396
v 0.332362 0.583959 -0.064595
v 0.333916 0.512650 -0.072869
v 0.333678 0.545726 -0.072043
v 0.336851 0.305339 -0.068787
v 0.335930 0.349172 -0.071388
v 0.337255 0.286830 -0.063183
v 0.337259 0.480160 -0.073023
v 0.335420 0.320318 -0.071720
v 0.339956 0.414146 -0.073088
v 0.337378 0.560571 -0.066543
v 0.337516 0.450947 -0.074022
v 0.342147 0.340713 -0.069337
v 0.344995 0.501076 -0.068424
v 0.344301 0.534374 -0.063381
v 0.344729 0.366649 -0.069165
v 0.344825 0.328197 -0.063871
v 0.346277 0.388595 -0.069493
v 0.346119 0.465617 -0.070206
v 0.345814 0.439443 -0.071693
v 0.349277 0.351103 -0.061538
v 0.348471 0.416865 -0.068656
v -0.067254 0.539889 0.073686
v -0.069777 0.573939 0.059205
v -0.076651 0.533491 0.055429
v -0.084003 0.567945 0.050163
v -0.065655 0.508330 0.068534
v -0.065064 0.494184 0.056811
v -0.057836 0.573357 0.075648
v -0.056038 0.506213 0.076952
v -0.052440 0.592501 0.064975
v -0.066531 0.601159 0.051721
v -0.038871 0.598054 0.075025
v -0.035738 0.610142 0.058479
v -0.021695 0.611199 0.068561
v -0.006820 0.608239 0.076725
v -0.011984 0.616860 0.059894
v 0.002509 0.615758 0.067370
v 0.010431 0.616934 0.059677
v 0.019312 0.611328 0.070439
v 0.031857 0.612473 0.058513
v -0.071804 0.141214 0.060195
v -0.057332 0.148173 0.043805
v -0.063569 0.171327 0.050319
v -0.060256 0.147468 -0.060866
v -0.053673 0.130896 -0.051005
v -0.061248 0.113117 -0.064972
v -0.058378 0.202655 0.047225
v -0.052477 0.256100 0.049482
v -0.068151 0.214932 0.060208
v -0.061166 0.106366 0.054537
v -0.053968 0.122789 0.042671
v -0.059440 0.071625 0.058703
v -0.051564 0.093105 0.045618
v -0.051210 0.179604 0.034078
v -0.056634 0.201765 -0.058835
v -0.055657 0.231958 -0.062287
v -0.047715 0.223694 -0.049243
v -0.051183 0.151237 0.031586
v -0.042995 0.229726 0.029770
v -0.050271 0.123976 0.030905
v -0.058286 0.002468 0.031572
v -0.054631 0.001523 -0.003735
v -0.047986 0.005420 0.017750
v -0.065548 0.001890 -0.032588
v -0.046730 0.006644 -0.018175
v -0.049558 0.158983 -0.036017
v -0.054651 0.176805 -0.053572
v -0.049989 0.104427 -0.046233
v -0.049802 0.007967 -0.047473
v -0.058472 0.008251 -0.058831
v -0.048420 0.017672 -0.057407
v -0.048834 0.100674 0.031182
v -0.053468 0.008927 0.049888
v -0.048153 0.137883 -0.017282
v -0.052283 0.080389 -0.059065
v -0.057743 0.067103 -0.067491
v -0.046789 0.041764 -0.050873
v -0.051224 0.034076 -0.063776
v -0.047131 0.015051 0.046371
v -0.055470 0.021372 0.060738
v -0.049140 0.048994 0.050282
v -0.047122 0.073420 0.031594
v -0.046166 0.176740 0.014467
v -0.048175 0.115334 -0.025157
v -0.046865 0.200394 -0.040502
v -0.048393 0.148292 0.014546
v -0.048063 0.117437 0.009532
v -0.047062 0.067983 -0.041628
v -0.045371 0.204323 0.025987
v -0.046702 0.086712 0.010127
v -0.046478 0.081067 -0.019995
v -0.045754 0.166050 -0.008222
v -0.043931 0.188319 -0.020885
v -0.045019 0.013487 -0.039167
v -0.044746 0.041857 0.014483
v -0.044233 0.012770 0.010197
v -0.044743 0.043616 -0.023411
v -0.042851 0.254481 -0.049267
v -0.044773 0.024907 0.037796
v -0.046216 0.328356 0.058492
v -0.050503 0.288033 0.053950
v -0.032134 0.322128 0.040604
v -0.036546 0.264968 0.029618
v -0.043975 0.021685 -0.019345
v -0.038978 0.220691 -0.025722
v -0.039225 0.205582 -0.002400
v -0.030478 0.299413 0.031903
v -0.024854 0.353920 0.040572
v -0.038105 0.355779 0.055851
v -0.032237 0.248490 -0.022586
v -0.030554 0.274239 -0.032821
v -0.045684 0.279588 -0.059493
v -0.034319 0.235115 0.007580
v -0.040536 0.323191 -0.064501
v -0.028981 0.300851 -0.041207
v -0.030363 0.243060 -0.008618
v -0.028165 0.323749 -0.048372
v -0.021906 0.287373 0.011236
v -0.032277 0.382545 0.058040
v -0.026583 0.260759 0.003225
v -0.028575 0.348143 -0.056795
v -0.016499 0.375172 0.037278
v -0.024519 0.391619 0.052687
v -0.023176 0.270975 -0.011749
v -0.017871 0.312594 0.017549
v -0.015460 0.334522 -0.031708
v -0.017639 0.295831 -0.017713
v -0.016690 0.312170 -0.025322
v -0.016791 0.288585 -0.004127
v -0.019260 0.368868 -0.050018
v -0.014209 0.338928 0.021560
v -0.009723 0.367872 -0.035278
v -0.009006 0.309971 0.002733
v -0.011364 0.398257 0.039120
v -0.020834 0.417286 0.054639
v -0.008466 0.362910 0.022612
v -0.024149 0.393616 -0.063633
v -0.012476 0.395122 -0.048745
v -0.011481 0.304529 -0.008092
v -0.007329 0.324755 0.011460
v -0.007251 0.312612 -0.012801
v -0.005318 0.386069 0.028427
v -0.007853 0.322854 -0.020562
v 0.000755 0.312879 -0.008824
v 0.001785 0.313146 0.001236
v 0.009484 0.308179 -0.010099
v 0.001785 0.313146 0.001236
v 0.000755 0.312879 -0.008824
v 0.003110 0.423025 -0.048877
v 0.002607 0.449189 -0.055334
v 0.015130 0.427633 -0.063242
v 0.011024 0.306274 0.002939
v 0.003726 0.320175 0.008636
v 0.018218 0.305835 0.015028
v 0.006737 0.372894 -0.034556
v 0.006991 0.404933 -0.045875
v 0.018493 0.387421 -0.056026
v 0.012517 0.355691 -0.035989
v 0.018304 0.287989 -0.011665
v 0.019772 0.286563 0.005785
v 0.011957 0.323022 -0.024245
v 0.017201 0.306469 -0.023671
v 0.024381 0.333161 -0.046528
v 0.036214 0.315003 0.043918
v 0.012377 0.332009 0.017636
v 0.031285 0.274002 0.023337
v 0.025598 0.262634 0.000032
v 0.029703 0.293276 -0.040394
v 0.028678 0.253002 -0.014489
v 0.032405 0.311980 -0.052371
v 0.028314 0.424257 -0.075025
v 0.032250 0.269631 -0.034422
v 0.031659 0.404096 -0.074867
v 0.038887 0.351386 -0.068812
v 0.035965 0.241893 0.018448
v 0.033562 0.232144 -0.002519
v 0.033360 0.381121 -0.069267
v 0.043214 0.284433 0.044757
v 0.037444 0.228095 -0.024719
v 0.040705 0.246777 -0.043324
v 0.042825 0.287670 -0.058903
v 0.043650 0.216712 0.025975
v 0.041765 0.195510 -0.010026
v 0.044249 0.320360 -0.067095
v 0.042984 0.191351 0.007360
v 0.044129 0.204521 -0.033171
v 0.047866 0.258627 -0.057908
v 0.049765 0.250179 0.045214
v 0.049257 0.169324 -0.036232
v 0.049314 0.213408 -0.049909
v 0.045992 0.010761 0.036630
v 0.044061 0.030689 0.018782
v 0.043695 0.012504 0.014420
v 0.046730 0.185642 0.022981
v 0.043697 0.023667 -0.010243
v 0.044783 0.011898 -0.027465
v 0.044634 0.040853 -0.028673
v 0.050978 0.187113 -0.046998
v 0.046233 0.044834 0.044067
v 0.049125 0.002892 0.007878
v 0.046104 0.067722 0.027419
v 0.044989 0.058437 0.003393
v 0.046895 0.158596 -0.008813
v 0.046511 0.024956 -0.054668
v 0.049897 0.026856 0.056218
v 0.047005 0.093335 0.007218
v 0.046946 0.083267 -0.027495
v 0.048428 0.057051 -0.053068
v 0.047541 0.010618 -0.051545
v 0.049280 0.078962 0.045253
v 0.056699 0.194786 0.044106
v 0.048719 0.154027 0.019018
v 0.055635 0.232398 -0.062550
v 0.048294 0.120299 0.012603
v 0.048395 0.127556 -0.018573
v 0.051516 0.098413 -0.052424
v 0.052808 0.002805 -0.032314
v 0.054248 0.010386 -0.060475
v 0.055010 0.218844 0.045716
v 0.049930 0.112335 0.034097
v 0.052442 0.144560 0.035709
v 0.053187 0.029754 -0.066938
v 0.053378 0.171571 0.037856
v 0.053555 0.001902 0.028931
v 0.052601 0.130675 -0.048255
v 0.054377 0.074825 -0.063659
v 0.056366 0.106559 0.050388
v 0.056771 0.007787 0.052101
v 0.054335 0.270041 0.056255
v 0.061200 0.136309 0.050010
v 0.057288 0.157697 -0.057066
v 0.059506 0.134994 -0.061762
v 0.059922 0.107797 -0.065244
v 0.060078 0.179443 -0.061782
v 0.061619 0.202027 -0.064985
v 0.061397 0.058577 -0.070767
v 0.061388 0.160841 0.048256
v 0.028272 0.465123 0.060606
v 0.011815 0.459934 0.068437
v 0.014836 0.444856 0.054947
v 0.033676 0.471741 0.069655
v 0.029857 0.475624 0.076954
v 0.036793 0.600974 0.073739
v 0.044177 0.600964 0.061615
v 0.019312 0.611328 0.070439
v 0.031857 0.612473 0.058513
v 0.048571 0.489415 0.075811
v 0.049573 0.481317 0.063494
v 0.054392 0.590900 0.065511
v 0.053831 0.580813 0.075632
v 0.060877 0.496347 0.067264
v 0.062445 0.493351 0.059499
v 0.058734 0.474803 0.055604
v 0.065355 0.579787 0.057151
v 0.063388 0.577701 0.065913
v 0.059998 0.508153 0.075686
v 0.065669 0.548669 0.074410
v 0.069607 0.509633 0.060519
v 0.071166 0.522681 0.068698
v 0.074183 0.550676 0.058342
v 0.077259 0.524713 0.056123
v 0.077730 0.501619 0.055599
v 0.091094 0.539835 0.046705
v 0.086526 0.565821 0.050229
v -0.363359 0.438139 -0.025620
v -0.364700 0.405952 -0.005452
v -0.364196 0.436744 0.012905
v -0.362984 0.407323 0.021077
v -0.361787 0.369697 0.015595
v -0.359598 0.354713 -0.024758
v -0.362775 0.470463 -0.012289
v -0.360250 0.472220 0.028193
v -0.363298 0.401070 -0.026241
v -0.359279 0.434693 0.038896
v -0.361086 0.491206 0.007987
v -0.357267 0.391772 0.042535
v -0.358133 0.499539 -0.030517
v -0.356942 0.468842 -0.048094
v -0.359020 0.424889 -0.047082
v -0.357091 0.379160 -0.048694
v -0.351805 0.361038 0.048840
v -0.357502 0.512059 0.019521
v -0.356976 0.526379 -0.004607
v -0.356004 0.324989 0.019452
v -0.355639 0.317154 -0.015246
v -0.352549 0.497764 0.047887
v -0.352902 0.529475 -0.037802
v -0.353809 0.451947 0.052636
v -0.350227 0.406588 0.058269
v -0.351743 0.473488 0.053871
v -0.352605 0.412715 -0.063019
v -0.349979 0.548014 0.029508
v -0.351932 0.552793 -0.013047
v -0.350384 0.334602 -0.055462
v -0.349542 0.490310 -0.062234
v -0.351137 0.448071 -0.064851
v -0.344558 0.312617 0.051324
v -0.351158 0.509936 -0.054786
v -0.346179 0.304729 -0.052913
v -0.348352 0.379293 -0.067219
v -0.349003 0.567072 0.007961
v -0.346100 0.557755 -0.045139
v -0.338928 0.594418 -0.031900
v -0.344766 0.532712 -0.062212
v -0.343426 0.497170 0.062625
v -0.341793 0.541875 0.056709
v -0.341326 0.591124 0.020308
v -0.342541 0.515642 -0.068782
v -0.342427 0.363294 0.064075
v -0.341676 0.330956 0.061990
v -0.337564 0.317424 -0.070614
v -0.338641 0.577951 0.046847
v -0.335552 0.581332 -0.058517
v -0.332093 0.623720 0.008758
v -0.331109 0.563771 -0.070435
v -0.329842 0.571709 0.063708
v -0.336561 0.287804 -0.066116
v -0.336695 0.533186 -0.071562
v -0.327526 0.633740 -0.023028
v -0.328368 0.617651 0.041583
v -0.323416 0.622224 -0.056207
v -0.323013 0.607419 0.060097
v -0.320318 0.647386 0.032307
v -0.315209 0.668804 -0.004531
v -0.318629 0.609161 -0.070496
v -0.315786 0.651206 -0.050589
v -0.310081 0.641718 0.061580
v -0.314166 0.637652 -0.065525
v -0.312886 0.669281 0.028570
v -0.306315 0.664477 0.055505
v -0.305418 0.685050 -0.036970
v -0.301416 0.679015 -0.059493
v -0.299443 0.698593 0.032200
v -0.296011 0.710987 -0.006146
v -0.289911 0.698723 0.059824
v -0.300450 0.658542 -0.071240
v -0.291807 0.709994 -0.047646
v -0.287672 0.685423 -0.071307
v -0.280890 0.735660 -0.038059
v -0.285481 0.712409 -0.063512
v -0.282942 0.731661 0.033618
v -0.265842 0.762659 0.028188
v -0.270938 0.743395 -0.063381
v -0.267861 0.748785 0.056784
v -0.270722 0.727439 0.065680
v -0.264101 0.768173 -0.021402
v -0.265480 0.760082 -0.050364
v -0.256413 0.768436 -0.065285
v -0.257148 0.758154 -0.070888
v -0.247403 0.793886 0.016326
v -0.243649 0.791076 0.054387
v -0.255271 0.753560 0.066139
v -0.241863 0.801804 -0.017585
v -0.241232 0.782928 0.065285
v -0.243456 0.795060 -0.052472
v -0.242721 0.790647 -0.065010
v -0.229526 0.817173 0.031946
v -0.227114 0.814821 -0.061061
v -0.230027 0.801864 -0.070732
v -0.219259 0.821145 0.060501
v -0.214518 0.836977 -0.016294
v -0.208131 0.838724 -0.059868
v -0.207761 0.826892 -0.072576
v -0.207350 0.844744 0.029351
v -0.201713 0.848188 0.049351
v -0.194396 0.838941 0.065700
v -0.185479 0.866944 -0.040636
v -0.188991 0.864043 0.035029
v -0.185343 0.868646 0.007331
v -0.184479 0.854309 -0.071098
v -0.191497 0.854450 -0.064933
v -0.183494 0.863501 0.058870
v -0.176199 0.872679 -0.060401
v -0.160585 0.889757 0.042807
v -0.158457 0.881384 0.064937
v -0.158988 0.880186 -0.071796
v -0.160447 0.892352 -0.005877
v -0.157944 0.888568 -0.064050
v -0.155543 0.894579 -0.047940
v -0.135876 0.912114 -0.030088
v -0.137845 0.903893 0.061095
v -0.138926 0.902421 -0.067627
v -0.139098 0.907232 -0.054595
v -0.127584 0.918611 0.014693
v -0.126564 0.916088 0.052482
v -0.121251 0.919821 -0.057202
v -0.109174 0.920291 -0.070147
v -0.107228 0.922493 0.064345
v -0.088965 0.940810 -0.047083
v -0.106116 0.929326 0.054560
v -0.080213 0.948088 0.028470
v -0.071942 0.953073 -0.007408
v -0.082387 0.943062 0.055053
v -0.072280 0.942826 0.062932
v -0.072854 0.943784 -0.066600
v -0.055874 0.957418 -0.042730
v -0.048366 0.959063 0.050738
v -0.049536 0.962195 0.027386
v -0.052326 0.949533 -0.070281
v -0.035265 0.967671 -0.003416
v -0.037492 0.955231 0.062482
v -0.027691 0.959340 -0.065354
v -0.026636 0.966306 0.047433
v -0.028308 0.969121 0.025196
v -0.028959 0.966740 -0.042403
v -0.014073 0.971799 -0.020215
v -0.012483 0.962656 0.059159
v -0.004353 0.968001 -0.051738
v -0.006968 0.972930 0.008427
v 0.000050 0.971894 0.030406
v -0.000068 0.967978 0.050868
v 0.000110 0.963038 -0.065206
v 0.009487 0.970005 -0.042143
v -0.356004 0.324989 0.019452
v -0.347280 0.292092 0.030133
v -0.344558 0.312617 0.051324
v -0.355639 0.317154 -0.015246
v -0.346573 0.272166 -0.000462
v -0.346349 0.280535 -0.032985
v -0.346179 0.304729 -0.052913
v -0.340426 0.275940 -0.051473
v -0.335348 0.237789 -0.019377
v -0.338355 0.253182 0.024751
v -0.328748 0.235750 -0.048171
v -0.334793 0.288124 0.059361
v -0.336561 0.287804 -0.066116
v -0.326201 0.214409 0.006252
v -0.328436 0.247343 0.046846
v -0.326276 0.257618 -0.069109
v -0.322119 0.262268 0.064801
v -0.321934 0.206159 -0.027447
v -0.316527 0.203503 0.032041
v -0.320302 0.233750 -0.066671
v -0.309974 0.200917 -0.060646
v -0.308979 0.225502 0.064050
v -0.302868 0.198166 0.055683
v -0.307570 0.172725 -0.012182
v -0.309653 0.181952 -0.033712
v -0.306016 0.214258 -0.071996
v -0.302212 0.171626 0.025612
v -0.298316 0.162549 -0.041442
v -0.298043 0.188919 -0.070168
v -0.294331 0.171051 -0.064449
v -0.288057 0.139471 0.001948
v -0.284400 0.160216 0.054266
v -0.280327 0.131381 -0.037449
v -0.284451 0.145582 0.036547
v -0.269455 0.136885 -0.068758
v -0.260280 0.100662 -0.008809
v -0.255578 0.115571 0.051305
v -0.272892 0.155452 0.064300
v -0.269709 0.117140 0.023658
v -0.253719 0.098346 -0.043855
v -0.245768 0.098770 -0.062749
v -0.249495 0.093009 0.026275
v -0.227371 0.066587 0.011884
v -0.234834 0.071957 -0.016592
v -0.228877 0.071626 -0.044695
v -0.230908 0.078154 0.040217
v -0.217622 0.082524 0.062323
v -0.238980 0.116379 0.067119
v -0.205210 0.055897 0.042986
v -0.231384 0.091667 -0.070923
v -0.213416 0.068184 -0.065168
v -0.213265 0.053853 -0.028360
v -0.207344 0.048137 -0.002678
v -0.197731 0.048443 -0.052340
v -0.190267 0.039356 0.025517
v -0.185393 0.035519 -0.035555
v -0.182397 0.043782 -0.062378
v -0.184385 0.032735 -0.002147
v -0.180697 0.050224 0.062426
v -0.172709 0.033789 0.045006
v -0.166914 0.023651 -0.019571
v -0.153569 0.022704 -0.048130
v -0.155265 0.018803 0.008918
v -0.153299 0.032420 0.060469
v -0.159511 0.023724 0.033427
v -0.156112 0.034965 -0.069226
v -0.174481 0.047342 -0.071411
v -0.135765 0.015576 0.035535
v -0.139650 0.013153 -0.018254
v -0.123908 0.020248 -0.066288
v -0.115841 0.018955 0.060589
v -0.118807 0.011635 -0.049040
v -0.107914 0.005539 0.019806
v -0.108193 0.005320 -0.023574
v -0.096714 0.011201 -0.061162
v -0.086184 0.004901 0.040361
v -0.088363 0.003827 -0.037836
v -0.076826 0.000778 0.003987
v -0.077037 0.010045 0.057388
v -0.075341 0.006927 -0.056598
v -0.065548 0.001890 -0.032588
v -0.058286 0.002468 0.031572
v -0.054631 0.001523 -0.003735
v -0.058472 0.008251 -0.058831
v -0.065026 0.013325 0.061332
v -0.053468 0.008927 0.049888
v -0.049802 0.007967 -0.047473
v -0.046730 0.006644 -0.018175
v -0.006968 0.972930 0.008427
v 0.014021 0.971961 -0.006627
v -0.014073 0.971799 -0.020215
v 0.009487 0.970005 -0.042143
v 0.000050 0.971894 0.030406
v -0.004353 0.968001 -0.051738
v 0.018753 0.964102 -0.059202
v 0.000110 0.963038 -0.065206
v -0.000068 0.967978 0.050868
v 0.030307 0.967586 0.029797
v 0.029727 0.967274 -0.033341
v 0.034380 0.962192 0.053581
v 0.042586 0.958646 -0.058049
v 0.046919 0.963546 -0.011487
v 0.019430 0.956689 -0.071274
v 0.052563 0.947662 -0.071150
v 0.056046 0.959986 0.011929
v 0.062354 0.953357 0.049782
v 0.046056 0.954275 0.060851
v 0.060653 0.955531 -0.043642
v 0.071029 0.945478 -0.064307
v 0.068981 0.953936 -0.019151
v 0.072564 0.942956 0.062160
v 0.081500 0.947298 0.025129
v 0.086685 0.942807 -0.043056
v 0.085419 0.941453 0.053402
v 0.090797 0.942928 -0.000950
v 0.074944 0.937051 -0.073035
v 0.100466 0.931309 -0.061044
v 0.101945 0.928189 0.060156
v 0.107920 0.930487 0.040237
v 0.107056 0.932849 -0.019235
v 0.109101 0.931578 0.014563
v 0.130156 0.914332 0.045809
v 0.128584 0.917812 -0.026819
v 0.127586 0.918773 0.015081
v 0.121504 0.910655 0.065367
v 0.143625 0.900374 0.057206
v 0.130272 0.912856 -0.059976
v 0.118879 0.916312 -0.069241
v 0.139285 0.899727 -0.070300
v 0.152112 0.898357 0.033586
v 0.152757 0.898981 -0.010488
v 0.147548 0.899312 -0.061018
v 0.157802 0.892600 -0.049300
v 0.156727 0.884026 -0.070308
v 0.170588 0.882634 0.023166
v 0.151445 0.887389 0.065104
v 0.170254 0.875353 0.060049
v 0.171179 0.881917 -0.033734
v 0.174713 0.875751 0.049421
v 0.176490 0.871783 -0.062133
v 0.185708 0.868618 -0.001349
v 0.187589 0.864267 -0.048878
v 0.179355 0.858117 -0.071610
v 0.184497 0.856809 0.062822
v 0.192847 0.859257 0.038289
v 0.197338 0.849311 -0.064689
v 0.200912 0.852274 -0.031688
v 0.208173 0.844837 0.004540
v 0.204776 0.838432 0.059942
v 0.211994 0.836084 -0.055871
v 0.213021 0.836640 0.038908
v 0.209206 0.832185 -0.068703
v 0.221366 0.827839 -0.035229
v 0.224095 0.825859 0.007111
v 0.225156 0.818462 0.050470
v 0.211248 0.825045 0.064531
v 0.226214 0.816774 -0.059950
v 0.220783 0.814291 -0.070965
v 0.225187 0.809940 0.062293
v 0.236929 0.807085 0.029375
v 0.235718 0.800155 -0.065140
v 0.241957 0.801773 -0.014148
v 0.243512 0.795588 -0.049288
v 0.239957 0.796100 0.053609
v 0.237981 0.786385 0.064708
v 0.255160 0.771150 -0.063082
v 0.238178 0.787815 -0.071292
v 0.252498 0.774657 0.055477
v 0.259204 0.773664 0.026490
v 0.253155 0.761765 -0.071247
v 0.249793 0.761200 0.066268
v 0.257223 0.779057 0.000490
v 0.258620 0.774197 -0.038791
v 0.262899 0.762035 0.046579
v 0.261373 0.752576 0.061715
v 0.274617 0.749205 -0.021361
v 0.272524 0.746911 -0.050423
v 0.266501 0.738930 -0.070787
v 0.271951 0.739948 0.055260
v 0.265269 0.734900 0.065883
v 0.274662 0.749708 0.004965
v 0.277809 0.739648 0.033844
v 0.276698 0.731825 -0.062869
v 0.279815 0.714689 0.062000
v 0.288034 0.713306 0.047757
v 0.291642 0.712553 -0.041512
v 0.295052 0.709627 0.020458
v 0.289196 0.723549 -0.005374
v 0.287707 0.707091 -0.064028
v 0.293238 0.685595 0.061065
v 0.303327 0.681790 -0.051678
v 0.293541 0.683770 -0.069197
v 0.301111 0.698423 -0.022666
v 0.303458 0.683692 0.040279
v 0.305875 0.662078 -0.064913
v 0.302178 0.655966 -0.071482
v 0.308069 0.659431 0.053617
v 0.303267 0.656744 0.062290
v 0.310426 0.679327 -0.009010
v 0.311018 0.674275 0.022991
v 0.313479 0.662673 -0.042249
v 0.314579 0.642342 -0.062319
v 0.317782 0.631093 0.053996
v 0.314145 0.625703 0.062065
v 0.318150 0.649595 0.035403
v 0.318652 0.659479 0.004156
v 0.320276 0.604350 -0.071192
v 0.309088 0.631555 -0.071670
v 0.324858 0.611803 -0.062373
v 0.324533 0.628294 -0.048831
v 0.324524 0.641466 0.017405
v 0.325728 0.639545 -0.019690
v 0.322594 0.604174 0.059231
v 0.326488 0.621259 0.040470
v 0.332705 0.589904 0.050094
v 0.332362 0.583959 -0.064595
v 0.336893 0.603173 0.021065
v 0.333606 0.619475 0.003721
v 0.334775 0.603948 -0.040731
v 0.334572 0.566099 0.057742
v 0.338872 0.601731 -0.017183
v 0.339323 0.580224 -0.050528
v 0.340226 0.566484 0.046955
v 0.342751 0.576779 0.030667
v 0.337378 0.560571 -0.066543
v 0.343403 0.557579 -0.054986
v 0.346369 0.576743 0.001963
v 0.346995 0.540286 0.043775
v 0.346393 0.569552 -0.030548
v 0.344301 0.534374 -0.063381
v 0.340958 0.528591 0.058526
v 0.341056 0.340338 0.063160
v 0.347445 0.333257 0.051717
v 0.343911 0.361663 0.061894
v 0.341879 0.395967 0.064644
v 0.354779 0.391268 0.046798
v 0.348851 0.552908 0.029120
v 0.344995 0.501076 -0.068424
v 0.350581 0.503262 -0.058702
v 0.342717 0.503298 0.060886
v 0.352824 0.502259 0.043520
v 0.351914 0.534151 -0.039986
v 0.354253 0.476805 -0.054842
v 0.346119 0.465617 -0.070206
v 0.353546 0.444046 -0.059933
v 0.345814 0.439443 -0.071693
v 0.349903 0.484267 0.054000
v 0.346277 0.388595 -0.069493
v 0.348471 0.416865 -0.068656
v 0.356433 0.401054 -0.052681
v 0.352564 0.549190 0.004747
v 0.344729 0.366649 -0.069165
v 0.354940 0.367885 -0.051507
v 0.349494 0.448195 0.058159
v 0.357991 0.461359 0.037938
v 0.356653 0.523110 -0.018414
v 0.349277 0.351103 -0.061538
v 0.357009 0.432471 0.044631
v 0.348218 0.414556 0.060226
v 0.354565 0.525664 0.024922
v 0.355918 0.360790 0.038667
v 0.356616 0.495982 -0.041690
v 0.354661 0.339321 -0.041232
v 0.359831 0.490393 0.019627
v 0.358531 0.514478 0.003224
v 0.361283 0.386261 0.025065
v 0.360551 0.428803 -0.041577
v 0.361572 0.486910 -0.010461
v 0.361401 0.463456 -0.032446
v 0.361041 0.370102 -0.027099
v 0.363096 0.400003 -0.025960
v 0.363072 0.421935 0.022701
v 0.362848 0.371170 -0.001260
v 0.356138 0.338045 0.026090
v 0.358935 0.338086 -0.010978
v 0.363408 0.451595 0.016312
v 0.364168 0.452096 -0.011282
v 0.364700 0.415473 -0.009972
v 0.053555 0.001902 0.028931
v 0.049125 0.002892 0.007878
v 0.068662 0.000000 0.016318
v 0.052808 0.002805 -0.032314
v 0.077663 0.000894 -0.029249
v 0.054248 0.010386 -0.060475
v 0.056771 0.007787 0.052101
v 0.071917 0.010706 -0.065367
v 0.092820 0.007547 0.050035
v 0.077746 0.013537 0.063551
v 0.101744 0.002300 -0.004369
v 0.110442 0.005517 0.024710
v 0.105062 0.014195 -0.065321
v 0.119990 0.024819 0.065612
v 0.122972 0.010484 -0.044313
v 0.145679 0.014298 -0.014071
v 0.139262 0.020522 0.050919
v 0.135797 0.019943 -0.061648
v 0.149422 0.017873 0.026250
v 0.165124 0.028620 -0.052682
v 0.149992 0.032920 -0.070381
v 0.163958 0.039870 0.064101
v 0.178196 0.037895 0.047623
v 0.169825 0.024439 0.004610
v 0.177542 0.029091 -0.024181
v 0.178668 0.031002 0.023357
v 0.188779 0.048756 -0.064734
v 0.186240 0.052811 0.062326
v 0.189523 0.035149 -0.000803
v 0.196537 0.044834 -0.045862
v 0.206034 0.049915 0.025072
v 0.211572 0.064486 0.050582
v 0.211693 0.050674 -0.015324
v 0.215352 0.061635 -0.051673
v 0.208252 0.069559 -0.069783
v 0.234753 0.072731 0.007033
v 0.228331 0.078678 -0.060533
v 0.232764 0.071663 -0.032911
v 0.230371 0.087911 0.055919
v 0.213774 0.080431 0.065044
v 0.241262 0.090120 0.042245
v 0.250340 0.097454 -0.052856
v 0.246235 0.104160 0.053000
v 0.245044 0.114817 0.063450
v 0.243186 0.099965 -0.066913
v 0.254478 0.094693 0.013471
v 0.258455 0.098765 -0.028116
v 0.264627 0.127623 -0.067007
v 0.256513 0.105626 0.036615
v 0.265813 0.125905 0.048006
v 0.277869 0.123204 -0.001843
v 0.263963 0.144916 0.065092
v 0.269973 0.120200 -0.048383
v 0.270924 0.118516 0.023688
v 0.292727 0.161217 -0.055394
v 0.281968 0.160877 0.057914
v 0.283266 0.143057 0.035915
v 0.284583 0.162470 -0.068770
v 0.289507 0.141873 -0.026095
v 0.296777 0.171759 0.042005
v 0.298348 0.156710 0.006959
v 0.296774 0.195886 0.061836
v 0.305718 0.173835 0.019194
v 0.300125 0.193548 -0.068832
v 0.306268 0.197085 0.048625
v 0.309138 0.177327 -0.017252
v 0.314134 0.208438 -0.057771
v 0.309440 0.233855 0.065388
v 0.317200 0.230781 0.055167
v 0.313185 0.223328 -0.068881
v 0.314689 0.199648 0.031559
v 0.321960 0.204907 -0.021993
v 0.320854 0.201421 0.004063
v 0.324848 0.217298 0.022208
v 0.326213 0.257318 0.057266
v 0.325075 0.220517 -0.040470
v 0.330434 0.248670 0.042848
v 0.330474 0.247331 -0.054404
v 0.330054 0.261102 -0.063880
v 0.334107 0.238603 -0.028021
v 0.332605 0.238882 0.024841
v 0.335510 0.237182 -0.005487
v 0.341463 0.270493 -0.040568
v 0.327264 0.275033 0.062841
v 0.340415 0.282323 0.043332
v 0.337708 0.303942 0.059438
v 0.341118 0.265857 0.026716
v 0.337255 0.286830 -0.063183
v 0.343560 0.263077 -0.003515
v 0.336851 0.305339 -0.068787
v 0.345884 0.306779 -0.053199
v 0.344825 0.328197 -0.063871
v 0.348472 0.302528 0.033370
v 0.347564 0.281443 0.013623
v 0.347445 0.333257 0.051717
v 0.349787 0.286878 -0.013645
v 0.353089 0.309065 -0.023701
v 0.356138 0.338045 0.026090
v 0.354661 0.339321 -0.041232
v 0.354409 0.313059 0.010327
v 0.349277 0.351103 -0.061538
v 0.355918 0.360790 0.038667
v 0.358935 0.338086 -0.010978
v -0.020794 0.533233 0.036636
v -0.010442 0.519491 0.036465
v -0.003242 0.534140 0.027759
v -0.014673 0.546543 0.031540
v 0.001854 0.549449 0.027807
v -0.012941 0.564817 0.043019
v 0.004360 0.564154 0.037510
v -0.001383 0.575840 0.055421
v 0.009564 0.523882 0.033226
v 0.007214 0.579004 0.074547
v -0.005545 0.579042 0.069987
v 0.017124 0.569673 0.053414
v 0.010819 0.534384 0.029166
v 0.016233 0.551282 0.033973
v 0.019743 0.574517 0.076277
v 0.025940 0.536254 0.041186
v 0.029402 0.563913 0.066766
v 0.030627 0.552243 0.050500
v 0.030920 0.565484 0.077893
v -0.036607 0.531912 0.064418
v -0.038846 0.547581 0.077851
v -0.037311 0.529627 0.076833
v -0.036198 0.547717 0.064049
v -0.031767 0.516457 0.073327
v -0.033754 0.558867 0.068567
v -0.029866 0.565934 0.077530
v -0.030109 0.519217 0.059413
v -0.031313 0.531645 0.050077
v -0.033641 0.502516 0.078957
v -0.026614 0.561465 0.053038
v -0.019411 0.572793 0.066167
v -0.027535 0.549915 0.044440
v -0.024333 0.523414 0.044732
v -0.020794 0.533233 0.036636
v -0.015567 0.508325 0.055175
v -0.012941 0.564817 0.043019
v -0.014673 0.546543 0.031540
v -0.018240 0.501858 0.078570
v -0.012230 0.578842 0.077684
v -0.010442 0.519491 0.036465
v -0.005545 0.579042 0.069987
v -0.001383 0.575840 0.055421
v 0.007214 0.579004 0.074547
v -0.018240 0.501858 0.078570
v -0.004965 0.496620 0.078227
v -0.015567 0.508325 0.055175
v -0.010442 0.519491 0.036465
v -0.000701 0.507553 0.047009
v 0.003129 0.498742 0.067467
v 0.009829 0.499541 0.074371
v 0.009564 0.523882 0.033226
v 0.011597 0.509156 0.048831
v -0.003481 0.488035 0.079165
v 0.022240 0.506008 0.077319
v 0.023945 0.509258 0.064464
v 0.025680 0.520853 0.049077
v 0.025940 0.536254 0.041186
v 0.010819 0.534384 0.029166
v 0.032787 0.517884 0.069599
v 0.036067 0.522632 0.078033
v 0.037076 0.536503 0.062912
v 0.030627 0.552243 0.050500
v 0.030920 0.565484 0.077893
v 0.029402 0.563913 0.066766
v 0.038882 0.548697 0.078250
v 0.038629 0.546591 0.070347
vn -0.8220 -0.0306 0.5686
vn -0.4636 0.0095 0.8860
vn -0.9006 0.0303 0.4336
vn -0.8648 0.0582 0.4988
vn -0.2774 0.0223 0.9605
vn -0.3815 0.0935 0.9196
vn -0.6609 -0.0514 0.7487
vn -0.0886 0.0045 0.9961
vn 0.0661 -0.0886 0.9939
vn 0.2877 0.0001 0.9577
vn 0.2512 0.0076 0.9679
vn -0.6949 -0.1205 0.7089
vn -0.8999 -0.1581 0.4065
vn -0.0273 0.0188 0.9994
vn 0.0041 0.1128 0.9936
vn -0.8213 0.1440 0.5520
vn 0.0656 0.0066 0.9978
vn 0.3250 0.0177 0.9456
vn -0.8363 -0.2132 0.5051
vn -0.0273 0.0188 0.9995
vn -0.5223 0.1102 0.8456
vn 0.1534 0.1983 0.9681
vn 0.4162 0.0521 0.9078
vn 0.2513 0.0076 0.9679
vn 0.2704 -0.1039 0.9571
vn -0.6400 -0.2068 0.7400
vn 0.2286 -0.0359 0.9729
vn 0.0069 -0.0850 0.9964
vn 0.3510 -0.1129 0.9296
vn -0.7543 0.2406 0.6108
vn 0.1650 -0.0513 0.9850
vn -0.0006 0.0572 0.9984
vn 0.3249 0.0176 0.9456
vn 0.1438 0.0866 0.9858
vn 0.2111 -0.0513 0.9761
vn 0.3070 0.0951 0.9469
vn 0.2356 -0.0814 0.9684
vn 0.0243 -0.2662 0.9636
vn 0.1566 -0.0223 0.9874
vn -0.1133 0.2638 0.9579
vn 0.2285 -0.0358 0.9729
vn 0.3579 0.0075 0.9337
vn -0.0238 -0.0488 0.9985
vn 0.1010 0.0151 0.9948
vn -0.6084 -0.2755 0.7443
vn -0.1388 -0.1365 0.9809
vn -0.7638 0.2687 0.5868
vn 0.1222 -0.2539 0.9595
vn -0.1242 0.1536 0.9803
vn 0.4771 0.1455 0.8667
vn 0.1011 -0.1123 0.9885
vn 0.0807 -0.0969 0.9920
vn 0.3335 0.1570 0.9296
vn 0.0806 -0.0968 0.9920
vn 0.1344 0.0765 0.9880
vn 0.0860 0.1537 0.9844
vn 0.1341 0.2659 0.9546
vn 0.0820 -0.2676 0.9600
vn -0.0834 -0.3457 0.9346
vn -0.0383 0.0151 0.9992
vn 0.0625 0.1726 0.9830
vn -0.2578 0.4137 0.8731
vn 0.3085 -0.4501 0.8380
vn -0.1313 0.2331 0.9636
vn -0.8488 0.3300 0.4132
vn -0.7751 -0.3828 0.5027
vn -0.0402 -0.0111 0.9991
vn -0.8225 0.3641 0.4370
vn 0.2843 -0.0870 0.9548
vn 0.0039 0.1120 0.9937
vn -0.1407 0.2566 0.9562
vn 0.2399 0.1968 0.9506
vn 0.0027 0.0280 0.9996
vn 0.3206 -0.1215 0.9394
vn -0.0906 -0.0001 0.9959
vn 0.1704 -0.1787 0.9690
vn 0.0026 0.0279 0.9996
vn 0.0953 0.0339 0.9949
vn -0.0656 0.0651 0.9957
vn -0.7559 -0.4189 0.5031
vn 0.0818 -0.0338 0.9961
vn 0.1051 0.1262 0.9864
vn -0.1138 0.1466 0.9826
vn -0.1362 0.2483 0.9591
vn -0.0579 -0.1966 0.9788
vn 0.0164 0.0988 0.9950
vn -0.5645 -0.3634 0.7412
vn 0.2153 -0.3506 0.9114
vn 0.1005 0.3416 0.9345
vn -0.4269 0.1985 0.8823
vn 0.4098 -0.1938 0.8914
vn 0.0187 0.0103 0.9998
vn 0.0560 0.0122 0.9984
vn -0.0001 0.0100 1.0000
vn 0.0764 0.1856 0.9796
vn 0.2097 -0.1124 0.9713
vn 0.1358 -0.1471 0.9797
vn -0.0046 0.1425 0.9898
vn -0.0038 -0.0600 0.9982
vn 0.2108 -0.2402 0.9476
vn -0.0362 -0.1253 0.9915
vn 0.1492 0.3343 0.9306
vn -0.0238 -0.0420 0.9988
vn -0.1202 -0.0944 0.9882
vn -0.1220 -0.0652 0.9904
vn 0.3532 -0.1973 0.9145
vn -0.2148 0.3069 0.9272
vn 0.0147 0.0089 0.9999
vn 0.0264 -0.0662 0.9975
vn 0.0727 0.0150 0.9972
vn 0.1181 -0.1138 0.9865
vn 0.2313 -0.0407 0.9720
vn 0.0186 0.0104 0.9998
vn -0.4262 0.2534 0.8684
vn -0.8223 0.4483 0.3504
vn -0.6876 -0.5307 0.4955
vn 0.2083 -0.4371 0.8750
vn 0.2156 0.0462 0.9754
vn 0.0690 0.0479 0.9965
vn 0.5319 -0.2947 0.7938
vn -0.0259 -0.3266 0.9448
vn 0.2606 0.1819 0.9481
vn 0.0425 -0.1002 0.9941
vn -0.0014 0.0320 0.9995
vn -0.0800 0.0178 0.9966
vn 0.0491 0.0727 0.9961
vn -0.0519 0.0377 0.9979
vn 0.0431 0.1807 0.9826
vn 0.0710 0.0486 0.9963
vn 0.0701 0.0837 0.9940
vn 0.1439 0.0042 0.9896
vn -0.0436 0.2444 0.9687
vn -0.0024 -0.1127 0.9936
vn -0.0926 -0.0055 0.9957
vn 0.0251 0.1716 0.9848
vn -0.3183 -0.2575 0.9124
vn 0.4047 -0.2419 0.8819
vn 0.0018 -0.0069 1.0000
vn -0.1100 0.0650 0.9918
vn -0.4913 0.3217 0.8094
vn 0.2660 -0.2766 0.9235
vn -0.0122 -0.1780 0.9840
vn 0.0417 -0.0660 0.9970
vn 0.1481 0.0489 0.9878
vn -0.0927 -0.0975 0.9909
vn 0.0572 0.1346 0.9892
vn -0.0135 0.1564 0.9876
vn 0.0947 -0.2914 0.9519
vn -0.0720 0.1240 0.9897
vn 0.2660 0.0961 0.9592
vn -0.1550 0.3294 0.9314
vn 0.1171 -0.1272 0.9849
vn 0.1272 0.1591 0.9790
vn -0.0678 -0.3179 0.9457
vn -0.0020 0.3796 0.9252
vn -0.0563 0.0688 0.9960
vn -0.0229 -0.0371 0.9990
vn 0.0752 -0.1778 0.9812
vn 0.2642 -0.1512 0.9525
vn 0.1871 0.1124 0.9759
vn -0.0425 0.0128 0.9990
vn -0.0010 0.0035 1.0000
vn 0.0717 0.2966 0.9523
vn 0.0886 -0.3618 0.9280
vn -0.1612 0.2718 0.9488
vn -0.5406 -0.5286 0.6544
vn 0.1892 -0.1207 0.9745
vn -0.0241 0.2951 0.9551
vn 0.1439 0.0043 0.9896
vn 0.0260 -0.0807 0.9964
vn -0.0748 0.1491 0.9860
vn -0.0380 -0.0988 0.9944
vn -0.0861 0.2869 0.9541
vn -0.0168 -0.1925 0.9811
vn 0.0477 0.0783 0.9958
vn -0.0563 0.0911 0.9942
vn 0.1118 0.3584 0.9269
vn -0.6844 0.5422 0.4874
vn 0.0181 0.1250 0.9920
vn 0.1189 0.0762 0.9900
vn -0.0064 0.0326 0.9994
vn 0.0222 -0.3272 0.9447
vn 0.1529 0.1858 0.9706
vn 0.0595 -0.1138 0.9917
vn -0.0600 -0.1463 0.9874
vn 0.0014 0.0390 0.9992
vn -0.0277 -0.1239 0.9919
vn 0.1556 -0.3662 0.9174
vn -0.0052 -0.3752 0.9269
vn -0.0401 0.2027 0.9784
vn -0.0224 -0.0045 0.9997
vn -0.0386 0.1953 0.9800
vn 0.0540 -0.1236 0.9909
vn 0.3094 -0.2742 0.9106
vn 0.0248 -0.0759 0.9968
vn -0.0063 0.0520 0.9986
vn -0.2383 0.2009 0.9502
vn -0.0129 -0.0724 0.9973
vn 0.1121 -0.5327 0.8389
vn 0.0469 0.3546 0.9338
vn 0.0589 -0.4398 0.8962
vn 0.1802 0.2696 0.9460
vn 0.0027 0.0962 0.9954
vn 0.0891 0.0628 0.9940
vn 0.0179 -0.2300 0.9730
vn 0.0093 -0.1997 0.9798
vn -0.0426 -0.0360 0.9984
vn -0.1160 0.1973 0.9735
vn 0.0524 -0.2218 0.9737
vn 0.0551 -0.0720 0.9959
vn -0.0699 0.2196 0.9731
vn -0.0096 -0.0587 0.9982
vn -0.0127 -0.0049 0.9999
vn -0.0226 0.3425 0.9393
vn -0.0699 0.2195 0.9731
vn -0.1185 0.3816 0.9167
vn 0.0575 -0.2088 0.9763
vn 0.1413 -0.0336 0.9894
vn -0.0129 -0.1136 0.9934
vn 0.0926 -0.3563 0.9298
vn 0.0560 0.0865 0.9947
vn -0.0894 -0.1720 0.9810
vn -0.0333 -0.0874 0.9956
vn 0.0644 -0.3467 0.9357
vn -0.0592 -0.2026 0.9775
vn -0.0047 -0.0494 0.9988
vn -0.0588 0.2685 0.9615
vn -0.4505 -0.6077 0.6540
vn 0.0236 0.0605 0.9979
vn 0.1124 -0.3375 0.9346
vn 0.0139 -0.0158 0.9998
vn 0.0760 -0.0829 0.9937
vn 0.0210 -0.0314 0.9993
vn 0.1050 0.0222 0.9942
vn 0.0166 0.3407 0.9400
vn 0.0008 -0.0453 0.9990
vn 0.3634 -0.3769 0.8520
vn -0.0392 0.1996 0.9791
vn -0.0733 0.1058 0.9917
vn 0.0115 -0.1514 0.9884
vn 0.1657 0.1754 0.9704
vn -0.0058 0.2413 0.9704
vn 0.0686 0.1707 0.9829
vn 0.1229 -0.0683 0.9901
vn 0.0664 -0.2930 0.9538
vn -0.0057 0.1942 0.9809
vn -0.0366 -0.4528 0.8909
vn 0.0927 0.0240 0.9954
vn -0.0307 0.1399 0.9897
vn -0.0056 0.0855 0.9963
vn -0.1367 0.4853 0.8636
vn 0.0432 -0.0143 0.9990
vn 0.0025 -0.0051 1.0000
vn -0.6559 0.6494 0.3848
vn -0.4603 0.4893 0.7408
vn 0.0628 0.2557 0.9647
vn -0.0674 -0.0765 0.9948
vn 0.2020 0.3167 0.9268
vn -0.0157 -0.1032 0.9945
vn -0.0293 -0.3467 0.9375
vn -0.1480 0.2992 0.9427
vn 0.0157 -0.1413 0.9898
vn 0.1948 -0.2003 0.9602
vn 0.0753 -0.2270 0.9710
vn -0.0424 0.2373 0.9705
vn -0.0310 0.2588 0.9654
vn 0.0750 -0.2629 0.9619
vn -0.0111 -0.1813 0.9834
vn 0.1271 -0.3181 0.9395
vn -0.1492 -0.2701 0.9512
vn -0.0395 0.3191 0.9469
vn 0.0287 -0.0357 0.9990
vn 0.0063 0.1128 0.9936
vn -0.3308 -0.7795 0.5319
vn 0.0402 -0.0581 0.9975
vn -0.0354 0.0118 0.9993
vn 0.0415 0.0526 0.9978
vn -0.0121 -0.1364 0.9906
vn -0.0057 0.1229 0.9924
vn -0.0240 -0.0290 0.9993
vn -0.0581 -0.1770 0.9825
vn -0.0124 -0.1397 0.9901
vn 0.0540 -0.2919 0.9549
vn -0.0335 0.1890 0.9814
vn -0.0705 0.0752 0.9947
vn -0.0191 -0.1874 0.9821
vn 0.1547 0.3439 0.9262
vn -0.0335 0.1892 0.9814
vn 0.0294 -0.1582 0.9870
vn -0.0027 0.0953 0.9954
vn -0.0449 -0.1013 0.9938
vn 0.0388 -0.4639 0.8850
vn 0.0435 0.0461 0.9980
vn 0.1262 0.3378 0.9327
vn 0.0131 -0.1563 0.9876
vn -0.0004 -0.0653 0.9979
vn 0.0025 -0.2337 0.9723
vn 0.0102 0.2409 0.9705
vn 0.0090 0.3016 0.9534
vn -0.0140 0.2858 0.9582
vn 0.0973 -0.2591 0.9609
vn -0.0282 -0.2148 0.9762
vn -0.0194 0.2433 0.9698
vn -0.0558 -0.1834 0.9815
vn -0.0247 0.1300 0.9912
vn 0.0286 -0.2625 0.9645
vn 0.1138 -0.1266 0.9854
vn -0.0279 -0.0695 0.9972
vn -0.0221 0.1845 0.9826
vn 0.0663 -0.3720 0.9259
vn 0.0683 -0.4712 0.8794
vn -0.1106 -0.2924 0.9499
vn -0.1441 0.3848 0.9117
vn 0.1208 -0.4646 0.8773
vn -0.0191 0.2265 0.9738
vn 0.0012 0.3494 0.9370
vn -0.0080 0.0195 0.9998
vn 0.1180 -0.1716 0.9781
vn 0.0429 -0.2107 0.9766
vn 0.0973 0.2298 0.9684
vn -0.0005 -0.0262 0.9997
vn 0.0189 -0.0135 0.9997
vn -0.5598 0.6600 0.5010
vn 0.0328 -0.2062 0.9780
vn -0.0307 0.1707 0.9848
vn -0.0265 0.0494 0.9984
vn -0.0895 -0.0758 0.9931
vn -0.0050 0.0124 0.9999
vn 0.0036 0.2056 0.9786
vn -0.0385 -0.1382 0.9897
vn -0.0039 0.3731 0.9278
vn -0.0115 0.1462 0.9892
vn -0.0208 0.2863 0.9579
vn 0.1408 0.2820 0.9490
vn 0.0077 0.0951 0.9954
vn -0.2317 -0.8524 0.4687
vn 0.0709 -0.0743 0.9947
vn -0.0091 -0.0318 0.9995
vn -0.0967 -0.0195 0.9951
vn -0.0065 -0.1878 0.9822
vn 0.0546 0.2160 0.9749
vn -0.0164 -0.0965 0.9952
vn 0.0213 -0.0329 0.9992
vn 0.0153 -0.0480 0.9987
vn 0.0112 -0.0805 0.9967
vn 0.0084 0.2584 0.9660
vn 0.1152 -0.4615 0.8796
vn -0.0399 0.0508 0.9979
vn -0.0027 -0.0184 0.9998
vn -0.0253 -0.1092 0.9937
vn -0.0704 -0.4393 0.8956
vn -0.0180 -0.0179 0.9997
vn -0.0182 -0.0029 0.9998
vn 0.0367 0.2772 0.9601
vn -0.0054 0.0360 0.9993
vn -0.0445 -0.3756 0.9257
vn -0.3171 0.5046 0.8030
vn 0.0713 -0.1466 0.9866
vn -0.0764 0.3207 0.9441
vn 0.0484 -0.4774 0.8773
vn -0.0219 0.0489 0.9986
vn 0.0389 -0.0554 0.9977
vn 0.0086 0.2936 0.9559
vn 0.0050 -0.1016 0.9948
vn 0.0236 -0.4447 0.8954
vn 0.0263 -0.4252 0.9047
vn -0.0499 0.0715 0.9962
vn -0.0003 0.0232 0.9997
vn -0.0167 0.3738 0.9274
vn 0.0198 -0.0474 0.9987
vn 0.0007 -0.0140 0.9999
vn -0.0158 -0.0601 0.9981
vn -0.0116 0.2409 0.9705
vn 0.1703 -0.1602 0.9723
vn -0.0153 0.2008 0.9795
vn -0.0127 0.4015 0.9158
vn -0.0059 0.3471 0.9378
vn -0.1956 0.1166 0.9737
vn 0.0205 -0.2367 0.9714
vn 0.0305 -0.2021 0.9789
vn -0.0195 -0.2020 0.9792
vn -0.1150 -0.1964 0.9738
vn 0.0288 -0.2648 0.9639
vn -0.0412 -0.2727 0.9612
vn -0.2584 0.0008 0.9660
vn 0.0596 -0.2800 0.9582
vn -0.0388 0.0729 0.9966
vn 0.0060 0.1305 0.9914
vn 0.0332 -0.0924 0.9952
vn -0.0121 -0.2883 0.9575
vn -0.0250 -0.0218 0.9994
vn -0.0588 -0.0812 0.9950
vn -0.0610 0.2069 0.9765
vn 0.0279 -0.1156 0.9929
vn 0.0778 -0.0965 0.9923
vn 0.0151 -0.0412 0.9990
vn -0.0448 -0.1097 0.9930
vn -0.0162 -0.0986 0.9950
vn -0.0157 -0.1382 0.9903
vn 0.0549 -0.1460 0.9878
vn -0.0310 0.0272 0.9991
vn -0.0254 0.3695 0.9289
vn 0.0400 -0.0668 0.9970
vn 0.0851 0.1822 0.9796
vn 0.0379 0.1795 0.9830
vn -0.0525 -0.8676 0.4944
vn 0.0169 0.0444 0.9989
vn -0.0145 0.3737 0.9274
vn 0.0497 0.0164 0.9986
vn 0.0516 -0.3741 0.9260
vn 0.0382 0.4116 0.9106
vn 0.0044 -0.3657 0.9307
vn -0.0085 0.2061 0.9785
vn -0.2968 0.6891 0.6611
vn 0.1382 -0.1010 0.9852
vn -0.0110 0.3276 0.9448
vn 0.0413 -0.2441 0.9689
vn 0.0768 0.0672 0.9948
vn -0.0278 -0.2052 0.9783
vn 0.0464 -0.2201 0.9744
vn -0.3992 -0.1696 0.9010
vn -0.0847 0.3034 0.9491
vn -0.0024 0.2095 0.9778
vn -0.5228 0.1741 0.8345
vn 0.0806 0.1643 0.9831
vn -0.1495 -0.0556 0.9872
vn 0.0950 0.1046 0.9900
vn 0.2500 0.0050 0.9682
vn 0.0320 -0.1052 0.9939
vn -0.0303 -0.3178 0.9477
vn -0.0817 0.2056 0.9752
vn 0.0602 0.0089 0.9981
vn -0.7080 -0.0258 0.7058
vn 0.2138 -0.5228 0.8252
vn 0.1322 -0.0231 0.9910
vn -0.2551 0.0443 0.9659
vn 0.4852 0.0475 0.8731
vn -0.0391 0.1703 0.9846
vn 0.0189 0.1806 0.9834
vn 0.3190 0.0549 0.9462
vn 0.2198 -0.4831 0.8475
vn 0.0822 -0.0957 0.9920
vn -0.2110 0.1616 0.9640
vn 0.3241 -0.1331 0.9366
vn 0.4221 -0.0490 0.9052
vn 0.0603 0.1067 0.9925
vn 0.2602 0.0323 0.9650
vn 0.0137 -0.2386 0.9710
vn 0.2251 -0.0568 0.9727
vn -0.0021 0.2055 0.9786
vn -0.1451 0.0801 0.9862
vn 0.2579 0.0464 0.9651
vn -0.5442 -0.3346 0.7694
vn 0.0786 -0.1954 0.9776
vn 0.0785 -0.2218 0.9719
vn 0.0412 -0.2530 0.9666
vn 0.0172 -0.0424 0.9990
vn -0.1452 0.0800 0.9862
vn 0.6839 0.1075 0.7216
vn 0.7468 -0.0030 0.6650
vn 0.5819 0.0865 0.8086
vn -0.0359 -0.1030 0.9940
vn 0.7935 -0.0982 0.6006
vn -0.0306 -0.1118 0.9933
vn 0.0330 0.2489 0.9680
vn 0.0713 -0.0132 0.9974
vn 0.0577 0.3326 0.9413
vn -0.0038 -0.0512 0.9987
vn 0.0235 -0.2222 0.9747
vn 0.6211 -0.0607 0.7814
vn 0.5927 -0.1015 0.7990
vn -0.0210 0.1047 0.9943
vn -0.0626 0.1644 0.9844
vn 0.7643 -0.1209 0.6334
vn -0.5159 -0.4821 0.7081
vn -0.7803 -0.3173 0.5389
vn -0.5442 -0.3346 0.7693
vn -0.6604 0.0269 0.7504
vn -0.3746 -0.1756 0.9104
vn -0.0941 0.0154 0.9954
vn -0.0049 -0.1312 0.9913
vn 0.0469 -0.1454 0.9883
vn -0.4409 0.2076 0.8732
vn 0.5800 -0.1251 0.8049
vn 0.9151 0.0670 0.3975
vn 0.4010 -0.8308 0.3858
vn 0.0033 -0.3400 0.9404
vn -0.0419 0.0696 0.9967
vn 0.0142 0.2597 0.9656
vn -0.0278 0.1629 0.9863
vn -0.2854 0.4302 0.8564
vn 0.1396 -0.2739 0.9516
vn 0.1796 -0.5057 0.8438
vn -0.0567 0.0632 0.9964
vn 0.1117 0.0171 0.9936
vn 0.0091 -0.0818 0.9966
vn 0.0562 0.0051 0.9984
vn -0.2817 -0.2967 0.9125
vn -0.1471 0.6538 0.7422
vn 0.0355 0.0643 0.9973
vn -0.0124 0.0651 0.9978
vn 0.0806 -0.0994 0.9918
vn -0.3592 0.4836 0.7982
vn -0.4277 -0.7153 0.5527
vn 0.1420 -0.0974 0.9851
vn 0.0300 0.0328 0.9990
vn -0.0442 0.0191 0.9988
vn 0.1436 0.0709 0.9871
vn 0.3870 -0.0776 0.9188
vn -0.0185 -0.2719 0.9621
vn 0.4357 -0.1911 0.8796
vn 0.7965 0.1649 0.5817
vn 0.9024 -0.1422 0.4067
vn 0.0956 0.1112 0.9892
vn 0.3127 -0.0869 0.9459
vn 0.4429 -0.3877 0.8084
vn 0.0643 -0.0684 0.9956
vn 0.0066 -0.0205 0.9998
vn 0.1674 0.1432 0.9754
vn -0.0251 0.0071 0.9997
vn -0.1084 -0.3814 0.9180
vn 0.2364 -0.0652 0.9695
vn 0.7298 -0.1879 0.6573
vn 0.6449 -0.1549 0.7484
vn -0.0721 0.0945 0.9929
vn 0.0667 -0.2579 0.9639
vn 0.0735 -0.0070 0.9973
vn 0.3931 0.6512 0.6492
vn 0.7067 0.5747 0.4126
vn 0.0925 -0.1088 0.9897
vn -0.2431 -0.4895 0.8374
vn 0.1844 -0.3816 0.9057
vn -0.0659 0.4770 0.8764
vn 0.1400 -0.2845 0.9484
vn -0.1242 0.6605 0.7405
vn -0.0001 -0.0158 0.9999
vn -0.1649 -0.6086 0.7761
vn 0.0821 0.0080 0.9966
vn -0.0299 0.0138 0.9995
vn 0.1349 0.0022 0.9909
vn 0.0231 -0.0023 0.9997
vn 0.2227 -0.4012 0.8885
vn 0.6847 -0.2504 0.6845
vn -0.0636 0.7216 0.6894
vn 0.7913 -0.2311 0.5661
vn 0.4570 -0.3726 0.8077
vn 0.7137 -0.2077 0.6690
vn -0.0107 -0.4970 0.8677
vn 0.0379 0.0787 0.9962
vn 0.0294 -0.0384 0.9988
vn 0.0171 -0.2615 0.9650
vn 0.6055 -0.2326 0.7611
vn 0.0302 -0.2970 0.9544
vn 0.4713 -0.3234 0.8205
vn 0.2345 0.8337 0.5000
vn 0.0014 -0.0256 0.9997
vn -0.0036 0.0134 0.9999
vn 0.0251 -0.0609 0.9978
vn -0.0194 0.1048 0.9943
vn -0.1798 -0.3026 0.9360
vn 0.7489 -0.5501 0.3694
vn -0.1932 -0.8549 0.4815
vn -0.2570 -0.3925 0.8831
vn -0.4264 -0.3845 0.8187
vn -0.1646 -0.7248 0.6690
vn 0.0971 0.5775 0.8106
vn 0.0288 0.0918 0.9954
vn -0.2125 0.0675 0.9748
vn -0.0773 -0.3243 0.9428
vn -0.0642 0.1102 0.9918
vn -0.1080 -0.0541 0.9927
vn -0.1395 0.0107 0.9902
vn -0.2125 -0.0166 0.9770
vn -0.3569 0.8569 0.3719
vn 0.2175 -0.6294 0.7461
vn -0.4794 -0.3002 0.8246
vn -0.0921 -0.2688 0.9588
vn 0.1144 0.1230 0.9858
vn 0.0620 0.9388 0.3389
vn -0.2571 -0.3924 0.8831
vn -0.1799 -0.3027 0.9360
vn -0.7136 -0.2376 0.6590
vn -0.4265 -0.3844 0.8187
vn -0.7153 -0.2119 0.6659
vn -0.0522 -0.0369 0.9980
vn -0.6904 -0.2136 0.6912
vn -0.8424 -0.4804 0.2440
vn 0.0806 0.0786 0.9936
vn -0.0134 -0.1814 0.9833
vn 0.0991 0.2965 0.9499
vn -0.1640 -0.2362 0.9578
vn -0.4795 -0.3002 0.8246
vn 0.2671 0.8001 0.5372
vn -0.0267 0.1131 0.9932
vn 0.0288 0.0005 0.9996
vn -0.0876 -0.1679 0.9819
vn 0.0645 0.6290 0.7747
vn -0.5006 -0.7376 0.4531
vn 0.0037 -0.2142 0.9768
vn -0.7260 -0.1849 0.6623
vn -0.7422 -0.1959 0.6410
vn -0.7749 -0.1815 0.6055
vn 0.0517 -0.0238 0.9984
vn -0.7948 -0.2465 0.5546
vn -0.1750 -0.1099 0.9784
vn -0.0158 0.1098 0.9938
vn 0.0621 0.3352 0.9401
vn 0.0971 0.0213 0.9950
vn -0.0814 0.1238 0.9890
vn 0.1183 -0.0998 0.9879
vn 0.0526 -0.0337 0.9980
vn -0.4659 0.5691 0.6776
vn -0.0091 -0.1266 0.9919
vn -0.0553 0.0705 0.9960
vn -0.0921 -0.2687 0.9588
vn -0.4239 0.0279 0.9053
vn -0.7824 -0.1823 0.5954
vn 0.2987 0.4916 0.8180
vn -0.1378 0.2669 0.9538
vn 0.1947 -0.3590 0.9128
vn -0.0874 -0.0642 0.9941
vn 0.0432 -0.2022 0.9784
vn -0.0117 -0.1991 0.9799
vn 0.2165 0.9271 0.3059
vn -0.0600 -0.0361 0.9975
vn 0.3387 -0.5014 0.7961
vn -0.1164 0.0548 0.9917
vn 0.4447 0.6172 0.6491
vn -0.1978 -0.5760 0.7931
vn -0.0503 -0.1508 0.9873
vn -0.1438 -0.2246 0.9638
vn 0.0236 0.3180 0.9478
vn -0.0164 0.2116 0.9772
vn 0.0202 0.1844 0.9826
vn -0.0087 0.1056 0.9944
vn 0.1224 0.1199 0.9852
vn -0.4608 -0.3183 0.8285
vn 0.0173 0.1131 0.9934
vn -0.5215 -0.2157 0.8255
vn -0.2047 -0.0627 0.9768
vn -0.5886 0.1821 0.7876
vn 0.1096 0.0365 0.9933
vn -0.0734 -0.1962 0.9778
vn -0.0956 0.3198 0.9426
vn -0.0538 -0.4580 0.8873
vn 0.0039 -0.2025 0.9793
vn -0.0118 0.0139 0.9998
vn -0.0911 -0.0832 0.9924
vn -0.3678 -0.0467 0.9287
vn 0.0105 0.0406 0.9991
vn -0.6155 -0.1141 0.7799
vn 0.0144 -0.3594 0.9331
vn 0.2515 0.7498 0.6120
vn -0.0818 -0.2810 0.9562
vn -0.0752 -0.1670 0.9831
vn -0.6517 -0.0837 0.7538
vn -0.0148 0.1882 0.9820
vn -0.0743 -0.1261 0.9892
vn 0.4305 -0.3901 0.8139
vn -0.0059 -0.2713 0.9625
vn -0.0663 -0.2375 0.9691
vn 0.0053 0.3323 0.9432
vn -0.0323 -0.0774 0.9965
vn -0.0888 -0.2676 0.9594
vn 0.1034 0.1234 0.9870
vn 0.5119 0.6362 0.5773
vn 0.2369 0.2260 0.9449
vn 0.1243 -0.0009 0.9922
vn -0.0749 0.2017 0.9766
vn 0.4475 0.2509 0.8584
vn 0.5468 -0.6010 0.5829
vn -0.0063 -0.2377 0.9713
vn 0.4440 -0.1490 0.8836
vn -0.0472 0.2167 0.9751
vn -0.0569 -0.4017 0.9140
vn -0.0188 -0.2719 0.9621
vn -0.8064 -0.1523 0.5714
vn -0.5423 -0.0250 0.8398
vn -0.0135 0.4254 0.9049
vn -0.0039 0.3467 0.9380
vn -0.4085 -0.1490 0.9005
vn -0.1610 -0.1206 0.9796
vn -0.0380 0.1205 0.9920
vn -0.1177 -0.0514 0.9917
vn 0.0926 -0.0892 0.9917
vn -0.0542 -0.2805 0.9583
vn -0.0551 -0.0219 0.9982
vn -0.4758 0.0955 0.8744
vn -0.9378 0.0830 0.3371
vn -0.9572 0.0518 0.2848
vn -0.0146 -0.1246 0.9921
vn -0.0194 -0.1579 0.9873
vn -0.8263 -0.0753 0.5582
vn -0.0221 -0.3283 0.9443
vn -0.7226 -0.1225 0.6804
vn 0.6239 0.0879 0.7765
vn 0.0045 -0.1610 0.9869
vn -0.0112 -0.0093 0.9999
vn -0.2184 -0.8855 0.4100
vn -0.3187 -0.1762 0.9313
vn -0.0170 -0.2217 0.9750
vn -0.7513 0.1062 0.6513
vn 0.5827 0.2866 0.7605
vn -0.1858 0.0365 0.9819
vn -0.3406 -0.1531 0.9276
vn -0.8223 -0.1485 0.5493
vn -0.4920 -0.0145 0.8705
vn 0.0002 -0.0629 0.9980
vn -0.0163 0.1391 0.9901
vn -0.8145 -0.1133 0.5690
vn 0.3233 0.6927 0.6447
vn -0.0448 0.2711 0.9615
vn 0.0254 0.2923 0.9560
vn -0.0458 -0.1483 0.9879
vn -0.0560 0.3264 0.9436
vn -0.2286 0.0474 0.9724
vn -0.0065 0.3279 0.9447
vn 0.0064 -0.2381 0.9712
vn -0.0222 -0.1532 0.9879
vn -0.7862 0.0022 0.6179
vn -0.4412 0.0128 0.8973
vn -0.8192 -0.0716 0.5690
vn -0.0226 0.1092 0.9938
vn 0.0188 0.0463 0.9988
vn 0.0297 -0.0205 0.9993
vn -0.0197 -0.0160 0.9997
vn -0.4856 -0.0893 0.8696
vn -0.4281 0.0829 0.8999
vn -0.7596 0.0679 0.6468
vn -0.0065 0.0103 0.9999
vn 0.0278 -0.6533 0.7566
vn -0.1206 -0.5186 0.8465
vn 0.2678 -0.0756 0.9605
vn 0.7383 -0.2847 0.6115
vn 0.5436 -0.3444 0.7655
vn -0.5277 0.0919 0.8444
vn -0.0257 -0.1328 0.9908
vn -0.0374 0.0205 0.9991
vn -0.3069 0.0735 0.9489
vn -0.0538 -0.1289 0.9902
vn -0.0352 0.3072 0.9510
vn -0.0396 -0.0869 0.9954
vn -0.0713 0.0010 0.9975
vn -0.0027 0.0115 0.9999
vn -0.0966 -0.3299 0.9390
vn -0.0106 -0.2417 0.9703
vn 0.7103 0.1121 0.6950
vn 0.1335 -0.0408 0.9902
vn -0.0186 -0.0904 0.9957
vn -0.2528 -0.0645 0.9654
vn 0.0403 0.2878 0.9569
vn -0.0033 -0.1798 0.9837
vn -0.0162 0.1558 0.9877
vn 0.0284 0.0800 0.9964
vn 0.0238 0.0659 0.9975
vn 0.0056 0.3232 0.9463
vn -0.0114 0.0537 0.9985
vn 0.0045 0.3522 0.9359
vn -0.0224 0.0601 0.9979
vn 0.0235 -0.0528 0.9983
vn -0.0366 0.0541 0.9979
vn 0.0120 0.1466 0.9891
vn 0.0057 0.0915 0.9958
vn 0.0102 0.4605 0.8876
vn 0.0759 0.1509 0.9856
vn -0.0217 -0.3336 0.9424
vn 0.0040 -0.0989 0.9951
vn 0.0390 -0.1935 0.9803
vn 0.0336 -0.1034 0.9941
vn 0.0005 0.2394 0.9709
vn -0.0428 0.2516 0.9669
vn 0.0646 0.0795 0.9947
vn 0.0560 0.1551 0.9863
vn -0.0119 -0.3265 0.9451
vn -0.0303 -0.4089 0.9121
vn 0.0281 0.4220 0.9061
vn 0.0586 0.3843 0.9214
vn 0.6355 0.0241 0.7717
vn 0.1954 0.0497 0.9795
vn -0.0289 -0.4869 0.8730
vn 0.4856 0.7516 0.4464
vn -0.0359 -0.4084 0.9121
vn 0.0213 0.3336 0.9425
vn -0.0206 0.2089 0.9777
vn -0.0061 0.1142 0.9934
vn 0.0503 0.0659 0.9966
vn -0.0157 0.2892 0.9572
vn 0.0266 0.1909 0.9812
vn -0.0806 -0.4454 0.8917
vn 0.0443 -0.1638 0.9855
vn 0.0897 0.0960 0.9913
vn 0.2428 0.0073 0.9701
vn 0.0186 -0.0847 0.9962
vn -0.0138 -0.1846 0.9827
vn 0.0866 0.0384 0.9955
vn -0.0034 -0.1010 0.9949
vn 0.0088 -0.0924 0.9957
vn 0.0294 -0.2017 0.9790
vn 0.2427 0.0072 0.9701
vn -0.0551 -0.0762 0.9956
vn 0.0191 -0.0024 0.9998
vn 0.1689 -0.6014 0.7809
vn 0.0096 -0.1433 0.9896
vn 0.0200 -0.2758 0.9610
vn -0.0568 -0.1519 0.9868
vn 0.0601 0.1327 0.9893
vn 0.0493 0.0138 0.9987
vn -0.0118 0.0967 0.9952
vn 0.0397 -0.3671 0.9293
vn 0.0229 0.0820 0.9964
vn 0.0366 0.1421 0.9892
vn -0.0097 -0.2494 0.9684
vn 0.0528 0.4055 0.9126
vn -0.0327 -0.0592 0.9977
vn 0.0897 0.0961 0.9913
vn 0.0243 0.2461 0.9689
vn 0.0065 -0.2037 0.9790
vn -0.0580 0.2566 0.9648
vn -0.0274 -0.0810 0.9963
vn -0.1287 -0.1880 0.9737
vn 0.0345 0.3497 0.9362
vn -0.0466 0.0360 0.9983
vn 0.0117 0.0327 0.9994
vn 0.0173 -0.2048 0.9786
vn 0.0185 -0.1713 0.9851
vn 0.1383 0.4094 0.9018
vn 0.0294 -0.4239 0.9052
vn 0.0132 0.1232 0.9923
vn 0.0067 0.2561 0.9666
vn 0.0698 0.1291 0.9892
vn -0.0098 -0.0585 0.9982
vn 0.0417 0.0457 0.9981
vn 0.0079 0.0910 0.9958
vn 0.0388 0.4092 0.9116
vn -0.0796 0.2497 0.9650
vn 0.0307 0.1305 0.9910
vn 0.0086 -0.1508 0.9885
vn 0.0022 0.2830 0.9591
vn 0.0076 0.0303 0.9995
vn 0.0088 -0.0716 0.9974
vn -0.0168 -0.2715 0.9623
vn 0.0127 -0.2871 0.9578
vn -0.0548 -0.2559 0.9652
vn 0.0154 0.0784 0.9968
vn -0.0496 -0.4776 0.8772
vn -0.0222 -0.0354 0.9991
vn 0.0049 -0.0468 0.9989
vn 0.3510 0.4902 0.7978
vn -0.0166 -0.1593 0.9871
vn -0.0633 -0.1722 0.9830
vn 0.0046 0.1602 0.9871
vn 0.0688 0.1769 0.9818
vn 0.0032 -0.2599 0.9656
vn 0.0069 0.3047 0.9524
vn 0.0415 -0.0529 0.9977
vn -0.0437 0.0997 0.9941
vn 0.1787 0.3065 0.9350
vn -0.0017 -0.0324 0.9995
vn 0.0330 0.1866 0.9819
vn 0.1030 0.2681 0.9579
vn 0.0319 0.0849 0.9959
vn 0.0031 -0.4368 0.8995
vn 0.0960 0.0209 0.9952
vn -0.0721 -0.0408 0.9966
vn 0.0059 0.3388 0.9409
vn 0.0408 -0.0336 0.9986
vn 0.0441 0.3740 0.9264
vn -0.0051 0.0282 0.9996
vn 0.0144 -0.2745 0.9615
vn 0.0455 0.3246 0.9447
vn 0.1141 0.0610 0.9916
vn -0.1818 -0.2364 0.9545
vn 0.0440 0.4122 0.9100
vn 0.0152 0.2752 0.9613
vn 0.0289 0.2718 0.9619
vn -0.0792 -0.4942 0.8657
vn 0.0008 -0.2487 0.9686
vn 0.0174 0.1946 0.9807
vn -0.0823 -0.1301 0.9881
vn 0.0551 -0.0603 0.9967
vn 0.0016 0.0120 0.9999
vn -0.0540 0.0845 0.9950
vn 0.0489 -0.4334 0.8999
vn -0.0461 -0.1730 0.9838
vn 0.1492 0.1619 0.9755
vn 0.0682 0.4555 0.8876
vn 0.0160 0.4036 0.9148
vn -0.1185 -0.4784 0.8701
vn -0.0166 0.2414 0.9703
vn 0.0501 0.4020 0.9143
vn -0.0121 -0.2598 0.9656
vn 0.0226 -0.0984 0.9949
vn 0.0074 -0.3635 0.9316
vn -0.0231 -0.3033 0.9526
vn 0.1181 0.0432 0.9921
vn 0.0798 0.1946 0.9776
vn 0.0822 0.2205 0.9719
vn -0.0666 -0.3600 0.9306
vn -0.0306 -0.1246 0.9917
vn -0.0709 -0.4569 0.8867
vn -0.0424 -0.0323 0.9986
vn 0.0528 0.3381 0.9396
vn 0.0558 -0.2281 0.9720
vn 0.0158 -0.2796 0.9600
vn 0.5897 0.7337 0.3375
vn -0.0351 0.2494 0.9678
vn 0.0601 0.2123 0.9754
vn 0.1798 0.2190 0.9590
vn -0.0141 0.1238 0.9922
vn -0.0005 -0.0566 0.9984
vn 0.2493 -0.0334 0.9678
vn 0.3114 0.3577 0.8804
vn 0.0463 -0.1942 0.9799
vn 0.0403 -0.2108 0.9767
vn 0.0445 -0.1230 0.9914
vn -0.1010 -0.4282 0.8980
vn 0.0047 -0.1500 0.9887
vn 0.0114 -0.0463 0.9989
vn -0.0024 0.1949 0.9808
vn 0.0261 -0.3283 0.9442
vn 0.0528 0.3294 0.9427
vn -0.0219 0.0381 0.9990
vn -0.0085 0.3300 0.9440
vn 0.0688 -0.4345 0.8980
vn -0.2038 -0.3131 0.9276
vn -0.0744 -0.0559 0.9957
vn -0.0120 -0.0500 0.9987
vn -0.0805 -0.3086 0.9478
vn -0.1125 0.0316 0.9932
vn -0.0031 0.0365 0.9993
vn 0.0680 -0.0109 0.9976
vn -0.0363 0.0890 0.9954
vn 0.0863 0.2326 0.9687
vn -0.1039 -0.0209 0.9944
vn 0.1010 0.3396 0.9351
vn 0.3161 -0.6445 0.6962
vn 0.0055 -0.2917 0.9565
vn 0.0103 0.0189 0.9998
vn 0.0630 -0.0570 0.9964
vn 0.0250 0.1527 0.9880
vn -0.0704 -0.3303 0.9412
vn 0.0397 0.2810 0.9589
vn -0.0944 -0.2963 0.9504
vn 0.0190 -0.2503 0.9680
vn -0.0132 -0.0580 0.9982
vn -0.0114 -0.0848 0.9963
vn -0.0233 0.1953 0.9805
vn -0.1025 0.1820 0.9779
vn -0.0657 -0.1842 0.9807
vn -0.0657 -0.1843 0.9807
vn 0.0470 0.1795 0.9826
vn 0.0312 -0.0168 0.9994
vn -0.0110 -0.1178 0.9930
vn 0.0824 -0.0673 0.9943
vn -0.0545 0.0165 0.9984
vn -0.0396 0.2283 0.9728
vn 0.0378 0.3605 0.9320
vn -0.0531 -0.0261 0.9982
vn 0.0063 0.4512 0.8924
vn 0.5947 0.6053 0.5290
vn -0.0245 0.1938 0.9807
vn 0.0341 0.0880 0.9955
vn 0.1593 0.4135 0.8965
vn -0.0049 0.1154 0.9933
vn -0.0172 0.1659 0.9860
vn 0.0232 -0.0719 0.9971
vn -0.2189 -0.2356 0.9469
vn -0.0924 -0.4027 0.9107
vn -0.1275 0.2093 0.9695
vn 0.2465 0.2489 0.9366
vn 0.5882 0.5356 0.6059
vn 0.0053 0.0497 0.9988
vn 0.0907 -0.1749 0.9804
vn 0.0708 -0.1223 0.9900
vn 0.0464 0.0668 0.9967
vn 0.0927 0.1418 0.9855
vn -0.1011 0.1617 0.9816
vn 0.0391 0.1571 0.9868
vn -0.0477 0.0167 0.9987
vn -0.3463 -0.3484 0.8710
vn -0.0992 -0.0840 0.9915
vn -0.0033 -0.4082 0.9129
vn -0.0889 -0.2888 0.9533
vn -0.0074 -0.2724 0.9622
vn -0.1891 -0.2834 0.9402
vn 0.0698 0.3161 0.9462
vn 0.0342 -0.2374 0.9708
vn 0.0297 0.2892 0.9568
vn -0.0101 0.0740 0.9972
vn -0.1267 0.0329 0.9914
vn 0.4654 -0.5892 0.6605
vn 0.0813 -0.2762 0.9577
vn -0.1042 -0.0571 0.9929
vn 0.0123 -0.1241 0.9922
vn 0.0011 0.1267 0.9919
vn 0.0793 0.2020 0.9762
vn -0.0412 0.3609 0.9317
vn 0.1599 -0.1776 0.9710
vn 0.2618 0.3523 0.8985
vn -0.0097 -0.2698 0.9629
vn -0.0558 -0.0713 0.9959
vn -0.2618 -0.2588 0.9298
vn -0.1125 -0.3468 0.9312
vn -0.0447 -0.1020 0.9938
vn -0.0410 -0.2829 0.9583
vn 0.1008 0.0074 0.9949
vn 0.0092 0.3379 0.9411
vn 0.0952 0.3556 0.9298
vn -0.1808 -0.3242 0.9286
vn -0.1031 0.2583 0.9606
vn 0.0219 -0.0100 0.9997
vn 0.0303 0.0050 0.9995
vn 0.0571 -0.0284 0.9980
vn 0.6829 0.6208 0.3851
vn 0.2993 0.1903 0.9350
vn 0.0645 0.0855 0.9943
vn 0.0225 -0.1233 0.9921
vn 0.1813 -0.1359 0.9740
vn 0.0531 -0.0628 0.9966
vn -0.0948 0.2591 0.9612
vn 0.2663 0.1981 0.9433
vn -0.0331 0.0623 0.9975
vn -0.1322 0.2593 0.9567
vn -0.1412 0.2188 0.9655
vn -0.0129 -0.0258 0.9996
vn 0.6225 -0.6876 0.3738
vn -0.2465 0.2387 0.9393
vn 0.0249 0.0808 0.9964
vn 0.0922 0.0457 0.9947
vn 0.0463 -0.0935 0.9945
vn -0.2750 -0.3048 0.9119
vn -0.3200 -0.2658 0.9093
vn 0.4194 -0.4181 0.8058
vn 0.0064 -0.2250 0.9743
vn 0.4924 0.3879 0.7791
vn -0.0834 -0.0306 0.9960
vn 0.0338 0.0200 0.9992
vn 0.1703 0.2676 0.9484
vn -0.3802 -0.2945 0.8768
vn -0.0833 -0.0307 0.9960
vn 0.0854 -0.4074 0.9093
vn -0.1087 -0.1965 0.9745
vn -0.0796 -0.2760 0.9578
vn -0.1317 0.0958 0.9867
vn -0.2666 -0.0199 0.9636
vn 0.0724 -0.2581 0.9634
vn -0.0229 0.0486 0.9986
vn -0.3112 -0.1809 0.9330
vn -0.2150 -0.1299 0.9679
vn -0.1852 -0.2787 0.9423
vn 0.1371 0.2892 0.9474
vn 0.2291 0.0929 0.9690
vn 0.0002 -0.3919 0.9200
vn -0.1436 0.2779 0.9498
vn 0.1310 -0.0422 0.9905
vn 0.2947 0.1382 0.9456
vn -0.1027 -0.0470 0.9936
vn -0.0833 -0.1043 0.9910
vn -0.0565 -0.1170 0.9915
vn 0.0226 0.2265 0.9737
vn -0.1265 0.1034 0.9866
vn 0.6396 0.4604 0.6156
vn 0.0546 0.1268 0.9904
vn -0.0072 0.1891 0.9819
vn 0.1792 -0.1155 0.9770
vn 0.2723 0.0253 0.9619
vn 0.0179 0.1783 0.9838
vn 0.0641 0.0573 0.9963
vn 0.4174 0.2066 0.8849
vn -0.0291 0.0289 0.9992
vn 0.0664 -0.0641 0.9957
vn -0.1989 0.1250 0.9720
vn 0.1027 -0.3059 0.9465
vn -0.0353 -0.0020 0.9994
vn -0.3334 -0.2582 0.9067
vn 0.0048 -0.0765 0.9971
vn -0.3560 -0.3589 0.8628
vn 0.5925 -0.5302 0.6065
vn 0.1115 0.1449 0.9831
vn 0.5114 0.3194 0.7978
vn 0.0318 0.1561 0.9872
vn -0.1389 -0.1525 0.9785
vn -0.4121 -0.2265 0.8825
vn -0.0183 0.1289 0.9915
vn 0.0789 0.1697 0.9823
vn -0.0455 0.0445 0.9980
vn -0.2051 0.4048 0.8911
vn 0.4289 0.1965 0.8817
vn -0.2344 -0.3215 0.9174
vn -0.2713 -0.3604 0.8925
vn 0.5778 -0.4432 0.6854
vn -0.0695 0.4242 0.9029
vn -0.0970 0.0923 0.9910
vn -0.1309 0.2355 0.9630
vn -0.1440 0.0555 0.9880
vn -0.2191 0.1701 0.9608
vn -0.0665 0.2943 0.9534
vn -0.1220 -0.0748 0.9897
vn 0.1392 0.0504 0.9890
vn -0.0036 -0.0097 0.9999
vn 0.0840 -0.3764 0.9226
vn -0.5694 -0.3249 0.7552
vn -0.0564 -0.0338 0.9978
vn 0.4138 0.2276 0.8815
vn -0.3144 -0.1760 0.9328
vn -0.0768 0.2071 0.9753
vn -0.4478 -0.3704 0.8138
vn 0.3544 0.1809 0.9174
vn 0.0614 0.0870 0.9943
vn 0.0711 -0.3441 0.9362
vn 0.3638 0.1829 0.9133
vn -0.0765 0.3682 0.9266
vn -0.3110 -0.1267 0.9419
vn 0.4352 -0.2862 0.8536
vn -0.0867 -0.0743 0.9935
vn 0.0378 -0.2671 0.9629
vn 0.0533 0.1724 0.9836
vn -0.0765 0.3681 0.9266
vn 0.1730 0.0862 0.9812
vn -0.1211 0.2425 0.9626
vn -0.0899 0.0661 0.9938
vn -0.2440 -0.0497 0.9685
vn -0.0276 0.0851 0.9960
vn 0.1292 0.0290 0.9912
vn -0.2327 0.1617 0.9590
vn 0.6696 0.3738 0.6418
vn 0.7908 0.4831 0.3759
vn -0.2651 -0.1527 0.9520
vn -0.2226 0.4157 0.8818
vn 0.0273 0.1787 0.9835
vn -0.5617 -0.2792 0.7788
vn -0.3140 -0.1656 0.9349
vn 0.4580 0.2443 0.8548
vn 0.1166 -0.0125 0.9931
vn -0.0586 0.1697 0.9838
vn -0.0163 -0.0436 0.9989
vn -0.4275 -0.1819 0.8855
vn -0.5505 -0.2687 0.7904
vn 0.1722 -0.2513 0.9525
vn 0.0138 0.1442 0.9894
vn 0.6745 0.3064 0.6717
vn -0.1598 0.2483 0.9554
vn 0.0760 0.2629 0.9618
vn -0.1546 -0.3492 0.9242
vn 0.1287 -0.2944 0.9470
vn 0.0154 0.0013 0.9999
vn -0.1267 -0.0293 0.9915
vn 0.1941 -0.0987 0.9760
vn -0.2472 0.1497 0.9573
vn -0.0225 -0.1471 0.9889
vn -0.1152 -0.0072 0.9933
vn -0.6592 -0.1941 0.7265
vn -0.2932 0.1827 0.9384
vn -0.0483 -0.0334 0.9983
vn -0.5825 -0.1985 0.7882
vn -0.0463 0.2805 0.9587
vn -0.4730 -0.0466 0.8798
vn 0.1609 0.1372 0.9774
vn 0.7222 -0.4244 0.5462
vn -0.1449 0.0657 0.9873
vn -0.0011 0.0311 0.9995
vn -0.0658 0.0301 0.9974
vn -0.4418 0.2650 0.8571
vn -0.1041 -0.0788 0.9914
vn -0.4549 -0.1811 0.8720
vn -0.1399 0.3982 0.9066
vn -0.2283 -0.1096 0.9674
vn -0.4919 -0.1587 0.8561
vn 0.1445 -0.0495 0.9883
vn 0.0897 -0.0807 0.9927
vn -0.1299 0.0627 0.9895
vn -0.0303 -0.1018 0.9943
vn 0.7856 0.3295 0.5237
vn 0.6662 -0.3220 0.6726
vn -0.0155 -0.0382 0.9991
vn -0.0330 0.2667 0.9632
vn -0.5465 0.0856 0.8331
vn 0.5966 0.2086 0.7749
vn -0.1635 -0.0686 0.9842
vn 0.1470 0.1068 0.9834
vn -0.4174 0.1617 0.8942
vn 0.0585 0.0364 0.9976
vn -0.4033 -0.1142 0.9079
vn 0.0047 -0.1981 0.9802
vn -0.2403 0.0435 0.9697
vn -0.0751 0.1253 0.9893
vn -0.1919 0.1311 0.9726
vn 0.4749 -0.2006 0.8569
vn -0.2126 -0.0953 0.9725
vn -0.1825 0.0552 0.9817
vn -0.1678 0.0846 0.9822
vn 0.5054 0.1458 0.8505
vn -0.2014 -0.0682 0.9771
vn -0.3649 -0.1046 0.9252
vn -0.2527 -0.0138 0.9674
vn -0.3553 -0.0077 0.9347
vn -0.3220 0.0175 0.9466
vn -0.1803 0.1041 0.9781
vn -0.1751 -0.0604 0.9827
vn 0.6945 0.2053 0.6896
vn -0.3770 0.0715 0.9235
vn -0.2322 -0.0836 0.9691
vn 0.6846 -0.2015 0.7005
vn 0.8079 -0.2687 0.5245
vn 0.1959 0.0396 0.9798
vn 0.0139 0.0268 0.9995
vn -0.0699 -0.0166 0.9974
vn -0.1253 0.0095 0.9921
vn -0.3194 0.0291 0.9472
vn -0.2089 0.0258 0.9776
vn -0.1202 0.0303 0.9923
vn -0.0700 -0.0166 0.9974
vn 0.7708 0.1677 0.6146
vn 0.4381 -0.0648 0.8966
vn -0.1383 0.0119 0.9903
vn 0.8377 -0.1817 0.5150
vn -0.1381 0.0129 0.9903
vn -0.0554 0.0029 0.9985
vn 0.4967 -0.0183 0.8677
vn 0.2725 0.0030 0.9621
vn 0.7272 -0.0430 0.6850
vn 0.4887 0.0462 0.8712
vn 0.7192 0.1064 0.6866
vn 0.7698 0.1262 0.6257
vn 0.6227 -0.0770 0.7787
vn 0.8975 -0.1288 0.4217
vn 0.4967 -0.0182 0.8677
vn 0.7580 -0.0168 0.6520
vn -0.0553 0.0028 0.9985
vn 0.4888 0.0462 0.8712
vn 0.7933 0.0287 0.6082
vn 0.2726 0.0030 0.9621
vn 0.8690 0.0686 0.4901
vn 0.9060 -0.0466 0.4208
vn -0.8910 -0.0208 -0.4534
vn -0.8395 0.0437 -0.5416
vn -0.3930 -0.0164 -0.9194
vn -0.2028 0.0151 -0.9791
vn -0.9282 -0.1269 -0.3499
vn -0.7842 -0.0709 -0.6165
vn -0.4466 -0.0635 -0.8925
vn -0.3106 0.0311 -0.9500
vn -0.8860 0.0751 -0.4576
vn -0.4610 -0.0740 -0.8843
vn -0.0977 -0.0129 -0.9951
vn -0.7132 0.0714 -0.6973
vn -0.0201 0.0042 -0.9998
vn 0.0136 0.0158 -0.9998
vn -0.0303 0.0113 -0.9995
vn 0.0015 0.0052 -1.0000
vn -0.0610 -0.0086 -0.9981
vn -0.4188 0.0924 -0.9034
vn -0.0103 0.0068 -0.9999
vn -0.4894 0.1211 -0.8636
vn -0.0664 0.0064 -0.9978
vn -0.6913 -0.2125 -0.6906
vn -0.7968 -0.2003 -0.5701
vn -0.1383 -0.0134 -0.9903
vn -0.0924 -0.0518 -0.9944
vn 0.0149 0.0094 -0.9998
vn -0.0799 -0.0219 -0.9966
vn -0.4780 0.1390 -0.8673
vn 0.0270 -0.0305 -0.9992
vn -0.7257 -0.2643 -0.6352
vn -0.0195 0.0123 -0.9997
vn 0.0102 -0.0015 -0.9999
vn -0.3763 -0.1414 -0.9156
vn -0.0274 -0.0038 -0.9996
vn -0.7616 0.2682 -0.5899
vn -0.0958 0.0417 -0.9945
vn -0.0083 0.0085 -0.9999
vn -0.4003 0.1728 -0.8999
vn -0.0122 0.0407 -0.9991
vn 0.0102 -0.0326 -0.9994
vn 0.0540 0.0024 -0.9985
vn -0.0225 0.0150 -0.9996
vn -0.0427 -0.0360 -0.9984
vn 0.1212 0.0389 -0.9919
vn -0.5917 -0.2619 -0.7624
vn -0.0110 0.0269 -0.9996
vn 0.0158 0.0367 -0.9992
vn 0.0358 -0.0012 -0.9994
vn 0.0330 0.0105 -0.9994
vn -0.7777 -0.4409 -0.4480
vn -0.1569 -0.1054 -0.9820
vn 0.0514 0.0138 -0.9986
vn -0.3149 0.1202 -0.9415
vn -0.8355 0.3474 -0.4258
vn -0.8143 0.3703 -0.4470
vn 0.0852 0.0145 -0.9963
vn -0.1121 -0.0491 -0.9925
vn -0.6840 -0.4654 -0.5618
vn 0.0058 -0.0025 -1.0000
vn -0.2663 0.1355 -0.9543
vn -0.0413 -0.0385 -0.9984
vn -0.0253 -0.0176 -0.9995
vn -0.0566 0.0123 -0.9983
vn -0.0257 0.0267 -0.9993
vn -0.0156 0.0062 -0.9999
vn 0.0188 0.0179 -0.9997
vn 0.0371 -0.0769 -0.9964
vn -0.8143 0.4000 -0.4206
vn -0.1830 0.0659 -0.9809
vn -0.0548 -0.0461 -0.9974
vn -0.0898 -0.0485 -0.9948
vn 0.0375 0.0183 -0.9991
vn -0.0162 -0.0040 -0.9999
vn -0.3043 0.1986 -0.9317
vn -0.0413 -0.0059 -0.9991
vn -0.0730 0.0699 -0.9949
vn -0.0277 0.0324 -0.9991
vn -0.0074 0.0030 -1.0000
vn 0.0112 0.0178 -0.9998
vn 0.0042 -0.0103 -0.9999
vn -0.1469 -0.0946 -0.9846
vn -0.6953 -0.5656 -0.4435
vn -0.0226 0.0036 -0.9997
vn -0.0265 0.0005 -0.9996
vn -0.1029 0.0819 -0.9913
vn 0.0069 -0.0205 -0.9998
vn 0.0005 -0.0107 -0.9999
vn -0.1236 0.0890 -0.9883
vn -0.7342 0.4661 -0.4937
vn -0.6735 0.4117 -0.6140
vn 0.0478 0.0282 -0.9985
vn 0.0350 0.0055 -0.9994
vn -0.0301 -0.1111 -0.9933
vn -0.4518 -0.4364 -0.7781
vn -0.0127 0.0092 -0.9999
vn -0.0511 -0.0740 -0.9960
vn -0.0630 0.0933 -0.9936
vn -0.0297 -0.0282 -0.9992
vn -0.4123 0.2866 -0.8648
vn -0.0210 -0.0282 -0.9994
vn 0.0151 -0.0193 -0.9997
vn 0.0565 0.0412 -0.9976
vn 0.0027 0.0258 -0.9997
vn -0.0190 0.0323 -0.9993
vn 0.0228 0.0025 -0.9997
vn 0.0131 -0.0055 -0.9999
vn -0.0399 -0.0785 -0.9961
vn 0.0234 0.0045 -0.9997
vn 0.0201 0.0228 -0.9995
vn -0.0739 0.1258 -0.9893
vn 0.0494 -0.0102 -0.9987
vn 0.0301 0.0162 -0.9994
vn -0.0234 0.0143 -0.9996
vn -0.0575 0.0642 -0.9963
vn -0.1099 -0.1545 -0.9819
vn -0.0000 -0.0358 -0.9994
vn -0.5558 -0.6464 -0.5227
vn -0.0378 -0.0535 -0.9979
vn -0.3128 0.2571 -0.9144
vn -0.0363 0.0686 -0.9970
vn -0.0095 -0.0718 -0.9974
vn -0.0192 0.0046 -0.9998
vn 0.0043 0.0262 -0.9996
vn -0.0435 0.0153 -0.9989
vn -0.0343 0.0462 -0.9983
vn 0.0352 -0.0368 -0.9987
vn 0.0037 -0.0060 -1.0000
vn -0.4461 -0.7514 -0.4862
vn 0.2244 -0.1923 -0.9553
vn 0.0716 -0.0064 -0.9974
vn 0.0254 0.0302 -0.9992
vn 0.0107 -0.0207 -0.9997
vn -0.4527 0.4175 -0.7878
vn 0.0107 -0.0530 -0.9985
vn -0.0215 0.0239 -0.9995
vn -0.0379 -0.0147 -0.9992
vn 0.0197 0.0107 -0.9997
vn 0.0118 0.0157 -0.9998
vn -0.0543 0.0447 -0.9975
vn 0.0424 -0.0090 -0.9991
vn -0.0100 0.0217 -0.9997
vn -0.1137 0.1073 -0.9877
vn 0.0042 0.0270 -0.9996
vn -0.0230 0.1598 -0.9869
vn -0.2744 -0.4299 -0.8602
vn 0.0302 0.1094 -0.9935
vn 0.1370 -0.1523 -0.9788
vn 0.0153 0.0795 -0.9967
vn -0.0506 -0.0525 -0.9973
vn -0.0048 0.0007 -1.0000
vn -0.0141 -0.0242 -0.9996
vn 0.1227 -0.1530 -0.9806
vn 0.0265 0.1300 -0.9912
vn 0.0235 0.0513 -0.9984
vn -0.0024 -0.0055 -1.0000
vn -0.0277 -0.1319 -0.9909
vn -0.0158 -0.0377 -0.9992
vn -0.0357 0.0047 -0.9994
vn 0.0342 0.1296 -0.9910
vn -0.0086 -0.0792 -0.9968
vn -0.0950 0.0916 -0.9913
vn 0.0012 0.0086 -1.0000
vn -0.0422 0.0376 -0.9984
vn -0.0433 0.0449 -0.9981
vn -0.0038 -0.0835 -0.9965
vn 0.0105 0.0280 -0.9996
vn -0.4310 0.4238 -0.7966
vn 0.0069 -0.1647 -0.9863
vn -0.0419 -0.0540 -0.9977
vn 0.0082 0.0552 -0.9984
vn -0.0045 -0.0136 -0.9999
vn 0.0012 0.1819 -0.9833
vn -0.0774 0.1275 -0.9888
vn -0.0261 0.0164 -0.9995
vn -0.0002 0.0020 -1.0000
vn -0.0254 -0.0134 -0.9996
vn 0.2025 -0.2882 -0.9359
vn -0.0295 0.0362 -0.9989
vn 0.0326 0.1294 -0.9911
vn -0.0172 -0.1464 -0.9891
vn -0.3017 -0.6805 -0.6678
vn 0.0031 0.0257 -0.9997
vn 0.0360 0.0741 -0.9966
vn 0.0332 -0.0665 -0.9972
vn -0.0283 0.0162 -0.9995
vn -0.0162 0.0182 -0.9997
vn -0.0060 0.0078 -1.0000
vn -0.0336 -0.2417 -0.9698
vn -0.0730 -0.2840 -0.9560
vn 0.0016 -0.0854 -0.9963
vn 0.0042 0.2303 -0.9731
vn -0.5156 0.6836 -0.5166
vn -0.1852 0.2511 -0.9501
vn -0.0675 -0.0666 -0.9955
vn -0.0680 -0.2150 -0.9742
vn -0.0228 0.0086 -0.9997
vn -0.0039 0.0627 -0.9980
vn 0.0046 0.0045 -1.0000
vn 0.0266 -0.1506 -0.9882
vn 0.0415 0.1158 -0.9924
vn -0.0521 0.0515 -0.9973
vn -0.2370 -0.7923 -0.5622
vn 0.0066 0.1060 -0.9943
vn -0.0326 -0.0993 -0.9945
vn -0.3860 0.6506 -0.6541
vn 0.1147 -0.1797 -0.9770
vn 0.0093 0.0822 -0.9966
vn 0.0672 0.1743 -0.9824
vn 0.0026 0.3589 -0.9334
vn -0.0305 -0.0903 -0.9954
vn 0.0005 -0.0060 -1.0000
vn 0.0053 -0.0063 -1.0000
vn -0.0512 -0.1711 -0.9839
vn 0.0270 0.0048 -0.9996
vn -0.0197 0.2254 -0.9741
vn -0.0386 -0.0768 -0.9963
vn -0.0063 0.0355 -0.9993
vn 0.0360 -0.0110 -0.9993
vn 0.0226 -0.1211 -0.9924
vn 0.0027 -0.1219 -0.9925
vn -0.0312 0.0247 -0.9992
vn -0.0040 0.2034 -0.9791
vn 0.0116 -0.0605 -0.9981
vn 0.0244 0.1339 -0.9907
vn -0.0041 -0.0438 -0.9990
vn -0.0090 0.1108 -0.9938
vn 0.0320 -0.1238 -0.9918
vn -0.0122 0.0552 -0.9984
vn 0.0065 0.1188 -0.9929
vn 0.0045 -0.1946 -0.9809
vn 0.0282 0.0144 -0.9995
vn 0.0012 -0.4500 -0.8930
vn -0.0194 -0.0052 -0.9998
vn 0.0144 0.1268 -0.9918
vn 0.0417 0.1260 -0.9912
vn -0.0045 0.0135 -0.9999
vn -0.0052 0.0792 -0.9968
vn -0.0053 0.0013 -1.0000
vn 0.0233 -0.1076 -0.9939
vn 0.0648 -0.0136 -0.9978
vn 0.0240 -0.0667 -0.9975
vn -0.0641 -0.2051 -0.9766
vn 0.0046 0.0282 -0.9996
vn -0.0794 0.1147 -0.9902
vn -0.0564 0.0506 -0.9971
vn 0.1014 0.0758 -0.9919
vn -0.1391 -0.8917 -0.4307
vn 0.0604 -0.0733 -0.9955
vn -0.0170 -0.0798 -0.9967
vn 0.0187 0.1999 -0.9796
vn 0.0413 -0.1200 -0.9919
vn 0.0466 0.1180 -0.9919
vn -0.0263 -0.2036 -0.9787
vn 0.0320 -0.0967 -0.9948
vn 0.0150 -0.0128 -0.9998
vn 0.0080 -0.0104 -0.9999
vn -0.0129 0.0105 -0.9999
vn 0.1697 -0.0154 -0.9854
vn 0.0325 0.1107 -0.9933
vn 0.0575 -0.1755 -0.9828
vn 0.0553 -0.0520 -0.9971
vn -0.0053 0.0466 -0.9989
vn 0.0024 0.0063 -1.0000
vn 0.1595 -0.0277 -0.9868
vn 0.0256 0.1088 -0.9937
vn -0.1750 0.0958 -0.9799
vn -0.0015 -0.0108 -0.9999
vn 0.3059 -0.0627 -0.9500
vn 0.0120 0.1199 -0.9927
vn -0.0382 -0.9276 -0.3717
vn 0.0087 0.0981 -0.9951
vn 0.4654 0.0523 -0.8836
vn 0.2580 0.0182 -0.9660
vn 0.0433 0.0117 -0.9990
vn -0.0108 0.0558 -0.9984
vn 0.2103 -0.0299 -0.9772
vn 0.3794 -0.0131 -0.9252
vn -0.3952 0.7993 -0.4528
vn 0.1704 -0.4109 -0.8956
vn 0.1867 0.1075 -0.9765
vn 0.7048 0.0727 -0.7057
vn 0.8016 0.0200 -0.5975
vn 0.1685 -0.1005 -0.9806
vn -0.0097 -0.0019 -1.0000
vn 0.5151 -0.0889 -0.8525
vn 0.0036 -0.0703 -0.9975
vn 0.0259 0.0730 -0.9970
vn 0.0725 -0.1244 -0.9896
vn 0.1845 -0.8335 -0.5208
vn 0.7743 -0.0886 -0.6266
vn 0.3132 -0.2946 -0.9028
vn 0.6268 0.0602 -0.7769
vn 0.1711 -0.1127 -0.9788
vn 0.0210 -0.0054 -0.9998
vn -0.2612 0.7508 -0.6067
vn -0.0142 -0.0004 -0.9999
vn 0.0375 0.2445 -0.9689
vn 0.8853 -0.0626 -0.4609
vn 0.6683 -0.0923 -0.7382
vn 0.0185 -0.0064 -0.9998
vn 0.7350 0.0422 -0.6768
vn -0.0170 0.0071 -0.9998
vn 0.0343 0.0029 -0.9994
vn 0.9041 0.0818 -0.4194
vn 0.7336 -0.1418 -0.6646
vn 0.0699 -0.0898 -0.9935
vn -0.0348 0.2046 -0.9782
vn 0.1974 -0.0953 -0.9757
vn 0.8971 -0.2033 -0.3922
vn 0.8391 -0.1416 -0.5252
vn -0.0333 -0.0045 -0.9994
vn 0.6762 -0.1710 -0.7166
vn 0.3371 0.0242 -0.9412
vn 0.0730 -0.0710 -0.9948
vn 0.3587 -0.1625 -0.9192
vn 0.0757 0.0594 -0.9954
vn 0.1056 -0.4056 -0.9079
vn -0.2177 0.8693 -0.4438
vn -0.0085 0.0121 -0.9999
vn 0.7784 -0.1584 -0.6075
vn -0.0346 0.0067 -0.9994
vn 0.2467 -0.0118 -0.9690
vn -0.0267 -0.0222 -0.9994
vn 0.6980 -0.1686 -0.6960
vn -0.0150 -0.0052 -0.9999
vn 0.1830 0.0152 -0.9830
vn 0.7863 -0.1842 -0.5897
vn 0.6752 -0.1488 -0.7225
vn 0.2393 -0.1257 -0.9628
vn 0.0015 0.0452 -0.9990
vn -0.0305 0.0226 -0.9993
vn 0.0957 0.1416 -0.9853
vn -0.0489 0.4066 -0.9123
vn 0.3652 -0.1068 -0.9248
vn 0.4005 -0.0456 -0.9152
vn -0.0183 -0.1232 -0.9922
vn 0.7886 -0.1973 -0.5824
vn 0.5137 -0.3245 -0.7943
vn 0.8159 -0.2593 -0.5168
vn 0.7719 -0.1848 -0.6083
vn 0.5164 -0.1633 -0.8406
vn -0.0048 0.0210 -0.9998
vn 0.0123 -0.0126 -0.9998
vn 0.6650 -0.2260 -0.7119
vn 0.3543 -0.2530 -0.9002
vn 0.0202 -0.0025 -0.9998
vn 0.0140 0.0036 -0.9999
vn 0.4846 -0.2644 -0.8338
vn 0.0540 -0.0499 -0.9973
vn 0.5038 -0.2194 -0.8355
vn -0.0144 0.8708 -0.4914
vn 0.1782 -0.0946 -0.9794
vn 0.0224 -0.0193 -0.9996
vn 0.5428 -0.6795 -0.4936
vn -0.1185 -0.4652 -0.8773
vn -0.2331 -0.1545 -0.9601
vn 0.0229 0.0114 -0.9997
vn -0.1121 -0.2525 -0.9611
vn 0.0216 -0.3107 -0.9503
vn -0.0340 0.0012 -0.9994
vn -0.0318 -0.9330 -0.3585
vn -0.4300 -0.2495 -0.8677
vn -0.4535 -0.1841 -0.8720
vn 0.0253 -0.0203 -0.9995
vn -0.3907 -0.2591 -0.8833
vn -0.3621 -0.0430 -0.9311
vn -0.6977 -0.2211 -0.6814
vn 0.1417 0.7385 -0.6592
vn -0.6527 -0.2417 -0.7180
vn -0.1404 -0.0208 -0.9899
vn 0.0364 0.0694 -0.9969
vn -0.7699 -0.2000 -0.6061
vn 0.0402 0.0026 -0.9992
vn -0.4473 -0.0391 -0.8935
vn -0.7755 -0.5233 -0.3532
vn -0.7064 -0.1598 -0.6895
vn -0.7453 -0.2675 -0.6107
vn -0.0259 -0.2085 -0.9777
vn 0.0687 -0.0194 -0.9975
vn 0.0106 -0.0658 -0.9978
vn 0.0634 0.0470 -0.9969
vn 0.0021 -0.0322 -0.9995
vn 0.0674 -0.0548 -0.9962
vn -0.0607 0.0225 -0.9979
vn -0.3719 -0.1588 -0.9146
vn 0.0298 0.0135 -0.9995
vn 0.0400 0.2315 -0.9720
vn -0.0866 -0.1425 -0.9860
vn 0.0604 -0.1832 -0.9812
vn 0.1678 0.9323 -0.3204
vn -0.0098 0.1001 -0.9949
vn 0.0386 0.1418 -0.9891
vn -0.2696 0.0125 -0.9629
vn 0.0103 -0.0032 -0.9999
vn -0.4153 -0.0320 -0.9091
vn -0.0519 0.1770 -0.9828
vn 0.0012 -0.0045 -1.0000
vn 0.0320 0.0290 -0.9991
vn -0.0175 0.0622 -0.9979
vn -0.0244 -0.0962 -0.9951
vn -0.0818 0.0640 -0.9946
vn -0.0904 -0.2494 -0.9642
vn -0.0032 -0.0083 -1.0000
vn 0.0054 0.2059 -0.9785
vn -0.0661 -0.1681 -0.9836
vn 0.0512 0.0300 -0.9982
vn -0.0436 -0.0265 -0.9987
vn -0.5555 -0.1139 -0.8237
vn -0.4243 -0.1895 -0.8855
vn 0.0746 -0.0116 -0.9971
vn -0.0173 0.1086 -0.9939
vn -0.0186 -0.1581 -0.9873
vn -0.4761 -0.1911 -0.8584
vn -0.0361 -0.0713 -0.9968
vn -0.0106 -0.0372 -0.9993
vn 0.0109 0.0513 -0.9986
vn 0.0081 -0.2767 -0.9609
vn 0.0155 0.0070 -0.9999
vn 0.2217 0.6691 -0.7093
vn -0.0550 -0.1028 -0.9932
vn -0.0273 0.1408 -0.9897
vn -0.0428 -0.1661 -0.9852
vn 0.0037 0.1424 -0.9898
vn 0.0107 0.2343 -0.9721
vn -0.0011 0.0267 -0.9996
vn -0.0092 -0.0141 -0.9999
vn -0.7357 -0.1692 -0.6558
vn -0.5807 -0.1385 -0.8022
vn -0.1921 -0.1437 -0.9708
vn 0.0076 0.0878 -0.9961
vn 0.0051 0.1205 -0.9927
vn 0.0601 -0.1301 -0.9897
vn -0.1040 -0.1788 -0.9784
vn -0.0317 0.1160 -0.9927
vn 0.0102 -0.1674 -0.9858
vn -0.0166 -0.1567 -0.9875
vn 0.0192 0.0093 -0.9998
vn -0.3211 0.0483 -0.9458
vn -0.7692 -0.1230 -0.6271
vn 0.0273 0.1858 -0.9822
vn 0.0075 -0.0804 -0.9967
vn 0.0023 0.0444 -0.9990
vn -0.1061 -0.0485 -0.9932
vn 0.0127 0.0144 -0.9998
vn -0.0258 0.1877 -0.9819
vn -0.7574 -0.0997 -0.6453
vn -0.3320 -0.0870 -0.9393
vn -0.0006 -0.0274 -0.9996
vn -0.0063 -0.0253 -0.9997
vn -0.3037 -0.8314 -0.4653
vn -0.6682 0.0090 -0.7440
vn -0.2420 -0.1969 -0.9501
vn 0.0150 -0.0463 -0.9988
vn -0.0194 -0.1579 -0.9873
vn -0.0105 0.0145 -0.9998
vn 0.0084 0.0048 -1.0000
vn -0.0660 -0.0236 -0.9975
vn -0.4514 -0.0000 -0.8923
vn -0.7890 0.0571 -0.6118
vn -0.7220 0.0746 -0.6879
vn -0.3318 0.0135 -0.9433
vn -0.2358 0.0281 -0.9714
vn -0.0055 -0.2011 -0.9796
vn -0.7798 0.0526 -0.6239
vn -0.4205 0.0270 -0.9069
vn 0.0284 -0.8537 -0.5199
vn -0.8608 -0.0050 -0.5089
vn -0.4517 -0.0084 -0.8921
vn -0.7606 -0.0322 -0.6484
vn 0.2811 0.5423 -0.7917
vn -0.7711 -0.0812 -0.6315
vn -0.3772 0.0310 -0.9256
vn 0.0260 0.0213 -0.9994
vn 0.0162 -0.3004 -0.9537
vn -0.0171 0.0200 -0.9997
vn -0.0211 0.2942 -0.9555
vn -0.3323 -0.0470 -0.9420
vn 0.0137 -0.0809 -0.9966
vn -0.0262 0.0907 -0.9955
vn 0.0056 -0.1951 -0.9808
vn -0.0801 0.1428 -0.9865
vn -0.1964 0.0715 -0.9779
vn -0.0110 -0.0026 -0.9999
vn -0.0816 0.1205 -0.9894
vn -0.0102 0.1268 -0.9919
vn 0.0205 -0.2176 -0.9758
vn 0.3919 0.8567 -0.3353
vn -0.0370 -0.1249 -0.9915
vn 0.0324 -0.0119 -0.9994
vn -0.0257 -0.1209 -0.9923
vn -0.0758 -0.0142 -0.9970
vn 0.0090 0.1092 -0.9940
vn 0.0026 -0.2282 -0.9736
vn -0.0292 -0.1461 -0.9888
vn 0.0120 0.3181 -0.9480
vn 0.0101 0.1113 -0.9937
vn 0.0083 -0.0111 -0.9999
vn -0.0025 -0.2306 -0.9730
vn -0.0346 0.0190 -0.9992
vn -0.0039 0.0916 -0.9958
vn -0.1293 0.1152 -0.9849
vn -0.0872 -0.0035 -0.9962
vn -0.0332 -0.2376 -0.9708
vn 0.0252 -0.1542 -0.9877
vn 0.0261 0.2243 -0.9742
vn 0.0144 -0.0447 -0.9989
vn 0.0155 0.2395 -0.9708
vn -0.0314 -0.2249 -0.9739
vn -0.0050 0.0151 -0.9999
vn 0.0038 0.1749 -0.9846
vn 0.0038 -0.1403 -0.9901
vn 0.0252 -0.1384 -0.9901
vn 0.0405 -0.0140 -0.9991
vn 0.0059 0.1405 -0.9901
vn 0.0249 0.2042 -0.9786
vn 0.1979 0.2689 -0.9426
vn 0.0502 0.0554 -0.9972
vn 0.0059 -0.0138 -0.9999
vn 0.5003 0.8257 -0.2607
vn 0.0068 -0.1118 -0.9937
vn -0.0262 -0.1185 -0.9926
vn -0.0035 -0.0244 -0.9997
vn -0.0064 -0.0104 -0.9999
vn 0.1264 -0.8277 -0.5467
vn 0.0116 0.1106 -0.9938
vn 0.0205 0.0479 -0.9986
vn -0.0423 0.1838 -0.9821
vn 0.0122 -0.1150 -0.9933
vn -0.0024 -0.0078 -1.0000
vn -0.0149 -0.0935 -0.9955
vn 0.0062 0.0999 -0.9950
vn -0.0111 0.0171 -0.9998
vn 0.0070 0.0561 -0.9984
vn 0.0216 0.0336 -0.9992
vn 0.0396 -0.0083 -0.9992
vn -0.0288 -0.0337 -0.9990
vn 0.0080 0.0027 -1.0000
vn 0.0002 -0.0513 -0.9987
vn 0.0216 -0.1416 -0.9897
vn 0.0054 0.0007 -1.0000
vn -0.0074 -0.2596 -0.9657
vn 0.0322 -0.1411 -0.9895
vn 0.0011 0.1890 -0.9820
vn 0.3892 0.6196 -0.6816
vn -0.0266 -0.1246 -0.9919
vn 0.0102 0.0278 -0.9996
vn -0.0061 0.0246 -0.9997
vn 0.0163 0.0158 -0.9997
vn -0.0415 0.2917 -0.9556
vn -0.0023 -0.0218 -0.9998
vn 0.0357 -0.0987 -0.9945
vn 0.0059 -0.2307 -0.9730
vn 0.0286 0.1056 -0.9940
vn 0.0462 0.0327 -0.9984
vn 0.0030 -0.0964 -0.9953
vn -0.0164 0.2259 -0.9740
vn -0.0122 -0.0386 -0.9992
vn 0.0293 0.2357 -0.9714
vn 0.0025 0.0961 -0.9954
vn -0.1163 -0.1854 -0.9758
vn 0.0494 -0.1481 -0.9877
vn 0.0246 0.0068 -0.9997
vn 0.0705 0.1619 -0.9843
vn -0.0253 0.1698 -0.9852
vn 0.0240 0.0112 -0.9996
vn 0.0138 -0.0352 -0.9993
vn -0.0068 -0.1169 -0.9931
vn -0.0388 0.0469 -0.9981
vn 0.0540 -0.1137 -0.9920
vn 0.0254 -0.0742 -0.9969
vn 0.0881 0.0650 -0.9940
vn 0.0108 -0.0047 -0.9999
vn 0.0057 -0.1026 -0.9947
vn 0.0231 0.0352 -0.9991
vn 0.0726 -0.1705 -0.9827
vn -0.0638 0.0270 -0.9976
vn -0.0326 0.2107 -0.9770
vn 0.0345 0.0269 -0.9990
vn 0.0446 0.0421 -0.9981
vn 0.0433 0.1908 -0.9807
vn 0.0100 -0.0163 -0.9998
vn -0.0170 0.1694 -0.9854
vn 0.0084 0.1373 -0.9905
vn -0.0099 -0.0093 -0.9999
vn 0.0321 -0.2005 -0.9792
vn -0.0007 -0.0323 -0.9995
vn 0.2617 -0.5759 -0.7745
vn 0.0555 0.0457 -0.9974
vn 0.2953 -0.8538 -0.4288
vn 0.0100 0.1028 -0.9947
vn 0.0342 0.0226 -0.9992
vn 0.0206 0.0672 -0.9975
vn 0.4292 0.5499 -0.7166
vn 0.0108 -0.0353 -0.9993
vn 0.0116 0.0038 -0.9999
vn 0.0053 -0.1055 -0.9944
vn 0.0637 0.0508 -0.9967
vn 0.0156 0.1684 -0.9856
vn -0.0154 0.0806 -0.9966
vn 0.0586 0.1924 -0.9796
vn 0.0191 -0.0944 -0.9954
vn -0.0093 -0.2431 -0.9700
vn 0.0018 0.0202 -0.9998
vn -0.1123 -0.1586 -0.9809
vn -0.0062 -0.0075 -1.0000
vn 0.0148 0.0114 -0.9998
vn 0.0196 0.0685 -0.9975
vn 0.0375 0.0081 -0.9993
vn -0.1445 -0.1962 -0.9699
vn -0.0020 0.0118 -0.9999
vn 0.0142 0.0459 -0.9988
vn 0.0975 0.0780 -0.9922
vn 0.0477 0.0326 -0.9983
vn 0.0106 -0.0326 -0.9994
vn -0.0010 -0.0877 -0.9961
vn -0.0179 -0.1118 -0.9936
vn 0.0316 -0.1616 -0.9863
vn -0.0287 0.0767 -0.9966
vn 0.0430 -0.0872 -0.9953
vn 0.5311 0.5448 -0.6490
vn -0.0109 -0.0252 -0.9996
vn -0.0373 0.1060 -0.9937
vn 0.0292 0.0221 -0.9993
vn 0.0029 0.0402 -0.9992
vn 0.0815 -0.0516 -0.9953
vn 0.0277 -0.0063 -0.9996
vn 0.0451 0.1067 -0.9933
vn 0.0015 0.0435 -0.9991
vn 0.0587 0.0874 -0.9944
vn 0.0235 -0.0468 -0.9986
vn 0.0140 0.0225 -0.9996
vn 0.0126 -0.1128 -0.9935
vn -0.0162 -0.0178 -0.9997
vn 0.0182 0.1559 -0.9876
vn -0.0301 0.0787 -0.9964
vn -0.0296 -0.0033 -0.9996
vn 0.0137 0.0199 -0.9997
vn -0.0661 0.0073 -0.9978
vn 0.0002 -0.0684 -0.9977
vn -0.0329 -0.0945 -0.9950
vn 0.1165 -0.1585 -0.9805
vn -0.0178 -0.0317 -0.9993
vn 0.0806 0.0798 -0.9935
vn -0.0536 0.1347 -0.9894
vn 0.0104 0.0290 -0.9995
vn 0.0110 -0.0110 -0.9999
vn -0.2716 -0.2727 -0.9230
vn 0.0641 -0.0705 -0.9955
vn -0.0122 0.0935 -0.9955
vn 0.4444 -0.6776 -0.5860
vn -0.0231 0.0017 -0.9997
vn 0.3470 0.3475 -0.8711
vn -0.0161 -0.0051 -0.9999
vn -0.0328 0.0658 -0.9973
vn 0.0976 0.0370 -0.9945
vn -0.0212 -0.1846 -0.9826
vn -0.0732 0.0207 -0.9971
vn -0.0109 -0.0188 -0.9998
vn 0.0418 -0.1783 -0.9831
vn 0.0062 0.0544 -0.9985
vn -0.0548 -0.0402 -0.9977
vn 0.0371 0.1607 -0.9863
vn 0.0552 -0.0540 -0.9970
vn 0.0418 0.0814 -0.9958
vn -0.0038 -0.0004 -1.0000
vn 0.3008 0.2934 -0.9074
vn -0.0781 0.0802 -0.9937
vn 0.0172 -0.0479 -0.9987
vn 0.0203 0.0808 -0.9965
vn 0.0346 0.0746 -0.9966
vn 0.0083 0.0292 -0.9995
vn 0.0364 -0.0090 -0.9993
vn 0.0192 -0.0228 -0.9996
vn 0.0428 -0.0407 -0.9983
vn -0.0231 0.0167 -0.9996
vn -0.0264 0.0013 -0.9996
vn 0.6613 0.6276 -0.4108
vn -0.2002 -0.1242 -0.9718
vn -0.0081 -0.0264 -0.9996
vn -0.0124 0.0076 -0.9999
vn 0.3953 -0.4811 -0.7825
vn -0.0722 -0.0227 -0.9971
vn -0.0339 0.0300 -0.9990
vn -0.0483 0.0334 -0.9983
vn 0.0356 -0.0132 -0.9993
vn -0.0688 -0.0326 -0.9971
vn 0.6348 0.5217 -0.5700
vn -0.0242 0.0004 -0.9997
vn 0.0429 -0.1592 -0.9863
vn 0.0187 0.0079 -0.9998
vn 0.0573 0.0892 -0.9944
vn -0.0248 -0.0263 -0.9993
vn -0.2421 -0.1609 -0.9568
vn -0.0387 -0.0317 -0.9987
vn 0.0771 0.0627 -0.9951
vn -0.0045 0.0504 -0.9987
vn -0.0264 0.0063 -0.9996
vn -0.0175 0.0051 -0.9998
vn 0.0710 -0.0618 -0.9956
vn 0.0232 0.1215 -0.9923
vn 0.0010 -0.1083 -0.9941
vn 0.0148 -0.0089 -0.9999
vn 0.0455 0.0382 -0.9982
vn -0.0441 0.0192 -0.9988
vn -0.0530 0.0363 -0.9979
vn 0.4871 0.3441 -0.8027
vn 0.0408 -0.0854 -0.9955
vn -0.0163 -0.0148 -0.9998
vn 0.3473 -0.3620 -0.8650
vn 0.6332 -0.6446 -0.4285
vn 0.0169 0.0192 -0.9997
vn 0.0004 0.0160 -0.9999
vn -0.1055 -0.0122 -0.9943
vn -0.0512 0.0147 -0.9986
vn -0.0299 -0.0028 -0.9995
vn 0.0310 -0.0916 -0.9953
vn 0.0206 0.0743 -0.9970
vn -0.0067 0.0296 -0.9995
vn 0.0437 -0.0717 -0.9965
vn 0.7377 0.4928 -0.4614
vn -0.0236 -0.0466 -0.9986
vn 0.0273 0.0659 -0.9975
vn 0.5339 0.3535 -0.7681
vn -0.0566 0.0740 -0.9957
vn -0.0162 0.0107 -0.9998
vn 0.1186 -0.0772 -0.9899
vn -0.0960 -0.0835 -0.9919
vn 0.0998 -0.0636 -0.9930
vn 0.0243 0.0033 -0.9997
vn -0.0149 -0.0513 -0.9986
vn -0.0519 0.0115 -0.9986
vn 0.6034 -0.5170 -0.6071
vn 0.0416 -0.1150 -0.9925
vn -0.0010 0.0073 -1.0000
vn 0.0487 0.0287 -0.9984
vn 0.1605 -0.1010 -0.9819
vn 0.0084 0.0091 -0.9999
vn 0.2292 0.1232 -0.9656
vn 0.0281 0.0317 -0.9991
vn -0.0347 0.0215 -0.9992
vn -0.0475 0.0020 -0.9989
vn 0.6759 -0.4623 -0.5739
vn -0.0315 0.0110 -0.9994
vn 0.0286 -0.0268 -0.9992
vn 0.0689 -0.0109 -0.9976
vn 0.0086 -0.0724 -0.9973
vn 0.0134 -0.0062 -0.9999
vn -0.0019 0.0241 -0.9997
vn -0.1364 -0.0365 -0.9900
vn 0.0426 0.0022 -0.9991
vn 0.0095 0.0177 -0.9998
vn -0.0492 -0.0198 -0.9986
vn 0.5705 0.2898 -0.7685
vn -0.0613 0.0399 -0.9973
vn -0.0587 -0.0213 -0.9980
vn -0.0626 -0.0455 -0.9970
vn 0.3107 0.1375 -0.9405
vn 0.1225 -0.0721 -0.9898
vn -0.0259 0.0156 -0.9995
vn 0.0721 -0.0296 -0.9970
vn -0.0624 0.0654 -0.9959
vn 0.0006 0.0041 -1.0000
vn -0.0026 0.0033 -1.0000
vn -0.0484 -0.0121 -0.9988
vn -0.0357 0.0375 -0.9987
vn 0.0695 -0.0494 -0.9964
vn 0.5593 -0.3149 -0.7668
vn -0.0867 0.0454 -0.9952
vn 0.8180 0.4027 -0.4107
vn -0.0365 -0.0206 -0.9991
vn -0.0089 0.0114 -0.9999
vn -0.0256 0.0304 -0.9992
vn 0.0756 -0.0251 -0.9968
vn 0.8244 0.3742 -0.4247
vn -0.0177 0.0147 -0.9997
vn -0.1115 0.0157 -0.9936
vn -0.0392 0.0009 -0.9992
vn -0.0465 -0.0001 -0.9989
vn -0.0134 -0.0198 -0.9997
vn 0.5777 0.2455 -0.7784
vn 0.0978 -0.0368 -0.9945
vn 0.0084 -0.0257 -0.9996
vn 0.0070 0.0070 -1.0000
vn 0.6448 -0.3106 -0.6984
vn 0.4282 0.1654 -0.8884
vn 0.0501 0.0046 -0.9987
vn -0.0235 -0.0097 -0.9997
vn 0.0820 -0.0189 -0.9965
vn 0.3658 0.1140 -0.9237
vn 0.1465 -0.0196 -0.9890
vn 0.6225 -0.2389 -0.7453
vn -0.0172 0.0070 -0.9998
vn 0.0737 0.0218 -0.9970
vn 0.0148 -0.0097 -0.9998
vn 0.0220 0.0138 -0.9997
vn 0.0355 0.0015 -0.9994
vn 0.8402 0.3001 -0.4517
vn 0.2330 -0.0905 -0.9682
vn 0.0358 0.0054 -0.9993
vn 0.2964 0.1046 -0.9493
vn 0.3070 -0.0841 -0.9480
vn -0.0291 -0.0083 -0.9995
vn -0.0515 -0.0052 -0.9987
vn 0.8524 0.2815 -0.4406
vn 0.7986 -0.2252 -0.5582
vn 0.0730 -0.0313 -0.9968
vn -0.0382 0.0121 -0.9992
vn -0.1090 0.0184 -0.9939
vn 0.0360 -0.0323 -0.9988
vn 0.2250 0.0733 -0.9716
vn 0.0608 -0.0258 -0.9978
vn 0.8345 0.2398 -0.4961
vn 0.0105 0.0090 -0.9999
vn 0.2949 0.0389 -0.9547
vn 0.6992 -0.1476 -0.6995
vn -0.0026 -0.0110 -0.9999
vn 0.8449 -0.2095 -0.4922
vn 0.0519 0.0298 -0.9982
vn 0.2792 -0.0011 -0.9602
vn 0.0789 -0.0351 -0.9963
vn 0.7840 0.1723 -0.5963
vn 0.0533 0.0097 -0.9985
vn 0.4363 -0.0508 -0.8984
vn 0.6877 0.0682 -0.7228
vn 0.8748 0.1370 -0.4646
vn 0.5475 -0.0270 -0.8363
vn 0.8740 -0.1410 -0.4650
vn 0.7008 -0.0621 -0.7107
vn 0.7150 0.0502 -0.6974
vn 0.6128 0.0081 -0.7902
vn 0.8952 -0.0976 -0.4348
vn 0.7956 -0.0252 -0.6053
vn -0.5229 0.1741 0.8344
vn -0.7080 -0.0258 0.7057
vn -0.3993 -0.1695 0.9010
vn -0.7804 -0.3172 0.5389
vn -0.4410 0.2077 0.8732
vn -0.5495 0.5534 0.6259
vn -0.2110 0.1617 0.9640
vn -0.3592 0.4835 0.7982
vn -0.2854 0.4303 0.8564
vn -0.3311 0.8021 0.4970
vn -0.0659 0.4771 0.8764
vn -0.0172 0.8870 0.4614
vn 0.0971 0.5774 0.8106
vn 0.2671 0.8001 0.5371
vn 0.4853 0.0474 0.8730
vn 0.8019 0.0357 0.5964
vn 0.8017 0.0200 -0.5974
vn 0.9543 0.0394 -0.2963
vn 0.7644 -0.1209 0.6333
vn 0.4222 -0.0490 0.9052
vn 0.8545 0.0928 0.5111
vn 0.5820 0.0866 0.8086
vn 0.8937 0.1000 0.4373
vn 0.8891 -0.0454 0.4554
vn 0.7743 -0.0886 -0.6265
vn 0.6683 -0.0923 -0.7381
vn 0.8877 -0.1368 -0.4396
vn 0.9579 -0.0034 0.2871
vn 0.8684 -0.1423 0.4751
vn 0.9854 0.0303 0.1674
vn 0.0822 -0.9847 0.1538
vn 0.1921 -0.9813 -0.0137
vn 0.6794 -0.7279 0.0925
vn 0.0847 -0.9904 -0.1093
vn 0.7280 -0.6830 -0.0596
vn 0.9698 -0.0486 -0.2388
vn 0.8853 -0.0625 -0.4608
vn 0.9685 0.0758 -0.2373
vn 0.4963 -0.8473 -0.1890
vn 0.8972 -0.2033 -0.3921
vn 0.9880 0.0651 0.1399
vn 0.9976 -0.0240 -0.0644
vn 0.9042 0.0818 -0.4193
vn 0.6268 0.0601 -0.7768
vn 0.9744 0.0433 -0.2207
vn 0.7350 0.0422 -0.6767
vn 0.9273 -0.2179 0.3042
vn 0.6211 -0.0607 0.7813
vn 0.9916 0.0472 0.1204
vn 0.9850 -0.1131 0.1299
vn 0.9970 0.0475 -0.0607
vn 0.9261 -0.1315 -0.3535
vn 0.9965 -0.0373 0.0748
vn 0.9991 0.0250 0.0329
vn 0.9901 0.0590 -0.1273
vn 0.9343 -0.1406 0.3275
vn 0.9986 0.0478 0.0206
vn 0.9984 0.0486 -0.0294
vn 0.9963 -0.0839 -0.0187
vn 0.9797 -0.1427 -0.1405
vn 0.9868 -0.1215 -0.1067
vn 0.9986 0.0421 0.0334
vn 0.9928 -0.1176 0.0230
vn 0.9987 0.0400 -0.0324
vn 0.9949 0.0272 0.0973
vn 0.5801 -0.1251 0.8049
vn 0.5927 -0.1016 0.7990
vn 0.7749 -0.1725 0.6080
vn 0.8552 -0.1829 0.4850
vn 0.9996 -0.0156 -0.0243
vn 0.9538 -0.1857 -0.2363
vn 0.9777 -0.2046 0.0466
vn 0.8089 -0.1877 0.5572
vn 0.7568 -0.1887 0.6258
vn 0.9181 -0.1946 -0.3453
vn 0.8747 -0.2011 -0.4410
vn 0.7337 -0.1418 -0.6645
vn 0.9446 -0.2002 0.2600
vn 0.8298 -0.1978 -0.5218
vn 0.9684 -0.2431 -0.0555
vn 0.8159 -0.1902 -0.5460
vn 0.8818 -0.2659 0.3896
vn 0.4357 -0.1910 0.8796
vn 0.9340 -0.2596 0.2455
vn 0.7468 -0.2192 0.6279
vn 0.9416 -0.2646 -0.2084
vn 0.7886 -0.1973 -0.5823
vn 0.8902 -0.2552 -0.3774
vn 0.9551 -0.2908 0.0561
vn 0.7864 -0.1842 -0.5896
vn 0.7137 -0.2077 0.6689
vn 0.6650 -0.2259 -0.7118
vn 0.7489 -0.5501 0.3695
vn 0.6847 -0.2503 0.6845
vn 0.6450 -0.1549 0.7484
vn 0.6056 -0.2326 0.7610
vn 0.6980 -0.1686 -0.6959
vn 0.7720 -0.1848 -0.6082
vn 0.9112 -0.3998 -0.0994
vn 0.5428 -0.6795 -0.4935
vn 0.5137 -0.3244 -0.7942
vn -0.1933 -0.8549 0.4815
vn -0.7756 -0.5233 -0.3531
vn -0.4301 -0.2495 -0.8676
vn -0.4536 -0.1841 -0.8720
vn -0.8424 -0.4805 0.2440
vn -0.4265 -0.3844 0.8188
vn -0.7948 -0.2466 0.5545
vn -0.6978 -0.2211 -0.6813
vn -0.6528 -0.2416 -0.7180
vn -0.7569 -0.1832 -0.6274
vn -0.7699 -0.2000 -0.6060
vn -0.9301 -0.2890 -0.2266
vn -0.9128 -0.3025 0.2743
vn -0.7454 -0.2675 -0.6106
vn -0.8422 -0.2603 -0.4721
vn -0.7961 -0.1843 -0.5764
vn -0.7825 -0.1824 0.5954
vn -0.8542 -0.1996 0.4801
vn -0.9501 -0.2550 0.1796
vn -0.8575 -0.2174 -0.4664
vn -0.9463 -0.2480 -0.2074
vn -0.7900 -0.1593 -0.5920
vn -0.8875 -0.1927 -0.4185
vn -0.4762 -0.1910 -0.8583
vn -0.5556 -0.1139 -0.8236
vn -0.9078 -0.1959 0.3709
vn -0.9718 -0.2220 0.0792
vn -0.4244 -0.1895 -0.8854
vn -0.9454 -0.1973 -0.2595
vn -0.8789 -0.1510 -0.4525
vn -0.7358 -0.1692 -0.6558
vn -0.9143 -0.1435 0.3788
vn -0.9806 -0.1685 -0.0996
vn -0.5808 -0.1385 -0.8022
vn -0.9754 -0.1680 0.1424
vn -0.9577 -0.1402 -0.2514
vn -0.7692 -0.1230 -0.6270
vn -0.9747 -0.0826 -0.2076
vn -0.8789 -0.1269 -0.4597
vn -0.9451 -0.2601 0.1979
vn -0.9990 0.0273 0.0362
vn -0.9829 -0.1832 0.0194
vn -0.9603 -0.1033 0.2590
vn -0.9998 0.0058 -0.0180
vn -0.9683 -0.2427 -0.0585
vn -0.9979 0.0392 -0.0522
vn -0.8971 -0.0766 -0.4351
vn -0.9572 0.0518 0.2847
vn -0.5517 -0.8340 -0.0045
vn -0.9957 0.0665 0.0643
vn -0.9988 0.0496 -0.0015
vn -0.9971 -0.0723 -0.0250
vn -0.9742 -0.0142 -0.2251
vn -0.8263 -0.0754 0.5581
vn -0.9981 0.0525 0.0308
vn -0.9961 0.0561 -0.0686
vn -0.9574 0.0689 -0.2805
vn -0.8546 -0.4686 -0.2236
vn -0.8193 -0.0716 0.5690
vn -0.9879 -0.0361 0.1511
vn -0.7574 -0.0997 -0.6452
vn -0.9979 0.0100 0.0645
vn -0.9971 0.0256 -0.0714
vn -0.9678 0.0742 -0.2403
vn -0.2545 -0.9622 -0.0974
vn -0.9804 0.0663 0.1855
vn -0.9352 0.0429 0.3515
vn -0.6682 0.0090 -0.7439
vn -0.9080 -0.0282 0.4181
vn -0.3054 -0.9392 0.1568
vn -0.9677 0.0156 -0.2515
vn -0.7890 0.0571 -0.6117
vn -0.7514 0.1062 0.6513
vn -0.2184 -0.8856 0.4100
vn -0.7226 -0.1225 0.6803
vn -0.8609 -0.0050 -0.5088
vn -0.7798 0.0526 -0.6238
vn -0.7220 0.0746 -0.6878
vn -0.7607 -0.0323 -0.6483
vn -0.4515 -0.0000 -0.8923
vn -0.7863 0.0022 0.6179
vn 0.3387 -0.5015 0.7961
vn 0.2176 -0.6294 0.7460
vn 0.5004 -0.7365 0.4551
vn 0.1948 -0.3591 0.9128
vn 0.5119 0.6362 0.5772
vn 0.2987 0.4917 0.8179
vn 0.4306 -0.3901 0.8139
vn 0.6757 0.6223 0.3952
vn 0.4476 0.2510 0.8583
vn 0.7431 -0.4632 0.4829
vn 0.5436 -0.3444 0.7654
vn 0.5828 0.2866 0.7604
vn 0.8208 0.3028 0.4844
vn 0.4441 -0.1490 0.8835
vn 0.6240 0.0879 0.7765
vn 0.7383 -0.2846 0.6115
vn 0.7956 -0.1303 0.5917
vn 0.7103 0.1121 0.6949
vn 0.6356 0.0241 0.7717
vn 0.2679 -0.0755 0.9605
vn 0.2428 0.0073 0.9700
vn 0.1335 -0.0409 0.9902
vn -0.9935 0.0338 -0.1089
vn -0.9991 -0.0411 -0.0063
vn -0.9974 0.0325 0.0639
vn -0.9875 -0.0300 0.1546
vn -0.9907 -0.0975 0.0945
vn -0.9888 -0.1065 -0.1048
vn -0.9966 0.0683 -0.0462
vn -0.9808 0.0685 0.1826
vn -0.9874 -0.0438 -0.1520
vn -0.9585 0.0070 0.2851
vn -0.9953 0.0962 0.0134
vn -0.9502 -0.0579 0.3063
vn -0.9833 0.1022 -0.1505
vn -0.9649 0.0686 -0.2534
vn -0.9580 0.0057 -0.2867
vn -0.9535 -0.0694 -0.2933
vn -0.9274 -0.1015 0.3599
vn -0.9775 0.1365 0.1605
vn -0.9880 0.1539 -0.0106
vn -0.9730 -0.1485 0.1767
vn -0.9851 -0.1636 -0.0533
vn -0.9360 0.1213 0.3303
vn -0.9707 0.1561 -0.1829
vn -0.9006 0.0303 0.4335
vn -0.8221 -0.0306 0.5685
vn -0.8648 0.0582 0.4987
vn -0.8911 -0.0209 -0.4534
vn -0.9643 0.1808 0.1933
vn -0.9764 0.2084 -0.0575
vn -0.9282 -0.1268 -0.3498
vn -0.8860 0.0751 -0.4575
vn -0.8396 0.0437 -0.5415
vn -0.8999 -0.1581 0.4064
vn -0.9396 0.1014 -0.3270
vn -0.9393 -0.1607 -0.3033
vn -0.7842 -0.0709 -0.6164
vn -0.9674 0.2529 0.0170
vn -0.9374 0.2159 -0.2731
vn -0.9518 0.2836 -0.1167
vn -0.8838 0.1805 -0.4316
vn -0.9558 0.2772 0.0984
vn -0.7133 0.0714 -0.6972
vn -0.6610 -0.0514 0.7486
vn -0.6950 -0.1205 0.7089
vn -0.9092 0.2329 0.3452
vn -0.8824 0.2453 -0.4014
vn -0.9480 0.3159 0.0397
vn -0.5224 0.1101 0.8456
vn -0.7968 -0.2002 -0.5701
vn -0.9358 0.3307 -0.1225
vn -0.9089 0.3080 0.2811
vn -0.9060 0.2910 -0.3074
vn -0.7544 0.2406 0.6108
vn -0.9198 0.3347 0.2046
vn -0.9233 0.3841 0.0055
vn -0.4781 0.1391 -0.8673
vn -0.9086 0.3327 -0.2525
vn -0.7639 0.2687 0.5868
vn -0.7617 0.2683 -0.5898
vn -0.9136 0.3728 0.1622
vn -0.8488 0.3300 0.4131
vn -0.9101 0.3906 -0.1385
vn -0.8355 0.3474 -0.4257
vn -0.8973 0.4127 0.1570
vn -0.8895 0.4568 -0.0122
vn -0.8225 0.3641 0.4369
vn -0.4004 0.1728 -0.8999
vn -0.8900 0.4206 -0.1761
vn -0.8794 0.4702 -0.0751
vn -0.8143 0.3704 -0.4469
vn -0.8778 0.4519 0.1589
vn -0.8635 0.5009 0.0588
vn -0.8143 0.4001 -0.4206
vn -0.4269 0.1985 0.8822
vn -0.8593 0.5110 -0.0213
vn -0.8475 0.5141 -0.1319
vn -0.7342 0.4661 -0.4936
vn -0.3043 0.1986 -0.9316
vn -0.8335 0.5500 0.0525
vn -0.8120 0.5241 0.2569
vn -0.8085 0.5869 -0.0442
vn -0.8250 0.5508 -0.1267
vn -0.6734 0.4118 -0.6139
vn -0.7922 0.6053 0.0773
vn -0.7792 0.6094 -0.1465
vn -0.4124 0.2866 -0.8647
vn -0.6845 0.5422 0.4874
vn -0.7644 0.6438 -0.0342
vn -0.7367 0.6319 -0.2407
vn -0.3128 0.2570 -0.9144
vn -0.7530 0.6573 0.0308
vn -0.7297 0.6242 0.2790
vn -0.2383 0.2008 0.9502
vn -0.7143 0.6969 -0.0642
vn -0.6997 0.7086 0.0913
vn -0.7082 0.7060 0.0032
vn -0.4528 0.4176 -0.7878
vn -0.6987 0.6524 -0.2936
vn -0.6757 0.6746 -0.2973
vn -0.6554 0.7470 0.1114
vn -0.4602 0.4893 0.7408
vn -0.4310 0.4239 -0.7966
vn -0.6619 0.7496 -0.0003
vn -0.6319 0.7049 -0.3223
vn -0.6658 0.7423 -0.0759
vn -0.5801 0.8140 -0.0319
vn -0.6101 0.7760 -0.1601
vn -0.5675 0.8233 0.0137
vn -0.5926 0.7902 0.1564
vn -0.5257 0.8264 -0.2015
vn -0.3859 0.6506 -0.6540
vn -0.5054 0.8575 -0.0962
vn -0.5318 0.8361 0.1345
vn -0.4853 0.8721 0.0636
vn -0.4652 0.8848 -0.0260
vn -0.4339 0.8580 0.2747
vn -0.2968 0.6892 0.6610
vn -0.3952 0.7993 -0.4527
vn -0.3637 0.9180 -0.1582
vn -0.3517 0.8979 0.2646
vn -0.3644 0.9292 0.0619
vn -0.3006 0.9533 -0.0289
vn -0.1471 0.6539 0.7422
vn -0.2177 0.8693 -0.4437
vn -0.1899 0.9485 0.2537
vn -0.2013 0.9770 0.0701
vn -0.2435 0.9556 -0.1660
vn -0.0887 0.9936 -0.0699
vn -0.0636 0.7216 0.6893
vn -0.0742 0.9652 -0.2508
vn -0.0869 0.9962 0.0103
vn 0.0237 0.9940 0.1063
vn 0.0619 0.9388 0.3389
vn -0.0144 0.8709 -0.4913
vn 0.0783 0.9888 -0.1272
vn -0.9520 -0.2218 0.2110
vn -0.9659 -0.2571 0.0303
vn -0.9583 -0.2419 -0.1524
vn -0.9115 -0.2526 -0.3247
vn -0.9422 -0.3241 -0.0844
vn -0.9303 -0.3118 0.1931
vn -0.9048 -0.3172 -0.2841
vn -0.9183 -0.3829 0.1004
vn -0.8719 -0.3179 0.3724
vn -0.6400 -0.2069 0.7400
vn -0.9112 -0.3888 -0.1364
vn -0.8772 -0.3845 0.2877
vn -0.7257 -0.2644 -0.6351
vn -0.8579 -0.3759 -0.3502
vn -0.6085 -0.2755 0.7442
vn -0.8836 -0.4682 0.0004
vn -0.8871 -0.4168 -0.1984
vn -0.3764 -0.1414 -0.9156
vn -0.8654 -0.4520 0.2160
vn -0.8385 -0.4801 -0.2577
vn -0.5918 -0.2619 -0.7624
vn -0.7778 -0.4409 -0.4479
vn -0.8430 -0.5350 0.0560
vn -0.7560 -0.4189 0.5031
vn -0.8150 -0.5511 -0.1790
vn -0.8097 -0.5092 0.2918
vn -0.7790 -0.6270 0.0032
vn -0.6876 -0.5308 0.4954
vn -0.5645 -0.3634 0.7411
vn -0.7896 -0.5805 0.1987
vn -0.7568 -0.6295 -0.1758
vn -0.6953 -0.5656 -0.4434
vn -0.7432 -0.6384 0.2001
vn -0.6799 -0.7246 0.1129
vn -0.7183 -0.6935 -0.0554
vn -0.6709 -0.6956 -0.2568
vn -0.6726 -0.6462 0.3606
vn -0.5407 -0.5287 0.6544
vn -0.5971 -0.7195 0.3548
vn -0.4518 -0.4365 -0.7781
vn -0.5559 -0.6464 -0.5227
vn -0.6272 -0.7731 -0.0946
vn -0.5966 -0.8023 0.0216
vn -0.5729 -0.7640 -0.2967
vn -0.5477 -0.8232 0.1498
vn -0.5102 -0.8457 -0.1566
vn -0.4462 -0.7514 -0.4861
vn -0.5055 -0.8625 0.0254
vn -0.4506 -0.6077 0.6540
vn -0.4587 -0.8114 0.3622
vn -0.4141 -0.9074 -0.0714
vn -0.3692 -0.8874 -0.2762
vn -0.3878 -0.9192 0.0689
vn -0.3308 -0.7796 0.5318
vn -0.4200 -0.8920 0.1674
vn -0.2744 -0.4299 -0.8601
vn -0.2869 -0.9332 0.2164
vn -0.2924 -0.9558 -0.0316
vn -0.2477 -0.9432 -0.2215
vn -0.2158 -0.9743 0.0643
vn -0.1893 -0.9808 -0.0471
vn -0.1391 -0.8918 -0.4306
vn -0.1462 -0.9640 0.2222
vn -0.1158 -0.9837 -0.1379
vn -0.0724 -0.9973 0.0152
vn -0.0525 -0.8677 0.4944
vn 0.0846 -0.9904 -0.1093
vn 0.1920 -0.9813 -0.0137
vn 0.2198 -0.4832 0.8475
vn 0.4010 -0.8309 0.3858
vn 0.7279 -0.6830 -0.0596
vn -0.0869 0.9962 0.0102
vn 0.1419 0.9898 -0.0122
vn -0.0886 0.9936 -0.0699
vn 0.1679 0.9323 -0.3203
vn 0.0620 0.9388 0.3388
vn 0.2403 0.9663 0.0929
vn 0.2535 0.9597 -0.1215
vn 0.2165 0.9271 0.3058
vn 0.2756 0.9020 -0.3323
vn 0.3050 0.9520 -0.0260
vn 0.2217 0.6692 -0.7093
vn 0.3810 0.9232 0.0506
vn 0.3723 0.9104 0.1803
vn 0.2516 0.7498 0.6120
vn 0.3712 0.9175 -0.1431
vn 0.4360 0.8994 -0.0307
vn 0.4603 0.8857 0.0605
vn 0.4764 0.8719 -0.1132
vn 0.4673 0.8564 0.2197
vn 0.4875 0.8730 -0.0144
vn 0.2812 0.5424 -0.7917
vn 0.5003 0.8257 -0.2606
vn 0.5351 0.8359 0.1225
vn 0.5416 0.8390 -0.0523
vn 0.5350 0.8443 0.0300
vn 0.5832 0.7963 0.1603
vn 0.5864 0.8079 -0.0584
vn 0.5975 0.8015 0.0241
vn 0.3510 0.4903 0.7978
vn 0.5897 0.7337 0.3374
vn 0.5695 0.8050 -0.1664
vn 0.3893 0.6196 -0.6816
vn 0.4292 0.5499 -0.7165
vn 0.6407 0.7642 0.0737
vn 0.6484 0.7612 -0.0060
vn 0.6365 0.7001 -0.3236
vn 0.6465 0.7542 -0.1153
vn 0.6831 0.7294 0.0366
vn 0.5948 0.6053 0.5290
vn 0.6856 0.7271 -0.0354
vn 0.6843 0.7057 0.1836
vn 0.6391 0.6748 -0.3690
vn 0.7041 0.7101 -0.0004
vn 0.7089 0.6981 -0.1008
vn 0.3470 0.3476 -0.8711
vn 0.5883 0.5356 0.6059
vn 0.7209 0.6823 0.1218
vn 0.6613 0.6277 -0.4107
vn 0.7380 0.6733 -0.0445
vn 0.7477 0.6639 0.0130
vn 0.6829 0.6208 0.3850
vn 0.7502 0.6410 -0.1624
vn 0.7614 0.6392 0.1085
vn 0.7846 0.6176 -0.0543
vn 0.7870 0.6167 0.0154
vn 0.7690 0.5867 0.2538
vn 0.4924 0.3880 0.7791
vn 0.7773 0.5841 -0.2337
vn 0.4872 0.3441 -0.8026
vn 0.6397 0.4604 0.6155
vn 0.8157 0.5737 0.0739
vn 0.7378 0.4928 -0.4613
vn 0.8198 0.5725 -0.0129
vn 0.8187 0.5604 -0.1250
vn 0.8107 0.5282 0.2523
vn 0.5114 0.3195 0.7977
vn 0.8056 0.4752 -0.3539
vn 0.5340 0.3535 -0.7681
vn 0.7908 0.4831 0.3758
vn 0.8425 0.5312 0.0900
vn 0.2291 0.1232 -0.9656
vn 0.4138 0.2277 0.8814
vn 0.8471 0.5314 -0.0046
vn 0.8478 0.5232 -0.0869
vn 0.8438 0.4858 0.2278
vn 0.6696 0.3739 0.6418
vn 0.8714 0.4871 -0.0585
vn 0.8667 0.4718 -0.1618
vn 0.5705 0.2898 -0.7684
vn 0.8246 0.4233 0.3753
vn 0.4580 0.2443 0.8547
vn 0.8705 0.4906 0.0399
vn 0.8726 0.4690 0.1363
vn 0.8180 0.4028 -0.4107
vn 0.6746 0.3064 0.6716
vn 0.8686 0.4069 0.2827
vn 0.8856 0.4398 -0.1494
vn 0.8954 0.4379 0.0811
vn 0.8877 0.4598 -0.0227
vn 0.8244 0.3743 -0.4246
vn 0.7857 0.3295 0.5236
vn 0.8945 0.3807 -0.2343
vn 0.5778 0.2456 -0.7784
vn 0.9052 0.4204 -0.0616
vn 0.8856 0.3809 0.2657
vn 0.8451 0.3346 -0.4169
vn 0.4283 0.1654 -0.8884
vn 0.8602 0.3296 0.3891
vn 0.5967 0.2086 0.7749
vn 0.9151 0.4011 -0.0418
vn 0.9139 0.3917 0.1063
vn 0.9114 0.3644 -0.1911
vn 0.8402 0.3001 -0.4516
vn 0.8619 0.2850 0.4194
vn 0.5055 0.1459 0.8504
vn 0.9121 0.3388 0.2307
vn 0.9308 0.3621 0.0504
vn 0.9163 0.3229 -0.2370
vn 0.9345 0.3390 0.1084
vn 0.9344 0.3463 -0.0833
vn 0.6946 0.2053 0.6895
vn 0.9112 0.2942 0.2885
vn 0.8959 0.2706 0.3523
vn 0.8346 0.2398 -0.4960
vn 0.9458 0.2895 0.1474
vn 0.9472 0.3196 0.0258
vn 0.9336 0.2995 -0.1968
vn 0.9556 0.2906 -0.0492
vn 0.9224 0.2602 -0.2853
vn 0.9121 0.2161 0.3483
vn 0.9442 0.2580 0.2048
vn 0.7841 0.1723 -0.5962
vn 0.9325 0.2003 -0.3004
vn 0.9666 0.2534 0.0393
vn 0.9150 0.1582 0.3711
vn 0.9676 0.2245 -0.1154
vn 0.8749 0.1370 -0.4646
vn 0.7698 0.1263 0.6257
vn 0.6227 -0.0770 0.7786
vn 0.8976 -0.1287 0.4217
vn 0.7273 -0.0430 0.6850
vn 0.9060 -0.0466 0.4207
vn 0.9607 0.2096 0.1822
vn 0.6878 0.0682 -0.7227
vn 0.9288 0.1127 -0.3530
vn 0.7192 0.1065 0.6866
vn 0.9330 0.1123 0.3418
vn 0.9621 0.1582 -0.2223
vn 0.9235 0.0534 -0.3798
vn 0.7150 0.0502 -0.6973
vn 0.9147 0.0251 -0.4033
vn 0.6129 0.0081 -0.7901
vn 0.8690 0.0686 0.4900
vn 0.7008 -0.0621 -0.7106
vn 0.7957 -0.0252 -0.6052
vn 0.9371 -0.0406 -0.3467
vn 0.9804 0.1963 0.0181
vn 0.5476 -0.0269 -0.8363
vn 0.9321 -0.0689 -0.3557
vn 0.9536 0.0577 0.2956
vn 0.9840 0.1567 -0.0850
vn 0.9285 0.0008 0.3712
vn 0.7581 -0.0168 0.6519
vn 0.9727 0.1477 0.1788
vn 0.9648 -0.0975 0.2441
vn 0.9759 0.1075 -0.1898
vn 0.9632 -0.1368 -0.2315
vn 0.9876 0.0916 0.1273
vn 0.9899 0.1358 0.0402
vn 0.9873 -0.0542 0.1495
vn 0.9781 0.0098 -0.2078
vn 0.9942 0.0963 -0.0482
vn 0.9782 0.0579 -0.1995
vn 0.9826 -0.0858 -0.1647
vn 0.9885 -0.0415 -0.1456
vn 0.9874 -0.0082 0.1581
vn 0.9954 -0.0843 0.0462
vn 0.9775 -0.1307 0.1655
vn 0.9901 -0.1373 -0.0307
vn 0.9920 0.0521 0.1147
vn 0.9990 0.0384 -0.0227
vn 0.9999 -0.0136 -0.0078
vn -0.3053 -0.9393 0.1568
vn -0.5517 -0.8341 -0.0045
vn 0.0164 -0.9970 0.0750
vn 0.0592 -0.9852 -0.1608
vn -0.2183 -0.8856 0.4100
vn 0.0284 -0.8538 -0.5199
vn 0.1370 -0.9365 0.3227
vn 0.0278 -0.6534 0.7565
vn 0.1804 -0.9833 -0.0226
vn 0.2279 -0.9659 0.1233
vn 0.1265 -0.8278 -0.5466
vn 0.2419 -0.9550 -0.1718
vn 0.3251 -0.9448 -0.0412
vn 0.3106 -0.8775 0.3653
vn 0.3550 -0.9224 0.1523
vn 0.4051 -0.8736 -0.2698
vn 0.3161 -0.6446 0.6961
vn 0.4842 -0.8096 0.3319
vn 0.4191 -0.9073 0.0322
vn 0.4737 -0.8744 -0.1050
vn 0.4913 -0.8541 0.1705
vn 0.4444 -0.6776 -0.5859
vn 0.5479 -0.8358 0.0365
vn 0.5452 -0.8084 -0.2219
vn 0.6161 -0.7685 0.1729
vn 0.6225 -0.6876 0.3737
vn 0.6229 -0.7810 -0.0436
vn 0.6127 -0.7287 -0.3058
vn 0.3953 -0.4812 -0.7824
vn 0.7010 -0.7061 0.1007
vn 0.6997 -0.7019 -0.1332
vn 0.5925 -0.5303 0.6065
vn 0.4194 -0.4182 0.8057
vn 0.6924 -0.6654 0.2789
vn 0.7183 -0.6191 -0.3175
vn 0.6917 -0.5395 0.4801
vn 0.6035 -0.5170 -0.6071
vn 0.7560 -0.6464 0.1034
vn 0.7664 -0.6387 -0.0680
vn 0.6759 -0.4624 -0.5739
vn 0.7468 -0.5890 0.3088
vn 0.7271 -0.5049 0.4653
vn 0.8198 -0.5720 0.0258
vn 0.4353 -0.2862 0.8536
vn 0.7998 -0.5551 -0.2286
vn 0.7987 -0.5624 0.2138
vn 0.8397 -0.4456 -0.3104
vn 0.7223 -0.4244 0.5461
vn 0.8208 -0.5036 0.2694
vn 0.5593 -0.3150 -0.7668
vn 0.8512 -0.5123 -0.1139
vn 0.8237 -0.4441 0.3526
vn 0.8597 -0.4996 0.1061
vn 0.6663 -0.3220 0.6726
vn 0.8809 -0.4496 0.1478
vn 0.8161 -0.3796 0.4358
vn 0.8902 -0.4420 -0.1108
vn 0.8636 -0.3983 -0.3090
vn 0.4750 -0.2007 0.8568
vn 0.8319 -0.3439 0.4355
vn 0.6225 -0.2389 -0.7452
vn 0.8758 -0.3889 0.2858
vn 0.9066 -0.4050 -0.1188
vn 0.9099 -0.4093 0.0679
vn 0.9071 -0.3592 0.2192
vn 0.8079 -0.2687 0.5244
vn 0.9012 -0.3624 -0.2376
vn 0.8824 -0.3136 0.3506
vn 0.8908 -0.3033 -0.3385
vn 0.7986 -0.2252 -0.5581
vn 0.9408 -0.3079 -0.1416
vn 0.9201 -0.3363 0.2005
vn 0.9392 -0.3424 0.0275
vn 0.9448 -0.2469 -0.2153
vn 0.9015 -0.2351 0.3633
vn 0.9386 -0.2826 0.1979
vn 0.9579 -0.2872 -0.0022
vn 0.6993 -0.1476 -0.6994
vn 0.9347 -0.1805 -0.3062
vn 0.9433 -0.1885 0.2734
vn 0.9644 -0.2315 0.1275
vn 0.8976 -0.1288 0.4217
vn 0.9733 -0.2244 -0.0488
vn 0.9743 -0.1792 -0.1364
vn 0.9632 -0.1368 -0.2316
vn 0.9830 -0.1725 0.0632
vn 0.9648 -0.0976 0.2441
vn 0.6200 0.1665 0.7667
vn 0.2953 0.5925 0.7495
vn 0.1888 0.2284 0.9551
vn 0.4659 -0.2578 0.8465
vn 0.0282 -0.3561 0.9340
vn 0.3851 -0.6763 0.6280
vn -0.1381 -0.7209 0.6791
vn 0.0388 -0.9147 0.4024
vn -0.3113 0.5482 0.7763
vn -0.1645 -0.7248 0.6690
vn 0.1596 -0.9650 0.2079
vn -0.4851 -0.7653 0.4231
vn -0.4180 0.0894 0.9041
vn -0.5672 -0.3769 0.7322
vn -0.5006 -0.7377 0.4530
vn -0.7658 0.1212 0.6316
vn -0.7758 -0.5787 0.2515
vn -0.8134 -0.3457 0.4679
vn -0.4608 -0.3182 0.8285
vn 0.9608 0.1782 0.2124
vn 0.9025 -0.1422 0.4066
vn 0.7965 0.1650 0.5817
vn 0.9322 -0.1642 0.3226
vn 0.7067 0.5748 0.4127
vn 0.8292 -0.5230 0.1971
vn 0.4428 -0.3877 0.8085
vn 0.7714 0.5454 0.3278
vn 0.8794 0.1090 0.4634
vn 0.7195 -0.5703 0.3963
vn 0.5104 -0.8110 0.2859
vn 0.7759 -0.2396 0.5836
vn 0.6391 0.5326 0.5548
vn 0.4594 0.8031 0.3794
vn 0.3851 -0.6763 0.6279
vn 0.4659 -0.2578 0.8464
vn 0.1844 -0.3817 0.9057
vn 0.2954 0.5926 0.7494
vn 0.1597 -0.9650 0.2079
vn 0.0389 -0.9147 0.4024
vn -0.1647 -0.7248 0.6690
vn 0.2344 0.8337 0.5000
vn 0.2953 0.5926 0.7494
vn 0.0557 0.8163 0.5750
vn 0.0046 0.9405 0.3397
vn -0.3568 0.8570 0.3719
vn -0.3114 0.5482 0.7762
vn -0.3977 0.7824 0.4792
vn -0.0250 0.0072 0.9997
vn -0.4659 0.5690 0.6776
vn -0.5743 0.7613 0.3011
vn -0.7281 0.4632 0.5053
vn -0.7658 0.1213 0.6316
vn -0.4180 0.0894 0.9040
vn -0.8448 0.4823 0.2316
vn -0.5886 0.1822 0.7876
vn -0.9393 0.1503 0.3084
vn -0.8134 -0.3456 0.4679
vn -0.7758 -0.5787 0.2514
vn -0.6517 -0.0837 0.7539
vn -0.9261 -0.2927 0.2381
vt 0.302653 0.654417
vt 0.298041 0.675611
vt 0.289911 0.677306
vt 0.286363 0.688802
vt 0.293763 0.690020
vt 0.286716 0.702721
vt 0.316697 0.632447
vt 0.311264 0.651120
vt 0.303098 0.682082
vt 0.307682 0.667151
vt 0.325580 0.623922
vt 0.323870 0.614472
vt 0.797570 0.276849
vt 0.792109 0.288586
vt 0.789372 0.272224
vt 0.300434 0.699301
vt 0.276339 0.725434
vt 0.285468 0.721810
vt 0.317780 0.653405
vt 0.799104 0.290008
vt 0.338525 0.599253
vt 0.275327 0.742750
vt 0.299098 0.709689
vt 0.779766 0.279845
vt 0.783448 0.269331
vt 0.332480 0.631896
vt 0.800494 0.304149
vt 0.316357 0.667981
vt 0.308630 0.689926
vt 0.773844 0.271289
vt 0.281398 0.739107
vt 0.269700 0.761625
vt 0.274791 0.767000
vt 0.762812 0.259761
vt 0.768139 0.251401
vt 0.788324 0.292521
vt 0.287087 0.736534
vt 0.796723 0.307820
vt 0.283769 0.760739
vt 0.316294 0.676934
vt 0.296163 0.722058
vt 0.780390 0.287504
vt 0.758847 0.244115
vt 0.788706 0.306017
vt 0.294729 0.751105
vt 0.800496 0.315527
vt 0.804887 0.322268
vt 0.297042 0.730845
vt 0.267542 0.780822
vt 0.325063 0.684890
vt 0.290083 0.739955
vt 0.794441 0.316223
vt 0.779892 0.299232
vt 0.325193 0.671710
vt 0.799811 0.325673
vt 0.750692 0.249518
vt 0.766179 0.281069
vt 0.319626 0.704314
vt 0.310097 0.716873
vt 0.759699 0.270688
vt 0.309247 0.723698
vt 0.269655 0.794055
vt 0.299823 0.740108
vt 0.761036 0.287490
vt 0.760653 0.276508
vt 0.768116 0.294071
vt 0.262695 0.792654
vt 0.810868 0.334304
vt 0.804111 0.347935
vt 0.262451 0.812340
vt 0.279263 0.786878
vt 0.284984 0.776044
vt 0.751023 0.258262
vt 0.792365 0.327927
vt 0.742008 0.254106
vt 0.275970 0.799694
vt 0.291277 0.767985
vt 0.777461 0.310421
vt 0.333247 0.676995
vt 0.782968 0.319765
vt 0.751799 0.267822
vt 0.813836 0.354464
vt 0.266697 0.811537
vt 0.797739 0.352954
vt 0.755333 0.281658
vt 0.735068 0.264910
vt 0.317540 0.732003
vt 0.790411 0.344694
vt 0.808908 0.360576
vt 0.745703 0.272307
vt 0.327539 0.714625
vt 0.264434 0.829834
vt 0.270155 0.818682
vt 0.341909 0.690561
vt 0.311678 0.747747
vt 0.318466 0.720153
vt 0.300856 0.774547
vt 0.277460 0.810040
vt 0.754572 0.299897
vt 0.779681 0.339838
vt 0.745506 0.281941
vt 0.334520 0.697848
vt 0.311324 0.760920
vt 0.315044 0.740345
vt 0.292145 0.788436
vt 0.805807 0.372729
vt 0.766669 0.322877
vt 0.266984 0.834457
vt 0.748578 0.291077
vt 0.284596 0.807670
vt 0.761853 0.308611
vt 0.290020 0.799880
vt 0.277051 0.822347
vt 0.273869 0.831822
vt 0.726644 0.256359
vt 0.264720 0.845280
vt 0.258895 0.840775
vt 0.815281 0.380874
vt 0.733240 0.279404
vt 0.332775 0.707636
vt 0.306716 0.782924
vt 0.269669 0.840340
vt 0.333172 0.724828
vt 0.800654 0.365516
vt 0.727453 0.271958
vt 0.288312 0.822332
vt 0.769288 0.338207
vt 0.800336 0.376907
vt 0.282837 0.833754
vt 0.780981 0.350537
vt 0.331833 0.735523
vt 0.787764 0.362907
vt 0.347049 0.705162
vt 0.299218 0.795527
vt 0.295675 0.817361
vt 0.795668 0.372585
vt 0.790771 0.369396
vt 0.805860 0.386461
vt 0.266766 0.856652
vt 0.782010 0.360278
vt 0.752970 0.317334
vt 0.263339 0.862016
vt 0.273873 0.850323
vt 0.309704 0.793793
vt 0.744308 0.308998
vt 0.798779 0.387763
vt 0.758907 0.331713
vt 0.327724 0.746926
vt 0.280070 0.845821
vt 0.297351 0.808264
vt 0.734611 0.297386
vt 0.339843 0.714698
vt 0.709010 0.266788
vt 0.350429 0.725244
vt 0.329317 0.769916
vt 0.325307 0.753231
vt 0.304161 0.805727
vt 0.772360 0.358033
vt 0.721806 0.287821
vt 0.728225 0.306561
vt 0.271729 0.864765
vt 0.802002 0.396535
vt 0.747802 0.336337
vt 0.788027 0.380666
vt 0.341069 0.743845
vt 0.292321 0.833182
vt 0.723829 0.294888
vt 0.807080 0.406168
vt 0.267556 0.875195
vt 0.308943 0.801677
vt 0.712351 0.256016
vt 0.288150 0.857071
vt 0.765574 0.352869
vt 0.280451 0.864039
vt 0.291767 0.846783
vt 0.334570 0.759632
vt 0.775322 0.376431
vt 0.738564 0.324167
vt 0.782989 0.375676
vt 0.262915 0.884572
vt 0.770760 0.368610
vt 0.797390 0.400978
vt 0.309256 0.812345
vt 0.313036 0.822001
vt 0.802371 0.406456
vt 0.788909 0.388727
vt 0.753818 0.349115
vt 0.790918 0.397694
vt 0.337858 0.751520
vt 0.713805 0.284122
vt 0.771377 0.373450
vt 0.313207 0.834272
vt 0.726012 0.316229
vt 0.753946 0.360182
vt 0.303203 0.837879
vt 0.273999 0.884202
vt 0.701328 0.277676
vt 0.279006 0.878414
vt 0.269718 0.897643
vt 0.762741 0.360786
vt 0.284944 0.861518
vt 0.778413 0.383831
vt 0.346163 0.734981
vt 0.796506 0.413102
vt 0.762961 0.367935
vt 0.330827 0.783099
vt 0.326105 0.792590
vt 0.779921 0.389878
vt 0.799946 0.419444
vt 0.284194 0.873048
vt 0.299273 0.844477
vt 0.777590 0.401850
vt 0.689081 0.263077
vt 0.325086 0.804035
vt 0.791844 0.412930
vt 0.321957 0.810663
vt 0.362870 0.723220
vt 0.287603 0.881895
vt 0.362058 0.738427
vt 0.356246 0.743042
vt 0.755560 0.391429
vt 0.290770 0.870766
vt 0.793298 0.424500
vt 0.742786 0.350163
vt 0.709698 0.309043
vt 0.299025 0.870363
vt 0.755069 0.369713
vt 0.699018 0.293830
vt 0.300742 0.860461
vt 0.801098 0.430421
vt 0.780599 0.411498
vt 0.700105 0.286446
vt 0.731951 0.339308
vt 0.356203 0.754844
vt 0.767365 0.399670
vt 0.349573 0.764675
vt 0.765841 0.389412
vt 0.753842 0.384551
vt 0.274843 0.906949
vt 0.684473 0.279100
vt 0.719710 0.332684
vt 0.280732 0.894607
vt 0.348436 0.772982
vt 0.327475 0.820390
vt 0.794458 0.432715
vt 0.278812 0.902346
vt 0.309432 0.851294
vt 0.733783 0.350669
vt 0.738836 0.360129
vt 0.786101 0.417138
vt 0.743549 0.361627
vt 0.290744 0.892234
vt 0.681141 0.271883
vt 0.315278 0.844967
vt 0.297879 0.882069
vt 0.267585 0.911681
vt 0.274869 0.924561
vt 0.784808 0.426207
vt 0.745400 0.374934
vt 0.791827 0.430921
vt 0.744707 0.383223
vt 0.337233 0.798518
vt 0.696960 0.300970
vt 0.348499 0.795469
vt 0.276456 0.918797
vt 0.678470 0.291487
vt 0.311653 0.861038
vt 0.286230 0.902069
vt 0.291751 0.900604
vt 0.728169 0.363106
vt 0.280698 0.911404
vt 0.791931 0.442594
vt 0.741204 0.370963
vt 0.347690 0.785460
vt 0.721176 0.351365
vt 0.795532 0.446376
vt 0.289957 0.910096
vt 0.704597 0.325649
vt 0.785099 0.440176
vt 0.347713 0.810605
vt 0.778383 0.436418
vt 0.773301 0.431394
vt 0.772215 0.421853
vt 0.328899 0.838287
vt 0.329603 0.825729
vt 0.379308 0.735419
vt 0.692927 0.311767
vt 0.716583 0.346156
vt 0.360749 0.769437
vt 0.670135 0.273754
vt 0.359506 0.781989
vt 0.312602 0.873625
vt 0.728939 0.371051
vt 0.332614 0.831579
vt 0.378460 0.751740
vt 0.785640 0.446883
vt 0.282209 0.920717
vt 0.764991 0.415858
vt 0.692503 0.325003
vt 0.752756 0.402722
vt 0.348942 0.820709
vt 0.764614 0.423856
vt 0.368974 0.766114
vt 0.767638 0.430022
vt 0.718588 0.360857
vt 0.285998 0.920137
vt 0.682401 0.300585
vt 0.325206 0.861613
vt 0.282826 0.928256
vt 0.708681 0.341376
vt 0.299870 0.910542
vt 0.310476 0.883071
vt 0.323137 0.854506
vt 0.785289 0.454423
vt 0.684678 0.306114
vt 0.291544 0.918759
vt 0.724527 0.380296
vt 0.664504 0.286766
vt 0.331694 0.855050
vt 0.371784 0.760105
vt 0.304469 0.903846
vt 0.368632 0.777545
vt 0.746222 0.420786
vt 0.283985 0.940447
vt 0.277683 0.939478
vt 0.293543 0.926173
vt 0.287896 0.928726
vt 0.757127 0.422703
vt 0.366416 0.792232
vt 0.726338 0.388308
vt 0.308981 0.891077
vt 0.771850 0.450516
vt 0.330829 0.846436
vt 0.694906 0.345209
vt 0.327375 0.873978
vt 0.371166 0.771666
vt 0.343253 0.830262
vt 0.784308 0.463970
vt 0.287209 0.935981
vt 0.707824 0.359401
vt 0.395134 0.750231
vt 0.704053 0.352008
vt 0.775673 0.453857
vt 0.737454 0.398441
vt 0.298872 0.916002
vt 0.338152 0.843376
vt 0.380520 0.763793
vt 0.315899 0.902183
vt 0.319074 0.882839
vt 0.736019 0.409410
vt 0.673470 0.303891
vt 0.725023 0.398943
vt 0.777483 0.465811
vt 0.751069 0.439242
vt 0.761055 0.442567
vt 0.775027 0.462259
vt 0.713616 0.371125
vt 0.362345 0.803608
vt 0.287252 0.953259
vt 0.325297 0.897780
vt 0.673244 0.314768
vt 0.301224 0.922000
vt 0.298456 0.936979
vt 0.292665 0.946759
vt 0.395632 0.744191
vt 0.308466 0.913770
vt 0.346354 0.837862
vt 0.663627 0.304575
vt 0.653606 0.285125
vt 0.369385 0.800364
vt 0.660411 0.297435
vt 0.751936 0.431412
vt 0.331720 0.887999
vt 0.687937 0.337668
vt 0.677582 0.323133
vt 0.702736 0.367885
vt 0.381135 0.772079
vt 0.762385 0.448222
vt 0.340084 0.855474
vt 0.352948 0.830710
vt 0.392938 0.763351
vt 0.307201 0.932455
vt 0.346412 0.846556
vt 0.713625 0.381599
vt 0.376556 0.784323
vt 0.676703 0.336578
vt 0.730285 0.407956
vt 0.386500 0.772293
vt 0.317871 0.911275
vt 0.309411 0.923327
vt 0.380866 0.777792
vt 0.693729 0.369338
vt 0.369970 0.811967
vt 0.725865 0.407165
vt 0.746064 0.430924
vt 0.660397 0.312456
vt 0.692416 0.359021
vt 0.716309 0.398746
vt 0.340270 0.872527
vt 0.356703 0.839341
vt 0.762811 0.455367
vt 0.706747 0.381487
vt 0.294805 0.959446
vt 0.764152 0.463330
vt 0.347576 0.853783
vt 0.662067 0.333306
vt 0.699232 0.379038
vt 0.711867 0.393568
vt 0.771374 0.480471
vt 0.305192 0.950787
vt 0.659614 0.323748
vt 0.375499 0.823199
vt 0.344479 0.868299
vt 0.646989 0.298968
vt 0.357131 0.847777
vt 0.352887 0.862231
vt 0.296755 0.969644
vt 0.303269 0.960604
vt 0.678687 0.347923
vt 0.768016 0.474496
vt 0.755228 0.456422
vt 0.750157 0.447417
vt 0.675281 0.345133
vt 0.384219 0.785937
vt 0.742993 0.438436
vt 0.365640 0.832870
vt 0.389001 0.792564
vt 0.646384 0.309678
vt 0.643448 0.291808
vt 0.405539 0.749175
vt 0.762103 0.473481
vt 0.724635 0.418383
vt 0.327022 0.923925
vt 0.651209 0.312442
vt 0.753557 0.452013
vt 0.313408 0.943076
vt 0.396537 0.770873
vt 0.303378 0.966950
vt 0.737678 0.437091
vt 0.403867 0.757492
vt 0.732750 0.431477
vt 0.302573 0.970838
vt 0.356865 0.856663
vt 0.755257 0.468564
vt 0.765169 0.482647
vt 0.682634 0.370574
vt 0.382971 0.806260
vt 0.699457 0.388338
vt 0.711656 0.404458
vt 0.674294 0.357844
vt 0.746308 0.452549
vt 0.318619 0.929109
vt 0.701176 0.393296
vt 0.350110 0.889973
vt 0.639452 0.306577
vt 0.742280 0.444289
vt 0.411287 0.754052
vt 0.338870 0.902534
vt 0.319422 0.938218
vt 0.661497 0.347273
vt 0.333185 0.916353
vt 0.420260 0.745985
vt 0.737031 0.449017
vt 0.720268 0.423712
vt 0.746508 0.462526
vt 0.369547 0.848442
vt 0.709325 0.414121
vt 0.383820 0.815076
vt 0.332485 0.909620
vt 0.354580 0.881190
vt 0.311837 0.959716
vt 0.355353 0.869941
vt 0.364559 0.855323
vt 0.759019 0.482895
vt 0.684955 0.382014
vt 0.666739 0.352329
vt 0.648034 0.325002
vt 0.692990 0.394608
vt 0.635779 0.309184
vt 0.637770 0.288092
vt 0.642551 0.295115
vt 0.630554 0.272733
vt 0.632016 0.291325
vt 0.618886 0.274988
vt 0.347112 0.900945
vt 0.327102 0.933041
vt 0.618953 0.260126
vt 0.672754 0.367776
vt 0.747286 0.475527
vt 0.761366 0.490268
vt 0.358919 0.876461
vt 0.384384 0.838030
vt 0.425378 0.750271
vt 0.648064 0.333261
vt 0.343163 0.917019
vt 0.393822 0.816729
vt 0.311723 0.976798
vt 0.314066 0.972934
vt 0.601452 0.261491
vt 0.336588 0.933542
vt 0.636411 0.323634
vt 0.315199 0.967180
vt 0.628675 0.304173
vt 0.308901 0.981581
vt 0.371459 0.861141
vt 0.372923 0.873080
vt 0.324292 0.950647
vt 0.604695 0.254153
vt 0.627964 0.314810
vt 0.331300 0.942740
vt 0.622281 0.299083
vt 0.390028 0.825471
vt 0.324739 0.959461
vt 0.662497 0.359461
vt 0.436845 0.740608
vt 0.339754 0.922330
vt 0.653151 0.350785
vt 0.618261 0.285879
vt 0.615422 0.277312
vt 0.324641 0.967354
vt 0.645199 0.340021
vt 0.607327 0.271559
vt 0.350524 0.913591
vt 0.387479 0.858981
vt 0.638155 0.333079
vt 0.611974 0.313801
vt 0.621883 0.317478
vt 0.332942 0.954820
vt 0.646974 0.350614
vt 0.639054 0.341435
vt 0.400817 0.831657
vt 0.323790 0.979033
vt 0.348831 0.924620
vt 0.615575 0.303702
vt 0.618243 0.293314
vt 0.344308 0.929228
vt 0.628147 0.323462
vt 0.596289 0.270792
vt 0.587194 0.258940
vt 0.630479 0.334763
vt 0.401819 0.824706
vt 0.373490 0.887338
vt 0.621794 0.326527
vt 0.321699 0.984994
vt 0.361454 0.906998
vt 0.334994 0.962402
vt 0.349789 0.934862
vt 0.631221 0.350199
vt 0.638300 0.354686
vt 0.318161 0.989404
vt 0.659922 0.392401
vt 0.651631 0.391306
vt 0.652359 0.381815
vt 0.623121 0.339135
vt 0.399501 0.843340
vt 0.342424 0.951600
vt 0.643804 0.384044
vt 0.644281 0.373101
vt 0.610678 0.324014
vt 0.637951 0.363330
vt 0.610784 0.309685
vt 0.583510 0.267155
vt 0.356117 0.924258
vt 0.333835 0.975152
vt 0.327556 0.989911
vt 0.636512 0.371087
vt 0.655787 0.398325
vt 0.650194 0.400379
vt 0.631359 0.360485
vt 0.647427 0.396566
vt 0.587140 0.276623
vt 0.410889 0.829209
vt 0.371707 0.903996
vt 0.341491 0.966920
vt 0.336081 0.983527
vt 0.367861 0.923746
vt 0.360111 0.931928
vt 0.355431 0.941559
vt 0.350038 0.954403
vt 0.603382 0.312550
vt 0.612131 0.331571
vt 0.623257 0.352316
vt 0.614973 0.340858
vt 0.412524 0.834517
vt 0.321658 0.995673
vt 0.995582 0.298462
vt 0.991877 0.308942
vt 0.989520 0.301465
vt 0.980460 0.332145
vt 0.978530 0.324125
vt 0.986993 0.322168
vt 0.578403 0.279921
vt 0.985619 0.313126
vt 0.646035 0.405239
vt 0.404709 0.850427
vt 0.370496 0.917983
vt 0.575691 0.269075
vt 0.337094 0.989376
vt 0.995503 0.286948
vt 0.573401 0.264512
vt 0.391468 0.873179
vt 0.387677 0.882767
vt 0.355623 0.950451
vt 0.334908 0.993484
vt 0.582156 0.282278
vt 0.386508 0.891350
vt 0.985766 0.289909
vt 0.978323 0.301582
vt 0.973920 0.310928
vt 0.368872 0.930781
vt 0.970070 0.333182
vt 0.347701 0.965669
vt 0.384658 0.898386
vt 0.388935 0.908698
vt 0.418311 0.838120
vt 0.343376 0.977408
vt 0.375160 0.912017
vt 0.591370 0.319325
vt 0.596308 0.313636
vt 0.361331 0.947812
vt 0.422431 0.846213
vt 0.999127 0.273874
vt 0.985980 0.279996
vt 0.959895 0.320045
vt 0.420634 0.831223
vt 0.350839 0.972074
vt 0.599899 0.329307
vt 0.356066 0.962880
vt 0.407936 0.866887
vt 0.402475 0.872667
vt 0.337618 0.999119
vt 0.990443 0.270699
vt 0.998534 0.261868
vt 0.992948 0.263403
vt 0.567784 0.275023
vt 0.346295 0.987728
vt 0.365657 0.938426
vt 0.348626 0.984119
vt 0.983151 0.271771
vt 0.401952 0.878487
vt 0.399277 0.885459
vt 0.371000 0.944532
vt 0.570339 0.281297
vt 0.578836 0.289680
vt 0.418315 0.862547
vt 0.977207 0.291424
vt 0.980126 0.283221
vt 0.586195 0.310456
vt 0.573219 0.295874
vt 0.356369 0.968827
vt 0.351755 0.978280
vt 0.383471 0.919101
vt 0.389144 0.914877
vt 0.350165 0.992010
vt 0.363670 0.959006
vt 0.969572 0.299294
vt 0.375341 0.951159
vt 0.961456 0.306825
vt 0.372107 0.938173
vt 0.344825 0.996254
vt 0.971098 0.292768
vt 0.973104 0.282318
vt 0.578918 0.299642
vt 0.974212 0.274261
vt 0.384619 0.925335
vt 0.588085 0.329055
vt 0.381248 0.938106
vt 0.398745 0.899044
vt 0.382343 0.932703
vt 0.966052 0.295440
vt 0.983675 0.262453
vt 0.987785 0.248854
vt 0.428244 0.827493
vt 0.438153 0.829754
vt 0.575544 0.310192
vt 0.956883 0.299323
vt 0.564449 0.289559
vt 0.994395 0.249046
vt 0.978648 0.265767
vt 0.578401 0.324236
vt 0.983160 0.256596
vt 0.371529 0.955326
vt 0.399381 0.892243
vt 0.949086 0.329683
vt 0.943975 0.324292
vt 0.972555 0.267350
vt 0.398348 0.907076
vt 0.949109 0.317747
vt 0.357355 0.985125
vt 0.361614 0.975534
vt 0.952673 0.307519
vt 0.437757 0.835076
vt 0.959963 0.283476
vt 0.367496 0.966851
vt 0.879611 0.413190
vt 0.895002 0.406947
vt 0.888511 0.421214
vt 0.381592 0.945819
vt 0.940017 0.309449
vt 0.879726 0.425723
vt 0.436675 0.844160
vt 0.938925 0.330638
vt 0.566208 0.307847
vt 0.970186 0.253354
vt 0.940699 0.319966
vt 0.872430 0.431908
vt 0.872640 0.423686
vt 0.418692 0.879627
vt 0.897705 0.393823
vt 0.442006 0.822329
vt 0.933339 0.328323
vt 0.931002 0.335350
vt 0.937652 0.341248
vt 0.922601 0.343298
vt 0.959436 0.274762
vt 0.957922 0.293292
vt 0.927467 0.351719
vt 0.358574 0.995283
vt 0.933044 0.320066
vt 0.418677 0.887142
vt 0.377315 0.962449
vt 0.428541 0.858327
vt 0.883313 0.399209
vt 0.968352 0.238354
vt 0.953825 0.287361
vt 0.411784 0.893275
vt 0.909730 0.371933
vt 0.909299 0.361520
vt 0.920861 0.360657
vt 0.945619 0.295562
vt 0.967850 0.258875
vt 0.917828 0.329919
vt 0.365112 0.990799
vt 0.915171 0.352158
vt 0.893081 0.383423
vt 0.903465 0.381179
vt 0.410542 0.905861
vt 0.863940 0.422650
vt 0.398405 0.921883
vt 0.986647 0.233124
vt 0.992587 0.232608
vt 0.991377 0.240842
vt 0.900357 0.370966
vt 0.371466 0.973344
vt 0.435891 0.853598
vt 0.888572 0.388907
vt 0.913768 0.343513
vt 0.391564 0.930879
vt 0.907492 0.353956
vt 0.370919 0.983391
vt 0.391528 0.940483
vt 0.398648 0.928389
vt 0.922876 0.325854
vt 0.452281 0.810884
vt 0.454110 0.820412
vt 0.871161 0.405529
vt 0.895701 0.376639
vt 0.960359 0.262707
vt 0.452495 0.842769
vt 0.894631 0.364115
vt 0.898610 0.355770
vt 0.929651 0.311023
vt 0.943298 0.286352
vt 0.864078 0.414903
vt 0.885896 0.381642
vt 0.380934 0.970820
vt 0.907591 0.348090
vt 0.401328 0.918329
vt 0.865816 0.408278
vt 0.919712 0.318077
vt 0.398792 0.937687
vt 0.974804 0.232241
vt 0.430572 0.876429
vt 0.888274 0.371255
vt 0.880957 0.389592
vt 0.884721 0.375857
vt 0.877953 0.380314
vt 0.913430 0.335794
vt 0.373325 0.978772
vt 0.877333 0.393851
vt 0.946554 0.278300
vt 0.393783 0.947512
vt 0.405545 0.914276
vt 0.447029 0.834813
vt 0.992866 0.224617
vt 0.984364 0.223143
vt 0.387193 0.961788
vt 0.374230 0.993796
vt 0.422234 0.904079
vt 0.923736 0.312300
vt 0.434990 0.872278
vt 0.403113 0.932862
vt 0.455102 0.834679
vt 0.442443 0.864778
vt 0.395161 0.953627
vt 0.410486 0.927646
vt 0.956157 0.252181
vt 0.981747 0.216219
vt 0.990307 0.214011
vt 0.898864 0.331846
vt 0.942309 0.281500
vt 0.973509 0.222192
vt 0.929306 0.294152
vt 0.896428 0.347677
vt 0.898554 0.338354
vt 0.462309 0.809762
vt 0.467362 0.819414
vt 0.393610 0.958497
vt 0.848068 0.406186
vt 0.945290 0.269686
vt 0.925555 0.304411
vt 0.410791 0.920189
vt 0.951223 0.262175
vt 0.383684 0.976687
vt 0.865863 0.393038
vt 0.910041 0.319286
vt 0.376626 0.989494
vt 0.430046 0.898300
vt 0.387721 0.966660
vt 0.417329 0.915222
vt 0.473822 0.811762
vt 0.470403 0.805751
vt 0.934104 0.286779
vt 0.449551 0.856295
vt 0.855052 0.405490
vt 0.404619 0.945764
vt 0.383794 0.984488
vt 0.903562 0.328355
vt 0.469477 0.838948
vt 0.866750 0.385305
vt 0.869905 0.379062
vt 0.858567 0.397571
vt 0.950124 0.253951
vt 0.952335 0.242883
vt 0.425412 0.911325
vt 0.879560 0.353983
vt 0.901519 0.319690
vt 0.435090 0.887357
vt 0.884489 0.346865
vt 0.917759 0.302647
vt 0.409368 0.939537
vt 0.852502 0.397362
vt 0.930808 0.277324
vt 0.875320 0.361113
vt 0.912412 0.305195
vt 0.945680 0.232811
vt 0.394569 0.970645
vt 0.934396 0.270763
vt 0.916811 0.295218
vt 0.405355 0.951965
vt 0.868771 0.365917
vt 0.399463 0.963842
vt 0.449980 0.879533
vt 0.905380 0.311338
vt 0.386270 0.988268
vt 0.426080 0.924315
vt 0.389440 0.979820
vt 0.887723 0.334903
vt 0.923907 0.281452
vt 0.461678 0.853963
vt 0.960334 0.221885
vt 0.961479 0.211143
vt 0.842888 0.394410
vt 0.939357 0.252579
vt 0.418498 0.935727
vt 0.395636 0.975510
vt 0.945567 0.248534
vt 0.854900 0.386569
vt 0.881851 0.340048
vt 0.933314 0.260277
vt 0.490803 0.811545
vt 0.864781 0.370375
vt 0.857618 0.378536
vt 0.489097 0.805849
vt 0.887514 0.319490
vt 0.881725 0.335690
vt 0.861830 0.356100
vt 0.448413 0.895167
vt 0.962573 0.217920
vt 0.399698 0.978254
vt 0.951134 0.223584
vt 0.414196 0.946829
vt 0.411544 0.958664
vt 0.423440 0.931084
vt 0.939595 0.242107
vt 0.458963 0.869735
vt 0.484744 0.827853
vt 0.917578 0.288700
vt 0.908222 0.295503
vt 0.842797 0.384202
vt 0.896282 0.312067
vt 0.409087 0.962861
vt 0.395057 0.984168
vt 0.430733 0.919987
vt 0.874595 0.346170
vt 0.415518 0.950642
vt 0.899011 0.297734
vt 0.419282 0.942401
vt 0.923950 0.266249
vt 0.855070 0.366227
vt 0.405486 0.969073
vt 0.457487 0.890637
vt 0.401474 0.973828
vt 0.913885 0.275794
vt 0.953869 0.214651
vt 0.441145 0.911232
vt 0.412144 0.954314
vt 0.439213 0.905628
vt 0.492605 0.821148
vt 0.434310 0.915447
vt 0.463091 0.863319
vt 0.883288 0.327879
vt 0.397987 0.988992
vt 0.854759 0.357440
vt 0.888995 0.312517
vt 0.929556 0.248065
vt 0.845751 0.376754
vt 0.917875 0.270348
vt 0.405199 0.972749
vt 0.403786 0.982762
vt 0.895732 0.304447
vt 0.879782 0.321071
vt 0.900147 0.279408
vt 0.435290 0.929176
vt 0.869652 0.335976
vt 0.863385 0.349587
vt 0.876597 0.328727
vt 0.470357 0.863121
vt 0.440459 0.924477
vt 0.448540 0.903118
vt 0.860289 0.340672
vt 0.888291 0.303843
vt 0.412683 0.969924
vt 0.848015 0.370105
vt 0.410835 0.977872
vt 0.423517 0.954817
vt 0.484830 0.840364
vt 0.426987 0.949984
vt 0.913432 0.258126
vt 0.898744 0.288003
vt 0.431409 0.942524
vt 0.422571 0.962496
vt 0.942962 0.212122
vt 0.832585 0.387683
vt 0.868787 0.329450
vt 0.833090 0.378437
vt 0.920164 0.241233
vt 0.420919 0.958666
vt 0.437196 0.935112
vt 0.878784 0.314518
vt 0.928237 0.232372
vt 0.880560 0.304332
vt 0.472397 0.887370
vt 0.476520 0.860043
vt 0.860276 0.331593
vt 0.484838 0.850328
vt 0.944051 0.204416
vt 0.505072 0.808081
vt 0.446878 0.916118
vt 0.871501 0.319722
vt 0.850259 0.341569
vt 0.887096 0.295261
vt 0.904944 0.265282
vt 0.889762 0.287184
vt 0.466926 0.878713
vt 0.845171 0.346482
vt 0.878713 0.307240
vt 0.414544 0.981268
vt 0.866485 0.322657
vt 0.899877 0.269990
vt 0.934710 0.217017
vt 0.458766 0.905430
vt 0.844585 0.355251
vt 0.840470 0.360893
vt 0.420583 0.971061
vt 0.451075 0.911590
vt 0.834242 0.373448
vt 0.910138 0.248533
vt 0.424356 0.974576
vt 0.471989 0.872331
vt 0.868928 0.312098
vt 0.430158 0.957049
vt 0.922535 0.221002
vt 0.443773 0.941642
vt 0.832362 0.363253
vt 0.455290 0.918847
vt 0.889493 0.279433
vt 0.427239 0.964826
vt 0.509458 0.818488
vt 0.479097 0.869236
vt 0.449793 0.929914
vt 0.498906 0.836821
vt 0.916389 0.230205
vt 0.869387 0.306085
vt 0.503249 0.831377
vt 0.481205 0.880766
vt 0.918873 0.206362
vt 0.929276 0.202577
vt 0.825930 0.376250
vt 0.878122 0.294924
vt 0.432280 0.967558
vt 0.857405 0.318784
vt 0.442063 0.948423
vt 0.466649 0.897870
vt 0.848691 0.331585
vt 0.826492 0.364865
vt 0.912858 0.213954
vt 0.855057 0.322296
vt 0.488794 0.867460
vt 0.437640 0.956876
vt 0.460994 0.912206
vt 0.499959 0.846565
vt 0.455080 0.938088
vt 0.880067 0.279559
vt 0.855316 0.312606
vt 0.457473 0.925160
vt 0.906871 0.238616
vt 0.511910 0.831517
vt 0.894336 0.260623
vt 0.886246 0.270661
vt 0.835658 0.347699
vt 0.437091 0.970258
vt 0.895285 0.253821
vt 0.865944 0.295912
vt 0.475713 0.896910
vt 0.872236 0.284651
vt 0.857959 0.308940
vt 0.844993 0.322778
vt 0.901121 0.244502
vt 0.832055 0.355235
vt 0.491605 0.861431
vt 0.497635 0.853182
vt 0.470204 0.907018
vt 0.815524 0.364697
vt 0.825073 0.349744
vt 0.838447 0.326089
vt 0.858042 0.303781
vt 0.834850 0.334851
vt 0.894666 0.230340
vt 0.442666 0.960337
vt 0.821286 0.357344
vt 0.488761 0.874977
vt 0.442547 0.964531
vt 0.922104 0.191018
vt 0.903978 0.222143
vt 0.453190 0.942882
vt 0.447552 0.953032
vt 0.525083 0.815748
vt 0.508093 0.841830
vt 0.460488 0.930912
vt 0.468919 0.915562
vt 0.828747 0.344812
vt 0.916205 0.196718
vt 0.513876 0.841341
vt 0.844946 0.309187
vt 0.456312 0.944767
vt 0.452630 0.955085
vt 0.896581 0.238356
vt 0.469786 0.920861
vt 0.879039 0.262676
vt 0.525853 0.823502
vt 0.500262 0.865137
vt 0.861779 0.285410
vt 0.889948 0.244844
vt 0.840135 0.313141
vt 0.480952 0.910656
vt 0.488777 0.896844
vt 0.491145 0.888975
vt 0.525449 0.831526
vt 0.451810 0.960122
vt 0.848115 0.294073
vt 0.845325 0.299604
vt 0.865215 0.273864
vt 0.867983 0.267270
vt 0.468610 0.926705
vt 0.495008 0.881117
vt 0.879333 0.251979
vt 0.508580 0.861503
vt 0.821164 0.338448
vt 0.826534 0.330451
vt 0.515114 0.855401
vt 0.502717 0.876209
vt 0.468867 0.933724
vt 0.479748 0.918066
vt 0.881992 0.243045
vt 0.814411 0.349564
vt 0.883541 0.221155
vt 0.462260 0.951250
vt 0.852274 0.286956
vt 0.872868 0.247558
vt 0.467099 0.942880
vt 0.832755 0.314443
vt 0.887481 0.206600
vt 0.827269 0.317641
vt 0.522861 0.839685
vt 0.870420 0.257952
vt 0.895072 0.195912
vt 0.895836 0.202399
vt 0.816267 0.334877
vt 0.908540 0.187238
vt 0.477610 0.924988
vt 0.522296 0.846154
vt 0.903465 0.191621
vt 0.822022 0.324255
vt 0.507908 0.869981
vt 0.489694 0.909341
vt 0.852280 0.274089
vt 0.834133 0.306436
vt 0.521530 0.851099
vt 0.478545 0.929290
vt 0.498739 0.894651
vt 0.472817 0.941721
vt 0.477660 0.934679
vt 0.833762 0.296877
vt 0.869766 0.238527
vt 0.867729 0.253096
vt 0.503979 0.886505
vt 0.533726 0.834314
vt 0.861194 0.259444
vt 0.900131 0.176237
vt 0.485634 0.922018
vt 0.816296 0.317800
vt 0.868865 0.231611
vt 0.538975 0.827003
vt 0.839772 0.281541
vt 0.545201 0.824529
vt 0.851217 0.262011
vt 0.834169 0.284896
vt 0.827050 0.303297
vt 0.857013 0.254651
vt 0.533130 0.843000
vt 0.517999 0.871349
vt 0.821978 0.309819
vt 0.479801 0.939880
vt 0.472255 0.949843
vt 0.490983 0.923975
vt 0.529737 0.847442
vt 0.514169 0.879967
vt 0.860338 0.247677
vt 0.504086 0.903887
vt 0.485166 0.932104
vt 0.869454 0.222144
vt 0.891621 0.183946
vt 0.528560 0.856400
vt 0.494001 0.917628
vt 0.860749 0.241038
vt 0.524031 0.866252
vt 0.843435 0.269591
vt 0.495827 0.925455
vt 0.830506 0.287530
vt 0.873361 0.208348
vt 0.878924 0.196351
vt 0.542968 0.840063
vt 0.861363 0.214335
vt 0.511272 0.891047
vt 0.817692 0.298736
vt 0.824194 0.294538
vt 0.878362 0.187161
vt 0.852124 0.239303
vt 0.848042 0.253120
vt 0.835851 0.271210
vt 0.503302 0.913731
vt 0.849643 0.245072
vt 0.537683 0.854348
vt 0.842595 0.261515
vt 0.851669 0.231621
vt 0.811381 0.306148
vt 0.821110 0.285939
vt 0.522479 0.881641
vt 0.549479 0.834331
vt 0.828613 0.276859
vt 0.867592 0.199960
vt 0.520014 0.890489
vt 0.554180 0.829308
vt 0.889829 0.169415
vt 0.517587 0.898682
vt 0.838621 0.255466
vt 0.544666 0.851062
vt 0.530797 0.870192
vt 0.536752 0.862453
vt 0.550483 0.844532
vt 0.507902 0.914646
vt 0.814533 0.288403
vt 0.852356 0.222180
vt 0.882977 0.170623
vt 0.830267 0.263636
vt 0.518404 0.903217
vt 0.841054 0.245341
vt 0.840115 0.239563
vt 0.822468 0.272957
vt 0.874484 0.172015
vt 0.531336 0.876906
vt 0.868244 0.185706
vt 0.830845 0.249981
vt 0.856785 0.205709
vt 0.561999 0.836856
vt 0.818498 0.269817
vt 0.530694 0.885162
vt 0.823882 0.257995
vt 0.841707 0.227391
vt 0.880106 0.160256
vt 0.530045 0.891315
vt 0.540251 0.874085
vt 0.544140 0.865666
vt 0.846017 0.214669
vt 0.556051 0.847361
vt 0.856800 0.196540
vt 0.833449 0.239510
vt 0.548842 0.856682
vt 0.538706 0.883394
vt 0.832180 0.232166
vt 0.860966 0.184813
vt 0.820107 0.248267
vt 0.815295 0.255320
vt 0.548393 0.868229
vt 0.825364 0.240730
vt 0.555072 0.859095
vt 0.866025 0.169587
vt 0.847904 0.201402
vt 0.835089 0.218768
vt 0.885968 0.150336
vt 0.879080 0.146623
vt 0.885458 0.137976
vt 0.552676 0.868810
vt 0.828278 0.227949
vt 0.840855 0.205581
vt 0.821818 0.233512
vt 0.871374 0.155699
vt 0.853094 0.184860
vt 0.843471 0.196254
vt 0.858625 0.172164
vt 0.833802 0.209041
vt 0.863847 0.162796
vt 0.570710 0.842179
vt 0.561327 0.849800
vt 0.568791 0.839675
vt 0.564137 0.853266
vt 0.829971 0.218395
vt 0.822951 0.218267
vt 0.596873 0.794494
vt 0.595034 0.804183
vt 0.587355 0.807611
vt 0.576067 0.831365
vt 0.587258 0.819343
vt 0.581336 0.821104
vt 0.579183 0.835772
vt 0.605995 0.796449
vt 0.401407 0.482731
vt 0.414191 0.472462
vt 0.407020 0.484433
vt 0.417364 0.477834
vt 0.374411 0.506802
vt 0.392492 0.495445
vt 0.386125 0.508126
vt 0.431740 0.465942
vt 0.428785 0.459532
vt 0.375906 0.518952
vt 0.397830 0.498146
vt 0.440826 0.455222
vt 0.414632 0.492741
vt 0.425681 0.478631
vt 0.445189 0.457847
vt 0.445059 0.465879
vt 0.394127 0.513622
vt 0.449083 0.452090
vt 0.458644 0.452034
vt 0.461420 0.444552
vt 0.377327 0.528544
vt 0.359705 0.541597
vt 0.365731 0.528190
vt 0.367953 0.537500
vt 0.362405 0.550441
vt 0.472596 0.449026
vt 0.390360 0.529208
vt 0.481272 0.434788
vt 0.493582 0.441729
vt 0.353542 0.551009
vt 0.417108 0.509401
vt 0.460936 0.462232
vt 0.352535 0.562572
vt 0.383455 0.550587
vt 0.492096 0.426768
vt 0.498018 0.431544
vt 0.446033 0.496120
vt 0.504612 0.425761
vt 0.455968 0.482522
vt 0.358042 0.564150
vt 0.469534 0.464284
vt 0.407391 0.523733
vt 0.373334 0.561983
vt 0.350930 0.573984
vt 0.346543 0.573221
vt 0.515809 0.430916
vt 0.472249 0.480070
vt 0.405570 0.542371
vt 0.424572 0.528561
vt 0.340935 0.579866
vt 0.345866 0.582947
vt 0.484179 0.457475
vt 0.518388 0.421882
vt 0.510077 0.416993
vt 0.527623 0.412962
vt 0.354893 0.574908
vt 0.360592 0.575679
vt 0.339698 0.599931
vt 0.521958 0.439442
vt 0.533774 0.416884
vt 0.485538 0.465643
vt 0.345694 0.598790
vt 0.350436 0.586543
vt 0.498304 0.456598
vt 0.533589 0.425398
vt 0.444342 0.514342
vt 0.511051 0.451917
vt 0.543415 0.408340
vt 0.546409 0.413562
vt 0.491765 0.484552
vt 0.358805 0.595421
vt 0.404464 0.558761
vt 0.380329 0.575683
vt 0.554102 0.409890
vt 0.371268 0.585898
vt 0.510747 0.459449
vt 0.472265 0.499291
vt 0.545323 0.419454
vt 0.393290 0.568447
vt 0.442457 0.525478
vt 0.341485 0.620463
vt 0.333870 0.620033
vt 0.556240 0.427468
vt 0.557058 0.417584
vt 0.506765 0.468966
vt 0.463374 0.513563
vt 0.545475 0.440553
vt 0.568097 0.412296
vt 0.557766 0.406218
vt 0.570305 0.404247
vt 0.347290 0.624322
vt 0.423445 0.550442
vt 0.510546 0.486150
vt 0.338143 0.627940
vt 0.537558 0.457465
vt 0.356584 0.616645
vt 0.485588 0.495824
vt 0.521244 0.459380
vt 0.579119 0.405909
vt 0.367863 0.605278
vt 0.448681 0.538934
vt 0.410579 0.577894
vt 0.462700 0.531125
vt 0.579835 0.420011
vt 0.436939 0.554019
vt 0.562913 0.445539
vt 0.476803 0.514926
vt 0.424098 0.572962
vt 0.387187 0.600167
vt 0.522712 0.470788
vt 0.587325 0.412028
vt 0.402085 0.592637
vt 0.536892 0.470098
vt 0.490690 0.507926
vt 0.342285 0.643739
vt 0.371990 0.621770
vt 0.335959 0.641822
vt 0.356622 0.636018
vt 0.595844 0.405848
vt 0.529841 0.487101
vt 0.476913 0.526685
vt 0.551335 0.459131
vt 0.349234 0.649683
vt 0.511699 0.504697
vt 0.595184 0.423356
vt 0.455717 0.552835
vt 0.580636 0.437713
vt 0.338289 0.660865
vt 0.607013 0.409297
vt 0.601964 0.413295
vt 0.415461 0.595892
vt 0.440444 0.571528
vt 0.613816 0.405405
vt 0.469284 0.554537
vt 0.553100 0.477598
vt 0.496878 0.522709
vt 0.403751 0.619727
vt 0.390077 0.621263
vt 0.507580 0.515741
vt 0.457194 0.564372
vt 0.478831 0.539698
vt 0.606172 0.416590
vt 0.565251 0.469161
vt 0.540661 0.485818
vt 0.344046 0.662691
vt 0.347784 0.660727
vt 0.618621 0.413162
vt 0.413675 0.608130
vt 0.365812 0.653285
vt 0.603634 0.439598
vt 0.380502 0.637623
vt 0.622324 0.408893
vt 0.455153 0.574189
vt 0.354198 0.660540
vt 0.576306 0.460045
vt 0.491878 0.536912
vt 0.427113 0.601558
vt 0.486192 0.559283
vt 0.436580 0.594459
vt 0.445866 0.596914
vt 0.619734 0.418560
vt 0.532454 0.513848
vt 0.521447 0.533769
vt 0.612019 0.428526
vt 0.504740 0.536391
vt 0.353403 0.671485
vt 0.632180 0.406473
vt 0.533697 0.503271
vt 0.449613 0.583936
vt 0.404472 0.636881
vt 0.593762 0.455105
vt 0.543014 0.496243
vt 0.528671 0.520178
vt 0.489337 0.547495
vt 0.550905 0.494002
vt 0.381559 0.652849
vt 0.636529 0.411555
vt 0.571190 0.485487
vt 0.429360 0.618674
vt 0.475878 0.579623
vt 0.346316 0.673380
vt 0.422389 0.625897
vt 0.360880 0.676103
vt 0.639977 0.416438
vt 0.585321 0.473572
vt 0.627806 0.434069
vt 0.396501 0.650237
vt 0.433417 0.617285
vt 0.355093 0.684349
vt 0.507092 0.554109
vt 0.463083 0.586531
vt 0.647287 0.405937
vt 0.643489 0.409664
vt 0.522801 0.526745
vt 0.368370 0.679168
vt 0.571180 0.496744
vt 0.436293 0.607874
vt 0.381878 0.665540
vt 0.544896 0.511004
vt 0.468073 0.581152
vt 0.643539 0.424194
vt 0.352802 0.689998
vt 0.550712 0.504909
vt 0.459099 0.593373
vt 0.664501 0.411792
vt 0.652990 0.414553
vt 0.452065 0.613919
vt 0.359332 0.682482
vt 0.555262 0.502509
vt 0.375775 0.676996
vt 0.619134 0.453086
vt 0.606370 0.467655
vt 0.488647 0.573536
vt 0.424805 0.645272
vt 0.549552 0.535204
vt 0.441150 0.620183
vt 0.565854 0.508305
vt 0.397494 0.668678
vt 0.555767 0.519999
vt 0.464986 0.609483
vt 0.592767 0.489195
vt 0.562493 0.512405
vt 0.551531 0.526751
vt 0.367846 0.694740
vt 0.536612 0.549984
vt 0.483246 0.598811
vt 0.657889 0.420133
vt 0.502659 0.568783
vt 0.468836 0.599210
vt 0.500069 0.599501
vt 0.393342 0.677144
vt 0.366805 0.703511
vt 0.538731 0.533859
vt 0.418455 0.651372
vt 0.386339 0.682066
vt 0.509371 0.586635
vt 0.372291 0.692934
vt 0.646014 0.451985
vt 0.411547 0.655253
vt 0.409546 0.662589
vt 0.573641 0.507417
vt 0.444192 0.632839
vt 0.604082 0.482387
vt 0.677101 0.421168
vt 0.666956 0.428697
vt 0.446525 0.641723
vt 0.359149 0.703220
vt 0.429766 0.640260
vt 0.523169 0.566486
vt 0.453382 0.625243
vt 0.672449 0.424404
vt 0.572993 0.525235
vt 0.378752 0.693009
vt 0.451296 0.631095
vt 0.589969 0.506006
vt 0.626758 0.476771
vt 0.665621 0.443122
vt 0.390194 0.691782
vt 0.483786 0.612504
vt 0.567942 0.533862
vt 0.580809 0.517853
vt 0.520653 0.585676
vt 0.617128 0.490649
vt 0.422377 0.659310
vt 0.606537 0.492937
vt 0.378099 0.699377
vt 0.643270 0.469153
vt 0.440736 0.650802
vt 0.578448 0.523470
vt 0.365289 0.712858
vt 0.568474 0.544507
vt 0.430160 0.659342
vt 0.406001 0.678761
vt 0.607379 0.506493
vt 0.684600 0.438320
vt 0.380498 0.703678
vt 0.419983 0.668176
vt 0.686308 0.417030
vt 0.687772 0.428472
vt 0.466657 0.633484
vt 0.408948 0.685401
vt 0.421877 0.675842
vt 0.475767 0.627448
vt 0.558713 0.551748
vt 0.458740 0.638976
vt 0.546545 0.569974
vt 0.495444 0.608713
vt 0.689269 0.432864
vt 0.372591 0.718027
vt 0.442089 0.660282
vt 0.377407 0.713745
vt 0.393702 0.700283
vt 0.484121 0.621777
vt 0.600210 0.521981
vt 0.695895 0.423245
vt 0.673564 0.459132
vt 0.567870 0.552935
vt 0.435106 0.669740
vt 0.452112 0.650479
vt 0.553515 0.559951
vt 0.384530 0.712817
vt 0.620469 0.515117
vt 0.585751 0.538355
vt 0.401610 0.699417
vt 0.472240 0.639888
vt 0.537474 0.579719
vt 0.699711 0.430728
vt 0.519170 0.601669
vt 0.379715 0.719462
vt 0.466205 0.650547
vt 0.638910 0.493958
vt 0.488736 0.627624
vt 0.498014 0.618776
vt 0.562206 0.560146
vt 0.506998 0.615136
vt 0.557670 0.568941
vt 0.701587 0.436388
vt 0.709045 0.428629
vt 0.606868 0.543321
vt 0.502406 0.625393
vt 0.700314 0.440286
vt 0.537721 0.592974
vt 0.591383 0.555115
vt 0.519198 0.612026
vt 0.662716 0.483743
vt 0.570232 0.565920
vt 0.513717 0.623599
vt 0.533930 0.602415
vt 0.558187 0.576483
vt 0.706752 0.453770
vt 0.692586 0.454198
vt 0.580579 0.558704
vt 0.713500 0.436935
vt 0.554065 0.587042
vt 0.569292 0.574986
vt 0.710556 0.444256
vt 0.506503 0.638986
vt 0.506493 0.646886
vt 0.499421 0.646453
vt 0.525721 0.618436
vt 0.551165 0.597374
vt 0.692545 0.464560
vt 0.683906 0.477194
vt 0.519064 0.630098
vt 0.514038 0.639486
vt 0.642317 0.510832
vt 0.656834 0.500372
vt 0.532927 0.618498
vt 0.582223 0.570162
vt 0.542475 0.606901
vt 0.720960 0.437780
vt 0.567647 0.584132
vt 0.625829 0.533161
vt 0.503102 0.650999
vt 0.510847 0.650909
vt 0.560093 0.594481
vt 0.635726 0.523389
vt 0.521208 0.637151
vt 0.528334 0.627611
vt 0.719443 0.446696
vt 0.505713 0.654384
vt 0.541066 0.615111
vt 0.548798 0.605809
vt 0.678268 0.496893
vt 0.517136 0.645278
vt 0.575399 0.584374
vt 0.527542 0.634279
vt 0.725646 0.447593
vt 0.537410 0.622807
vt 0.587362 0.575431
vt 0.624867 0.549617
vt 0.525712 0.642396
vt 0.598007 0.563619
vt 0.559608 0.607205
vt 0.508270 0.658517
vt 0.548051 0.617740
vt 0.515164 0.653440
vt 0.719458 0.454543
vt 0.665956 0.508118
vt 0.639507 0.538584
vt 0.646747 0.523590
vt 0.607220 0.561925
vt 0.632547 0.541890
vt 0.590583 0.588915
vt 0.567360 0.597931
vt 0.705333 0.474081
vt 0.599961 0.573669
vt 0.572613 0.608291
vt 0.601930 0.568216
vt 0.729795 0.443241
vt 0.617542 0.564738
vt 0.727598 0.455584
vt 0.576592 0.593489
vt 0.700323 0.504628
vt 0.553582 0.624383
vt 0.594308 0.580486
vt 0.624015 0.558995
vt 0.583432 0.599648
vt 0.572358 0.618139
vt 0.722397 0.462850
vt 0.560160 0.615694
vt 0.576051 0.601815
vt 0.659707 0.529178
vt 0.608427 0.587440
vt 0.613866 0.572481
vt 0.564134 0.625453
vt 0.609618 0.577915
vt 0.535512 0.652040
vt 0.542377 0.640439
vt 0.541772 0.647311
vt 0.649021 0.540102
vt 0.584549 0.612434
vt 0.548764 0.632134
vt 0.553836 0.633687
vt 0.678357 0.514570
vt 0.723406 0.472616
vt 0.550276 0.642665
vt 0.707408 0.491929
vt 0.735362 0.462655
vt 0.731195 0.467849
vt 0.638578 0.555088
vt 0.644440 0.552272
vt 0.566832 0.636354
vt 0.542720 0.658214
vt 0.594754 0.599637
vt 0.672086 0.526197
vt 0.516772 0.673360
vt 0.528032 0.663728
vt 0.526808 0.672288
vt 0.663839 0.541606
vt 0.628973 0.568844
vt 0.548679 0.652216
vt 0.729677 0.474662
vt 0.640143 0.563928
vt 0.561028 0.642335
vt 0.635596 0.567596
vt 0.724220 0.485120
vt 0.521036 0.681439
vt 0.509634 0.684136
vt 0.572268 0.634985
vt 0.582212 0.620027
vt 0.596769 0.608402
vt 0.538412 0.666432
vt 0.655845 0.550814
vt 0.630513 0.579433
vt 0.505404 0.695577
vt 0.516249 0.690424
vt 0.691230 0.528071
vt 0.692414 0.515139
vt 0.439320 0.766294
vt 0.445188 0.759810
vt 0.447367 0.765616
vt 0.529733 0.679046
vt 0.617673 0.586242
vt 0.608337 0.603385
vt 0.719471 0.499310
vt 0.457288 0.760503
vt 0.456778 0.753422
vt 0.458188 0.745263
vt 0.470118 0.736842
vt 0.466357 0.747280
vt 0.508885 0.698973
vt 0.625191 0.583625
vt 0.477420 0.727507
vt 0.481233 0.732992
vt 0.446218 0.772046
vt 0.482643 0.718928
vt 0.491336 0.724215
vt 0.490968 0.713686
vt 0.740252 0.474337
vt 0.498708 0.707364
vt 0.497690 0.714796
vt 0.555932 0.660640
vt 0.562795 0.654903
vt 0.518366 0.700318
vt 0.532825 0.690188
vt 0.503855 0.707221
vt 0.658451 0.563626
vt 0.650404 0.566281
vt 0.543065 0.679546
vt 0.528093 0.693168
vt 0.473218 0.745269
vt 0.679159 0.544217
vt 0.514563 0.707496
vt 0.505893 0.719467
vt 0.455646 0.770287
vt 0.743078 0.469569
vt 0.736749 0.480044
vt 0.584373 0.634625
vt 0.508567 0.711048
vt 0.482177 0.741822
vt 0.551594 0.674387
vt 0.526739 0.698825
vt 0.469129 0.761581
vt 0.556321 0.668628
vt 0.640811 0.580240
vt 0.480313 0.747608
vt 0.594295 0.624087
vt 0.490565 0.733442
vt 0.667172 0.551524
vt 0.500191 0.723657
vt 0.473584 0.756307
vt 0.629948 0.596876
vt 0.575278 0.652018
vt 0.625202 0.597877
vt 0.539753 0.688978
vt 0.621313 0.603523
vt 0.735546 0.485276
vt 0.603695 0.619679
vt 0.462440 0.770227
vt 0.648810 0.579207
vt 0.594725 0.631826
vt 0.611236 0.615133
vt 0.655947 0.577447
vt 0.581165 0.649571
vt 0.743232 0.489787
vt 0.732380 0.502340
vt 0.706578 0.528483
vt 0.750223 0.485298
vt 0.528704 0.706563
vt 0.738754 0.494725
vt 0.503866 0.731532
vt 0.475590 0.775769
vt 0.459235 0.782121
vt 0.586937 0.647914
vt 0.672937 0.560972
vt 0.525750 0.714003
vt 0.519353 0.726921
vt 0.690820 0.546918
vt 0.517375 0.718163
vt 0.643115 0.592774
vt 0.661968 0.574350
vt 0.482521 0.761349
vt 0.593699 0.642135
vt 0.503928 0.743539
vt 0.568223 0.670711
vt 0.493698 0.749871
vt 0.618279 0.613847
vt 0.467520 0.779091
vt 0.716363 0.521363
vt 0.607316 0.635271
vt 0.539455 0.708131
vt 0.539803 0.701679
vt 0.750156 0.497212
vt 0.644394 0.602210
vt 0.636090 0.611356
vt 0.493529 0.759947
vt 0.513419 0.739230
vt 0.546705 0.698366
vt 0.703919 0.541817
vt 0.561592 0.689671
vt 0.578905 0.669649
vt 0.618497 0.623812
vt 0.729151 0.520592
vt 0.553186 0.697778
vt 0.566448 0.681826
vt 0.745275 0.501548
vt 0.616120 0.627832
vt 0.653614 0.592450
vt 0.742548 0.508231
vt 0.624836 0.622210
vt 0.675803 0.574006
vt 0.629784 0.617653
vt 0.524427 0.736881
vt 0.685910 0.557669
vt 0.616909 0.636373
vt 0.603950 0.640644
vt 0.538134 0.714541
vt 0.589238 0.664996
vt 0.663066 0.591655
vt 0.738662 0.513745
vt 0.607168 0.652325
vt 0.530254 0.725535
vt 0.688560 0.571891
vt 0.485773 0.774151
vt 0.580819 0.683249
vt 0.535004 0.719881
vt 0.503474 0.757848
vt 0.495360 0.769829
vt 0.593898 0.659842
vt 0.715267 0.538458
vt 0.554952 0.708911
vt 0.510014 0.752965
vt 0.703009 0.553357
vt 0.561207 0.699010
vt 0.697191 0.563226
vt 0.481550 0.790810
vt 0.628195 0.633028
vt 0.471906 0.791166
vt 0.601480 0.659906
vt 0.727365 0.543130
vt 0.670313 0.587533
vt 0.752203 0.509971
vt 0.748515 0.513543
vt 0.662854 0.599859
vt 0.533517 0.734697
vt 0.639523 0.630717
vt 0.660076 0.606767
vt 0.486730 0.787489
vt 0.625313 0.637711
vt 0.518179 0.752560
vt 0.614050 0.648822
vt 0.547629 0.721968
vt 0.745078 0.528536
vt 0.714570 0.552916
vt 0.502986 0.786537
vt 0.576001 0.691967
vt 0.504859 0.766873
vt 0.748492 0.523639
vt 0.527991 0.748738
vt 0.542644 0.731279
vt 0.740173 0.534289
vt 0.602627 0.669144
vt 0.559010 0.720398
vt 0.596083 0.680160
vt 0.655714 0.617891
vt 0.624010 0.648490
vt 0.565595 0.707989
vt 0.573857 0.703137
vt 0.753342 0.521323
vt 0.709590 0.566107
vt 0.535037 0.743378
vt 0.684562 0.594274
vt 0.515620 0.763513
vt 0.502641 0.778235
vt 0.678625 0.604765
vt 0.637295 0.643561
vt 0.617215 0.669067
vt 0.635310 0.651059
vt 0.656203 0.634409
vt 0.694776 0.587807
vt 0.620991 0.658409
vt 0.707089 0.584213
vt 0.672071 0.611479
vt 0.556624 0.729531
vt 0.592863 0.694021
vt 0.724973 0.564532
vt 0.524999 0.761819
vt 0.547149 0.741908
vt 0.532566 0.756066
vt 0.501696 0.792846
vt 0.745910 0.543430
vt 0.737948 0.552713
vt 0.570067 0.718020
vt 0.689213 0.605759
vt 0.610245 0.678721
vt 0.749883 0.543752
vt 0.517866 0.775176
vt 0.540284 0.753738
vt 0.500585 0.799160
vt 0.698247 0.599777
vt 0.753114 0.537762
vt 0.724792 0.578734
vt 0.546248 0.749945
vt 0.651611 0.644273
vt 0.662288 0.630641
vt 0.579890 0.714188
vt 0.530072 0.768722
vt 0.629579 0.661031
vt 0.557293 0.739656
vt 0.587984 0.711804
vt 0.674678 0.621779
vt 0.529694 0.777699
vt 0.648208 0.651115
vt 0.576809 0.726921
vt 0.753599 0.548913
vt 0.523903 0.793473
vt 0.635821 0.673020
vt 0.682274 0.620418
vt 0.738227 0.571612
vt 0.621491 0.684519
vt 0.670725 0.629082
vt 0.547054 0.764769
vt 0.522326 0.788413
vt 0.570671 0.736509
vt 0.597071 0.702835
vt 0.758110 0.547228
vt 0.746128 0.555746
vt 0.613253 0.693718
vt 0.607494 0.704345
vt 0.514082 0.798537
vt 0.744451 0.565869
vt 0.561550 0.750567
vt 0.586344 0.723771
vt 0.642762 0.660822
vt 0.751631 0.558423
vt 0.755957 0.556863
vt 0.712620 0.600946
vt 0.670152 0.640440
vt 0.691691 0.623822
vt 0.659586 0.654838
vt 0.700734 0.617100
vt 0.748345 0.563720
vt 0.718643 0.589457
vt 0.684337 0.638355
vt 0.636770 0.686432
vt 0.602428 0.722365
vt 0.710693 0.610662
vt 0.539730 0.782143
vt 0.653785 0.663397
vt 0.669079 0.652205
vt 0.728249 0.598986
vt 0.736787 0.584897
vt 0.592231 0.739475
vt 0.531032 0.790954
vt 0.754029 0.566646
vt 0.647882 0.672578
vt 0.750266 0.572705
vt 0.527701 0.798186
vt 0.524399 0.804059
vt 0.566783 0.764323
vt 0.628620 0.696881
vt 0.744092 0.581232
vt 0.578666 0.749869
vt 0.626389 0.710351
vt 0.645893 0.680032
vt 0.669145 0.663844
vt 0.572014 0.758009
vt 0.682152 0.652654
vt 0.755638 0.576725
vt 0.711798 0.630769
vt 0.666432 0.677307
vt 0.751483 0.581258
vt 0.544974 0.790660
vt 0.720907 0.610429
vt 0.567870 0.775442
vt 0.747079 0.586279
vt 0.555513 0.783179
vt 0.701780 0.640764
vt 0.742661 0.591790
vt 0.618998 0.720089
vt 0.536209 0.801128
vt 0.659059 0.682561
vt 0.590381 0.749019
vt 0.729853 0.612021
vt 0.543788 0.796309
vt 0.738490 0.603021
vt 0.748100 0.594647
vt 0.721906 0.626148
vt 0.640394 0.708435
vt 0.608434 0.738431
vt 0.552487 0.799505
vt 0.654462 0.690004
vt 0.587965 0.758934
vt 0.582943 0.767592
vt 0.681604 0.665534
vt 0.605626 0.750913
vt 0.561761 0.788718
vt 0.741036 0.607933
vt 0.558340 0.793653
vt 0.698937 0.655808
vt 0.732431 0.618626
vt 0.745688 0.606656
vt 0.656001 0.700074
vt 0.693171 0.667943
vt 0.710117 0.647686
vt 0.739374 0.620304
vt 0.585625 0.776853
vt 0.636738 0.725841
vt 0.600504 0.766514
vt 0.681165 0.677018
vt 0.725597 0.641649
vt 0.628584 0.737139
vt 0.667506 0.691059
vt 0.727091 0.633923
vt 0.576657 0.784748
vt 0.570411 0.795002
vt 0.577592 0.788392
vt 0.748526 0.613159
vt 0.732673 0.630566
vt 0.654156 0.717813
vt 0.678734 0.690825
vt 0.622029 0.749092
vt 0.744107 0.624674
vt 0.669083 0.705267
vt 0.586829 0.781336
vt 0.692820 0.683085
vt 0.709142 0.668709
vt 0.717346 0.657724
vt 0.737602 0.633558
vt 0.614672 0.760050
vt 0.600133 0.778041
vt 0.591140 0.784503
vt 0.585656 0.790428
vt 0.731497 0.645203
vt 0.652104 0.729892
vt 0.703948 0.679214
vt 0.644444 0.738196
vt 0.726080 0.655237
vt 0.638880 0.746875
vt 0.599484 0.785230
vt 0.612739 0.770354
vt 0.678190 0.708485
vt 0.620799 0.764806
vt 0.691749 0.697108
vt 0.667130 0.724505
vt 0.733105 0.654696
vt 0.611799 0.776395
vt 0.633114 0.757295
vt 0.721392 0.667683
vt 0.621508 0.770995
vt 0.699819 0.690742
vt 0.683357 0.710621
vt 0.726786 0.667753
vt 0.617917 0.780063
vt 0.652902 0.744031
vt 0.628554 0.764804
vt 0.675223 0.720017
vt 0.645663 0.749557
vt 0.715648 0.678041
vt 0.660559 0.736971
vt 0.720376 0.678934
vt 0.697116 0.701155
vt 0.707513 0.690673
vt 0.633655 0.767758
vt 0.646671 0.753376
vt 0.628636 0.774540
vt 0.688171 0.712617
vt 0.637509 0.762267
vt 0.668358 0.734164
vt 0.714299 0.687775
vt 0.679056 0.721851
vt 0.646387 0.758211
vt 0.697935 0.708900
vt 0.709025 0.698776
vt 0.655385 0.750887
vt 0.644253 0.763900
vt 0.662754 0.744464
vt 0.687087 0.720401
vt 0.678590 0.728406
vt 0.653304 0.758475
vt 0.672649 0.736608
vt 0.840655 0.491477
vt 0.857747 0.487143
vt 0.843064 0.500630
vt 0.859458 0.495364
vt 0.828639 0.501248
vt 0.824938 0.508862
vt 0.852696 0.479676
vt 0.824320 0.497140
vt 0.862571 0.475407
vt 0.870238 0.481646
vt 0.861028 0.467193
vt 0.870195 0.465875
vt 0.867283 0.458443
vt 0.863842 0.451154
vt 0.872058 0.454030
vt 0.869319 0.446886
vt 0.872634 0.443142
vt 0.867437 0.438657
vt 0.872406 0.432455
vt 0.706484 0.109891
vt 0.712125 0.118571
vt 0.701897 0.124611
vt 0.749066 0.147306
vt 0.749941 0.137844
vt 0.760663 0.135597
vt 0.693726 0.137509
vt 0.676027 0.156749
vt 0.684372 0.136524
vt 0.720760 0.099751
vt 0.720819 0.109679
vt 0.729898 0.085921
vt 0.729181 0.098024
vt 0.706119 0.133618
vt 0.732823 0.167542
vt 0.725990 0.180368
vt 0.722305 0.173498
vt 0.715841 0.123552
vt 0.691939 0.154315
vt 0.724578 0.113452
vt 0.761617 0.065763
vt 0.773393 0.074961
vt 0.764114 0.072927
vt 0.786087 0.078715
vt 0.775492 0.082255
vt 0.736373 0.144701
vt 0.737506 0.156302
vt 0.756021 0.126326
vt 0.785051 0.090146
vt 0.790817 0.092919
vt 0.785122 0.096495
vt 0.731686 0.104689
vt 0.752921 0.065262
vt 0.736362 0.131622
vt 0.767445 0.120700
vt 0.774840 0.118612
vt 0.775857 0.103825
vt 0.782637 0.104504
vt 0.752459 0.069563
vt 0.745300 0.067093
vt 0.740989 0.080604
vt 0.739798 0.094490
vt 0.713749 0.138218
vt 0.745768 0.125005
vt 0.725605 0.162035
vt 0.722523 0.127143
vt 0.733663 0.116707
vt 0.765185 0.111306
vt 0.701230 0.145636
vt 0.742766 0.105004
vt 0.754259 0.110674
vt 0.724706 0.140154
vt 0.722185 0.152219
vt 0.780186 0.090284
vt 0.754648 0.087275
vt 0.764371 0.077739
vt 0.766361 0.097526
vt 0.713486 0.185728
vt 0.752282 0.075257
vt 0.649309 0.180288
vt 0.664038 0.166896
vt 0.658482 0.185862
vt 0.680848 0.168100
vt 0.771391 0.088315
vt 0.713969 0.166353
vt 0.710418 0.154324
vt 0.669066 0.180705
vt 0.648428 0.198291
vt 0.641593 0.192027
vt 0.704345 0.176773
vt 0.700817 0.189729
vt 0.711387 0.198480
vt 0.697838 0.163391
vt 0.701672 0.217374
vt 0.696795 0.202574
vt 0.700830 0.171109
vt 0.693532 0.213538
vt 0.680208 0.183553
vt 0.632493 0.202002
vt 0.691292 0.175162
vt 0.690631 0.225417
vt 0.643140 0.208294
vt 0.631952 0.208294
vt 0.693275 0.183348
vt 0.670111 0.191442
vt 0.682936 0.213883
vt 0.687955 0.195002
vt 0.686404 0.203381
vt 0.685063 0.188803
vt 0.681559 0.232087
vt 0.660407 0.200239
vt 0.674980 0.228108
vt 0.676121 0.196131
vt 0.635333 0.216983
vt 0.622887 0.217392
vt 0.652624 0.209502
vt 0.681321 0.245458
vt 0.673522 0.242325
vt 0.681477 0.196482
vt 0.668834 0.199475
vt 0.680113 0.201085
vt 0.643458 0.216862
vt 0.680604 0.206763
vt 0.676445 0.202680
vt 0.673129 0.200371
vt 0.742499 0.221069
vt 0.744290 0.227251
vt 0.740498 0.225278
vt 0.695111 0.254956
vt 0.684604 0.262893
vt 0.687193 0.250391
vt 0.747742 0.223076
vt 0.744992 0.230275
vt 0.753533 0.225220
vt 0.714991 0.239299
vt 0.701184 0.248131
vt 0.701941 0.236952
vt 0.719152 0.231508
vt 0.747478 0.211633
vt 0.754453 0.215111
vt 0.733229 0.222680
vt 0.737887 0.215763
vt 0.721364 0.218500
vt 0.765852 0.235403
vt 0.747801 0.236698
vt 0.765676 0.213541
vt 0.758833 0.203629
vt 0.735191 0.204596
vt 0.756147 0.195980
vt 0.725206 0.207949
vt 0.682390 0.243241
vt 0.744103 0.196862
vt 0.688558 0.235407
vt 0.706378 0.216498
vt 0.771872 0.198931
vt 0.766239 0.190091
vt 0.697407 0.228086
vt 0.773681 0.222722
vt 0.759253 0.182707
vt 0.747178 0.184829
vt 0.729372 0.195614
vt 0.781575 0.190118
vt 0.773399 0.172964
vt 0.716078 0.204760
vt 0.780890 0.175393
vt 0.762563 0.170713
vt 0.737967 0.184430
vt 0.782266 0.208502
vt 0.770890 0.155701
vt 0.753837 0.169437
vt 0.836752 0.110438
vt 0.825887 0.114093
vt 0.828825 0.106151
vt 0.788346 0.176655
vt 0.817584 0.104885
vt 0.814552 0.096538
vt 0.806977 0.107257
vt 0.762094 0.159887
vt 0.831358 0.125196
vt 0.829475 0.100410
vt 0.819837 0.130408
vt 0.813702 0.121344
vt 0.783676 0.158162
vt 0.802133 0.095340
vt 0.840237 0.120870
vt 0.806272 0.135885
vt 0.796586 0.123885
vt 0.794302 0.107743
vt 0.806627 0.090894
vt 0.823401 0.138964
vt 0.795277 0.185528
vt 0.795053 0.162876
vt 0.743229 0.172412
vt 0.801354 0.147826
vt 0.788294 0.143381
vt 0.783742 0.123913
vt 0.815462 0.090628
vt 0.803365 0.087420
vt 0.790194 0.195705
vt 0.811111 0.149619
vt 0.803727 0.162997
vt 0.795995 0.093635
vt 0.797909 0.174445
vt 0.837861 0.104445
vt 0.776775 0.137462
vt 0.785471 0.111984
vt 0.818885 0.151610
vt 0.844664 0.112359
vt 0.783110 0.219381
vt 0.812043 0.163855
vt 0.766069 0.145568
vt 0.770108 0.135517
vt 0.775714 0.124080
vt 0.758126 0.152311
vt 0.750387 0.159672
vt 0.785667 0.103159
vt 0.805505 0.173159
vt 0.783502 0.244821
vt 0.786807 0.253484
vt 0.777384 0.255520
vt 0.787964 0.241237
vt 0.792001 0.242195
vt 0.830977 0.186518
vt 0.826020 0.182551
vt 0.839779 0.181635
vt 0.832787 0.177628
vt 0.792950 0.230681
vt 0.786383 0.231817
vt 0.820605 0.187118
vt 0.820199 0.193545
vt 0.790241 0.223308
vt 0.786556 0.222915
vt 0.780112 0.229890
vt 0.812302 0.187775
vt 0.814257 0.191216
vt 0.796409 0.220448
vt 0.807081 0.203824
vt 0.790405 0.215034
vt 0.796426 0.211172
vt 0.801515 0.197987
vt 0.792251 0.206715
vt 0.784388 0.214887
vt 0.790685 0.196067
vt 0.800669 0.187900
vt 0.181649 0.746865
vt 0.164404 0.755183
vt 0.166443 0.737144
vt 0.154518 0.747640
vt 0.145716 0.764883
vt 0.156847 0.781999
vt 0.186287 0.729223
vt 0.171259 0.717643
vt 0.170891 0.762908
vt 0.155683 0.731307
vt 0.184811 0.714701
vt 0.141363 0.748980
vt 0.202220 0.721243
vt 0.199561 0.739510
vt 0.185770 0.758554
vt 0.172743 0.778686
vt 0.129630 0.760733
vt 0.186820 0.702348
vt 0.200451 0.702515
vt 0.131490 0.782310
vt 0.142717 0.794649
vt 0.171666 0.700915
vt 0.214356 0.709762
vt 0.155557 0.720208
vt 0.139287 0.739020
vt 0.161789 0.710226
vt 0.187927 0.768527
vt 0.194266 0.683456
vt 0.211903 0.692963
vt 0.162196 0.799502
vt 0.211762 0.733572
vt 0.199500 0.753361
vt 0.114654 0.780361
vt 0.214974 0.722828
vt 0.152808 0.811011
vt 0.179229 0.784515
vt 0.208276 0.680952
vt 0.226154 0.698827
vt 0.232487 0.678861
vt 0.225192 0.714248
vt 0.166032 0.696972
vt 0.182492 0.678155
vt 0.211247 0.666580
vt 0.222498 0.723531
vt 0.123540 0.756943
vt 0.115116 0.770854
vt 0.161854 0.812391
vt 0.197489 0.664661
vt 0.239264 0.691006
vt 0.225912 0.654971
vt 0.238983 0.701252
vt 0.189982 0.661729
vt 0.152276 0.822606
vt 0.229431 0.715878
vt 0.241431 0.658739
vt 0.212135 0.647940
vt 0.251581 0.671445
vt 0.202805 0.646272
vt 0.224905 0.637180
vt 0.245306 0.638016
vt 0.254007 0.679772
vt 0.258364 0.657079
vt 0.213743 0.629407
vt 0.260733 0.666001
vt 0.233139 0.628409
vt 0.222712 0.621450
vt 0.263357 0.638713
vt 0.271228 0.645965
vt 0.241177 0.613913
vt 0.259283 0.619281
vt 0.232447 0.603989
vt 0.270721 0.656449
vt 0.275725 0.629742
vt 0.279859 0.643440
vt 0.279707 0.616139
vt 0.283563 0.631574
vt 0.251114 0.598498
vt 0.262854 0.586091
vt 0.292994 0.617908
vt 0.248884 0.582843
vt 0.240524 0.587716
vt 0.283127 0.597561
vt 0.292390 0.608042
vt 0.301574 0.607156
vt 0.301680 0.611696
vt 0.276816 0.575740
vt 0.262735 0.564907
vt 0.249009 0.575202
vt 0.292205 0.581417
vt 0.257803 0.563218
vt 0.304065 0.593013
vt 0.308302 0.597269
vt 0.278467 0.560621
vt 0.314034 0.585790
vt 0.315149 0.592232
vt 0.270575 0.548727
vt 0.302915 0.565024
vt 0.321170 0.574594
vt 0.324612 0.580254
vt 0.288225 0.548768
vt 0.282378 0.540852
vt 0.276868 0.535687
vt 0.322368 0.557123
vt 0.292566 0.537945
vt 0.304394 0.543633
vt 0.332870 0.567231
vt 0.328852 0.567799
vt 0.284796 0.529710
vt 0.332625 0.558670
vt 0.298779 0.522784
vt 0.290240 0.517135
vt 0.341762 0.555108
vt 0.317441 0.535796
vt 0.339757 0.551506
vt 0.334700 0.545510
vt 0.333845 0.532183
vt 0.298385 0.508582
vt 0.346692 0.544604
vt 0.342034 0.540520
vt 0.319279 0.516477
vt 0.305104 0.505971
vt 0.348017 0.534176
vt 0.355831 0.533801
vt 0.305620 0.495793
vt 0.352764 0.519288
vt 0.309886 0.497550
vt 0.326548 0.495097
vt 0.342145 0.502126
vt 0.315865 0.488750
vt 0.315301 0.483330
vt 0.364030 0.519358
vt 0.359299 0.506637
vt 0.325860 0.478258
vt 0.334420 0.484980
vt 0.370404 0.513512
vt 0.349377 0.488874
vt 0.323972 0.471682
vt 0.374441 0.503953
vt 0.332229 0.472087
vt 0.340216 0.478715
vt 0.365514 0.497769
vt 0.360587 0.486857
vt 0.331140 0.464444
vt 0.374723 0.492662
vt 0.351436 0.476670
vt 0.344795 0.468387
vt 0.337117 0.462765
vt 0.380884 0.495065
vt 0.374288 0.485665
vt 0.117910 0.793181
vt 0.124714 0.808598
vt 0.139148 0.814451
vt 0.144288 0.822192
vt 0.122448 0.827506
vt 0.109448 0.809934
vt 0.131960 0.837380
vt 0.103984 0.789154
vt 0.106195 0.829969
vt 0.098107 0.808068
vt 0.144538 0.836271
vt 0.093656 0.799574
vt 0.116679 0.842548
vt 0.092458 0.828571
vt 0.137197 0.844938
vt 0.126202 0.855976
vt 0.083398 0.815066
vt 0.079879 0.827160
vt 0.101908 0.851445
vt 0.112203 0.854217
vt 0.132539 0.855996
vt 0.086280 0.842882
vt 0.109540 0.864455
vt 0.125278 0.865080
vt 0.119062 0.869472
vt 0.087160 0.861217
vt 0.069892 0.842853
vt 0.099389 0.875927
vt 0.074233 0.851317
vt 0.109972 0.886146
vt 0.079991 0.880497
vt 0.058153 0.862337
vt 0.062924 0.844543
vt 0.071839 0.865501
vt 0.091665 0.892375
vt 0.097234 0.899731
vt 0.063395 0.875564
vt 0.061062 0.890817
vt 0.074077 0.895461
vt 0.083454 0.904929
vt 0.052340 0.879995
vt 0.041519 0.877160
vt 0.048657 0.862767
vt 0.043324 0.890681
vt 0.096331 0.907620
vt 0.087485 0.915732
vt 0.071990 0.908094
vt 0.060392 0.903735
vt 0.077172 0.920154
vt 0.045148 0.902447
vt 0.066927 0.921179
vt 0.077132 0.928282
vt 0.053795 0.912720
vt 0.029919 0.893740
vt 0.033380 0.903228
vt 0.055820 0.923992
vt 0.063567 0.936062
vt 0.042064 0.920337
vt 0.022984 0.905219
vt 0.034061 0.911729
vt 0.073003 0.939577
vt 0.079054 0.932727
vt 0.027339 0.919453
vt 0.048472 0.933259
vt 0.063413 0.950727
vt 0.013382 0.918588
vt 0.055243 0.948443
vt 0.026361 0.933511
vt 0.042839 0.945375
vt 0.054602 0.958939
vt 0.013464 0.934865
vt 0.043529 0.955774
vt 0.024891 0.948180
vt 0.004998 0.932812
vt 0.047617 0.964977
vt 0.036067 0.961863
vt 0.010086 0.946510
vt 0.022539 0.957496
vt 0.044410 0.971096
vt 0.000683 0.935499
vt 0.002110 0.942730
vt 0.037997 0.970866
vt 0.026159 0.963861
vt 0.361943 0.474362
vt 0.382962 0.487526
vt 0.352112 0.459122
vt 0.375716 0.476904
vt 0.344272 0.451149
vt 0.388246 0.479645
vt 0.371602 0.465385
vt 0.387816 0.490655
vt 0.395911 0.479884
vt 0.365061 0.455904
vt 0.352597 0.443143
vt 0.344546 0.445274
vt 0.387182 0.469847
vt 0.397829 0.471984
vt 0.380006 0.460326
vt 0.350856 0.436035
vt 0.366655 0.443716
vt 0.393700 0.460931
vt 0.357292 0.434279
vt 0.378870 0.447846
vt 0.402451 0.472824
vt 0.404402 0.460927
vt 0.359526 0.426302
vt 0.368271 0.430103
vt 0.390197 0.447199
vt 0.378100 0.436991
vt 0.372727 0.420132
vt 0.399263 0.441319
vt 0.383257 0.429960
vt 0.363603 0.417158
vt 0.372939 0.411247
vt 0.412486 0.449663
vt 0.412942 0.456237
vt 0.419657 0.448436
vt 0.384016 0.414920
vt 0.400596 0.427172
vt 0.418219 0.443096
vt 0.416954 0.435768
vt 0.425427 0.441060
vt 0.393985 0.410060
vt 0.373156 0.405075
vt 0.380944 0.398851
vt 0.415472 0.425808
vt 0.385948 0.400444
vt 0.428514 0.430786
vt 0.408400 0.410236
vt 0.427136 0.422420
vt 0.434400 0.430634
vt 0.385636 0.390810
vt 0.396492 0.395386
vt 0.437321 0.421481
vt 0.425456 0.411482
vt 0.414696 0.397715
vt 0.394152 0.382048
vt 0.439397 0.412084
vt 0.404223 0.385040
vt 0.444098 0.415921
vt 0.435159 0.401789
vt 0.420330 0.388570
vt 0.405619 0.374524
vt 0.396021 0.376253
vt 0.447268 0.405154
vt 0.450497 0.409513
vt 0.402645 0.369454
vt 0.418127 0.374513
vt 0.454237 0.400244
vt 0.436407 0.384188
vt 0.450946 0.392342
vt 0.411760 0.364328
vt 0.408973 0.359600
vt 0.463362 0.387034
vt 0.459327 0.398514
vt 0.418011 0.354956
vt 0.430474 0.360951
vt 0.467853 0.387618
vt 0.416137 0.349327
vt 0.438630 0.370247
vt 0.454496 0.379833
vt 0.426205 0.351206
vt 0.422267 0.344850
vt 0.456688 0.363793
vt 0.467534 0.372054
vt 0.475573 0.377400
vt 0.429756 0.340132
vt 0.425536 0.337593
vt 0.446817 0.356409
vt 0.438999 0.344505
vt 0.476428 0.370202
vt 0.434885 0.328527
vt 0.442154 0.329954
vt 0.476121 0.354305
vt 0.454542 0.334788
vt 0.459592 0.347938
vt 0.485042 0.360092
vt 0.445374 0.315815
vt 0.489956 0.344374
vt 0.494114 0.352476
vt 0.474474 0.342062
vt 0.455445 0.318618
vt 0.500700 0.340750
vt 0.504234 0.341284
vt 0.458004 0.305262
vt 0.454765 0.302875
vt 0.476073 0.329635
vt 0.465697 0.318606
vt 0.493429 0.332741
vt 0.506832 0.330913
vt 0.467700 0.292562
vt 0.465834 0.288858
vt 0.469172 0.304754
vt 0.477999 0.317170
vt 0.522523 0.317615
vt 0.512654 0.330655
vt 0.517533 0.317249
vt 0.507479 0.319783
vt 0.479132 0.305660
vt 0.493573 0.315378
vt 0.474761 0.279557
vt 0.476887 0.291040
vt 0.483866 0.274802
vt 0.528039 0.305483
vt 0.490890 0.287837
vt 0.491931 0.299675
vt 0.513213 0.306266
vt 0.488973 0.262459
vt 0.505682 0.297976
vt 0.524770 0.298935
vt 0.493327 0.265063
vt 0.496247 0.273688
vt 0.536868 0.295655
vt 0.534095 0.290393
vt 0.507191 0.281490
vt 0.503626 0.254289
vt 0.521471 0.287943
vt 0.544930 0.282913
vt 0.501757 0.245478
vt 0.563528 0.162866
vt 0.569169 0.164435
vt 0.557089 0.172057
vt 0.545145 0.185205
vt 0.552359 0.189644
vt 0.505019 0.263638
vt 0.558115 0.269862
vt 0.553966 0.267780
vt 0.509634 0.233585
vt 0.516686 0.237764
vt 0.536836 0.275467
vt 0.561536 0.255155
vt 0.570989 0.254717
vt 0.574444 0.242500
vt 0.580534 0.243613
vt 0.518844 0.227027
vt 0.596761 0.221172
vt 0.586959 0.233089
vt 0.585837 0.222437
vt 0.515479 0.268774
vt 0.603851 0.211857
vt 0.596042 0.208516
vt 0.529588 0.210098
vt 0.532491 0.221789
vt 0.532753 0.264287
vt 0.605463 0.204066
vt 0.539627 0.207570
vt 0.540199 0.194936
vt 0.515831 0.252995
vt 0.564818 0.179941
vt 0.550302 0.259535
vt 0.600967 0.194466
vt 0.529611 0.239397
vt 0.527684 0.254324
vt 0.561517 0.194505
vt 0.572519 0.231043
vt 0.541886 0.246567
vt 0.557734 0.243009
vt 0.585829 0.203080
vt 0.575916 0.214866
vt 0.550928 0.209821
vt 0.575804 0.196277
vt 0.576284 0.174892
vt 0.589695 0.185938
vt 0.543625 0.224006
vt 0.553631 0.232184
vt 0.564997 0.216673
vt 0.705051 0.005887
vt 0.714008 0.010305
vt 0.706277 0.014258
vt 0.728259 0.022682
vt 0.721248 0.029886
vt 0.738208 0.031202
vt 0.695312 0.000683
vt 0.735719 0.038473
vt 0.687467 0.013048
vt 0.685649 0.004663
vt 0.706152 0.030764
vt 0.692990 0.025625
vt 0.727512 0.049560
vt 0.673993 0.018663
vt 0.715668 0.049199
vt 0.698791 0.048200
vt 0.675336 0.028587
vt 0.718454 0.058878
vt 0.682497 0.038422
vt 0.707556 0.066439
vt 0.717278 0.067061
vt 0.662908 0.034611
vt 0.666044 0.043439
vt 0.685413 0.051413
vt 0.694025 0.062335
vt 0.675752 0.049585
vt 0.704581 0.079518
vt 0.657084 0.043632
vt 0.681967 0.060128
vt 0.696223 0.076094
vt 0.666964 0.059734
vt 0.654398 0.056299
vt 0.680768 0.072860
vt 0.692211 0.085731
vt 0.699545 0.089843
vt 0.664574 0.076685
vt 0.690406 0.094761
vt 0.680088 0.087163
vt 0.645097 0.064150
vt 0.646405 0.055331
vt 0.647533 0.071599
vt 0.680038 0.102340
vt 0.640315 0.072559
vt 0.634975 0.071284
vt 0.686431 0.104672
vt 0.654810 0.084335
vt 0.668891 0.097937
vt 0.677348 0.116407
vt 0.644028 0.080432
vt 0.634475 0.083908
vt 0.651086 0.100787
vt 0.625112 0.082640
vt 0.670573 0.111114
vt 0.643762 0.090690
vt 0.661064 0.128541
vt 0.621045 0.093451
vt 0.632370 0.095899
vt 0.667409 0.130431
vt 0.654479 0.114858
vt 0.621884 0.104616
vt 0.637629 0.111287
vt 0.609412 0.105274
vt 0.628260 0.113924
vt 0.657898 0.142621
vt 0.612272 0.111805
vt 0.640476 0.126016
vt 0.647866 0.147157
vt 0.596935 0.118451
vt 0.600112 0.122301
vt 0.648688 0.154419
vt 0.616520 0.119457
vt 0.633980 0.137887
vt 0.625261 0.129254
vt 0.614226 0.129513
vt 0.591207 0.132064
vt 0.636733 0.148331
vt 0.598076 0.134350
vt 0.634504 0.161666
vt 0.634560 0.168708
vt 0.626289 0.152237
vt 0.606832 0.136931
vt 0.618042 0.145693
vt 0.621731 0.167513
vt 0.584310 0.136571
vt 0.587626 0.147303
vt 0.576050 0.149742
vt 0.598035 0.146713
vt 0.626324 0.178688
vt 0.609606 0.154935
vt 0.623242 0.186810
vt 0.615882 0.184487
vt 0.613734 0.195263
vt 0.584684 0.158650
vt 0.597872 0.156874
vt 0.606221 0.166918
vt 0.603413 0.178096
vt 0.589526 0.169998
vt 0.823428 0.449935
vt 0.825809 0.444306
vt 0.829798 0.448922
vt 0.827100 0.453737
vt 0.832515 0.453206
vt 0.828674 0.460997
vt 0.834791 0.458439
vt 0.834540 0.466919
vt 0.833030 0.444308
vt 0.842329 0.474399
vt 0.833473 0.473752
vt 0.842053 0.461723
vt 0.834137 0.447868
vt 0.837469 0.452934
vt 0.849803 0.469499
vt 0.840525 0.446925
vt 0.850609 0.459611
vt 0.845176 0.452680
vt 0.855873 0.462013
vt 0.811120 0.451542
vt 0.807347 0.462354
vt 0.804757 0.450966
vt 0.813857 0.459433
vt 0.807503 0.441463
vt 0.815614 0.465750
vt 0.816108 0.472381
vt 0.813973 0.444444
vt 0.817311 0.450559
vt 0.802904 0.432497
vt 0.822258 0.462588
vt 0.825314 0.470518
vt 0.821915 0.457015
vt 0.820119 0.446578
vt 0.820248 0.438030
vt 0.811713 0.429580
vt 0.829051 0.477886
vt 0.819023 0.423368
vt 0.827643 0.437497
vt 0.826663 0.426598
vt 0.830879 0.421190
vt 0.832922 0.436382
vt 0.815746 0.403688
vt 0.843524 0.424168
vt 0.840948 0.431149
vt 0.840253 0.440045
vt 0.847982 0.434430
vt 0.853792 0.434847
vt 0.849690 0.444802
vt 0.858315 0.450306
vt 0.854123 0.449494
s 1
usemtl material_0.006
f 1/1/1 2/2/2 3/3/3
f 3/3/3 2/2/2 4/4/4
f 2/2/2 5/5/5 4/4/4
f 6/6/6 4/4/4 5/5/5
f 1/1/1 7/7/7 8/8/8
f 1/1/1 8/8/8 2/2/2
f 5/5/5 2/2/2 9/9/9
f 2/2/2 8/8/8 10/10/10
f 11/11/11 7/7/7 12/12/12
f 13/13/13 14/14/14 15/15/12
f 7/7/7 11/11/11 8/8/8
f 5/5/5 16/16/15 6/6/6
f 17/17/16 6/6/6 18/18/17
f 10/10/10 8/8/8 19/19/18
f 2/2/2 10/10/10 9/9/9
f 20/20/19 14/14/14 13/13/13
f 21/21/20 11/11/11 12/12/12
f 11/11/11 19/19/18 8/8/8
f 22/22/21 17/17/16 18/18/17
f 6/6/6 23/23/22 18/18/17
f 16/16/15 23/23/22 6/6/6
f 5/5/5 9/9/9 16/16/15
f 14/14/14 24/24/23 25/25/24
f 19/19/18 11/11/11 26/26/25
f 14/14/14 20/20/19 27/27/26
f 19/19/18 28/28/27 10/10/10
f 9/9/9 29/29/28 16/16/15
f 25/25/24 24/24/23 30/30/25
f 22/22/21 18/18/17 31/31/29
f 32/32/30 22/22/21 33/33/31
f 30/30/25 34/34/32 35/35/33
f 10/10/10 28/28/27 9/9/9
f 33/33/31 22/22/21 31/31/29
f 14/14/14 36/36/34 24/24/23
f 31/31/29 18/18/17 37/37/35
f 27/27/26 38/38/36 14/14/14
f 31/31/29 37/37/35 39/39/37
f 28/28/27 40/40/38 9/9/9
f 23/23/22 41/41/39 18/18/17
f 36/36/34 42/42/40 24/24/23
f 35/35/33 34/34/32 43/43/41
f 18/18/17 41/41/39 37/37/35
f 14/14/14 38/38/36 44/44/42
f 39/39/37 37/37/35 45/45/43
f 46/46/44 27/27/26 47/47/45
f 14/14/14 44/44/42 36/36/34
f 33/33/31 31/31/29 39/39/37
f 9/9/9 40/40/38 29/29/28
f 41/41/39 48/48/46 37/37/35
f 27/27/26 46/46/44 38/38/36
f 49/49/47 32/32/30 33/33/31
f 29/29/28 40/40/38 50/50/48
f 48/48/46 51/51/49 37/37/35
f 37/37/35 51/51/49 45/45/43
f 38/38/36 46/46/44 52/52/50
f 36/36/34 44/44/42 53/53/51
f 28/28/27 54/54/52 40/40/38
f 47/47/45 55/55/53 46/46/44
f 36/36/34 53/53/51 42/42/40
f 43/43/41 34/34/32 56/56/54
f 46/46/44 55/55/53 52/52/50
f 52/52/50 44/44/42 38/38/36
f 42/42/40 57/57/55 24/24/23
f 23/23/22 16/16/15 58/58/56
f 41/41/39 23/23/22 59/59/57
f 57/57/55 30/30/25 24/24/23
f 34/34/32 30/30/25 60/60/58
f 61/61/59 48/48/46 41/41/39
f 62/62/60 49/49/47 33/33/31
f 48/48/46 63/63/61 51/51/49
f 42/42/40 64/64/62 57/57/55
f 51/51/49 63/63/61 45/45/43
f 30/30/25 65/65/63 60/60/58
f 42/42/40 66/66/64 64/64/62
f 62/62/60 67/67/65 49/49/47
f 29/29/28 58/58/56 16/16/15
f 47/47/45 68/68/66 69/69/67
f 67/67/65 62/62/60 70/70/68
f 39/39/37 71/71/69 33/33/31
f 65/65/63 30/30/25 57/57/55
f 55/55/53 47/47/45 69/69/67
f 40/40/38 54/54/52 50/50/48
f 53/53/51 66/66/64 42/42/40
f 39/39/37 72/72/70 71/71/69
f 59/59/57 61/61/59 41/41/39
f 62/62/60 33/33/31 71/71/69
f 73/73/71 56/56/54 34/34/32
f 29/29/28 50/50/48 58/58/56
f 74/74/72 52/52/50 55/55/53
f 75/75/73 56/56/54 73/73/71
f 62/62/60 71/71/69 76/76/74
f 59/59/57 23/23/22 58/58/56
f 77/77/75 39/39/37 45/45/43
f 44/44/42 78/78/76 53/53/51
f 54/54/52 79/79/77 50/50/48
f 80/80/78 44/44/42 52/52/50
f 44/44/42 80/80/78 78/78/76
f 60/60/58 81/81/79 34/34/32
f 34/34/32 81/81/79 73/73/71
f 68/68/66 82/82/80 69/69/67
f 39/39/37 77/77/75 72/72/70
f 69/69/67 74/74/72 55/55/53
f 62/62/60 83/83/81 70/70/68
f 69/69/67 84/84/82 74/74/72
f 52/52/50 74/74/72 80/80/78
f 65/65/63 57/57/55 85/85/83
f 83/83/81 62/62/60 76/76/74
f 73/73/71 81/81/79 86/86/84
f 48/48/46 61/61/59 87/87/85
f 74/74/72 84/84/82 88/88/86
f 89/89/87 69/69/67 82/82/80
f 57/57/55 64/64/62 85/85/83
f 60/60/58 90/90/88 81/81/79
f 58/58/56 91/91/89 59/59/57
f 83/83/81 92/92/90 70/70/68
f 48/48/46 87/87/85 63/63/61
f 83/83/81 76/76/74 93/93/91
f 60/60/58 65/65/63 90/90/88
f 79/79/77 94/94/92 50/50/48
f 63/63/61 95/95/93 45/45/43
f 96/96/94 61/61/59 59/59/57
f 83/83/81 93/93/91 92/92/90
f 77/77/75 97/97/95 72/72/70
f 76/76/74 98/98/96 93/93/91
f 53/53/51 99/99/97 66/66/64
f 59/59/57 91/91/89 96/96/94
f 80/80/78 74/74/72 100/100/98
f 86/86/84 75/75/73 73/73/71
f 85/85/83 101/101/99 65/65/63
f 50/50/48 102/102/100 58/58/56
f 53/53/51 78/78/76 99/99/97
f 88/88/86 100/100/98 74/74/72
f 90/90/88 65/65/63 101/101/99
f 81/81/79 90/90/88 86/86/84
f 45/45/43 103/103/101 77/77/75
f 87/87/85 104/104/102 63/63/61
f 102/102/100 50/50/48 94/94/92
f 95/95/93 63/63/61 104/104/102
f 72/72/70 105/105/103 71/71/69
f 89/89/87 106/106/104 69/69/67
f 80/80/78 107/107/105 78/78/76
f 95/95/93 103/103/101 45/45/43
f 108/108/106 92/92/90 93/93/91
f 64/64/62 66/66/64 109/109/107
f 76/76/74 110/110/108 98/98/96
f 78/78/76 107/107/105 111/111/109
f 71/71/69 112/112/110 76/76/74
f 78/78/76 111/111/109 99/99/97
f 71/71/69 105/105/103 112/112/110
f 85/85/83 64/64/62 109/109/107
f 99/99/97 109/109/107 66/66/64
f 93/93/91 98/98/96 113/113/111
f 93/93/91 113/113/111 114/114/112
f 75/75/73 86/86/84 115/115/113
f 92/92/90 116/116/114 117/117/115
f 106/106/104 89/89/87 118/118/116
f 119/119/117 90/90/88 101/101/99
f 101/101/99 85/85/83 109/109/107
f 58/58/56 102/102/100 120/120/118
f 105/105/103 72/72/70 121/121/119
f 93/93/91 122/122/120 108/108/106
f 93/93/91 114/114/112 122/122/120
f 121/121/119 72/72/70 97/97/95
f 76/76/74 112/112/110 110/110/108
f 61/61/59 96/96/94 123/123/121
f 84/84/82 69/69/67 124/124/122
f 123/123/121 87/87/85 61/61/59
f 124/124/122 69/69/67 106/106/104
f 92/92/90 108/108/106 116/116/114
f 86/86/84 90/90/88 125/125/123
f 120/120/118 91/91/89 58/58/56
f 96/96/94 91/91/89 123/123/121
f 77/77/75 103/103/101 97/97/95
f 116/116/114 108/108/106 122/122/120
f 113/113/111 98/98/96 126/126/124
f 98/98/96 110/110/108 126/126/124
f 80/80/78 100/100/98 127/127/125
f 106/106/104 128/128/126 124/124/122
f 129/129/127 114/114/112 113/113/111
f 88/88/86 130/130/128 100/100/98
f 87/87/85 131/131/129 104/104/102
f 84/84/82 132/132/130 88/88/86
f 94/94/92 133/133/131 102/102/100
f 105/105/103 134/134/132 112/112/110
f 135/135/133 110/110/108 112/112/110
f 124/124/122 136/136/134 84/84/82
f 84/84/82 137/137/135 132/132/130
f 90/90/88 119/119/117 125/125/123
f 113/113/111 126/126/124 129/129/127
f 138/138/136 106/106/104 118/118/116
f 139/139/137 116/116/114 122/122/120
f 132/132/130 140/140/138 88/88/86
f 111/111/109 107/107/105 141/141/139
f 107/107/105 80/80/78 127/127/125
f 116/116/114 139/139/137 142/142/140
f 122/122/120 114/114/112 143/143/141
f 137/137/135 84/84/82 136/136/134
f 120/120/118 102/102/100 133/133/131
f 144/144/142 134/134/132 105/105/103
f 121/121/119 144/144/142 105/105/103
f 128/128/126 136/136/134 124/124/122
f 88/88/86 140/140/138 130/130/128
f 111/111/109 145/145/143 99/99/97
f 138/138/136 146/146/144 106/106/104
f 106/106/104 146/146/144 128/128/126
f 107/107/105 147/147/145 141/141/139
f 141/141/139 145/145/143 111/111/109
f 95/95/93 148/148/146 103/103/101
f 122/122/120 143/143/141 139/139/137
f 104/104/102 148/148/146 95/95/93
f 129/129/127 149/149/147 114/114/112
f 114/114/112 149/149/147 143/143/141
f 135/135/133 112/112/110 150/150/148
f 109/109/107 99/99/97 151/151/149
f 120/120/118 152/152/150 91/91/89
f 120/120/118 133/133/131 152/152/150
f 115/115/113 86/86/84 153/153/151
f 91/91/89 154/154/152 123/123/121
f 103/103/101 155/155/153 97/97/95
f 153/153/151 86/86/84 125/125/123
f 148/148/146 104/104/102 131/131/129
f 110/110/108 135/135/133 126/126/124
f 156/156/154 103/103/101 148/148/146
f 157/157/155 112/112/110 134/134/132
f 130/130/128 158/158/156 100/100/98
f 112/112/110 157/157/155 150/150/148
f 119/119/117 101/101/99 159/159/157
f 145/145/143 160/160/158 99/99/97
f 161/161/159 139/139/137 143/143/141
f 91/91/89 152/152/150 154/154/152
f 138/138/136 162/162/160 146/146/144
f 99/99/97 160/160/158 151/151/149
f 163/163/161 141/141/139 147/147/145
f 136/136/134 164/164/162 137/137/135
f 136/136/134 128/128/126 164/164/162
f 131/131/129 165/165/163 148/148/146
f 129/129/127 126/126/124 166/166/164
f 127/127/125 147/147/145 107/107/105
f 109/109/107 167/167/165 101/101/99
f 168/168/166 162/162/160 138/138/136
f 155/155/153 121/121/119 97/97/95
f 142/142/140 139/139/137 169/169/167
f 139/139/137 161/161/159 169/169/167
f 164/164/162 128/128/126 146/146/144
f 134/134/132 144/144/142 170/170/168
f 87/87/85 123/123/121 131/131/129
f 140/140/138 158/158/156 130/130/128
f 115/115/113 153/153/151 171/171/169
f 134/134/132 170/170/168 157/157/155
f 143/143/141 149/149/147 172/172/170
f 100/100/98 158/158/156 173/173/171
f 101/101/99 167/167/165 159/159/157
f 161/161/159 143/143/141 174/174/172
f 129/129/127 175/175/173 149/149/147
f 103/103/101 156/156/154 176/176/174
f 177/177/175 140/140/138 132/132/130
f 154/154/152 152/152/150 133/133/131
f 141/141/139 178/178/176 145/145/143
f 179/179/177 137/137/135 164/164/162
f 142/142/140 169/169/167 180/180/178
f 140/140/138 181/181/179 158/158/156
f 167/167/165 109/109/107 151/151/149
f 100/100/98 173/173/171 127/127/125
f 146/146/144 162/162/160 182/182/180
f 137/137/135 179/179/177 132/132/130
f 177/177/175 132/132/130 179/179/177
f 183/183/181 150/150/148 157/157/155
f 178/178/176 141/141/139 163/163/161
f 150/150/148 184/184/182 135/135/133
f 162/162/160 168/168/166 185/185/183
f 146/146/144 186/186/184 164/164/162
f 103/103/101 176/176/174 155/155/153
f 147/147/145 127/127/125 187/187/185
f 146/146/144 188/188/186 186/186/184
f 150/150/148 183/183/181 184/184/182
f 143/143/141 172/172/170 174/174/172
f 148/148/146 189/189/187 156/156/154
f 190/190/188 119/119/117 159/159/157
f 191/191/189 140/140/138 177/177/175
f 135/135/133 192/192/190 126/126/124
f 145/145/143 193/193/191 160/160/158
f 173/173/171 194/194/192 127/127/125
f 166/166/164 126/126/124 195/195/193
f 169/169/167 161/161/159 196/196/194
f 125/125/123 197/197/195 153/153/151
f 174/174/172 198/198/196 161/161/159
f 180/180/178 169/169/167 199/199/197
f 162/162/160 185/185/183 182/182/180
f 140/140/138 191/191/189 181/181/179
f 158/158/156 200/200/198 173/173/171
f 172/172/170 201/201/199 174/174/172
f 161/161/159 198/198/196 196/196/194
f 127/127/125 194/194/192 187/187/185
f 202/202/200 179/179/177 164/164/162
f 119/119/117 190/190/188 125/125/123
f 131/131/129 123/123/121 203/203/201
f 187/187/185 163/163/161 147/147/145
f 189/189/187 176/176/174 156/156/154
f 149/149/147 175/175/173 172/172/170
f 204/204/202 182/182/180 185/185/183
f 188/188/186 146/146/144 182/182/180
f 158/158/156 205/205/203 200/200/198
f 155/155/153 206/206/204 121/121/119
f 125/125/123 190/190/188 197/197/195
f 144/144/142 121/121/119 207/207/205
f 164/164/162 186/186/184 208/208/206
f 160/160/158 167/167/165 151/151/149
f 195/195/193 126/126/124 192/192/190
f 185/185/183 168/168/166 209/209/207
f 174/174/172 210/210/208 198/198/196
f 129/129/127 166/166/164 211/211/209
f 202/202/200 177/177/175 179/179/177
f 203/203/201 123/123/121 154/154/152
f 145/145/143 178/178/176 193/193/191
f 208/208/206 202/202/200 164/164/162
f 211/211/209 175/175/173 129/129/127
f 199/199/197 169/169/167 196/196/194
f 158/158/156 181/181/179 205/205/203
f 194/194/192 173/173/171 200/200/198
f 135/135/133 184/184/182 192/192/190
f 186/186/184 212/212/210 208/208/206
f 153/153/151 213/213/211 171/171/169
f 144/144/142 214/214/212 170/170/168
f 204/204/202 215/215/213 182/182/180
f 157/157/155 170/170/168 216/216/214
f 188/188/186 212/212/210 186/186/184
f 165/165/163 189/189/187 148/148/146
f 182/182/180 215/215/213 188/188/186
f 216/216/214 183/183/181 157/157/155
f 217/217/215 154/154/152 133/133/131
f 170/170/168 214/214/212 216/216/214
f 218/218/216 198/198/196 210/210/208
f 219/219/217 203/203/201 154/154/152
f 204/204/202 185/185/183 209/209/207
f 165/165/163 131/131/129 220/220/218
f 131/131/129 203/203/201 220/220/218
f 121/121/119 206/206/204 207/207/205
f 191/191/189 177/177/175 221/221/219
f 174/174/172 201/201/199 222/222/220
f 204/204/202 209/209/207 223/223/221
f 187/187/185 224/224/222 163/163/161
f 160/160/158 225/225/223 167/167/165
f 166/166/164 195/195/193 211/211/209
f 222/222/220 201/201/199 226/226/224
f 227/227/225 200/200/198 205/205/203
f 228/228/226 190/190/188 159/159/157
f 229/229/227 172/172/170 175/175/173
f 201/201/199 172/172/170 226/226/224
f 159/159/157 167/167/165 228/228/226
f 168/168/166 230/230/228 209/209/207
f 215/215/213 231/231/229 188/188/186
f 197/197/195 190/190/188 232/232/230
f 207/207/205 214/214/212 144/144/142
f 174/174/172 222/222/220 210/210/208
f 188/188/186 231/231/229 212/212/210
f 178/178/176 163/163/161 233/233/231
f 234/234/232 189/189/187 165/165/163
f 208/208/206 235/235/233 202/202/200
f 194/194/192 200/200/198 227/227/225
f 176/176/174 236/236/234 155/155/153
f 237/237/235 177/177/175 202/202/200
f 220/220/218 203/203/201 219/219/217
f 181/181/179 191/191/189 238/238/236
f 199/199/197 196/196/194 239/239/237
f 197/197/195 240/240/238 153/153/151
f 193/193/191 178/178/176 241/241/239
f 190/190/188 228/228/226 232/232/230
f 212/212/210 235/235/233 208/208/206
f 191/191/189 221/221/219 238/238/236
f 198/198/196 242/242/240 196/196/194
f 206/206/204 155/155/153 243/243/241
f 183/183/181 244/244/242 184/184/182
f 241/241/239 178/178/176 233/233/231
f 183/183/181 216/216/214 244/244/242
f 223/223/221 209/209/207 245/245/243
f 237/237/235 202/202/200 235/235/233
f 246/246/244 196/196/194 242/242/240
f 211/211/209 195/195/193 247/247/245
f 176/176/174 189/189/187 234/234/232
f 163/163/161 224/224/222 248/248/246
f 155/155/153 236/236/234 243/243/241
f 177/177/175 237/237/235 221/221/219
f 209/209/207 230/230/228 245/245/243
f 187/187/185 249/249/247 224/224/222
f 231/231/229 215/215/213 250/250/248
f 194/194/192 251/251/249 187/187/185
f 211/211/209 247/247/245 175/175/173
f 223/223/221 215/215/213 204/204/202
f 181/181/179 238/238/236 205/205/203
f 163/163/161 248/248/246 233/233/231
f 242/242/240 198/198/196 252/252/250
f 153/153/151 240/240/238 253/253/251
f 196/196/194 246/246/244 239/239/237
f 187/187/185 251/251/249 249/249/247
f 153/153/151 253/253/251 213/213/211
f 195/195/193 192/192/190 254/254/252
f 222/222/220 255/255/253 210/210/208
f 256/256/254 199/199/197 257/257/255
f 225/225/223 160/160/158 193/193/191
f 154/154/152 217/217/215 219/219/217
f 250/250/248 215/215/213 258/258/256
f 176/176/174 234/234/232 236/236/234
f 220/220/218 234/234/232 165/165/163
f 227/227/225 259/259/257 194/194/192
f 223/223/221 245/245/243 260/260/258
f 261/261/259 205/205/203 238/238/236
f 210/210/208 255/255/253 218/218/216
f 207/207/205 262/262/260 214/214/212
f 167/167/165 263/263/261 228/228/226
f 227/227/225 205/205/203 261/261/259
f 206/206/204 264/264/262 207/207/205
f 265/265/263 199/199/197 239/239/237
f 265/265/263 257/257/255 199/199/197
f 215/215/213 223/223/221 258/258/256
f 197/197/195 232/232/230 266/266/264
f 252/252/250 198/198/196 218/218/216
f 195/195/193 254/254/252 247/247/245
f 175/175/173 267/267/265 229/229/227
f 167/167/165 225/225/223 263/263/261
f 242/242/240 268/268/266 246/246/244
f 268/268/266 242/242/240 269/269/267
f 242/242/240 252/252/250 269/269/267
f 249/249/247 270/270/268 224/224/222
f 271/271/269 239/239/237 246/246/244
f 172/172/170 229/229/227 226/226/224
f 230/230/228 272/272/270 245/245/243
f 175/175/173 247/247/245 267/267/265
f 194/194/192 273/273/271 251/251/249
f 224/224/222 270/270/268 248/248/246
f 243/243/241 274/274/272 206/206/204
f 259/259/257 273/273/271 194/194/192
f 233/233/231 248/248/246 275/275/273
f 272/272/270 230/230/228 276/276/274
f 271/271/269 246/246/244 277/277/275
f 197/197/195 266/266/264 240/240/238
f 227/227/225 261/261/259 259/259/257
f 193/193/191 278/278/276 225/225/223
f 262/262/260 207/207/205 264/264/262
f 279/279/277 223/223/221 260/260/258
f 262/262/260 280/280/278 214/214/212
f 281/281/279 258/258/256 223/223/221
f 214/214/212 280/280/278 216/216/214
f 239/239/237 271/271/269 265/265/263
f 282/282/280 231/231/229 250/250/248
f 232/232/230 228/228/226 266/266/264
f 222/222/220 226/226/224 255/255/253
f 231/231/229 282/282/280 283/283/281
f 192/192/190 184/184/182 284/284/282
f 258/258/256 282/282/280 250/250/248
f 206/206/204 274/274/272 264/264/262
f 244/244/242 285/285/283 184/184/182
f 217/217/215 286/286/284 219/219/217
f 287/287/285 263/263/261 225/225/223
f 245/245/243 279/279/277 260/260/258
f 246/246/244 268/268/266 277/277/275
f 279/279/277 281/281/279 223/223/221
f 233/233/231 288/288/286 241/241/239
f 236/236/234 289/289/287 243/243/241
f 253/253/251 290/290/288 213/213/211
f 243/243/241 291/291/289 274/274/272
f 229/229/227 292/292/290 226/226/224
f 255/255/253 252/252/250 218/218/216
f 293/293/291 249/249/247 251/251/249
f 294/294/292 184/184/182 285/285/283
f 241/241/239 278/278/276 193/193/191
f 295/295/293 234/234/232 220/220/218
f 272/272/270 296/296/294 245/245/243
f 245/245/243 296/296/294 279/279/277
f 265/265/263 271/271/269 297/297/295
f 184/184/182 294/294/292 284/284/282
f 298/298/296 212/212/210 231/231/229
f 225/225/223 278/278/276 299/299/297
f 300/300/298 237/237/235 235/235/233
f 216/216/214 301/301/299 244/244/242
f 231/231/229 283/283/281 302/302/300
f 302/302/300 298/298/296 231/231/229
f 225/225/223 299/299/297 287/287/285
f 236/236/234 234/234/232 303/303/301
f 237/237/235 300/300/298 221/221/219
f 293/293/291 251/251/249 273/273/271
f 288/288/286 233/233/231 275/275/273
f 295/295/293 220/220/218 219/219/217
f 282/282/280 304/304/302 283/283/281
f 258/258/256 281/281/279 282/282/280
f 303/303/301 289/289/287 236/236/234
f 267/267/265 292/292/290 229/229/227
f 219/219/217 286/286/284 295/295/293
f 248/248/246 305/305/303 275/275/273
f 271/271/269 306/306/304 297/297/295
f 307/307/305 228/228/226 263/263/261
f 267/267/265 247/247/245 308/308/306
f 257/257/255 265/265/263 309/309/307
f 241/241/239 288/288/286 310/310/308
f 311/311/309 268/268/266 269/269/267
f 271/271/269 277/277/275 306/306/304
f 248/248/246 270/270/268 305/305/303
f 255/255/253 226/226/224 312/312/310
f 212/212/210 298/298/296 235/235/233
f 247/247/245 254/254/252 313/313/311
f 228/228/226 307/307/305 266/266/264
f 272/272/270 276/276/274 314/314/312
f 309/309/307 265/265/263 297/297/295
f 270/270/268 249/249/247 293/293/291
f 280/280/278 301/301/299 216/216/214
f 268/268/266 311/311/309 277/277/275
f 263/263/261 315/315/313 307/307/305
f 316/316/314 306/306/304 277/277/275
f 263/263/261 287/287/285 315/315/313
f 273/273/271 317/317/315 293/293/291
f 240/240/238 318/318/316 253/253/251
f 247/247/245 313/313/311 308/308/306
f 312/312/310 226/226/224 292/292/290
f 253/253/251 318/318/316 290/290/288
f 319/319/317 254/254/252 192/192/190
f 240/240/238 266/266/264 318/318/316
f 262/262/260 264/264/262 280/280/278
f 234/234/232 320/320/318 303/303/301
f 313/313/311 254/254/252 319/319/317
f 309/309/307 297/297/295 306/306/304
f 321/321/319 269/269/267 252/252/250
f 243/243/241 322/322/320 291/291/289
f 298/298/296 323/323/321 235/235/233
f 322/322/320 243/243/241 289/289/287
f 257/257/255 324/324/322 325/325/323
f 306/306/304 316/316/314 326/326/324
f 306/306/304 327/327/325 309/309/307
f 298/298/296 302/302/300 328/328/326
f 274/274/272 329/329/327 264/264/262
f 320/320/318 234/234/232 295/295/293
f 259/259/257 330/330/328 273/273/271
f 324/324/322 257/257/255 309/309/307
f 252/252/250 255/255/253 331/331/329
f 281/281/279 279/279/277 332/332/330
f 192/192/190 284/284/282 333/333/331
f 269/269/267 321/321/319 311/311/309
f 241/241/239 334/334/332 278/278/276
f 333/333/331 319/319/317 192/192/190
f 306/306/304 326/326/324 327/327/325
f 267/267/265 308/308/306 335/335/333
f 274/274/272 291/291/289 329/329/327
f 317/317/315 273/273/271 330/330/328
f 310/310/308 334/334/332 241/241/239
f 267/267/265 335/335/333 292/292/290
f 272/272/270 314/314/312 296/296/294
f 235/235/233 323/323/321 300/300/298
f 336/336/334 322/322/320 289/289/287
f 244/244/242 337/337/335 285/285/283
f 285/285/283 337/337/335 294/294/292
f 289/289/287 303/303/301 336/336/334
f 283/283/281 304/304/302 302/302/300
f 338/338/336 314/314/312 276/276/274
f 309/309/307 327/327/325 339/339/337
f 340/340/338 288/288/286 275/275/273
f 255/255/253 312/312/310 331/331/329
f 295/295/293 286/286/284 341/341/339
f 288/288/286 342/342/340 310/310/308
f 279/279/277 343/343/341 332/332/330
f 323/323/321 298/298/296 328/328/326
f 337/337/335 244/244/242 301/301/299
f 261/261/259 238/238/236 344/344/342
f 343/343/341 279/279/277 296/296/294
f 221/221/219 344/344/342 238/238/236
f 277/277/275 311/311/309 345/345/343
f 294/294/292 346/346/344 284/284/282
f 316/316/314 277/277/275 345/345/343
f 347/347/345 320/320/318 295/295/293
f 321/321/319 252/252/250 348/348/346
f 252/252/250 331/331/329 348/348/346
f 349/349/347 312/312/310 292/292/290
f 330/330/328 259/259/257 261/261/259
f 309/309/307 339/339/337 324/324/322
f 221/221/219 350/350/348 344/344/342
f 266/266/264 307/307/305 351/351/349
f 352/352/350 261/261/259 344/344/342
f 288/288/286 340/340/338 342/342/340
f 338/338/336 353/353/351 314/314/312
f 346/346/344 333/333/331 284/284/282
f 354/354/352 302/302/300 304/304/302
f 282/282/280 281/281/279 355/355/353
f 275/275/273 305/305/303 340/340/338
f 314/314/312 356/356/354 296/296/294
f 270/270/268 357/357/355 305/305/303
f 264/264/262 358/358/356 280/280/278
f 359/359/357 325/325/323 324/324/322
f 312/312/310 360/360/358 331/331/329
f 287/287/285 361/361/359 315/315/313
f 350/350/348 221/221/219 300/300/298
f 362/362/360 316/316/314 345/345/343
f 342/342/340 334/334/332 310/310/308
f 339/339/337 327/327/325 363/363/361
f 324/324/322 339/339/337 364/364/362
f 355/355/353 304/304/302 282/282/280
f 315/315/313 361/361/359 307/307/305
f 365/365/363 341/341/339 286/286/284
f 326/326/324 363/363/361 327/327/325
f 356/356/354 343/343/341 296/296/294
f 326/326/324 316/316/314 362/362/360
f 321/321/319 366/366/364 311/311/309
f 294/294/292 337/337/335 367/367/365
f 266/266/264 351/351/349 368/368/366
f 290/290/288 318/318/316 369/369/363
f 370/370/367 264/264/262 329/329/327
f 266/266/264 371/371/368 318/318/316
f 302/302/300 372/372/369 328/328/326
f 339/339/337 363/363/361 364/364/362
f 351/351/349 307/307/305 361/361/359
f 292/292/290 373/373/370 349/349/347
f 358/358/356 264/264/262 370/370/367
f 334/334/332 374/374/371 278/278/276
f 303/303/301 320/320/318 347/347/345
f 330/330/328 261/261/259 352/352/350
f 299/299/297 375/375/372 287/287/285
f 360/360/358 348/348/346 331/331/329
f 346/346/344 294/294/292 367/367/365
f 376/376/373 340/340/338 305/305/303
f 299/299/297 278/278/276 374/374/371
f 336/336/334 303/303/301 377/377/374
f 308/308/306 313/313/311 319/319/317
f 354/354/352 304/304/302 355/355/353
f 305/305/303 357/357/355 376/376/373
f 281/281/279 378/378/375 355/355/353
f 319/319/317 333/333/331 379/379/376
f 301/301/299 380/380/377 337/337/335
f 347/347/345 295/295/293 381/381/378
f 326/326/324 362/362/360 382/382/379
f 346/346/344 367/367/365 383/383/380
f 312/312/310 349/349/347 360/360/358
f 335/335/333 373/373/370 292/292/290
f 303/303/301 347/347/345 377/377/374
f 314/314/312 353/353/351 356/356/354
f 372/372/369 302/302/300 354/354/352
f 357/357/355 270/270/268 384/384/381
f 287/287/285 375/375/372 361/361/359
f 293/293/291 384/384/381 270/270/268
f 281/281/279 332/332/330 378/378/375
f 266/266/264 368/368/366 371/371/368
f 384/384/381 293/293/291 317/317/315
f 291/291/289 385/385/382 329/329/327
f 299/299/297 386/386/383 375/375/372
f 333/333/331 346/346/344 379/379/376
f 350/350/348 387/387/384 344/344/342
f 377/377/374 347/347/345 388/388/385
f 291/291/289 322/322/320 385/385/382
f 321/321/319 389/389/386 366/366/364
f 324/324/322 364/364/362 359/359/357
f 345/345/343 311/311/309 390/390/387
f 336/336/334 391/391/388 322/322/320
f 340/340/338 392/392/389 342/342/340
f 280/280/278 358/358/356 393/393/390
f 345/345/343 390/390/387 362/362/360
f 394/394/391 344/344/342 387/387/384
f 328/328/326 395/395/392 323/323/321
f 395/395/392 328/328/326 372/372/369
f 351/351/349 361/361/359 396/396/393
f 342/342/340 397/397/394 334/334/332
f 397/397/394 342/342/340 392/392/389
f 398/398/395 330/330/328 352/352/350
f 308/308/306 399/399/396 335/335/333
f 349/349/347 373/373/370 360/360/358
f 337/337/335 400/400/397 367/367/365
f 322/322/320 391/391/388 385/385/382
f 311/311/309 366/366/364 390/390/387
f 351/351/349 396/396/393 368/368/366
f 326/326/324 382/382/379 363/363/361
f 401/401/398 378/378/375 332/332/330
f 384/384/381 402/402/399 357/357/355
f 344/344/342 394/394/391 352/352/350
f 382/382/379 362/362/360 390/390/387
f 377/377/374 391/391/388 336/336/334
f 386/386/383 299/299/297 374/374/371
f 337/337/335 380/380/377 400/400/397
f 403/403/400 359/359/357 364/364/362
f 343/343/341 404/404/401 332/332/330
f 379/379/376 346/346/344 405/405/402
f 375/375/372 406/406/403 361/361/359
f 407/407/404 357/357/355 402/402/399
f 300/300/298 323/323/321 350/350/348
f 392/392/389 340/340/338 376/376/373
f 330/330/328 408/408/405 317/317/315
f 409/409/406 353/353/351 338/338/336
f 410/410/407 364/364/362 363/363/361
f 343/343/341 356/356/354 404/404/401
f 347/347/345 381/381/378 388/388/385
f 348/348/346 389/389/386 321/321/319
f 332/332/330 404/404/401 401/401/398
f 398/398/395 408/408/405 330/330/328
f 406/406/403 411/411/408 361/361/359
f 407/407/404 376/376/373 357/357/355
f 383/383/380 405/405/402 346/346/344
f 386/386/383 406/406/403 375/375/372
f 393/393/390 412/412/409 280/280/278
f 413/413/410 399/399/396 308/308/306
f 361/361/359 411/411/408 396/396/393
f 393/393/390 358/358/356 370/370/367
f 412/412/409 301/301/299 280/280/278
f 414/414/411 369/369/363 318/318/316
f 388/388/385 391/391/388 377/377/374
f 381/381/378 295/295/293 341/341/339
f 308/308/306 319/319/317 413/413/410
f 415/415/412 367/367/365 400/400/397
f 379/379/376 416/416/413 319/319/317
f 359/359/357 403/403/400 417/417/414
f 364/364/362 418/418/415 403/403/400
f 367/367/365 415/415/412 383/383/380
f 334/334/332 419/419/416 374/374/371
f 416/416/413 413/413/410 319/319/317
f 353/353/351 420/420/417 356/356/354
f 401/401/398 421/421/418 378/378/375
f 354/354/352 355/355/353 422/422/419
f 364/364/362 410/410/407 418/418/415
f 423/423/420 386/386/383 374/374/371
f 329/329/327 385/385/382 424/424/421
f 371/371/368 414/414/411 318/318/316
f 425/425/422 395/395/392 372/372/369
f 384/384/381 317/317/315 408/408/405
f 301/301/299 426/426/423 380/380/377
f 329/329/327 427/427/424 370/370/367
f 400/400/397 380/380/377 426/426/423
f 385/385/382 391/391/388 424/424/421
f 354/354/352 425/425/422 372/372/369
f 414/414/411 371/371/368 428/428/425
f 369/369/363 414/414/411 429/429/426
f 341/341/339 365/365/363 430/430/426
f 388/388/385 424/424/421 391/391/388
f 409/409/406 420/420/417 353/353/351
f 356/356/354 431/431/427 404/404/401
f 350/350/348 323/323/321 432/432/428
f 366/366/364 433/433/429 390/390/387
f 371/371/368 368/368/366 434/434/430
f 435/435/431 378/378/375 421/421/418
f 363/363/361 436/436/432 410/410/407
f 378/378/375 435/435/431 355/355/353
f 419/419/416 423/423/420 374/374/371
f 416/416/413 379/379/376 405/405/402
f 427/427/424 329/329/327 424/424/421
f 388/388/385 381/381/378 437/437/433
f 404/404/401 421/421/418 401/401/398
f 363/363/361 382/382/379 436/436/432
f 355/355/353 435/435/431 422/422/419
f 371/371/368 434/434/430 428/428/425
f 403/403/400 418/418/415 438/438/434
f 439/439/435 323/323/321 395/395/392
f 389/389/386 433/433/429 366/366/364
f 395/395/392 425/425/422 439/439/435
f 381/381/378 341/341/339 440/440/436
f 388/388/385 437/437/433 424/424/421
f 301/301/299 412/412/409 426/426/423
f 420/420/417 431/431/427 356/356/354
f 323/323/321 439/439/435 441/441/437
f 403/403/400 442/442/438 417/417/414
f 383/383/380 443/443/439 405/405/402
f 381/381/378 440/440/436 437/437/433
f 421/421/418 404/404/401 444/444/440
f 445/445/441 420/420/417 409/409/406
f 397/397/394 446/446/442 334/334/332
f 442/442/438 403/403/400 438/438/434
f 387/387/384 350/350/348 394/394/391
f 370/370/367 427/427/424 447/447/443
f 407/407/404 402/402/399 448/448/444
f 323/323/321 441/441/437 432/432/428
f 394/394/391 449/449/445 352/352/350
f 450/450/446 419/419/416 334/334/332
f 421/421/418 451/451/447 435/435/431
f 392/392/389 446/446/442 397/397/394
f 383/383/380 415/415/412 443/443/439
f 435/435/431 451/451/447 422/422/419
f 350/350/348 432/432/428 394/394/391
f 376/376/373 407/407/404 392/392/389
f 405/405/402 443/443/439 416/416/413
f 334/334/332 446/446/442 450/450/446
f 448/448/444 402/402/399 384/384/381
f 390/390/387 433/433/429 452/452/448
f 408/408/405 453/453/449 384/384/381
f 335/335/333 454/454/450 373/373/370
f 368/368/366 396/396/393 434/434/430
f 429/429/426 414/414/411 455/455/451
f 456/456/452 425/425/422 354/354/352
f 399/399/396 454/454/450 335/335/333
f 457/457/453 341/341/339 430/430/426
f 422/422/419 456/456/452 354/354/352
f 352/352/350 449/449/445 398/398/395
f 458/458/454 360/360/358 373/373/370
f 370/370/367 447/447/443 393/393/390
f 422/422/419 451/451/447 456/456/452
f 382/382/379 390/390/387 452/452/448
f 459/459/455 436/436/432 382/382/379
f 386/386/383 460/460/456 406/406/403
f 425/425/422 456/456/452 439/439/435
f 384/384/381 453/453/449 448/448/444
f 348/348/346 461/461/457 389/389/386
f 420/420/417 445/445/441 431/431/427
f 432/432/428 449/449/445 394/394/391
f 430/430/426 462/462/458 457/457/453
f 431/431/427 444/444/440 404/404/401
f 382/382/379 452/452/448 459/459/455
f 456/456/452 463/463/459 439/439/435
f 432/432/428 441/441/437 464/464/460
f 341/341/339 457/457/453 440/440/436
f 465/465/461 421/421/418 444/444/440
f 408/408/405 449/449/445 453/453/449
f 426/426/423 466/466/462 400/400/397
f 398/398/395 449/449/445 408/408/405
f 456/456/452 451/451/447 463/463/459
f 463/463/459 441/441/437 439/439/435
f 437/437/433 440/440/436 457/457/453
f 423/423/420 460/460/456 386/386/383
f 415/415/412 400/400/397 466/466/462
f 421/421/418 465/465/461 451/451/447
f 432/432/428 467/467/463 449/449/445
f 468/468/464 393/393/390 447/447/443
f 461/461/457 348/348/346 469/469/465
f 360/360/358 469/469/465 348/348/346
f 433/433/429 389/389/386 461/461/457
f 464/464/460 467/467/463 432/432/428
f 454/454/450 399/399/396 470/470/466
f 471/471/467 418/418/415 410/410/407
f 416/416/413 472/472/468 413/413/410
f 415/415/412 473/473/469 443/443/439
f 393/393/390 468/468/464 412/412/409
f 431/431/427 445/445/441 474/474/470
f 448/448/444 475/475/471 407/407/404
f 419/419/416 476/476/472 423/423/420
f 460/460/456 423/423/420 476/476/472
f 411/411/408 477/477/473 396/396/393
f 448/448/444 478/478/474 475/475/471
f 479/479/475 480/480/476 481/481/477
f 419/419/416 450/450/446 476/476/472
f 449/449/445 478/478/474 453/453/449
f 482/482/478 483/483/479 484/484/480
f 431/431/427 474/474/470 444/444/440
f 448/448/444 453/453/449 478/478/474
f 407/407/404 475/475/471 392/392/389
f 465/465/461 463/463/459 451/451/447
f 428/428/425 455/455/451 414/414/411
f 373/373/370 485/485/481 458/458/454
f 396/396/393 477/477/473 434/434/430
f 433/433/429 486/486/482 452/452/448
f 482/482/478 484/484/480 487/487/483
f 480/480/476 479/479/475 483/483/479
f 446/446/442 488/488/484 450/450/446
f 489/489/485 465/465/461 444/444/440
f 445/445/441 490/490/486 474/474/470
f 413/413/410 491/491/487 399/399/396
f 491/491/487 413/413/410 472/472/468
f 426/426/423 492/492/488 466/466/462
f 446/446/442 392/392/389 475/475/471
f 485/485/481 373/373/370 454/454/450
f 493/493/475 457/457/453 462/462/458
f 466/466/462 473/473/469 415/415/412
f 411/411/408 406/406/403 494/494/489
f 444/444/440 474/474/470 489/489/485
f 452/452/448 486/486/482 459/459/455
f 469/469/465 360/360/358 458/458/454
f 469/469/465 495/495/490 461/461/457
f 447/447/443 496/496/491 468/468/464
f 442/442/438 438/438/434 497/497/492
f 438/438/434 418/418/415 498/498/493
f 469/469/465 458/458/454 495/495/490
f 487/487/483 484/484/480 499/499/494
f 438/438/434 498/498/493 497/497/492
f 500/500/495 486/486/482 433/433/429
f 455/455/451 428/428/425 501/501/496
f 471/471/467 502/502/497 418/418/415
f 483/483/479 479/479/475 503/503/498
f 442/442/438 504/504/499 417/417/414
f 411/411/408 494/494/489 477/477/473
f 443/443/439 473/473/469 505/505/500
f 443/443/439 505/505/500 416/416/413
f 426/426/423 412/412/409 492/492/488
f 506/506/501 472/472/468 416/416/413
f 399/399/396 491/491/487 470/470/466
f 446/446/442 475/475/471 488/488/484
f 410/410/407 436/436/432 507/507/502
f 434/434/430 477/477/473 501/501/496
f 434/434/430 501/501/496 428/428/425
f 487/487/483 499/499/494 508/508/503
f 509/509/504 503/503/498 479/479/475
f 459/459/455 510/510/505 436/436/432
f 505/505/500 473/473/469 466/466/462
f 483/483/479 511/511/506 484/484/480
f 442/442/438 497/497/492 504/504/499
f 512/512/507 412/412/409 468/468/464
f 513/513/508 410/410/407 507/507/502
f 514/514/509 476/476/472 450/450/446
f 476/476/472 514/514/509 460/460/456
f 502/502/497 498/498/493 418/418/415
f 410/410/407 513/513/508 471/471/467
f 514/514/509 450/450/446 488/488/484
f 507/507/502 436/436/432 510/510/505
f 515/515/496 493/493/475 462/462/458
f 472/472/468 506/506/501 491/491/487
f 483/483/479 503/503/498 511/511/506
f 461/461/457 516/516/510 433/433/429
f 406/406/403 460/460/456 517/517/511
f 510/510/505 459/459/455 486/486/482
f 484/484/480 518/518/512 519/519/513
f 471/471/467 520/520/514 502/502/497
f 468/468/464 496/496/491 512/512/507
f 406/406/403 521/521/515 494/494/489
f 412/412/409 512/512/507 492/492/488
f 484/484/480 519/519/513 522/522/516
f 406/406/403 517/517/511 521/521/515
f 458/458/454 523/523/517 495/495/490
f 505/505/500 506/506/501 416/416/413
f 466/466/462 524/524/518 505/505/500
f 460/460/456 514/514/509 517/517/511
f 461/461/457 495/495/490 516/516/510
f 484/484/480 511/511/506 518/518/512
f 513/513/508 520/520/514 471/471/467
f 484/484/480 522/522/516 499/499/494
f 525/525/519 477/477/473 494/494/489
f 477/477/473 525/525/519 501/501/496
f 458/458/454 485/485/481 523/523/517
f 466/466/462 492/492/488 524/524/518
f 503/503/498 526/526/520 511/511/506
f 509/509/504 527/527/521 503/503/498
f 507/507/502 528/528/522 513/513/508
f 517/517/511 529/529/523 521/521/515
f 494/494/489 521/521/515 525/525/519
f 529/529/523 530/530/524 521/521/515
f 496/496/491 531/531/525 512/512/507
f 498/498/493 502/502/497 532/532/526
f 500/500/495 510/510/505 486/486/482
f 495/495/490 533/533/527 516/516/510
f 503/503/498 527/527/521 526/526/520
f 511/511/506 534/534/528 535/535/529
f 433/433/429 536/536/530 500/500/495
f 509/509/504 479/479/475 537/537/531
f 499/499/494 522/522/516 538/538/532
f 508/508/503 499/499/494 539/539/533
f 530/530/524 525/525/519 521/521/515
f 532/532/526 502/502/497 520/520/514
f 433/433/429 516/516/510 536/536/530
f 507/507/502 510/510/505 528/528/522
f 537/537/531 479/479/475 501/501/496
f 497/497/492 498/498/493 532/532/526
f 540/540/534 501/501/496 525/525/519
f 537/537/531 501/501/496 540/540/534
f 492/492/488 512/512/507 531/531/525
f 496/496/491 541/541/535 531/531/525
f 470/470/466 542/542/536 454/454/450
f 491/491/487 542/542/536 470/470/466
f 525/525/519 530/530/524 540/540/534
f 526/526/520 534/534/528 511/511/506
f 533/533/527 536/536/530 516/516/510
f 543/543/537 509/509/504 537/537/531
f 544/544/538 504/504/499 497/497/492
f 491/491/487 506/506/501 542/542/536
f 523/523/517 485/485/481 545/545/539
f 485/485/481 454/454/450 545/545/539
f 543/543/537 527/527/521 509/509/504
f 495/495/490 523/523/517 533/533/527
f 532/532/526 544/544/538 497/497/492
f 528/528/522 546/546/540 513/513/508
f 536/536/530 547/547/541 500/500/495
f 537/537/531 540/540/534 543/543/537
f 530/530/524 548/548/542 540/540/534
f 549/549/543 548/548/542 530/530/524
f 550/550/544 504/504/499 544/544/538
f 551/551/545 552/552/546 553/553/547
f 540/540/534 554/554/548 543/543/537
f 555/555/549 524/524/518 492/492/488
f 510/510/505 556/556/550 528/528/522
f 553/553/547 557/557/551 558/558/552
f 527/527/521 543/543/537 559/559/553
f 505/505/500 524/524/518 506/506/501
f 546/546/540 520/520/514 513/513/508
f 527/527/521 559/559/553 526/526/520
f 492/492/488 531/531/525 555/555/549
f 556/556/550 510/510/505 500/500/495
f 533/533/527 547/547/541 536/536/530
f 549/549/543 560/560/554 548/548/542
f 526/526/520 561/561/555 534/534/528
f 499/499/494 562/562/556 539/539/533
f 523/523/517 563/563/557 533/533/527
f 563/563/557 547/547/541 533/533/527
f 500/500/495 547/547/541 556/556/550
f 520/520/514 564/564/558 532/532/526
f 553/553/547 552/552/546 557/557/551
f 544/544/538 565/565/559 550/550/544
f 548/548/542 554/554/548 540/540/534
f 528/528/522 556/556/550 546/546/540
f 544/544/538 532/532/526 565/565/559
f 454/454/450 542/542/536 545/545/539
f 563/563/557 523/523/517 545/545/539
f 564/564/558 520/520/514 546/546/540
f 558/558/552 566/566/560 560/560/554
f 567/567/561 568/568/562 552/552/546
f 538/538/532 562/562/556 499/499/494
f 557/557/551 566/566/560 558/558/552
f 560/560/554 566/566/560 569/569/563
f 552/552/546 568/568/562 570/570/564
f 560/560/554 569/569/563 548/548/542
f 552/552/546 570/570/564 557/557/551
f 538/538/532 571/571/565 562/562/556
f 541/541/535 572/572/566 531/531/525
f 545/545/539 542/542/536 573/573/567
f 546/546/540 574/574/568 564/564/558
f 564/564/558 575/575/569 532/532/526
f 545/545/539 576/576/570 563/563/557
f 563/563/557 577/577/571 547/547/541
f 556/556/550 547/547/541 578/578/572
f 532/532/526 575/575/569 565/565/559
f 579/579/573 556/556/550 578/578/572
f 561/561/555 526/526/520 580/580/574
f 543/543/537 554/554/548 581/581/575
f 556/556/550 574/574/568 546/546/540
f 548/548/542 569/569/563 582/582/576
f 554/554/548 583/583/577 581/581/575
f 572/572/566 584/584/578 531/531/525
f 585/585/579 550/550/544 565/565/559
f 548/548/542 582/582/576 554/554/548
f 586/586/580 587/587/581 588/588/582
f 589/589/583 590/590/584 591/591/551
f 571/571/565 592/592/585 562/562/556
f 543/543/537 581/581/575 559/559/553
f 563/563/557 576/576/570 577/577/571
f 531/531/525 584/584/578 555/555/549
f 593/593/586 588/588/582 587/587/581
f 591/591/551 593/593/586 587/587/581
f 594/594/587 570/570/564 568/568/562
f 524/524/518 555/555/549 595/595/588
f 545/545/539 573/573/567 596/596/589
f 547/547/541 577/577/571 578/578/572
f 556/556/550 579/579/573 574/574/568
f 562/562/556 597/597/590 539/539/533
f 575/575/569 598/598/591 565/565/559
f 554/554/548 582/582/576 583/583/577
f 586/586/580 588/588/582 599/599/592
f 539/539/533 597/597/590 600/600/593
f 506/506/501 524/524/518 601/601/594
f 542/542/536 506/506/501 602/602/595
f 578/578/572 603/603/596 579/579/573
f 604/604/597 585/585/579 565/565/559
f 590/590/584 593/593/586 591/591/551
f 571/571/565 605/605/598 592/592/585
f 542/542/536 602/602/595 606/606/599
f 599/599/592 588/588/582 607/607/600
f 608/608/601 588/588/582 593/593/586
f 590/590/584 609/609/602 593/593/586
f 506/506/501 601/601/594 602/602/595
f 576/576/570 545/545/539 596/596/589
f 577/577/571 576/576/570 610/610/603
f 611/611/604 590/590/584 589/589/583
f 574/574/568 579/579/573 612/612/605
f 562/562/556 592/592/585 597/597/590
f 609/609/602 608/608/601 593/593/586
f 542/542/536 613/613/606 573/573/567
f 573/573/567 613/613/606 614/614/607
f 584/584/578 615/615/608 555/555/549
f 574/574/568 616/616/609 564/564/558
f 614/614/607 617/617/610 573/573/567
f 559/559/553 618/618/611 526/526/520
f 606/606/599 613/613/606 542/542/536
f 573/573/567 617/617/610 596/596/589
f 608/608/601 607/607/600 588/588/582
f 526/526/520 618/618/611 619/619/612
f 595/595/588 555/555/549 615/615/608
f 578/578/572 620/620/613 603/603/596
f 564/564/558 616/616/609 575/575/569
f 595/595/588 615/615/608 621/621/614
f 622/622/615 599/599/592 623/623/616
f 609/609/602 590/590/584 624/624/617
f 598/598/591 604/604/597 565/565/559
f 584/584/578 572/572/566 625/625/618
f 626/626/619 574/574/568 612/612/605
f 581/581/575 627/627/620 559/559/553
f 612/612/605 579/579/573 628/628/621
f 524/524/518 629/629/622 630/630/623
f 599/599/592 607/607/600 623/623/616
f 604/604/597 631/631/624 585/585/579
f 616/616/609 574/574/568 626/626/619
f 622/622/615 623/623/616 632/632/625
f 633/633/626 622/622/615 634/634/627
f 524/524/518 595/595/588 629/629/622
f 524/524/518 630/630/623 601/601/594
f 622/622/615 632/632/625 634/634/627
f 600/600/593 597/597/590 635/635/628
f 575/575/569 636/636/629 598/598/591
f 577/577/571 637/637/630 578/578/572
f 610/610/603 637/637/630 577/577/571
f 636/636/629 575/575/569 638/638/631
f 632/632/625 623/623/616 639/639/632
f 601/601/594 640/640/633 641/641/634
f 620/620/613 578/578/572 642/642/635
f 602/602/595 601/601/594 641/641/634
f 638/638/631 575/575/569 616/616/609
f 592/592/585 643/643/636 597/597/590
f 605/605/598 644/644/637 592/592/585
f 640/640/633 601/601/594 630/630/623
f 595/595/588 621/621/614 645/645/638
f 607/607/600 608/608/601 646/646/639
f 627/627/620 618/618/611 559/559/553
f 607/607/600 646/646/639 623/623/616
f 635/635/628 597/597/590 643/643/636
f 646/646/639 647/647/640 623/623/616
f 619/619/612 618/618/611 648/648/641
f 644/644/637 649/649/642 592/592/585
f 626/626/619 612/612/605 650/650/643
f 612/612/605 628/628/621 650/650/643
f 616/616/609 626/626/619 651/651/644
f 617/617/610 652/652/645 596/596/589
f 617/617/610 614/614/607 653/653/646
f 578/578/572 637/637/630 642/642/635
f 598/598/591 654/654/647 604/604/597
f 603/603/596 655/655/648 579/579/573
f 584/584/578 625/625/618 615/615/608
f 646/646/639 608/608/601 656/656/649
f 595/595/588 645/645/638 629/629/622
f 642/642/635 657/657/650 620/620/613
f 617/617/610 653/653/646 652/652/645
f 602/602/595 641/641/634 606/606/599
f 608/608/601 609/609/602 658/658/651
f 649/649/642 643/643/636 592/592/585
f 659/659/652 637/637/630 610/610/603
f 604/604/597 660/660/653 631/631/624
f 661/661/654 646/646/639 656/656/649
f 658/658/651 656/656/649 608/608/601
f 646/646/639 662/662/655 647/647/640
f 663/663/656 649/649/642 644/644/637
f 647/647/640 664/664/657 623/623/616
f 596/596/589 665/665/658 576/576/570
f 655/655/648 603/603/596 620/620/613
f 624/624/617 658/658/651 609/609/602
f 618/618/611 627/627/620 666/666/659
f 598/598/591 636/636/629 654/654/647
f 639/639/632 623/623/616 664/664/657
f 610/610/603 667/667/660 659/659/652
f 647/647/640 662/662/655 664/664/657
f 660/660/653 604/604/597 654/654/647
f 606/606/599 668/668/661 613/613/606
f 637/637/630 659/659/652 642/642/635
f 579/579/573 655/655/648 628/628/621
f 665/665/658 596/596/589 652/652/645
f 576/576/570 669/669/662 610/610/603
f 656/656/649 670/670/663 661/661/654
f 667/667/660 610/610/603 669/669/662
f 632/632/625 671/671/664 634/634/627
f 633/633/626 634/634/627 672/672/665
f 673/673/666 674/674/667 625/625/618
f 616/616/609 651/651/644 638/638/631
f 648/648/641 675/675/668 663/663/656
f 663/663/656 675/675/668 649/649/642
f 669/669/662 576/576/570 665/665/658
f 656/656/649 658/658/651 676/676/669
f 656/656/649 676/676/669 670/670/663
f 648/648/641 618/618/611 675/675/668
f 643/643/636 677/677/670 635/635/628
f 678/678/671 633/633/626 672/672/665
f 632/632/625 639/639/632 679/679/672
f 632/632/625 679/679/672 671/671/664
f 666/666/659 680/680/673 618/618/611
f 634/634/627 671/671/664 681/681/674
f 655/655/648 620/620/613 682/682/675
f 634/634/627 681/681/674 672/672/665
f 646/646/639 661/661/654 662/662/655
f 615/615/608 625/625/618 674/674/667
f 641/641/634 683/683/676 606/606/599
f 684/684/677 685/685/678 624/624/617
f 664/664/657 686/686/679 639/639/632
f 613/613/606 687/687/680 614/614/607
f 606/606/599 683/683/676 668/668/661
f 688/688/681 658/658/651 624/624/617
f 688/688/681 624/624/617 685/685/678
f 638/638/631 651/651/644 689/689/682
f 613/613/606 668/668/661 687/687/680
f 650/650/643 690/690/683 626/626/619
f 626/626/619 690/690/683 651/651/644
f 658/658/651 691/691/684 676/676/669
f 688/688/681 691/691/684 658/658/651
f 615/615/608 674/674/667 692/692/685
f 649/649/642 677/677/670 643/643/636
f 661/661/654 693/693/686 662/662/655
f 655/655/648 694/694/687 628/628/621
f 670/670/663 693/693/686 661/661/654
f 695/695/688 696/696/689 697/697/690
f 698/698/691 642/642/635 659/659/652
f 688/688/681 699/699/692 691/691/684
f 700/700/693 695/695/688 697/697/690
f 615/615/608 701/701/694 621/621/614
f 684/684/677 702/702/695 685/685/678
f 679/679/672 639/639/632 686/686/679
f 615/615/608 692/692/685 701/701/694
f 675/675/668 703/703/696 649/649/642
f 649/649/642 703/703/696 677/677/670
f 704/704/697 671/671/664 679/679/672
f 628/628/621 694/694/687 650/650/643
f 685/685/678 705/705/698 688/688/681
f 689/689/682 636/636/629 638/638/631
f 700/700/693 706/706/699 707/707/700
f 618/618/611 680/680/673 675/675/668
f 650/650/643 694/694/687 690/690/683
f 689/689/682 654/654/647 636/636/629
f 630/630/623 708/708/701 640/640/633
f 659/659/652 667/667/660 698/698/691
f 696/696/689 695/695/688 709/709/702
f 680/680/673 703/703/696 675/675/668
f 673/673/666 710/710/703 674/674/667
f 629/629/622 708/708/701 630/630/623
f 682/682/675 620/620/613 657/657/650
f 707/707/700 695/695/688 700/700/693
f 711/711/704 702/702/695 712/712/705
f 713/713/706 712/712/705 702/702/695
f 714/714/707 712/712/705 713/713/706
f 715/715/708 662/662/655 693/693/686
f 702/702/695 711/711/704 685/685/678
f 676/676/669 716/716/709 670/670/663
f 693/693/686 670/670/663 716/716/709
f 717/717/710 714/714/707 713/713/706
f 662/662/655 715/715/708 664/664/657
f 654/654/647 718/718/711 660/660/653
f 705/705/698 699/699/692 688/688/681
f 671/671/664 704/704/697 681/681/674
f 685/685/678 711/711/704 719/719/712
f 685/685/678 719/719/712 705/705/698
f 640/640/633 720/720/713 641/641/634
f 682/682/675 721/721/714 655/655/648
f 640/640/633 708/708/701 720/720/713
f 722/722/715 645/645/638 621/621/614
f 642/642/635 698/698/691 657/657/650
f 709/709/702 695/695/688 723/723/716
f 651/651/644 690/690/683 689/689/682
f 681/681/674 724/724/717 672/672/665
f 725/725/718 693/693/686 716/716/709
f 683/683/676 726/726/719 668/668/661
f 727/727/720 728/728/721 729/729/722
f 691/691/684 730/730/723 676/676/669
f 729/729/722 714/714/707 717/717/710
f 686/686/679 731/731/724 679/679/672
f 726/726/719 683/683/676 641/641/634
f 714/714/707 732/732/725 712/712/705
f 704/704/697 679/679/672 731/731/724
f 733/733/726 654/654/647 689/689/682
f 655/655/648 721/721/714 694/694/687
f 729/729/722 728/728/721 734/734/727
f 735/735/728 736/736/729 709/709/702
f 668/668/661 737/737/730 687/687/680
f 706/706/699 738/738/731 707/707/700
f 734/734/727 714/714/707 729/729/722
f 652/652/645 739/739/732 665/665/658
f 740/740/733 741/741/734 742/742/735
f 736/736/729 743/743/736 727/727/720
f 694/694/687 744/744/737 690/690/683
f 691/691/684 699/699/692 730/730/723
f 621/621/614 701/701/694 745/745/738
f 727/727/720 743/743/736 728/728/721
f 672/672/665 740/740/733 742/742/735
f 723/723/716 746/746/739 709/709/702
f 714/714/707 734/734/727 747/747/740
f 748/748/741 669/669/662 665/665/658
f 749/749/742 734/734/727 728/728/721
f 750/750/743 689/689/682 690/690/683
f 641/641/634 720/720/713 726/726/719
f 739/739/732 652/652/645 653/653/646
f 746/746/739 735/735/728 709/709/702
f 667/667/660 669/669/662 751/751/744
f 733/733/726 718/718/711 654/654/647
f 739/739/732 752/752/745 665/665/658
f 748/748/741 665/665/658 752/752/745
f 676/676/669 730/730/723 716/716/709
f 712/712/705 753/753/746 711/711/704
f 732/732/725 753/753/746 712/712/705
f 722/722/715 621/621/614 745/745/738
f 754/754/747 755/755/748 710/710/703
f 756/756/749 723/723/716 695/695/688
f 743/743/736 736/736/729 757/757/750
f 664/664/657 758/758/751 686/686/679
f 735/735/728 757/757/750 736/736/729
f 692/692/685 759/759/752 701/701/694
f 728/728/721 743/743/736 760/760/753
f 726/726/719 737/737/730 668/668/661
f 733/733/726 689/689/682 750/750/743
f 749/749/742 728/728/721 761/761/754
f 705/705/698 719/719/712 762/762/755
f 705/705/698 762/762/755 699/699/692
f 725/725/718 716/716/709 763/763/756
f 674/674/667 710/710/703 755/755/748
f 707/707/700 764/764/757 695/695/688
f 715/715/708 758/758/751 664/664/657
f 746/746/739 765/765/758 735/735/728
f 744/744/737 694/694/687 766/766/759
f 749/749/742 767/767/760 734/734/727
f 761/761/754 728/728/721 760/760/753
f 614/614/607 768/768/761 653/653/646
f 695/695/688 764/764/757 769/769/762
f 711/711/704 770/770/763 719/719/712
f 695/695/688 769/769/762 756/756/749
f 734/734/727 767/767/760 747/747/740
f 686/686/679 758/758/751 731/731/724
f 748/748/741 771/771/764 669/669/662
f 716/716/709 730/730/723 763/763/756
f 669/669/662 771/771/764 751/751/744
f 740/740/733 672/672/665 772/772/765
f 773/773/766 629/629/622 645/645/638
f 760/760/753 757/757/750 774/774/767
f 757/757/750 760/760/753 743/743/736
f 764/764/757 707/707/700 738/738/731
f 723/723/716 775/775/768 746/746/739
f 735/735/728 776/776/769 757/757/750
f 768/768/761 739/739/732 653/653/646
f 777/777/770 746/746/739 775/775/768
f 778/778/771 714/714/707 747/747/740
f 776/776/769 735/735/728 765/765/758
f 714/714/707 778/778/771 732/732/725
f 629/629/622 773/773/766 708/708/701
f 724/724/717 681/681/674 704/704/697
f 690/690/683 779/779/772 750/750/743
f 776/776/769 774/774/767 757/757/750
f 780/780/773 775/775/768 723/723/716
f 694/694/687 721/721/714 766/766/759
f 781/781/774 693/693/686 725/725/718
f 698/698/691 667/667/660 782/782/775
f 687/687/680 783/783/776 614/614/607
f 674/674/667 784/784/777 692/692/685
f 753/753/746 770/770/763 711/711/704
f 765/765/758 746/746/739 777/777/770
f 744/744/737 779/779/772 690/690/683
f 785/785/778 740/740/733 786/786/779
f 672/672/665 724/724/717 772/772/765
f 614/614/607 783/783/776 768/768/761
f 657/657/650 787/787/780 682/682/675
f 693/693/686 781/781/774 715/715/708
f 682/682/675 787/787/780 721/721/714
f 718/718/711 733/733/726 788/788/781
f 737/737/730 783/783/776 687/687/680
f 737/737/730 726/726/719 789/789/782
f 692/692/685 784/784/777 759/759/752
f 719/719/712 770/770/763 790/790/783
f 722/722/715 791/791/784 645/645/638
f 748/748/741 792/792/785 771/771/764
f 755/755/748 793/793/786 674/674/667
f 667/667/660 751/751/744 782/782/775
f 791/791/784 722/722/715 794/794/787
f 792/792/785 748/748/741 752/752/745
f 657/657/650 698/698/691 795/795/788
f 752/752/745 739/739/732 796/796/789
f 758/758/751 797/797/790 731/731/724
f 645/645/638 791/791/784 773/773/766
f 798/798/791 799/799/792 785/785/778
f 778/778/771 747/747/740 800/800/793
f 762/762/755 719/719/712 790/790/783
f 801/801/794 781/781/774 725/725/718
f 740/740/733 802/802/795 786/786/779
f 798/798/791 785/785/778 786/786/779
f 699/699/692 803/803/796 730/730/723
f 761/761/754 804/804/797 749/749/742
f 767/767/760 805/805/798 747/747/740
f 725/725/718 763/763/756 801/801/794
f 755/755/748 806/806/799 807/807/800
f 808/808/801 657/657/650 795/795/788
f 802/802/795 740/740/733 772/772/765
f 674/674/667 793/793/786 784/784/777
f 764/764/757 738/738/731 809/809/802
f 781/781/774 810/810/803 715/715/708
f 811/811/804 699/699/692 762/762/755
f 657/657/650 808/808/801 787/787/780
f 768/768/761 812/812/805 739/739/732
f 715/715/708 813/813/806 758/758/751
f 744/744/737 766/766/759 814/814/807
f 744/744/737 814/814/807 779/779/772
f 780/780/773 723/723/716 815/815/808
f 732/732/725 816/816/809 753/753/746
f 750/750/743 817/817/810 733/733/726
f 767/767/760 749/749/742 804/804/797
f 782/782/775 795/795/788 698/698/691
f 783/783/776 812/812/805 768/768/761
f 818/818/811 726/726/719 720/720/713
f 721/721/714 787/787/780 819/819/812
f 737/737/730 820/820/813 783/783/776
f 821/821/814 806/806/799 822/822/815
f 723/723/716 756/756/749 815/815/808
f 788/788/781 733/733/726 817/817/810
f 730/730/723 803/803/796 823/823/816
f 823/823/816 763/763/756 730/730/723
f 739/739/732 812/812/805 796/796/789
f 820/820/813 812/812/805 783/783/776
f 766/766/759 721/721/714 819/819/812
f 765/765/758 777/777/770 776/776/769
f 745/745/738 794/794/787 722/722/715
f 701/701/694 824/824/817 745/745/738
f 767/767/760 804/804/797 805/805/798
f 731/731/724 797/797/790 704/704/697
f 825/825/818 769/769/762 764/764/757
f 751/751/744 771/771/764 826/826/819
f 715/715/708 810/810/803 813/813/806
f 817/817/810 750/750/743 827/827/820
f 789/789/782 726/726/719 818/818/811
f 806/806/799 821/821/814 807/807/800
f 747/747/740 805/805/798 800/800/793
f 796/796/789 792/792/785 752/752/745
f 750/750/743 779/779/772 814/814/807
f 778/778/771 828/828/821 732/732/725
f 755/755/748 829/829/822 793/793/786
f 830/830/823 780/780/773 815/815/808
f 775/775/768 831/831/824 777/777/770
f 756/756/749 769/769/762 832/832/825
f 784/784/777 793/793/786 759/759/752
f 807/807/800 829/829/822 755/755/748
f 780/780/773 830/830/823 775/775/768
f 753/753/746 816/816/809 770/770/763
f 811/811/804 803/803/796 699/699/692
f 833/833/826 758/758/751 813/813/806
f 745/745/738 824/824/817 794/794/787
f 758/758/751 833/833/826 797/797/790
f 704/704/697 797/797/790 834/834/827
f 751/751/744 826/826/819 782/782/775
f 737/737/730 835/835/828 820/820/813
f 831/831/824 775/775/768 830/830/823
f 761/761/754 760/760/753 836/836/829
f 732/732/725 828/828/821 837/837/830
f 708/708/701 838/838/831 720/720/713
f 750/750/743 814/814/807 827/827/820
f 839/839/832 804/804/797 761/761/754
f 732/732/725 837/837/830 816/816/809
f 762/762/755 790/790/783 840/840/833
f 792/792/785 841/841/834 771/771/764
f 769/769/762 842/842/835 832/832/825
f 763/763/756 843/843/836 801/801/794
f 798/798/791 786/786/779 802/802/795
f 774/774/767 844/844/837 760/760/753
f 790/790/783 770/770/763 845/845/838
f 704/704/697 846/846/839 724/724/717
f 737/737/730 789/789/782 835/835/828
f 761/761/754 836/836/829 839/839/832
f 701/701/694 759/759/752 824/824/817
f 778/778/771 800/800/793 828/828/821
f 819/819/812 847/847/840 766/766/759
f 844/844/837 774/774/767 776/776/769
f 781/781/774 848/848/841 810/810/803
f 763/763/756 823/823/816 843/843/836
f 762/762/755 840/840/833 811/811/804
f 773/773/766 838/838/831 708/708/701
f 766/766/759 847/847/840 814/814/807
f 803/803/796 811/811/804 849/849/842
f 782/782/775 850/850/843 795/795/788
f 851/851/844 776/776/769 777/777/770
f 808/808/801 852/852/845 787/787/780
f 791/791/784 853/853/846 773/773/766
f 836/836/829 760/760/753 844/844/837
f 816/816/809 854/854/847 770/770/763
f 825/825/818 842/842/835 769/769/762
f 788/788/781 817/817/810 855/855/848
f 801/801/794 848/848/841 781/781/774
f 838/838/831 773/773/766 853/853/846
f 826/826/819 771/771/764 841/841/834
f 856/856/849 812/812/805 820/820/813
f 814/814/807 857/857/850 827/827/820
f 804/804/797 858/858/851 805/805/798
f 811/811/804 840/840/833 849/849/842
f 819/819/812 787/787/780 852/852/845
f 720/720/713 838/838/831 818/818/811
f 803/803/796 859/859/852 823/823/816
f 824/824/817 759/759/752 860/860/853
f 861/861/854 802/802/795 772/772/765
f 798/798/791 802/802/795 862/862/855
f 825/825/818 863/863/856 842/842/835
f 813/813/806 864/864/857 833/833/826
f 845/845/838 840/840/833 790/790/783
f 848/848/841 801/801/794 843/843/836
f 861/861/854 772/772/765 724/724/717
f 809/809/802 863/863/856 825/825/818
f 819/819/812 852/852/845 847/847/840
f 855/855/848 817/817/810 827/827/820
f 792/792/785 796/796/789 865/865/858
f 814/814/807 847/847/840 866/866/859
f 866/866/859 857/857/850 814/814/807
f 867/867/860 797/797/790 833/833/826
f 829/829/822 759/759/752 793/793/786
f 832/832/825 868/868/861 815/815/808
f 792/792/785 865/865/858 841/841/834
f 839/839/832 869/869/862 804/804/797
f 859/859/852 843/843/836 823/823/816
f 794/794/787 853/853/846 791/791/784
f 810/810/803 870/870/863 813/813/806
f 776/776/769 851/851/844 844/844/837
f 850/850/843 782/782/775 826/826/819
f 821/821/814 822/822/815 871/871/864
f 831/831/824 872/872/865 777/777/770
f 770/770/763 854/854/847 845/845/838
f 846/846/839 704/704/697 834/834/827
f 830/830/823 815/815/808 868/868/861
f 831/831/824 830/830/823 873/873/866
f 822/822/815 874/874/855 871/871/864
f 810/810/803 848/848/841 870/870/863
f 800/800/793 875/875/867 828/828/821
f 851/851/844 777/777/770 872/872/865
f 830/830/823 868/868/861 873/873/866
f 813/813/806 870/870/863 864/864/857
f 796/796/789 812/812/805 856/856/849
f 804/804/797 869/869/862 876/876/868
f 837/837/830 828/828/821 875/875/867
f 844/844/837 851/851/844 877/877/869
f 838/838/831 878/878/870 818/818/811
f 802/802/795 861/861/854 879/879/871
f 880/880/872 827/827/820 857/857/850
f 724/724/717 881/881/873 861/861/854
f 882/882/874 826/826/819 841/841/834
f 850/850/843 883/883/875 795/795/788
f 856/856/849 884/884/876 796/796/789
f 795/795/788 883/883/875 808/808/801
f 885/885/877 834/834/827 797/797/790
f 886/886/878 853/853/846 794/794/787
f 797/797/790 867/867/860 885/885/877
f 807/807/800 821/821/814 887/887/879
f 888/888/880 803/803/796 849/849/842
f 803/803/796 888/888/880 859/859/852
f 794/794/787 824/824/817 886/886/878
f 804/804/797 876/876/868 858/858/851
f 724/724/717 846/846/839 881/881/873
f 840/840/833 845/845/838 889/889/881
f 857/857/850 866/866/859 880/880/872
f 842/842/835 890/890/882 832/832/825
f 816/816/809 837/837/830 891/891/883
f 807/807/800 887/887/879 829/829/822
f 892/892/884 852/852/845 808/808/801
f 827/827/820 893/893/885 855/855/848
f 816/816/809 891/891/883 854/854/847
f 835/835/828 894/894/886 820/820/813
f 839/839/832 836/836/829 895/895/887
f 833/833/826 864/864/857 867/867/860
f 880/880/872 893/893/885 827/827/820
f 896/896/888 850/850/843 826/826/819
f 879/879/871 862/862/855 802/802/795
f 845/845/838 854/854/847 897/897/889
f 865/865/858 898/898/890 841/841/834
f 868/868/861 832/832/825 890/890/882
f 840/840/833 889/889/881 849/849/842
f 892/892/884 808/808/801 883/883/875
f 848/848/841 843/843/836 899/899/891
f 873/873/866 900/900/892 831/831/824
f 796/796/789 884/884/876 865/865/858
f 852/852/845 901/901/893 847/847/840
f 853/853/846 902/902/894 838/838/831
f 894/894/886 856/856/849 820/820/813
f 872/872/865 831/831/824 900/900/892
f 899/899/891 870/870/863 848/848/841
f 866/866/859 847/847/840 903/903/895
f 843/843/836 859/859/852 904/904/896
f 841/841/834 898/898/890 882/882/874
f 896/896/888 826/826/819 882/882/874
f 905/905/897 862/862/855 879/879/871
f 789/789/782 906/906/898 835/835/828
f 907/907/899 883/883/875 850/850/843
f 845/845/838 897/897/889 889/889/881
f 908/908/900 789/789/782 818/818/811
f 909/909/901 821/821/814 871/871/864
f 894/894/886 835/835/828 910/910/902
f 901/901/893 903/903/895 847/847/840
f 824/824/817 911/911/903 886/886/878
f 800/800/793 805/805/798 912/912/904
f 824/824/817 860/860/853 911/911/903
f 912/912/904 805/805/798 858/858/851
f 896/896/888 907/907/899 850/850/843
f 821/821/814 909/909/901 887/887/879
f 893/893/885 913/913/905 855/855/848
f 838/838/831 902/902/894 878/878/870
f 906/906/898 789/789/782 908/908/900
f 866/866/859 903/903/895 880/880/872
f 842/842/835 863/863/856 890/890/882
f 872/872/865 914/914/906 851/851/844
f 915/915/907 837/837/830 875/875/867
f 864/864/857 916/916/908 867/867/860
f 861/861/854 905/905/897 879/879/871
f 888/888/880 904/904/896 859/859/852
f 917/917/909 868/868/861 890/890/882
f 870/870/863 916/916/908 864/864/857
f 868/868/861 917/917/909 873/873/866
f 901/901/893 852/852/845 892/892/884
f 918/918/910 843/843/836 904/904/896
f 837/837/830 915/915/907 891/891/883
f 919/919/911 880/880/872 903/903/895
f 872/872/865 900/900/892 914/914/906
f 843/843/836 918/918/910 899/899/891
f 867/867/860 916/916/908 885/885/877
f 893/893/885 920/920/912 913/913/905
f 901/901/893 919/919/911 903/903/895
f 881/881/873 905/905/897 861/861/854
f 880/880/872 920/920/912 893/893/885
f 854/854/847 921/921/913 897/897/889
f 912/912/904 922/922/914 800/800/793
f 888/888/880 923/923/915 904/904/896
f 856/856/849 924/924/916 884/884/876
f 839/839/832 895/895/887 925/925/917
f 759/759/752 829/829/822 860/860/853
f 854/854/847 891/891/883 921/921/913
f 835/835/828 906/906/898 910/910/902
f 888/888/880 849/849/842 923/923/915
f 877/877/869 851/851/844 914/914/906
f 869/869/862 839/839/832 925/925/917
f 844/844/837 926/926/918 836/836/829
f 800/800/793 922/922/914 875/875/867
f 858/858/851 927/927/919 912/912/904
f 860/860/853 928/928/920 911/911/903
f 894/894/886 929/929/921 856/856/849
f 844/844/837 877/877/869 926/926/918
f 876/876/868 927/927/919 858/858/851
f 930/930/922 818/818/811 878/878/870
f 836/836/829 931/931/923 895/895/887
f 932/932/924 921/921/913 891/891/883
f 933/933/925 880/880/872 919/919/911
f 889/889/881 923/923/915 849/849/842
f 836/836/829 926/926/918 931/931/923
f 885/885/877 846/846/839 834/834/827
f 873/873/866 934/934/926 900/900/892
f 818/818/811 930/930/922 908/908/900
f 935/935/927 880/880/872 933/933/925
f 907/907/899 936/936/928 883/883/875
f 896/896/888 936/936/928 907/907/899
f 901/901/893 933/933/925 919/919/911
f 937/937/929 829/829/822 887/887/879
f 898/898/890 938/938/930 882/882/874
f 917/917/909 934/934/926 873/873/866
f 870/870/863 899/899/891 939/939/931
f 889/889/881 897/897/889 940/940/932
f 882/882/874 938/938/930 896/896/888
f 865/865/858 941/941/933 898/898/890
f 892/892/884 883/883/875 942/942/934
f 892/892/884 933/933/925 901/901/893
f 881/881/873 943/943/935 905/905/897
f 935/935/927 920/920/912 880/880/872
f 809/809/802 944/944/936 863/863/856
f 869/869/862 945/945/937 876/876/868
f 870/870/863 939/939/931 916/916/908
f 863/863/856 946/946/938 890/890/882
f 945/945/937 869/869/862 925/925/917
f 923/923/915 889/889/881 940/940/932
f 916/916/908 947/947/939 885/885/877
f 929/929/921 924/924/916 856/856/849
f 936/936/928 948/948/940 883/883/875
f 884/884/876 924/924/916 949/949/941
f 863/863/856 944/944/936 946/946/938
f 875/875/867 922/922/914 950/950/942
f 876/876/868 945/945/937 927/927/919
f 885/885/877 951/951/943 846/846/839
f 949/949/941 865/865/858 884/884/876
f 891/891/883 952/952/944 932/932/924
f 891/891/883 915/915/907 952/952/944
f 853/853/846 953/953/945 902/902/894
f 899/899/891 918/918/910 939/939/931
f 892/892/884 942/942/934 933/933/925
f 860/860/853 829/829/822 954/954/946
f 911/911/903 928/928/920 886/886/878
f 929/929/921 894/894/886 910/910/902
f 895/895/887 955/955/947 925/925/917
f 937/937/929 956/956/948 829/829/822
f 957/957/949 862/862/855 905/905/897
f 883/883/875 948/948/940 942/942/934
f 895/895/887 931/931/923 955/955/947
f 938/938/930 898/898/890 941/941/933
f 958/958/950 871/871/864 874/874/855
f 905/905/897 943/943/935 957/957/949
f 910/910/902 906/906/898 959/959/951
f 927/927/919 960/960/952 912/912/904
f 829/829/822 956/956/948 954/954/946
f 926/926/918 961/961/953 931/931/923
f 921/921/913 932/932/924 962/962/954
f 912/912/904 960/960/952 922/922/914
f 938/938/930 936/936/928 896/896/888
f 918/918/910 963/963/955 939/939/931
f 949/949/941 941/941/933 865/865/858
f 940/940/932 897/897/889 964/964/956
f 965/965/957 853/853/846 886/886/878
f 914/914/906 966/966/958 877/877/869
f 875/875/867 967/967/959 915/915/907
f 918/918/910 904/904/896 963/963/955
f 951/951/943 885/885/877 947/947/939
f 928/928/920 860/860/853 954/954/946
f 921/921/913 962/962/954 897/897/889
f 935/935/927 968/968/960 920/920/912
f 927/927/919 945/945/937 969/969/961
f 923/923/915 970/970/962 904/904/896
f 927/927/919 969/969/961 960/960/952
f 881/881/873 971/971/963 943/943/935
f 930/930/922 878/878/870 972/972/964
f 926/926/918 877/877/869 961/961/953
f 929/929/921 910/910/902 959/959/951
f 950/950/942 967/967/959 875/875/867
f 900/900/892 973/973/965 914/914/906
f 881/881/873 846/846/839 971/971/963
f 934/934/926 974/974/966 900/900/892
f 942/942/934 975/975/967 933/933/925
f 906/906/898 908/908/900 976/976/968
f 935/935/927 933/933/925 975/975/967
f 906/906/898 976/976/968 959/959/951
f 853/853/846 965/965/957 953/953/945
f 946/946/938 977/977/969 890/890/882
f 977/977/969 917/917/909 890/890/882
f 939/939/931 978/978/970 916/916/908
f 952/952/944 915/915/907 967/967/959
f 897/897/889 962/962/954 964/964/956
f 976/976/968 908/908/900 930/930/922
f 935/935/927 979/979/971 968/968/960
f 886/886/878 928/928/920 980/980/972
f 965/965/957 886/886/878 980/980/972
f 922/922/914 981/981/973 950/950/942
f 935/935/927 975/975/967 979/979/971
f 936/936/928 982/982/974 948/948/940
f 942/942/934 948/948/940 982/982/974
f 963/963/955 904/904/896 970/970/962
f 846/846/839 983/983/975 971/971/963
f 949/949/941 984/984/976 941/941/933
f 917/917/909 985/985/977 974/974/966
f 986/986/978 929/929/921 959/959/951
f 934/934/926 917/917/909 974/974/966
f 923/923/915 940/940/932 987/987/979
f 951/951/943 983/983/975 846/846/839
f 975/975/967 942/942/934 988/988/980
f 930/930/922 972/972/964 976/976/968
f 974/974/966 973/973/965 900/900/892
f 985/985/977 917/917/909 977/977/969
f 925/925/917 955/955/947 945/945/937
f 922/922/914 960/960/952 981/981/973
f 966/966/958 961/961/953 877/877/869
f 958/958/950 989/989/981 871/871/864
f 928/928/920 990/990/982 980/980/972
f 924/924/916 991/991/983 949/949/941
f 936/936/928 938/938/930 982/982/974
f 871/871/864 989/989/981 909/909/901
f 887/887/879 909/909/901 992/992/984
f 991/991/983 924/924/916 929/929/921
f 951/951/943 947/947/939 993/993/985
f 950/950/942 994/994/986 967/967/959
f 987/987/979 940/940/932 964/964/956
f 916/916/908 978/978/970 947/947/939
f 992/992/984 909/909/901 995/995/987
f 980/980/972 996/996/988 965/965/957
f 928/928/920 954/954/946 990/990/982
f 965/965/957 996/996/988 953/953/945
f 997/997/989 943/943/935 971/971/963
f 943/943/935 998/998/990 957/957/949
f 944/944/936 999/999/991 946/946/938
f 962/962/954 932/932/924 1000/1000/992
f 1001/1001/993 979/979/971 975/975/967
f 969/969/961 945/945/937 1002/1002/994
f 914/914/906 973/973/965 966/966/958
f 950/950/942 981/981/973 994/994/986
f 932/932/924 952/952/944 1000/1000/992
f 941/941/933 1003/1003/995 938/938/930
f 998/998/990 943/943/935 997/997/989
f 976/976/968 986/986/978 959/959/951
f 975/975/967 988/988/980 1001/1001/993
f 878/878/870 902/902/894 1004/1004/996
f 931/931/923 1005/1005/997 955/955/947
f 977/977/969 946/946/938 1006/1006/998
f 971/971/963 983/983/975 1007/1007/999
f 887/887/879 992/992/984 937/937/929
f 945/945/937 955/955/947 1008/1008/1000
f 1009/1009/1001 990/990/982 954/954/946
f 942/942/934 982/982/974 1010/1010/1002
f 976/976/968 972/972/964 1011/1011/1003
f 931/931/923 961/961/953 1005/1005/997
f 937/937/929 992/992/984 1012/1012/1004
f 949/949/941 991/991/983 1013/1013/1005
f 946/946/938 999/999/991 1006/1006/998
f 962/962/954 1014/1014/1006 964/964/956
f 937/937/929 1012/1012/1004 956/956/948
f 969/969/961 1015/1015/1007 960/960/952
f 988/988/980 942/942/934 1010/1010/1002
f 1010/1010/1002 982/982/974 938/938/930
f 986/986/978 1016/1016/1008 929/929/921
f 929/929/921 1016/1016/1008 991/991/983
f 947/947/939 1017/1017/1009 993/993/985
f 954/954/946 956/956/948 1009/1009/1001
f 1015/1015/1007 969/969/961 1002/1002/994
f 949/949/941 1013/1013/1005 984/984/976
f 972/972/964 878/878/870 1004/1004/996
f 993/993/985 983/983/975 951/951/943
f 988/988/980 1010/1010/1002 1001/1001/993
f 938/938/930 1003/1003/995 1010/1010/1002
f 909/909/901 989/989/981 1018/1018/1010
f 909/909/901 1018/1018/1010 995/995/987
f 985/985/977 977/977/969 1006/1006/998
f 945/945/937 1008/1008/1000 1002/1002/994
f 986/986/978 976/976/968 1011/1011/1003
f 963/963/955 1019/1019/1011 939/939/931
f 923/923/915 987/987/979 1020/1020/1012
f 974/974/966 1021/1021/1013 973/973/965
f 1001/1001/993 1022/1022/1014 979/979/971
f 939/939/931 1023/1023/1015 978/978/970
f 963/963/955 970/970/962 1019/1019/1011
f 967/967/959 1024/1024/1016 952/952/944
f 952/952/944 1024/1024/1016 1000/1000/992
f 971/971/963 1007/1007/999 997/997/989
f 902/902/894 953/953/945 1025/1025/1017
f 973/973/965 1021/1021/1013 966/966/958
f 962/962/954 1026/1026/1018 1014/1014/1006
f 1000/1000/992 1026/1026/1018 962/962/954
f 923/923/915 1020/1020/1012 970/970/962
f 984/984/976 1003/1003/995 941/941/933
f 960/960/952 1027/1027/1019 981/981/973
f 1005/1005/997 1028/1028/1020 955/955/947
f 994/994/986 1024/1024/1016 967/967/959
f 978/978/970 1029/1029/1021 947/947/939
f 985/985/977 1030/1030/1022 974/974/966
f 974/974/966 1030/1030/1022 1021/1021/1013
f 960/960/952 1015/1015/1007 1027/1027/1019
f 1004/1004/996 902/902/894 1025/1025/1017
f 956/956/948 1031/1031/1023 1009/1009/1001
f 1017/1017/1009 947/947/939 1029/1029/1021
f 939/939/931 1019/1019/1011 1023/1023/1015
f 1031/1031/1023 956/956/948 1032/1032/1024
f 1004/1004/996 1033/1033/1025 972/972/964
f 999/999/991 1034/1034/1026 1006/1006/998
f 964/964/956 1014/1014/1006 987/987/979
f 1023/1023/1015 1029/1029/1021 978/978/970
f 956/956/948 1012/1012/1004 1032/1032/1024
f 1035/1035/1027 1030/1030/1022 985/985/977
f 1005/1005/997 961/961/953 1036/1036/1028
f 981/981/973 1037/1037/1029 994/994/986
f 1021/1021/1013 1038/1038/1030 966/966/958
f 1017/1017/1009 1039/1039/1031 993/993/985
f 955/955/947 1028/1028/1020 1008/1008/1000
f 1001/1001/993 1010/1010/1002 1040/1040/1032
f 1034/1034/1026 1041/1041/1033 1006/1006/998
f 990/990/982 1042/1042/1034 980/980/972
f 987/987/979 1014/1014/1006 1020/1020/1012
f 1009/1009/1001 1042/1042/1034 990/990/982
f 1022/1022/1014 1001/1001/993 1043/1043/1035
f 985/985/977 1006/1006/998 1035/1035/1027
f 996/996/988 980/980/972 1042/1042/1034
f 998/998/990 1044/1044/1036 957/957/949
f 993/993/985 1045/1045/1037 983/983/975
f 1013/1013/1005 1046/1046/1038 984/984/976
f 970/970/962 1020/1020/1012 1019/1019/1011
f 1047/1047/1039 1010/1010/1002 1003/1003/995
f 958/958/950 1048/1048/1040 989/989/981
f 1037/1037/1029 981/981/973 1027/1027/1019
f 961/961/953 966/966/958 1038/1038/1030
f 1011/1011/1003 972/972/964 1033/1033/1025
f 961/961/953 1038/1038/1030 1036/1036/1028
f 1043/1043/1035 1001/1001/993 1040/1040/1032
f 1040/1040/1032 1010/1010/1002 1047/1047/1039
f 1026/1026/1018 1000/1000/992 1024/1024/1016
f 992/992/984 995/995/987 1049/1049/1041
f 1012/1012/1004 992/992/984 1049/1049/1041
f 991/991/983 1050/1050/1042 1013/1013/1005
f 986/986/978 1011/1011/1003 1051/1051/1043
f 1052/1052/1044 1021/1021/1013 1030/1030/1022
f 1052/1052/1044 1030/1030/1022 1035/1035/1027
f 1033/1033/1025 1051/1051/1043 1011/1011/1003
f 998/998/990 1053/1053/1045 1044/1044/1036
f 1018/1018/1010 1054/1054/1046 995/995/987
f 1008/1008/1000 1055/1055/1047 1002/1002/994
f 1003/1003/995 984/984/976 1046/1046/1038
f 1056/1056/1048 1047/1047/1039 1003/1003/995
f 1040/1040/1032 1057/1057/1049 1043/1043/1035
f 993/993/985 1039/1039/1031 1045/1045/1037
f 1029/1029/1021 1058/1058/1050 1017/1017/1009
f 1016/1016/1008 1050/1050/1042 991/991/983
f 1028/1028/1020 1005/1005/997 1036/1036/1028
f 983/983/975 1045/1045/1037 1007/1007/999
f 1051/1051/1043 1059/1059/1051 986/986/978
f 1020/1020/1012 1060/1060/1052 1019/1019/1011
f 1004/1004/996 1025/1025/1017 1033/1033/1025
f 1039/1039/1031 1017/1017/1009 1058/1058/1050
f 1003/1003/995 1046/1046/1038 1056/1056/1048
f 989/989/981 1048/1048/1040 1061/1061/1053
f 1002/1002/994 1055/1055/1047 1015/1015/1007
f 986/986/978 1059/1059/1051 1016/1016/1008
f 994/994/986 1037/1037/1029 1024/1024/1016
f 1021/1021/1013 1052/1052/1044 1038/1038/1030
f 1031/1031/1023 1032/1032/1024 1062/1062/1054
f 1026/1026/1018 1024/1024/1016 1063/1063/1055
f 1049/1049/1041 995/995/987 1054/1054/1046
f 1029/1029/1021 1023/1023/1015 1064/1064/1056
f 1006/1006/998 1041/1041/1033 1035/1035/1027
f 1055/1055/1047 1008/1008/1000 1065/1065/1057
f 1019/1019/1011 1060/1060/1052 1023/1023/1015
f 1065/1065/1057 1008/1008/1000 1028/1028/1020
f 997/997/989 1053/1053/1045 998/998/990
f 1033/1033/1025 1066/1066/1058 1051/1051/1043
f 1029/1029/1021 1064/1064/1056 1058/1058/1050
f 1057/1057/1049 1040/1040/1032 1047/1047/1039
f 1025/1025/1017 953/953/945 1067/1067/1059
f 996/996/988 1068/1068/1060 953/953/945
f 989/989/981 1061/1061/1053 1069/1069/1061
f 1067/1067/1059 953/953/945 1068/1068/1060
f 1057/1057/1049 1070/1070/1062 1043/1043/1035
f 1056/1056/1048 1057/1057/1049 1047/1047/1039
f 1014/1014/1006 1060/1060/1052 1020/1020/1012
f 1024/1024/1016 1037/1037/1029 1071/1071/1063
f 1031/1031/1023 1062/1062/1054 1009/1009/1001
f 1013/1013/1005 1056/1056/1048 1046/1046/1038
f 1015/1015/1007 1072/1072/1064 1027/1027/1019
f 1018/1018/1010 989/989/981 1069/1069/1061
f 1026/1026/1018 1073/1073/1065 1014/1014/1006
f 1060/1060/1052 1014/1014/1006 1074/1074/1066
f 1016/1016/1008 1075/1075/1067 1050/1050/1042
f 996/996/988 1042/1042/1034 1076/1076/1068
f 1060/1060/1052 1077/1077/1069 1023/1023/1015
f 1062/1062/1054 1032/1032/1024 1078/1078/1070
f 1014/1014/1006 1073/1073/1065 1074/1074/1066
f 1027/1027/1019 1072/1072/1064 1037/1037/1029
f 1016/1016/1008 1059/1059/1051 1075/1075/1067
f 1077/1077/1069 1064/1064/1056 1023/1023/1015
f 1012/1012/1004 1078/1078/1070 1032/1032/1024
f 1079/1079/1071 1052/1052/1044 1035/1035/1027
f 1015/1015/1007 1055/1055/1047 1072/1072/1064
f 1080/1080/1072 1052/1052/1044 1079/1079/1071
f 1049/1049/1041 1081/1081/1073 1012/1012/1004
f 1082/1082/1074 1009/1009/1001 1062/1062/1054
f 1035/1035/1027 1041/1041/1033 1079/1079/1071
f 1012/1012/1004 1081/1081/1073 1078/1078/1070
f 1038/1038/1030 1052/1052/1044 1080/1080/1072
f 1037/1037/1029 1072/1072/1064 1071/1071/1063
f 1013/1013/1005 1050/1050/1042 1083/1083/1075
f 1051/1051/1043 1084/1084/1076 1059/1059/1051
f 1026/1026/1018 1063/1063/1055 1073/1073/1065
f 1009/1009/1001 1082/1082/1074 1042/1042/1034
f 1058/1058/1050 1064/1064/1056 1085/1085/1077
f 1041/1041/1033 1086/1086/1078 1079/1079/1071
f 1045/1045/1037 1087/1087/1079 1007/1007/999
f 1057/1057/1049 1088/1088/1080 1070/1070/1062
f 1076/1076/1068 1068/1068/1060 996/996/988
f 1056/1056/1048 1013/1013/1005 1083/1083/1075
f 1063/1063/1055 1024/1024/1016 1089/1089/1081
f 1064/1064/1056 1077/1077/1069 1090/1090/1082
f 1025/1025/1017 1066/1066/1058 1033/1033/1025
f 1083/1083/1075 1050/1050/1042 1075/1075/1067
f 1064/1064/1056 1090/1090/1082 1085/1085/1077
f 1091/1091/1083 1057/1057/1049 1056/1056/1048
f 1024/1024/1016 1071/1071/1063 1089/1089/1081
f 1036/1036/1028 1092/1092/1084 1028/1028/1020
f 1042/1042/1034 1082/1082/1074 1076/1076/1068
f 1049/1049/1041 1054/1054/1046 1081/1081/1073
f 1093/1093/1085 997/997/989 1007/1007/999
f 1085/1085/1077 1039/1039/1031 1058/1058/1050
f 1038/1038/1030 1094/1094/1086 1036/1036/1028
f 1018/1018/1010 1069/1069/1061 1095/1095/1087
f 1077/1077/1069 1060/1060/1052 1096/1096/1088
f 1053/1053/1045 997/997/989 1097/1097/1089
f 1097/1097/1089 997/997/989 1098/1098/1090
f 1088/1088/1080 1057/1057/1049 1091/1091/1083
f 1099/1099/1091 1079/1079/1071 1086/1086/1078
f 1053/1053/1045 1100/1100/1092 1044/1044/1036
f 1075/1075/1067 1059/1059/1051 1101/1101/1093
f 1083/1083/1075 1075/1075/1067 1101/1101/1093
f 1039/1039/1031 1087/1087/1079 1045/1045/1037
f 1056/1056/1048 1083/1083/1075 1091/1091/1083
f 1018/1018/1010 1102/1102/1094 1054/1054/1046
f 1028/1028/1020 1092/1092/1084 1065/1065/1057
f 1103/1103/1095 1053/1053/1045 1097/1097/1089
f 1079/1079/1071 1104/1104/1096 1080/1080/1072
f 1018/1018/1010 1095/1095/1087 1102/1102/1094
f 1078/1078/1070 1105/1105/1097 1062/1062/1054
f 1053/1053/1045 1103/1103/1095 1100/1100/1092
f 1038/1038/1030 1080/1080/1072 1094/1094/1086
f 1036/1036/1028 1094/1094/1086 1092/1092/1084
f 1051/1051/1043 1066/1066/1058 1084/1084/1076
f 1101/1101/1093 1059/1059/1051 1084/1084/1076
f 1106/1106/1098 1066/1066/1058 1025/1025/1017
f 1063/1063/1055 1107/1107/1099 1073/1073/1065
f 1107/1107/1099 1063/1063/1055 1089/1089/1081
f 1055/1055/1047 1065/1065/1057 1108/1108/1100
f 1096/1096/1088 1060/1060/1052 1074/1074/1066
f 1081/1081/1073 1054/1054/1046 1109/1109/1101
f 1083/1083/1075 1101/1101/1093 1110/1110/1102
f 1098/1098/1090 997/997/989 1093/1093/1085
f 1080/1080/1072 1104/1104/1096 1094/1094/1086
f 1054/1054/1046 1102/1102/1094 1109/1109/1101
f 1068/1068/1060 1111/1111/1103 1067/1067/1059
f 1091/1091/1083 1112/1112/1104 1088/1088/1080
f 1065/1065/1057 1092/1092/1084 1108/1108/1100
f 1113/1113/1105 1091/1091/1083 1083/1083/1075
f 1062/1062/1054 1105/1105/1097 1082/1082/1074
f 1025/1025/1017 1067/1067/1059 1106/1106/1098
f 1055/1055/1047 1114/1114/1106 1072/1072/1064
f 1085/1085/1077 1115/1115/1107 1039/1039/1031
f 1077/1077/1069 1096/1096/1088 1116/1116/1108
f 1113/1113/1105 1112/1112/1104 1091/1091/1083
f 1110/1110/1102 1113/1113/1105 1083/1083/1075
f 1082/1082/1074 1117/1117/1109 1076/1076/1068
f 1073/1073/1065 1107/1107/1099 1074/1074/1066
f 1117/1117/1109 1068/1068/1060 1076/1076/1068
f 1087/1087/1079 1093/1093/1085 1007/1007/999
f 1077/1077/1069 1116/1116/1108 1090/1090/1082
f 1055/1055/1047 1108/1108/1100 1114/1114/1106
f 1061/1061/1053 1118/1118/1110 1069/1069/1061
f 1074/1074/1066 1119/1119/1111 1096/1096/1088
f 1100/1100/1092 1120/1120/1112 1044/1044/1036
f 1090/1090/1082 1115/1115/1107 1085/1085/1077
f 1110/1110/1102 1101/1101/1093 1121/1121/1113
f 1104/1104/1096 1079/1079/1071 1122/1122/1114
f 1099/1099/1091 1122/1122/1114 1079/1079/1071
f 1039/1039/1031 1123/1123/1115 1087/1087/1079
f 1084/1084/1076 1066/1066/1058 1106/1106/1098
f 1048/1048/1040 1124/1124/1116 1061/1061/1053
f 1125/1125/1117 1089/1089/1081 1071/1071/1063
f 1048/1048/1040 1126/1126/1118 1124/1124/1116
f 1107/1107/1099 1127/1127/1119 1074/1074/1066
f 1128/1128/1120 1072/1072/1064 1114/1114/1106
f 1061/1061/1053 1124/1124/1116 1118/1118/1110
f 1096/1096/1088 1119/1119/1111 1116/1116/1108
f 1092/1092/1084 1129/1129/1121 1108/1108/1100
f 1121/1121/1113 1101/1101/1093 1084/1084/1076
f 1130/1130/1122 1116/1116/1108 1119/1119/1111
f 1069/1069/1061 1131/1131/1123 1095/1095/1087
f 1092/1092/1084 1094/1094/1086 1129/1129/1121
f 1072/1072/1064 1128/1128/1120 1071/1071/1063
f 1068/1068/1060 1117/1117/1109 1111/1111/1103
f 1078/1078/1070 1132/1132/1124 1105/1105/1097
f 1089/1089/1081 1125/1125/1117 1107/1107/1099
f 1133/1133/1125 1094/1094/1086 1104/1104/1096
f 1115/1115/1107 1123/1123/1115 1039/1039/1031
f 1074/1074/1066 1127/1127/1119 1119/1119/1111
f 1116/1116/1108 1130/1130/1122 1090/1090/1082
f 1078/1078/1070 1081/1081/1073 1132/1132/1124
f 1112/1112/1104 1113/1113/1105 1134/1134/1126
f 1134/1134/1126 1135/1135/1127 1112/1112/1104
f 1110/1110/1102 1121/1121/1113 1136/1136/1128
f 1131/1131/1123 1137/1137/1129 1095/1095/1087
f 1082/1082/1074 1105/1105/1097 1138/1138/1130
f 1102/1102/1094 1095/1095/1087 1137/1137/1129
f 1090/1090/1082 1130/1130/1122 1139/1139/1131
f 1104/1104/1096 1122/1122/1114 1133/1133/1125
f 1069/1069/1061 1118/1118/1110 1131/1131/1123
f 1136/1136/1128 1113/1113/1105 1110/1110/1102
f 1090/1090/1082 1139/1139/1131 1115/1115/1107
f 1105/1105/1097 1132/1132/1124 1138/1138/1130
f 1094/1094/1086 1133/1133/1125 1129/1129/1121
f 1067/1067/1059 1140/1140/1132 1106/1106/1098
f 1114/1114/1106 1108/1108/1100 1129/1129/1121
f 1106/1106/1098 1121/1121/1113 1084/1084/1076
f 1113/1113/1105 1141/1141/1133 1134/1134/1126
f 1087/1087/1079 1123/1123/1115 1142/1142/1134
f 1071/1071/1063 1128/1128/1120 1125/1125/1117
f 1067/1067/1059 1111/1111/1103 1140/1140/1132
f 1097/1097/1089 1143/1143/1135 1103/1103/1095
f 1130/1130/1122 1119/1119/1111 1127/1127/1119
f 1103/1103/1095 1143/1143/1135 1100/1100/1092
f 1109/1109/1101 1102/1102/1094 1144/1144/1136
f 1141/1141/1133 1113/1113/1105 1136/1136/1128
f 1121/1121/1113 1145/1145/1137 1136/1136/1128
f 1121/1121/1113 1106/1106/1098 1145/1145/1137
f 1082/1082/1074 1138/1138/1130 1117/1117/1109
f 1102/1102/1094 1137/1137/1129 1144/1144/1136
f 1146/1146/1138 1115/1115/1107 1139/1139/1131
f 1081/1081/1073 1147/1147/1139 1132/1132/1124
f 1109/1109/1101 1144/1144/1136 1081/1081/1073
f 1107/1107/1099 1125/1125/1117 1148/1148/1140
f 1107/1107/1099 1148/1148/1140 1127/1127/1119
f 1106/1106/1098 1140/1140/1132 1145/1145/1137
f 1141/1141/1133 1136/1136/1128 1149/1149/1141
f 1100/1100/1092 1143/1143/1135 1120/1120/1112
f 1114/1114/1106 1150/1150/1142 1128/1128/1120
f 1123/1123/1115 1115/1115/1107 1146/1146/1138
f 1087/1087/1079 1151/1151/1143 1093/1093/1085
f 1097/1097/1089 1098/1098/1090 1152/1152/1144
f 1118/1118/1110 1153/1153/1145 1131/1131/1123
f 1142/1142/1134 1154/1154/1146 1087/1087/1079
f 1117/1117/1109 1155/1155/1147 1111/1111/1103
f 1152/1152/1144 1098/1098/1090 1093/1093/1085
f 1133/1133/1125 1122/1122/1114 1156/1156/1148
f 1129/1129/1121 1133/1133/1125 1157/1157/1149
f 1129/1129/1121 1157/1157/1149 1114/1114/1106
f 1155/1155/1147 1140/1140/1132 1111/1111/1103
f 1124/1124/1116 1153/1153/1145 1118/1118/1110
f 1144/1144/1136 1147/1147/1139 1081/1081/1073
f 1097/1097/1089 1158/1158/1150 1143/1143/1135
f 1146/1146/1138 1159/1159/1151 1123/1123/1115
f 1117/1117/1109 1138/1138/1130 1155/1155/1147
f 1130/1130/1122 1160/1160/1152 1139/1139/1131
f 1114/1114/1106 1157/1157/1149 1150/1150/1142
f 1125/1125/1117 1161/1161/1153 1148/1148/1140
f 1157/1157/1149 1133/1133/1125 1156/1156/1148
f 1145/1145/1137 1162/1162/1154 1136/1136/1128
f 1139/1139/1131 1163/1163/1155 1146/1146/1138
f 1137/1137/1129 1164/1164/1156 1144/1144/1136
f 1148/1148/1140 1165/1165/1157 1127/1127/1119
f 1136/1136/1128 1162/1162/1154 1149/1149/1141
f 1159/1159/1151 1166/1166/1158 1123/1123/1115
f 1167/1167/1159 1156/1156/1148 1122/1122/1114
f 1163/1163/1155 1159/1159/1151 1146/1146/1138
f 1139/1139/1131 1160/1160/1152 1163/1163/1155
f 1127/1127/1119 1165/1165/1157 1130/1130/1122
f 1152/1152/1144 1158/1158/1150 1097/1097/1089
f 1137/1137/1129 1131/1131/1123 1164/1164/1156
f 1145/1145/1137 1140/1140/1132 1162/1162/1154
f 1151/1151/1143 1087/1087/1079 1154/1154/1146
f 1165/1165/1157 1160/1160/1152 1130/1130/1122
f 1157/1157/1149 1156/1156/1148 1168/1168/1160
f 1123/1123/1115 1166/1166/1158 1142/1142/1134
f 1138/1138/1130 1169/1169/1161 1155/1155/1147
f 1128/1128/1120 1161/1161/1153 1125/1125/1117
f 1138/1138/1130 1132/1132/1124 1169/1169/1161
f 1124/1124/1116 1170/1170/1162 1153/1153/1145
f 1170/1170/1162 1124/1124/1116 1126/1126/1118
f 1161/1161/1153 1128/1128/1120 1171/1171/1163
f 1093/1093/1085 1172/1172/1164 1152/1152/1144
f 1150/1150/1142 1171/1171/1163 1128/1128/1120
f 1148/1148/1140 1161/1161/1153 1165/1165/1157
f 1173/1173/1165 1140/1140/1132 1155/1155/1147
f 1126/1126/1118 1174/1174/1166 1170/1170/1162
f 1143/1143/1135 1175/1175/1166 1120/1120/1112
f 1150/1150/1142 1157/1157/1149 1171/1171/1163
f 1162/1162/1154 1140/1140/1132 1176/1176/1167
f 1177/1177/1168 1160/1160/1152 1165/1165/1157
f 1131/1131/1123 1153/1153/1145 1178/1178/1169
f 1147/1147/1139 1179/1179/1170 1132/1132/1124
f 1144/1144/1136 1164/1164/1156 1180/1180/1171
f 1170/1170/1162 1181/1181/1172 1153/1153/1145
f 1162/1162/1154 1182/1182/1173 1149/1149/1141
f 1132/1132/1124 1179/1179/1170 1169/1169/1161
f 1160/1160/1152 1177/1177/1168 1163/1163/1155
f 1169/1169/1161 1173/1173/1165 1155/1155/1147
f 1179/1179/1170 1147/1147/1139 1144/1144/1136
f 1156/1156/1148 1167/1167/1159 1183/1183/1174
f 1157/1157/1149 1168/1168/1160 1171/1171/1163
f 1142/1142/1134 1166/1166/1158 1184/1184/1175
f 1144/1144/1136 1180/1180/1171 1179/1179/1170
f 1143/1143/1135 1185/1185/1176 1175/1175/1166
f 1161/1161/1153 1171/1171/1163 1186/1186/1177
f 1186/1186/1177 1165/1165/1157 1161/1161/1153
f 1131/1131/1123 1178/1178/1169 1164/1164/1156
f 1165/1165/1157 1186/1186/1177 1177/1177/1168
f 1176/1176/1167 1187/1187/1178 1162/1162/1154
f 1162/1162/1154 1187/1187/1178 1182/1182/1173
f 1159/1159/1151 1163/1163/1155 1188/1188/1179
f 1159/1159/1151 1189/1189/1180 1166/1166/1158
f 1172/1172/1164 1093/1093/1085 1151/1151/1143
f 1168/1168/1160 1190/1190/1181 1171/1171/1163
f 1177/1177/1168 1188/1188/1179 1163/1163/1155
f 1176/1176/1167 1140/1140/1132 1173/1173/1165
f 1191/1191/1182 1143/1143/1135 1158/1158/1150
f 1156/1156/1148 1183/1183/1174 1168/1168/1160
f 1143/1143/1135 1191/1191/1182 1185/1185/1176
f 1192/1192/1183 1169/1169/1161 1179/1179/1170
f 1159/1159/1151 1188/1188/1179 1189/1189/1180
f 1193/1193/1184 1158/1158/1150 1152/1152/1144
f 1194/1194/1185 1188/1188/1179 1177/1177/1168
f 1177/1177/1168 1186/1186/1177 1194/1194/1185
f 1173/1173/1165 1169/1169/1161 1192/1192/1183
f 1172/1172/1164 1151/1151/1143 1195/1195/1186
f 1170/1170/1162 1174/1174/1166 1196/1196/1187
f 1170/1170/1162 1196/1196/1187 1181/1181/1172
f 1142/1142/1134 1184/1184/1175 1154/1154/1146
f 1197/1197/1188 1190/1190/1181 1168/1168/1160
f 1171/1171/1163 1190/1190/1181 1186/1186/1177
f 1168/1168/1160 1183/1183/1174 1197/1197/1188
f 1192/1192/1183 1198/1198/1189 1173/1173/1165
f 1152/1152/1144 1172/1172/1164 1193/1193/1184
f 1186/1186/1177 1190/1190/1181 1199/1199/1190
f 1164/1164/1156 1178/1178/1169 1180/1180/1171
f 1179/1179/1170 1180/1180/1171 1192/1192/1183
f 1166/1166/1158 1200/1200/1191 1184/1184/1175
f 1158/1158/1150 1193/1193/1184 1191/1191/1182
f 1198/1198/1189 1176/1176/1167 1173/1173/1165
f 1189/1189/1180 1188/1188/1179 1194/1194/1185
f 1200/1200/1191 1166/1166/1158 1189/1189/1180
f 1175/1175/1166 1185/1185/1176 1201/1201/1187
f 1195/1195/1186 1151/1151/1143 1154/1154/1146
f 1178/1178/1169 1153/1153/1145 1181/1181/1172
f 1199/1199/1190 1190/1190/1181 1197/1197/1188
f 1198/1198/1189 1202/1202/1192 1176/1176/1167
f 1186/1186/1177 1199/1199/1190 1194/1194/1185
f 1203/1203/1193 1198/1198/1189 1192/1192/1183
f 1204/1204/1194 1192/1192/1183 1180/1180/1171
f 1203/1203/1193 1192/1192/1183 1204/1204/1194
f 1176/1176/1167 1202/1202/1192 1187/1187/1178
f 1184/1184/1175 1205/1205/1195 1154/1154/1146
f 1196/1196/1187 1206/1206/1196 1181/1181/1172
f 1195/1195/1186 1207/1207/1197 1172/1172/1164
f 1194/1194/1185 1208/1208/1198 1189/1189/1180
f 1181/1181/1172 1209/1209/1199 1178/1178/1169
f 1178/1178/1169 1209/1209/1199 1180/1180/1171
f 1208/1208/1198 1200/1200/1191 1189/1189/1180
f 1210/1210/1200 1202/1202/1192 1198/1198/1189
f 1205/1205/1195 1195/1195/1186 1154/1154/1146
f 1204/1204/1194 1180/1180/1171 1209/1209/1199
f 1184/1184/1175 1200/1200/1191 1205/1205/1195
f 1203/1203/1193 1210/1210/1200 1198/1198/1189
f 1211/1211/1201 1200/1200/1191 1208/1208/1198
f 1193/1193/1184 1172/1172/1164 1212/1212/1202
f 1181/1181/1172 1206/1206/1196 1209/1209/1199
f 1199/1199/1190 1197/1197/1188 1213/1213/1203
f 1185/1185/1176 1191/1191/1182 1201/1201/1187
f 1197/1197/1188 1214/1214/1204 1213/1213/1203
f 1215/1215/1205 1203/1203/1193 1204/1204/1194
f 1203/1203/1193 1215/1215/1205 1210/1210/1200
f 1212/1212/1202 1172/1172/1164 1207/1207/1197
f 1199/1199/1190 1216/1216/1206 1194/1194/1185
f 1204/1204/1194 1217/1217/1207 1215/1215/1205
f 1216/1216/1206 1208/1208/1198 1194/1194/1185
f 1209/1209/1199 1217/1217/1207 1204/1204/1194
f 1206/1206/1196 1217/1217/1207 1209/1209/1199
f 1199/1199/1190 1213/1213/1203 1216/1216/1206
f 1191/1191/1182 1193/1193/1184 1218/1218/1208
f 1195/1195/1186 1205/1205/1195 1219/1219/1209
f 1195/1195/1186 1219/1219/1209 1207/1207/1197
f 1220/1220/1210 1205/1205/1195 1200/1200/1191
f 1211/1211/1201 1208/1208/1198 1216/1216/1206
f 1221/1221/1196 1222/1222/1211 1223/1223/1212
f 1211/1211/1201 1220/1220/1210 1200/1200/1191
f 1201/1201/1187 1191/1191/1182 1218/1218/1208
f 1193/1193/1184 1212/1212/1202 1218/1218/1208
f 1215/1215/1205 1224/1224/1213 1210/1210/1200
f 1211/1211/1201 1216/1216/1206 1225/1225/1214
f 1221/1221/1196 1201/1201/1187 1222/1222/1211
f 1220/1220/1210 1226/1226/1215 1205/1205/1195
f 1220/1220/1210 1211/1211/1201 1225/1225/1214
f 1225/1225/1214 1216/1216/1206 1227/1227/1216
f 1224/1224/1213 1215/1215/1205 1217/1217/1207
f 1216/1216/1206 1213/1213/1203 1227/1227/1216
f 1201/1201/1187 1228/1228/1217 1222/1222/1211
f 1229/1229/1218 1212/1212/1202 1207/1207/1197
f 1212/1212/1202 1229/1229/1218 1218/1218/1208
f 1218/1218/1208 1228/1228/1217 1201/1201/1187
f 1219/1219/1209 1229/1229/1218 1207/1207/1197
f 1205/1205/1195 1226/1226/1215 1219/1219/1209
f 1230/1230/1219 1229/1229/1218 1219/1219/1209
f 1218/1218/1208 1229/1229/1218 1231/1231/1220
f 1220/1220/1210 1232/1232/1221 1226/1226/1215
f 1218/1218/1208 1233/1233/1222 1228/1228/1217
f 1234/1234/1223 1235/1235/1211 1236/1236/1217
f 1235/1235/1211 1237/1237/1224 1217/1217/1207
f 1238/1238/1225 1220/1220/1210 1225/1225/1214
f 1226/1226/1215 1230/1230/1219 1219/1219/1209
f 1238/1238/1225 1232/1232/1221 1220/1220/1210
f 1234/1234/1223 1237/1237/1224 1235/1235/1211
f 1231/1231/1220 1233/1233/1222 1218/1218/1208
f 1239/1239/1226 1225/1225/1214 1227/1227/1216
f 1224/1224/1213 1217/1217/1207 1237/1237/1224
f 1240/1240/1227 1241/1241/1228 1242/1242/1229
f 1243/1243/1230 1234/1234/1223 1236/1236/1217
f 1226/1226/1215 1232/1232/1221 1230/1230/1219
f 1225/1225/1214 1239/1239/1226 1238/1238/1225
f 1242/1242/1229 1244/1244/1231 1245/1245/1232
f 1246/1246/1233 1234/1234/1223 1243/1243/1230
f 1241/1241/1228 1244/1244/1231 1242/1242/1229
f 1244/1244/1231 1243/1243/1230 1245/1245/1232
f 1241/1241/1228 1240/1240/1227 1247/1247/1234
f 1243/1243/1230 1244/1244/1231 1246/1246/1233
f 832/832/825 815/815/808 756/756/749
f 825/825/818 764/764/757 809/809/802
f 1248/1248/1235 1249/1249/1236 1250/1250/1237
f 1249/1249/1236 1251/1251/1238 1250/1250/1237
f 1252/1252/1239 1253/1253/1240 1254/1254/1241
f 1248/1248/1235 1250/1250/1237 1253/1253/1240
f 1249/1249/1236 1255/1255/1242 1251/1251/1238
f 1256/1256/1243 1255/1255/1242 1249/1249/1236
f 1257/1257/1244 1252/1252/1239 1254/1254/1241
f 1253/1253/1240 1250/1250/1237 1258/1258/1245
f 1253/1253/1240 1258/1258/1245 1254/1254/1241
f 1256/1256/1243 1259/1259/1246 1255/1255/1242
f 1250/1250/1237 1251/1251/1238 1260/1260/1247
f 1260/1260/1247 1258/1258/1245 1250/1250/1237
f 1251/1251/1238 1255/1255/1242 1261/1261/1248
f 1255/1255/1242 1259/1259/1246 1262/1262/1249
f 1263/1263/1250 1261/1261/1248 1255/1255/1242
f 1255/1255/1242 1262/1262/1249 1263/1263/1250
f 1258/1258/1245 1264/1264/1251 1254/1254/1241
f 1259/1259/1246 1265/1265/1252 1262/1262/1249
f 1265/1265/1252 1266/1266/1253 1262/1262/1249
f 1261/1261/1248 1260/1260/1247 1251/1251/1238
f 1266/1266/1253 1265/1265/1252 1267/1267/1254
f 1258/1258/1245 1260/1260/1247 1264/1264/1251
f 1264/1264/1251 1257/1257/1244 1254/1254/1241
f 1264/1264/1251 1268/1268/1255 1257/1257/1244
f 1269/1269/1256 1270/1270/1257 1271/1271/1258
f 1257/1257/1244 1271/1271/1258 1270/1270/1257
f 1263/1263/1250 1262/1262/1249 1266/1266/1253
f 1257/1257/1244 1268/1268/1255 1271/1271/1258
f 1272/1272/1259 1269/1269/1256 1271/1271/1258
f 1267/1267/1254 1273/1273/1260 1266/1266/1253
f 1264/1264/1251 1274/1274/1261 1268/1268/1255
f 1267/1267/1254 1275/1275/1262 1276/1276/1263
f 1272/1272/1259 1277/1277/1264 1269/1269/1256
f 1267/1267/1254 1276/1276/1263 1273/1273/1260
f 1264/1264/1251 1260/1260/1247 1278/1278/1265
f 1266/1266/1253 1273/1273/1260 1279/1279/1266
f 1277/1277/1264 1272/1272/1259 1280/1280/1267
f 1266/1266/1253 1279/1279/1266 1263/1263/1250
f 1268/1268/1255 1274/1274/1261 1281/1281/1268
f 1268/1268/1255 1281/1281/1268 1271/1271/1258
f 1282/1282/1269 1283/1283/1270 1275/1275/1262
f 1261/1261/1248 1263/1263/1250 1284/1284/1271
f 1260/1260/1247 1261/1261/1248 1284/1284/1271
f 1285/1285/1272 1283/1283/1270 1282/1282/1269
f 1263/1263/1250 1286/1286/1273 1284/1284/1271
f 1272/1272/1259 1287/1287/1274 1280/1280/1267
f 1275/1275/1262 1283/1283/1270 1276/1276/1263
f 1279/1279/1266 1273/1273/1260 1288/1288/1275
f 1263/1263/1250 1279/1279/1266 1286/1286/1273
f 1271/1271/1258 1281/1281/1268 1272/1272/1259
f 1264/1264/1251 1278/1278/1265 1289/1289/1276
f 1290/1290/1277 1272/1272/1259 1281/1281/1268
f 1284/1284/1271 1278/1278/1265 1260/1260/1247
f 1290/1290/1277 1287/1287/1274 1272/1272/1259
f 1289/1289/1276 1274/1274/1261 1264/1264/1251
f 1291/1291/1278 1292/1292/1279 1280/1280/1267
f 1287/1287/1274 1291/1291/1278 1280/1280/1267
f 1283/1283/1270 1285/1285/1272 1293/1293/1280
f 1286/1286/1273 1279/1279/1266 1294/1294/1281
f 1274/1274/1261 1295/1295/1282 1281/1281/1268
f 1296/1296/1283 1289/1289/1276 1278/1278/1265
f 1297/1297/1284 1292/1292/1279 1298/1298/1285
f 1273/1273/1260 1276/1276/1263 1299/1299/1286
f 1273/1273/1260 1299/1299/1286 1288/1288/1275
f 1300/1300/1287 1293/1293/1280 1285/1285/1272
f 1301/1301/1288 1302/1302/1289 1300/1300/1287
f 1287/1287/1274 1303/1303/1290 1291/1291/1278
f 1303/1303/1290 1287/1287/1274 1304/1304/1291
f 1304/1304/1291 1287/1287/1274 1290/1290/1277
f 1291/1291/1278 1298/1298/1285 1292/1292/1279
f 1305/1305/1292 1297/1297/1284 1298/1298/1285
f 1298/1298/1285 1291/1291/1278 1303/1303/1290
f 1274/1274/1261 1289/1289/1276 1295/1295/1282
f 1283/1283/1270 1306/1306/1293 1276/1276/1263
f 1279/1279/1266 1288/1288/1275 1294/1294/1281
f 1302/1302/1289 1307/1307/1294 1300/1300/1287
f 1288/1288/1275 1299/1299/1286 1308/1308/1295
f 1298/1298/1285 1309/1309/1296 1305/1305/1292
f 1310/1310/1297 1298/1298/1285 1303/1303/1290
f 1283/1283/1270 1293/1293/1280 1306/1306/1293
f 1276/1276/1263 1311/1311/1298 1299/1299/1286
f 1300/1300/1287 1312/1312/1299 1293/1293/1280
f 1308/1308/1295 1294/1294/1281 1288/1288/1275
f 1308/1308/1295 1299/1299/1286 1311/1311/1298
f 1278/1278/1265 1284/1284/1271 1313/1313/1300
f 1276/1276/1263 1306/1306/1293 1314/1314/1301
f 1315/1315/1302 1307/1307/1294 1302/1302/1289
f 1309/1309/1296 1298/1298/1285 1310/1310/1297
f 1304/1304/1291 1310/1310/1297 1303/1303/1290
f 1316/1316/1303 1307/1307/1294 1315/1315/1302
f 1289/1289/1276 1296/1296/1283 1295/1295/1282
f 1300/1300/1287 1307/1307/1294 1312/1312/1299
f 1294/1294/1281 1308/1308/1295 1317/1317/1304
f 1310/1310/1297 1304/1304/1291 1318/1318/1305
f 1278/1278/1265 1313/1313/1300 1296/1296/1283
f 1293/1293/1280 1312/1312/1299 1306/1306/1293
f 1295/1295/1282 1319/1319/1306 1281/1281/1268
f 1304/1304/1291 1290/1290/1277 1320/1320/1307
f 1321/1321/1308 1316/1316/1303 1315/1315/1302
f 1311/1311/1298 1276/1276/1263 1314/1314/1301
f 1309/1309/1296 1310/1310/1297 1318/1318/1305
f 1304/1304/1291 1320/1320/1307 1322/1322/1309
f 1314/1314/1301 1323/1323/1310 1311/1311/1298
f 1286/1286/1273 1324/1324/1311 1284/1284/1271
f 1325/1325/1312 1312/1312/1299 1307/1307/1294
f 1307/1307/1294 1316/1316/1303 1325/1325/1312
f 1290/1290/1277 1281/1281/1268 1326/1326/1313
f 1318/1318/1305 1304/1304/1291 1322/1322/1309
f 1296/1296/1283 1313/1313/1300 1327/1327/1314
f 1286/1286/1273 1294/1294/1281 1324/1324/1311
f 1328/1328/1315 1329/1329/1316 1305/1305/1292
f 1326/1326/1313 1281/1281/1268 1319/1319/1306
f 1330/1330/1317 1312/1312/1299 1325/1325/1312
f 1331/1331/1318 1316/1316/1303 1321/1321/1308
f 1308/1308/1295 1311/1311/1298 1332/1332/1319
f 1333/1333/1320 1284/1284/1271 1324/1324/1311
f 1305/1305/1292 1309/1309/1296 1328/1328/1315
f 1326/1326/1313 1320/1320/1307 1290/1290/1277
f 1313/1313/1300 1284/1284/1271 1333/1333/1320
f 1306/1306/1293 1312/1312/1299 1334/1334/1321
f 1325/1325/1312 1316/1316/1303 1331/1331/1318
f 1335/1335/1322 1336/1336/1323 1337/1337/1324
f 1331/1331/1318 1321/1321/1308 1335/1335/1322
f 1335/1335/1322 1321/1321/1308 1336/1336/1323
f 1331/1331/1318 1330/1330/1317 1325/1325/1312
f 1328/1328/1315 1309/1309/1296 1338/1338/1325
f 1295/1295/1282 1296/1296/1283 1339/1339/1326
f 1311/1311/1298 1323/1323/1310 1332/1332/1319
f 1308/1308/1295 1332/1332/1319 1340/1340/1327
f 1341/1341/1328 1329/1329/1316 1328/1328/1315
f 1306/1306/1293 1334/1334/1321 1342/1342/1329
f 1308/1308/1295 1340/1340/1327 1317/1317/1304
f 1343/1343/1330 1309/1309/1296 1318/1318/1305
f 1294/1294/1281 1344/1344/1331 1324/1324/1311
f 1330/1330/1317 1334/1334/1321 1312/1312/1299
f 1323/1323/1310 1314/1314/1301 1345/1345/1332
f 1337/1337/1324 1346/1346/1333 1335/1335/1322
f 1314/1314/1301 1306/1306/1293 1345/1345/1332
f 1318/1318/1305 1347/1347/1334 1343/1343/1330
f 1343/1343/1330 1338/1338/1325 1309/1309/1296
f 1294/1294/1281 1317/1317/1304 1344/1344/1331
f 1296/1296/1283 1327/1327/1314 1348/1348/1335
f 1347/1347/1334 1318/1318/1305 1322/1322/1309
f 1306/1306/1293 1342/1342/1329 1345/1345/1332
f 1326/1326/1313 1319/1319/1306 1349/1349/1336
f 1327/1327/1314 1313/1313/1300 1350/1350/1337
f 1335/1335/1322 1351/1351/1338 1331/1331/1318
f 1296/1296/1283 1352/1352/1339 1339/1339/1326
f 1334/1334/1321 1330/1330/1317 1353/1353/1340
f 1333/1333/1320 1324/1324/1311 1354/1354/1341
f 1339/1339/1326 1355/1355/1342 1319/1319/1306
f 1313/1313/1300 1333/1333/1320 1350/1350/1337
f 1322/1322/1309 1320/1320/1307 1356/1356/1343
f 1323/1323/1310 1345/1345/1332 1357/1357/1344
f 1332/1332/1319 1323/1323/1310 1357/1357/1344
f 1349/1349/1336 1319/1319/1306 1355/1355/1342
f 1335/1335/1322 1346/1346/1333 1358/1358/1345
f 1326/1326/1313 1359/1359/1346 1320/1320/1307
f 1322/1322/1309 1356/1356/1343 1347/1347/1334
f 1356/1356/1343 1320/1320/1307 1359/1359/1346
f 1345/1345/1332 1342/1342/1329 1360/1360/1347
f 1296/1296/1283 1348/1348/1335 1352/1352/1339
f 1351/1351/1338 1330/1330/1317 1331/1331/1318
f 1324/1324/1311 1344/1344/1331 1361/1361/1348
f 1359/1359/1346 1326/1326/1313 1349/1349/1336
f 1341/1341/1328 1328/1328/1315 1362/1362/1349
f 1363/1363/1350 1343/1343/1330 1347/1347/1334
f 1327/1327/1314 1350/1350/1337 1348/1348/1335
f 1345/1345/1332 1360/1360/1347 1357/1357/1344
f 1362/1362/1349 1364/1364/1351 1341/1341/1328
f 1324/1324/1311 1361/1361/1348 1354/1354/1341
f 1335/1335/1322 1358/1358/1345 1351/1351/1338
f 1338/1338/1325 1343/1343/1330 1365/1365/1352
f 1366/1366/1353 1358/1358/1345 1346/1346/1333
f 1332/1332/1319 1357/1357/1344 1367/1367/1354
f 1355/1355/1342 1339/1339/1326 1352/1352/1339
f 1328/1328/1315 1338/1338/1325 1362/1362/1349
f 1332/1332/1319 1367/1367/1354 1340/1340/1327
f 1354/1354/1341 1368/1368/1355 1333/1333/1320
f 1344/1344/1331 1317/1317/1304 1361/1361/1348
f 1342/1342/1329 1334/1334/1321 1369/1369/1356
f 1347/1347/1334 1356/1356/1343 1363/1363/1350
f 1362/1362/1349 1338/1338/1325 1370/1370/1357
f 1365/1365/1352 1370/1370/1357 1338/1338/1325
f 1317/1317/1304 1340/1340/1327 1371/1371/1358
f 1372/1372/1359 1351/1351/1338 1358/1358/1345
f 1350/1350/1337 1333/1333/1320 1368/1368/1355
f 1317/1317/1304 1371/1371/1358 1361/1361/1348
f 1365/1365/1352 1343/1343/1330 1363/1363/1350
f 1352/1352/1339 1348/1348/1335 1373/1373/1360
f 1330/1330/1317 1374/1374/1361 1353/1353/1340
f 1364/1364/1351 1362/1362/1349 1375/1375/1362
f 1358/1358/1345 1366/1366/1353 1376/1376/1363
f 1334/1334/1321 1353/1353/1340 1369/1369/1356
f 1330/1330/1317 1351/1351/1338 1374/1374/1361
f 1377/1377/1364 1372/1372/1359 1358/1358/1345
f 1349/1349/1336 1378/1378/1365 1359/1359/1346
f 1358/1358/1345 1376/1376/1363 1377/1377/1364
f 1352/1352/1339 1379/1379/1366 1355/1355/1342
f 1366/1366/1353 1380/1380/1367 1376/1376/1363
f 1350/1350/1337 1381/1381/1368 1348/1348/1335
f 1351/1351/1338 1372/1372/1359 1374/1374/1361
f 1360/1360/1347 1342/1342/1329 1382/1382/1369
f 1354/1354/1341 1383/1383/1370 1368/1368/1355
f 1356/1356/1343 1359/1359/1346 1384/1384/1371
f 1356/1356/1343 1385/1385/1372 1363/1363/1350
f 1386/1386/1373 1361/1361/1348 1371/1371/1358
f 1378/1378/1365 1349/1349/1336 1355/1355/1342
f 1354/1354/1341 1361/1361/1348 1383/1383/1370
f 1369/1369/1356 1382/1382/1369 1342/1342/1329
f 1352/1352/1339 1387/1387/1374 1379/1379/1366
f 1361/1361/1348 1386/1386/1373 1383/1383/1370
f 1356/1356/1343 1384/1384/1371 1385/1385/1372
f 1350/1350/1337 1368/1368/1355 1388/1388/1375
f 1387/1387/1374 1352/1352/1339 1373/1373/1360
f 1372/1372/1359 1377/1377/1364 1389/1389/1376
f 1369/1369/1356 1353/1353/1340 1390/1390/1377
f 1357/1357/1344 1360/1360/1347 1391/1391/1378
f 1362/1362/1349 1392/1392/1379 1375/1375/1362
f 1362/1362/1349 1393/1393/1380 1392/1392/1379
f 1357/1357/1344 1391/1391/1378 1367/1367/1354
f 1393/1393/1380 1362/1362/1349 1370/1370/1357
f 1348/1348/1335 1381/1381/1368 1373/1373/1360
f 1377/1377/1364 1394/1394/1381 1389/1389/1376
f 1377/1377/1364 1376/1376/1363 1394/1394/1381
f 1395/1395/1382 1359/1359/1346 1378/1378/1365
f 1370/1370/1357 1365/1365/1352 1396/1396/1383
f 1374/1374/1361 1372/1372/1359 1397/1397/1384
f 1363/1363/1350 1385/1385/1372 1398/1398/1385
f 1380/1380/1367 1399/1399/1386 1376/1376/1363
f 1365/1365/1352 1363/1363/1350 1398/1398/1385
f 1379/1379/1366 1387/1387/1374 1400/1400/1387
f 1350/1350/1337 1388/1388/1375 1381/1381/1368
f 1359/1359/1346 1395/1395/1382 1384/1384/1371
f 1401/1401/1388 1370/1370/1357 1396/1396/1383
f 1353/1353/1340 1402/1402/1389 1390/1390/1377
f 1365/1365/1352 1398/1398/1385 1396/1396/1383
f 1368/1368/1355 1383/1383/1370 1403/1403/1390
f 1390/1390/1377 1382/1382/1369 1369/1369/1356
f 1378/1378/1365 1355/1355/1342 1404/1404/1391
f 1381/1381/1368 1388/1388/1375 1405/1405/1392
f 1355/1355/1342 1406/1406/1393 1404/1404/1391
f 1355/1355/1342 1379/1379/1366 1407/1407/1394
f 1389/1389/1376 1394/1394/1381 1408/1408/1395
f 1401/1401/1388 1393/1393/1380 1370/1370/1357
f 1376/1376/1363 1399/1399/1386 1394/1394/1381
f 1368/1368/1355 1403/1403/1390 1388/1388/1375
f 1371/1371/1358 1340/1340/1327 1409/1409/1396
f 1383/1383/1370 1386/1386/1373 1410/1410/1397
f 1372/1372/1359 1389/1389/1376 1411/1411/1398
f 1373/1373/1360 1381/1381/1368 1387/1387/1374
f 1383/1383/1370 1412/1412/1399 1403/1403/1390
f 1353/1353/1340 1374/1374/1361 1402/1402/1389
f 1401/1401/1388 1413/1413/1400 1393/1393/1380
f 1380/1380/1367 1414/1414/1401 1399/1399/1386
f 1340/1340/1327 1367/1367/1354 1415/1415/1402
f 1355/1355/1342 1407/1407/1394 1406/1406/1393
f 1379/1379/1366 1400/1400/1387 1416/1416/1403
f 1398/1398/1385 1385/1385/1372 1417/1417/1404
f 1389/1389/1376 1408/1408/1395 1411/1411/1398
f 1374/1374/1361 1397/1397/1384 1418/1418/1405
f 1367/1367/1354 1391/1391/1378 1419/1419/1406
f 1371/1371/1358 1420/1420/1407 1386/1386/1373
f 1416/1416/1403 1407/1407/1394 1379/1379/1366
f 1388/1388/1375 1403/1403/1390 1421/1421/1408
f 1340/1340/1327 1415/1415/1402 1409/1409/1396
f 1413/1413/1400 1392/1392/1379 1393/1393/1380
f 1360/1360/1347 1422/1422/1409 1391/1391/1378
f 1396/1396/1383 1398/1398/1385 1423/1423/1410
f 1394/1394/1381 1399/1399/1386 1424/1424/1411
f 1371/1371/1358 1409/1409/1396 1420/1420/1407
f 1360/1360/1347 1382/1382/1369 1422/1422/1409
f 1382/1382/1369 1390/1390/1377 1425/1425/1412
f 1424/1424/1411 1399/1399/1386 1414/1414/1401
f 1395/1395/1382 1378/1378/1365 1426/1426/1413
f 1427/1427/1414 1387/1387/1374 1381/1381/1368
f 1392/1392/1379 1413/1413/1400 1428/1428/1415
f 1372/1372/1359 1411/1411/1398 1397/1397/1384
f 1395/1395/1382 1429/1429/1416 1384/1384/1371
f 1402/1402/1389 1374/1374/1361 1418/1418/1405
f 1385/1385/1372 1384/1384/1371 1417/1417/1404
f 1422/1422/1409 1419/1419/1406 1391/1391/1378
f 1378/1378/1365 1404/1404/1391 1426/1426/1413
f 1401/1401/1388 1396/1396/1383 1430/1430/1417
f 1405/1405/1392 1388/1388/1375 1421/1421/1408
f 1394/1394/1381 1431/1431/1418 1408/1408/1395
f 1431/1431/1418 1394/1394/1381 1424/1424/1411
f 1401/1401/1388 1430/1430/1417 1413/1413/1400
f 1390/1390/1377 1402/1402/1389 1432/1432/1419
f 1408/1408/1395 1433/1433/1420 1411/1411/1398
f 1417/1417/1404 1434/1434/1421 1398/1398/1385
f 1423/1423/1410 1398/1398/1385 1434/1434/1421
f 1426/1426/1413 1404/1404/1391 1435/1435/1422
f 1413/1413/1400 1436/1436/1423 1428/1428/1415
f 1421/1421/1408 1403/1403/1390 1437/1437/1424
f 1400/1400/1387 1438/1438/1425 1416/1416/1403
f 1439/1439/1426 1440/1440/1427 1414/1414/1401
f 1414/1414/1401 1440/1440/1427 1424/1424/1411
f 1386/1386/1373 1420/1420/1407 1441/1441/1428
f 1430/1430/1417 1396/1396/1383 1442/1442/1429
f 1410/1410/1397 1386/1386/1373 1441/1441/1428
f 1382/1382/1369 1425/1425/1412 1443/1443/1430
f 1404/1404/1391 1406/1406/1393 1444/1444/1431
f 1412/1412/1399 1383/1383/1370 1410/1410/1397
f 1381/1381/1368 1405/1405/1392 1427/1427/1414
f 1396/1396/1383 1423/1423/1410 1445/1445/1432
f 1367/1367/1354 1446/1446/1433 1415/1415/1402
f 1367/1367/1354 1419/1419/1406 1446/1446/1433
f 1387/1387/1374 1447/1447/1434 1400/1400/1387
f 1448/1448/1435 1408/1408/1395 1431/1431/1418
f 1395/1395/1382 1426/1426/1413 1429/1429/1416
f 1387/1387/1374 1427/1427/1414 1447/1447/1434
f 1436/1436/1423 1449/1449/1436 1428/1428/1415
f 1433/1433/1420 1408/1408/1395 1448/1448/1435
f 1409/1409/1396 1415/1415/1402 1446/1446/1433
f 1403/1403/1390 1412/1412/1399 1437/1437/1424
f 1411/1411/1398 1433/1433/1420 1397/1397/1384
f 1418/1418/1405 1432/1432/1419 1402/1402/1389
f 1443/1443/1430 1422/1422/1409 1382/1382/1369
f 1446/1446/1433 1419/1419/1406 1450/1450/1437
f 1400/1400/1387 1447/1447/1434 1438/1438/1425
f 1435/1435/1422 1404/1404/1391 1444/1444/1431
f 1416/1416/1403 1438/1438/1425 1451/1451/1438
f 1439/1439/1426 1452/1452/1439 1440/1440/1427
f 1424/1424/1411 1440/1440/1427 1453/1453/1440
f 1451/1451/1438 1407/1407/1394 1416/1416/1403
f 1425/1425/1412 1390/1390/1377 1432/1432/1419
f 1406/1406/1393 1407/1407/1394 1454/1454/1441
f 1413/1413/1400 1455/1455/1442 1436/1436/1423
f 1413/1413/1400 1430/1430/1417 1455/1455/1442
f 1422/1422/1409 1456/1456/1443 1419/1419/1406
f 1457/1457/1444 1442/1442/1429 1396/1396/1383
f 1397/1397/1384 1458/1458/1445 1418/1418/1405
f 1432/1432/1419 1418/1418/1405 1459/1459/1446
f 1437/1437/1424 1405/1405/1392 1421/1421/1408
f 1406/1406/1393 1454/1454/1441 1444/1444/1431
f 1431/1431/1418 1424/1424/1411 1453/1453/1440
f 1427/1427/1414 1405/1405/1392 1460/1460/1447
f 1456/1456/1443 1450/1450/1437 1419/1419/1406
f 1453/1453/1440 1440/1440/1427 1452/1452/1439
f 1384/1384/1371 1461/1461/1448 1417/1417/1404
f 1397/1397/1384 1433/1433/1420 1458/1458/1445
f 1409/1409/1396 1462/1462/1449 1420/1420/1407
f 1444/1444/1431 1463/1463/1450 1435/1435/1422
f 1422/1422/1409 1464/1464/1451 1456/1456/1443
f 1444/1444/1431 1454/1454/1441 1463/1463/1450
f 1445/1445/1432 1423/1423/1410 1465/1465/1452
f 1396/1396/1383 1445/1445/1432 1457/1457/1444
f 1423/1423/1410 1434/1434/1421 1465/1465/1452
f 1446/1446/1433 1450/1450/1437 1466/1466/1453
f 1384/1384/1371 1429/1429/1416 1461/1461/1448
f 1418/1418/1405 1458/1458/1445 1459/1459/1446
f 1467/1467/1454 1407/1407/1394 1451/1451/1438
f 1432/1432/1419 1468/1468/1455 1425/1425/1412
f 1443/1443/1430 1464/1464/1451 1422/1422/1409
f 1456/1456/1443 1469/1469/1456 1450/1450/1437
f 1409/1409/1396 1446/1446/1433 1470/1470/1457
f 1467/1467/1454 1454/1454/1441 1407/1407/1394
f 1409/1409/1396 1470/1470/1457 1462/1462/1449
f 1430/1430/1417 1471/1471/1458 1455/1455/1442
f 1436/1436/1423 1455/1455/1442 1471/1471/1458
f 1412/1412/1399 1410/1410/1397 1472/1472/1459
f 1438/1438/1425 1447/1447/1434 1473/1473/1460
f 1450/1450/1437 1469/1469/1456 1466/1466/1453
f 1473/1473/1460 1447/1447/1434 1427/1427/1414
f 1431/1431/1418 1453/1453/1440 1474/1474/1461
f 1405/1405/1392 1437/1437/1424 1475/1475/1462
f 1464/1464/1451 1469/1469/1456 1456/1456/1443
f 1438/1438/1425 1476/1476/1463 1451/1451/1438
f 1427/1427/1414 1460/1460/1447 1477/1477/1464
f 1451/1451/1438 1476/1476/1463 1467/1467/1454
f 1478/1478/1465 1445/1445/1432 1465/1465/1452
f 1437/1437/1424 1412/1412/1399 1472/1472/1459
f 1431/1431/1418 1474/1474/1461 1448/1448/1435
f 1476/1476/1463 1438/1438/1425 1473/1473/1460
f 1449/1449/1436 1436/1436/1423 1479/1479/1466
f 1436/1436/1423 1471/1471/1458 1479/1479/1466
f 1441/1441/1428 1480/1480/1467 1410/1410/1397
f 1481/1481/1468 1434/1434/1421 1417/1417/1404
f 1441/1441/1428 1420/1420/1407 1480/1480/1467
f 1457/1457/1444 1445/1445/1432 1482/1482/1469
f 1460/1460/1447 1405/1405/1392 1483/1483/1470
f 1484/1484/1471 1430/1430/1417 1442/1442/1429
f 1471/1471/1458 1430/1430/1417 1484/1484/1471
f 1433/1433/1420 1448/1448/1435 1485/1485/1472
f 1486/1486/1473 1487/1487/1474 1434/1434/1421
f 1405/1405/1392 1475/1475/1462 1483/1483/1470
f 1470/1470/1457 1446/1446/1433 1466/1466/1453
f 1420/1420/1407 1462/1462/1449 1480/1480/1467
f 1458/1458/1445 1433/1433/1420 1485/1485/1472
f 1464/1464/1451 1443/1443/1430 1488/1488/1475
f 1481/1481/1468 1486/1486/1473 1434/1434/1421
f 1426/1426/1413 1435/1435/1422 1489/1489/1476
f 1432/1432/1419 1459/1459/1446 1490/1490/1477
f 1453/1453/1440 1491/1491/1478 1474/1474/1461
f 1453/1453/1440 1452/1452/1439 1491/1491/1478
f 1492/1492/1479 1448/1448/1435 1474/1474/1461
f 1435/1435/1422 1463/1463/1450 1489/1489/1476
f 1429/1429/1416 1426/1426/1413 1493/1493/1480
f 1494/1494/1481 1449/1449/1436 1479/1479/1466
f 1417/1417/1404 1461/1461/1448 1481/1481/1468
f 1429/1429/1416 1493/1493/1480 1495/1495/1482
f 1432/1432/1419 1490/1490/1477 1468/1468/1455
f 1410/1410/1397 1480/1480/1467 1472/1472/1459
f 1429/1429/1416 1495/1495/1482 1461/1461/1448
f 1437/1437/1424 1496/1496/1483 1475/1475/1462
f 1454/1454/1441 1497/1497/1484 1463/1463/1450
f 1472/1472/1459 1496/1496/1483 1437/1437/1424
f 1489/1489/1476 1493/1493/1480 1426/1426/1413
f 1474/1474/1461 1491/1491/1478 1498/1498/1485
f 1466/1466/1453 1469/1469/1456 1499/1499/1486
f 1442/1442/1429 1500/1500/1487 1484/1484/1471
f 1489/1489/1476 1463/1463/1450 1501/1501/1488
f 1502/1502/1489 1443/1443/1430 1425/1425/1412
f 1465/1465/1452 1434/1434/1421 1487/1487/1474
f 1477/1477/1464 1473/1473/1460 1427/1427/1414
f 1463/1463/1450 1497/1497/1484 1501/1501/1488
f 1498/1498/1485 1492/1492/1479 1474/1474/1461
f 1478/1478/1465 1482/1482/1469 1445/1445/1432
f 1442/1442/1429 1457/1457/1444 1500/1500/1487
f 1425/1425/1412 1468/1468/1455 1502/1502/1489
f 1459/1459/1446 1503/1503/1490 1490/1490/1477
f 1488/1488/1475 1443/1443/1430 1502/1502/1489
f 1459/1459/1446 1458/1458/1445 1503/1503/1490
f 1469/1469/1456 1464/1464/1451 1499/1499/1486
f 1492/1492/1479 1504/1504/1491 1448/1448/1435
f 1485/1485/1472 1448/1448/1435 1504/1504/1491
f 1457/1457/1444 1482/1482/1469 1505/1505/1492
f 1476/1476/1463 1473/1473/1460 1506/1506/1493
f 1472/1472/1459 1480/1480/1467 1462/1462/1449
f 1466/1466/1453 1499/1499/1486 1507/1507/1494
f 1464/1464/1451 1488/1488/1475 1508/1508/1495
f 1505/1505/1492 1500/1500/1487 1457/1457/1444
f 1506/1506/1493 1467/1467/1454 1476/1476/1463
f 1475/1475/1462 1496/1496/1483 1509/1509/1496
f 1490/1490/1477 1503/1503/1490 1510/1510/1497
f 1486/1486/1473 1481/1481/1468 1511/1511/1498
f 1468/1468/1455 1490/1490/1477 1512/1512/1499
f 1477/1477/1464 1460/1460/1447 1483/1483/1470
f 1484/1484/1471 1500/1500/1487 1513/1513/1500
f 1475/1475/1462 1509/1509/1496 1483/1483/1470
f 1471/1471/1458 1484/1484/1471 1513/1513/1500
f 1458/1458/1445 1485/1485/1472 1514/1514/1501
f 1515/1515/1502 1461/1461/1448 1495/1495/1482
f 1499/1499/1486 1464/1464/1451 1516/1516/1503
f 1458/1458/1445 1514/1514/1501 1503/1503/1490
f 1494/1494/1481 1479/1479/1466 1517/1517/1504
f 1464/1464/1451 1508/1508/1495 1516/1516/1503
f 1487/1487/1474 1486/1486/1473 1511/1511/1498
f 1515/1515/1502 1495/1495/1482 1493/1493/1480
f 1518/1518/1505 1462/1462/1449 1470/1470/1457
f 1470/1470/1457 1466/1466/1453 1507/1507/1494
f 1481/1481/1468 1461/1461/1448 1519/1519/1506
f 1470/1470/1457 1507/1507/1494 1518/1518/1505
f 1519/1519/1506 1511/1511/1498 1481/1481/1468
f 1482/1482/1469 1478/1478/1465 1505/1505/1492
f 1478/1478/1465 1465/1465/1452 1520/1520/1507
f 1513/1513/1500 1500/1500/1487 1505/1505/1492
f 1490/1490/1477 1510/1510/1497 1512/1512/1499
f 1465/1465/1452 1487/1487/1474 1520/1520/1507
f 1521/1521/1508 1468/1468/1455 1512/1512/1499
f 1498/1498/1485 1522/1522/1509 1492/1492/1479
f 1471/1471/1458 1513/1513/1500 1523/1523/1510
f 1471/1471/1458 1523/1523/1510 1479/1479/1466
f 1487/1487/1474 1524/1524/1511 1520/1520/1507
f 1487/1487/1474 1511/1511/1498 1524/1524/1511
f 1452/1452/1439 1525/1525/1512 1491/1491/1478
f 1488/1488/1475 1502/1502/1489 1508/1508/1495
f 1502/1502/1489 1468/1468/1455 1521/1521/1508
f 1505/1505/1492 1478/1478/1465 1520/1520/1507
f 1526/1526/1513 1498/1498/1485 1491/1491/1478
f 1513/1513/1500 1505/1505/1492 1523/1523/1510
f 1511/1511/1498 1519/1519/1506 1524/1524/1511
f 1497/1497/1484 1454/1454/1441 1527/1527/1514
f 1528/1528/1515 1505/1505/1492 1520/1520/1507
f 1527/1527/1514 1501/1501/1488 1497/1497/1484
f 1528/1528/1515 1520/1520/1507 1529/1529/1516
f 1524/1524/1511 1529/1529/1516 1520/1520/1507
f 1489/1489/1476 1501/1501/1488 1493/1493/1480
f 1519/1519/1506 1461/1461/1448 1515/1515/1502
f 1454/1454/1441 1467/1467/1454 1530/1530/1517
f 1472/1472/1459 1462/1462/1449 1531/1531/1518
f 1532/1532/1519 1493/1493/1480 1501/1501/1488
f 1501/1501/1488 1527/1527/1514 1532/1532/1519
f 1496/1496/1483 1472/1472/1459 1533/1533/1520
f 1473/1473/1460 1477/1477/1464 1534/1534/1521
f 1519/1519/1506 1529/1529/1516 1524/1524/1511
f 1526/1526/1513 1535/1535/1522 1498/1498/1485
f 1536/1536/1523 1517/1517/1504 1479/1479/1466
f 1537/1537/1524 1519/1519/1506 1515/1515/1502
f 1479/1479/1466 1523/1523/1510 1538/1538/1525
f 1522/1522/1509 1498/1498/1485 1535/1535/1522
f 1506/1506/1493 1473/1473/1460 1534/1534/1521
f 1505/1505/1492 1528/1528/1515 1539/1539/1526
f 1505/1505/1492 1539/1539/1526 1523/1523/1510
f 1467/1467/1454 1506/1506/1493 1540/1540/1527
f 1508/1508/1495 1502/1502/1489 1541/1541/1528
f 1504/1504/1491 1492/1492/1479 1522/1522/1509
f 1525/1525/1512 1542/1542/1529 1491/1491/1478
f 1504/1504/1491 1543/1543/1530 1485/1485/1472
f 1518/1518/1505 1544/1544/1531 1462/1462/1449
f 1462/1462/1449 1544/1544/1531 1531/1531/1518
f 1540/1540/1527 1530/1530/1517 1467/1467/1454
f 1519/1519/1506 1545/1545/1532 1529/1529/1516
f 1515/1515/1502 1546/1546/1533 1537/1537/1524
f 1516/1516/1503 1508/1508/1495 1541/1541/1528
f 1472/1472/1459 1531/1531/1518 1547/1547/1534
f 1537/1537/1524 1545/1545/1532 1519/1519/1506
f 1479/1479/1466 1538/1538/1525 1536/1536/1523
f 1515/1515/1502 1493/1493/1480 1546/1546/1533
f 1523/1523/1510 1548/1548/1535 1538/1538/1525
f 1510/1510/1497 1549/1549/1536 1512/1512/1499
f 1549/1549/1536 1521/1521/1508 1512/1512/1499
f 1507/1507/1494 1499/1499/1486 1550/1550/1537
f 1551/1551/1538 1539/1539/1526 1528/1528/1515
f 1539/1539/1526 1548/1548/1535 1523/1523/1510
f 1532/1532/1519 1527/1527/1514 1552/1552/1539
f 1502/1502/1489 1521/1521/1508 1541/1541/1528
f 1496/1496/1483 1553/1553/1540 1509/1509/1496
f 1526/1526/1513 1491/1491/1478 1554/1554/1541
f 1477/1477/1464 1483/1483/1470 1555/1555/1542
f 1546/1546/1533 1493/1493/1480 1532/1532/1519
f 1530/1530/1517 1527/1527/1514 1454/1454/1441
f 1538/1538/1525 1556/1556/1543 1536/1536/1523
f 1546/1546/1533 1532/1532/1519 1557/1557/1544
f 1557/1557/1544 1532/1532/1519 1552/1552/1539
f 1510/1510/1497 1503/1503/1490 1558/1558/1545
f 1472/1472/1459 1547/1547/1534 1533/1533/1520
f 1542/1542/1529 1554/1554/1541 1491/1491/1478
f 1556/1556/1543 1538/1538/1525 1548/1548/1535
f 1549/1549/1536 1510/1510/1497 1558/1558/1545
f 1514/1514/1501 1485/1485/1472 1543/1543/1530
f 1516/1516/1503 1550/1550/1537 1499/1499/1486
f 1527/1527/1514 1530/1530/1517 1552/1552/1539
f 1540/1540/1527 1559/1559/1546 1530/1530/1517
f 1503/1503/1490 1514/1514/1501 1558/1558/1545
f 1530/1530/1517 1559/1559/1546 1552/1552/1539
f 1516/1516/1503 1541/1541/1528 1550/1550/1537
f 1560/1560/1547 1540/1540/1527 1506/1506/1493
f 1553/1553/1540 1496/1496/1483 1533/1533/1520
f 1506/1506/1493 1534/1534/1521 1560/1560/1547
f 1483/1483/1470 1509/1509/1496 1555/1555/1542
f 1547/1547/1534 1531/1531/1518 1561/1561/1548
f 1562/1562/1549 1534/1534/1521 1477/1477/1464
f 1534/1534/1521 1562/1562/1549 1560/1560/1547
f 1540/1540/1527 1560/1560/1547 1559/1559/1546
f 1507/1507/1494 1550/1550/1537 1518/1518/1505
f 1543/1543/1530 1504/1504/1491 1522/1522/1509
f 1477/1477/1464 1555/1555/1542 1562/1562/1549
f 1547/1547/1534 1563/1563/1550 1533/1533/1520
f 1554/1554/1541 1564/1564/1551 1526/1526/1513
f 1554/1554/1541 1542/1542/1529 1565/1565/1552
f 1550/1550/1537 1541/1541/1528 1566/1566/1553
f 1559/1559/1546 1560/1560/1547 1567/1567/1554
f 1535/1535/1522 1568/1568/1555 1522/1522/1509
f 1531/1531/1518 1544/1544/1531 1561/1561/1548
f 1564/1564/1551 1535/1535/1522 1526/1526/1513
f 1521/1521/1508 1549/1549/1536 1541/1541/1528
f 1569/1569/1556 1509/1509/1496 1553/1553/1540
f 1518/1518/1505 1550/1550/1537 1570/1570/1557
f 1535/1535/1522 1564/1564/1551 1568/1568/1555
f 1555/1555/1542 1571/1571/1558 1562/1562/1549
f 1514/1514/1501 1543/1543/1530 1572/1572/1559
f 1560/1560/1547 1562/1562/1549 1567/1567/1554
f 1509/1509/1496 1569/1569/1556 1555/1555/1542
f 1561/1561/1548 1544/1544/1531 1573/1573/1560
f 1574/1574/1561 1567/1567/1554 1562/1562/1549
f 1571/1571/1558 1555/1555/1542 1575/1575/1562
f 1547/1547/1534 1561/1561/1548 1573/1573/1560
f 1569/1569/1556 1575/1575/1562 1555/1555/1542
f 1576/1576/1563 1553/1553/1540 1533/1533/1520
f 1563/1563/1550 1547/1547/1534 1573/1573/1560
f 1533/1533/1520 1563/1563/1550 1576/1576/1563
f 1562/1562/1549 1571/1571/1558 1574/1574/1561
f 1568/1568/1555 1577/1577/1564 1522/1522/1509
f 1543/1543/1530 1522/1522/1509 1578/1578/1565
f 1579/1579/1566 1544/1544/1531 1518/1518/1505
f 1518/1518/1505 1570/1570/1557 1579/1579/1566
f 1572/1572/1559 1558/1558/1545 1514/1514/1501
f 1522/1522/1509 1577/1577/1564 1578/1578/1565
f 1580/1580/1567 1554/1554/1541 1565/1565/1552
f 1553/1553/1540 1576/1576/1563 1581/1581/1568
f 1544/1544/1531 1579/1579/1566 1573/1573/1560
f 1576/1576/1563 1563/1563/1550 1582/1582/1569
f 1569/1569/1556 1553/1553/1540 1581/1581/1568
f 1541/1541/1528 1549/1549/1536 1566/1566/1553
f 1573/1573/1560 1582/1582/1569 1563/1563/1550
f 1550/1550/1537 1566/1566/1553 1570/1570/1557
f 1583/1583/1570 1564/1564/1551 1554/1554/1541
f 1584/1584/1571 1585/1585/1572 1586/1586/1573
f 1576/1576/1563 1582/1582/1569 1581/1581/1568
f 1580/1580/1567 1583/1583/1570 1554/1554/1541
f 1571/1571/1558 1575/1575/1562 1587/1587/1574
f 1569/1569/1556 1588/1588/1575 1575/1575/1562
f 1543/1543/1530 1589/1589/1576 1590/1590/1577
f 1543/1543/1530 1578/1578/1565 1589/1589/1576
f 1568/1568/1555 1564/1564/1551 1583/1583/1570
f 1584/1584/1571 1591/1591/1578 1592/1592/1579
f 1569/1569/1556 1581/1581/1568 1588/1588/1575
f 1568/1568/1555 1583/1583/1570 1577/1577/1564
f 1549/1549/1536 1558/1558/1545 1593/1593/1580
f 1572/1572/1559 1543/1543/1530 1590/1590/1577
f 1594/1594/1581 1558/1558/1545 1572/1572/1559
f 1595/1595/1582 1587/1587/1574 1575/1575/1562
f 1573/1573/1560 1596/1596/1583 1582/1582/1569
f 1596/1596/1583 1573/1573/1560 1579/1579/1566
f 1584/1584/1571 1592/1592/1579 1585/1585/1572
f 1575/1575/1562 1588/1588/1575 1597/1597/1584
f 1558/1558/1545 1594/1594/1581 1593/1593/1580
f 1587/1587/1574 1595/1595/1582 1591/1591/1578
f 1597/1597/1584 1595/1595/1582 1575/1575/1562
f 1598/1598/1585 1580/1580/1567 1565/1565/1552
f 1581/1581/1568 1582/1582/1569 1599/1599/1586
f 1566/1566/1553 1549/1549/1536 1600/1600/1587
f 1601/1601/1588 1585/1585/1572 1602/1602/1589
f 1588/1588/1575 1581/1581/1568 1603/1603/1590
f 1549/1549/1536 1593/1593/1580 1604/1604/1591
f 1592/1592/1579 1591/1591/1578 1605/1605/1592
f 1596/1596/1583 1579/1579/1566 1570/1570/1557
f 1591/1591/1578 1595/1595/1582 1606/1606/1593
f 1599/1599/1586 1603/1603/1590 1581/1581/1568
f 1596/1596/1583 1599/1599/1586 1582/1582/1569
f 1583/1583/1570 1580/1580/1567 1607/1607/1594
f 1601/1601/1588 1602/1602/1589 1608/1608/1595
f 1585/1585/1572 1592/1592/1579 1602/1602/1589
f 1595/1595/1582 1597/1597/1584 1609/1609/1596
f 1591/1591/1578 1606/1606/1593 1605/1605/1592
f 1597/1597/1584 1588/1588/1575 1610/1610/1597
f 1590/1590/1577 1611/1611/1598 1572/1572/1559
f 1605/1605/1592 1612/1612/1599 1592/1592/1579
f 1599/1599/1586 1596/1596/1583 1613/1613/1600
f 1614/1614/1601 1605/1605/1592 1606/1606/1593
f 1598/1598/1585 1615/1615/1602 1580/1580/1567
f 1580/1580/1567 1615/1615/1602 1607/1607/1594
f 1578/1578/1565 1577/1577/1564 1589/1589/1576
f 1616/1616/1603 1606/1606/1593 1595/1595/1582
f 1610/1610/1597 1588/1588/1575 1603/1603/1590
f 1613/1613/1600 1596/1596/1583 1617/1617/1604
f 1592/1592/1579 1612/1612/1599 1602/1602/1589
f 1595/1595/1582 1609/1609/1596 1616/1616/1603
f 1597/1597/1584 1610/1610/1597 1609/1609/1596
f 1566/1566/1553 1600/1600/1587 1618/1618/1605
f 1612/1612/1599 1605/1605/1592 1619/1619/1606
f 1570/1570/1557 1566/1566/1553 1620/1620/1607
f 1614/1614/1601 1606/1606/1593 1616/1616/1603
f 1610/1610/1597 1603/1603/1590 1621/1621/1608
f 1603/1603/1590 1599/1599/1586 1613/1613/1600
f 1549/1549/1536 1604/1604/1591 1600/1600/1587
f 1622/1622/1609 1608/1608/1595 1602/1602/1589
f 1621/1621/1608 1623/1623/1610 1610/1610/1597
f 1596/1596/1583 1570/1570/1557 1617/1617/1604
f 1572/1572/1559 1611/1611/1598 1594/1594/1581
f 1622/1622/1609 1602/1602/1589 1624/1624/1611
f 1619/1619/1606 1605/1605/1592 1614/1614/1601
f 1607/1607/1594 1625/1625/1612 1583/1583/1570
f 1626/1626/1613 1593/1593/1580 1594/1594/1581
f 1626/1626/1613 1594/1594/1581 1611/1611/1598
f 1602/1602/1589 1612/1612/1599 1624/1624/1611
f 1620/1620/1607 1617/1617/1604 1570/1570/1557
f 1600/1600/1587 1604/1604/1591 1627/1627/1614
f 1593/1593/1580 1628/1628/1615 1604/1604/1591
f 1624/1624/1611 1612/1612/1599 1619/1619/1606
f 1566/1566/1553 1629/1629/1616 1620/1620/1607
f 1600/1600/1587 1627/1627/1614 1630/1630/1617
f 1613/1613/1600 1617/1617/1604 1631/1631/1618
f 1603/1603/1590 1632/1632/1619 1621/1621/1608
f 1603/1603/1590 1613/1613/1600 1632/1632/1619
f 1628/1628/1615 1627/1627/1614 1604/1604/1591
f 1589/1589/1576 1633/1633/1620 1590/1590/1577
f 1626/1626/1613 1628/1628/1615 1593/1593/1580
f 1617/1617/1604 1620/1620/1607 1634/1634/1621
f 1621/1621/1608 1632/1632/1619 1635/1635/1622
f 1589/1589/1576 1577/1577/1564 1633/1633/1620
f 1620/1620/1607 1629/1629/1616 1636/1636/1623
f 1615/1615/1602 1598/1598/1585 1637/1637/1624
f 1634/1634/1621 1620/1620/1607 1636/1636/1623
f 1629/1629/1616 1566/1566/1553 1638/1638/1625
f 1639/1639/1626 1607/1607/1594 1615/1615/1602
f 1632/1632/1619 1613/1613/1600 1640/1640/1627
f 1611/1611/1598 1590/1590/1577 1641/1641/1628
f 1600/1600/1587 1630/1630/1617 1618/1618/1605
f 1623/1623/1610 1621/1621/1608 1642/1642/1629
f 1631/1631/1618 1640/1640/1627 1613/1613/1600
f 1617/1617/1604 1643/1643/1630 1631/1631/1618
f 1617/1617/1604 1634/1634/1621 1643/1643/1630
f 1566/1566/1553 1618/1618/1605 1644/1644/1631
f 1607/1607/1594 1639/1639/1626 1625/1625/1612
f 1640/1640/1627 1631/1631/1618 1645/1645/1632
f 1621/1621/1608 1635/1635/1622 1646/1646/1633
f 1566/1566/1553 1644/1644/1631 1638/1638/1625
f 1577/1577/1564 1625/1625/1612 1647/1647/1634
f 1642/1642/1629 1621/1621/1608 1648/1648/1635
f 1632/1632/1619 1649/1649/1636 1635/1635/1622
f 1632/1632/1619 1640/1640/1627 1649/1649/1636
f 1650/1650/1637 1628/1628/1615 1626/1626/1613
f 1643/1643/1630 1634/1634/1621 1651/1651/1638
f 1621/1621/1608 1646/1646/1633 1648/1648/1635
f 1629/1629/1616 1652/1652/1639 1636/1636/1623
f 1640/1640/1627 1645/1645/1632 1649/1649/1636
f 1642/1642/1629 1648/1648/1635 1653/1653/1640
f 1646/1646/1633 1653/1653/1640 1648/1648/1635
f 1629/1629/1616 1638/1638/1625 1652/1652/1639
f 1634/1634/1621 1636/1636/1623 1654/1654/1641
f 1655/1655/1642 1656/1656/1643 1657/1657/1644
f 1636/1636/1623 1652/1652/1639 1654/1654/1641
f 1627/1627/1614 1628/1628/1615 1658/1658/1645
f 1635/1635/1622 1649/1649/1636 1659/1659/1646
f 1660/1660/1647 1642/1642/1629 1661/1661/1648
f 1626/1626/1613 1611/1611/1598 1662/1662/1649
f 1577/1577/1564 1647/1647/1634 1663/1663/1650
f 1656/1656/1643 1660/1660/1647 1664/1664/1651
f 1590/1590/1577 1633/1633/1620 1665/1665/1652
f 1639/1639/1626 1615/1615/1602 1666/1666/1653
f 1639/1639/1626 1667/1667/1654 1625/1625/1612
f 1656/1656/1643 1664/1664/1651 1657/1657/1644
f 1630/1630/1617 1668/1668/1655 1618/1618/1605
f 1668/1668/1655 1630/1630/1617 1669/1669/1656
f 1590/1590/1577 1665/1665/1652 1641/1641/1628
f 1643/1643/1630 1651/1651/1638 1631/1631/1618
f 1630/1630/1617 1627/1627/1614 1669/1669/1656
f 1633/1633/1620 1577/1577/1564 1663/1663/1650
f 1664/1664/1651 1660/1660/1647 1661/1661/1648
f 1661/1661/1648 1642/1642/1629 1670/1670/1657
f 1634/1634/1621 1654/1654/1641 1651/1651/1638
f 1655/1655/1642 1657/1657/1644 1671/1671/1658
f 1645/1645/1632 1631/1631/1618 1672/1672/1659
f 1626/1626/1613 1662/1662/1649 1673/1673/1660
f 1649/1649/1636 1645/1645/1632 1659/1659/1646
f 1674/1674/1661 1675/1675/1662 1676/1676/1663
f 1625/1625/1612 1667/1667/1654 1647/1647/1634
f 1653/1653/1640 1670/1670/1657 1642/1642/1629
f 1626/1626/1613 1673/1673/1660 1650/1650/1637
f 1666/1666/1653 1667/1667/1654 1639/1639/1626
f 1628/1628/1615 1650/1650/1637 1677/1677/1664
f 1644/1644/1631 1678/1678/1665 1638/1638/1625
f 1679/1679/1666 1657/1657/1644 1664/1664/1651
f 1647/1647/1634 1680/1680/1667 1663/1663/1650
f 1618/1618/1605 1681/1681/1668 1644/1644/1631
f 1671/1671/1658 1657/1657/1644 1679/1679/1666
f 1681/1681/1668 1618/1618/1605 1668/1668/1655
f 1661/1661/1648 1682/1682/1669 1664/1664/1651
f 1680/1680/1667 1647/1647/1634 1667/1667/1654
f 1678/1678/1665 1644/1644/1631 1683/1683/1670
f 1633/1633/1620 1663/1663/1650 1684/1684/1671
f 1644/1644/1631 1681/1681/1668 1683/1683/1670
f 1682/1682/1669 1661/1661/1648 1670/1670/1657
f 1685/1685/1672 1686/1686/1673 1674/1674/1661
f 1628/1628/1615 1677/1677/1664 1658/1658/1645
f 1685/1685/1672 1674/1674/1661 1676/1676/1663
f 1653/1653/1640 1687/1687/1674 1670/1670/1657
f 1659/1659/1646 1688/1688/1675 1635/1635/1622
f 1646/1646/1633 1635/1635/1622 1688/1688/1675
f 1633/1633/1620 1684/1684/1671 1665/1665/1652
f 1645/1645/1632 1672/1672/1659 1689/1689/1676
f 1675/1675/1662 1655/1655/1642 1690/1690/1677
f 1658/1658/1645 1691/1691/1678 1627/1627/1614
f 1652/1652/1639 1638/1638/1625 1692/1692/1679
f 1693/1693/1680 1686/1686/1673 1694/1694/1681
f 1673/1673/1660 1662/1662/1649 1695/1695/1682
f 1696/1696/1683 1662/1662/1649 1611/1611/1598
f 1675/1675/1662 1690/1690/1677 1676/1676/1663
f 1655/1655/1642 1671/1671/1658 1690/1690/1677
f 1627/1627/1614 1691/1691/1678 1669/1669/1656
f 1697/1697/1684 1698/1698/1685 1699/1699/1686
f 1685/1685/1672 1676/1676/1663 1700/1700/1687
f 1645/1645/1632 1689/1689/1676 1659/1659/1646
f 1701/1701/1688 1651/1651/1638 1654/1654/1641
f 1686/1686/1673 1685/1685/1672 1694/1694/1681
f 1654/1654/1641 1652/1652/1639 1701/1701/1688
f 1638/1638/1625 1678/1678/1665 1692/1692/1679
f 1631/1631/1618 1651/1651/1638 1702/1702/1689
f 1611/1611/1598 1641/1641/1628 1696/1696/1683
f 1703/1703/1690 1665/1665/1652 1684/1684/1671
f 1702/1702/1689 1672/1672/1659 1631/1631/1618
f 1704/1704/1691 1699/1699/1686 1698/1698/1685
f 1698/1698/1685 1705/1705/1692 1704/1704/1691
f 1706/1706/1693 1707/1707/1694 1708/1708/1695
f 1693/1693/1680 1694/1694/1681 1709/1709/1696
f 1706/1706/1693 1708/1708/1695 1705/1705/1692
f 1658/1658/1645 1677/1677/1664 1691/1691/1678
f 1692/1692/1679 1710/1710/1697 1652/1652/1639
f 1707/1707/1694 1711/1711/1698 1712/1712/1699
f 1699/1699/1686 1713/1713/1700 1697/1697/1684
f 1714/1714/1701 1715/1715/1702 1711/1711/1698
f 1714/1714/1701 1716/1716/1703 1715/1715/1702
f 1710/1710/1697 1701/1701/1688 1652/1652/1639
f 1667/1667/1654 1666/1666/1653 1717/1717/1704
f 1716/1716/1703 1718/1718/1705 1719/1719/1706
f 1679/1679/1666 1720/1720/1707 1671/1671/1658
f 1721/1721/1708 1679/1679/1666 1664/1664/1651
f 1694/1694/1681 1722/1722/1709 1709/1709/1696
f 1685/1685/1672 1700/1700/1687 1723/1723/1710
f 1718/1718/1705 1693/1693/1680 1724/1724/1711
f 1693/1693/1680 1709/1709/1696 1724/1724/1711
f 1664/1664/1651 1682/1682/1669 1721/1721/1708
f 1669/1669/1656 1691/1691/1678 1725/1725/1712
f 1711/1711/1698 1715/1715/1702 1712/1712/1699
f 1669/1669/1656 1726/1726/1713 1668/1668/1655
f 1676/1676/1663 1690/1690/1677 1727/1727/1714
f 1685/1685/1672 1728/1728/1715 1694/1694/1681
f 1724/1724/1711 1719/1719/1706 1718/1718/1705
f 1729/1729/1716 1707/1707/1694 1712/1712/1699
f 1673/1673/1660 1730/1730/1717 1650/1650/1637
f 1700/1700/1687 1676/1676/1663 1727/1727/1714
f 1720/1720/1707 1679/1679/1666 1721/1721/1708
f 1708/1708/1695 1707/1707/1694 1729/1729/1716
f 1709/1709/1696 1722/1722/1709 1731/1731/1718
f 1719/1719/1706 1724/1724/1711 1732/1732/1719
f 1716/1716/1703 1719/1719/1706 1715/1715/1702
f 1699/1699/1686 1704/1704/1691 1733/1733/1720
f 1724/1724/1711 1709/1709/1696 1731/1731/1718
f 1689/1689/1676 1672/1672/1659 1702/1702/1689
f 1666/1666/1653 1734/1734/1721 1717/1717/1704
f 1695/1695/1682 1662/1662/1649 1696/1696/1683
f 1650/1650/1637 1730/1730/1717 1677/1677/1664
f 1685/1685/1672 1723/1723/1710 1728/1728/1715
f 1680/1680/1667 1667/1667/1654 1735/1735/1722
f 1684/1684/1671 1663/1663/1650 1680/1680/1667
f 1653/1653/1640 1646/1646/1633 1736/1736/1723
f 1724/1724/1711 1731/1731/1718 1737/1737/1724
f 1646/1646/1633 1688/1688/1675 1736/1736/1723
f 1667/1667/1654 1717/1717/1704 1735/1735/1722
f 1724/1724/1711 1737/1737/1724 1732/1732/1719
f 1733/1733/1720 1713/1713/1700 1699/1699/1686
f 1729/1729/1716 1712/1712/1699 1738/1738/1725
f 1726/1726/1713 1681/1681/1668 1668/1668/1655
f 1690/1690/1677 1671/1671/1658 1739/1739/1726
f 1740/1740/1727 1722/1722/1709 1694/1694/1681
f 1705/1705/1692 1708/1708/1695 1741/1741/1728
f 1694/1694/1681 1728/1728/1715 1740/1740/1727
f 1671/1671/1658 1720/1720/1707 1742/1742/1729
f 1678/1678/1665 1683/1683/1670 1743/1743/1730
f 1741/1741/1728 1704/1704/1691 1705/1705/1692
f 1729/1729/1716 1738/1738/1725 1744/1744/1731
f 1659/1659/1646 1745/1745/1732 1688/1688/1675
f 1712/1712/1699 1715/1715/1702 1746/1746/1733
f 1677/1677/1664 1747/1747/1734 1691/1691/1678
f 1719/1719/1706 1748/1748/1735 1715/1715/1702
f 1708/1708/1695 1729/1729/1716 1749/1749/1736
f 1653/1653/1640 1736/1736/1723 1687/1687/1674
f 1750/1750/1737 1701/1701/1688 1710/1710/1697
f 1682/1682/1669 1670/1670/1657 1751/1751/1738
f 1651/1651/1638 1701/1701/1688 1752/1752/1739
f 1725/1725/1712 1726/1726/1713 1669/1669/1656
f 1748/1748/1735 1719/1719/1706 1732/1732/1719
f 1712/1712/1699 1746/1746/1733 1738/1738/1725
f 1723/1723/1710 1700/1700/1687 1753/1753/1740
f 1754/1754/1741 1651/1651/1638 1752/1752/1739
f 1684/1684/1671 1680/1680/1667 1755/1755/1742
f 1665/1665/1652 1703/1703/1690 1641/1641/1628
f 1735/1735/1722 1755/1755/1742 1680/1680/1667
f 1659/1659/1646 1689/1689/1676 1756/1756/1743
f 1702/1702/1689 1651/1651/1638 1754/1754/1741
f 1733/1733/1720 1704/1704/1691 1757/1757/1744
f 1659/1659/1646 1756/1756/1743 1745/1745/1732
f 1701/1701/1688 1750/1750/1737 1752/1752/1739
f 1727/1727/1714 1690/1690/1677 1739/1739/1726
f 1708/1708/1695 1749/1749/1736 1741/1741/1728
f 1683/1683/1670 1681/1681/1668 1758/1758/1745
f 1688/1688/1675 1745/1745/1732 1759/1759/1746
f 1671/1671/1658 1742/1742/1729 1739/1739/1726
f 1743/1743/1730 1692/1692/1679 1678/1678/1665
f 1759/1759/1746 1736/1736/1723 1688/1688/1675
f 1727/1727/1714 1753/1753/1740 1700/1700/1687
f 1689/1689/1676 1702/1702/1689 1760/1760/1747
f 1681/1681/1668 1761/1761/1748 1758/1758/1745
f 1681/1681/1668 1726/1726/1713 1761/1761/1748
f 1751/1751/1738 1670/1670/1657 1762/1762/1749
f 1677/1677/1664 1730/1730/1717 1747/1747/1734
f 1683/1683/1670 1758/1758/1745 1743/1743/1730
f 1670/1670/1657 1687/1687/1674 1762/1762/1749
f 1735/1735/1722 1717/1717/1704 1763/1763/1750
f 1721/1721/1708 1682/1682/1669 1751/1751/1738
f 1703/1703/1690 1684/1684/1671 1764/1764/1751
f 1673/1673/1660 1695/1695/1682 1730/1730/1717
f 1765/1765/1752 1695/1695/1682 1696/1696/1683
f 1696/1696/1683 1641/1641/1628 1765/1765/1752
f 1717/1717/1704 1766/1766/1753 1763/1763/1750
f 1722/1722/1709 1740/1740/1727 1767/1767/1754
f 1684/1684/1671 1755/1755/1742 1768/1768/1755
f 1769/1769/1756 1715/1715/1702 1748/1748/1735
f 1769/1769/1756 1746/1746/1733 1715/1715/1702
f 1770/1770/1757 1757/1757/1744 1704/1704/1691
f 1713/1713/1700 1733/1733/1720 1771/1771/1758
f 1772/1772/1759 1762/1762/1749 1687/1687/1674
f 1691/1691/1678 1773/1773/1760 1725/1725/1712
f 1687/1687/1674 1736/1736/1723 1772/1772/1759
f 1691/1691/1678 1747/1747/1734 1773/1773/1760
f 1704/1704/1691 1741/1741/1728 1770/1770/1757
f 1731/1731/1718 1722/1722/1709 1774/1774/1761
f 1760/1760/1747 1756/1756/1743 1689/1689/1676
f 1732/1732/1719 1737/1737/1724 1775/1775/1762
f 1695/1695/1682 1776/1776/1763 1730/1730/1717
f 1731/1731/1718 1777/1777/1764 1737/1737/1724
f 1710/1710/1697 1692/1692/1679 1778/1778/1765
f 1726/1726/1713 1725/1725/1712 1779/1779/1766
f 1729/1729/1716 1744/1744/1731 1780/1780/1767
f 1763/1763/1750 1755/1755/1742 1735/1735/1722
f 1764/1764/1751 1684/1684/1671 1768/1768/1755
f 1775/1775/1762 1737/1737/1724 1777/1777/1764
f 1768/1768/1755 1755/1755/1742 1763/1763/1750
f 1692/1692/1679 1743/1743/1730 1778/1778/1765
f 1736/1736/1723 1781/1781/1768 1772/1772/1759
f 1729/1729/1716 1780/1780/1767 1749/1749/1736
f 1748/1748/1735 1732/1732/1719 1769/1769/1756
f 1761/1761/1748 1726/1726/1713 1779/1779/1766
f 1782/1782/1769 1746/1746/1733 1769/1769/1756
f 1750/1750/1737 1710/1710/1697 1778/1778/1765
f 1742/1742/1729 1720/1720/1707 1783/1783/1770
f 1744/1744/1731 1738/1738/1725 1784/1784/1771
f 1720/1720/1707 1721/1721/1708 1783/1783/1770
f 1760/1760/1747 1702/1702/1689 1785/1785/1772
f 1702/1702/1689 1754/1754/1741 1785/1785/1772
f 1767/1767/1754 1774/1774/1761 1722/1722/1709
f 1733/1733/1720 1757/1757/1744 1786/1786/1773
f 1765/1765/1752 1641/1641/1628 1787/1787/1774
f 1747/1747/1734 1730/1730/1717 1773/1773/1760
f 1759/1759/1746 1745/1745/1732 1788/1788/1775
f 1703/1703/1690 1787/1787/1774 1641/1641/1628
f 1789/1789/1776 1767/1767/1754 1740/1740/1727
f 1731/1731/1718 1774/1774/1761 1777/1777/1764
f 1740/1740/1727 1728/1728/1715 1790/1790/1777
f 1763/1763/1750 1766/1766/1753 1791/1791/1778
f 1741/1741/1728 1749/1749/1736 1780/1780/1767
f 1738/1738/1725 1746/1746/1733 1784/1784/1771
f 1759/1759/1746 1781/1781/1768 1736/1736/1723
f 1746/1746/1733 1782/1782/1769 1784/1784/1771
f 1790/1790/1777 1728/1728/1715 1723/1723/1710
f 1771/1771/1758 1733/1733/1720 1786/1786/1773
f 1792/1792/1779 1750/1750/1737 1778/1778/1765
f 1745/1745/1732 1756/1756/1743 1788/1788/1775
f 1793/1793/1780 1754/1754/1741 1752/1752/1739
f 1794/1794/1781 1780/1780/1767 1744/1744/1731
f 1769/1769/1756 1795/1795/1782 1782/1782/1769
f 1723/1723/1710 1753/1753/1740 1796/1796/1783
f 1765/1765/1752 1797/1797/1784 1695/1695/1682
f 1723/1723/1710 1796/1796/1783 1790/1790/1777
f 1739/1739/1726 1798/1798/1785 1727/1727/1714
f 1721/1721/1708 1751/1751/1738 1799/1799/1786
f 1740/1740/1727 1790/1790/1777 1789/1789/1776
f 1760/1760/1747 1800/1800/1787 1756/1756/1743
f 1757/1757/1744 1770/1770/1757 1786/1786/1773
f 1703/1703/1690 1801/1801/1788 1787/1787/1774
f 1776/1776/1763 1695/1695/1682 1797/1797/1784
f 1727/1727/1714 1802/1802/1789 1753/1753/1740
f 1744/1744/1731 1784/1784/1771 1794/1794/1781
f 1739/1739/1726 1742/1742/1729 1803/1803/1790
f 1804/1804/1791 1768/1768/1755 1763/1763/1750
f 1800/1800/1787 1805/1805/1792 1756/1756/1743
f 1727/1727/1714 1798/1798/1785 1802/1802/1789
f 1743/1743/1730 1758/1758/1745 1806/1806/1793
f 1764/1764/1751 1768/1768/1755 1807/1807/1794
f 1778/1778/1765 1743/1743/1730 1806/1806/1793
f 1783/1783/1770 1721/1721/1708 1799/1799/1786
f 1760/1760/1747 1808/1808/1795 1800/1800/1787
f 1803/1803/1790 1742/1742/1729 1783/1783/1770
f 1703/1703/1690 1764/1764/1751 1801/1801/1788
f 1760/1760/1747 1785/1785/1772 1808/1808/1795
f 1725/1725/1712 1773/1773/1760 1809/1809/1796
f 1785/1785/1772 1754/1754/1741 1810/1810/1797
f 1752/1752/1739 1750/1750/1737 1793/1793/1780
f 1732/1732/1719 1775/1775/1762 1811/1811/1798
f 1812/1812/1799 1773/1773/1760 1730/1730/1717
f 1730/1730/1717 1776/1776/1763 1812/1812/1799
f 1779/1779/1766 1725/1725/1712 1809/1809/1796
f 1788/1788/1775 1756/1756/1743 1813/1813/1800
f 1756/1756/1743 1805/1805/1792 1813/1813/1800
f 1759/1759/1746 1788/1788/1775 1814/1814/1801
f 1769/1769/1756 1732/1732/1719 1795/1795/1782
f 1774/1774/1761 1767/1767/1754 1815/1815/1802
f 1781/1781/1768 1759/1759/1746 1814/1814/1801
f 1804/1804/1791 1807/1807/1794 1768/1768/1755
f 1751/1751/1738 1816/1816/1803 1799/1799/1786
f 1758/1758/1745 1761/1761/1748 1817/1817/1804
f 1751/1751/1738 1762/1762/1749 1816/1816/1803
f 1802/1802/1789 1796/1796/1783 1753/1753/1740
f 1764/1764/1751 1807/1807/1794 1818/1818/1805
f 1793/1793/1780 1750/1750/1737 1792/1792/1779
f 1781/1781/1768 1819/1819/1806 1772/1772/1759
f 1732/1732/1719 1811/1811/1798 1795/1795/1782
f 1777/1777/1764 1774/1774/1761 1820/1820/1807
f 1785/1785/1772 1810/1810/1797 1808/1808/1795
f 1804/1804/1791 1763/1763/1750 1791/1791/1778
f 1777/1777/1764 1820/1820/1807 1775/1775/1762
f 1739/1739/1726 1803/1803/1790 1798/1798/1785
f 1773/1773/1760 1812/1812/1799 1821/1821/1808
f 1767/1767/1754 1789/1789/1776 1815/1815/1802
f 1741/1741/1728 1822/1822/1809 1770/1770/1757
f 1822/1822/1809 1741/1741/1728 1780/1780/1767
f 1754/1754/1741 1793/1793/1780 1810/1810/1797
f 1764/1764/1751 1818/1818/1805 1801/1801/1788
f 1783/1783/1770 1823/1823/1810 1803/1803/1790
f 1824/1824/1811 1774/1774/1761 1815/1815/1802
f 1817/1817/1804 1806/1806/1793 1758/1758/1745
f 1784/1784/1771 1782/1782/1769 1825/1825/1812
f 1780/1780/1767 1794/1794/1781 1826/1826/1813
f 1781/1781/1768 1814/1814/1801 1819/1819/1806
f 1825/1825/1812 1794/1794/1781 1784/1784/1771
f 1762/1762/1749 1772/1772/1759 1827/1827/1814
f 1765/1765/1752 1828/1828/1815 1797/1797/1784
f 1790/1790/1777 1796/1796/1783 1829/1829/1816
f 1773/1773/1760 1821/1821/1808 1809/1809/1796
f 1787/1787/1774 1828/1828/1815 1765/1765/1752
f 1782/1782/1769 1830/1830/1817 1825/1825/1812
f 1776/1776/1763 1797/1797/1784 1831/1831/1818
f 1790/1790/1777 1829/1829/1816 1789/1789/1776
f 1820/1820/1807 1774/1774/1761 1824/1824/1811
f 1799/1799/1786 1823/1823/1810 1783/1783/1770
f 1798/1798/1785 1832/1832/1819 1802/1802/1789
f 1812/1812/1799 1776/1776/1763 1833/1833/1820
f 1780/1780/1767 1826/1826/1813 1822/1822/1809
f 1816/1816/1803 1762/1762/1749 1827/1827/1814
f 1834/1834/1821 1771/1771/1758 1786/1786/1773
f 1805/1805/1792 1800/1800/1787 1835/1835/1822
f 1771/1771/1758 1834/1834/1821 1836/1836/1823
f 1772/1772/1759 1819/1819/1806 1837/1837/1824
f 1812/1812/1799 1833/1833/1820 1821/1821/1808
f 1787/1787/1774 1838/1838/1825 1828/1828/1815
f 1761/1761/1748 1779/1779/1766 1839/1839/1826
f 1761/1761/1748 1839/1839/1826 1817/1817/1804
f 1838/1838/1825 1787/1787/1774 1801/1801/1788
f 1772/1772/1759 1837/1837/1824 1827/1827/1814
f 1804/1804/1791 1791/1791/1778 1840/1840/1827
f 1841/1841/1828 1807/1807/1794 1804/1804/1791
f 1796/1796/1783 1802/1802/1789 1829/1829/1816
f 1806/1806/1793 1817/1817/1804 1842/1842/1829
f 1775/1775/1762 1820/1820/1807 1843/1843/1830
f 1808/1808/1795 1810/1810/1797 1844/1844/1831
f 1806/1806/1793 1845/1845/1832 1778/1778/1765
f 1792/1792/1779 1778/1778/1765 1845/1845/1832
f 1831/1831/1818 1833/1833/1820 1776/1776/1763
f 1840/1840/1827 1841/1841/1828 1804/1804/1791
f 1786/1786/1773 1770/1770/1757 1846/1846/1833
f 1805/1805/1792 1835/1835/1822 1847/1847/1834
f 1795/1795/1782 1848/1848/1835 1782/1782/1769
f 1849/1849/1836 1819/1819/1806 1814/1814/1801
f 1810/1810/1797 1793/1793/1780 1844/1844/1831
f 1830/1830/1817 1782/1782/1769 1848/1848/1835
f 1839/1839/1826 1779/1779/1766 1809/1809/1796
f 1849/1849/1836 1814/1814/1801 1788/1788/1775
f 1805/1805/1792 1847/1847/1834 1813/1813/1800
f 1824/1824/1811 1815/1815/1802 1850/1850/1837
f 1818/1818/1805 1807/1807/1794 1851/1851/1838
f 1797/1797/1784 1852/1852/1839 1831/1831/1818
f 1786/1786/1773 1846/1846/1833 1834/1834/1821
f 1843/1843/1830 1811/1811/1798 1775/1775/1762
f 1808/1808/1795 1835/1835/1822 1800/1800/1787
f 1806/1806/1793 1842/1842/1829 1845/1845/1832
f 1770/1770/1757 1822/1822/1809 1853/1853/1840
f 1803/1803/1790 1823/1823/1810 1854/1854/1841
f 1797/1797/1784 1828/1828/1815 1852/1852/1839
f 1794/1794/1781 1825/1825/1812 1855/1855/1842
f 1856/1856/1843 1851/1851/1838 1807/1807/1794
f 1815/1815/1802 1789/1789/1776 1850/1850/1837
f 1841/1841/1828 1856/1856/1843 1807/1807/1794
f 1795/1795/1782 1811/1811/1798 1857/1857/1844
f 1824/1824/1811 1858/1858/1845 1820/1820/1807
f 1801/1801/1788 1818/1818/1805 1859/1859/1846
f 1827/1827/1814 1837/1837/1824 1860/1860/1847
f 1789/1789/1776 1829/1829/1816 1861/1861/1848
f 1808/1808/1795 1844/1844/1831 1835/1835/1822
f 1799/1799/1786 1816/1816/1803 1862/1862/1849
f 1793/1793/1780 1792/1792/1779 1863/1863/1850
f 1788/1788/1775 1813/1813/1800 1864/1864/1851
f 1770/1770/1757 1853/1853/1840 1846/1846/1833
f 1852/1852/1839 1828/1828/1815 1838/1838/1825
f 1824/1824/1811 1850/1850/1837 1858/1858/1845
f 1802/1802/1789 1832/1832/1819 1865/1865/1852
f 1862/1862/1849 1823/1823/1810 1799/1799/1786
f 1794/1794/1781 1855/1855/1842 1826/1826/1813
f 1798/1798/1785 1866/1866/1853 1832/1832/1819
f 1798/1798/1785 1803/1803/1790 1854/1854/1841
f 1840/1840/1827 1867/1867/1854 1841/1841/1828
f 1849/1849/1836 1788/1788/1775 1864/1864/1851
f 1802/1802/1789 1865/1865/1852 1829/1829/1816
f 1851/1851/1838 1859/1859/1846 1818/1818/1805
f 1801/1801/1788 1859/1859/1846 1838/1838/1825
f 1868/1868/1855 1833/1833/1820 1831/1831/1818
f 1795/1795/1782 1857/1857/1844 1848/1848/1835
f 1798/1798/1785 1854/1854/1841 1866/1866/1853
f 1827/1827/1814 1860/1860/1847 1816/1816/1803
f 1792/1792/1779 1845/1845/1832 1863/1863/1850
f 1811/1811/1798 1843/1843/1830 1869/1869/1856
f 1839/1839/1826 1809/1809/1796 1870/1870/1857
f 1831/1831/1818 1852/1852/1839 1868/1868/1855
f 1813/1813/1800 1847/1847/1834 1864/1864/1851
f 1848/1848/1835 1871/1871/1858 1830/1830/1817
f 1850/1850/1837 1789/1789/1776 1861/1861/1848
f 1830/1830/1817 1871/1871/1858 1825/1825/1812
f 1811/1811/1798 1869/1869/1856 1857/1857/1844
f 1822/1822/1809 1872/1872/1859 1853/1853/1840
f 1842/1842/1829 1817/1817/1804 1873/1873/1860
f 1841/1841/1828 1867/1867/1854 1856/1856/1843
f 1820/1820/1807 1858/1858/1845 1843/1843/1830
f 1826/1826/1813 1872/1872/1859 1822/1822/1809
f 1817/1817/1804 1839/1839/1826 1873/1873/1860
f 1860/1860/1847 1862/1862/1849 1816/1816/1803
f 1865/1865/1852 1832/1832/1819 1866/1866/1853
f 1855/1855/1842 1872/1872/1859 1826/1826/1813
f 1873/1873/1860 1839/1839/1826 1870/1870/1857
f 1825/1825/1812 1871/1871/1858 1855/1855/1842
f 1874/1874/1861 1847/1847/1834 1835/1835/1822
f 1875/1875/1862 1837/1837/1824 1819/1819/1806
f 1847/1847/1834 1876/1876/1863 1864/1864/1851
f 1844/1844/1831 1793/1793/1780 1877/1877/1864
f 1793/1793/1780 1863/1863/1850 1877/1877/1864
f 1809/1809/1796 1821/1821/1808 1878/1878/1865
f 1879/1879/1866 1819/1819/1806 1849/1849/1836
f 1868/1868/1855 1880/1880/1867 1833/1833/1820
f 1842/1842/1829 1873/1873/1860 1881/1881/1868
f 1858/1858/1845 1850/1850/1837 1882/1882/1869
f 1835/1835/1822 1844/1844/1831 1874/1874/1861
f 1845/1845/1832 1842/1842/1829 1881/1881/1868
f 1823/1823/1810 1883/1883/1870 1854/1854/1841
f 1876/1876/1863 1847/1847/1834 1874/1874/1861
f 1833/1833/1820 1880/1880/1867 1821/1821/1808
f 1852/1852/1839 1884/1884/1871 1868/1868/1855
f 1871/1871/1858 1848/1848/1835 1885/1885/1872
f 1869/1869/1856 1843/1843/1830 1886/1886/1873
f 1886/1886/1873 1843/1843/1830 1858/1858/1845
f 1849/1849/1836 1864/1864/1851 1879/1879/1866
f 1857/1857/1844 1887/1887/1874 1848/1848/1835
f 1855/1855/1842 1871/1871/1858 1872/1872/1859
f 1866/1866/1853 1854/1854/1841 1883/1883/1870
f 1846/1846/1833 1888/1888/1875 1834/1834/1821
f 1878/1878/1865 1870/1870/1857 1809/1809/1796
f 1838/1838/1825 1884/1884/1871 1852/1852/1839
f 1885/1885/1872 1848/1848/1835 1887/1887/1874
f 1846/1846/1833 1853/1853/1840 1888/1888/1875
f 1859/1859/1846 1851/1851/1838 1889/1889/1876
f 1859/1859/1846 1890/1890/1877 1838/1838/1825
f 1861/1861/1848 1882/1882/1869 1850/1850/1837
f 1819/1819/1806 1879/1879/1866 1875/1875/1862
f 1861/1861/1848 1829/1829/1816 1891/1891/1878
f 1875/1875/1862 1860/1860/1847 1837/1837/1824
f 1870/1870/1857 1892/1892/1879 1873/1873/1860
f 1860/1860/1847 1875/1875/1862 1893/1893/1880
f 1880/1880/1867 1878/1878/1865 1821/1821/1808
f 1838/1838/1825 1890/1890/1877 1884/1884/1871
f 1894/1894/1881 1851/1851/1838 1856/1856/1843
f 1872/1872/1859 1871/1871/1858 1895/1895/1882
f 1857/1857/1844 1869/1869/1856 1896/1896/1883
f 1834/1834/1821 1888/1888/1875 1897/1897/1884
f 1829/1829/1816 1865/1865/1852 1891/1891/1878
f 1862/1862/1849 1860/1860/1847 1893/1893/1880
f 1870/1870/1857 1878/1878/1865 1898/1898/1885
f 1894/1894/1881 1856/1856/1843 1899/1899/1886
f 1823/1823/1810 1862/1862/1849 1883/1883/1870
f 1899/1899/1886 1856/1856/1843 1867/1867/1854
f 1889/1889/1876 1890/1890/1877 1859/1859/1846
f 1889/1889/1876 1851/1851/1838 1894/1894/1881
f 1900/1900/1887 1880/1880/1867 1868/1868/1855
f 1869/1869/1856 1901/1901/1888 1896/1896/1883
f 1844/1844/1831 1877/1877/1864 1902/1902/1889
f 1877/1877/1864 1863/1863/1850 1903/1903/1890
f 1857/1857/1844 1896/1896/1883 1887/1887/1874
f 1865/1865/1852 1866/1866/1853 1904/1904/1891
f 1869/1869/1856 1886/1886/1873 1901/1901/1888
f 1905/1905/1892 1871/1871/1858 1885/1885/1872
f 1879/1879/1866 1864/1864/1851 1906/1906/1893
f 1882/1882/1869 1907/1907/1894 1858/1858/1845
f 1885/1885/1872 1887/1887/1874 1905/1905/1892
f 1868/1868/1855 1884/1884/1871 1900/1900/1887
f 1866/1866/1853 1883/1883/1870 1908/1908/1895
f 1909/1909/1896 1845/1845/1832 1881/1881/1868
f 1863/1863/1850 1845/1845/1832 1909/1909/1896
f 1904/1904/1891 1891/1891/1878 1865/1865/1852
f 1871/1871/1858 1910/1910/1897 1895/1895/1882
f 1858/1858/1845 1907/1907/1894 1886/1886/1873
f 1871/1871/1858 1905/1905/1892 1910/1910/1897
f 1872/1872/1859 1895/1895/1882 1853/1853/1840
f 1844/1844/1831 1911/1911/1898 1874/1874/1861
f 1861/1861/1848 1891/1891/1878 1912/1912/1899
f 1894/1894/1881 1899/1899/1886 1913/1913/1900
f 1864/1864/1851 1876/1876/1863 1906/1906/1893
f 1844/1844/1831 1902/1902/1889 1911/1911/1898
f 1866/1866/1853 1908/1908/1895 1904/1904/1891
f 1853/1853/1840 1914/1914/1901 1888/1888/1875
f 1875/1875/1862 1879/1879/1866 1915/1915/1902
f 1879/1879/1866 1906/1906/1893 1915/1915/1902
f 1881/1881/1868 1873/1873/1860 1916/1916/1903
f 1892/1892/1879 1870/1870/1857 1898/1898/1885
f 1878/1878/1865 1880/1880/1867 1898/1898/1885
f 1884/1884/1871 1890/1890/1877 1917/1917/1904
f 1893/1893/1880 1875/1875/1862 1918/1918/1905
f 1903/1903/1890 1863/1863/1850 1919/1919/1906
f 1887/1887/1874 1920/1920/1907 1905/1905/1892
f 1853/1853/1840 1895/1895/1882 1921/1921/1908
f 1861/1861/1848 1922/1922/1909 1882/1882/1869
f 1908/1908/1895 1883/1883/1870 1923/1923/1910
f 1887/1887/1874 1896/1896/1883 1920/1920/1907
f 1913/1913/1900 1899/1899/1886 1924/1924/1911
f 1890/1890/1877 1889/1889/1876 1925/1925/1912
f 1883/1883/1870 1926/1926/1913 1927/1927/1914
f 1883/1883/1870 1862/1862/1849 1926/1926/1913
f 1862/1862/1849 1893/1893/1880 1926/1926/1913
f 1928/1928/1915 1897/1897/1884 1888/1888/1875
f 1922/1922/1909 1861/1861/1848 1912/1912/1899
f 1874/1874/1861 1911/1911/1898 1876/1876/1863
f 1863/1863/1850 1909/1909/1896 1919/1919/1906
f 1925/1925/1912 1929/1929/1916 1890/1890/1877
f 1894/1894/1881 1925/1925/1912 1889/1889/1876
f 1895/1895/1882 1910/1910/1897 1921/1921/1908
f 1886/1886/1873 1907/1907/1894 1930/1930/1917
f 1891/1891/1878 1904/1904/1891 1931/1931/1918
f 1926/1926/1913 1893/1893/1880 1918/1918/1905
f 1912/1912/1899 1891/1891/1878 1931/1931/1918
f 1911/1911/1898 1932/1932/1919 1876/1876/1863
f 1906/1906/1893 1876/1876/1863 1932/1932/1919
f 1890/1890/1877 1929/1929/1916 1917/1917/1904
f 1907/1907/1894 1882/1882/1869 1922/1922/1909
f 1853/1853/1840 1921/1921/1908 1914/1914/1901
f 1925/1925/1912 1894/1894/1881 1933/1933/1920
f 1883/1883/1870 1927/1927/1914 1923/1923/1910
f 1884/1884/1871 1917/1917/1904 1900/1900/1887
f 1924/1924/1911 1934/1934/1921 1913/1913/1900
f 1881/1881/1868 1916/1916/1903 1909/1909/1896
f 1933/1933/1920 1894/1894/1881 1913/1913/1900
f 1906/1906/1893 1932/1932/1919 1915/1915/1902
f 1914/1914/1901 1928/1928/1915 1888/1888/1875
f 1875/1875/1862 1915/1915/1902 1918/1918/1905
f 1935/1935/1922 1898/1898/1885 1880/1880/1867
f 1896/1896/1883 1901/1901/1888 1920/1920/1907
f 1886/1886/1873 1930/1930/1917 1901/1901/1888
f 1936/1936/1923 1877/1877/1864 1903/1903/1890
f 1873/1873/1860 1892/1892/1879 1937/1937/1924
f 1903/1903/1890 1919/1919/1906 1936/1936/1923
f 1911/1911/1898 1902/1902/1889 1938/1938/1925
f 1892/1892/1879 1898/1898/1885 1939/1939/1926
f 1929/1929/1916 1925/1925/1912 1940/1940/1927
f 1880/1880/1867 1900/1900/1887 1941/1941/1928
f 1919/1919/1906 1909/1909/1896 1942/1942/1929
f 1931/1931/1918 1904/1904/1891 1908/1908/1895
f 1933/1933/1920 1940/1940/1927 1925/1925/1912
f 1916/1916/1903 1873/1873/1860 1937/1937/1924
f 1907/1907/1894 1922/1922/1909 1930/1930/1917
f 1918/1918/1905 1915/1915/1902 1943/1943/1930
f 1933/1933/1920 1913/1913/1900 1934/1934/1921
f 1908/1908/1895 1923/1923/1910 1944/1944/1931
f 1902/1902/1889 1877/1877/1864 1938/1938/1925
f 1898/1898/1885 1935/1935/1922 1945/1945/1932
f 1905/1905/1892 1946/1946/1933 1910/1910/1897
f 1941/1941/1928 1935/1935/1922 1880/1880/1867
f 1916/1916/1903 1942/1942/1929 1909/1909/1896
f 1932/1932/1919 1911/1911/1898 1947/1947/1934
f 1892/1892/1879 1939/1939/1926 1937/1937/1924
f 1901/1901/1888 1930/1930/1917 1920/1920/1907
f 1877/1877/1864 1936/1936/1923 1948/1948/1935
f 1944/1944/1931 1923/1923/1910 1927/1927/1914
f 1941/1941/1928 1900/1900/1887 1949/1949/1936
f 1917/1917/1904 1950/1950/1937 1900/1900/1887
f 1912/1912/1899 1951/1951/1938 1922/1922/1909
f 1911/1911/1898 1938/1938/1925 1947/1947/1934
f 1910/1910/1897 1946/1946/1933 1921/1921/1908
f 1916/1916/1903 1937/1937/1924 1942/1942/1929
f 1952/1952/1939 1914/1914/1901 1921/1921/1908
f 1933/1933/1920 1934/1934/1921 1953/1953/1940
f 1946/1946/1933 1905/1905/1892 1920/1920/1907
f 1933/1933/1920 1953/1953/1940 1940/1940/1927
f 1932/1932/1919 1954/1954/1941 1915/1915/1902
f 1929/1929/1916 1940/1940/1927 1955/1955/1942
f 1950/1950/1937 1949/1949/1936 1900/1900/1887
f 1939/1939/1926 1898/1898/1885 1945/1945/1932
f 1936/1936/1923 1919/1919/1906 1942/1942/1929
f 1944/1944/1931 1931/1931/1918 1908/1908/1895
f 1928/1928/1915 1914/1914/1901 1956/1956/1943
f 1951/1951/1938 1912/1912/1899 1931/1931/1918
f 1928/1928/1915 1956/1956/1943 1957/1957/1944
f 1935/1935/1922 1941/1941/1928 1949/1949/1936
f 1953/1953/1940 1955/1955/1942 1940/1940/1927
f 1958/1958/1945 1920/1920/1907 1930/1930/1917
f 1954/1954/1941 1932/1932/1919 1947/1947/1934
f 1959/1959/1946 1926/1926/1913 1918/1918/1905
f 1917/1917/1904 1929/1929/1916 1960/1960/1947
f 1877/1877/1864 1948/1948/1935 1938/1938/1925
f 1918/1918/1905 1943/1943/1930 1959/1959/1946
f 1961/1961/1948 1930/1930/1917 1922/1922/1909
f 1962/1962/1949 1927/1927/1914 1926/1926/1913
f 1931/1931/1918 1944/1944/1931 1951/1951/1938
f 1915/1915/1902 1954/1954/1941 1963/1963/1950
f 1951/1951/1938 1961/1961/1948 1922/1922/1909
f 1947/1947/1934 1938/1938/1925 1964/1964/1951
f 1960/1960/1947 1929/1929/1916 1955/1955/1942
f 1963/1963/1950 1943/1943/1930 1915/1915/1902
f 1965/1965/1952 1958/1958/1945 1930/1930/1917
f 1930/1930/1917 1961/1961/1948 1965/1965/1952
f 1948/1948/1935 1936/1936/1923 1966/1966/1953
f 1955/1955/1942 1953/1953/1940 1967/1967/1954
f 1921/1921/1908 1946/1946/1933 1952/1952/1939
f 1948/1948/1935 1964/1964/1951 1938/1938/1925
f 1960/1960/1947 1950/1950/1937 1917/1917/1904
f 1926/1926/1913 1959/1959/1946 1962/1962/1949
f 1939/1939/1926 1968/1968/1955 1937/1937/1924
f 1947/1947/1934 1969/1969/1956 1954/1954/1941
f 1936/1936/1923 1942/1942/1929 1966/1966/1953
f 1955/1955/1942 1967/1967/1954 1970/1970/1957
f 1952/1952/1939 1946/1946/1933 1971/1971/1958
f 1935/1935/1922 1949/1949/1936 1972/1972/1959
f 1920/1920/1907 1958/1958/1945 1973/1973/1960
f 1935/1935/1922 1972/1972/1959 1945/1945/1932
f 1974/1974/1961 1960/1960/1947 1955/1955/1942
f 1975/1975/1962 1946/1946/1933 1920/1920/1907
f 1974/1974/1961 1955/1955/1942 1970/1970/1957
f 1937/1937/1924 1976/1976/1963 1942/1942/1929
f 1950/1950/1937 1960/1960/1947 1977/1977/1964
f 1944/1944/1931 1927/1927/1914 1978/1978/1965
f 1927/1927/1914 1962/1962/1949 1978/1978/1965
f 1952/1952/1939 1971/1971/1958 1914/1914/1901
f 1979/1979/1966 1957/1957/1944 1956/1956/1943
f 1963/1963/1950 1954/1954/1941 1980/1980/1967
f 1951/1951/1938 1981/1981/1968 1961/1961/1948
f 1975/1975/1962 1971/1971/1958 1946/1946/1933
f 1977/1977/1964 1960/1960/1947 1974/1974/1961
f 1972/1972/1959 1949/1949/1936 1982/1982/1969
f 1973/1973/1960 1975/1975/1962 1920/1920/1907
f 1914/1914/1901 1983/1983/1970 1956/1956/1943
f 1950/1950/1937 1977/1977/1964 1984/1984/1971
f 1947/1947/1934 1964/1964/1951 1969/1969/1956
f 1984/1984/1971 1949/1949/1936 1950/1950/1937
f 1914/1914/1901 1971/1971/1958 1983/1983/1970
f 1956/1956/1943 1983/1983/1970 1979/1979/1966
f 1954/1954/1941 1969/1969/1956 1980/1980/1967
f 1939/1939/1926 1945/1945/1932 1968/1968/1955
f 1974/1974/1961 1970/1970/1957 1985/1985/1972
f 1972/1972/1959 1986/1986/1973 1945/1945/1932
f 1948/1948/1935 1966/1966/1953 1964/1964/1951
f 1937/1937/1924 1968/1968/1955 1976/1976/1963
f 1985/1985/1972 1977/1977/1964 1974/1974/1961
f 1959/1959/1946 1943/1943/1930 1987/1987/1974
f 1988/1988/1975 1951/1951/1938 1944/1944/1931
f 1984/1984/1971 1977/1977/1964 1985/1985/1972
f 1989/1989/1976 1979/1979/1966 1983/1983/1970
f 1943/1943/1930 1963/1963/1950 1990/1990/1977
f 1982/1982/1969 1986/1986/1973 1972/1972/1959
f 1965/1965/1952 1961/1961/1948 1991/1991/1978
f 1958/1958/1945 1965/1965/1952 1992/1992/1979
f 1961/1961/1948 1981/1981/1968 1991/1991/1978
f 1993/1993/1980 1964/1964/1951 1966/1966/1953
f 1990/1990/1977 1963/1963/1950 1980/1980/1967
f 1962/1962/1949 1959/1959/1946 1987/1987/1974
f 1949/1949/1936 1984/1984/1971 1982/1982/1969
f 1992/1992/1979 1965/1965/1952 1991/1991/1978
f 1981/1981/1968 1951/1951/1938 1994/1994/1981
f 1968/1968/1955 1945/1945/1932 1986/1986/1973
f 1958/1958/1945 1992/1992/1979 1973/1973/1960
f 1971/1971/1958 1975/1975/1962 1995/1995/1982
f 1985/1985/1972 1996/1996/1983 1984/1984/1971
f 1997/1997/1984 1971/1971/1958 1995/1995/1982
f 1988/1988/1975 1994/1994/1981 1951/1951/1938
f 1966/1966/1953 1942/1942/1929 1998/1998/1985
f 1983/1983/1970 1971/1971/1958 1997/1997/1984
f 1988/1988/1975 1944/1944/1931 1978/1978/1965
f 1999/1999/1986 1982/1982/1969 1984/1984/1971
f 2000/2000/1987 1996/1996/1983 1985/1985/1972
f 1943/1943/1930 2001/2001/1988 1987/1987/1974
f 1990/1990/1977 2001/2001/1988 1943/1943/1930
f 1942/1942/1929 1976/1976/1963 1998/1998/1985
f 1997/1997/1984 1989/1989/1976 1983/1983/1970
f 2002/2002/1989 1993/1993/1980 1966/1966/1953
f 1996/1996/1983 1999/1999/1986 1984/1984/1971
f 1982/1982/1969 1999/1999/1986 1986/1986/1973
f 1976/1976/1963 1968/1968/1955 2003/2003/1990
f 1999/1999/1986 1996/1996/1983 2004/2004/1991
f 1973/1973/1960 1992/1992/1979 2005/2005/1992
f 1978/1978/1965 1962/1962/1949 2006/2006/1993
f 1991/1991/1978 1981/1981/1968 2007/2007/1994
f 1964/1964/1951 1993/1993/1980 2008/2008/1995
f 1995/1995/1982 1975/1975/1962 1973/1973/1960
f 1994/1994/1981 2007/2007/1994 1981/1981/1968
f 1968/1968/1955 1986/1986/1973 2009/2009/1996
f 1988/1988/1975 1978/1978/1965 2010/2010/1997
f 1980/1980/1967 2011/2011/1998 1990/1990/1977
f 1986/1986/1973 1999/1999/1986 2012/2012/1999
f 1969/1969/1956 1964/1964/1951 2008/2008/1995
f 1992/1992/1979 1991/1991/1978 2007/2007/1994
f 2002/2002/1989 1966/1966/1953 1998/1998/1985
f 1962/1962/1949 1987/1987/1974 2006/2006/1993
f 2004/2004/1991 1996/1996/1983 2000/2000/1987
f 1978/1978/1965 2006/2006/1993 2010/2010/1997
f 2013/2013/2000 1995/1995/1982 1973/1973/1960
f 1997/1997/1984 2014/2014/2001 1989/1989/1976
f 1993/1993/1980 2002/2002/1989 2008/2008/1995
f 2013/2013/2000 2015/2015/2002 1995/1995/1982
f 2000/2000/1987 2016/2016/2003 2004/2004/1991
f 1980/1980/1967 1969/1969/1956 2011/2011/1998
f 2001/2001/1988 1990/1990/1977 2011/2011/1998
f 1999/1999/1986 2004/2004/1991 2017/2017/2004
f 2015/2015/2002 1997/1997/1984 1995/1995/1982
f 1968/1968/1955 2009/2009/1996 2003/2003/1990
f 2015/2015/2002 2014/2014/2001 1997/1997/1984
f 1976/1976/1963 2003/2003/1990 1998/1998/1985
f 1999/1999/1986 2017/2017/2004 2012/2012/1999
f 2006/2006/1993 1987/1987/1974 2018/2018/2005
f 2009/2009/1996 1986/1986/1973 2012/2012/1999
f 1973/1973/1960 2005/2005/1992 2013/2013/2000
f 2011/2011/1998 1969/1969/1956 2019/2019/2006
f 1988/1988/1975 2010/2010/1997 2020/2020/2007
f 1969/1969/1956 2008/2008/1995 2019/2019/2006
f 2018/2018/2005 1987/1987/1974 2001/2001/1988
f 2016/2016/2003 2021/2021/2008 2004/2004/1991
f 1994/1994/1981 1988/1988/1975 2020/2020/2007
f 2001/2001/1988 2011/2011/1998 2022/2022/2009
f 2013/2013/2000 2005/2005/1992 2023/2023/2010
f 2002/2002/1989 2024/2024/2011 2008/2008/1995
f 2012/2012/1999 2017/2017/2004 2009/2009/1996
f 1992/1992/1979 2007/2007/1994 2005/2005/1992
f 2001/2001/1988 2022/2022/2009 2018/2018/2005
f 1998/1998/1985 2025/2025/2012 2002/2002/1989
f 1998/1998/1985 2003/2003/1990 2025/2025/2012
f 2003/2003/1990 2009/2009/1996 2026/2026/2013
f 2015/2015/2002 2013/2013/2000 2023/2023/2010
f 2027/2027/2014 2017/2017/2004 2004/2004/1991
f 2027/2027/2014 2004/2004/1991 2021/2021/2008
f 2025/2025/2012 2003/2003/1990 2026/2026/2013
f 1994/1994/1981 2020/2020/2007 2028/2028/2015
f 1994/1994/1981 2028/2028/2015 2007/2007/1994
f 2027/2027/2014 2009/2009/1996 2017/2017/2004
f 2005/2005/1992 2007/2007/1994 2029/2029/2016
f 2015/2015/2002 2023/2023/2010 2030/2030/2017
f 2022/2022/2009 2011/2011/1998 2019/2019/2006
f 2005/2005/1992 2029/2029/2016 2023/2023/2010
f 2014/2014/2001 2015/2015/2002 2031/2031/2018
f 2030/2030/2017 2031/2031/2018 2015/2015/2002
f 2023/2023/2010 2029/2029/2016 2030/2030/2017
f 2027/2027/2014 2032/2032/2019 2009/2009/1996
f 2006/2006/1993 2018/2018/2005 2033/2033/2020
f 2002/2002/1989 2025/2025/2012 2034/2034/2021
f 2008/2008/1995 2024/2024/2011 2019/2019/2006
f 2035/2035/2022 2010/2010/1997 2006/2006/1993
f 2002/2002/1989 2034/2034/2021 2024/2024/2011
f 2032/2032/2019 2036/2036/2023 2009/2009/1996
f 2020/2020/2007 2010/2010/1997 2037/2037/2024
f 2006/2006/1993 2033/2033/2020 2035/2035/2022
f 2026/2026/2013 2009/2009/1996 2036/2036/2023
f 2038/2038/2025 2031/2031/2018 2030/2030/2017
f 2010/2010/1997 2035/2035/2022 2037/2037/2024
f 2007/2007/1994 2039/2039/2026 2029/2029/2016
f 2022/2022/2009 2019/2019/2006 2040/2040/2027
f 2020/2020/2007 2041/2041/2028 2028/2028/2015
f 2038/2038/2025 2030/2030/2017 2029/2029/2016
f 2007/2007/1994 2028/2028/2015 2039/2039/2026
f 2019/2019/2006 2024/2024/2011 2042/2042/2029
f 2043/2043/2030 2018/2018/2005 2022/2022/2009
f 2036/2036/2023 2032/2032/2019 2044/2044/2031
f 2029/2029/2016 2039/2039/2026 2045/2045/2032
f 2028/2028/2015 2041/2041/2028 2039/2039/2026
f 2041/2041/2028 2020/2020/2007 2046/2046/2033
f 2019/2019/2006 2042/2042/2029 2040/2040/2027
f 2026/2026/2013 2036/2036/2023 2047/2047/2034
f 2045/2045/2032 2038/2038/2025 2029/2029/2016
f 2020/2020/2007 2037/2037/2024 2046/2046/2033
f 2018/2018/2005 2043/2043/2030 2033/2033/2020
f 2048/2048/2035 2039/2039/2026 2041/2041/2028
f 2042/2042/2029 2024/2024/2011 2049/2049/2036
f 2043/2043/2030 2022/2022/2009 2040/2040/2027
f 2049/2049/2036 2024/2024/2011 2034/2034/2021
f 2048/2048/2035 2045/2045/2032 2039/2039/2026
f 2025/2025/2012 2026/2026/2013 2047/2047/2034
f 2042/2042/2029 2050/2050/2037 2040/2040/2027
f 2044/2044/2031 2051/2051/2038 2036/2036/2023
f 2038/2038/2025 2045/2045/2032 2052/2052/2039
f 2035/2035/2022 2033/2033/2020 2053/2053/2040
f 2041/2041/2028 2046/2046/2033 2054/2054/2041
f 2043/2043/2030 2040/2040/2027 2055/2055/2042
f 2037/2037/2024 2035/2035/2022 2056/2056/2043
f 2025/2025/2012 2047/2047/2034 2057/2057/2044
f 2041/2041/2028 2054/2054/2041 2048/2048/2035
f 2034/2034/2021 2025/2025/2012 2057/2057/2044
f 2058/2058/2045 2053/2053/2040 2033/2033/2020
f 2057/2057/2044 2047/2047/2034 2059/2059/2046
f 2033/2033/2020 2043/2043/2030 2058/2058/2045
f 2055/2055/2042 2040/2040/2027 2050/2050/2037
f 2052/2052/2039 2045/2045/2032 2048/2048/2035
f 2046/2046/2033 2037/2037/2024 2056/2056/2043
f 2035/2035/2022 2053/2053/2040 2056/2056/2043
f 2042/2042/2029 2049/2049/2036 2060/2060/2047
f 2061/2061/2048 2049/2049/2036 2034/2034/2021
f 2054/2054/2041 2062/2062/2049 2048/2048/2035
f 2034/2034/2021 2057/2057/2044 2061/2061/2048
f 2046/2046/2033 2056/2056/2043 2063/2063/2050
f 2060/2060/2047 2050/2050/2037 2042/2042/2029
f 2052/2052/2039 2048/2048/2035 2064/2064/2051
f 2050/2050/2037 2065/2065/2052 2055/2055/2042
f 2046/2046/2033 2066/2066/2053 2054/2054/2041
f 2060/2060/2047 2049/2049/2036 2061/2061/2048
f 2058/2058/2045 2043/2043/2030 2067/2067/2054
f 2050/2050/2037 2060/2060/2047 2065/2065/2052
f 2057/2057/2044 2059/2059/2046 2068/2068/2055
f 2068/2068/2055 2061/2061/2048 2057/2057/2044
f 2048/2048/2035 2062/2062/2049 2064/2064/2051
f 2055/2055/2042 2065/2065/2052 2069/2069/2056
f 2054/2054/2041 2066/2066/2053 2062/2062/2049
f 2043/2043/2030 2055/2055/2042 2067/2067/2054
f 2070/2070/2057 2046/2046/2033 2063/2063/2050
f 2069/2069/2056 2067/2067/2054 2055/2055/2042
f 2046/2046/2033 2070/2070/2057 2066/2066/2053
f 2063/2063/2050 2056/2056/2043 2053/2053/2040
f 2065/2065/2052 2060/2060/2047 2071/2071/2058
f 2061/2061/2048 2068/2068/2055 2072/2072/2059
f 2053/2053/2040 2058/2058/2045 2073/2073/2060
f 2053/2053/2040 2073/2073/2060 2063/2063/2050
f 2066/2066/2053 2074/2074/2061 2062/2062/2049
f 2060/2060/2047 2061/2061/2048 2071/2071/2058
f 2075/2075/2062 2058/2058/2045 2067/2067/2054
f 2058/2058/2045 2075/2075/2062 2073/2073/2060
f 2069/2069/2056 2065/2065/2052 2076/2076/2063
f 2071/2071/2058 2061/2061/2048 2072/2072/2059
f 2066/2066/2053 2070/2070/2057 2074/2074/2061
f 2063/2063/2050 2073/2073/2060 2070/2070/2057
f 2069/2069/2056 2077/2077/2064 2067/2067/2054
f 2078/2078/2065 2070/2070/2057 2073/2073/2060
f 2076/2076/2063 2065/2065/2052 2071/2071/2058
f 2079/2079/2066 2067/2067/2054 2077/2077/2064
f 2077/2077/2064 2069/2069/2056 2076/2076/2063
f 2074/2074/2061 2070/2070/2057 2078/2078/2065
f 2079/2079/2066 2075/2075/2062 2067/2067/2054
f 1339/1339/1326 1319/1319/1306 1295/1295/1282
f 1625/1625/1612 1577/1577/1564 1583/1583/1570
f 2080/2080/478 2081/2081/2067 2082/2082/2068
f 2081/2081/2067 2083/2083/2069 2082/2082/2068
f 2084/2084/2070 2080/2080/478 2082/2082/2068
f 2082/2082/2068 2085/2085/453 2084/2084/2070
f 2080/2080/478 2086/2086/2071 2081/2081/2067
f 2080/2080/478 2084/2084/2070 2087/2087/479
f 2088/2088/2072 2089/2089/2073 2081/2081/2067
f 2088/2088/2072 2081/2081/2067 2086/2086/2071
f 2088/2088/2072 2086/2086/2071 2090/2090/2074
f 2089/2089/2073 2088/2088/2072 2091/2091/2075
f 2091/2091/2075 2088/2088/2072 2092/2092/2076
f 2088/2088/2072 2090/2090/2074 2092/2092/2076
f 2090/2090/2074 2093/2093/2077 2092/2092/2076
f 2092/2092/2076 2094/2094/535 2091/2091/2075
f 2094/2094/535 2092/2092/2076 2095/2095/2078
f 2095/2095/2078 2092/2092/2076 2093/2093/2077
f 2096/2096/2079 2094/2094/535 2095/2095/2078
f 2093/2093/2077 2097/2097/2080 2095/2095/2078
f 2096/2096/2079 2097/2097/2080 2098/2098/618
f 2096/2096/2079 2095/2095/2078 2097/2097/2080
f 2099/2099/2081 2100/2100/2082 2101/2101/460
f 2102/2102/2083 2103/2103/2084 2104/2104/1515
f 2105/2105/463 2106/2106/2085 2107/2107/2086
f 2108/2108/459 2109/2109/2087 2099/2099/2081
f 2099/2099/2081 2109/2109/2087 2100/2100/2082
f 2110/2110/2088 2111/2111/2089 2108/2108/459
f 2105/2105/463 2101/2101/460 2112/2112/2090
f 2100/2100/2082 2112/2112/2090 2101/2101/460
f 2113/2113/2091 2114/2114/2092 2115/2115/2093
f 2109/2109/2087 2108/2108/459 2111/2111/2089
f 2100/2100/2082 2116/2116/2094 2112/2112/2090
f 2100/2100/2082 2109/2109/2087 2116/2116/2094
f 2105/2105/463 2117/2117/2095 2106/2106/2085
f 2118/2118/2096 2116/2116/2094 2109/2109/2087
f 2119/2119/2097 2120/2120/2098 2121/2121/2099
f 2120/2120/2098 2122/2122/2100 2123/2123/2101
f 2103/2103/2084 2102/2102/2083 2124/2124/2102
f 2102/2102/2083 2125/2125/2103 2124/2124/2102
f 2104/2104/1515 2103/2103/2084 2126/2126/2104
f 2127/2127/2105 2128/2128/1523 2129/2129/2106
f 2111/2111/2089 2130/2130/2107 2109/2109/2087
f 2131/2131/486 2119/2119/2097 2121/2121/2099
f 2132/2132/2108 2103/2103/2084 2124/2124/2102
f 2133/2133/2109 2104/2104/1515 2126/2126/2104
f 2134/2134/2110 2133/2133/2109 2135/2135/2111
f 2135/2135/2111 2136/2136/2112 2134/2134/2110
f 2137/2137/2113 2138/2138/2114 2131/2131/486
f 2111/2111/2089 2139/2139/485 2140/2140/2115
f 2139/2139/485 2111/2111/2089 2110/2110/2088
f 2109/2109/2087 2130/2130/2107 2118/2118/2096
f 2116/2116/2094 2141/2141/2116 2112/2112/2090
f 2126/2126/2104 2103/2103/2084 2142/2142/2117
f 2115/2115/2093 2143/2143/2118 2113/2113/2091
f 2131/2131/486 2121/2121/2099 2137/2137/2113
f 2118/2118/2096 2144/2144/2119 2116/2116/2094
f 2145/2145/2120 2144/2144/2119 2118/2118/2096
f 2132/2132/2108 2142/2142/2117 2103/2103/2084
f 2125/2125/2103 2113/2113/2091 2143/2143/2118
f 2135/2135/2111 2133/2133/2109 2146/2146/2121
f 2138/2138/2114 2137/2137/2113 2139/2139/485
f 2140/2140/2115 2130/2130/2107 2111/2111/2089
f 2105/2105/463 2147/2147/2122 2117/2117/2095
f 2105/2105/463 2112/2112/2090 2147/2147/2122
f 2130/2130/2107 2140/2140/2115 2148/2148/2123
f 2130/2130/2107 2145/2145/2120 2118/2118/2096
f 2148/2148/2123 2145/2145/2120 2130/2130/2107
f 2144/2144/2119 2141/2141/2116 2116/2116/2094
f 2145/2145/2120 2132/2132/2108 2144/2144/2119
f 2149/2149/2124 2126/2126/2104 2142/2142/2117
f 2146/2146/2121 2126/2126/2104 2149/2149/2124
f 2146/2146/2121 2133/2133/2109 2126/2126/2104
f 2144/2144/2119 2150/2150/2125 2141/2141/2116
f 2132/2132/2108 2150/2150/2125 2144/2144/2119
f 2121/2121/2099 2120/2120/2098 2123/2123/2101
f 2148/2148/2123 2142/2142/2117 2145/2145/2120
f 2148/2148/2123 2149/2149/2124 2142/2142/2117
f 2145/2145/2120 2142/2142/2117 2132/2132/2108
f 2150/2150/2125 2132/2132/2108 2124/2124/2102
f 2124/2124/2102 2125/2125/2103 2151/2151/2126
f 2125/2125/2103 2143/2143/2118 2151/2151/2126
f 2123/2123/2101 2127/2127/2105 2152/2152/2127
f 2129/2129/2106 2152/2152/2127 2127/2127/2105
f 2153/2153/2128 2140/2140/2115 2139/2139/485
f 2141/2141/2116 2147/2147/2122 2112/2112/2090
f 2121/2121/2099 2123/2123/2101 2154/2154/2129
f 2150/2150/2125 2124/2124/2102 2151/2151/2126
f 2135/2135/2111 2146/2146/2121 2155/2155/2130
f 2115/2115/2093 2114/2114/2092 2156/2156/1544
f 2129/2129/2106 2136/2136/2112 2135/2135/2111
f 2137/2137/2113 2157/2157/2131 2139/2139/485
f 2157/2157/2131 2153/2153/2128 2139/2139/485
f 2137/2137/2113 2121/2121/2099 2154/2154/2129
f 2153/2153/2128 2148/2148/2123 2140/2140/2115
f 2149/2149/2124 2148/2148/2123 2153/2153/2128
f 2149/2149/2124 2153/2153/2128 2155/2155/2130
f 2155/2155/2130 2146/2146/2121 2149/2149/2124
f 2158/2158/2132 2159/2159/2133 2160/2160/2134
f 2161/2161/2135 2106/2106/2085 2117/2117/2095
f 2137/2137/2113 2154/2154/2129 2157/2157/2131
f 2153/2153/2128 2157/2157/2131 2154/2154/2129
f 2162/2162/2136 2155/2155/2130 2153/2153/2128
f 2123/2123/2101 2162/2162/2136 2154/2154/2129
f 2162/2162/2136 2123/2123/2101 2152/2152/2127
f 2162/2162/2136 2135/2135/2111 2155/2155/2130
f 2152/2152/2127 2135/2135/2111 2162/2162/2136
f 2129/2129/2106 2135/2135/2111 2152/2152/2127
f 2154/2154/2129 2162/2162/2136 2153/2153/2128
f 2150/2150/2125 2151/2151/2126 2141/2141/2116
f 2151/2151/2126 2143/2143/2118 2163/2163/2137
f 2163/2163/2137 2143/2143/2118 2115/2115/2093
f 2164/2164/2138 2147/2147/2122 2141/2141/2116
f 2141/2141/2116 2151/2151/2126 2164/2164/2138
f 2165/2165/2139 2160/2160/2134 2159/2159/2133
f 2106/2106/2085 2161/2161/2135 2159/2159/2133
f 2151/2151/2126 2163/2163/2137 2164/2164/2138
f 2158/2158/2132 2166/2166/2140 2167/2167/509
f 2168/2168/2141 2115/2115/2093 2156/2156/1544
f 2169/2169/2142 2156/2156/1544 2170/2170/2143
f 2117/2117/2095 2147/2147/2122 2171/2171/2144
f 2147/2147/2122 2164/2164/2138 2171/2171/2144
f 2163/2163/2137 2115/2115/2093 2168/2168/2141
f 2172/2172/1546 2173/2173/2145 2170/2170/2143
f 2161/2161/2135 2117/2117/2095 2171/2171/2144
f 2165/2165/2139 2159/2159/2133 2161/2161/2135
f 2169/2169/2142 2170/2170/2143 2173/2173/2145
f 2163/2163/2137 2174/2174/2146 2164/2164/2138
f 2172/2172/1546 2175/2175/2147 2173/2173/2145
f 2158/2158/2132 2160/2160/2134 2166/2166/2140
f 2164/2164/2138 2174/2174/2146 2171/2171/2144
f 2169/2169/2142 2168/2168/2141 2156/2156/1544
f 2165/2165/2139 2161/2161/2135 2176/2176/2148
f 2174/2174/2146 2163/2163/2137 2168/2168/2141
f 2167/2167/509 2166/2166/2140 2177/2177/2149
f 2171/2171/2144 2178/2178/2150 2161/2161/2135
f 2171/2171/2144 2174/2174/2146 2178/2178/2150
f 2172/2172/1546 2179/2179/1554 2175/2175/2147
f 2166/2166/2140 2180/2180/2151 2177/2177/2149
f 2161/2161/2135 2178/2178/2150 2176/2176/2148
f 2177/2177/2149 2180/2180/2151 2181/2181/523
f 2174/2174/2146 2182/2182/2152 2178/2178/2150
f 2174/2174/2146 2168/2168/2141 2182/2182/2152
f 2168/2168/2141 2169/2169/2142 2182/2182/2152
f 2165/2165/2139 2183/2183/545 2160/2160/2134
f 2184/2184/2153 2175/2175/2147 2179/2179/1554
f 2173/2173/2145 2185/2185/2154 2169/2169/2142
f 2173/2173/2145 2175/2175/2147 2186/2186/1573
f 2176/2176/2148 2178/2178/2150 2187/2187/2155
f 2182/2182/2152 2169/2169/2142 2185/2185/2154
f 2182/2182/2152 2187/2187/2155 2178/2178/2150
f 2182/2182/2152 2185/2185/2154 2187/2187/2155
f 2175/2175/2147 2184/2184/2153 2186/2186/1573
f 2179/2179/1554 2188/2188/2156 2184/2184/2153
f 2160/2160/2134 2189/2189/2157 2166/2166/2140
f 2176/2176/2148 2183/2183/545 2165/2165/2139
f 2173/2173/2145 2186/2186/1573 2185/2185/2154
f 2190/2190/2158 2184/2184/2153 2188/2188/2156
f 2183/2183/545 2189/2189/2157 2160/2160/2134
f 2176/2176/2148 2191/2191/2159 2183/2183/545
f 2181/2181/523 2192/2192/2160 2193/2193/2161
f 2181/2181/523 2180/2180/2151 2192/2192/2160
f 2180/2180/2151 2166/2166/2140 2194/2194/2162
f 2194/2194/2162 2166/2166/2140 2189/2189/2157
f 2188/2188/2156 2195/2195/2163 2196/2196/2164
f 2187/2187/2155 2197/2197/2165 2176/2176/2148
f 2187/2187/2155 2185/2185/2154 2197/2197/2165
f 2197/2197/2165 2185/2185/2154 2186/2186/1573
f 2191/2191/2159 2198/2198/546 2183/2183/545
f 2197/2197/2165 2191/2191/2159 2176/2176/2148
f 2186/2186/1573 2199/2199/2166 2197/2197/2165
f 2196/2196/2164 2190/2190/2158 2188/2188/2156
f 2200/2200/554 2192/2192/2160 2180/2180/2151
f 2186/2186/1573 2201/2201/2167 2199/2199/2166
f 2197/2197/2165 2199/2199/2166 2191/2191/2159
f 2200/2200/554 2180/2180/2151 2194/2194/2162
f 2191/2191/2159 2199/2199/2166 2202/2202/1595
f 2191/2191/2159 2202/2202/1595 2203/2203/2168
f 2204/2204/2169 2205/2205/562 2206/2206/1595
f 2207/2207/2170 2208/2208/2171 2209/2209/1610
f 2210/2210/2172 2205/2205/562 2204/2204/2169
f 2211/2211/2173 2210/2210/2172 2212/2212/2174
f 2213/2213/2175 2214/2214/2176 2215/2215/2177
f 2214/2214/2176 2207/2207/2170 2209/2209/1610
f 2213/2213/2175 2215/2215/2177 2216/2216/2178
f 2215/2215/2177 2214/2214/2176 2209/2209/1610
f 2210/2210/2172 2204/2204/2169 2217/2217/2179
f 2217/2217/2179 2218/2218/2180 2210/2210/2172
f 2204/2204/2169 2219/2219/2181 2220/2220/2182
f 2219/2219/2181 2216/2216/2178 2221/2221/2183
f 2218/2218/2180 2212/2212/2174 2210/2210/2172
f 2220/2220/2182 2217/2217/2179 2204/2204/2169
f 2212/2212/2174 2222/2222/2184 2223/2223/584
f 2224/2224/2185 2212/2212/2174 2218/2218/2180
f 2220/2220/2182 2219/2219/2181 2221/2221/2183
f 2225/2225/2186 2218/2218/2180 2217/2217/2179
f 2226/2226/2187 2217/2217/2179 2220/2220/2182
f 2216/2216/2178 2215/2215/2177 2221/2221/2183
f 2220/2220/2182 2221/2221/2183 2226/2226/2187
f 2227/2227/2188 2225/2225/2186 2217/2217/2179
f 2226/2226/2187 2221/2221/2183 2228/2228/2189
f 2224/2224/2185 2218/2218/2180 2225/2225/2186
f 2209/2209/1610 2229/2229/1629 2215/2215/2177
f 2230/2230/2190 2227/2227/2188 2217/2217/2179
f 2230/2230/2190 2217/2217/2179 2226/2226/2187
f 2224/2224/2185 2222/2222/2184 2212/2212/2174
f 2215/2215/2177 2229/2229/1629 2231/2231/2191
f 2221/2221/2183 2215/2215/2177 2232/2232/2192
f 2224/2224/2185 2225/2225/2186 2233/2233/2193
f 2234/2234/2194 2225/2225/2186 2227/2227/2188
f 2215/2215/2177 2231/2231/2191 2235/2235/2195
f 2234/2234/2194 2233/2233/2193 2225/2225/2186
f 2236/2236/677 2222/2222/2184 2224/2224/2185
f 2227/2227/2188 2230/2230/2190 2237/2237/2196
f 2215/2215/2177 2235/2235/2195 2232/2232/2192
f 2234/2234/2194 2227/2227/2188 2237/2237/2196
f 2238/2238/2197 2237/2237/2196 2230/2230/2190
f 2226/2226/2187 2228/2228/2189 2239/2239/2198
f 2240/2240/2199 2233/2233/2193 2234/2234/2194
f 2241/2241/2200 2234/2234/2194 2237/2237/2196
f 2221/2221/2183 2242/2242/2201 2228/2228/2189
f 2243/2243/2202 2240/2240/2199 2234/2234/2194
f 2239/2239/2198 2228/2228/2189 2242/2242/2201
f 2232/2232/2192 2242/2242/2201 2221/2221/2183
f 2243/2243/2202 2234/2234/2194 2241/2241/2200
f 2230/2230/2190 2226/2226/2187 2239/2239/2198
f 2244/2244/2203 2241/2241/2200 2237/2237/2196
f 2230/2230/2190 2245/2245/2204 2238/2238/2197
f 2246/2246/706 2224/2224/2185 2233/2233/2193
f 2246/2246/706 2233/2233/2193 2240/2240/2199
f 2245/2245/2204 2230/2230/2190 2239/2239/2198
f 2244/2244/2203 2247/2247/2205 2241/2241/2200
f 2248/2248/2206 2244/2244/2203 2237/2237/2196
f 2248/2248/2206 2237/2237/2196 2238/2238/2197
f 2246/2246/706 2236/2236/677 2224/2224/2185
f 2249/2249/2207 2250/2250/2208 2251/2251/2209
f 2240/2240/2199 2243/2243/2202 2252/2252/2210
f 2251/2251/2209 2250/2250/2208 2253/2253/2211
f 2253/2253/2211 2254/2254/2212 2251/2251/2209
f 2253/2253/2211 2250/2250/2208 2255/2255/2213
f 2254/2254/2212 2253/2253/2211 2255/2255/2213
f 2247/2247/2205 2244/2244/2203 2256/2256/2214
f 2249/2249/2207 2257/2257/2215 2250/2250/2208
f 2251/2251/2209 2258/2258/2216 2249/2249/2207
f 2250/2250/2208 2259/2259/2217 2260/2260/2218
f 2258/2258/2216 2251/2251/2209 2254/2254/2212
f 2261/2261/2219 2243/2243/2202 2241/2241/2200
f 2250/2250/2208 2260/2260/2218 2255/2255/2213
f 2261/2261/2219 2241/2241/2200 2247/2247/2205
f 2254/2254/2212 2255/2255/2213 2262/2262/2220
f 2249/2249/2207 2263/2263/2221 2257/2257/2215
f 2259/2259/2217 2250/2250/2208 2257/2257/2215
f 2252/2252/2210 2243/2243/2202 2261/2261/2219
f 2259/2259/2217 2264/2264/2222 2260/2260/2218
f 2265/2265/2223 2255/2255/2213 2260/2260/2218
f 2260/2260/2218 2264/2264/2222 2265/2265/2223
f 2255/2255/2213 2265/2265/2223 2266/2266/2224
f 2262/2262/2220 2255/2255/2213 2266/2266/2224
f 2267/2267/2225 2254/2254/2212 2262/2262/2220
f 2257/2257/2215 2268/2268/689 2259/2259/2217
f 2269/2269/2226 2240/2240/2199 2252/2252/2210
f 2252/2252/2210 2261/2261/2219 2270/2270/2227
f 2256/2256/2214 2244/2244/2203 2248/2248/2206
f 2238/2238/2197 2245/2245/2204 2271/2271/2228
f 2259/2259/2217 2268/2268/689 2264/2264/2222
f 2272/2272/2229 2270/2270/2227 2261/2261/2219
f 2272/2272/2229 2273/2273/2230 2264/2264/2222
f 2272/2272/2229 2261/2261/2219 2273/2273/2230
f 2265/2265/2223 2264/2264/2222 2273/2273/2230
f 2265/2265/2223 2273/2273/2230 2274/2274/2231
f 2275/2275/2232 2254/2254/2212 2267/2267/2225
f 2262/2262/2220 2276/2276/1684 2267/2267/2225
f 2277/2277/710 2246/2246/706 2240/2240/2199
f 2268/2268/689 2278/2278/2233 2264/2264/2222
f 2264/2264/2222 2278/2278/2233 2272/2272/2229
f 2272/2272/2229 2279/2279/2234 2270/2270/2227
f 2266/2266/2224 2265/2265/2223 2274/2274/2231
f 2266/2266/2224 2280/2280/2235 2262/2262/2220
f 2281/2281/2236 2252/2252/2210 2270/2270/2227
f 2282/2282/2237 2249/2249/2207 2258/2258/2216
f 2273/2273/2230 2261/2261/2219 2283/2283/2238
f 2273/2273/2230 2283/2283/2238 2274/2274/2231
f 2266/2266/2224 2274/2274/2231 2284/2284/2239
f 2271/2271/2228 2248/2248/2206 2238/2238/2197
f 2268/2268/689 2285/2285/2240 2278/2278/2233
f 2269/2269/2226 2277/2277/710 2240/2240/2199
f 2252/2252/2210 2281/2281/2236 2269/2269/2226
f 2283/2283/2238 2261/2261/2219 2247/2247/2205
f 2249/2249/2207 2286/2286/2241 2263/2263/2221
f 2246/2246/706 2287/2287/2242 2236/2236/677
f 2272/2272/2229 2278/2278/2233 2279/2279/2234
f 2282/2282/2237 2286/2286/2241 2249/2249/2207
f 2254/2254/2212 2275/2275/2232 2258/2258/2216
f 2275/2275/2232 2267/2267/2225 2276/2276/1684
f 2262/2262/2220 2280/2280/2235 2276/2276/1684
f 2279/2279/2234 2281/2281/2236 2270/2270/2227
f 2285/2285/2240 2279/2279/2234 2278/2278/2233
f 2285/2285/2240 2288/2288/729 2279/2279/2234
f 2247/2247/2205 2289/2289/2243 2283/2283/2238
f 2283/2283/2238 2289/2289/2243 2290/2290/2244
f 2247/2247/2205 2256/2256/2214 2289/2289/2243
f 2274/2274/2231 2283/2283/2238 2291/2291/2245
f 2289/2289/2243 2256/2256/2214 2292/2292/2246
f 2293/2293/1705 2256/2256/2214 2248/2248/2206
f 2266/2266/2224 2284/2284/2239 2294/2294/2247
f 2295/2295/2248 2281/2281/2236 2279/2279/2234
f 2291/2291/2245 2283/2283/2238 2290/2290/2244
f 2293/2293/1705 2248/2248/2206 2271/2271/2228
f 2294/2294/2247 2280/2280/2235 2266/2266/2224
f 2288/2288/729 2295/2295/2248 2279/2279/2234
f 2284/2284/2239 2274/2274/2231 2291/2291/2245
f 2292/2292/2246 2256/2256/2214 2293/2293/1705
f 2269/2269/2226 2281/2281/2236 2295/2295/2248
f 2296/2296/2249 2297/2297/2250 2298/2298/615
f 2299/2299/2251 2297/2297/2250 2296/2296/2249
f 2300/2300/2252 2297/2297/2250 2299/2299/2251
f 2301/2301/628 2302/2302/2253 2303/2303/2080
f 2304/2304/2254 2303/2303/2080 2302/2302/2253
f 2305/2305/2255 2300/2300/2252 2299/2299/2251
f 2306/2306/671 2299/2299/2251 2296/2296/2249
f 2302/2302/2253 2301/2301/628 2307/2307/2256
f 2305/2305/2255 2299/2299/2251 2306/2306/671
f 2301/2301/628 2308/2308/2257 2307/2307/2256
f 2306/2306/671 2309/2309/2258 2305/2305/2255
f 2306/2306/671 2310/2310/2259 2309/2309/2258
f 2306/2306/671 2311/2311/665 2310/2310/2259
f 2307/2307/2256 2312/2312/2260 2302/2302/2253
f 2308/2308/2257 2313/2313/2261 2307/2307/2256
f 2309/2309/2258 2314/2314/2262 2305/2305/2255
f 2313/2313/2261 2312/2312/2260 2307/2307/2256
f 2315/2315/2263 2313/2313/2261 2308/2308/2257
f 2316/2316/2264 2314/2314/2262 2309/2309/2258
f 2316/2316/2264 2309/2309/2258 2310/2310/2259
f 2314/2314/2262 2317/2317/2265 2315/2315/2263
f 2314/2314/2262 2316/2316/2264 2317/2317/2265
f 2315/2315/2263 2318/2318/2266 2313/2313/2261
f 2318/2318/2266 2312/2312/2260 2313/2313/2261
f 2317/2317/2265 2319/2319/2267 2315/2315/2263
f 2316/2316/2264 2319/2319/2267 2317/2317/2265
f 2319/2319/2267 2316/2316/2264 2320/2320/2268
f 2319/2319/2267 2318/2318/2266 2315/2315/2263
f 2318/2318/2266 2319/2319/2267 2321/2321/2269
f 2318/2318/2266 2321/2321/2269 2322/2322/2270
f 2323/2323/2271 2324/2324/2272 2325/2325/2273
f 2326/2326/2274 2325/2325/2273 2324/2324/2272
f 2327/2327/2275 2326/2326/2274 2324/2324/2272
f 2328/2328/2276 2327/2327/2275 2324/2324/2272
f 2323/2323/2271 2325/2325/2273 2329/2329/2277
f 2325/2325/2273 2330/2330/2278 2329/2329/2277
f 2324/2324/2272 2331/2331/2279 2328/2328/2276
f 2331/2331/2279 2324/2324/2272 2323/2323/2271
f 2326/2326/2274 2332/2332/2280 2325/2325/2273
f 2330/2330/2278 2333/2333/2281 2329/2329/2277
f 2332/2332/2280 2330/2330/2278 2325/2325/2273
f 2334/2334/2282 2326/2326/2274 2327/2327/2275
f 2333/2333/2281 2335/2335/2283 2329/2329/2277
f 2323/2323/2271 2329/2329/2277 2336/2336/2284
f 2337/2337/2285 2331/2331/2279 2323/2323/2271
f 2338/2338/2286 2328/2328/2276 2331/2331/2279
f 2323/2323/2271 2336/2336/2284 2337/2337/2285
f 2339/2339/2287 2334/2334/2282 2327/2327/2275
f 2333/2333/2281 2340/2340/2288 2341/2341/2289
f 2333/2333/2281 2341/2341/2289 2335/2335/2283
f 2329/2329/2277 2335/2335/2283 2336/2336/2284
f 2331/2331/2279 2337/2337/2285 2338/2338/2286
f 2330/2330/2278 2340/2340/2288 2333/2333/2281
f 2327/2327/2275 2342/2342/2290 2339/2339/2287
f 2342/2342/2290 2327/2327/2275 2343/2343/2291
f 2327/2327/2275 2328/2328/2276 2343/2343/2291
f 2332/2332/2280 2326/2326/2274 2334/2334/2282
f 2330/2330/2278 2344/2344/2292 2340/2340/2288
f 2335/2335/2283 2341/2341/2289 2345/2345/2293
f 2346/2346/2294 2332/2332/2280 2347/2347/2295
f 2346/2346/2294 2330/2330/2278 2332/2332/2280
f 2346/2346/2294 2348/2348/2296 2330/2330/2278
f 2338/2338/2286 2337/2337/2285 2349/2349/2297
f 2340/2340/2288 2350/2350/2298 2341/2341/2289
f 2334/2334/2282 2347/2347/2295 2332/2332/2280
f 2330/2330/2278 2348/2348/2296 2344/2344/2292
f 2340/2340/2288 2344/2344/2292 2350/2350/2298
f 2341/2341/2289 2350/2350/2298 2351/2351/2299
f 2345/2345/2293 2341/2341/2289 2351/2351/2299
f 2338/2338/2286 2352/2352/2300 2328/2328/2276
f 2336/2336/2284 2335/2335/2283 2353/2353/2301
f 2349/2349/2297 2337/2337/2285 2354/2354/2302
f 2342/2342/2290 2355/2355/2303 2339/2339/2287
f 2352/2352/2300 2343/2343/2291 2328/2328/2276
f 2356/2356/2304 2335/2335/2283 2345/2345/2293
f 2335/2335/2283 2356/2356/2304 2353/2353/2301
f 2357/2357/2305 2343/2343/2291 2352/2352/2300
f 2352/2352/2300 2338/2338/2286 2358/2358/2306
f 2347/2347/2295 2334/2334/2282 2339/2339/2287
f 2350/2350/2298 2359/2359/2307 2351/2351/2299
f 2345/2345/2293 2351/2351/2299 2360/2360/2308
f 2337/2337/2285 2336/2336/2284 2354/2354/2302
f 2338/2338/2286 2349/2349/2297 2358/2358/2306
f 2360/2360/2308 2351/2351/2299 2361/2361/2309
f 2362/2362/2310 2356/2356/2304 2345/2345/2293
f 2348/2348/2296 2363/2363/6 2344/2344/2292
f 2344/2344/2292 2364/2364/16 2350/2350/2298
f 2351/2351/2299 2359/2359/2307 2361/2361/2309
f 2363/2363/6 2364/2364/16 2344/2344/2292
f 2361/2361/2309 2359/2359/2307 2365/2365/2311
f 2353/2353/2301 2356/2356/2304 2366/2366/2312
f 2339/2339/2287 2367/2367/2313 2347/2347/2295
f 2355/2355/2303 2368/2368/2314 2339/2339/2287
f 2350/2350/2298 2365/2365/2311 2359/2359/2307
f 2336/2336/2284 2353/2353/2301 2354/2354/2302
f 2369/2369/1244 2357/2357/2305 2352/2352/2300
f 2356/2356/2304 2362/2362/2310 2366/2366/2312
f 2350/2350/2298 2364/2364/16 2370/2370/2315
f 2362/2362/2310 2345/2345/2293 2360/2360/2308
f 2368/2368/2314 2367/2367/2313 2339/2339/2287
f 2350/2350/2298 2370/2370/2315 2365/2365/2311
f 2361/2361/2309 2371/2371/2316 2360/2360/2308
f 2365/2365/2311 2372/2372/2317 2361/2361/2309
f 2362/2362/2310 2360/2360/2308 2373/2373/1254
f 2364/2364/16 2374/2374/2318 2370/2370/2315
f 2369/2369/1244 2375/2375/2319 2357/2357/2305
f 2362/2362/2310 2373/2373/1254 2376/2376/1252
f 2376/2376/1252 2366/2366/2312 2362/2362/2310
f 2372/2372/2317 2377/2377/2320 2361/2361/2309
f 2371/2371/2316 2373/2373/1254 2360/2360/2308
f 2370/2370/2315 2378/2378/2321 2365/2365/2311
f 2378/2378/2321 2372/2372/2317 2365/2365/2311
f 2379/2379/2322 2361/2361/2309 2377/2377/2320
f 2380/2380/2323 2378/2378/2321 2370/2370/2315
f 2380/2380/2323 2370/2370/2315 2374/2374/2318
f 2378/2378/2321 2381/2381/2324 2372/2372/2317
f 2371/2371/2316 2361/2361/2309 2379/2379/2322
f 2381/2381/2324 2382/2382/2325 2372/2372/2317
f 2372/2372/2317 2382/2382/2325 2377/2377/2320
f 2383/2383/2326 2373/2373/1254 2371/2371/2316
f 2383/2383/2326 2371/2371/2316 2379/2379/2322
f 2377/2377/2320 2384/2384/2327 2379/2379/2322
f 2380/2380/2323 2385/2385/2328 2378/2378/2321
f 2379/2379/2322 2384/2384/2327 2386/2386/2329
f 2381/2381/2324 2378/2378/2321 2385/2385/2328
f 2381/2381/2324 2387/2387/2330 2382/2382/2325
f 2379/2379/2322 2386/2386/2329 2383/2383/2326
f 2385/2385/2328 2388/2388/2331 2381/2381/2324
f 2387/2387/2330 2381/2381/2324 2388/2388/2331
f 2382/2382/2325 2389/2389/2332 2377/2377/2320
f 2389/2389/2332 2384/2384/2327 2377/2377/2320
f 2384/2384/2327 2390/2390/2333 2386/2386/2329
f 2387/2387/2330 2391/2391/2334 2382/2382/2325
f 2382/2382/2325 2392/2392/2335 2389/2389/2332
f 2390/2390/2333 2384/2384/2327 2389/2389/2332
f 2388/2388/2331 2391/2391/2334 2387/2387/2330
f 2388/2388/2331 2393/2393/2336 2391/2391/2334
f 2382/2382/2325 2391/2391/2334 2392/2392/2335
f 2390/2390/2333 2394/2394/2337 2386/2386/2329
f 2392/2392/2335 2395/2395/2338 2389/2389/2332
f 2389/2389/2332 2395/2395/2338 2390/2390/2333
f 2394/2394/2337 2390/2390/2333 2396/2396/1287
f 2397/2397/2339 2395/2395/2338 2392/2392/2335
f 2390/2390/2333 2395/2395/2338 2398/2398/2340
f 2391/2391/2334 2399/2399/2341 2392/2392/2335
f 2391/2391/2334 2393/2393/2336 2399/2399/2341
f 2399/2399/2341 2400/2400/2342 2392/2392/2335
f 2395/2395/2338 2397/2397/2339 2398/2398/2340
f 2398/2398/2340 2397/2397/2339 2401/2401/2343
f 2399/2399/2341 2393/2393/2336 2402/2402/115
f 2400/2400/2342 2397/2397/2339 2392/2392/2335
f 2403/2403/2344 2402/2402/115 2393/2393/2336
f 2397/2397/2339 2400/2400/2342 2404/2404/2345
f 2399/2399/2341 2402/2402/115 2400/2400/2342
f 2404/2404/2345 2405/2405/2346 2397/2397/2339
f 2397/2397/2339 2405/2405/2346 2401/2401/2343
f 2405/2405/2346 2406/2406/2347 2401/2401/2343
f 2401/2401/2343 2406/2406/2347 2407/2407/2348
f 2400/2400/2342 2408/2408/2349 2404/2404/2345
f 2400/2400/2342 2402/2402/115 2409/2409/2350
f 2409/2409/2350 2402/2402/115 2410/2410/114
f 2408/2408/2349 2411/2411/2351 2404/2404/2345
f 2404/2404/2345 2411/2411/2351 2405/2405/2346
f 2412/2412/140 2409/2409/2350 2410/2410/114
f 2411/2411/2351 2413/2413/2352 2405/2405/2346
f 2406/2406/2347 2405/2405/2346 2413/2413/2352
f 2413/2413/2352 2414/2414/2353 2406/2406/2347
f 2408/2408/2349 2400/2400/2342 2409/2409/2350
f 2415/2415/2354 2408/2408/2349 2409/2409/2350
f 2414/2414/2353 2413/2413/2352 2416/2416/2355
f 2414/2414/2353 2416/2416/2355 2417/2417/2356
f 2408/2408/2349 2415/2415/2354 2411/2411/2351
f 2409/2409/2350 2418/2418/2357 2415/2415/2354
f 2413/2413/2352 2411/2411/2351 2416/2416/2355
f 2415/2415/2354 2419/2419/2358 2411/2411/2351
f 2412/2412/140 2418/2418/2357 2409/2409/2350
f 2411/2411/2351 2419/2419/2358 2416/2416/2355
f 2420/2420/2359 2417/2417/2356 2416/2416/2355
f 2421/2421/2360 2417/2417/2356 2420/2420/2359
f 2420/2420/2359 2416/2416/2355 2419/2419/2358
f 2415/2415/2354 2422/2422/2361 2419/2419/2358
f 2423/2423/2362 2415/2415/2354 2418/2418/2357
f 2422/2422/2361 2415/2415/2354 2423/2423/2362
f 2423/2423/2362 2418/2418/2357 2424/2424/2363
f 2425/2425/2364 2420/2420/2359 2419/2419/2358
f 2423/2423/2362 2426/2426/2365 2422/2422/2361
f 2419/2419/2358 2422/2422/2361 2427/2427/2366
f 2421/2421/2360 2420/2420/2359 2428/2428/2367
f 2420/2420/2359 2429/2429/2368 2428/2428/2367
f 2422/2422/2361 2426/2426/2365 2427/2427/2366
f 2427/2427/2366 2425/2425/2364 2419/2419/2358
f 2420/2420/2359 2425/2425/2364 2429/2429/2368
f 2424/2424/2363 2430/2430/254 2423/2423/2362
f 2423/2423/2362 2430/2430/254 2426/2426/2365
f 2425/2425/2364 2431/2431/2369 2429/2429/2368
f 2428/2428/2367 2429/2429/2368 2431/2431/2369
f 2430/2430/254 2432/2432/2370 2426/2426/2365
f 2426/2426/2365 2432/2432/2370 2427/2427/2366
f 2430/2430/254 2433/2433/2371 2432/2432/2370
f 2431/2431/2369 2434/2434/2372 2428/2428/2367
f 2427/2427/2366 2435/2435/2373 2425/2425/2364
f 2431/2431/2369 2436/2436/2374 2434/2434/2372
f 2431/2431/2369 2437/2437/2375 2436/2436/2374
f 2432/2432/2370 2435/2435/2373 2427/2427/2366
f 2437/2437/2375 2431/2431/2369 2425/2425/2364
f 2435/2435/2373 2437/2437/2375 2425/2425/2364
f 2435/2435/2373 2438/2438/2376 2437/2437/2375
f 2433/2433/2371 2439/2439/323 2432/2432/2370
f 2440/2440/1426 2434/2434/2372 2436/2436/2374
f 2437/2437/2375 2441/2441/2377 2436/2436/2374
f 2436/2436/2374 2441/2441/2377 2440/2440/1426
f 2437/2437/2375 2438/2438/2376 2441/2441/2377
f 2435/2435/2373 2432/2432/2370 2442/2442/2378
f 2442/2442/2378 2438/2438/2376 2435/2435/2373
f 2439/2439/323 2443/2443/2379 2432/2432/2370
f 2443/2443/2379 2442/2442/2378 2432/2432/2370
f 2440/2440/1426 2441/2441/2377 2444/2444/2380
f 2441/2441/2377 2438/2438/2376 2444/2444/2380
f 2440/2440/1426 2444/2444/2380 2445/2445/2381
f 2439/2439/323 2446/2446/357 2443/2443/2379
f 2438/2438/2376 2447/2447/2382 2444/2444/2380
f 2443/2443/2379 2446/2446/357 2448/2448/2383
f 2443/2443/2379 2448/2448/2383 2442/2442/2378
f 2438/2438/2376 2442/2442/2378 2447/2447/2382
f 2447/2447/2382 2445/2445/2381 2444/2444/2380
f 2448/2448/2383 2449/2449/2384 2442/2442/2378
f 2442/2442/2378 2450/2450/2385 2447/2447/2382
f 2448/2448/2383 2451/2451/2386 2449/2449/2384
f 2451/2451/2386 2448/2448/2383 2446/2446/357
f 2446/2446/357 2452/2452/2387 2451/2451/2386
f 2449/2449/2384 2450/2450/2385 2442/2442/2378
f 2453/2453/2388 2445/2445/2381 2447/2447/2382
f 2450/2450/2385 2454/2454/2389 2447/2447/2382
f 2453/2453/2388 2447/2447/2382 2454/2454/2389
f 2455/2455/2390 2451/2451/2386 2452/2452/2387
f 2449/2449/2384 2451/2451/2386 2455/2455/2390
f 2449/2449/2384 2456/2456/2391 2450/2450/2385
f 2454/2454/2389 2457/2457/1529 2453/2453/2388
f 2449/2449/2384 2455/2455/2390 2456/2456/2391
f 2450/2450/2385 2456/2456/2391 2458/2458/2392
f 2455/2455/2390 2452/2452/2387 2459/2459/2393
f 2454/2454/2389 2450/2450/2385 2458/2458/2392
f 2457/2457/1529 2454/2454/2389 2460/2460/2394
f 2455/2455/2390 2461/2461/2395 2456/2456/2391
f 2461/2461/2395 2455/2455/2390 2459/2459/2393
f 2456/2456/2391 2462/2462/2396 2458/2458/2392
f 2454/2454/2389 2463/2463/2397 2460/2460/2394
f 2461/2461/2395 2462/2462/2396 2456/2456/2391
f 2454/2454/2389 2458/2458/2392 2463/2463/2397
f 2458/2458/2392 2464/2464/2398 2463/2463/2397
f 2459/2459/2393 2465/2465/2399 2461/2461/2395
f 2463/2463/2397 2466/2466/2400 2460/2460/2394
f 2462/2462/2396 2467/2467/2401 2458/2458/2392
f 2458/2458/2392 2467/2467/2401 2464/2464/2398
f 2461/2461/2395 2468/2468/2402 2462/2462/2396
f 2465/2465/2399 2469/2469/2403 2461/2461/2395
f 2468/2468/2402 2461/2461/2395 2469/2469/2403
f 2468/2468/2402 2467/2467/2401 2462/2462/2396
f 2464/2464/2398 2466/2466/2400 2463/2463/2397
f 2466/2466/2400 2470/2470/2404 2460/2460/2394
f 2466/2466/2400 2464/2464/2398 2471/2471/2405
f 2472/2342/2290 2473/2472/2406 2474/2355/2303
f 2472/2342/2290 2475/2343/2291 2473/2472/2406
f 2475/2343/2291 2476/2473/2407 2473/2472/2406
f 2477/2474/2408 2476/2473/2407 2475/2343/2291
f 2475/2343/2291 2478/2357/2305 2477/2474/2408
f 2479/2475/2409 2477/2474/2408 2478/2357/2305
f 2477/2474/2408 2480/2476/2410 2476/2473/2407
f 2481/2477/2411 2473/2472/2406 2476/2473/2407
f 2482/2478/2412 2480/2476/2410 2477/2474/2408
f 2482/2478/2412 2477/2474/2408 2479/2475/2409
f 2473/2472/2406 2483/2479/19 2474/2355/2303
f 2478/2357/2305 2484/2375/2319 2479/2475/2409
f 2480/2476/2410 2485/2480/2413 2476/2473/2407
f 2481/2477/2411 2476/2473/2407 2485/2480/2413
f 2486/2481/2414 2483/2479/19 2473/2472/2406
f 2486/2481/2414 2473/2472/2406 2481/2477/2411
f 2482/2478/2412 2479/2475/2409 2484/2375/2319
f 2485/2480/2413 2486/2481/2414 2481/2477/2411
f 2484/2375/2319 2487/2482/1256 2482/2478/2412
f 2483/2479/19 2486/2481/2414 2488/2483/2415
f 2480/2476/2410 2482/2478/2412 2489/2484/2416
f 2485/2480/2413 2480/2476/2410 2489/2484/2416
f 2490/2485/2417 2486/2481/2414 2485/2480/2413
f 2491/2486/2418 2482/2478/2412 2487/2482/1256
f 2489/2484/2416 2482/2478/2412 2492/2487/2419
f 2486/2481/2414 2493/2488/2420 2488/2483/2415
f 2494/2489/66 2486/2481/2414 2490/2485/2417
f 2482/2478/2412 2491/2486/2418 2492/2487/2419
f 2495/2490/2421 2485/2480/2413 2489/2484/2416
f 2493/2488/2420 2486/2481/2414 2494/2489/66
f 2495/2490/2421 2489/2484/2416 2496/2491/2422
f 2489/2484/2416 2492/2487/2419 2496/2491/2422
f 2492/2487/2419 2491/2486/2418 2497/2492/2423
f 2485/2480/2413 2498/2493/2424 2490/2485/2417
f 2498/2493/2424 2485/2480/2413 2495/2490/2421
f 2495/2490/2421 2496/2491/2422 2499/2494/2425
f 2490/2485/2417 2498/2493/2424 2494/2489/66
f 2499/2494/2425 2496/2491/2422 2492/2487/2419
f 2492/2487/2419 2497/2492/2423 2500/2495/2426
f 2492/2487/2419 2500/2495/2426 2501/2496/2427
f 2492/2487/2419 2501/2496/2427 2499/2494/2425
f 2498/2493/2424 2495/2490/2421 2502/2497/2428
f 2503/2498/2429 2494/2489/66 2498/2493/2424
f 2495/2490/2421 2499/2494/2425 2504/2499/2430
f 2495/2490/2421 2504/2499/2430 2502/2497/2428
f 2505/2500/2431 2498/2493/2424 2502/2497/2428
f 2498/2493/2424 2505/2500/2431 2503/2498/2429
f 2499/2494/2425 2501/2496/2427 2506/2501/1292
f 2506/2501/1292 2504/2499/2430 2499/2494/2425
f 2504/2499/2430 2507/2502/2432 2502/2497/2428
f 2505/2500/2431 2508/2503/2433 2503/2498/2429
f 2503/2498/2429 2508/2503/2433 2509/2504/2434
f 2510/2505/2435 2505/2500/2431 2502/2497/2428
f 2502/2497/2428 2507/2502/2432 2510/2505/2435
f 2510/2505/2435 2508/2503/2433 2505/2500/2431
f 2507/2502/2432 2504/2499/2430 2511/2506/2436
f 2504/2499/2430 2506/2501/1292 2512/2507/2437
f 2513/2508/2438 2508/2503/2433 2510/2505/2435
f 2513/2508/2438 2510/2505/2435 2507/2502/2432
f 2511/2506/2436 2504/2499/2430 2512/2507/2437
f 2514/2509/2439 2513/2508/2438 2507/2502/2432
f 2507/2502/2432 2511/2506/2436 2515/2510/2440
f 2507/2502/2432 2515/2510/2440 2514/2509/2439
f 2516/2511/2441 2511/2506/2436 2512/2507/2437
f 2517/2512/2442 2508/2503/2433 2513/2508/2438
f 2515/2510/2440 2511/2506/2436 2516/2511/2441
f 2508/2503/2433 2518/2513/2443 2519/2514/136
f 2514/2509/2439 2517/2512/2442 2513/2508/2438
f 2518/2513/2443 2508/2503/2433 2517/2512/2442
f 2520/2515/2444 2517/2512/2442 2514/2509/2439
f 2521/2516/2445 2522/2517/2446 2512/2507/2437
f 2523/2518/2447 2515/2510/2440 2516/2511/2441
f 2516/2511/2441 2512/2507/2437 2522/2517/2446
f 2514/2509/2439 2515/2510/2440 2523/2518/2447
f 2517/2512/2442 2520/2515/2444 2518/2513/2443
f 2514/2509/2439 2523/2518/2447 2524/2519/2448
f 2525/2520/2449 2523/2518/2447 2516/2511/2441
f 2516/2511/2441 2522/2517/2446 2525/2520/2449
f 2520/2515/2444 2514/2509/2439 2526/2521/2450
f 2514/2509/2439 2524/2519/2448 2526/2521/2450
f 2527/2522/2451 2524/2519/2448 2523/2518/2447
f 2522/2517/2446 2528/2523/2452 2525/2520/2449
f 2527/2522/2451 2523/2518/2447 2525/2520/2449
f 2524/2519/2448 2529/2524/2453 2526/2521/2450
f 2518/2513/2443 2520/2515/2444 2530/2525/2454
f 2527/2522/2451 2529/2524/2453 2524/2519/2448
f 2520/2515/2444 2531/2526/2455 2530/2525/2454
f 2531/2526/2455 2520/2515/2444 2526/2521/2450
f 2528/2523/2452 2527/2522/2451 2525/2520/2449
f 2532/2527/2456 2529/2524/2453 2527/2522/2451
f 2527/2522/2451 2528/2523/2452 2533/2528/2457
f 2526/2521/2450 2529/2524/2453 2534/2529/2458
f 2530/2525/2454 2531/2526/2455 2535/2530/2459
f 2529/2524/2453 2532/2527/2456 2534/2529/2458
f 2536/2531/2460 2531/2526/2455 2526/2521/2450
f 2526/2521/2450 2534/2529/2458 2536/2531/2460
f 2537/2532/1415 2528/2523/2452 2538/2533/2461
f 2527/2522/2451 2533/2528/2457 2532/2527/2456
f 2531/2526/2455 2536/2531/2460 2539/2534/2462
f 2539/2534/2462 2535/2530/2459 2531/2526/2455
f 2533/2528/2457 2528/2523/2452 2537/2532/1415
f 2534/2529/2458 2532/2527/2456 2540/2535/2463
f 2532/2527/2456 2533/2528/2457 2540/2535/2463
f 2536/2531/2460 2534/2529/2458 2539/2534/2462
f 2533/2528/2457 2537/2532/1415 2541/2536/1436
f 2539/2534/2462 2534/2529/2458 2540/2535/2463
f 2539/2534/2462 2542/2537/336 2535/2530/2459
f 2543/2538/2464 2540/2535/2463 2533/2528/2457
f 2544/2539/2465 2539/2534/2462 2540/2535/2463
f 2541/2536/1436 2543/2538/2464 2533/2528/2457
f 2544/2539/2465 2540/2535/2463 2545/2540/2466
f 2540/2535/2463 2543/2538/2464 2545/2540/2466
f 2543/2538/2464 2541/2536/1436 2546/2541/2467
f 2539/2534/2462 2544/2539/2465 2547/2542/2468
f 2548/2543/2469 2545/2540/2466 2543/2538/2464
f 2542/2537/336 2539/2534/2462 2547/2542/2468
f 2549/2544/2470 2544/2539/2465 2545/2540/2466
f 2542/2537/336 2547/2542/2468 2550/2545/2471
f 2543/2538/2464 2546/2541/2467 2548/2543/2469
f 2549/2544/2470 2545/2540/2466 2548/2543/2469
f 2547/2542/2468 2544/2539/2465 2549/2544/2470
f 2548/2543/2469 2546/2541/2467 2551/2546/1504
f 2549/2544/2470 2548/2543/2469 2552/2547/2472
f 2551/2546/1504 2552/2547/2472 2548/2543/2469
f 2550/2545/2471 2547/2542/2468 2553/2548/2097
f 2547/2542/2468 2549/2544/2470 2553/2548/2097
f 2549/2544/2470 2552/2547/2472 2554/2549/2473
f 2555/2550/1523 2552/2547/2472 2551/2546/1504
f 2556/2551/2474 2550/2545/2471 2557/2552/2475
f 2550/2545/2471 2553/2548/2097 2557/2552/2475
f 2549/2544/2470 2554/2549/2473 2553/2548/2097
f 2552/2547/2472 2555/2550/1523 2558/2553/2105
f 2558/2553/2105 2559/2554/2476 2552/2547/2472
f 2560/2467/2477 2561/2555/2478 2562/2464/2479
f 2562/2464/2479 2561/2555/2478 2563/2471/2405
f 2564/2468/2402 2561/2555/2478 2560/2467/2477
f 2565/2466/2400 2566/2556/2480 2567/2470/2404
f 2563/2471/2405 2566/2556/2480 2565/2466/2400
f 2564/2468/2402 2568/2469/2481 2569/2557/2482
f 2561/2555/2478 2570/2558/2483 2563/2471/2405
f 2570/2558/2483 2566/2556/2480 2563/2471/2405
f 2564/2468/2402 2569/2557/2482 2561/2555/2478
f 2568/2469/2481 2571/2559/2484 2569/2557/2482
f 2570/2558/2483 2572/2560/2485 2566/2556/2480
f 2569/2557/2482 2573/2561/2486 2561/2555/2478
f 2561/2555/2478 2573/2561/2486 2570/2558/2483
f 2566/2556/2480 2572/2560/2485 2574/2562/1602
f 2572/2560/2485 2575/2563/2487 2574/2562/1602
f 2576/2564/2488 2573/2561/2486 2569/2557/2482
f 2577/2565/2489 2569/2557/2482 2571/2559/2484
f 2578/2566/2490 2577/2565/2489 2571/2559/2484
f 2572/2560/2485 2570/2558/2483 2579/2567/2491
f 2579/2567/2491 2570/2558/2483 2573/2561/2486
f 2575/2563/2487 2572/2560/2485 2580/2568/1721
f 2573/2561/2486 2581/2569/2492 2579/2567/2491
f 2581/2569/2492 2573/2561/2486 2576/2564/2488
f 2579/2567/2491 2580/2568/1721 2572/2560/2485
f 2578/2566/2490 2582/2570/711 2577/2565/2489
f 2569/2557/2482 2577/2565/2489 2576/2564/2488
f 2576/2564/2488 2577/2565/2489 2583/2571/2493
f 2583/2571/2493 2581/2569/2492 2576/2564/2488
f 2584/2572/2494 2580/2568/1721 2579/2567/2491
f 2582/2570/711 2585/2573/2495 2577/2565/2489
f 2583/2571/2493 2586/2574/2496 2581/2569/2492
f 2587/2575/2497 2580/2568/1721 2588/2576/2498
f 2584/2572/2494 2588/2576/2498 2580/2568/1721
f 2577/2565/2489 2585/2573/2495 2583/2571/2493
f 2581/2569/2492 2584/2572/2494 2579/2567/2491
f 2585/2573/2495 2582/2570/711 2589/2577/781
f 2581/2569/2492 2586/2574/2496 2584/2572/2494
f 2590/2578/2499 2583/2571/2493 2585/2573/2495
f 2586/2574/2496 2591/2579/2500 2584/2572/2494
f 2590/2578/2499 2585/2573/2495 2589/2577/781
f 2592/2580/2501 2583/2571/2493 2590/2578/2499
f 2584/2572/2494 2591/2579/2500 2588/2576/2498
f 2583/2571/2493 2592/2580/2501 2586/2574/2496
f 2591/2579/2500 2586/2574/2496 2592/2580/2501
f 2593/2581/2502 2590/2578/2499 2589/2577/781
f 2594/2582/2503 2588/2576/2498 2591/2579/2500
f 2590/2578/2499 2595/2583/2504 2592/2580/2501
f 2592/2580/2501 2595/2583/2504 2591/2579/2500
f 2593/2581/2502 2595/2583/2504 2590/2578/2499
f 2595/2583/2504 2594/2582/2503 2591/2579/2500
f 2589/2577/781 2596/2584/2505 2597/2585/2506
f 2598/2586/2507 2599/2587/2508 2588/2576/2498
f 2597/2585/2506 2593/2581/2502 2589/2577/781
f 2594/2582/2503 2598/2586/2507 2588/2576/2498
f 2598/2586/2507 2600/2588/2509 2599/2587/2508
f 2593/2581/2502 2601/2589/2510 2595/2583/2504
f 2595/2583/2504 2602/2590/2511 2594/2582/2503
f 2598/2586/2507 2603/2591/2512 2600/2588/2509
f 2604/2592/2513 2603/2591/2512 2598/2586/2507
f 2604/2592/2513 2598/2586/2507 2594/2582/2503
f 2601/2589/2510 2602/2590/2511 2595/2583/2504
f 2593/2581/2502 2597/2585/2506 2601/2589/2510
f 2602/2590/2511 2604/2592/2513 2594/2582/2503
f 2605/2593/1854 2600/2588/2509 2603/2591/2512
f 2601/2589/2510 2606/2594/2514 2602/2590/2511
f 2605/2593/1854 2603/2591/2512 2604/2592/2513
f 2597/2585/2506 2607/2595/912 2608/2596/2515
f 2602/2590/2511 2609/2597/2516 2604/2592/2513
f 2597/2585/2506 2610/2598/2517 2601/2589/2510
f 2597/2585/2506 2608/2596/2515 2610/2598/2517
f 2611/2599/2518 2605/2593/1854 2604/2592/2513
f 2601/2589/2510 2610/2598/2517 2606/2594/2514
f 2609/2597/2516 2602/2590/2511 2612/2600/2519
f 2602/2590/2511 2606/2594/2514 2612/2600/2519
f 2609/2597/2516 2613/2601/2520 2604/2592/2513
f 2611/2599/2518 2604/2592/2513 2613/2601/2520
f 2614/2602/2521 2605/2593/1854 2611/2599/2518
f 2612/2600/2519 2613/2601/2520 2609/2597/2516
f 2608/2596/2515 2615/2603/2522 2610/2598/2517
f 2610/2598/2517 2615/2603/2522 2616/2604/2523
f 2616/2604/2523 2606/2594/2514 2610/2598/2517
f 2616/2604/2523 2612/2600/2519 2606/2594/2514
f 2614/2602/2521 2611/2599/2518 2617/2605/2524
f 2612/2600/2519 2618/2606/2525 2613/2601/2520
f 2611/2599/2518 2613/2601/2520 2617/2605/2524
f 2616/2604/2523 2619/2607/2526 2612/2600/2519
f 2615/2603/2522 2620/2608/2527 2616/2604/2523
f 2612/2600/2519 2619/2607/2526 2618/2606/2525
f 2621/2609/2528 2613/2601/2520 2618/2606/2525
f 2617/2605/2524 2613/2601/2520 2621/2609/2528
f 2616/2604/2523 2620/2608/2527 2622/2610/2529
f 2616/2604/2523 2622/2610/2529 2619/2607/2526
f 2621/2609/2528 2623/2611/1921 2617/2605/2524
f 2619/2607/2526 2624/2612/2530 2618/2606/2525
f 2618/2606/2525 2624/2612/2530 2621/2609/2528
f 2619/2607/2526 2625/2613/2531 2624/2612/2530
f 2620/2608/2527 2626/2614/2532 2622/2610/2529
f 2620/2608/2527 2627/2615/2533 2626/2614/2532
f 2623/2611/1921 2621/2609/2528 2628/2616/2534
f 2628/2616/2534 2629/2617/2535 2623/2611/1921
f 2625/2613/2531 2619/2607/2526 2622/2610/2529
f 2626/2614/2532 2627/2615/2533 2630/2618/2536
f 2624/2612/2530 2628/2616/2534 2621/2609/2528
f 2631/2619/2537 2625/2613/2531 2622/2610/2529
f 2628/2616/2534 2632/2620/2538 2629/2617/2535
f 2622/2610/2529 2626/2614/2532 2631/2619/2537
f 2633/2621/2539 2624/2612/2530 2625/2613/2531
f 2634/2622/2540 2628/2616/2534 2624/2612/2530
f 2626/2614/2532 2630/2618/2536 2635/2623/2541
f 2636/2624/2542 2635/2623/2541 2630/2618/2536
f 2635/2623/2541 2631/2619/2537 2626/2614/2532
f 2633/2621/2539 2634/2622/2540 2624/2612/2530
f 2633/2621/2539 2625/2613/2531 2631/2619/2537
f 2632/2620/2538 2628/2616/2534 2634/2622/2540
f 2632/2620/2538 2637/2625/2543 2638/2626/2544
f 2639/2627/2545 2635/2623/2541 2636/2624/2542
f 2632/2620/2538 2634/2622/2540 2637/2625/2543
f 2640/2628/2546 2631/2619/2537 2635/2623/2541
f 2637/2625/2543 2641/2629/2547 2638/2626/2544
f 2639/2627/2545 2640/2628/2546 2635/2623/2541
f 2640/2628/2546 2633/2621/2539 2631/2619/2537
f 2642/2630/2548 2639/2627/2545 2636/2624/2542
f 2640/2628/2546 2643/2631/2549 2633/2621/2539
f 2644/2632/2550 2634/2622/2540 2633/2621/2539
f 2637/2625/2543 2634/2622/2540 2644/2632/2550
f 2639/2627/2545 2645/2633/2551 2640/2628/2546
f 2643/2631/2549 2644/2632/2550 2633/2621/2539
f 2646/2634/2552 2645/2633/2551 2639/2627/2545
f 2647/2635/2553 2644/2632/2550 2643/2631/2549
f 2648/2636/2554 2637/2625/2543 2644/2632/2550
f 2641/2629/2547 2637/2625/2543 2649/2637/2555
f 2650/2638/2556 2646/2634/2552 2651/2639/2557
f 2650/2638/2556 2645/2633/2551 2646/2634/2552
f 2648/2636/2554 2644/2632/2550 2647/2635/2553
f 2652/2640/2558 2643/2631/2549 2640/2628/2546
f 2653/2641/2559 2640/2628/2546 2645/2633/2551
f 2652/2640/2558 2647/2635/2553 2643/2631/2549
f 2649/2637/2555 2637/2625/2543 2654/2642/2560
f 2652/2640/2558 2640/2628/2546 2653/2641/2559
f 2654/2642/2560 2637/2625/2543 2648/2636/2554
f 2650/2638/2556 2651/2639/2557 2655/2643/2561
f 2645/2633/2551 2650/2638/2556 2653/2641/2559
f 2655/2643/2561 2656/2644/2562 2650/2638/2556
f 2656/2644/2562 2653/2641/2559 2650/2638/2556
f 2657/2645/2563 2648/2636/2554 2647/2635/2553
f 2657/2645/2563 2654/2642/2560 2648/2636/2554
f 2658/2646/2564 2652/2640/2558 2653/2641/2559
f 2652/2640/2558 2659/2647/2565 2647/2635/2553
f 2658/2646/2564 2659/2647/2565 2652/2640/2558
f 2656/2644/2562 2658/2646/2564 2653/2641/2559
f 2657/2645/2563 2647/2635/2553 2659/2647/2565
f 2657/2645/2563 2660/2648/2566 2654/2642/2560
f 2661/2649/2567 2656/2644/2562 2655/2643/2561
f 2662/2650/2568 2660/2648/2566 2657/2645/2563
f 2663/2651/2569 2660/2648/2566 2662/2650/2568
f 2659/2647/2565 2664/2652/2570 2657/2645/2563
f 2661/2649/2567 2665/2653/2571 2656/2644/2562
f 2656/2644/2562 2665/2653/2571 2658/2646/2564
f 2659/2647/2565 2658/2646/2564 2664/2652/2570
f 2666/2654/2572 2667/2655/2573 2663/2651/2569
f 2657/2645/2563 2664/2652/2570 2662/2650/2568
f 2662/2650/2568 2666/2654/2572 2663/2651/2569
f 2668/2656/2574 2665/2653/2571 2661/2649/2567
f 2669/2657/2575 2668/2656/2574 2661/2649/2567
f 2670/2658/2576 2662/2650/2568 2664/2652/2570
f 2664/2652/2570 2658/2646/2564 2670/2658/2576
f 2665/2653/2571 2671/2659/2577 2658/2646/2564
f 2672/2660/2578 2662/2650/2568 2670/2658/2576
f 2671/2659/2577 2670/2658/2576 2658/2646/2564
f 2672/2660/2578 2666/2654/2572 2662/2650/2568
f 2667/2655/2573 2666/2654/2572 2673/2661/2579
f 2669/2657/2575 2674/2662/2580 2668/2656/2574
f 2675/2663/2581 2674/2662/2580 2669/2657/2575
f 2668/2656/2574 2676/2664/2582 2665/2653/2571
f 2676/2664/2582 2671/2659/2577 2665/2653/2571
f 2677/2665/2583 2670/2658/2576 2671/2659/2577
f 2673/2661/2579 2666/2654/2572 2672/2660/2578
f 2678/2666/2034 2679/2667/2023 2680/2668/2038
f 2674/2662/2580 2676/2664/2582 2668/2656/2574
f 2676/2664/2582 2677/2665/2583 2671/2659/2577
f 2681/2669/2584 2673/2661/2579 2672/2660/2578
f 2677/2665/2583 2676/2664/2582 2682/2670/2585
f 2677/2665/2583 2683/2671/2586 2670/2658/2576
f 2670/2658/2576 2683/2671/2586 2672/2660/2578
f 2675/2663/2581 2684/2672/2587 2674/2662/2580
f 2676/2664/2582 2674/2662/2580 2685/2673/2588
f 2683/2671/2586 2681/2669/2584 2672/2660/2578
f 2676/2664/2582 2685/2673/2588 2682/2670/2585
f 2681/2669/2584 2680/2668/2038 2673/2661/2579
f 2685/2673/2588 2674/2662/2580 2684/2672/2587
f 2683/2671/2586 2677/2665/2583 2682/2670/2585
f 2686/2674/2589 2685/2673/2588 2684/2672/2587
f 2680/2668/2038 2687/2675/2590 2678/2666/2034
f 2682/2670/2585 2685/2673/2588 2688/2676/2591
f 2689/2677/2592 2683/2671/2586 2682/2670/2585
f 2680/2668/2038 2681/2669/2584 2690/2678/2593
f 2686/2674/2589 2688/2676/2591 2685/2673/2588
f 2690/2678/2593 2681/2669/2584 2683/2671/2586
f 2691/2679/1213 2686/2674/2589 2684/2672/2587
f 2688/2676/2591 2689/2677/2592 2682/2670/2585
f 2689/2677/2592 2692/2680/2594 2683/2671/2586
f 2690/2678/2593 2683/2671/2586 2692/2680/2594
f 2693/2681/2595 2687/2675/2590 2680/2668/2038
f 2691/2679/1213 2694/2682/2596 2686/2674/2589
f 2688/2676/2591 2686/2674/2589 2695/2683/2597
f 2680/2668/2038 2690/2678/2593 2693/2681/2595
f 2686/2674/2589 2694/2682/2596 2695/2683/2597
f 2692/2680/2594 2689/2677/2592 2688/2676/2591
f 2696/2684/2598 2687/2675/2590 2697/2685/2599
f 2687/2675/2590 2693/2681/2595 2697/2685/2599
f 2688/2676/2591 2698/2686/2600 2692/2680/2594
f 2691/2679/1213 2699/2687/2601 2694/2682/2596
f 2690/2678/2593 2692/2680/2594 2700/2688/2602
f 2701/2689/2603 2696/2684/2598 2697/2685/2599
f 2702/2690/2604 2699/2687/2601 2691/2679/1213
f 2693/2681/2595 2690/2678/2593 2700/2688/2602
f 2697/2685/2599 2693/2681/2595 2700/2688/2602
f 2703/2691/2605 2704/2692/2606 2705/2693/2607
f 2695/2683/2597 2698/2686/2600 2688/2676/2591
f 2706/2694/1227 2705/2693/2607 2707/2695/2608
f 2694/2682/2596 2699/2687/2601 2708/2696/2609
f 2708/2696/2609 2695/2683/2597 2694/2682/2596
f 2698/2686/2600 2700/2688/2602 2692/2680/2594
f 2709/2697/2610 2701/2689/2603 2710/2698/2611
f 2702/2690/2604 2711/2699/2612 2712/2700/2613
f 2713/2701/2614 2697/2685/2599 2700/2688/2602
f 2713/2701/2614 2701/2689/2603 2697/2685/2599
f 2709/2697/2610 2714/2702/2615 2715/2703/2616
f 2715/2703/2616 2716/2704/2617 2717/2705/2618
f 2718/2706/2619 2712/2700/2613 2711/2699/2612
f 2712/2700/2613 2699/2687/2601 2702/2690/2604
f 2695/2683/2597 2708/2696/2609 2698/2686/2600
f 2719/2707/2620 2720/2708/2621 2721/2709/2622
f 2717/2705/2618 2716/2704/2617 2720/2708/2621
f 2704/2692/2606 2707/2695/2608 2705/2693/2607
f 2722/2710/2623 2700/2688/2602 2698/2686/2600
f 2701/2689/2603 2713/2701/2614 2710/2698/2611
f 2723/2711/2624 2719/2707/2620 2724/2712/2625
f 2725/2713/1231 2726/2714/2626 2718/2706/2619
f 2722/2710/2623 2698/2686/2600 2708/2696/2609
f 2714/2702/2615 2709/2697/2610 2710/2698/2611
f 2722/2710/2623 2727/2715/2627 2700/2688/2602
f 2728/2716/2065 2723/2711/2624 2724/2712/2625
f 2721/2709/2622 2724/2712/2625 2719/2707/2620
f 2729/2717/2628 2725/2713/1231 2730/2718/2629
f 2712/2700/2613 2731/2719/2630 2699/2687/2601
f 2727/2715/2627 2713/2701/2614 2700/2688/2602
f 2704/2692/2606 2732/2720/2631 2707/2695/2608
f 2699/2687/2601 2731/2719/2630 2708/2696/2609
f 2714/2702/2615 2710/2698/2611 2733/2721/2632
f 2715/2703/2616 2714/2702/2615 2716/2704/2617
f 2716/2704/2617 2721/2709/2622 2720/2708/2621
f 2722/2710/2623 2708/2696/2609 2731/2719/2630
f 2733/2721/2632 2710/2698/2611 2713/2701/2614
f 2734/2722/2633 2728/2716/2065 2724/2712/2625
f 2712/2700/2613 2718/2706/2619 2726/2714/2626
f 2731/2719/2630 2712/2700/2613 2735/2723/2634
f 2727/2715/2627 2733/2721/2632 2713/2701/2614
f 2729/2717/2628 2726/2714/2626 2725/2713/1231
f 2731/2719/2630 2736/2724/2635 2722/2710/2623
f 2707/2695/2608 2729/2717/2628 2730/2718/2629
f 2732/2720/2631 2737/2725/2636 2707/2695/2608
f 2712/2700/2613 2726/2714/2626 2735/2723/2634
f 2722/2710/2623 2736/2724/2635 2727/2715/2627
f 2731/2719/2630 2735/2723/2634 2736/2724/2635
f 2721/2709/2622 2716/2704/2617 2738/2726/2637
f 2733/2721/2632 2727/2715/2627 2739/2727/2638
f 2740/2728/2639 2714/2702/2615 2733/2721/2632
f 2741/2729/2640 2724/2712/2625 2721/2709/2622
f 2716/2704/2617 2714/2702/2615 2740/2728/2639
f 2742/2730/2641 2721/2709/2622 2738/2726/2637
f 2707/2695/2608 2743/2731/2642 2729/2717/2628
f 2732/2720/2631 2744/2732/2643 2737/2725/2636
f 2745/2733/2644 2744/2732/2643 2732/2720/2631
f 2736/2724/2635 2739/2727/2638 2727/2715/2627
f 2746/2734/2645 2734/2722/2633 2741/2729/2640
f 2734/2722/2633 2724/2712/2625 2741/2729/2640
f 2738/2726/2637 2716/2704/2617 2740/2728/2639
f 2729/2717/2628 2743/2731/2642 2726/2714/2626
f 2745/2733/2644 2746/2734/2645 2744/2732/2643
f 2739/2727/2638 2736/2724/2635 2735/2723/2634
f 2740/2728/2639 2733/2721/2632 2739/2727/2638
f 2741/2729/2640 2721/2709/2622 2742/2730/2641
f 2743/2731/2642 2747/2735/2646 2726/2714/2626
f 2737/2725/2636 2743/2731/2642 2707/2695/2608
f 2741/2729/2640 2744/2732/2643 2746/2734/2645
f 2747/2735/2646 2735/2723/2634 2726/2714/2626
f 2735/2723/2634 2747/2735/2646 2748/2736/2647
f 2735/2723/2634 2748/2736/2647 2739/2727/2638
f 2740/2728/2639 2739/2727/2638 2748/2736/2647
f 2744/2732/2643 2741/2729/2640 2742/2730/2641
f 2748/2736/2647 2738/2726/2637 2740/2728/2639
f 2742/2730/2641 2738/2726/2637 2749/2737/2648
f 2737/2725/2636 2749/2737/2648 2743/2731/2642
f 2737/2725/2636 2744/2732/2643 2749/2737/2648
f 2744/2732/2643 2742/2730/2641 2749/2737/2648
f 2749/2737/2648 2738/2726/2637 2748/2736/2647
f 2747/2735/2646 2743/2731/2642 2748/2736/2647
f 2743/2731/2642 2749/2737/2648 2748/2736/2647
f 2750/2738/2649 2751/2739/2650 2752/2740/2651
f 2752/2740/2651 2751/2739/2650 2753/2741/2232
f 2754/2742/2652 2753/2741/2232 2755/2743/1684
f 2756/2744/2653 2750/2738/2649 2752/2740/2651
f 2752/2740/2651 2753/2741/2232 2754/2742/2652
f 2754/2742/2652 2755/2743/1684 2757/2745/2654
f 2756/2744/2653 2752/2740/2651 2758/2746/2655
f 2758/2746/2655 2759/2747/2656 2756/2744/2653
f 2752/2740/2651 2754/2742/2652 2760/2748/2657
f 2758/2746/2655 2752/2740/2651 2761/2749/2658
f 2752/2740/2651 2760/2748/2657 2761/2749/2658
f 2757/2745/2654 2762/2750/2659 2754/2742/2652
f 2763/2751/802 2759/2747/2656 2758/2746/2655
f 2754/2742/2652 2762/2750/2659 2764/2752/2660
f 2764/2752/2660 2760/2748/2657 2754/2742/2652
f 2760/2748/2657 2764/2752/2660 2765/2753/2661
f 2763/2751/802 2758/2746/2655 2766/2754/2662
f 2761/2749/2658 2760/2748/2657 2765/2753/2661
f 2758/2746/2655 2761/2749/2658 2766/2754/2662
f 2762/2750/2659 2767/2755/1823 2764/2752/2660
f 2766/2754/2662 2761/2749/2658 2768/2756/2663
f 2765/2753/2661 2768/2756/2663 2761/2749/2658
f 2769/2757/2664 2767/2755/1823 2770/2758/1821
f 2769/2757/2664 2764/2752/2660 2767/2755/1823
f 2765/2753/2661 2764/2752/2660 2769/2757/2664
f 2771/2759/2665 2763/2751/802 2766/2754/2662
f 2772/2760/2666 2766/2754/2662 2768/2756/2663
f 2771/2759/2665 2766/2754/2662 2772/2760/2666
f 2768/2756/2663 2765/2753/2661 2773/2761/2667
f 2765/2753/2661 2769/2757/2664 2774/2762/2668
f 2765/2753/2661 2774/2762/2668 2773/2761/2667
f 2772/2760/2666 2768/2756/2663 2775/2763/2669
f 2776/2764/2670 2769/2757/2664 2770/2758/1821
f 2773/2761/2667 2775/2763/2669 2768/2756/2663
f 2772/2760/2666 2777/2765/991 2771/2759/2665
f 2774/2762/2668 2778/2766/2671 2773/2761/2667
f 2775/2763/2669 2773/2761/2667 2778/2766/2671
f 2774/2762/2668 2769/2757/2664 2779/2767/2672
f 2769/2757/2664 2776/2764/2670 2779/2767/2672
f 2780/2768/2673 2772/2760/2666 2775/2763/2669
f 2781/2769/2674 2777/2765/991 2772/2760/2666
f 2775/2763/2669 2778/2766/2671 2780/2768/2673
f 2774/2762/2668 2782/2770/2675 2778/2766/2671
f 2774/2762/2668 2779/2767/2672 2782/2770/2675
f 2781/2769/2674 2772/2760/2666 2780/2768/2673
f 2780/2768/2673 2778/2766/2671 2782/2770/2675
f 2776/2764/2670 2783/2771/2676 2779/2767/2672
f 2784/2772/2677 2783/2771/2676 2776/2764/2670
f 2780/2768/2673 2782/2770/2675 2785/2773/2678
f 2779/2767/2672 2783/2771/2676 2782/2770/2675
f 2783/2771/2676 2784/2772/2677 2786/2774/1944
f 2787/2775/2679 2782/2770/2675 2783/2771/2676
f 2781/2769/2674 2788/2776/2680 2789/2777/2681
f 2781/2769/2674 2780/2768/2673 2785/2773/2678
f 2785/2773/2678 2782/2770/2675 2787/2775/2679
f 2787/2775/2679 2783/2771/2676 2786/2774/1944
f 2788/2776/2680 2781/2769/2674 2790/2778/2682
f 2781/2769/2674 2785/2773/2678 2790/2778/2682
f 2787/2775/2679 2786/2774/1944 2791/2779/2683
f 2792/2780/2684 2793/2781/1091 2788/2776/2680
f 2786/2774/1944 2794/2782/2685 2791/2779/2683
f 2788/2776/2680 2790/2778/2682 2792/2780/2684
f 2795/2783/2686 2790/2778/2682 2785/2773/2678
f 2785/2773/2678 2787/2775/2679 2796/2784/2687
f 2794/2782/2685 2797/2785/2688 2791/2779/2683
f 2790/2778/2682 2798/2786/2689 2792/2780/2684
f 2796/2784/2687 2787/2775/2679 2791/2779/2683
f 2792/2780/2684 2799/2787/2690 2793/2781/1091
f 2790/2778/2682 2795/2783/2686 2798/2786/2689
f 2796/2784/2687 2795/2783/2686 2785/2773/2678
f 2800/2788/2691 2795/2783/2686 2796/2784/2687
f 2793/2781/1091 2799/2787/2690 2801/2789/2692
f 2799/2787/2690 2792/2780/2684 2798/2786/2689
f 2802/2790/2693 2791/2779/2683 2797/2785/2688
f 2803/2791/2694 2799/2787/2690 2798/2786/2689
f 2803/2791/2694 2798/2786/2689 2795/2783/2686
f 2796/2784/2687 2791/2779/2683 2802/2790/2693
f 2795/2783/2686 2800/2788/2691 2803/2791/2694
f 2800/2788/2691 2796/2784/2687 2802/2790/2693
f 2804/2792/2695 2802/2790/2693 2797/2785/2688
f 2805/2793/2696 2801/2789/2692 2799/2787/2690
f 2806/2794/2697 2799/2787/2690 2803/2791/2694
f 2799/2787/2690 2806/2794/2697 2805/2793/2696
f 2797/2785/2688 2807/2795/2698 2804/2792/2695
f 2803/2791/2694 2800/2788/2691 2806/2794/2697
f 2808/2796/2699 2800/2788/2691 2802/2790/2693
f 2802/2790/2693 2804/2792/2695 2808/2796/2699
f 2809/2797/2700 2805/2793/2696 2806/2794/2697
f 2806/2794/2697 2800/2788/2691 2810/2798/2701
f 2805/2793/2696 2809/2797/2700 2811/2799/2702
f 2806/2794/2697 2810/2798/2701 2809/2797/2700
f 2800/2788/2691 2808/2796/2699 2810/2798/2701
f 2809/2797/2700 2810/2798/2701 2812/2800/2703
f 2804/2792/2695 2807/2795/2698 2813/2801/2018
f 2811/2799/2702 2809/2797/2700 2814/2802/2704
f 2808/2796/2699 2815/2803/2705 2810/2798/2701
f 2815/2803/2705 2808/2796/2699 2804/2792/2695
f 2813/2801/2018 2816/2804/2706 2804/2792/2695
f 2812/2800/2703 2810/2798/2701 2815/2803/2705
f 2817/2805/2707 2811/2799/2702 2818/2806/2708
f 2813/2801/2018 2819/2807/2709 2816/2804/2706
f 2815/2803/2705 2804/2792/2695 2816/2804/2706
f 2809/2797/2700 2812/2800/2703 2820/2808/2710
f 2820/2808/2710 2814/2802/2704 2809/2797/2700
f 2821/2809/2711 2815/2803/2705 2816/2804/2706
f 2811/2799/2702 2814/2802/2704 2818/2806/2708
f 2814/2802/2704 2820/2808/2710 2818/2806/2708
f 2812/2800/2703 2815/2803/2705 2822/2810/2712
f 2822/2810/2712 2820/2808/2710 2812/2800/2703
f 2818/2806/2708 2820/2808/2710 2823/2811/2713
f 2821/2809/2711 2822/2810/2712 2815/2803/2705
f 2818/2806/2708 2824/2812/2714 2817/2805/2707
f 2820/2808/2710 2822/2810/2712 2823/2811/2713
f 2821/2809/2711 2816/2804/2706 2825/2813/2715
f 2824/2812/2714 2818/2806/2708 2826/2814/2716
f 2816/2804/2706 2819/2807/2709 2827/2815/2717
f 2819/2807/2709 2828/2816/2718 2827/2815/2717
f 2825/2813/2715 2829/2817/2719 2821/2809/2711
f 2825/2813/2715 2816/2804/2706 2827/2815/2717
f 2818/2806/2708 2830/2818/2720 2826/2814/2716
f 2822/2810/2712 2831/2819/2721 2823/2811/2713
f 2818/2806/2708 2823/2811/2713 2830/2818/2720
f 2822/2810/2712 2821/2809/2711 2831/2819/2721
f 2830/2818/2720 2823/2811/2713 2831/2819/2721
f 2821/2809/2711 2829/2817/2719 2831/2819/2721
f 2825/2813/2715 2827/2815/2717 2829/2817/2719
f 2829/2817/2719 2827/2815/2717 2832/2820/2722
f 2833/2821/1203 2824/2812/2714 2834/2822/2723
f 2827/2815/2717 2828/2816/2718 2832/2820/2722
f 2834/2822/2723 2824/2812/2714 2826/2814/2716
f 2833/2821/1203 2834/2822/2723 2835/2823/1216
f 2826/2814/2716 2836/2824/2724 2834/2822/2723
f 2828/2816/2718 2837/2825/2051 2832/2820/2722
f 2826/2814/2716 2830/2818/2720 2836/2824/2724
f 2830/2818/2720 2831/2819/2721 2838/2826/2725
f 2831/2819/2721 2829/2817/2719 2838/2826/2725
f 2832/2820/2722 2838/2826/2725 2829/2817/2719
f 2839/2827/2726 2840/2828/2727 2837/2825/2051
f 2830/2818/2720 2838/2826/2725 2836/2824/2724
f 2837/2825/2051 2840/2828/2727 2832/2820/2722
f 2841/2829/2061 2840/2828/2727 2839/2827/2726
f 2842/2830/2728 2835/2823/1216 2834/2822/2723
f 2834/2822/2723 2836/2824/2724 2843/2831/2729
f 2836/2824/2724 2838/2826/2725 2843/2831/2729
f 2842/2830/2728 2844/2692/2730 2835/2823/1216
f 2843/2831/2729 2842/2830/2728 2834/2822/2723
f 2838/2826/2725 2832/2820/2722 2845/2832/2731
f 2845/2832/2731 2832/2820/2722 2846/2833/2732
f 2845/2832/2731 2843/2831/2729 2838/2826/2725
f 2846/2833/2732 2832/2820/2722 2840/2828/2727
f 2847/2733/2644 2844/2692/2730 2842/2830/2728
f 2840/2828/2727 2841/2829/2061 2848/2722/2733
f 2849/2834/2734 2842/2830/2728 2843/2831/2729
f 2849/2834/2734 2843/2831/2729 2845/2832/2731
f 2841/2829/2061 2850/2716/2065 2848/2722/2733
f 2842/2830/2728 2849/2834/2734 2847/2733/2644
f 2848/2722/2733 2846/2833/2732 2840/2828/2727
f 2846/2833/2732 2849/2834/2734 2845/2832/2731
f 2851/2720/2735 2844/2692/2730 2847/2733/2644
f 2849/2834/2734 2846/2833/2732 2852/2734/2645
f 2848/2722/2733 2852/2734/2645 2846/2833/2732
f 2849/2834/2734 2852/2734/2645 2847/2733/2644
f 2853/2835/2736 2854/2836/2737 2855/2837/2738
f 2856/2838/2739 2853/2835/2736 2855/2837/2738
f 2856/2838/2739 2857/2839/2740 2858/2840/2741
f 2855/2837/2738 2857/2839/2740 2856/2838/2739
f 2858/2840/2741 2859/2841/2742 2860/2842/2743
f 2858/2840/2741 2857/2839/2740 2859/2841/2742
f 2854/2836/2737 2861/2843/2744 2855/2837/2738
f 2860/2842/2743 2862/2844/2745 2863/2845/2746
f 2864/2846/2747 2862/2844/2745 2860/2842/2743
f 2855/2837/2738 2861/2843/2744 2865/2847/2748
f 2860/2842/2743 2859/2841/2742 2864/2846/2747
f 2866/2848/2749 2859/2841/2742 2857/2839/2740
f 2857/2839/2740 2855/2837/2738 2865/2847/2748
f 2857/2839/2740 2865/2847/2748 2866/2848/2749
f 2864/2846/2747 2867/2849/2750 2862/2844/2745
f 2865/2847/2748 2868/2850/2751 2866/2848/2749
f 2859/2841/2742 2866/2848/2749 2864/2846/2747
f 2867/2849/2750 2864/2846/2747 2869/2851/2752
f 2866/2848/2749 2870/2852/2753 2864/2846/2747
f 2867/2849/2750 2869/2851/2752 2871/2853/2754
f 2870/2852/2753 2869/2851/2752 2864/2846/2747
f 2868/2850/2751 2870/2852/2753 2866/2848/2749
f 2872/2854/2755 2873/2855/2756 2874/2856/2757
f 2872/2854/2755 2875/2857/2758 2873/2855/2756
f 2872/2854/2755 2874/2856/2757 2876/2858/2759
f 2877/2859/2760 2873/2855/2756 2875/2857/2758
f 2873/2855/2756 2877/2859/2760 2878/2860/2761
f 2879/2861/2762 2872/2854/2755 2876/2858/2759
f 2872/2854/2755 2880/2862/2763 2875/2857/2758
f 2881/2863/506 2876/2858/2759 2874/2856/2757
f 2879/2861/2762 2880/2862/2763 2872/2854/2755
f 2877/2859/2760 2875/2857/2758 2882/2864/2764
f 2883/2865/2765 2877/2859/2760 2882/2864/2764
f 2882/2864/2764 2875/2857/2758 2884/2866/2766
f 2883/2865/2765 2878/2860/2761 2877/2859/2760
f 2885/2867/2767 2880/2862/2763 2879/2861/2762
f 2884/2866/2766 2875/2857/2758 2880/2862/2763
f 2880/2862/2763 2885/2867/2767 2886/2835/2736
f 2880/2862/2763 2886/2835/2736 2884/2866/2766
f 2876/2858/2759 2887/2868/2768 2879/2861/2762
f 2888/2840/2769 2882/2864/2764 2884/2866/2766
f 2883/2865/2765 2882/2864/2764 2888/2840/2769
f 2888/2840/2769 2884/2866/2766 2889/2838/2770
f 2889/2838/2770 2884/2866/2766 2886/2835/2736
f 2890/2869/528 2887/2868/2768 2876/2858/2759
f 2885/2867/2767 2879/2861/2762 2887/2868/2768
f 2878/2860/2761 2883/2865/2765 2891/2870/2771
f 2886/2835/2736 2885/2867/2767 2892/2836/2772
f 2887/2868/2768 2892/2836/2772 2885/2867/2767
f 2893/2845/2773 2891/2870/2771 2883/2865/2765
f 2888/2840/2769 2894/2842/2774 2883/2865/2765
f 2893/2845/2773 2883/2865/2765 2894/2842/2774
f 2891/2870/2771 2893/2845/2773 2895/2844/2775
f 2896/2869/528 2897/2871/2776 2898/2868/2768
f 2899/2836/2777 2898/2868/2768 2900/2872/2778
f 2901/2873/2779 2898/2868/2768 2897/2871/2776
f 2902/2874/2780 2901/2873/2779 2897/2871/2776
f 2900/2872/2778 2898/2868/2768 2901/2873/2779
f 2903/2843/2781 2899/2836/2777 2900/2872/2778
f 2904/2875/2782 2900/2872/2778 2901/2873/2779
f 2903/2843/2781 2900/2872/2778 2904/2875/2782
f 2904/2875/2782 2901/2873/2779 2902/2874/2780
f 2902/2874/2780 2905/2876/2783 2906/2877/2784
f 2904/2875/2782 2902/2874/2780 2907/2878/2785
f 2908/2879/2786 2903/2843/2781 2904/2875/2782
f 2903/2843/2781 2909/2850/2787 2910/2847/2788
f 2902/2874/2780 2906/2877/2784 2907/2878/2785
f 2908/2879/2786 2904/2875/2782 2907/2878/2785
f 2903/2843/2781 2908/2879/2786 2909/2850/2787
f 2906/2877/2784 2911/2880/2789 2907/2878/2785
f 2908/2879/2786 2907/2878/2785 2911/2880/2789
f 2906/2877/2784 2912/2881/2790 2911/2880/2789
f 2909/2850/2787 2908/2879/2786 2913/2882/2791
f 2914/2852/2792 2909/2850/2787 2913/2882/2791
f 2913/2882/2791 2908/2879/2786 2911/2880/2789
f 2915/2853/2754 2916/2851/2793 2917/2883/2794
f 2914/2852/2792 2918/2884/2795 2916/2851/2793
f 2917/2883/2794 2916/2851/2793 2918/2884/2795
f 2918/2884/2795 2914/2852/2792 2913/2882/2791
f 2913/2882/2791 2911/2880/2789 2912/2881/2790
f 2912/2881/2790 2917/2883/2794 2913/2882/2791
f 2917/2883/2794 2918/2884/2795 2913/2882/2791
