# Blender 5.0.1
# www.blender.org
mtllib SM_Salmon_Dish.mtl
o surface_7.013
v 0.014131 -0.011079 -0.034115
v -0.000000 -0.011079 -0.036926
v 0.026110 -0.011079 -0.026110
v 0.034115 -0.011079 -0.014131
v 0.036926 -0.011079 0.000000
v 0.034115 -0.011079 0.014131
v 0.026110 -0.011079 0.026110
v 0.014131 -0.011079 0.034115
v -0.000000 -0.011079 0.036926
v -0.014131 -0.011079 0.034115
v -0.026110 -0.011079 0.026110
v -0.034115 -0.011079 0.014131
v -0.036926 -0.011079 0.000000
v -0.034115 -0.011079 -0.014131
v -0.026110 -0.011079 -0.026110
v -0.014131 -0.011079 -0.034115
v -0.000000 -0.040166 -0.136498
v 0.052236 -0.040166 -0.126108
v 0.212361 0.034912 -0.512685
v -0.000000 0.034912 -0.554926
v 0.096519 -0.040166 -0.096519
v 0.392392 0.034912 -0.392392
v 0.126108 -0.040166 -0.052236
v 0.512685 0.034912 -0.212361
v 0.136498 -0.040166 0.000000
v 0.554926 0.034912 0.000000
v 0.126108 -0.040166 0.052236
v 0.512685 0.034912 0.212361
v 0.096519 -0.040166 0.096519
v 0.392392 0.034912 0.392392
v 0.052236 -0.040166 0.126108
v 0.212361 0.034912 0.512685
v -0.000000 -0.040166 0.136498
v -0.000000 0.034912 0.554926
v -0.052236 -0.040166 0.126108
v -0.212361 0.034912 0.512685
v -0.096519 -0.040166 0.096519
v -0.392392 0.034912 0.392392
v -0.126108 -0.040166 0.052236
v -0.512685 0.034912 0.212361
v -0.136498 -0.040166 0.000000
v -0.554926 0.034912 0.000000
v -0.126108 -0.040166 -0.052236
v -0.512685 0.034912 -0.212361
v -0.096519 -0.040166 -0.096519
v -0.392392 0.034912 -0.392392
v -0.052236 -0.040166 -0.126108
v -0.212361 0.034912 -0.512685
v 0.212768 0.040551 -0.513667
v -0.000000 0.040551 -0.555990
v 0.393144 0.040551 -0.393144
v 0.513667 0.040551 -0.212768
v 0.555990 0.040551 0.000000
v 0.513667 0.040551 0.212768
v 0.393144 0.040551 0.393144
v 0.212768 0.040551 0.513667
v -0.000000 0.040551 0.555990
v -0.212768 0.040551 0.513667
v -0.393144 0.040551 0.393144
v -0.513667 0.040551 0.212768
v -0.555990 0.040551 0.000000
v -0.513667 0.040551 -0.212768
v -0.393144 0.040551 -0.393144
v -0.212768 0.040551 -0.513667
v 0.207448 0.041773 -0.500824
v -0.000000 0.041773 -0.542088
v 0.383314 0.041773 -0.383314
v 0.500824 0.041773 -0.207448
v 0.542088 0.041773 0.000000
v 0.500824 0.041773 0.207448
v 0.383314 0.041773 0.383314
v 0.207448 0.041773 0.500824
v -0.000000 0.041773 0.542088
v -0.207448 0.041773 0.500824
v -0.383314 0.041773 0.383314
v -0.500824 0.041773 0.207448
v -0.542088 0.041773 0.000000
v -0.500824 0.041773 -0.207448
v -0.383314 0.041773 -0.383314
v -0.207448 0.041773 -0.500824
v 0.190619 0.038102 0.460196
v 0.186349 0.037287 0.449885
v 0.352219 0.038102 0.352219
v 0.344327 0.037287 0.344327
v 0.460196 0.038102 0.190619
v 0.449885 0.037287 0.186349
v 0.498113 0.038102 0.000000
v 0.486952 0.037287 0.000000
v 0.460196 0.038102 -0.190619
v 0.449885 0.037287 -0.186349
v 0.352219 0.038102 -0.352219
v 0.344327 0.037287 -0.344327
v -0.000000 0.037287 -0.486952
v -0.000000 0.038102 -0.498113
v 0.190619 0.038102 -0.460196
v 0.186349 0.037287 -0.449885
v 0.176677 0.036555 -0.426536
v 0.194725 0.041079 -0.470108
v -0.000000 0.041079 -0.508842
v -0.000000 0.036555 -0.461679
v 0.326457 0.036555 -0.326457
v 0.359805 0.041079 -0.359805
v 0.426536 0.036555 -0.176677
v 0.470108 0.041079 -0.194725
v 0.461679 0.036555 0.000000
v 0.508842 0.041079 0.000000
v 0.426536 0.036555 0.176677
v 0.470108 0.041079 0.194725
v 0.326457 0.036555 0.326457
v 0.359805 0.041079 0.359805
v 0.176677 0.036555 0.426536
v 0.194725 0.041079 0.470108
v -0.000000 0.036555 0.461679
v -0.000000 0.041079 0.508842
v -0.176677 0.036555 0.426536
v -0.194725 0.041079 0.470108
v -0.326457 0.036555 0.326457
v -0.359805 0.041079 0.359805
v -0.426536 0.036555 0.176677
v -0.470108 0.041079 0.194725
v -0.461679 0.036555 0.000000
v -0.508842 0.041079 0.000000
v -0.426536 0.036555 -0.176677
v -0.470108 0.041079 -0.194725
v -0.326457 0.036555 -0.326457
v -0.359805 0.041079 -0.359805
v -0.176677 0.036555 -0.426536
v -0.194725 0.041079 -0.470108
v -0.000000 0.037287 0.486952
v -0.000000 0.038102 0.498113
v -0.186349 0.037287 0.449885
v -0.190619 0.038102 0.460196
v -0.344327 0.037287 0.344327
v -0.352219 0.038102 0.352219
v -0.449885 0.037287 0.186349
v -0.460196 0.038102 0.190619
v -0.486952 0.037287 0.000000
v -0.498113 0.038102 0.000000
v -0.449885 0.037287 -0.186349
v -0.460196 0.038102 -0.190619
v -0.344327 0.037287 -0.344327
v -0.352219 0.038102 -0.352219
v -0.186349 0.037287 -0.449885
v -0.190619 0.038102 -0.460196
v -0.000000 -0.044939 0.000000
v -0.000000 0.024852 -0.524960
v 0.200893 0.024852 -0.485000
v 0.371203 0.024852 -0.371203
v 0.485000 0.024852 -0.200893
v 0.524960 0.024852 0.000000
v 0.485000 0.024852 0.200893
v 0.371203 0.024852 0.371203
v 0.200893 0.024852 0.485000
v -0.000000 0.024852 0.524960
v -0.200893 0.024852 0.485000
v -0.371203 0.024852 0.371203
v -0.485000 0.024852 0.200893
v -0.524960 0.024852 0.000000
v -0.485000 0.024852 -0.200893
v -0.371203 0.024852 -0.371203
v -0.200893 0.024852 -0.485000
v 0.131490 0.019818 -0.317444
v -0.000000 0.019818 -0.343599
v 0.242961 0.019818 -0.242961
v 0.317444 0.019818 -0.131490
v 0.343599 0.019818 0.000000
v 0.317444 0.019818 0.131490
v 0.242961 0.019818 0.242961
v 0.131490 0.019818 0.317444
v -0.000000 0.019818 0.343599
v -0.131490 0.019818 0.317444
v -0.242961 0.019818 0.242961
v -0.317444 0.019818 0.131490
v -0.343599 0.019818 0.000000
v -0.317444 0.019818 -0.131490
v -0.242961 0.019818 -0.242961
v -0.131490 0.019818 -0.317444
v 0.075255 -0.001464 -0.181682
v -0.000000 -0.001464 -0.196651
v 0.139053 -0.001464 -0.139053
v 0.181682 -0.001464 -0.075255
v 0.196651 -0.001464 0.000000
v 0.181682 -0.001464 0.075255
v 0.139053 -0.001464 0.139053
v 0.075255 -0.001464 0.181682
v -0.000000 -0.001464 0.196651
v -0.075255 -0.001464 0.181682
v -0.139053 -0.001464 0.139053
v -0.181682 -0.001464 0.075255
v -0.196651 -0.001464 0.000000
v -0.181682 -0.001464 -0.075255
v -0.139053 -0.001464 -0.139053
v -0.075255 -0.001464 -0.181682
v 0.040411 -0.010001 -0.097562
v -0.000000 -0.010001 -0.105600
v 0.074671 -0.010001 -0.074671
v 0.097562 -0.010001 -0.040411
v 0.105600 -0.010001 0.000000
v 0.097562 -0.010001 0.040411
v 0.074671 -0.010001 0.074671
v 0.040411 -0.010001 0.097562
v -0.000000 -0.010001 0.105600
v -0.040412 -0.010001 0.097562
v -0.074671 -0.010001 0.074671
v -0.097562 -0.010001 0.040412
v -0.105600 -0.010001 0.000000
v -0.097562 -0.010001 -0.040411
v -0.074671 -0.010001 -0.074671
v -0.040412 -0.010001 -0.097562
v 0.168570 -0.001080 -0.406964
v 0.311476 -0.001080 -0.311476
v 0.406964 -0.001080 -0.168570
v 0.440494 -0.001080 0.000000
v 0.406964 -0.001080 0.168570
v 0.311476 -0.001080 0.311476
v 0.168570 -0.001080 0.406964
v -0.000000 -0.001080 0.440494
v -0.168570 -0.001080 0.406964
v -0.311477 -0.001080 0.311476
v -0.406964 -0.001080 0.168570
v -0.440494 -0.001080 0.000000
v -0.406964 -0.001080 -0.168570
v -0.311476 -0.001080 -0.311476
v -0.168570 -0.001080 -0.406964
v -0.000000 -0.001080 -0.440494
v 0.136882 -0.019194 -0.330463
v 0.252925 -0.019194 -0.252925
v 0.330463 -0.019194 -0.136882
v 0.357690 -0.019194 0.000000
v 0.330463 -0.019194 0.136882
v 0.252925 -0.019194 0.252925
v 0.136882 -0.019194 0.330463
v -0.000000 -0.019194 0.357690
v -0.136882 -0.019194 0.330463
v -0.252925 -0.019194 0.252925
v -0.330463 -0.019194 0.136882
v -0.357690 -0.019194 0.000000
v -0.330463 -0.019194 -0.136882
v -0.252925 -0.019194 -0.252925
v -0.136882 -0.019194 -0.330463
v -0.000000 -0.019194 -0.357690
v 0.108461 0.040551 -0.545271
v 0.308871 0.040551 -0.462259
v 0.462259 0.040551 -0.308871
v 0.545271 0.040551 -0.108461
v 0.545271 0.040551 0.108461
v 0.462259 0.040551 0.308871
v 0.308871 0.040551 0.462259
v 0.108461 0.040551 0.545271
v -0.000000 0.038014 -0.556975
v -0.213145 0.038014 -0.514577
v -0.108461 0.040551 0.545271
v -0.393841 0.038014 0.393841
v 0.514577 0.038014 0.213145
v -0.308871 0.040551 0.462259
v -0.514577 0.038014 0.213145
v -0.556974 0.038014 0.000000
v -0.462259 0.040551 0.308871
v 0.393841 0.038014 0.393841
v 0.213145 0.038014 0.514577
v -0.545271 0.040551 0.108461
v 0.213145 0.038014 -0.514577
v 0.393840 0.038014 -0.393840
v -0.545271 0.040551 -0.108461
v -0.514577 0.038014 -0.213145
v -0.393841 0.038014 -0.393840
v -0.462259 0.040551 -0.308871
v -0.000000 0.038014 0.556975
v -0.213145 0.038014 0.514577
v -0.308871 0.040551 -0.462259
v 0.514577 0.038014 -0.213145
v 0.556974 0.038014 0.000000
v -0.108461 0.040551 -0.545271
v 0.026813 -0.040166 -0.134796
v 0.108254 0.034912 -0.544228
v -0.000000 0.031608 -0.547349
v 0.095967 -0.030385 -0.231685
v 0.076356 -0.040166 -0.114275
v 0.308280 0.034912 -0.461374
v 0.177324 -0.030385 -0.177324
v 0.114275 -0.040166 -0.076356
v 0.461374 0.034912 -0.308280
v 0.231685 -0.030385 -0.095967
v 0.134796 -0.040166 -0.026813
v 0.544228 0.034912 -0.108254
v 0.250774 -0.030385 0.000000
v 0.134796 -0.040166 0.026813
v 0.544228 0.034912 0.108254
v 0.231685 -0.030385 0.095967
v 0.114275 -0.040166 0.076356
v 0.461374 0.034912 0.308280
v 0.177324 -0.030385 0.177324
v 0.076356 -0.040166 0.114275
v 0.308280 0.034912 0.461374
v 0.095967 -0.030385 0.231685
v 0.026813 -0.040166 0.134796
v 0.108254 0.034912 0.544228
v -0.000000 -0.030385 0.250774
v -0.026813 -0.040166 0.134796
v -0.108254 0.034912 0.544228
v -0.095967 -0.030385 0.231685
v -0.076356 -0.040166 0.114275
v -0.308280 0.034912 0.461374
v -0.177324 -0.030385 0.177324
v -0.114275 -0.040166 0.076356
v -0.461374 0.034912 0.308280
v -0.231685 -0.030385 0.095967
v -0.134796 -0.040166 0.026813
v -0.544228 0.034912 0.108254
v -0.250774 -0.030385 0.000000
v -0.134796 -0.040166 -0.026813
v -0.544228 0.034912 -0.108254
v -0.231685 -0.030385 -0.095967
v -0.114275 -0.040166 -0.076356
v -0.461374 0.034912 -0.308280
v -0.177324 -0.030385 -0.177324
v -0.076356 -0.040166 -0.114275
v -0.308280 0.034912 -0.461374
v -0.095967 -0.030385 -0.231685
v -0.026813 -0.040167 -0.134796
v -0.108254 0.034912 -0.544228
v 0.105749 0.041773 -0.531637
v 0.301148 0.041773 -0.450700
v 0.450700 0.041773 -0.301148
v 0.531637 0.041773 -0.105749
v 0.531637 0.041773 0.105749
v 0.450700 0.041773 0.301149
v 0.301148 0.041773 0.450701
v 0.105749 0.041773 0.531637
v -0.105749 0.041773 0.531637
v -0.301148 0.041773 0.450701
v -0.450701 0.041773 0.301149
v -0.531637 0.041773 0.105749
v -0.531637 0.041773 -0.105749
v -0.450701 0.041773 -0.301148
v -0.301148 0.041773 -0.450700
v -0.105749 0.041773 -0.531637
v -0.000000 0.041620 -0.552016
v 0.211247 0.041620 -0.509996
v 0.390334 0.041620 -0.390334
v 0.509996 0.041620 -0.211247
v 0.552016 0.041620 0.000000
v 0.509996 0.041620 0.211247
v 0.390334 0.041620 0.390334
v 0.211247 0.041620 0.509996
v -0.000000 0.041620 0.552016
v -0.211247 0.041620 0.509996
v -0.390334 0.041620 0.390334
v -0.509996 0.041620 0.211247
v -0.552016 0.041620 0.000000
v -0.509996 0.041620 -0.211247
v -0.390334 0.041620 -0.390334
v -0.211247 0.041620 -0.509996
v -0.094994 0.037287 -0.477565
v -0.097171 0.038102 -0.488510
v -0.348273 0.037174 -0.348273
v -0.455041 0.037174 -0.188484
v -0.492533 0.037174 0.000000
v -0.455041 0.037174 0.188484
v -0.348273 0.037174 0.348273
v -0.188484 0.037174 0.455041
v -0.000000 0.037174 0.492533
v 0.188484 0.037174 0.455041
v 0.348273 0.037174 0.348273
v 0.455041 0.037174 0.188484
v 0.492533 0.037174 0.000000
v 0.455041 0.037174 -0.188484
v 0.348273 0.037174 -0.348273
v -0.188484 0.037174 -0.455041
v -0.404860 0.037287 -0.270519
v -0.270519 0.037287 -0.404860
v -0.477565 0.037287 -0.094994
v -0.477565 0.037287 0.094994
v -0.404860 0.037287 0.270519
v -0.270519 0.037287 0.404860
v -0.094994 0.037287 0.477565
v 0.094994 0.037287 0.477565
v 0.270519 0.037287 0.404860
v 0.404860 0.037287 0.270519
v 0.477565 0.037287 0.094994
v 0.477565 0.037287 -0.094994
v 0.404860 0.037287 -0.270519
v 0.270519 0.037287 -0.404860
v 0.094994 0.037287 -0.477565
v 0.097171 0.038102 -0.488510
v 0.067028 0.019818 -0.336975
v 0.190881 0.019818 -0.285674
v 0.285674 0.019818 -0.190881
v 0.336975 0.019818 -0.067028
v 0.336975 0.019818 0.067028
v 0.285674 0.019818 0.190881
v 0.190881 0.019818 0.285674
v 0.067028 0.019818 0.336975
v -0.067028 0.019818 0.336975
v -0.190881 0.019818 0.285674
v -0.285674 0.019818 0.190881
v -0.336975 0.019818 0.067029
v -0.336975 0.019818 -0.067028
v -0.285674 0.019818 -0.190881
v -0.190881 0.019818 -0.285674
v -0.067029 0.019818 -0.336975
v -0.414139 0.038102 -0.276719
v -0.276719 0.038102 -0.414139
v -0.488510 0.038102 -0.097171
v -0.488510 0.038102 0.097171
v -0.414139 0.038102 0.276719
v -0.276719 0.038102 0.414139
v -0.097171 0.038102 0.488510
v 0.097171 0.038102 0.488510
v 0.276719 0.038102 0.414139
v 0.414139 0.038102 0.276719
v 0.488510 0.038102 0.097171
v 0.488510 0.038102 -0.097171
v 0.414139 0.038102 -0.276719
v 0.276719 0.038102 -0.414139
v -0.000000 0.037174 -0.492533
v 0.188484 0.037174 -0.455041
v -0.354647 0.039667 -0.354647
v 0.099264 0.041079 -0.499032
v 0.463368 0.039667 0.191933
v 0.090063 0.036555 -0.452779
v -0.184339 0.038083 0.445033
v 0.282679 0.041079 -0.423059
v 0.256479 0.036555 -0.383848
v -0.191933 0.039667 0.463368
v 0.423059 0.041079 -0.282679
v 0.383848 0.036555 -0.256479
v -0.481701 0.038083 0.000000
v 0.499032 0.041079 -0.099264
v 0.452779 0.036555 -0.090063
v -0.445034 0.038083 -0.184339
v 0.499032 0.041079 0.099264
v 0.452779 0.036555 0.090063
v 0.445033 0.038083 -0.184339
v 0.423059 0.041079 0.282679
v 0.383848 0.036555 0.256479
v 0.481701 0.038083 0.000000
v 0.282679 0.041079 0.423059
v 0.256479 0.036555 0.383848
v -0.463368 0.039667 -0.191933
v 0.099264 0.041079 0.499032
v 0.090063 0.036555 0.452779
v -0.501546 0.039667 0.000000
v -0.099264 0.041079 0.499032
v -0.090063 0.036555 0.452779
v 0.501546 0.039667 0.000000
v -0.282679 0.041079 0.423059
v -0.256479 0.036555 0.383848
v 0.463368 0.039667 -0.191933
v -0.423059 0.041079 0.282679
v -0.383848 0.036555 0.256479
v 0.184339 0.038083 0.445034
v -0.499032 0.041079 0.099264
v -0.452779 0.036555 0.090063
v -0.000000 0.038083 0.481701
v -0.499032 0.041079 -0.099264
v -0.452779 0.036555 -0.090063
v -0.000000 0.039667 0.501546
v -0.423059 0.041079 -0.282679
v -0.383848 0.036555 -0.256479
v 0.191933 0.039667 0.463368
v -0.282679 0.041079 -0.423059
v -0.256479 0.036555 -0.383848
v -0.099264 0.041079 -0.499032
v -0.090063 0.036555 -0.452779
v -0.000000 0.030031 -0.413195
v 0.158123 0.030031 -0.381742
v 0.200873 0.041686 -0.484950
v 0.371164 0.041686 -0.371164
v -0.000000 0.041686 -0.524906
v 0.292173 0.030031 -0.292173
v -0.158123 0.030031 -0.381742
v -0.200873 0.041686 -0.484950
v 0.484950 0.041686 -0.200873
v 0.381742 0.030031 -0.158123
v 0.524906 0.041686 0.000000
v 0.413195 0.030031 0.000000
v 0.484950 0.041686 0.200873
v 0.381742 0.030031 0.158123
v 0.371164 0.041686 0.371164
v 0.292173 0.030031 0.292173
v 0.200873 0.041686 0.484950
v 0.158123 0.030031 0.381742
v -0.000000 0.041686 0.524906
v -0.000000 0.030031 0.413195
v -0.200873 0.041686 0.484950
v -0.158123 0.030031 0.381742
v -0.371164 0.041686 0.371164
v -0.292173 0.030031 0.292173
v -0.484950 0.041686 0.200873
v -0.381742 0.030031 0.158123
v -0.524906 0.041686 0.000000
v -0.413195 0.030031 0.000000
v -0.484950 0.041686 -0.200873
v -0.381742 0.030031 -0.158123
v -0.371164 0.041686 -0.371164
v -0.292173 0.030031 -0.292173
v -0.000000 0.039667 -0.501546
v 0.191933 0.039667 -0.463368
v 0.445033 0.038083 0.184339
v -0.340614 0.038083 -0.340614
v -0.354647 0.039667 0.354647
v 0.184339 0.038083 -0.445033
v -0.000000 0.038083 -0.481701
v -0.340614 0.038083 0.340614
v 0.354647 0.039667 0.354647
v -0.191933 0.039667 -0.463368
v 0.340614 0.038083 0.340614
v -0.184339 0.038083 -0.445033
v 0.354647 0.039667 -0.354647
v -0.463368 0.039667 0.191933
v 0.340614 0.038083 -0.340614
v -0.445033 0.038083 0.184339
v -0.000000 -0.044343 -0.063847
v 0.024433 -0.044343 -0.058987
v 0.045147 -0.044343 -0.045147
v 0.058987 -0.044343 -0.024433
v 0.063847 -0.044343 0.000000
v 0.058987 -0.044343 0.024433
v 0.045147 -0.044343 0.045147
v 0.024433 -0.044343 0.058987
v -0.000000 -0.044343 0.063847
v -0.024433 -0.044343 0.058987
v -0.045147 -0.044343 0.045147
v -0.058987 -0.044343 0.024433
v -0.063847 -0.044343 0.000000
v -0.058987 -0.044343 -0.024433
v -0.045147 -0.044343 -0.045147
v -0.024433 -0.044343 -0.058987
v -0.000000 0.012308 -0.482863
v 0.209461 0.031608 -0.505684
v 0.387034 0.031608 -0.387034
v 0.505684 0.031608 -0.209461
v 0.547348 0.031608 0.000000
v 0.505684 0.031608 0.209461
v 0.387034 0.031608 0.387034
v 0.209461 0.031608 0.505684
v -0.000000 0.031608 0.547348
v -0.209461 0.031608 0.505684
v -0.387034 0.031608 0.387034
v -0.505684 0.031608 0.209461
v -0.547348 0.031608 0.000000
v -0.505684 0.031608 -0.209461
v -0.387034 0.031608 -0.387034
v -0.209461 0.031608 -0.505684
v -0.102408 0.024852 -0.514840
v -0.291633 0.024852 -0.436460
v -0.436460 0.024852 -0.291633
v -0.514840 0.024852 -0.102408
v -0.514840 0.024852 0.102408
v -0.436460 0.024852 0.291633
v -0.291633 0.024852 0.436460
v -0.102408 0.024852 0.514840
v 0.102408 0.024852 0.514840
v 0.291633 0.024852 0.436460
v 0.436460 0.024852 0.291633
v 0.514840 0.024852 0.102408
v 0.514840 0.024852 -0.102408
v 0.436460 0.024852 -0.291633
v 0.291633 0.024852 -0.436460
v 0.102408 0.024852 -0.514840
v 0.038362 -0.001464 -0.192860
v 0.109246 -0.001464 -0.163499
v 0.163499 -0.001464 -0.109246
v 0.192860 -0.001464 -0.038362
v 0.192860 -0.001464 0.038362
v 0.163499 -0.001464 0.109246
v 0.109246 -0.001464 0.163499
v 0.038362 -0.001464 0.192860
v -0.038362 -0.001464 0.192860
v -0.109246 -0.001464 0.163499
v -0.163499 -0.001464 0.109246
v -0.192860 -0.001464 0.038362
v -0.192860 -0.001464 -0.038362
v -0.163499 -0.001464 -0.109246
v -0.109246 -0.001464 -0.163499
v -0.038362 -0.001464 -0.192860
v -0.000000 0.008343 -0.266146
v 0.101849 0.008343 -0.245886
v 0.188193 0.008343 -0.188193
v 0.245887 0.008343 -0.101849
v 0.266146 0.008343 0.000000
v 0.245886 0.008343 0.101849
v 0.188193 0.008343 0.188193
v 0.101849 0.008343 0.245887
v -0.000000 0.008343 0.266146
v -0.101850 0.008343 0.245887
v -0.188193 0.008343 0.188193
v -0.245887 0.008343 0.101850
v -0.266146 0.008343 0.000000
v -0.245887 0.008343 -0.101850
v -0.188193 0.008343 -0.188193
v -0.101850 0.008343 -0.245887
v 0.020600 -0.010001 -0.103565
v 0.058665 -0.010001 -0.087798
v 0.087798 -0.010001 -0.058665
v 0.103565 -0.010001 -0.020600
v 0.103565 -0.010001 0.020600
v 0.087798 -0.010001 0.058665
v 0.058665 -0.010001 0.087798
v 0.020600 -0.010001 0.103565
v -0.020600 -0.010001 0.103565
v -0.058665 -0.010001 0.087798
v -0.087798 -0.010001 0.058665
v -0.103565 -0.010001 0.020600
v -0.103565 -0.010001 -0.020600
v -0.087798 -0.010001 -0.058665
v -0.058665 -0.010001 -0.087798
v -0.020600 -0.010001 -0.103565
v -0.000000 -0.007317 -0.146351
v 0.056006 -0.007317 -0.135211
v 0.103486 -0.007317 -0.103486
v 0.135211 -0.007317 -0.056006
v 0.146351 -0.007317 0.000000
v 0.135211 -0.007317 0.056006
v 0.103486 -0.007317 0.103486
v 0.056006 -0.007317 0.135211
v -0.000000 -0.007317 0.146351
v -0.056006 -0.007317 0.135211
v -0.103486 -0.007317 0.103486
v -0.135211 -0.007317 0.056006
v -0.146351 -0.007317 0.000000
v -0.135211 -0.007317 -0.056006
v -0.103486 -0.007317 -0.103486
v -0.056006 -0.007317 -0.135211
v 0.005892 -0.011079 -0.029624
v 0.016780 -0.011079 -0.025114
v 0.025114 -0.011079 -0.016780
v 0.029624 -0.011079 -0.005892
v 0.029624 -0.011079 0.005892
v 0.025114 -0.011079 0.016780
v 0.016780 -0.011079 0.025114
v 0.005892 -0.011079 0.029624
v -0.005893 -0.011079 0.029624
v -0.016780 -0.011079 0.025114
v -0.025114 -0.011079 0.016780
v -0.029624 -0.011079 0.005893
v -0.029624 -0.011079 -0.005892
v -0.025114 -0.011079 -0.016780
v -0.016780 -0.011079 -0.025114
v -0.005893 -0.011079 -0.029624
v -0.000000 -0.010944 -0.064935
v 0.024850 -0.010944 -0.059992
v 0.045916 -0.010944 -0.045916
v 0.059992 -0.010944 -0.024850
v 0.064935 -0.010944 0.000000
v 0.059992 -0.010944 0.024850
v 0.045916 -0.010944 0.045916
v 0.024850 -0.010944 0.059992
v -0.000000 -0.010944 0.064935
v -0.024850 -0.010944 0.059992
v -0.045916 -0.010944 0.045916
v -0.059992 -0.010944 0.024850
v -0.064935 -0.010944 0.000000
v -0.059992 -0.010944 -0.024850
v -0.045916 -0.010944 -0.045916
v -0.024850 -0.010944 -0.059992
v 0.184784 0.012308 -0.446107
v 0.341436 0.012308 -0.341436
v 0.446107 0.012308 -0.184784
v 0.482863 0.012308 0.000000
v 0.446107 0.012308 0.184784
v 0.341436 0.012308 0.341436
v 0.184784 0.012308 0.446107
v -0.000000 0.012308 0.482863
v -0.184784 0.012308 0.446107
v -0.341436 0.012308 0.341436
v -0.446107 0.012308 0.184784
v -0.482863 0.012308 0.000000
v -0.446107 0.012308 -0.184784
v -0.341436 0.012308 -0.341436
v -0.184784 0.012308 -0.446107
v -0.000000 -0.010531 -0.410956
v 0.085931 -0.001080 -0.432003
v 0.244710 -0.001080 -0.366234
v 0.366234 -0.001080 -0.244710
v 0.432003 -0.001080 -0.085931
v 0.432003 -0.001080 0.085931
v 0.366234 -0.001080 0.244710
v 0.244710 -0.001080 0.366234
v 0.085931 -0.001080 0.432003
v -0.085931 -0.001080 0.432003
v -0.244710 -0.001080 0.366234
v -0.366234 -0.001080 0.244710
v -0.432003 -0.001080 0.085931
v -0.432003 -0.001080 -0.085931
v -0.366234 -0.001080 -0.244710
v -0.244710 -0.001080 -0.366234
v -0.085931 -0.001080 -0.432003
v 0.157266 -0.010531 -0.379674
v 0.290590 -0.010531 -0.290590
v 0.379674 -0.010531 -0.157266
v 0.410956 -0.010531 0.000000
v 0.379674 -0.010531 0.157266
v 0.290590 -0.010531 0.290590
v 0.157266 -0.010531 0.379674
v -0.000000 -0.010531 0.410956
v -0.157266 -0.010531 0.379674
v -0.290590 -0.010531 0.290590
v -0.379674 -0.010531 0.157266
v -0.410956 -0.010531 0.000000
v -0.379674 -0.010531 -0.157266
v -0.290590 -0.010531 -0.290590
v -0.157266 -0.010531 -0.379674
v -0.000000 -0.030385 -0.250774
v -0.069777 -0.019194 -0.350795
v -0.198709 -0.019194 -0.297389
v -0.297390 -0.019194 -0.198709
v -0.350795 -0.019194 -0.069777
v -0.350795 -0.019194 0.069777
v -0.297389 -0.019194 0.198709
v -0.198709 -0.019194 0.297389
v -0.069777 -0.019194 0.350795
v 0.069777 -0.019194 0.350795
v 0.198709 -0.019194 0.297389
v 0.297389 -0.019194 0.198709
v 0.350795 -0.019194 0.069777
v 0.350795 -0.019194 -0.069777
v 0.297389 -0.019194 -0.198709
v 0.198709 -0.019194 -0.297389
v 0.069777 -0.019194 -0.350795
v -0.108653 0.038014 -0.546237
v -0.463078 0.038014 0.309419
v 0.463078 0.038014 0.309419
v -0.546237 0.038014 -0.108653
v 0.108653 0.038014 -0.546237
v 0.108653 0.038014 0.546237
v 0.463078 0.038014 -0.309419
v -0.309419 0.038014 -0.463078
v -0.309419 0.038014 0.463078
v 0.546237 0.038014 0.108653
v -0.546237 0.038014 0.108653
v 0.309419 0.038014 0.463078
v 0.309419 0.038014 -0.463078
v -0.000000 -0.011079 0.000000
v -0.463078 0.038014 -0.309419
v -0.108653 0.038014 0.546237
v 0.546237 0.038014 -0.108653
v 0.106776 0.031609 -0.536797
v 0.304071 0.031609 -0.455074
v 0.455074 0.031608 -0.304071
v 0.536797 0.031609 -0.106776
v 0.536797 0.031609 0.106776
v 0.455074 0.031609 0.304071
v 0.304071 0.031608 0.455074
v 0.106776 0.031609 0.536797
v -0.106776 0.031609 0.536797
v -0.304071 0.031608 0.455074
v -0.455074 0.031609 0.304071
v -0.536797 0.031609 0.106776
v -0.536797 0.031609 -0.106776
v -0.455074 0.031608 -0.304071
v -0.304071 0.031609 -0.455074
v -0.106776 0.031609 -0.536797
v -0.094196 0.012308 -0.473555
v 0.107686 0.041620 -0.541374
v 0.306664 0.041620 -0.458955
v 0.458955 0.041620 -0.306664
v 0.541374 0.041620 -0.107686
v 0.541374 0.041620 0.107686
v 0.458955 0.041620 0.306664
v 0.306664 0.041620 0.458955
v 0.107686 0.041620 0.541374
v -0.107686 0.041620 0.541374
v -0.306664 0.041620 0.458955
v -0.458955 0.041620 0.306664
v -0.541374 0.041620 0.107686
v -0.541374 0.041620 -0.107686
v -0.458955 0.041620 -0.306664
v -0.306664 0.041620 -0.458955
v -0.107686 0.041620 -0.541374
v 0.267601 0.038083 0.400494
v 0.278626 0.039667 0.416994
v 0.267601 0.038083 -0.400494
v -0.416994 0.039667 0.278626
v -0.267601 0.038083 -0.400494
v -0.278626 0.039667 -0.416994
v -0.096082 0.037174 -0.483038
v -0.409500 0.037174 -0.273619
v -0.483038 0.037174 0.096082
v -0.273619 0.037174 0.409500
v 0.096082 0.037174 0.483038
v 0.409499 0.037174 0.273619
v 0.483038 0.037174 -0.096082
v 0.273619 0.037174 -0.409499
v 0.096082 0.037174 -0.483038
v -0.472415 0.038083 0.093969
v 0.400494 0.038083 -0.267601
v -0.491878 0.039667 0.097841
v 0.416994 0.039667 -0.278626
v -0.093969 0.038083 -0.472415
v -0.400494 0.038083 0.267601
v -0.097841 0.039667 -0.491878
v 0.278626 0.039667 -0.416994
v 0.400494 0.038083 0.267601
v 0.416994 0.039667 0.278626
v -0.273619 0.037174 -0.409499
v -0.483038 0.037174 -0.096082
v -0.409500 0.037174 0.273619
v -0.096082 0.037174 0.483038
v 0.273619 0.037174 0.409500
v 0.483038 0.037174 0.096082
v 0.409499 0.037174 -0.273619
v -0.267601 0.038083 0.400494
v 0.093969 0.038083 -0.472415
v -0.278626 0.039667 0.416994
v -0.400494 0.038083 -0.267601
v 0.472415 0.038083 0.093969
v 0.097841 0.039667 -0.491878
v -0.416994 0.039667 -0.278626
v 0.491878 0.039667 0.097841
v -0.093969 0.038083 0.472415
v -0.097841 0.039667 0.491878
v -0.472415 0.038083 -0.093969
v 0.472415 0.038083 -0.093969
v -0.491878 0.039667 -0.097841
v 0.491878 0.039667 -0.097841
v 0.093969 0.038083 0.472415
v 0.097841 0.039667 0.491878
v 0.080605 0.030031 -0.405229
v 0.291603 0.041686 -0.436415
v 0.102397 0.041686 -0.514787
v 0.229544 0.030031 -0.343537
v -0.080605 0.030031 -0.405229
v -0.102397 0.041686 -0.514787
v 0.436415 0.041686 -0.291603
v 0.343537 0.030031 -0.229544
v 0.514787 0.041686 -0.102397
v 0.405229 0.030031 -0.080605
v 0.514787 0.041686 0.102397
v 0.405229 0.030031 0.080605
v 0.436415 0.041686 0.291603
v 0.343537 0.030031 0.229544
v 0.291603 0.041686 0.436415
v 0.229544 0.030031 0.343537
v 0.102397 0.041686 0.514787
v 0.080605 0.030031 0.405229
v -0.102397 0.041686 0.514787
v -0.080605 0.030031 0.405229
v -0.291603 0.041686 0.436415
v -0.229544 0.030031 0.343537
v -0.436415 0.041686 0.291603
v -0.343537 0.030031 0.229544
v -0.514787 0.041686 0.102397
v -0.405229 0.030031 0.080605
v -0.514787 0.041686 -0.102397
v -0.405229 0.030031 -0.080605
v -0.436415 0.041686 -0.291603
v -0.343537 0.030031 -0.229544
v -0.291603 0.041686 -0.436415
v -0.229544 0.030031 -0.343537
v 0.014676 -0.044045 -0.073783
v 0.041795 -0.044045 -0.062550
v 0.062550 -0.044045 -0.041795
v 0.073783 -0.044045 -0.014676
v 0.073783 -0.044045 0.014676
v 0.062550 -0.044045 0.041795
v 0.041795 -0.044045 0.062550
v 0.014676 -0.044045 0.073783
v -0.014676 -0.044045 0.073783
v -0.041795 -0.044045 0.062550
v -0.062550 -0.044045 0.041795
v -0.073783 -0.044045 0.014676
v -0.073783 -0.044045 -0.014676
v -0.062550 -0.044045 -0.041795
v -0.041795 -0.044045 -0.062550
v -0.014676 -0.044045 -0.073783
v -0.268247 0.012308 -0.401460
v -0.401460 0.012308 -0.268247
v -0.473555 0.012308 -0.094196
v -0.473555 0.012308 0.094196
v -0.401460 0.012308 0.268247
v -0.268247 0.012308 0.401460
v -0.094196 0.012308 0.473555
v 0.094196 0.012308 0.473555
v 0.268247 0.012308 0.401460
v 0.401460 0.012308 0.268247
v 0.473555 0.012308 0.094196
v 0.473555 0.012308 -0.094196
v 0.401460 0.012308 -0.268247
v 0.268247 0.012308 -0.401460
v 0.094196 0.012308 -0.473555
v 0.051919 0.008343 -0.261015
v 0.147853 0.008343 -0.221278
v 0.221278 0.008343 -0.147853
v 0.261015 0.008343 -0.051919
v 0.261015 0.008343 0.051919
v 0.221278 0.008343 0.147853
v 0.147853 0.008343 0.221278
v 0.051919 0.008343 0.261015
v -0.051919 0.008343 0.261015
v -0.147853 0.008343 0.221278
v -0.221278 0.008343 0.147853
v -0.261015 0.008343 0.051919
v -0.261015 0.008343 -0.051919
v -0.221278 0.008343 -0.147853
v -0.147853 0.008343 -0.221278
v -0.051919 0.008343 -0.261015
v 0.028550 -0.007317 -0.143530
v 0.081303 -0.007317 -0.121679
v 0.121679 -0.007317 -0.081303
v 0.143530 -0.007317 -0.028550
v 0.143530 -0.007317 0.028550
v 0.121679 -0.007317 0.081303
v 0.081303 -0.007317 0.121679
v 0.028550 -0.007317 0.143530
v -0.028550 -0.007317 0.143530
v -0.081303 -0.007317 0.121679
v -0.121679 -0.007317 0.081303
v -0.143530 -0.007317 0.028550
v -0.143530 -0.007317 -0.028550
v -0.121679 -0.007317 -0.081303
v -0.081303 -0.007317 -0.121679
v -0.028550 -0.007317 -0.143530
v 0.012543 -0.010944 -0.063060
v 0.035720 -0.010944 -0.053459
v 0.053459 -0.010944 -0.035720
v 0.063060 -0.010944 -0.012543
v 0.063060 -0.010944 0.012543
v 0.053459 -0.010944 0.035720
v 0.035720 -0.010944 0.053459
v 0.012543 -0.010944 0.063060
v -0.012543 -0.010944 0.063060
v -0.035720 -0.010944 0.053459
v -0.053459 -0.010944 0.035720
v -0.063060 -0.010944 0.012543
v -0.063060 -0.010944 -0.012543
v -0.053459 -0.010944 -0.035720
v -0.035720 -0.010944 -0.053459
v -0.012543 -0.010944 -0.063060
v 0.080168 -0.010531 -0.403034
v 0.228300 -0.010531 -0.341676
v 0.341676 -0.010531 -0.228300
v 0.403034 -0.010531 -0.080168
v 0.403034 -0.010531 0.080168
v 0.341676 -0.010531 0.228300
v 0.228300 -0.010531 0.341676
v 0.080168 -0.010531 0.403034
v -0.080168 -0.010531 0.403034
v -0.228300 -0.010531 0.341676
v -0.341676 -0.010531 0.228300
v -0.403034 -0.010531 0.080168
v -0.403034 -0.010531 -0.080168
v -0.341676 -0.010531 -0.228300
v -0.228300 -0.010531 -0.341676
v -0.080168 -0.010531 -0.403034
v -0.048944 -0.030385 -0.246056
v -0.139380 -0.030385 -0.208596
v -0.208596 -0.030385 -0.139380
v -0.246056 -0.030385 -0.048944
v -0.246056 -0.030385 0.048944
v -0.208596 -0.030385 0.139380
v -0.139380 -0.030385 0.208596
v -0.048944 -0.030385 0.246056
v 0.048944 -0.030385 0.246056
v 0.139380 -0.030385 0.208596
v 0.208596 -0.030385 0.139380
v 0.246056 -0.030385 0.048944
v 0.246056 -0.030385 -0.048944
v 0.208596 -0.030385 -0.139380
v 0.139380 -0.030385 -0.208596
v 0.048944 -0.030385 -0.246056
vn -0.2437 0.7711 -0.5883
vn -0.1242 0.7712 -0.6244
vn -0.1938 -0.1148 -0.9743
vn -0.3802 -0.1148 -0.9178
vn -0.0000 0.7711 -0.6367
vn -0.0000 -0.1148 -0.9934
vn -0.0000 -0.7731 -0.6343
vn -0.1237 -0.7731 -0.6221
vn -0.2427 -0.7731 -0.5860
vn -0.4502 0.7711 0.4502
vn -0.5294 0.7712 0.3537
vn -0.8260 -0.1148 0.5519
vn -0.7024 -0.1148 0.7024
vn -0.5883 0.7711 0.2437
vn -0.9178 -0.1148 0.3802
vn -0.5860 -0.7731 0.2427
vn -0.5274 -0.7731 0.3524
vn -0.4485 -0.7731 0.4485
vn 0.5883 0.7711 0.2437
vn 0.5294 0.7712 0.3537
vn 0.8260 -0.1148 0.5519
vn 0.9178 -0.1148 0.3802
vn 0.4502 0.7711 0.4502
vn 0.7024 -0.1148 0.7024
vn 0.4485 -0.7731 0.4485
vn 0.5274 -0.7731 0.3524
vn 0.5860 -0.7731 0.2427
vn -0.6367 0.7711 -0.0000
vn -0.6244 0.7712 -0.1242
vn -0.9743 -0.1148 -0.1938
vn -0.9934 -0.1148 -0.0000
vn -0.5883 0.7711 -0.2437
vn -0.9178 -0.1148 -0.3802
vn -0.5860 -0.7731 -0.2427
vn -0.6221 -0.7731 -0.1237
vn -0.6343 -0.7731 -0.0000
vn 0.1242 0.7712 -0.6244
vn 0.1938 -0.1148 -0.9743
vn 0.2437 0.7711 -0.5883
vn 0.3802 -0.1148 -0.9178
vn 0.2427 -0.7731 -0.5860
vn 0.1237 -0.7731 -0.6221
vn 0.2437 0.7711 0.5883
vn 0.1242 0.7712 0.6244
vn 0.1938 -0.1148 0.9743
vn 0.3802 -0.1148 0.9178
vn -0.0000 0.7711 0.6367
vn -0.0000 -0.1148 0.9934
vn -0.0000 -0.7731 0.6343
vn 0.1237 -0.7731 0.6221
vn 0.2427 -0.7731 0.5860
vn 0.4502 0.7711 -0.4502
vn 0.5294 0.7712 -0.3537
vn 0.8260 -0.1148 -0.5519
vn 0.7024 -0.1148 -0.7024
vn 0.5883 0.7711 -0.2437
vn 0.9178 -0.1148 -0.3802
vn 0.5860 -0.7731 -0.2427
vn 0.5274 -0.7731 -0.3524
vn 0.4485 -0.7731 -0.4485
vn -0.4502 0.7711 -0.4502
vn -0.3537 0.7712 -0.5294
vn -0.5519 -0.1148 -0.8260
vn -0.7024 -0.1148 -0.7024
vn -0.3524 -0.7731 -0.5274
vn -0.4485 -0.7731 -0.4485
vn -0.2437 0.7711 0.5883
vn -0.3537 0.7712 0.5294
vn -0.5519 -0.1148 0.8260
vn -0.3802 -0.1148 0.9178
vn -0.3524 -0.7731 0.5274
vn -0.2427 -0.7731 0.5860
vn 0.6367 0.7711 -0.0000
vn 0.6244 0.7711 0.1242
vn 0.9743 -0.1148 0.1938
vn 0.9934 -0.1148 -0.0000
vn 0.6221 -0.7731 0.1237
vn 0.6343 -0.7731 -0.0000
vn -0.6244 0.7712 0.1242
vn -0.9743 -0.1148 0.1938
vn -0.6221 -0.7731 0.1237
vn 0.3537 0.7712 0.5294
vn 0.5519 -0.1148 0.8260
vn 0.3524 -0.7731 0.5274
vn 0.3537 0.7712 -0.5294
vn 0.5519 -0.1148 -0.8260
vn 0.3524 -0.7731 -0.5274
vn -0.0012 1.0000 0.0030
vn -0.0002 1.0000 0.0012
vn -0.0000 1.0000 -0.0000
vn -0.0007 1.0000 0.0010
vn -0.0000 1.0000 0.0033
vn 0.0002 1.0000 0.0012
vn 0.0012 1.0000 0.0030
vn 0.0007 1.0000 0.0010
vn 0.0023 1.0000 0.0023
vn 0.0010 1.0000 0.0007
vn 0.0030 1.0000 0.0012
vn 0.0012 1.0000 0.0002
vn 0.0033 1.0000 -0.0000
vn 0.0012 1.0000 -0.0002
vn 0.0030 1.0000 -0.0012
vn 0.0010 1.0000 -0.0007
vn 0.0023 1.0000 -0.0023
vn 0.0007 1.0000 -0.0010
vn 0.0012 1.0000 -0.0030
vn 0.0002 1.0000 -0.0012
vn -0.0000 1.0000 -0.0033
vn -0.0002 1.0000 -0.0012
vn -0.0012 1.0000 -0.0030
vn -0.0007 1.0000 -0.0010
vn -0.0023 1.0000 -0.0023
vn -0.0010 1.0000 -0.0007
vn -0.0030 1.0000 -0.0012
vn -0.0012 1.0000 -0.0002
vn -0.0033 1.0000 -0.0000
vn -0.0012 1.0000 0.0002
vn -0.0030 1.0000 0.0012
vn -0.0010 1.0000 0.0007
vn -0.0023 1.0000 0.0023
vn -0.5294 0.7712 -0.3537
vn -0.8260 -0.1148 -0.5519
vn -0.5274 -0.7731 -0.3524
vn -0.1242 0.7712 0.6244
vn -0.1938 -0.1148 0.9743
vn -0.1237 -0.7731 0.6221
vn 0.6244 0.7712 -0.1242
vn 0.9743 -0.1149 -0.1938
vn 0.6221 -0.7731 -0.1237
vn -0.0000 -0.9578 -0.2873
vn -0.0000 -0.9378 -0.3472
vn 0.0677 -0.9378 -0.3405
vn 0.0561 -0.9578 -0.2818
vn 0.1329 -0.9378 -0.3208
vn 0.1100 -0.9578 -0.2655
vn 0.1929 -0.9378 -0.2887
vn 0.1596 -0.9578 -0.2389
vn 0.2455 -0.9378 -0.2455
vn 0.2032 -0.9578 -0.2032
vn 0.2887 -0.9378 -0.1929
vn 0.2389 -0.9578 -0.1596
vn 0.3208 -0.9378 -0.1329
vn 0.2655 -0.9578 -0.1100
vn 0.3405 -0.9378 -0.0677
vn 0.2818 -0.9578 -0.0561
vn 0.3472 -0.9378 -0.0000
vn 0.2873 -0.9578 -0.0000
vn 0.3405 -0.9378 0.0677
vn 0.2818 -0.9578 0.0561
vn 0.3208 -0.9378 0.1329
vn 0.2655 -0.9578 0.1100
vn 0.2887 -0.9378 0.1929
vn 0.2389 -0.9578 0.1596
vn 0.2455 -0.9378 0.2455
vn 0.2032 -0.9578 0.2032
vn 0.1929 -0.9378 0.2887
vn 0.1596 -0.9578 0.2389
vn 0.1329 -0.9378 0.3208
vn 0.1100 -0.9578 0.2655
vn 0.0677 -0.9378 0.3405
vn 0.0561 -0.9578 0.2818
vn -0.0000 -0.9378 0.3472
vn -0.0000 -0.9578 0.2873
vn -0.0677 -0.9378 0.3405
vn -0.0561 -0.9578 0.2818
vn -0.1329 -0.9378 0.3208
vn -0.1100 -0.9578 0.2655
vn -0.1929 -0.9378 0.2887
vn -0.1596 -0.9578 0.2389
vn -0.2455 -0.9378 0.2455
vn -0.2032 -0.9578 0.2032
vn -0.2887 -0.9378 0.1929
vn -0.2389 -0.9578 0.1596
vn -0.3208 -0.9378 0.1329
vn -0.2655 -0.9578 0.1100
vn -0.3405 -0.9378 0.0677
vn -0.2818 -0.9578 0.0561
vn -0.3472 -0.9378 -0.0000
vn -0.2873 -0.9578 -0.0000
vn -0.3405 -0.9378 -0.0677
vn -0.2818 -0.9578 -0.0561
vn -0.3208 -0.9378 -0.1329
vn -0.2655 -0.9578 -0.1100
vn -0.2887 -0.9378 -0.1929
vn -0.2389 -0.9578 -0.1596
vn -0.2455 -0.9378 -0.2455
vn -0.2032 -0.9578 -0.2032
vn -0.1929 -0.9378 -0.2887
vn -0.1596 -0.9578 -0.2389
vn -0.1329 -0.9378 -0.3208
vn -0.1100 -0.9578 -0.2655
vn -0.0677 -0.9378 -0.3405
vn -0.0561 -0.9578 -0.2818
vn -0.1159 -0.9530 -0.2799
vn -0.1121 -0.9561 -0.2707
vn -0.0572 -0.9561 -0.2874
vn -0.0591 -0.9530 -0.2971
vn -0.0000 -0.9561 -0.2930
vn -0.0000 -0.9530 -0.3029
vn -0.0000 1.0000 -0.0058
vn 0.0011 1.0000 -0.0057
vn 0.0282 0.9895 -0.1417
vn -0.0000 0.9895 -0.1445
vn 0.0022 1.0000 -0.0054
vn 0.0553 0.9895 -0.1335
vn 0.0032 1.0000 -0.0048
vn 0.0802 0.9895 -0.1201
vn 0.0041 1.0000 -0.0041
vn 0.1022 0.9895 -0.1022
vn 0.0048 1.0000 -0.0032
vn 0.1201 0.9895 -0.0802
vn 0.0054 1.0000 -0.0022
vn 0.1335 0.9895 -0.0553
vn 0.0057 1.0000 -0.0011
vn 0.1416 0.9895 -0.0282
vn 0.0058 1.0000 -0.0000
vn 0.1445 0.9895 -0.0000
vn 0.0057 1.0000 0.0011
vn 0.1417 0.9895 0.0282
vn 0.0054 1.0000 0.0022
vn 0.1335 0.9895 0.0553
vn 0.0048 1.0000 0.0032
vn 0.1201 0.9895 0.0802
vn 0.0041 1.0000 0.0041
vn 0.1022 0.9895 0.1022
vn 0.0032 1.0000 0.0048
vn 0.0802 0.9895 0.1201
vn 0.0022 1.0000 0.0054
vn 0.0553 0.9895 0.1335
vn 0.0011 1.0000 0.0057
vn 0.0282 0.9895 0.1416
vn -0.0000 1.0000 0.0058
vn -0.0000 0.9895 0.1445
vn -0.0011 1.0000 0.0057
vn -0.0282 0.9895 0.1417
vn -0.0022 1.0000 0.0054
vn -0.0553 0.9895 0.1335
vn -0.0032 1.0000 0.0048
vn -0.0802 0.9895 0.1201
vn -0.0041 1.0000 0.0041
vn -0.1022 0.9895 0.1022
vn -0.0048 1.0000 0.0032
vn -0.1201 0.9895 0.0802
vn -0.0054 1.0000 0.0022
vn -0.1335 0.9895 0.0553
vn -0.0057 1.0000 0.0011
vn -0.1417 0.9895 0.0282
vn -0.0058 1.0000 -0.0000
vn -0.1445 0.9895 -0.0000
vn -0.0057 1.0000 -0.0011
vn -0.1416 0.9895 -0.0282
vn -0.0054 1.0000 -0.0022
vn -0.1335 0.9895 -0.0553
vn -0.0048 1.0000 -0.0032
vn -0.1201 0.9895 -0.0802
vn -0.0041 1.0000 -0.0041
vn -0.1022 0.9895 -0.1022
vn -0.0032 1.0000 -0.0048
vn -0.0802 0.9895 -0.1201
vn -0.0022 1.0000 -0.0054
vn -0.0553 0.9895 -0.1335
vn -0.0011 1.0000 -0.0057
vn -0.0282 0.9895 -0.1416
vn -0.0728 0.9947 -0.0728
vn -0.0572 0.9947 -0.0856
vn 0.0243 0.9990 0.0364
vn 0.0310 0.9990 0.0310
vn -0.0394 0.9947 -0.0951
vn 0.0168 0.9990 0.0404
vn 0.0309 0.9967 0.0747
vn 0.0449 0.9967 0.0673
vn 0.0572 0.9967 0.0572
vn -0.0417 0.9940 -0.1007
vn -0.0606 0.9940 -0.0907
vn -0.1640 0.9554 -0.2455
vn -0.1130 0.9554 -0.2727
vn -0.0771 0.9940 -0.0771
vn -0.2087 0.9554 -0.2087
vn -0.2091 0.9553 -0.2091
vn -0.1643 0.9553 -0.2458
vn -0.1132 0.9553 -0.2732
vn -0.0394 0.9947 0.0951
vn -0.0572 0.9947 0.0856
vn 0.0243 0.9990 -0.0364
vn 0.0168 0.9990 -0.0404
vn -0.0728 0.9947 0.0728
vn 0.0310 0.9990 -0.0310
vn 0.0572 0.9967 -0.0572
vn 0.0449 0.9967 -0.0673
vn 0.0309 0.9967 -0.0747
vn 0.1007 0.9940 -0.0417
vn 0.0907 0.9940 -0.0606
vn 0.2455 0.9554 -0.1640
vn 0.2727 0.9554 -0.1130
vn 0.0771 0.9940 -0.0771
vn 0.2087 0.9554 -0.2087
vn 0.2091 0.9553 -0.2091
vn 0.2458 0.9553 -0.1643
vn 0.2732 0.9553 -0.1132
vn 0.0728 0.9947 0.0728
vn 0.0572 0.9947 0.0856
vn -0.0243 0.9990 -0.0364
vn -0.0310 0.9990 -0.0310
vn 0.0394 0.9947 0.0951
vn -0.0168 0.9990 -0.0404
vn -0.0309 0.9967 -0.0747
vn -0.0449 0.9967 -0.0673
vn -0.0572 0.9967 -0.0572
vn 0.0417 0.9940 0.1007
vn 0.0606 0.9940 0.0907
vn 0.1640 0.9554 0.2455
vn 0.1130 0.9554 0.2727
vn 0.0771 0.9940 0.0771
vn 0.2087 0.9554 0.2087
vn 0.2091 0.9553 0.2091
vn 0.1643 0.9553 0.2458
vn 0.1132 0.9553 0.2732
vn -0.0000 0.9553 0.2957
vn 0.0577 0.9553 0.2900
vn 0.0151 0.9970 0.0759
vn -0.0000 0.9970 0.0775
vn 0.0296 0.9970 0.0716
vn -0.0158 0.9967 -0.0793
vn -0.0000 0.9967 -0.0809
vn 0.2458 0.9553 0.1643
vn 0.0644 0.9970 0.0430
vn 0.0548 0.9970 0.0548
vn 0.2732 0.9553 0.1132
vn 0.0716 0.9970 0.0296
vn -0.0747 0.9967 -0.0309
vn -0.0673 0.9967 -0.0449
vn 0.2957 0.9553 -0.0000
vn 0.2900 0.9553 -0.0577
vn 0.0759 0.9970 -0.0151
vn 0.0775 0.9970 -0.0000
vn 0.0716 0.9970 -0.0296
vn -0.0747 0.9967 0.0309
vn -0.0793 0.9967 0.0158
vn -0.0809 0.9967 -0.0000
vn 0.1643 0.9553 -0.2458
vn 0.0430 0.9970 -0.0644
vn 0.0548 0.9970 -0.0548
vn 0.1132 0.9553 -0.2732
vn 0.0296 0.9970 -0.0716
vn -0.0309 0.9967 0.0747
vn -0.0449 0.9967 0.0673
vn -0.0572 0.9967 0.0572
vn -0.0000 0.9553 -0.2957
vn -0.0577 0.9553 -0.2900
vn -0.0151 0.9970 -0.0759
vn -0.0000 0.9970 -0.0775
vn -0.0296 0.9970 -0.0716
vn 0.0158 0.9967 0.0793
vn -0.0000 0.9967 0.0809
vn -0.2458 0.9553 -0.1643
vn -0.0644 0.9970 -0.0430
vn -0.0548 0.9970 -0.0548
vn -0.2732 0.9553 -0.1132
vn -0.0716 0.9970 -0.0296
vn 0.0747 0.9967 0.0309
vn 0.0673 0.9967 0.0449
vn -0.2957 0.9553 -0.0000
vn -0.2900 0.9553 0.0577
vn -0.0759 0.9970 0.0151
vn -0.0775 0.9970 -0.0000
vn -0.2732 0.9553 0.1132
vn -0.0716 0.9970 0.0296
vn 0.0747 0.9967 -0.0309
vn 0.0793 0.9967 -0.0158
vn 0.0809 0.9967 -0.0000
vn -0.2091 0.9553 0.2091
vn -0.1643 0.9553 0.2458
vn -0.0430 0.9970 0.0644
vn -0.0548 0.9970 0.0548
vn -0.1132 0.9553 0.2732
vn -0.0296 0.9970 0.0716
vn -0.0577 0.9553 0.2900
vn -0.0151 0.9970 0.0759
vn 0.0158 0.9967 -0.0793
vn 0.0951 0.9947 -0.0394
vn 0.1009 0.9947 -0.0201
vn -0.0429 0.9990 0.0085
vn -0.0404 0.9990 0.0168
vn 0.1029 0.9947 -0.0000
vn -0.0438 0.9990 -0.0000
vn -0.0856 0.9947 0.0572
vn 0.0364 0.9990 -0.0243
vn -0.0951 0.9947 0.0394
vn 0.0404 0.9990 -0.0168
vn 0.0673 0.9967 -0.0449
vn 0.1090 0.9940 -0.0000
vn 0.1069 0.9940 -0.0213
vn 0.2896 0.9554 -0.0576
vn 0.2952 0.9554 -0.0000
vn -0.1007 0.9940 0.0417
vn -0.0907 0.9940 0.0606
vn -0.2455 0.9554 0.1640
vn -0.2727 0.9554 0.1130
vn -0.0771 0.9940 0.0771
vn -0.2087 0.9554 0.2088
vn -0.2458 0.9553 0.1643
vn 0.0201 0.9947 0.1009
vn -0.0085 0.9990 -0.0429
vn -0.0000 0.9947 0.1029
vn -0.0000 0.9990 -0.0438
vn 0.0728 0.9947 -0.0728
vn 0.0856 0.9947 -0.0572
vn -0.0364 0.9990 0.0243
vn -0.0310 0.9990 0.0310
vn -0.0673 0.9967 0.0449
vn -0.0000 0.9940 0.1090
vn 0.0213 0.9940 0.1069
vn 0.0576 0.9554 0.2896
vn -0.0000 0.9554 0.2952
vn -0.0606 0.9940 0.0907
vn -0.1640 0.9554 0.2455
vn -0.0417 0.9940 0.1007
vn -0.1130 0.9554 0.2727
vn -0.0951 0.9947 -0.0394
vn -0.0856 0.9947 -0.0572
vn 0.0364 0.9990 0.0243
vn 0.0404 0.9990 0.0168
vn -0.0907 0.9940 -0.0606
vn -0.2455 0.9554 -0.1640
vn -0.1007 0.9940 -0.0417
vn -0.2727 0.9554 -0.1130
vn 0.0430 0.9970 0.0644
vn 0.2900 0.9553 0.0577
vn 0.0759 0.9970 0.0151
vn -0.0793 0.9967 -0.0158
vn 0.0644 0.9970 -0.0430
vn 0.0577 0.9553 -0.2900
vn 0.0151 0.9970 -0.0759
vn -0.0158 0.9967 0.0793
vn -0.0430 0.9970 -0.0644
vn -0.2900 0.9553 -0.0577
vn -0.0759 0.9970 -0.0151
vn 0.0793 0.9967 0.0158
vn -0.0644 0.9970 0.0430
vn 0.0394 0.9947 -0.0951
vn 0.0572 0.9947 -0.0856
vn -0.0243 0.9990 0.0364
vn -0.0168 0.9990 0.0404
vn -0.0201 0.9947 0.1009
vn 0.0085 0.9990 -0.0429
vn 0.0606 0.9940 -0.0907
vn 0.1640 0.9554 -0.2455
vn 0.0417 0.9940 -0.1007
vn 0.1130 0.9554 -0.2727
vn 0.0951 0.9947 0.0394
vn 0.0856 0.9947 0.0572
vn -0.0364 0.9990 -0.0243
vn -0.0404 0.9990 -0.0168
vn -0.1029 0.9947 -0.0000
vn -0.1009 0.9947 -0.0201
vn 0.0429 0.9990 0.0085
vn 0.0438 0.9990 -0.0000
vn -0.0213 0.9940 0.1069
vn -0.0576 0.9554 0.2896
vn 0.0907 0.9940 0.0606
vn 0.2455 0.9554 0.1640
vn 0.1007 0.9940 0.0417
vn 0.2727 0.9554 0.1130
vn -0.1069 0.9940 -0.0213
vn -0.2896 0.9554 -0.0576
vn -0.1090 0.9940 -0.0000
vn -0.2952 0.9554 -0.0000
vn -0.0000 0.9947 -0.1029
vn 0.0201 0.9947 -0.1009
vn -0.0085 0.9990 0.0429
vn -0.0000 0.9990 0.0438
vn 0.0213 0.9940 -0.1069
vn 0.0576 0.9554 -0.2896
vn -0.0000 0.9940 -0.1090
vn -0.0000 0.9554 -0.2952
vn 0.1009 0.9947 0.0201
vn -0.0429 0.9990 -0.0085
vn -0.1009 0.9947 0.0201
vn 0.0429 0.9990 -0.0085
vn 0.1069 0.9940 0.0213
vn 0.2896 0.9554 0.0576
vn -0.1069 0.9940 0.0213
vn -0.2896 0.9554 0.0576
vn -0.0201 0.9947 -0.1009
vn 0.0085 0.9990 0.0429
vn -0.0213 0.9940 -0.1069
vn -0.0576 0.9554 -0.2896
vn -0.0000 0.9893 0.1458
vn -0.0285 0.9893 0.1430
vn -0.0271 0.9903 0.1363
vn -0.0000 0.9903 0.1389
vn -0.0558 0.9893 0.1347
vn -0.0532 0.9903 0.1283
vn -0.0113 0.9998 0.0169
vn -0.0078 0.9998 0.0188
vn -0.0144 0.9998 0.0144
vn -0.0040 0.9998 0.0200
vn -0.0000 0.9998 0.0204
vn -0.0810 0.9893 0.1213
vn -0.0772 0.9903 0.1155
vn -0.1031 0.9893 0.1031
vn -0.0982 0.9903 0.0982
vn 0.0558 0.9893 0.1347
vn 0.0285 0.9893 0.1430
vn 0.0271 0.9903 0.1363
vn 0.0532 0.9903 0.1283
vn 0.0040 0.9998 0.0200
vn 0.0078 0.9998 0.0188
vn -0.0169 0.9998 0.0113
vn -0.0188 0.9998 0.0078
vn -0.1213 0.9893 0.0810
vn -0.1155 0.9903 0.0772
vn -0.1347 0.9893 0.0558
vn -0.1283 0.9903 0.0532
vn -0.0200 0.9998 0.0040
vn -0.0204 0.9998 -0.0000
vn -0.1430 0.9893 0.0285
vn -0.1363 0.9903 0.0271
vn -0.1458 0.9893 -0.0000
vn -0.1389 0.9903 -0.0000
vn -0.0200 0.9998 -0.0040
vn -0.0188 0.9998 -0.0078
vn -0.1430 0.9893 -0.0285
vn -0.1363 0.9903 -0.0271
vn -0.1347 0.9893 -0.0558
vn -0.1283 0.9903 -0.0532
vn -0.0169 0.9998 -0.0113
vn -0.0144 0.9998 -0.0144
vn -0.1213 0.9893 -0.0810
vn -0.1155 0.9903 -0.0772
vn -0.1031 0.9893 -0.1031
vn -0.0982 0.9903 -0.0982
vn -0.0113 0.9998 -0.0169
vn -0.0078 0.9998 -0.0188
vn -0.0810 0.9893 -0.1213
vn -0.0772 0.9903 -0.1155
vn -0.0558 0.9893 -0.1347
vn -0.0532 0.9903 -0.1283
vn -0.0040 0.9998 -0.0200
vn -0.0000 0.9998 -0.0204
vn -0.0285 0.9893 -0.1430
vn -0.0271 0.9903 -0.1363
vn -0.0000 0.9893 -0.1458
vn -0.0000 0.9903 -0.1389
vn 0.0040 0.9998 -0.0200
vn 0.0078 0.9998 -0.0188
vn 0.0285 0.9893 -0.1430
vn 0.0271 0.9903 -0.1363
vn 0.0558 0.9893 -0.1347
vn 0.0532 0.9903 -0.1283
vn 0.0113 0.9998 -0.0169
vn 0.0144 0.9998 -0.0144
vn 0.0810 0.9893 -0.1213
vn 0.0772 0.9903 -0.1155
vn 0.1031 0.9893 -0.1031
vn 0.0982 0.9903 -0.0982
vn 0.0169 0.9998 -0.0113
vn 0.0188 0.9998 -0.0078
vn 0.1213 0.9893 -0.0810
vn 0.1155 0.9903 -0.0772
vn 0.1347 0.9893 -0.0558
vn 0.1283 0.9903 -0.0532
vn 0.0200 0.9998 -0.0040
vn 0.0204 0.9998 -0.0000
vn 0.1430 0.9893 -0.0285
vn 0.1363 0.9903 -0.0271
vn 0.1458 0.9893 -0.0000
vn 0.1389 0.9903 -0.0000
vn 0.0200 0.9998 0.0040
vn 0.0188 0.9998 0.0078
vn 0.1430 0.9893 0.0285
vn 0.1363 0.9903 0.0271
vn 0.1347 0.9893 0.0558
vn 0.1283 0.9903 0.0532
vn 0.0169 0.9998 0.0113
vn 0.0144 0.9998 0.0144
vn 0.1213 0.9893 0.0810
vn 0.1155 0.9903 0.0772
vn 0.1031 0.9893 0.1031
vn 0.0982 0.9903 0.0982
vn 0.0113 0.9998 0.0169
vn 0.0810 0.9893 0.1213
vn 0.0772 0.9903 0.1155
vn -0.0000 -0.9973 -0.0737
vn 0.0143 -0.9973 -0.0717
vn 0.0092 -0.9989 -0.0460
vn -0.0000 -0.9996 -0.0268
vn 0.0282 -0.9973 -0.0680
vn 0.0103 -0.9996 -0.0248
vn -0.0000 -1.0000 -0.0000
vn 0.0406 -0.9973 -0.0608
vn 0.0261 -0.9989 -0.0390
vn 0.0521 -0.9973 -0.0521
vn 0.0190 -0.9996 -0.0190
vn 0.0608 -0.9973 -0.0406
vn 0.0390 -0.9989 -0.0261
vn 0.0680 -0.9973 -0.0282
vn 0.0248 -0.9996 -0.0103
vn 0.0717 -0.9973 -0.0143
vn 0.0460 -0.9989 -0.0092
vn 0.0737 -0.9973 -0.0000
vn 0.0268 -0.9996 -0.0000
vn 0.0717 -0.9973 0.0143
vn 0.0460 -0.9989 0.0092
vn 0.0680 -0.9973 0.0282
vn 0.0248 -0.9996 0.0103
vn 0.0608 -0.9973 0.0406
vn 0.0390 -0.9989 0.0261
vn 0.0521 -0.9973 0.0521
vn 0.0190 -0.9996 0.0190
vn 0.0406 -0.9973 0.0608
vn 0.0261 -0.9989 0.0390
vn 0.0282 -0.9973 0.0680
vn 0.0103 -0.9996 0.0248
vn 0.0143 -0.9973 0.0717
vn 0.0092 -0.9989 0.0460
vn -0.0000 -0.9973 0.0737
vn -0.0000 -0.9996 0.0268
vn -0.0143 -0.9973 0.0717
vn -0.0092 -0.9989 0.0460
vn -0.0282 -0.9973 0.0680
vn -0.0103 -0.9996 0.0248
vn -0.0406 -0.9973 0.0608
vn -0.0261 -0.9989 0.0390
vn -0.0521 -0.9973 0.0521
vn -0.0190 -0.9996 0.0190
vn -0.0608 -0.9973 0.0406
vn -0.0390 -0.9989 0.0261
vn -0.0680 -0.9973 0.0282
vn -0.0248 -0.9996 0.0103
vn -0.0717 -0.9973 0.0143
vn -0.0460 -0.9989 0.0092
vn -0.0737 -0.9973 -0.0000
vn -0.0268 -0.9996 -0.0000
vn -0.0717 -0.9973 -0.0143
vn -0.0460 -0.9989 -0.0092
vn -0.0680 -0.9973 -0.0282
vn -0.0248 -0.9996 -0.0103
vn -0.0608 -0.9973 -0.0406
vn -0.0390 -0.9989 -0.0261
vn -0.0521 -0.9973 -0.0521
vn -0.0190 -0.9996 -0.0190
vn -0.0406 -0.9973 -0.0608
vn -0.0261 -0.9989 -0.0390
vn -0.0282 -0.9973 -0.0680
vn -0.0103 -0.9996 -0.0248
vn -0.0143 -0.9973 -0.0717
vn -0.0092 -0.9989 -0.0460
vn -0.2142 -0.9530 -0.2142
vn -0.2072 -0.9561 -0.2072
vn -0.1628 -0.9561 -0.2436
vn -0.1683 -0.9530 -0.2519
vn -0.2799 -0.9530 -0.1159
vn -0.2707 -0.9561 -0.1121
vn -0.2436 -0.9561 -0.1628
vn -0.2519 -0.9530 -0.1683
vn -0.3029 -0.9530 -0.0000
vn -0.2930 -0.9561 -0.0000
vn -0.2874 -0.9561 -0.0572
vn -0.2971 -0.9530 -0.0591
vn -0.2799 -0.9530 0.1159
vn -0.2707 -0.9561 0.1121
vn -0.2874 -0.9561 0.0572
vn -0.2971 -0.9530 0.0591
vn -0.2142 -0.9530 0.2142
vn -0.2072 -0.9561 0.2072
vn -0.2436 -0.9561 0.1628
vn -0.2519 -0.9530 0.1683
vn -0.1159 -0.9530 0.2799
vn -0.1121 -0.9561 0.2707
vn -0.1628 -0.9561 0.2436
vn -0.1683 -0.9530 0.2519
vn -0.0000 -0.9530 0.3029
vn -0.0000 -0.9561 0.2930
vn -0.0572 -0.9561 0.2874
vn -0.0591 -0.9530 0.2971
vn 0.1159 -0.9530 0.2799
vn 0.1121 -0.9561 0.2707
vn 0.0572 -0.9561 0.2874
vn 0.0591 -0.9530 0.2971
vn 0.2142 -0.9530 0.2142
vn 0.2072 -0.9561 0.2072
vn 0.1628 -0.9561 0.2436
vn 0.1683 -0.9530 0.2519
vn 0.2799 -0.9530 0.1159
vn 0.2707 -0.9561 0.1121
vn 0.2436 -0.9561 0.1628
vn 0.2519 -0.9530 0.1683
vn 0.3029 -0.9530 -0.0000
vn 0.2930 -0.9561 -0.0000
vn 0.2874 -0.9561 0.0572
vn 0.2971 -0.9530 0.0591
vn 0.2799 -0.9530 -0.1159
vn 0.2707 -0.9561 -0.1121
vn 0.2874 -0.9561 -0.0572
vn 0.2971 -0.9530 -0.0591
vn 0.2142 -0.9530 -0.2142
vn 0.2072 -0.9561 -0.2072
vn 0.2436 -0.9561 -0.1628
vn 0.2519 -0.9530 -0.1683
vn 0.1159 -0.9530 -0.2799
vn 0.1121 -0.9561 -0.2707
vn 0.1628 -0.9561 -0.2436
vn 0.1683 -0.9530 -0.2519
vn 0.0572 -0.9561 -0.2874
vn 0.0591 -0.9530 -0.2971
vn -0.0000 0.9917 0.1284
vn -0.0251 0.9917 0.1259
vn -0.0280 0.9897 0.1406
vn -0.0000 0.9897 0.1434
vn -0.0491 0.9917 0.1186
vn -0.0549 0.9897 0.1324
vn -0.0713 0.9917 0.1068
vn -0.0796 0.9897 0.1192
vn -0.0908 0.9917 0.0908
vn -0.1014 0.9897 0.1014
vn -0.1068 0.9917 0.0713
vn -0.1192 0.9897 0.0796
vn -0.1186 0.9917 0.0491
vn -0.1324 0.9897 0.0549
vn -0.1259 0.9917 0.0250
vn -0.1406 0.9897 0.0280
vn -0.1284 0.9917 -0.0000
vn -0.1434 0.9897 -0.0000
vn -0.1259 0.9917 -0.0251
vn -0.1406 0.9897 -0.0280
vn -0.1186 0.9917 -0.0491
vn -0.1324 0.9897 -0.0549
vn -0.1068 0.9917 -0.0713
vn -0.1192 0.9897 -0.0796
vn -0.0908 0.9917 -0.0908
vn -0.1014 0.9897 -0.1014
vn -0.0713 0.9917 -0.1068
vn -0.0796 0.9897 -0.1192
vn -0.0491 0.9917 -0.1186
vn -0.0549 0.9897 -0.1324
vn -0.0251 0.9917 -0.1259
vn -0.0280 0.9897 -0.1406
vn -0.0000 0.9917 -0.1284
vn -0.0000 0.9897 -0.1434
vn 0.0251 0.9917 -0.1259
vn 0.0280 0.9897 -0.1406
vn 0.0491 0.9917 -0.1186
vn 0.0549 0.9897 -0.1324
vn 0.0713 0.9917 -0.1068
vn 0.0796 0.9897 -0.1192
vn 0.0908 0.9917 -0.0908
vn 0.1014 0.9897 -0.1014
vn 0.1068 0.9917 -0.0713
vn 0.1192 0.9897 -0.0796
vn 0.1186 0.9917 -0.0491
vn 0.1324 0.9897 -0.0549
vn 0.1259 0.9917 -0.0251
vn 0.1406 0.9897 -0.0280
vn 0.1284 0.9917 -0.0000
vn 0.1434 0.9897 -0.0000
vn 0.1259 0.9917 0.0250
vn 0.1406 0.9897 0.0280
vn 0.1186 0.9917 0.0491
vn 0.1324 0.9897 0.0549
vn 0.1068 0.9917 0.0713
vn 0.1192 0.9897 0.0796
vn 0.0908 0.9917 0.0908
vn 0.1014 0.9897 0.1014
vn 0.0713 0.9917 0.1068
vn 0.0796 0.9897 0.1192
vn 0.0491 0.9917 0.1186
vn 0.0549 0.9897 0.1324
vn 0.0251 0.9917 0.1259
vn 0.0280 0.9897 0.1406
vn -0.0000 0.9990 0.0457
vn -0.0089 0.9990 0.0448
vn -0.0180 0.9957 0.0904
vn -0.0000 0.9957 0.0922
vn -0.0175 0.9990 0.0422
vn -0.0353 0.9957 0.0852
vn -0.0254 0.9990 0.0380
vn -0.0512 0.9957 0.0766
vn -0.0323 0.9990 0.0323
vn -0.0652 0.9957 0.0652
vn -0.0380 0.9990 0.0254
vn -0.0766 0.9957 0.0512
vn -0.0422 0.9990 0.0175
vn -0.0852 0.9957 0.0353
vn -0.0448 0.9990 0.0089
vn -0.0904 0.9957 0.0180
vn -0.0457 0.9990 -0.0000
vn -0.0922 0.9957 -0.0000
vn -0.0448 0.9990 -0.0089
vn -0.0904 0.9957 -0.0180
vn -0.0422 0.9990 -0.0175
vn -0.0852 0.9957 -0.0353
vn -0.0380 0.9990 -0.0254
vn -0.0766 0.9957 -0.0512
vn -0.0323 0.9990 -0.0323
vn -0.0652 0.9957 -0.0652
vn -0.0254 0.9990 -0.0380
vn -0.0512 0.9957 -0.0766
vn -0.0175 0.9990 -0.0422
vn -0.0353 0.9957 -0.0852
vn -0.0089 0.9990 -0.0448
vn -0.0180 0.9957 -0.0904
vn -0.0000 0.9990 -0.0457
vn -0.0000 0.9957 -0.0922
vn 0.0089 0.9990 -0.0448
vn 0.0180 0.9957 -0.0904
vn 0.0175 0.9990 -0.0422
vn 0.0353 0.9957 -0.0852
vn 0.0254 0.9990 -0.0380
vn 0.0512 0.9957 -0.0766
vn 0.0323 0.9990 -0.0323
vn 0.0652 0.9957 -0.0652
vn 0.0380 0.9990 -0.0254
vn 0.0766 0.9957 -0.0512
vn 0.0422 0.9990 -0.0175
vn 0.0852 0.9957 -0.0353
vn 0.0448 0.9990 -0.0089
vn 0.0904 0.9957 -0.0180
vn 0.0457 0.9990 -0.0000
vn 0.0922 0.9957 -0.0000
vn 0.0448 0.9990 0.0089
vn 0.0904 0.9957 0.0180
vn 0.0422 0.9990 0.0175
vn 0.0852 0.9957 0.0353
vn 0.0380 0.9990 0.0254
vn 0.0766 0.9957 0.0512
vn 0.0323 0.9990 0.0323
vn 0.0652 0.9957 0.0652
vn 0.0254 0.9990 0.0380
vn 0.0512 0.9957 0.0766
vn 0.0175 0.9990 0.0422
vn 0.0353 0.9957 0.0852
vn 0.0089 0.9990 0.0448
vn 0.0180 0.9957 0.0904
vn -0.0027 0.9999 0.0138
vn -0.0000 0.9999 0.0144
vn -0.0055 0.9999 0.0133
vn -0.0078 0.9999 0.0117
vn -0.0102 0.9999 0.0102
vn -0.0117 0.9999 0.0078
vn -0.0133 0.9999 0.0055
vn -0.0138 0.9999 0.0027
vn -0.0144 0.9999 -0.0000
vn -0.0138 0.9999 -0.0027
vn -0.0133 0.9999 -0.0055
vn -0.0117 0.9999 -0.0078
vn -0.0102 0.9999 -0.0102
vn -0.0078 0.9999 -0.0117
vn -0.0055 0.9999 -0.0133
vn -0.0027 0.9999 -0.0138
vn -0.0000 0.9999 -0.0144
vn 0.0027 0.9999 -0.0138
vn 0.0055 0.9999 -0.0133
vn 0.0078 0.9999 -0.0117
vn 0.0102 0.9999 -0.0102
vn 0.0117 0.9999 -0.0078
vn 0.0133 0.9999 -0.0055
vn 0.0138 0.9999 -0.0027
vn 0.0144 0.9999 -0.0000
vn 0.0138 0.9999 0.0027
vn 0.0133 0.9999 0.0055
vn 0.0117 0.9999 0.0078
vn 0.0102 0.9999 0.0102
vn 0.0078 0.9999 0.0117
vn 0.0055 0.9999 0.0133
vn 0.0027 0.9999 0.0138
vn -0.0000 -0.9910 -0.1341
vn -0.0000 -0.9716 -0.2366
vn 0.0462 -0.9716 -0.2321
vn 0.0262 -0.9910 -0.1315
vn 0.0906 -0.9716 -0.2186
vn 0.0513 -0.9910 -0.1238
vn 0.1315 -0.9716 -0.1967
vn 0.0745 -0.9910 -0.1115
vn 0.1673 -0.9716 -0.1673
vn 0.0948 -0.9910 -0.0948
vn 0.1967 -0.9716 -0.1315
vn 0.1115 -0.9910 -0.0745
vn 0.2186 -0.9716 -0.0906
vn 0.1238 -0.9910 -0.0513
vn 0.2321 -0.9716 -0.0462
vn 0.1315 -0.9910 -0.0262
vn 0.2366 -0.9716 -0.0000
vn 0.1341 -0.9910 -0.0000
vn 0.2321 -0.9716 0.0462
vn 0.1315 -0.9910 0.0262
vn 0.2186 -0.9716 0.0906
vn 0.1238 -0.9910 0.0513
vn 0.1967 -0.9716 0.1315
vn 0.1115 -0.9910 0.0745
vn 0.1673 -0.9716 0.1673
vn 0.0948 -0.9910 0.0948
vn 0.1315 -0.9716 0.1967
vn 0.0745 -0.9910 0.1115
vn 0.0906 -0.9716 0.2186
vn 0.0513 -0.9910 0.1238
vn 0.0462 -0.9716 0.2321
vn 0.0262 -0.9910 0.1315
vn -0.0000 -0.9716 0.2366
vn -0.0000 -0.9910 0.1341
vn -0.0462 -0.9716 0.2321
vn -0.0262 -0.9910 0.1315
vn -0.0906 -0.9716 0.2186
vn -0.0513 -0.9910 0.1238
vn -0.1315 -0.9716 0.1967
vn -0.0745 -0.9910 0.1115
vn -0.1673 -0.9716 0.1673
vn -0.0948 -0.9910 0.0948
vn -0.1967 -0.9716 0.1315
vn -0.1115 -0.9910 0.0745
vn -0.2186 -0.9716 0.0906
vn -0.1238 -0.9910 0.0513
vn -0.2321 -0.9716 0.0462
vn -0.1315 -0.9910 0.0262
vn -0.2366 -0.9716 -0.0000
vn -0.1341 -0.9910 -0.0000
vn -0.2321 -0.9716 -0.0462
vn -0.1315 -0.9910 -0.0262
vn -0.2186 -0.9716 -0.0906
vn -0.1238 -0.9910 -0.0513
vn -0.1967 -0.9716 -0.1315
vn -0.1115 -0.9910 -0.0745
vn -0.1673 -0.9716 -0.1673
vn -0.0948 -0.9910 -0.0948
vn -0.1315 -0.9716 -0.1967
vn -0.0745 -0.9910 -0.1115
vn -0.0906 -0.9716 -0.2186
vn -0.0513 -0.9910 -0.1238
vn -0.0462 -0.9716 -0.2321
vn -0.0262 -0.9910 -0.1315
vn -0.0365 -0.9954 -0.0882
vn -0.0186 -0.9954 -0.0936
vn -0.0000 -0.9954 -0.0955
vn -0.0675 -0.9954 -0.0675
vn -0.0530 -0.9954 -0.0793
vn -0.0882 -0.9954 -0.0365
vn -0.0793 -0.9954 -0.0530
vn -0.0955 -0.9954 -0.0000
vn -0.0936 -0.9954 -0.0186
vn -0.0882 -0.9954 0.0365
vn -0.0936 -0.9954 0.0186
vn -0.0675 -0.9954 0.0675
vn -0.0793 -0.9954 0.0530
vn -0.0365 -0.9954 0.0882
vn -0.0530 -0.9954 0.0793
vn -0.0000 -0.9954 0.0955
vn -0.0186 -0.9954 0.0936
vn 0.0365 -0.9954 0.0882
vn 0.0186 -0.9954 0.0936
vn 0.0675 -0.9954 0.0675
vn 0.0530 -0.9954 0.0793
vn 0.0882 -0.9954 0.0365
vn 0.0793 -0.9954 0.0530
vn 0.0955 -0.9954 -0.0000
vn 0.0936 -0.9954 0.0186
vn 0.0882 -0.9954 -0.0365
vn 0.0936 -0.9954 -0.0186
vn 0.0675 -0.9954 -0.0675
vn 0.0793 -0.9954 -0.0530
vn 0.0365 -0.9954 -0.0882
vn 0.0530 -0.9954 -0.0793
vn 0.0186 -0.9954 -0.0936
vt 0.604432 0.083519
vt 0.517852 0.073387
vt 0.517897 0.071905
vt 0.604883 0.081601
vt 0.430770 0.079893
vt 0.430435 0.077958
vt 0.428641 0.067577
vt 0.517972 0.069443
vt 0.607302 0.071308
vt 0.867509 0.756791
vt 0.910882 0.682540
vt 0.912268 0.683137
vt 0.869149 0.757917
vt 0.938698 0.601595
vt 0.940660 0.602019
vt 0.951190 0.604296
vt 0.914571 0.684128
vt 0.877951 0.763959
vt 0.127362 0.741333
vt 0.180746 0.808294
vt 0.179640 0.809320
vt 0.125656 0.742389
vt 0.246539 0.863742
vt 0.245372 0.865352
vt 0.239107 0.873990
vt 0.177804 0.811024
vt 0.116500 0.748057
vt 0.943819 0.432109
vt 0.920927 0.350105
vt 0.922347 0.349567
vt 0.945805 0.431768
vt 0.882093 0.274138
vt 0.883799 0.273082
vt 0.892955 0.267414
vt 0.924707 0.348673
vt 0.956458 0.429932
vt 0.346538 0.102893
vt 0.345998 0.101512
vt 0.268366 0.141401
vt 0.267298 0.139745
vt 0.261563 0.130856
vt 0.345102 0.099217
vt 0.405023 0.931952
vt 0.491603 0.942084
vt 0.491558 0.943566
vt 0.404572 0.933870
vt 0.578686 0.935578
vt 0.579020 0.937513
vt 0.580814 0.947894
vt 0.491484 0.946028
vt 0.402153 0.944163
vt 0.141947 0.258680
vt 0.098574 0.332931
vt 0.097187 0.332334
vt 0.140306 0.257554
vt 0.070757 0.413876
vt 0.068795 0.413452
vt 0.058266 0.411175
vt 0.094885 0.331343
vt 0.131504 0.251511
vt 0.762916 0.151729
vt 0.687168 0.110007
vt 0.687791 0.108650
vt 0.764083 0.150119
vt 0.688825 0.106395
vt 0.770348 0.141481
vt 0.741089 0.874070
vt 0.810148 0.821438
vt 0.811190 0.822509
vt 0.742158 0.875727
vt 0.812922 0.824287
vt 0.747892 0.884615
vt 0.065636 0.583362
vt 0.088528 0.665366
vt 0.087108 0.665904
vt 0.063651 0.583704
vt 0.084748 0.666798
vt 0.052997 0.585538
vt 0.949782 0.517030
vt 0.951301 0.517062
vt 0.953824 0.517114
vt 0.322287 0.905464
vt 0.321664 0.906821
vt 0.320630 0.909076
vt 0.199307 0.194033
vt 0.198265 0.192962
vt 0.196533 0.191184
vt 0.489030 0.483406
vt 0.496134 0.485741
vt 0.504727 0.507735
vt 0.488135 0.490693
vt 0.499816 0.479321
vt 0.505441 0.484138
vt 0.511349 0.479561
vt 0.514639 0.486128
vt 0.521875 0.484092
vt 0.522329 0.491407
vt 0.529790 0.492221
vt 0.527339 0.499172
vt 0.533890 0.502713
vt 0.528907 0.508240
vt 0.533549 0.513969
vt 0.526793 0.517232
vt 0.528821 0.524276
vt 0.521321 0.524778
vt 0.520425 0.532065
vt 0.513322 0.529730
vt 0.509640 0.536150
vt 0.504015 0.531333
vt 0.498106 0.535909
vt 0.494816 0.529343
vt 0.487580 0.531379
vt 0.487126 0.524064
vt 0.479665 0.523250
vt 0.482116 0.516299
vt 0.475566 0.512758
vt 0.480549 0.507231
vt 0.475906 0.501502
vt 0.482662 0.498239
vt 0.480634 0.491195
vt 0.828709 0.207177
vt 0.829815 0.206152
vt 0.831652 0.204448
vt 0.662917 0.912578
vt 0.663457 0.913959
vt 0.664354 0.916255
vt 0.059673 0.498441
vt 0.058154 0.498409
vt 0.055631 0.498357
vt 0.732229 0.332320
vt 0.743574 0.324283
vt 0.771274 0.379879
vt 0.758978 0.385280
vt 0.754356 0.316632
vt 0.777991 0.376926
vt 0.801627 0.437221
vt 0.788885 0.439923
vt 0.775491 0.442751
vt 0.794372 0.502547
vt 0.781052 0.502552
vt 0.801651 0.502542
vt 0.801675 0.567863
vt 0.788918 0.565196
vt 0.775514 0.562376
vt 0.771322 0.625318
vt 0.759011 0.619914
vt 0.778053 0.628270
vt 0.754430 0.688678
vt 0.743590 0.681011
vt 0.732229 0.672960
vt 0.705531 0.729407
vt 0.696118 0.719417
vt 0.710676 0.734872
vt 0.666921 0.781065
vt 0.659729 0.769569
vt 0.652153 0.757523
vt 0.607089 0.798775
vt 0.602013 0.785736
vt 0.609857 0.805905
vt 0.552793 0.830744
vt 0.550311 0.817247
vt 0.547674 0.803060
vt 0.491187 0.822877
vt 0.491211 0.808785
vt 0.491167 0.830573
vt 0.429541 0.830401
vt 0.432117 0.816949
vt 0.434802 0.802786
vt 0.375511 0.798232
vt 0.380616 0.785233
vt 0.372718 0.805327
vt 0.315894 0.780253
vt 0.323121 0.768881
vt 0.330708 0.756891
vt 0.277611 0.728727
vt 0.287018 0.718789
vt 0.272473 0.734153
vt 0.229051 0.688052
vt 0.239814 0.680427
vt 0.251155 0.672424
vt 0.212247 0.624867
vt 0.224534 0.619498
vt 0.205537 0.627804
vt 0.182022 0.567557
vt 0.194749 0.564872
vt 0.208128 0.562069
vt 0.189354 0.502314
vt 0.202653 0.502324
vt 0.182090 0.502306
vt 0.182157 0.437055
vt 0.194864 0.439772
vt 0.208241 0.442597
vt 0.212455 0.379825
vt 0.224738 0.385219
vt 0.205748 0.376877
vt 0.229339 0.316698
vt 0.240113 0.324316
vt 0.251447 0.332344
vt 0.278018 0.276045
vt 0.287414 0.286005
vt 0.272884 0.270607
vt 0.316429 0.224515
vt 0.323643 0.235930
vt 0.331216 0.247937
vt 0.376135 0.206668
vt 0.381225 0.219674
vt 0.373358 0.199563
vt 0.430287 0.174610
vt 0.432790 0.188077
vt 0.435455 0.202238
vt 0.491811 0.182298
vt 0.491819 0.196375
vt 0.491810 0.174610
vt 0.553332 0.174610
vt 0.550828 0.188063
vt 0.548176 0.202225
vt 0.607472 0.206622
vt 0.602389 0.219632
vt 0.610245 0.199515
vt 0.667159 0.224419
vt 0.659965 0.235855
vt 0.652393 0.247870
vt 0.705622 0.275972
vt 0.696220 0.285939
vt 0.710757 0.270525
vt 0.537586 0.124212
vt 0.541399 0.086234
vt 0.622876 0.102150
vt 0.611575 0.138690
vt 0.545183 0.048539
vt 0.634094 0.065876
vt 0.717841 0.099908
vt 0.699638 0.133315
vt 0.681297 0.166974
vt 0.432619 0.090590
vt 0.350494 0.113016
vt 0.347669 0.105787
vt 0.431298 0.082950
vt 0.274276 0.150561
vt 0.270055 0.144019
vt 0.206944 0.201876
vt 0.201490 0.196275
vt 0.151018 0.264908
vt 0.144540 0.260461
vt 0.108729 0.337301
vt 0.101476 0.334180
vt 0.081608 0.416223
vt 0.073859 0.414547
vt 0.070801 0.498673
vt 0.062854 0.498507
vt 0.076615 0.581471
vt 0.068774 0.582821
vt 0.098935 0.661425
vt 0.091503 0.664240
vt 0.136798 0.735493
vt 0.130060 0.739664
vt 0.188847 0.800779
vt 0.183062 0.806146
vt 0.252995 0.854841
vt 0.248384 0.861197
vt 0.326849 0.895519
vt 0.323591 0.902621
vt 0.407516 0.921345
vt 0.405735 0.928920
vt 0.491931 0.931223
vt 0.491697 0.938979
vt 0.576836 0.924881
vt 0.578157 0.932521
vt 0.658962 0.902455
vt 0.661786 0.909684
vt 0.735179 0.864910
vt 0.739400 0.871452
vt 0.802511 0.813595
vt 0.807965 0.819196
vt 0.858438 0.750563
vt 0.864916 0.755010
vt 0.900726 0.678170
vt 0.907979 0.681291
vt 0.927847 0.599248
vt 0.935596 0.600924
vt 0.938654 0.516798
vt 0.946601 0.516964
vt 0.932840 0.434000
vt 0.940681 0.432650
vt 0.910521 0.354046
vt 0.917952 0.351231
vt 0.872657 0.279978
vt 0.879396 0.275807
vt 0.820608 0.214692
vt 0.826394 0.209325
vt 0.756460 0.160630
vt 0.761070 0.154274
vt 0.682607 0.119952
vt 0.685864 0.112850
vt 0.601939 0.094126
vt 0.603720 0.086551
vt 0.517524 0.084248
vt 0.517758 0.076492
vt 0.290335 0.803354
vt 0.353234 0.837999
vt 0.346664 0.852321
vt 0.281037 0.816174
vt 0.421935 0.859994
vt 0.418345 0.875270
vt 0.417403 0.879277
vt 0.344941 0.856078
vt 0.278598 0.819537
vt 0.413478 0.895978
vt 0.337758 0.871737
vt 0.340152 0.866518
vt 0.414786 0.890412
vt 0.268434 0.833552
vt 0.271821 0.828881
vt 0.273416 0.826683
vt 0.341278 0.864062
vt 0.415402 0.887792
vt 0.308459 0.203541
vt 0.251114 0.247245
vt 0.240116 0.235948
vt 0.299948 0.190349
vt 0.203484 0.300927
vt 0.190420 0.291958
vt 0.186993 0.289605
vt 0.237231 0.232985
vt 0.297715 0.186889
vt 0.901897 0.593635
vt 0.876440 0.667717
vt 0.871111 0.665423
vt 0.896203 0.592404
vt 0.836745 0.735671
vt 0.831985 0.732403
vt 0.829744 0.730865
vt 0.868602 0.664344
vt 0.893523 0.591824
vt 0.719121 0.212117
vt 0.656221 0.177472
vt 0.662791 0.163150
vt 0.728418 0.199297
vt 0.587520 0.155477
vt 0.591110 0.140201
vt 0.592052 0.136194
vt 0.664515 0.159393
vt 0.730857 0.195934
vt 0.595977 0.119493
vt 0.671697 0.143734
vt 0.669303 0.148953
vt 0.594669 0.125059
vt 0.741022 0.181918
vt 0.737634 0.186590
vt 0.736039 0.188788
vt 0.668177 0.151409
vt 0.594053 0.127679
vt 0.438468 0.124430
vt 0.516486 0.118602
vt 0.516354 0.122961
vt 0.439210 0.128724
vt 0.593053 0.131936
vt 0.516222 0.127320
vt 0.439953 0.133018
vt 0.794984 0.238464
vt 0.791732 0.241481
vt 0.733448 0.192361
vt 0.842810 0.298454
vt 0.839023 0.300799
vt 0.835235 0.303143
vt 0.788481 0.244497
vt 0.898111 0.439982
vt 0.903453 0.516063
vt 0.898987 0.515969
vt 0.893704 0.440741
vt 0.889168 0.590882
vt 0.884812 0.589940
vt 0.894520 0.515876
vt 0.889297 0.441500
vt 0.778355 0.788783
vt 0.775289 0.785634
vt 0.826103 0.728365
vt 0.716484 0.835936
vt 0.714112 0.832259
vt 0.711740 0.828582
vt 0.772224 0.782486
vt 0.822462 0.725865
vt 0.570987 0.891041
vt 0.492969 0.896869
vt 0.493101 0.892510
vt 0.570245 0.886747
vt 0.416402 0.883535
vt 0.493233 0.888151
vt 0.569502 0.882453
vt 0.214471 0.777007
vt 0.217723 0.773990
vt 0.276007 0.823110
vt 0.166645 0.717016
vt 0.170432 0.714672
vt 0.174220 0.712328
vt 0.220975 0.770973
vt 0.111344 0.575489
vt 0.106002 0.499409
vt 0.110469 0.499502
vt 0.115751 0.574730
vt 0.115932 0.423647
vt 0.120288 0.424589
vt 0.124643 0.425531
vt 0.114935 0.499595
vt 0.120158 0.573971
vt 0.179711 0.284606
vt 0.231100 0.226688
vt 0.234166 0.229837
vt 0.183352 0.287106
vt 0.292971 0.179535
vt 0.295343 0.183212
vt 0.363005 0.145036
vt 0.364593 0.149099
vt 0.366180 0.153162
vt 0.865085 0.585674
vt 0.874289 0.515453
vt 0.890316 0.515788
vt 0.880713 0.589054
vt 0.869338 0.444937
vt 0.885150 0.442214
vt 0.167468 0.362582
vt 0.152842 0.356287
vt 0.144370 0.429797
vt 0.128742 0.426417
vt 0.149005 0.354636
vt 0.906584 0.438523
vt 0.912041 0.516242
vt 0.906202 0.516120
vt 0.900823 0.439515
vt 0.107558 0.421836
vt 0.133015 0.347754
vt 0.138345 0.350048
vt 0.113252 0.423067
vt 0.172710 0.279800
vt 0.177471 0.283068
vt 0.140853 0.351127
vt 0.515626 0.147064
vt 0.516098 0.131423
vt 0.443315 0.152466
vt 0.440651 0.137059
vt 0.805972 0.714544
vt 0.841988 0.652889
vt 0.856613 0.659184
vt 0.819035 0.723513
vt 0.860450 0.660835
vt 0.437041 0.116174
vt 0.516739 0.110220
vt 0.516567 0.115919
vt 0.438011 0.121787
vt 0.225207 0.220635
vt 0.229214 0.224751
vt 0.288410 0.172466
vt 0.291511 0.177273
vt 0.191373 0.701709
vt 0.235702 0.757311
vt 0.224035 0.768135
vt 0.177784 0.710121
vt 0.208220 0.782806
vt 0.212471 0.778863
vt 0.159363 0.721524
vt 0.164314 0.718459
vt 0.666346 0.155401
vt 0.877602 0.366514
vt 0.873425 0.368096
vt 0.869248 0.369678
vt 0.864526 0.662589
vt 0.646450 0.870435
vt 0.644862 0.866372
vt 0.643275 0.862309
vt 0.343110 0.860070
vt 0.131853 0.648957
vt 0.136030 0.647375
vt 0.140208 0.645793
vt 0.144929 0.352882
vt 0.700996 0.811930
vt 0.758341 0.768226
vt 0.769339 0.779523
vt 0.709508 0.825122
vt 0.373371 0.171565
vt 0.367675 0.156986
vt 0.784249 0.794836
vt 0.780241 0.790720
vt 0.721046 0.843005
vt 0.717944 0.838198
vt 0.818082 0.313762
vt 0.773754 0.258160
vt 0.785420 0.247336
vt 0.831671 0.305350
vt 0.140117 0.570533
vt 0.159126 0.638628
vt 0.144139 0.644304
vt 0.124305 0.573257
vt 0.359953 0.137224
vt 0.362028 0.142536
vt 0.801235 0.232665
vt 0.796985 0.236608
vt 0.850092 0.293947
vt 0.845141 0.297012
vt 0.123822 0.651999
vt 0.129283 0.649931
vt 0.102871 0.576949
vt 0.108632 0.575956
vt 0.566140 0.863005
vt 0.636084 0.843906
vt 0.641780 0.858485
vt 0.568804 0.878412
vt 0.649503 0.878247
vt 0.647427 0.872935
vt 0.572414 0.899297
vt 0.571444 0.893684
vt 0.850329 0.376843
vt 0.865316 0.371166
vt 0.135166 0.500018
vt 0.119139 0.499683
vt 0.885633 0.363472
vt 0.880172 0.365540
vt 0.097414 0.499229
vt 0.103253 0.499351
vt 0.493829 0.868407
vt 0.493356 0.884048
vt 0.492716 0.905251
vt 0.492888 0.899552
vt 0.459022 0.243331
vt 0.406967 0.257545
vt 0.387166 0.206869
vt 0.449764 0.189775
vt 0.358657 0.281342
vt 0.329071 0.235487
vt 0.216382 0.211571
vt 0.281580 0.161882
vt 0.162229 0.272604
vt 0.355382 0.125527
vt 0.434904 0.103812
vt 0.315979 0.313869
vt 0.277748 0.274601
vt 0.280531 0.353821
vt 0.235120 0.322645
vt 0.566345 0.245572
vt 0.512839 0.239310
vt 0.514481 0.184941
vt 0.578825 0.192471
vt 0.517118 0.097671
vt 0.598858 0.107236
vt 0.121280 0.342703
vt 0.095019 0.419124
vt 0.253726 0.399707
vt 0.202886 0.377826
vt 0.236536 0.449731
vt 0.182214 0.437982
vt 0.084555 0.498961
vt 0.090184 0.579134
vt 0.229686 0.501992
vt 0.173976 0.500828
vt 0.233371 0.554472
vt 0.178408 0.563938
vt 0.111797 0.656554
vt 0.148460 0.728273
vt 0.247519 0.605151
vt 0.195421 0.624882
vt 0.271518 0.652098
vt 0.224281 0.681338
vt 0.198859 0.791490
vt 0.260974 0.843839
vt 0.304509 0.693479
vt 0.263954 0.731101
vt 0.345168 0.727746
vt 0.312850 0.772309
vt 0.332487 0.883228
vt 0.410597 0.908235
vt 0.391980 0.753530
vt 0.369143 0.803315
vt 0.443111 0.769899
vt 0.430630 0.823000
vt 0.492337 0.917800
vt 0.574551 0.911659
vt 0.496617 0.776161
vt 0.494974 0.830530
vt 0.550433 0.772140
vt 0.559691 0.825696
vt 0.654073 0.889944
vt 0.727875 0.853589
vt 0.602488 0.757926
vt 0.622289 0.808602
vt 0.650798 0.734129
vt 0.680384 0.779984
vt 0.793073 0.803900
vt 0.847226 0.742867
vt 0.693476 0.701602
vt 0.731707 0.740870
vt 0.728924 0.661650
vt 0.774335 0.692826
vt 0.888175 0.672768
vt 0.914436 0.596347
vt 0.755729 0.615764
vt 0.806569 0.637645
vt 0.772919 0.565740
vt 0.827241 0.577489
vt 0.924900 0.516510
vt 0.919271 0.436338
vt 0.779769 0.513479
vt 0.835479 0.514643
vt 0.776084 0.460999
vt 0.831047 0.451532
vt 0.897658 0.358917
vt 0.860995 0.287197
vt 0.761937 0.410320
vt 0.814034 0.390589
vt 0.737937 0.363373
vt 0.785174 0.334133
vt 0.810596 0.223981
vt 0.748481 0.171632
vt 0.704947 0.321992
vt 0.745501 0.284370
vt 0.664287 0.287725
vt 0.696605 0.243162
vt 0.676968 0.132243
vt 0.617475 0.261941
vt 0.640312 0.212156
vt 0.553272 0.458918
vt 0.560583 0.472275
vt 0.529415 0.485941
vt 0.520502 0.482096
vt 0.564323 0.487204
vt 0.525679 0.495337
vt 0.491666 0.502504
vt 0.566263 0.502514
vt 0.532526 0.502503
vt 0.564338 0.517823
vt 0.525684 0.509669
vt 0.560588 0.532750
vt 0.529421 0.519066
vt 0.553258 0.546113
vt 0.520505 0.522914
vt 0.544391 0.558392
vt 0.520557 0.533113
vt 0.532789 0.567768
vt 0.510929 0.533051
vt 0.520162 0.575504
vt 0.507289 0.542487
vt 0.506058 0.579449
vt 0.498417 0.538523
vt 0.491600 0.581477
vt 0.491644 0.545765
vt 0.477149 0.579415
vt 0.484883 0.538514
vt 0.463063 0.575438
vt 0.476010 0.542463
vt 0.450461 0.567687
vt 0.472385 0.533026
vt 0.438890 0.558318
vt 0.462761 0.533082
vt 0.430058 0.546057
vt 0.462825 0.522894
vt 0.422769 0.532704
vt 0.453920 0.519047
vt 0.419052 0.517780
vt 0.457662 0.509658
vt 0.417136 0.502475
vt 0.450830 0.502493
vt 0.419075 0.487177
vt 0.457674 0.495336
vt 0.422814 0.472271
vt 0.453943 0.485949
vt 0.430122 0.458936
vt 0.462848 0.482110
vt 0.438970 0.446684
vt 0.462792 0.471926
vt 0.450556 0.437320
vt 0.472409 0.471984
vt 0.463167 0.429571
vt 0.476039 0.462548
vt 0.477252 0.425598
vt 0.484903 0.466498
vt 0.491690 0.423542
vt 0.491665 0.459249
vt 0.506127 0.425583
vt 0.498427 0.466493
vt 0.520210 0.429547
vt 0.507296 0.462536
vt 0.532822 0.437293
vt 0.510929 0.471970
vt 0.544416 0.446657
vt 0.520557 0.471907
vt 0.388135 0.138657
vt 0.376837 0.102139
vt 0.458323 0.086256
vt 0.462140 0.124256
vt 0.365624 0.065892
vt 0.454533 0.048532
vt 0.255696 0.208114
vt 0.231008 0.178617
vt 0.300093 0.133350
vt 0.318450 0.167024
vt 0.206503 0.149339
vt 0.281870 0.099920
vt 0.160441 0.322008
vt 0.126122 0.304024
vt 0.172285 0.236266
vt 0.202386 0.260485
vt 0.092057 0.286173
vt 0.142403 0.212222
vt 0.116869 0.462992
vt 0.078145 0.459255
vt 0.094362 0.379329
vt 0.131622 0.390407
vt 0.039711 0.455547
vt 0.057375 0.368331
vt 0.131591 0.609601
vt 0.094357 0.620675
vt 0.078174 0.540747
vt 0.116920 0.537004
vt 0.057401 0.631667
vt 0.039713 0.544464
vt 0.202358 0.739524
vt 0.172279 0.763727
vt 0.126156 0.695956
vt 0.160492 0.677963
vt 0.142423 0.787750
vt 0.092070 0.713818
vt 0.318425 0.832989
vt 0.300079 0.866642
vt 0.231024 0.821342
vt 0.255725 0.791831
vt 0.281868 0.900044
vt 0.206501 0.850639
vt 0.462135 0.875770
vt 0.458317 0.913751
vt 0.376836 0.897820
vt 0.388142 0.861280
vt 0.454526 0.951449
vt 0.365610 0.934094
vt 0.611609 0.861339
vt 0.622903 0.897864
vt 0.541404 0.913738
vt 0.537590 0.875732
vt 0.634113 0.934117
vt 0.545189 0.951468
vt 0.744079 0.791888
vt 0.768766 0.821393
vt 0.699663 0.866657
vt 0.681308 0.832975
vt 0.793271 0.850680
vt 0.717884 0.900095
vt 0.839368 0.677991
vt 0.873690 0.695983
vt 0.827508 0.763744
vt 0.797406 0.739515
vt 0.907757 0.713841
vt 0.857390 0.787796
vt 0.882965 0.536991
vt 0.921695 0.540729
vt 0.905466 0.620669
vt 0.868202 0.609584
vt 0.960137 0.544440
vt 0.942460 0.631673
vt 0.868229 0.390359
vt 0.905468 0.379275
vt 0.921666 0.459220
vt 0.882913 0.462967
vt 0.942431 0.368273
vt 0.960137 0.455500
vt 0.797408 0.260426
vt 0.827486 0.236210
vt 0.873640 0.303984
vt 0.839301 0.321992
vt 0.857340 0.212173
vt 0.907729 0.286108
vt 0.768710 0.178603
vt 0.744012 0.208125
vt 0.793227 0.149295
vt 0.478569 0.356409
vt 0.448777 0.364545
vt 0.429004 0.313942
vt 0.469325 0.302932
vt 0.421128 0.378165
vt 0.391584 0.332375
vt 0.396702 0.396780
vt 0.358526 0.357570
vt 0.376414 0.419646
vt 0.331069 0.388516
vt 0.361073 0.445908
vt 0.310306 0.424058
vt 0.351234 0.474538
vt 0.296991 0.462806
vt 0.347314 0.504448
vt 0.291685 0.503286
vt 0.349423 0.534484
vt 0.294540 0.543937
vt 0.357520 0.563489
vt 0.305498 0.583191
vt 0.371255 0.590358
vt 0.324087 0.619556
vt 0.390137 0.614042
vt 0.349642 0.651609
vt 0.413408 0.633654
vt 0.381136 0.678152
vt 0.440199 0.648410
vt 0.417396 0.698123
vt 0.469463 0.657779
vt 0.457000 0.710803
vt 0.500085 0.661363
vt 0.498445 0.715653
vt 0.530886 0.659062
vt 0.540130 0.712539
vt 0.560679 0.650927
vt 0.580451 0.701529
vt 0.588328 0.637307
vt 0.617871 0.683096
vt 0.612753 0.618691
vt 0.650929 0.657901
vt 0.633042 0.595825
vt 0.678386 0.626955
vt 0.648382 0.569563
vt 0.699149 0.591412
vt 0.658221 0.540933
vt 0.712464 0.552665
vt 0.662141 0.511023
vt 0.717770 0.512185
vt 0.660032 0.480987
vt 0.714916 0.471534
vt 0.651935 0.451982
vt 0.703957 0.432279
vt 0.638200 0.425113
vt 0.685368 0.395915
vt 0.619318 0.401429
vt 0.659814 0.363862
vt 0.596048 0.381818
vt 0.628319 0.337319
vt 0.569256 0.367061
vt 0.592060 0.317348
vt 0.539993 0.357692
vt 0.552455 0.304668
vt 0.509370 0.354108
vt 0.511010 0.299818
vt 0.490681 0.426474
vt 0.474682 0.430843
vt 0.463088 0.401170
vt 0.485260 0.395116
vt 0.459835 0.438157
vt 0.442511 0.411307
vt 0.446718 0.448153
vt 0.424333 0.425161
vt 0.435824 0.460432
vt 0.409234 0.442178
vt 0.427586 0.474534
vt 0.397817 0.461722
vt 0.422303 0.489909
vt 0.390495 0.483029
vt 0.420197 0.505970
vt 0.387578 0.505289
vt 0.421330 0.522099
vt 0.389147 0.527642
vt 0.425678 0.537675
vt 0.395173 0.549228
vt 0.433054 0.552103
vt 0.405395 0.569225
vt 0.443193 0.564821
vt 0.419447 0.586850
vt 0.455689 0.575353
vt 0.436766 0.601446
vt 0.470076 0.583277
vt 0.456705 0.612428
vt 0.485791 0.588308
vt 0.478483 0.619400
vt 0.502235 0.590232
vt 0.501273 0.622067
vt 0.518775 0.588997
vt 0.524195 0.620355
vt 0.534773 0.584628
vt 0.546367 0.614301
vt 0.549620 0.577314
vt 0.566944 0.604165
vt 0.562737 0.567318
vt 0.585122 0.590310
vt 0.573631 0.555039
vt 0.600221 0.573293
vt 0.581869 0.540936
vt 0.611638 0.553749
vt 0.587153 0.525562
vt 0.618960 0.532442
vt 0.589258 0.509501
vt 0.621878 0.510182
vt 0.588125 0.493372
vt 0.620308 0.487829
vt 0.583777 0.477796
vt 0.614282 0.466243
vt 0.576401 0.463368
vt 0.604060 0.446246
vt 0.566262 0.450650
vt 0.590008 0.428621
vt 0.553766 0.440118
vt 0.572690 0.414025
vt 0.539379 0.432194
vt 0.552751 0.403043
vt 0.523665 0.427163
vt 0.530973 0.396070
vt 0.507220 0.425239
vt 0.508182 0.393404
vt 0.486433 0.460916
vt 0.496090 0.457767
vt 0.477122 0.464950
vt 0.469406 0.471456
vt 0.462358 0.478648
vt 0.457757 0.487520
vt 0.454043 0.496774
vt 0.453258 0.506661
vt 0.453445 0.516568
vt 0.456595 0.525965
vt 0.460654 0.535018
vt 0.467260 0.542494
vt 0.474573 0.549314
vt 0.483629 0.553732
vt 0.493083 0.557281
vt 0.503210 0.557967
vt 0.513365 0.557704
vt 0.523022 0.554555
vt 0.532333 0.550520
vt 0.540049 0.544015
vt 0.547097 0.536823
vt 0.551699 0.527951
vt 0.555412 0.518697
vt 0.556197 0.508810
vt 0.556010 0.498903
vt 0.552860 0.489506
vt 0.548801 0.480453
vt 0.542195 0.472977
vt 0.534882 0.466157
vt 0.525826 0.461739
vt 0.516372 0.458190
vt 0.506245 0.457504
vt 0.646393 0.231016
vt 0.668543 0.190376
vt 0.726829 0.228663
vt 0.697050 0.264255
vt 0.776495 0.277263
vt 0.740186 0.306495
vt 0.815410 0.334519
vt 0.774007 0.356228
vt 0.842337 0.398065
vt 0.797384 0.411444
vt 0.855953 0.465574
vt 0.809228 0.470091
vt 0.856036 0.534391
vt 0.809284 0.529878
vt 0.842277 0.601873
vt 0.797347 0.588509
vt 0.815505 0.665481
vt 0.774073 0.643762
vt 0.776464 0.722660
vt 0.740170 0.693450
vt 0.726914 0.771374
vt 0.697112 0.735756
vt 0.668538 0.809543
vt 0.646406 0.768937
vt 0.603756 0.835944
vt 0.590122 0.791852
vt 0.534936 0.849293
vt 0.530335 0.803475
vt 0.464790 0.849363
vt 0.469400 0.803511
vt 0.396007 0.835860
vt 0.409634 0.791812
vt 0.331181 0.809590
vt 0.353331 0.768956
vt 0.272909 0.771301
vt 0.302684 0.735729
vt 0.223272 0.722696
vt 0.259589 0.693474
vt 0.184379 0.665446
vt 0.225773 0.643759
vt 0.157481 0.601902
vt 0.202441 0.588532
vt 0.143877 0.534400
vt 0.190599 0.529887
vt 0.143794 0.465590
vt 0.190544 0.470102
vt 0.157543 0.398114
vt 0.202468 0.411468
vt 0.184303 0.334512
vt 0.225734 0.356223
vt 0.223327 0.277334
vt 0.259617 0.306530
vt 0.272862 0.228623
vt 0.302666 0.264233
vt 0.331221 0.190450
vt 0.353352 0.231042
vt 0.395990 0.164047
vt 0.409628 0.208135
vt 0.464797 0.150691
vt 0.469401 0.196496
vt 0.534934 0.150618
vt 0.530329 0.196470
vt 0.603713 0.164110
vt 0.590090 0.208155
vt 0.567257 0.382772
vt 0.587923 0.400626
vt 0.599598 0.331569
vt 0.629034 0.357130
vt 0.653207 0.388259
vt 0.604810 0.422477
vt 0.518254 0.361253
vt 0.543767 0.369403
vt 0.529646 0.300850
vt 0.566030 0.312574
vt 0.465251 0.361286
vt 0.491756 0.358437
vt 0.453986 0.300891
vt 0.491824 0.296926
vt 0.416212 0.382815
vt 0.439718 0.369447
vt 0.383961 0.331623
vt 0.417563 0.312631
vt 0.378670 0.422487
vt 0.395548 0.400661
vt 0.330361 0.388260
vt 0.354522 0.357171
vt 0.358391 0.474335
vt 0.366065 0.447321
vt 0.301406 0.462270
vt 0.312449 0.423745
vt 0.358352 0.530551
vt 0.355716 0.502435
vt 0.301345 0.542541
vt 0.297676 0.502394
vt 0.378534 0.582479
vt 0.365980 0.557604
vt 0.330152 0.616674
vt 0.312319 0.581128
vt 0.415969 0.622178
vt 0.395357 0.604325
vt 0.383574 0.673344
vt 0.354224 0.647789
vt 0.464963 0.643725
vt 0.439438 0.635552
vt 0.453509 0.704116
vt 0.417107 0.692351
vt 0.518048 0.643811
vt 0.491499 0.646592
vt 0.529298 0.704257
vt 0.491393 0.708121
vt 0.567142 0.622374
vt 0.543612 0.635714
vt 0.599398 0.673661
vt 0.565763 0.692613
vt 0.604755 0.582603
vt 0.587835 0.604494
vt 0.653120 0.616880
vt 0.628887 0.648065
vt 0.625126 0.530657
vt 0.617418 0.557710
vt 0.682211 0.542713
vt 0.671117 0.581301
vt 0.625097 0.474424
vt 0.627782 0.502543
vt 0.682177 0.462423
vt 0.685915 0.502571
vt 0.617418 0.447362
vt 0.671126 0.423824
s 1
usemtl material_0.014
f 64/1/1 273/2/2 722/3/3 251/4/4
f 273/2/2 50/5/5 250/6/6 722/3/3
f 722/3/3 250/6/6 20/7/7 321/8/8
f 251/4/4 722/3/3 321/8/8 48/9/9
f 59/10/10 258/11/11 723/12/12 253/13/13
f 258/11/11 60/14/14 256/15/15 723/12/12
f 723/12/12 256/15/15 40/16/16 306/17/17
f 253/13/13 723/12/12 306/17/17 38/18/18
f 54/19/19 247/20/20 724/21/21 254/22/22
f 247/20/20 55/23/23 259/24/24 724/21/21
f 724/21/21 259/24/24 30/25/25 291/26/26
f 254/22/22 724/21/21 291/26/26 28/27/27
f 61/28/28 264/29/29 725/30/30 257/31/31
f 264/29/29 62/32/32 265/33/33 725/30/30
f 725/30/30 265/33/33 44/34/34 312/35/35
f 257/31/31 725/30/30 312/35/35 42/36/36
f 50/5/5 242/37/37 726/38/38 250/6/6
f 242/37/37 49/39/39 262/40/40 726/38/38
f 726/38/38 262/40/40 19/41/41 275/42/42
f 250/6/6 726/38/38 275/42/42 20/7/7
f 56/43/43 249/44/44 727/45/45 260/46/46
f 249/44/44 57/47/47 268/48/48 727/45/45
f 727/45/45 268/48/48 34/49/49 297/50/50
f 260/46/46 727/45/45 297/50/50 32/51/51
f 51/52/52 244/53/53 728/54/54 263/55/55
f 244/53/53 52/56/56 271/57/57 728/54/54
f 728/54/54 271/57/57 24/58/58 282/59/59
f 263/55/55 728/54/54 282/59/59 22/60/60
f 63/61/61 270/62/62 729/63/63 266/64/64
f 270/62/62 64/1/1 251/4/4 729/63/63
f 729/63/63 251/4/4 48/9/9 318/65/65
f 266/64/64 729/63/63 318/65/65 46/66/66
f 58/67/67 255/68/68 730/69/69 269/70/70
f 255/68/68 59/10/10 253/13/13 730/69/69
f 730/69/69 253/13/13 38/18/18 303/71/71
f 269/70/70 730/69/69 303/71/71 36/72/72
f 53/73/73 246/74/74 731/75/75 272/76/76
f 246/74/74 54/19/19 254/22/22 731/75/75
f 731/75/75 254/22/22 28/27/27 288/77/77
f 272/76/76 731/75/75 288/77/77 26/78/78
f 60/14/14 261/79/79 732/80/80 256/15/15
f 261/79/79 61/28/28 257/31/31 732/80/80
f 732/80/80 257/31/31 42/36/36 309/81/81
f 256/15/15 732/80/80 309/81/81 40/16/16
f 55/23/23 248/82/82 733/83/83 259/24/24
f 248/82/82 56/43/43 260/46/46 733/83/83
f 733/83/83 260/46/46 32/51/51 294/84/84
f 259/24/24 733/83/83 294/84/84 30/25/25
f 49/39/39 243/85/85 734/86/86 262/40/40
f 243/85/85 51/52/52 263/55/55 734/86/86
f 734/86/86 263/55/55 22/60/60 279/87/87
f 262/40/40 734/86/86 279/87/87 19/41/41
f 1/88/88 626/89/89 735/90/90 627/91/91
f 2/92/92 641/93/93 735/90/90 626/89/89
f 16/94/94 640/95/95 735/90/90 641/93/93
f 15/96/96 639/97/97 735/90/90 640/95/95
f 14/98/98 638/99/99 735/90/90 639/97/97
f 13/100/100 637/101/101 735/90/90 638/99/99
f 12/102/102 636/103/103 735/90/90 637/101/101
f 11/104/104 635/105/105 735/90/90 636/103/103
f 10/106/106 634/107/107 735/90/90 635/105/105
f 9/108/108 633/109/109 735/90/90 634/107/107
f 8/110/110 632/111/111 735/90/90 633/109/109
f 7/112/112 631/113/113 735/90/90 632/111/111
f 6/114/114 630/115/115 735/90/90 631/113/113
f 5/116/116 629/117/117 735/90/90 630/115/115
f 4/118/118 628/119/119 735/90/90 629/117/117
f 3/120/120 627/91/91 735/90/90 628/119/119
f 62/32/32 267/121/121 736/122/122 265/33/33
f 267/121/121 63/61/61 266/64/64 736/122/122
f 736/122/122 266/64/64 46/66/66 315/123/123
f 265/33/33 736/122/122 315/123/123 44/34/34
f 57/47/47 252/124/124 737/125/125 268/48/48
f 252/124/124 58/67/67 269/70/70 737/125/125
f 737/125/125 269/70/70 36/72/72 300/126/126
f 268/48/48 737/125/125 300/126/126 34/49/49
f 52/56/56 245/127/127 738/128/128 271/57/57
f 245/127/127 53/73/73 272/76/76 738/128/128
f 738/128/128 272/76/76 26/78/78 285/129/129
f 271/57/57 738/128/128 285/129/129 24/58/58
f 146/130/130 276/131/131 739/132/132 561/133/133
f 276/131/131 20/134/7 275/135/42 739/132/132
f 739/132/132 275/135/42 19/136/41 531/137/134
f 561/133/133 739/132/132 531/137/134 147/138/135
f 147/138/135 531/137/134 740/139/136 560/140/137
f 531/137/134 19/136/41 279/141/87 740/139/136
f 740/139/136 279/141/87 22/142/60 532/143/138
f 560/140/137 740/139/136 532/143/138 148/144/139
f 148/144/139 532/143/138 741/145/140 559/146/141
f 532/143/138 22/142/60 282/147/59 741/145/140
f 741/145/140 282/147/59 24/148/58 533/149/142
f 559/146/141 741/145/140 533/149/142 149/150/143
f 149/150/143 533/149/142 742/151/144 558/152/145
f 533/149/142 24/148/58 285/153/129 742/151/144
f 742/151/144 285/153/129 26/154/78 534/155/146
f 558/152/145 742/151/144 534/155/146 150/156/147
f 150/156/147 534/155/146 743/157/148 557/158/149
f 534/155/146 26/154/78 288/159/77 743/157/148
f 743/157/148 288/159/77 28/160/27 535/161/150
f 557/158/149 743/157/148 535/161/150 151/162/151
f 151/162/151 535/161/150 744/163/152 556/164/153
f 535/161/150 28/160/27 291/165/26 744/163/152
f 744/163/152 291/165/26 30/166/25 536/167/154
f 556/164/153 744/163/152 536/167/154 152/168/155
f 152/168/155 536/167/154 745/169/156 555/170/157
f 536/167/154 30/166/25 294/171/84 745/169/156
f 745/169/156 294/171/84 32/172/51 537/173/158
f 555/170/157 745/169/156 537/173/158 153/174/159
f 153/174/159 537/173/158 746/175/160 554/176/161
f 537/173/158 32/172/51 297/177/50 746/175/160
f 746/175/160 297/177/50 34/178/49 538/179/162
f 554/176/161 746/175/160 538/179/162 154/180/163
f 154/180/163 538/179/162 747/181/164 553/182/165
f 538/179/162 34/178/49 300/183/126 747/181/164
f 747/181/164 300/183/126 36/184/72 539/185/166
f 553/182/165 747/181/164 539/185/166 155/186/167
f 155/186/167 539/185/166 748/187/168 552/188/169
f 539/185/166 36/184/72 303/189/71 748/187/168
f 748/187/168 303/189/71 38/190/18 540/191/170
f 552/188/169 748/187/168 540/191/170 156/192/171
f 156/192/171 540/191/170 749/193/172 551/194/173
f 540/191/170 38/190/18 306/195/17 749/193/172
f 749/193/172 306/195/17 40/196/16 541/197/174
f 551/194/173 749/193/172 541/197/174 157/198/175
f 157/198/175 541/197/174 750/199/176 550/200/177
f 541/197/174 40/196/16 309/201/81 750/199/176
f 750/199/176 309/201/81 42/202/36 542/203/178
f 550/200/177 750/199/176 542/203/178 158/204/179
f 158/204/179 542/203/178 751/205/180 549/206/181
f 542/203/178 42/202/36 312/207/35 751/205/180
f 751/205/180 312/207/35 44/208/34 543/209/182
f 549/206/181 751/205/180 543/209/182 159/210/183
f 159/210/183 543/209/182 752/211/184 548/212/185
f 543/209/182 44/208/34 315/213/123 752/211/184
f 752/211/184 315/213/123 46/214/66 544/215/186
f 548/212/185 752/211/184 544/215/186 160/216/187
f 160/216/187 544/215/186 753/217/188 547/218/189
f 544/215/186 46/214/66 318/219/65 753/217/188
f 753/217/188 318/219/65 48/220/9 545/221/190
f 547/218/189 753/217/188 545/221/190 161/222/191
f 161/222/191 545/221/190 754/223/192 546/224/193
f 545/221/190 48/220/9 321/225/8 754/223/192
f 754/223/192 321/225/8 20/134/7 276/131/131
f 546/224/193 754/223/192 276/131/131 146/130/130
f 224/226/194 672/227/195 755/228/196 689/229/197
f 672/227/195 161/230/191 546/231/193 755/228/196
f 755/228/196 546/231/193 146/232/130 530/233/198
f 689/229/197 755/228/196 530/233/198 225/234/199
f 66/235/200 322/236/201 756/237/202 338/238/203
f 322/236/201 65/239/204 339/240/205 756/237/202
f 756/237/202 339/240/205 49/39/39 242/37/37
f 338/238/203 756/237/202 242/37/37 50/5/5
f 65/239/204 323/241/206 757/242/207 339/240/205
f 323/241/206 67/243/208 340/244/209 757/242/207
f 757/242/207 340/244/209 51/52/52 243/85/85
f 339/240/205 757/242/207 243/85/85 49/39/39
f 67/243/208 324/245/210 758/246/211 340/244/209
f 324/245/210 68/247/212 341/248/213 758/246/211
f 758/246/211 341/248/213 52/56/56 244/53/53
f 340/244/209 758/246/211 244/53/53 51/52/52
f 68/247/212 325/249/214 759/250/215 341/248/213
f 325/249/214 69/251/216 342/252/217 759/250/215
f 759/250/215 342/252/217 53/73/73 245/127/127
f 341/248/213 759/250/215 245/127/127 52/56/56
f 69/251/216 326/253/218 760/254/219 342/252/217
f 326/253/218 70/255/220 343/256/221 760/254/219
f 760/254/219 343/256/221 54/19/19 246/74/74
f 342/252/217 760/254/219 246/74/74 53/73/73
f 70/255/220 327/257/222 761/258/223 343/256/221
f 327/257/222 71/259/224 344/260/225 761/258/223
f 761/258/223 344/260/225 55/23/23 247/20/20
f 343/256/221 761/258/223 247/20/20 54/19/19
f 71/259/224 328/261/226 762/262/227 344/260/225
f 328/261/226 72/263/228 345/264/229 762/262/227
f 762/262/227 345/264/229 56/43/43 248/82/82
f 344/260/225 762/262/227 248/82/82 55/23/23
f 72/263/228 329/265/230 763/266/231 345/264/229
f 329/265/230 73/267/232 346/268/233 763/266/231
f 763/266/231 346/268/233 57/47/47 249/44/44
f 345/264/229 763/266/231 249/44/44 56/43/43
f 73/267/232 330/269/234 764/270/235 346/268/233
f 330/269/234 74/271/236 347/272/237 764/270/235
f 764/270/235 347/272/237 58/67/67 252/124/124
f 346/268/233 764/270/235 252/124/124 57/47/47
f 74/271/236 331/273/238 765/274/239 347/272/237
f 331/273/238 75/275/240 348/276/241 765/274/239
f 765/274/239 348/276/241 59/10/10 255/68/68
f 347/272/237 765/274/239 255/68/68 58/67/67
f 75/275/240 332/277/242 766/278/243 348/276/241
f 332/277/242 76/279/244 349/280/245 766/278/243
f 766/278/243 349/280/245 60/14/14 258/11/11
f 348/276/241 766/278/243 258/11/11 59/10/10
f 76/279/244 333/281/246 767/282/247 349/280/245
f 333/281/246 77/283/248 350/284/249 767/282/247
f 767/282/247 350/284/249 61/28/28 261/79/79
f 349/280/245 767/282/247 261/79/79 60/14/14
f 77/283/248 334/285/250 768/286/251 350/284/249
f 334/285/250 78/287/252 351/288/253 768/286/251
f 768/286/251 351/288/253 62/32/32 264/29/29
f 350/284/249 768/286/251 264/29/29 61/28/28
f 78/287/252 335/289/254 769/290/255 351/288/253
f 335/289/254 79/291/256 352/292/257 769/290/255
f 769/290/255 352/292/257 63/61/61 267/121/121
f 351/288/253 769/290/255 267/121/121 62/32/32
f 79/291/256 336/293/258 770/294/259 352/292/257
f 336/293/258 80/295/260 353/296/261 770/294/259
f 770/294/259 353/296/261 64/1/1 270/62/62
f 352/292/257 770/294/259 270/62/62 63/61/61
f 80/295/260 337/297/262 771/298/263 353/296/261
f 337/297/262 66/235/200 338/238/203 771/298/263
f 771/298/263 338/238/203 50/5/5 273/2/2
f 353/296/261 771/298/263 273/2/2 64/1/1
f 109/299/264 439/300/265 772/301/266 508/302/267
f 439/300/265 111/303/268 452/304/269 772/301/266
f 772/301/266 452/304/269 82/305/270 378/306/271
f 508/302/267 772/301/266 378/306/271 84/307/272
f 112/308/273 438/309/274 773/310/275 461/311/276
f 438/309/274 110/312/277 506/313/278 773/310/275
f 773/310/275 506/313/278 83/314/279 410/315/280
f 461/311/276 773/310/275 410/315/280 81/316/281
f 97/317/282 424/318/283 774/319/284 503/320/285
f 424/318/283 101/321/286 512/322/287 774/319/284
f 774/319/284 512/322/287 92/323/288 383/324/289
f 503/320/285 774/319/284 383/324/289 96/325/290
f 120/326/291 450/327/292 775/328/293 511/329/294
f 450/327/292 118/330/295 502/331/296 775/328/293
f 775/328/293 502/331/296 134/332/297 406/333/298
f 511/329/294 775/328/293 406/333/298 136/334/299
f 125/335/300 463/336/301 776/337/302 501/338/303
f 463/336/301 127/339/304 509/340/305 776/337/302
f 776/337/302 509/340/305 143/341/306 371/342/307
f 501/338/303 776/337/302 371/342/307 141/343/308
f 128/344/309 462/345/310 777/346/311 507/347/312
f 462/345/310 126/348/313 418/349/314 777/346/311
f 777/346/311 418/349/314 142/350/315 403/351/316
f 507/347/312 777/346/311 403/351/316 144/352/317
f 94/353/318 355/354/319 778/355/320 416/356/321
f 355/354/319 144/352/317 369/357/322 778/355/320
f 778/355/320 369/357/322 143/341/306 354/358/323
f 416/356/321 778/355/320 354/358/323 93/359/324
f 142/350/315 402/360/325 779/361/326 356/362/327
f 402/360/325 140/363/328 357/364/329 779/361/326
f 779/361/326 357/364/329 139/365/330 370/366/331
f 356/362/327 779/361/326 370/366/331 141/343/308
f 138/367/332 405/368/333 780/369/334 358/370/335
f 405/368/333 136/334/299 359/371/336 780/369/334
f 780/369/334 359/371/336 135/372/337 373/373/338
f 358/370/335 780/369/334 373/373/338 137/374/339
f 134/332/297 407/375/340 781/376/341 360/377/342
f 407/375/340 132/378/343 361/379/344 781/376/341
f 781/376/341 361/379/344 131/380/345 375/381/346
f 360/377/342 781/376/341 375/381/346 133/382/347
f 130/383/348 409/384/349 782/385/350 362/386/351
f 409/384/349 81/316/281 363/387/352 782/385/350
f 782/385/350 363/387/352 82/305/270 377/388/353
f 362/386/351 782/385/350 377/388/353 129/389/354
f 83/314/279 411/390/355 783/391/356 364/392/357
f 411/390/355 85/393/358 365/394/359 783/391/356
f 783/391/356 365/394/359 86/395/360 379/396/361
f 364/392/357 783/391/356 379/396/361 84/307/272
f 87/397/362 413/398/363 784/399/364 366/400/365
f 413/398/363 89/401/366 367/402/367 784/399/364
f 784/399/364 367/402/367 90/403/368 381/404/369
f 366/400/365 784/399/364 381/404/369 88/405/370
f 91/406/371 415/407/372 785/408/373 368/409/374
f 415/407/372 95/410/375 417/411/376 785/408/373
f 785/408/373 417/411/376 96/325/290 383/324/289
f 368/409/374 785/408/373 383/324/289 92/323/288
f 95/410/375 385/412/377 786/413/378 417/411/376
f 385/412/377 94/353/318 416/356/321 786/413/378
f 786/413/378 416/356/321 93/359/324 384/414/379
f 417/411/376 786/413/378 384/414/379 96/325/290
f 119/415/380 454/416/381 787/417/382 513/418/383
f 454/416/381 121/419/384 428/420/385 787/417/382
f 787/417/382 428/420/385 137/374/339 373/373/338
f 513/418/383 787/417/382 373/373/338 135/372/337
f 101/321/286 427/421/386 788/422/387 512/322/287
f 427/421/386 103/423/388 434/424/389 788/422/387
f 788/422/387 434/424/389 90/403/368 382/425/390
f 512/322/287 788/422/387 382/425/390 92/323/288
f 122/426/391 453/427/392 789/428/393 443/429/394
f 453/427/392 120/326/291 511/329/294 789/428/393
f 789/428/393 511/329/294 136/334/299 405/368/333
f 443/429/394 789/428/393 405/368/333 138/367/332
f 104/430/395 426/431/396 790/432/397 449/433/398
f 426/431/396 102/434/399 510/435/400 790/432/397
f 790/432/397 510/435/400 91/406/371 414/436/401
f 449/433/398 790/432/397 414/436/401 89/401/366
f 127/339/304 465/437/402 791/438/403 509/340/305
f 465/437/402 100/439/404 504/440/405 791/438/403
f 791/438/403 504/440/405 93/359/324 354/358/323
f 509/340/305 791/438/403 354/358/323 143/341/306
f 117/441/406 451/442/407 792/443/408 505/444/409
f 451/442/407 119/415/380 513/418/383 792/443/408
f 792/443/408 513/418/383 135/372/337 374/445/410
f 505/444/409 792/443/408 374/445/410 133/382/347
f 99/446/411 464/447/412 793/448/413 498/449/414
f 464/447/412 128/344/309 507/347/312 793/448/413
f 793/448/413 507/347/312 144/352/317 355/354/319
f 498/449/414 793/448/413 355/354/319 94/353/318
f 102/434/399 423/450/415 794/451/416 510/435/400
f 423/450/415 98/452/417 499/453/418 794/451/416
f 794/451/416 499/453/418 95/410/375 415/407/372
f 510/435/400 794/451/416 415/407/372 91/406/371
f 107/454/419 436/455/420 795/456/421 500/457/422
f 436/455/420 109/299/264 508/302/267 795/456/421
f 795/456/421 508/302/267 84/307/272 379/396/361
f 500/457/422 795/456/421 379/396/361 86/395/360
f 110/312/277 435/458/423 796/459/424 506/313/278
f 435/458/423 108/460/425 420/461/426 796/459/424
f 796/459/424 420/461/426 85/393/358 411/390/355
f 506/313/278 796/459/424 411/390/355 83/314/279
f 144/352/317 403/351/316 797/462/427 369/357/322
f 403/351/316 142/350/315 356/362/327 797/462/427
f 797/462/427 356/362/327 141/343/308 371/342/307
f 369/357/322 797/462/427 371/342/307 143/341/306
f 140/363/328 404/463/428 798/464/429 357/364/329
f 404/463/428 138/367/332 358/370/335 798/464/429
f 798/464/429 358/370/335 137/374/339 372/465/430
f 357/364/329 798/464/429 372/465/430 139/365/330
f 136/334/299 406/333/298 799/466/431 359/371/336
f 406/333/298 134/332/297 360/377/342 799/466/431
f 799/466/431 360/377/342 133/382/347 374/445/410
f 359/371/336 799/466/431 374/445/410 135/372/337
f 132/378/343 408/467/432 800/468/433 361/379/344
f 408/467/432 130/383/348 362/386/351 800/468/433
f 800/468/433 362/386/351 129/389/354 376/469/434
f 361/379/344 800/468/433 376/469/434 131/380/345
f 81/316/281 410/315/280 801/470/435 363/387/352
f 410/315/280 83/314/279 364/392/357 801/470/435
f 801/470/435 364/392/357 84/307/272 378/306/271
f 363/387/352 801/470/435 378/306/271 82/305/270
f 85/393/358 412/471/436 802/472/437 365/394/359
f 412/471/436 87/397/362 366/400/365 802/472/437
f 802/472/437 366/400/365 88/405/370 380/473/438
f 365/394/359 802/472/437 380/473/438 86/395/360
f 89/401/366 414/436/401 803/474/439 367/402/367
f 414/436/401 91/406/371 368/409/374 803/474/439
f 803/474/439 368/409/374 92/323/288 382/425/390
f 367/402/367 803/474/439 382/425/390 90/403/368
f 115/475/440 448/476/441 804/477/442 422/478/443
f 448/476/441 117/441/406 505/444/409 804/477/442
f 804/477/442 505/444/409 133/382/347 375/381/346
f 422/478/443 804/477/442 375/381/346 131/380/345
f 100/439/404 421/479/444 805/480/445 504/440/405
f 421/479/444 97/317/282 503/320/285 805/480/445
f 805/480/445 503/320/285 96/325/290 384/414/379
f 504/440/405 805/480/445 384/414/379 93/359/324
f 118/330/295 447/481/446 806/482/447 502/331/296
f 447/481/446 116/483/448 425/484/449 806/482/447
f 806/482/447 425/484/449 132/378/343 407/375/340
f 502/331/296 806/482/447 407/375/340 134/332/297
f 123/485/450 460/486/451 807/487/452 431/488/453
f 460/486/451 125/335/300 501/338/303 807/487/452
f 807/487/452 501/338/303 141/343/308 370/366/331
f 431/488/453 807/487/452 370/366/331 139/365/330
f 105/489/454 433/490/455 808/491/456 437/492/457
f 433/490/455 107/454/419 500/457/422 808/491/456
f 808/491/456 500/457/422 86/395/360 380/473/438
f 437/492/457 808/491/456 380/473/438 88/405/370
f 98/452/417 419/493/458 809/494/459 499/453/418
f 419/493/458 99/446/411 498/449/414 809/494/459
f 809/494/459 498/449/414 94/353/318 385/412/377
f 499/453/418 809/494/459 385/412/377 95/410/375
f 126/348/313 459/495/460 810/496/461 418/349/314
f 459/495/460 124/497/462 440/498/463 810/496/461
f 810/496/461 440/498/463 140/363/328 402/360/325
f 418/349/314 810/496/461 402/360/325 142/350/315
f 108/460/425 432/499/464 811/500/465 420/461/426
f 432/499/464 106/501/466 446/502/467 811/500/465
f 811/500/465 446/502/467 87/397/362 412/471/436
f 420/461/426 811/500/465 412/471/436 85/393/358
f 113/503/468 445/504/469 812/505/470 455/506/471
f 445/504/469 115/475/440 422/478/443 812/505/470
f 812/505/470 422/478/443 131/380/345 376/469/434
f 455/506/471 812/505/470 376/469/434 129/389/354
f 116/483/448 444/507/472 813/508/473 425/484/449
f 444/507/472 114/509/474 458/510/475 813/508/473
f 813/508/473 458/510/475 130/383/348 408/467/432
f 425/484/449 813/508/473 408/467/432 132/378/343
f 121/419/384 457/511/476 814/512/477 428/420/385
f 457/511/476 123/485/450 431/488/453 814/512/477
f 814/512/477 431/488/453 139/365/330 372/465/430
f 428/420/385 814/512/477 372/465/430 137/374/339
f 103/423/388 430/513/478 815/514/479 434/424/389
f 430/513/478 105/489/454 437/492/457 815/514/479
f 815/514/479 437/492/457 88/405/370 381/404/369
f 434/424/389 815/514/479 381/404/369 90/403/368
f 124/497/462 456/515/480 816/516/481 440/498/463
f 456/515/480 122/426/391 443/429/394 816/516/481
f 816/516/481 443/429/394 138/367/332 404/463/428
f 440/498/463 816/516/481 404/463/428 140/363/328
f 106/501/466 429/517/482 817/518/483 446/502/467
f 429/517/482 104/430/395 449/433/398 817/518/483
f 817/518/483 449/433/398 89/401/366 413/398/363
f 446/502/467 817/518/483 413/398/363 87/397/362
f 111/303/268 442/519/484 818/520/485 452/304/269
f 442/519/484 113/503/468 455/506/471 818/520/485
f 818/520/485 455/506/471 129/389/354 377/388/353
f 452/304/269 818/520/485 377/388/353 82/305/270
f 114/509/474 441/521/486 819/522/487 458/510/475
f 441/521/486 112/308/273 461/311/276 819/522/487
f 819/522/487 461/311/276 81/316/281 409/384/349
f 458/510/475 819/522/487 409/384/349 130/383/348
f 163/523/488 386/524/489 820/525/490 466/526/491
f 386/524/489 162/527/492 467/528/493 820/525/490
f 820/525/490 467/528/493 97/317/282 421/479/444
f 466/526/491 820/525/490 421/479/444 100/439/404
f 98/452/417 423/450/415 821/529/494 468/530/495
f 423/450/415 102/434/399 469/531/496 821/529/494
f 821/529/494 469/531/496 67/243/208 323/241/206
f 468/530/495 821/529/494 323/241/206 65/239/204
f 99/446/411 419/493/458 822/532/497 470/533/498
f 419/493/458 98/452/417 468/530/495 822/532/497
f 822/532/497 468/530/495 65/239/204 322/236/201
f 470/533/498 822/532/497 322/236/201 66/235/200
f 162/527/492 387/534/499 823/535/500 467/528/493
f 387/534/499 164/536/501 471/537/502 823/535/500
f 823/535/500 471/537/502 101/321/286 424/318/283
f 467/528/493 823/535/500 424/318/283 97/317/282
f 177/538/503 401/539/504 824/540/505 472/541/506
f 401/539/504 163/523/488 466/526/491 824/540/505
f 824/540/505 466/526/491 100/439/404 465/437/402
f 472/541/506 824/540/505 465/437/402 127/339/304
f 128/344/309 464/447/412 825/542/507 473/543/508
f 464/447/412 99/446/411 470/533/498 825/542/507
f 825/542/507 470/533/498 66/235/200 337/297/262
f 473/543/508 825/542/507 337/297/262 80/295/260
f 102/434/399 426/431/396 826/544/509 469/531/496
f 426/431/396 104/430/395 474/545/510 826/544/509
f 826/544/509 474/545/510 68/247/212 324/245/210
f 469/531/496 826/544/509 324/245/210 67/243/208
f 164/536/501 388/546/511 827/547/512 471/537/502
f 388/546/511 165/548/513 475/549/514 827/547/512
f 827/547/512 475/549/514 103/423/388 427/421/386
f 471/537/502 827/547/512 427/421/386 101/321/286
f 104/430/395 429/517/482 828/550/515 474/545/510
f 429/517/482 106/501/466 476/551/516 828/550/515
f 828/550/515 476/551/516 69/251/216 325/249/214
f 474/545/510 828/550/515 325/249/214 68/247/212
f 165/548/513 389/552/517 829/553/518 475/549/514
f 389/552/517 166/554/519 477/555/520 829/553/518
f 829/553/518 477/555/520 105/489/454 430/513/478
f 475/549/514 829/553/518 430/513/478 103/423/388
f 106/501/466 432/499/464 830/556/521 476/551/516
f 432/499/464 108/460/425 478/557/522 830/556/521
f 830/556/521 478/557/522 70/255/220 326/253/218
f 476/551/516 830/556/521 326/253/218 69/251/216
f 166/554/519 390/558/523 831/559/524 477/555/520
f 390/558/523 167/560/525 479/561/526 831/559/524
f 831/559/524 479/561/526 107/454/419 433/490/455
f 477/555/520 831/559/524 433/490/455 105/489/454
f 108/460/425 435/458/423 832/562/527 478/557/522
f 435/458/423 110/312/277 480/563/528 832/562/527
f 832/562/527 480/563/528 71/259/224 327/257/222
f 478/557/522 832/562/527 327/257/222 70/255/220
f 167/560/525 391/564/529 833/565/530 479/561/526
f 391/564/529 168/566/531 481/567/532 833/565/530
f 833/565/530 481/567/532 109/299/264 436/455/420
f 479/561/526 833/565/530 436/455/420 107/454/419
f 110/312/277 438/309/274 834/568/533 480/563/528
f 438/309/274 112/308/273 482/569/534 834/568/533
f 834/568/533 482/569/534 72/263/228 328/261/226
f 480/563/528 834/568/533 328/261/226 71/259/224
f 168/566/531 392/570/535 835/571/536 481/567/532
f 392/570/535 169/572/537 483/573/538 835/571/536
f 835/571/536 483/573/538 111/303/268 439/300/265
f 481/567/532 835/571/536 439/300/265 109/299/264
f 112/308/273 441/521/486 836/574/539 482/569/534
f 441/521/486 114/509/474 484/575/540 836/574/539
f 836/574/539 484/575/540 73/267/232 329/265/230
f 482/569/534 836/574/539 329/265/230 72/263/228
f 169/572/537 393/576/541 837/577/542 483/573/538
f 393/576/541 170/578/543 485/579/544 837/577/542
f 837/577/542 485/579/544 113/503/468 442/519/484
f 483/573/538 837/577/542 442/519/484 111/303/268
f 114/509/474 444/507/472 838/580/545 484/575/540
f 444/507/472 116/483/448 486/581/546 838/580/545
f 838/580/545 486/581/546 74/271/236 330/269/234
f 484/575/540 838/580/545 330/269/234 73/267/232
f 170/578/543 394/582/547 839/583/548 485/579/544
f 394/582/547 171/584/549 487/585/550 839/583/548
f 839/583/548 487/585/550 115/475/440 445/504/469
f 485/579/544 839/583/548 445/504/469 113/503/468
f 116/483/448 447/481/446 840/586/551 486/581/546
f 447/481/446 118/330/295 488/587/552 840/586/551
f 840/586/551 488/587/552 75/275/240 331/273/238
f 486/581/546 840/586/551 331/273/238 74/271/236
f 171/584/549 395/588/553 841/589/554 487/585/550
f 395/588/553 172/590/555 489/591/556 841/589/554
f 841/589/554 489/591/556 117/441/406 448/476/441
f 487/585/550 841/589/554 448/476/441 115/475/440
f 118/330/295 450/327/292 842/592/557 488/587/552
f 450/327/292 120/326/291 490/593/558 842/592/557
f 842/592/557 490/593/558 76/279/244 332/277/242
f 488/587/552 842/592/557 332/277/242 75/275/240
f 172/590/555 396/594/559 843/595/560 489/591/556
f 396/594/559 173/596/561 491/597/562 843/595/560
f 843/595/560 491/597/562 119/415/380 451/442/407
f 489/591/556 843/595/560 451/442/407 117/441/406
f 120/326/291 453/427/392 844/598/563 490/593/558
f 453/427/392 122/426/391 492/599/564 844/598/563
f 844/598/563 492/599/564 77/283/248 333/281/246
f 490/593/558 844/598/563 333/281/246 76/279/244
f 173/596/561 397/600/565 845/601/566 491/597/562
f 397/600/565 174/602/567 493/603/568 845/601/566
f 845/601/566 493/603/568 121/419/384 454/416/381
f 491/597/562 845/601/566 454/416/381 119/415/380
f 122/426/391 456/515/480 846/604/569 492/599/564
f 456/515/480 124/497/462 494/605/570 846/604/569
f 846/604/569 494/605/570 78/287/252 334/285/250
f 492/599/564 846/604/569 334/285/250 77/283/248
f 174/602/567 398/606/571 847/607/572 493/603/568
f 398/606/571 175/608/573 495/609/574 847/607/572
f 847/607/572 495/609/574 123/485/450 457/511/476
f 493/603/568 847/607/572 457/511/476 121/419/384
f 124/497/462 459/495/460 848/610/575 494/605/570
f 459/495/460 126/348/313 496/611/576 848/610/575
f 848/610/575 496/611/576 79/291/256 335/289/254
f 494/605/570 848/610/575 335/289/254 78/287/252
f 175/608/573 399/612/577 849/613/578 495/609/574
f 399/612/577 176/614/579 497/615/580 849/613/578
f 849/613/578 497/615/580 125/335/300 460/486/451
f 495/609/574 849/613/578 460/486/451 123/485/450
f 126/348/313 462/345/310 850/616/581 496/611/576
f 462/345/310 128/344/309 473/543/508 850/616/581
f 850/616/581 473/543/508 80/295/260 336/293/258
f 496/611/576 850/616/581 336/293/258 79/291/256
f 176/614/579 400/617/582 851/618/583 497/615/580
f 400/617/582 177/538/503 472/541/506 851/618/583
f 851/618/583 472/541/506 127/339/304 463/336/301
f 497/615/580 851/618/583 463/336/301 125/335/300
f 17/619/584 274/620/585 852/621/586 514/622/587
f 18/623/588 515/624/589 852/621/586 274/620/585
f 145/625/590 514/622/587 852/621/586 515/624/589
f 18/623/588 278/626/591 853/627/592 515/624/589
f 21/628/593 516/629/594 853/627/592 278/626/591
f 145/625/590 515/624/589 853/627/592 516/629/594
f 21/628/593 281/630/595 854/631/596 516/629/594
f 23/632/597 517/633/598 854/631/596 281/630/595
f 145/625/590 516/629/594 854/631/596 517/633/598
f 23/632/597 284/634/599 855/635/600 517/633/598
f 25/636/601 518/637/602 855/635/600 284/634/599
f 145/625/590 517/633/598 855/635/600 518/637/602
f 25/636/601 287/638/603 856/639/604 518/637/602
f 27/640/605 519/641/606 856/639/604 287/638/603
f 145/625/590 518/637/602 856/639/604 519/641/606
f 27/640/605 290/642/607 857/643/608 519/641/606
f 29/644/609 520/645/610 857/643/608 290/642/607
f 145/625/590 519/641/606 857/643/608 520/645/610
f 29/644/609 293/646/611 858/647/612 520/645/610
f 31/648/613 521/649/614 858/647/612 293/646/611
f 145/625/590 520/645/610 858/647/612 521/649/614
f 31/648/613 296/650/615 859/651/616 521/649/614
f 33/652/617 522/653/618 859/651/616 296/650/615
f 145/625/590 521/649/614 859/651/616 522/653/618
f 33/652/617 299/654/619 860/655/620 522/653/618
f 35/656/621 523/657/622 860/655/620 299/654/619
f 145/625/590 522/653/618 860/655/620 523/657/622
f 35/656/621 302/658/623 861/659/624 523/657/622
f 37/660/625 524/661/626 861/659/624 302/658/623
f 145/625/590 523/657/622 861/659/624 524/661/626
f 37/660/625 305/662/627 862/663/628 524/661/626
f 39/664/629 525/665/630 862/663/628 305/662/627
f 145/625/590 524/661/626 862/663/628 525/665/630
f 39/664/629 308/666/631 863/667/632 525/665/630
f 41/668/633 526/669/634 863/667/632 308/666/631
f 145/625/590 525/665/630 863/667/632 526/669/634
f 41/668/633 311/670/635 864/671/636 526/669/634
f 43/672/637 527/673/638 864/671/636 311/670/635
f 145/625/590 526/669/634 864/671/636 527/673/638
f 43/672/637 314/674/639 865/675/640 527/673/638
f 45/676/641 528/677/642 865/675/640 314/674/639
f 145/625/590 527/673/638 865/675/640 528/677/642
f 45/676/641 317/678/643 866/679/644 528/677/642
f 47/680/645 529/681/646 866/679/644 317/678/643
f 145/625/590 528/677/642 866/679/644 529/681/646
f 47/680/645 320/682/647 867/683/648 529/681/646
f 17/619/584 514/622/587 867/683/648 320/682/647
f 145/625/590 529/681/646 867/683/648 514/622/587
f 223/684/649 671/685/650 868/686/651 688/687/652
f 671/685/650 160/688/187 547/689/189 868/686/651
f 868/686/651 547/689/189 161/230/191 672/227/195
f 688/687/652 868/686/651 672/227/195 224/226/194
f 222/690/653 670/691/654 869/692/655 687/693/656
f 670/691/654 159/694/183 548/695/185 869/692/655
f 869/692/655 548/695/185 160/688/187 671/685/650
f 687/693/656 869/692/655 671/685/650 223/684/649
f 221/696/657 669/697/658 870/698/659 686/699/660
f 669/697/658 158/700/179 549/701/181 870/698/659
f 870/698/659 549/701/181 159/694/183 670/691/654
f 686/699/660 870/698/659 670/691/654 222/690/653
f 220/702/661 668/703/662 871/704/663 685/705/664
f 668/703/662 157/706/175 550/707/177 871/704/663
f 871/704/663 550/707/177 158/700/179 669/697/658
f 685/705/664 871/704/663 669/697/658 221/696/657
f 219/708/665 667/709/666 872/710/667 684/711/668
f 667/709/666 156/712/171 551/713/173 872/710/667
f 872/710/667 551/713/173 157/706/175 668/703/662
f 684/711/668 872/710/667 668/703/662 220/702/661
f 218/714/669 666/715/670 873/716/671 683/717/672
f 666/715/670 155/718/167 552/719/169 873/716/671
f 873/716/671 552/719/169 156/712/171 667/709/666
f 683/717/672 873/716/671 667/709/666 219/708/665
f 217/720/673 665/721/674 874/722/675 682/723/676
f 665/721/674 154/724/163 553/725/165 874/722/675
f 874/722/675 553/725/165 155/718/167 666/715/670
f 682/723/676 874/722/675 666/715/670 218/714/669
f 216/726/677 664/727/678 875/728/679 681/729/680
f 664/727/678 153/730/159 554/731/161 875/728/679
f 875/728/679 554/731/161 154/724/163 665/721/674
f 681/729/680 875/728/679 665/721/674 217/720/673
f 215/732/681 663/733/682 876/734/683 680/735/684
f 663/733/682 152/736/155 555/737/157 876/734/683
f 876/734/683 555/737/157 153/730/159 664/727/678
f 680/735/684 876/734/683 664/727/678 216/726/677
f 214/738/685 662/739/686 877/740/687 679/741/688
f 662/739/686 151/742/151 556/743/153 877/740/687
f 877/740/687 556/743/153 152/736/155 663/733/682
f 679/741/688 877/740/687 663/733/682 215/732/681
f 213/744/689 661/745/690 878/746/691 678/747/692
f 661/745/690 150/748/147 557/749/149 878/746/691
f 878/746/691 557/749/149 151/742/151 662/739/686
f 678/747/692 878/746/691 662/739/686 214/738/685
f 212/750/693 660/751/694 879/752/695 677/753/696
f 660/751/694 149/754/143 558/755/145 879/752/695
f 879/752/695 558/755/145 150/748/147 661/745/690
f 677/753/696 879/752/695 661/745/690 213/744/689
f 211/756/697 659/757/698 880/758/699 676/759/700
f 659/757/698 148/760/139 559/761/141 880/758/699
f 880/758/699 559/761/141 149/754/143 660/751/694
f 676/759/700 880/758/699 660/751/694 212/750/693
f 210/762/701 658/763/702 881/764/703 675/765/704
f 658/763/702 147/766/135 560/767/137 881/764/703
f 881/764/703 560/767/137 148/760/139 659/757/698
f 675/765/704 881/764/703 659/757/698 211/756/697
f 225/234/199 530/233/198 882/768/705 674/769/706
f 530/233/198 146/232/130 561/770/133 882/768/705
f 882/768/705 561/770/133 147/766/135 658/763/702
f 674/769/706 882/768/705 658/763/702 210/762/701
f 179/771/707 562/772/708 883/773/709 578/774/710
f 562/772/708 178/775/711 579/776/712 883/773/709
f 883/773/709 579/776/712 162/527/492 386/524/489
f 578/774/710 883/773/709 386/524/489 163/523/488
f 178/775/711 563/777/713 884/778/714 579/776/712
f 563/777/713 180/779/715 580/780/716 884/778/714
f 884/778/714 580/780/716 164/536/501 387/534/499
f 579/776/712 884/778/714 387/534/499 162/527/492
f 180/779/715 564/781/717 885/782/718 580/780/716
f 564/781/717 181/783/719 581/784/720 885/782/718
f 885/782/718 581/784/720 165/548/513 388/546/511
f 580/780/716 885/782/718 388/546/511 164/536/501
f 181/783/719 565/785/721 886/786/722 581/784/720
f 565/785/721 182/787/723 582/788/724 886/786/722
f 886/786/722 582/788/724 166/554/519 389/552/517
f 581/784/720 886/786/722 389/552/517 165/548/513
f 182/787/723 566/789/725 887/790/726 582/788/724
f 566/789/725 183/791/727 583/792/728 887/790/726
f 887/790/726 583/792/728 167/560/525 390/558/523
f 582/788/724 887/790/726 390/558/523 166/554/519
f 183/791/727 567/793/729 888/794/730 583/792/728
f 567/793/729 184/795/731 584/796/732 888/794/730
f 888/794/730 584/796/732 168/566/531 391/564/529
f 583/792/728 888/794/730 391/564/529 167/560/525
f 184/795/731 568/797/733 889/798/734 584/796/732
f 568/797/733 185/799/735 585/800/736 889/798/734
f 889/798/734 585/800/736 169/572/537 392/570/535
f 584/796/732 889/798/734 392/570/535 168/566/531
f 185/799/735 569/801/737 890/802/738 585/800/736
f 569/801/737 186/803/739 586/804/740 890/802/738
f 890/802/738 586/804/740 170/578/543 393/576/541
f 585/800/736 890/802/738 393/576/541 169/572/537
f 186/803/739 570/805/741 891/806/742 586/804/740
f 570/805/741 187/807/743 587/808/744 891/806/742
f 891/806/742 587/808/744 171/584/549 394/582/547
f 586/804/740 891/806/742 394/582/547 170/578/543
f 187/807/743 571/809/745 892/810/746 587/808/744
f 571/809/745 188/811/747 588/812/748 892/810/746
f 892/810/746 588/812/748 172/590/555 395/588/553
f 587/808/744 892/810/746 395/588/553 171/584/549
f 188/811/747 572/813/749 893/814/750 588/812/748
f 572/813/749 189/815/751 589/816/752 893/814/750
f 893/814/750 589/816/752 173/596/561 396/594/559
f 588/812/748 893/814/750 396/594/559 172/590/555
f 189/815/751 573/817/753 894/818/754 589/816/752
f 573/817/753 190/819/755 590/820/756 894/818/754
f 894/818/754 590/820/756 174/602/567 397/600/565
f 589/816/752 894/818/754 397/600/565 173/596/561
f 190/819/755 574/821/757 895/822/758 590/820/756
f 574/821/757 191/823/759 591/824/760 895/822/758
f 895/822/758 591/824/760 175/608/573 398/606/571
f 590/820/756 895/822/758 398/606/571 174/602/567
f 191/823/759 575/825/761 896/826/762 591/824/760
f 575/825/761 192/827/763 592/828/764 896/826/762
f 896/826/762 592/828/764 176/614/579 399/612/577
f 591/824/760 896/826/762 399/612/577 175/608/573
f 192/827/763 576/829/765 897/830/766 592/828/764
f 576/829/765 193/831/767 593/832/768 897/830/766
f 897/830/766 593/832/768 177/538/503 400/617/582
f 592/828/764 897/830/766 400/617/582 176/614/579
f 193/831/767 577/833/769 898/834/770 593/832/768
f 577/833/769 179/771/707 578/774/710 898/834/770
f 898/834/770 578/774/710 163/523/488 401/539/504
f 593/832/768 898/834/770 401/539/504 177/538/503
f 195/835/771 594/836/772 899/837/773 610/838/774
f 594/836/772 194/839/775 611/840/776 899/837/773
f 899/837/773 611/840/776 178/775/711 562/772/708
f 610/838/774 899/837/773 562/772/708 179/771/707
f 194/839/775 595/841/777 900/842/778 611/840/776
f 595/841/777 196/843/779 612/844/780 900/842/778
f 900/842/778 612/844/780 180/779/715 563/777/713
f 611/840/776 900/842/778 563/777/713 178/775/711
f 196/843/779 596/845/781 901/846/782 612/844/780
f 596/845/781 197/847/783 613/848/784 901/846/782
f 901/846/782 613/848/784 181/783/719 564/781/717
f 612/844/780 901/846/782 564/781/717 180/779/715
f 197/847/783 597/849/785 902/850/786 613/848/784
f 597/849/785 198/851/787 614/852/788 902/850/786
f 902/850/786 614/852/788 182/787/723 565/785/721
f 613/848/784 902/850/786 565/785/721 181/783/719
f 198/851/787 598/853/789 903/854/790 614/852/788
f 598/853/789 199/855/791 615/856/792 903/854/790
f 903/854/790 615/856/792 183/791/727 566/789/725
f 614/852/788 903/854/790 566/789/725 182/787/723
f 199/855/791 599/857/793 904/858/794 615/856/792
f 599/857/793 200/859/795 616/860/796 904/858/794
f 904/858/794 616/860/796 184/795/731 567/793/729
f 615/856/792 904/858/794 567/793/729 183/791/727
f 200/859/795 600/861/797 905/862/798 616/860/796
f 600/861/797 201/863/799 617/864/800 905/862/798
f 905/862/798 617/864/800 185/799/735 568/797/733
f 616/860/796 905/862/798 568/797/733 184/795/731
f 201/863/799 601/865/801 906/866/802 617/864/800
f 601/865/801 202/867/803 618/868/804 906/866/802
f 906/866/802 618/868/804 186/803/739 569/801/737
f 617/864/800 906/866/802 569/801/737 185/799/735
f 202/867/803 602/869/805 907/870/806 618/868/804
f 602/869/805 203/871/807 619/872/808 907/870/806
f 907/870/806 619/872/808 187/807/743 570/805/741
f 618/868/804 907/870/806 570/805/741 186/803/739
f 203/871/807 603/873/809 908/874/810 619/872/808
f 603/873/809 204/875/811 620/876/812 908/874/810
f 908/874/810 620/876/812 188/811/747 571/809/745
f 619/872/808 908/874/810 571/809/745 187/807/743
f 204/875/811 604/877/813 909/878/814 620/876/812
f 604/877/813 205/879/815 621/880/816 909/878/814
f 909/878/814 621/880/816 189/815/751 572/813/749
f 620/876/812 909/878/814 572/813/749 188/811/747
f 205/879/815 605/881/817 910/882/818 621/880/816
f 605/881/817 206/883/819 622/884/820 910/882/818
f 910/882/818 622/884/820 190/819/755 573/817/753
f 621/880/816 910/882/818 573/817/753 189/815/751
f 206/883/819 606/885/821 911/886/822 622/884/820
f 606/885/821 207/887/823 623/888/824 911/886/822
f 911/886/822 623/888/824 191/823/759 574/821/757
f 622/884/820 911/886/822 574/821/757 190/819/755
f 207/887/823 607/889/825 912/890/826 623/888/824
f 607/889/825 208/891/827 624/892/828 912/890/826
f 912/890/826 624/892/828 192/827/763 575/825/761
f 623/888/824 912/890/826 575/825/761 191/823/759
f 208/891/827 608/893/829 913/894/830 624/892/828
f 608/893/829 209/895/831 625/896/832 913/894/830
f 913/894/830 625/896/832 193/831/767 576/829/765
f 624/892/828 913/894/830 576/829/765 192/827/763
f 209/895/831 609/897/833 914/898/834 625/896/832
f 609/897/833 195/835/771 610/838/774 914/898/834
f 914/898/834 610/838/774 179/771/707 577/833/769
f 625/896/832 914/898/834 577/833/769 193/831/767
f 2/92/92 626/89/89 915/899/835 642/900/836
f 626/89/89 1/88/88 643/901/837 915/899/835
f 915/899/835 643/901/837 194/839/775 594/836/772
f 642/900/836 915/899/835 594/836/772 195/835/771
f 1/88/88 627/91/91 916/902/838 643/901/837
f 627/91/91 3/120/120 644/903/839 916/902/838
f 916/902/838 644/903/839 196/843/779 595/841/777
f 643/901/837 916/902/838 595/841/777 194/839/775
f 3/120/120 628/119/119 917/904/840 644/903/839
f 628/119/119 4/118/118 645/905/841 917/904/840
f 917/904/840 645/905/841 197/847/783 596/845/781
f 644/903/839 917/904/840 596/845/781 196/843/779
f 4/118/118 629/117/117 918/906/842 645/905/841
f 629/117/117 5/116/116 646/907/843 918/906/842
f 918/906/842 646/907/843 198/851/787 597/849/785
f 645/905/841 918/906/842 597/849/785 197/847/783
f 5/116/116 630/115/115 919/908/844 646/907/843
f 630/115/115 6/114/114 647/909/845 919/908/844
f 919/908/844 647/909/845 199/855/791 598/853/789
f 646/907/843 919/908/844 598/853/789 198/851/787
f 6/114/114 631/113/113 920/910/846 647/909/845
f 631/113/113 7/112/112 648/911/847 920/910/846
f 920/910/846 648/911/847 200/859/795 599/857/793
f 647/909/845 920/910/846 599/857/793 199/855/791
f 7/112/112 632/111/111 921/912/848 648/911/847
f 632/111/111 8/110/110 649/913/849 921/912/848
f 921/912/848 649/913/849 201/863/799 600/861/797
f 648/911/847 921/912/848 600/861/797 200/859/795
f 8/110/110 633/109/109 922/914/850 649/913/849
f 633/109/109 9/108/108 650/915/851 922/914/850
f 922/914/850 650/915/851 202/867/803 601/865/801
f 649/913/849 922/914/850 601/865/801 201/863/799
f 9/108/108 634/107/107 923/916/852 650/915/851
f 634/107/107 10/106/106 651/917/853 923/916/852
f 923/916/852 651/917/853 203/871/807 602/869/805
f 650/915/851 923/916/852 602/869/805 202/867/803
f 10/106/106 635/105/105 924/918/854 651/917/853
f 635/105/105 11/104/104 652/919/855 924/918/854
f 924/918/854 652/919/855 204/875/811 603/873/809
f 651/917/853 924/918/854 603/873/809 203/871/807
f 11/104/104 636/103/103 925/920/856 652/919/855
f 636/103/103 12/102/102 653/921/857 925/920/856
f 925/920/856 653/921/857 205/879/815 604/877/813
f 652/919/855 925/920/856 604/877/813 204/875/811
f 12/102/102 637/101/101 926/922/858 653/921/857
f 637/101/101 13/100/100 654/923/859 926/922/858
f 926/922/858 654/923/859 206/883/819 605/881/817
f 653/921/857 926/922/858 605/881/817 205/879/815
f 13/100/100 638/99/99 927/924/860 654/923/859
f 638/99/99 14/98/98 655/925/861 927/924/860
f 927/924/860 655/925/861 207/887/823 606/885/821
f 654/923/859 927/924/860 606/885/821 206/883/819
f 14/98/98 639/97/97 928/926/862 655/925/861
f 639/97/97 15/96/96 656/927/863 928/926/862
f 928/926/862 656/927/863 208/891/827 607/889/825
f 655/925/861 928/926/862 607/889/825 207/887/823
f 15/96/96 640/95/95 929/928/864 656/927/863
f 640/95/95 16/94/94 657/929/865 929/928/864
f 929/928/864 657/929/865 209/895/831 608/893/829
f 656/927/863 929/928/864 608/893/829 208/891/827
f 16/94/94 641/93/93 930/930/866 657/929/865
f 641/93/93 2/92/92 642/900/836 930/930/866
f 930/930/866 642/900/836 195/835/771 609/897/833
f 657/929/865 930/930/866 609/897/833 209/895/831
f 241/931/867 673/932/868 931/933/869 721/934/870
f 673/932/868 225/234/199 674/769/706 931/933/869
f 931/933/869 674/769/706 210/762/701 690/935/871
f 721/934/870 931/933/869 690/935/871 226/936/872
f 226/936/872 690/935/871 932/937/873 720/938/874
f 690/935/871 210/762/701 675/765/704 932/937/873
f 932/937/873 675/765/704 211/756/697 691/939/875
f 720/938/874 932/937/873 691/939/875 227/940/876
f 227/940/876 691/939/875 933/941/877 719/942/878
f 691/939/875 211/756/697 676/759/700 933/941/877
f 933/941/877 676/759/700 212/750/693 692/943/879
f 719/942/878 933/941/877 692/943/879 228/944/880
f 228/944/880 692/943/879 934/945/881 718/946/882
f 692/943/879 212/750/693 677/753/696 934/945/881
f 934/945/881 677/753/696 213/744/689 693/947/883
f 718/946/882 934/945/881 693/947/883 229/948/884
f 229/948/884 693/947/883 935/949/885 717/950/886
f 693/947/883 213/744/689 678/747/692 935/949/885
f 935/949/885 678/747/692 214/738/685 694/951/887
f 717/950/886 935/949/885 694/951/887 230/952/888
f 230/952/888 694/951/887 936/953/889 716/954/890
f 694/951/887 214/738/685 679/741/688 936/953/889
f 936/953/889 679/741/688 215/732/681 695/955/891
f 716/954/890 936/953/889 695/955/891 231/956/892
f 231/956/892 695/955/891 937/957/893 715/958/894
f 695/955/891 215/732/681 680/735/684 937/957/893
f 937/957/893 680/735/684 216/726/677 696/959/895
f 715/958/894 937/957/893 696/959/895 232/960/896
f 232/960/896 696/959/895 938/961/897 714/962/898
f 696/959/895 216/726/677 681/729/680 938/961/897
f 938/961/897 681/729/680 217/720/673 697/963/899
f 714/962/898 938/961/897 697/963/899 233/964/900
f 233/964/900 697/963/899 939/965/901 713/966/902
f 697/963/899 217/720/673 682/723/676 939/965/901
f 939/965/901 682/723/676 218/714/669 698/967/903
f 713/966/902 939/965/901 698/967/903 234/968/904
f 234/968/904 698/967/903 940/969/905 712/970/906
f 698/967/903 218/714/669 683/717/672 940/969/905
f 940/969/905 683/717/672 219/708/665 699/971/907
f 712/970/906 940/969/905 699/971/907 235/972/908
f 235/972/908 699/971/907 941/973/909 711/974/910
f 699/971/907 219/708/665 684/711/668 941/973/909
f 941/973/909 684/711/668 220/702/661 700/975/911
f 711/974/910 941/973/909 700/975/911 236/976/912
f 236/976/912 700/975/911 942/977/913 710/978/914
f 700/975/911 220/702/661 685/705/664 942/977/913
f 942/977/913 685/705/664 221/696/657 701/979/915
f 710/978/914 942/977/913 701/979/915 237/980/916
f 237/980/916 701/979/915 943/981/917 709/982/918
f 701/979/915 221/696/657 686/699/660 943/981/917
f 943/981/917 686/699/660 222/690/653 702/983/919
f 709/982/918 943/981/917 702/983/919 238/984/920
f 238/984/920 702/983/919 944/985/921 708/986/922
f 702/983/919 222/690/653 687/693/656 944/985/921
f 944/985/921 687/693/656 223/684/649 703/987/923
f 708/986/922 944/985/921 703/987/923 239/988/924
f 239/988/924 703/987/923 945/989/925 707/990/926
f 703/987/923 223/684/649 688/687/652 945/989/925
f 945/989/925 688/687/652 224/226/194 704/991/927
f 707/990/926 945/989/925 704/991/927 240/992/928
f 240/992/928 704/991/927 946/993/929 706/994/930
f 704/991/927 224/226/194 689/229/197 946/993/929
f 946/993/929 689/229/197 225/234/199 673/932/868
f 706/994/930 946/993/929 673/932/868 241/931/867
f 47/680/645 319/995/931 947/996/932 320/682/647
f 319/995/931 240/997/928 706/998/930 947/996/932
f 947/996/932 706/998/930 241/999/867 705/1000/933
f 320/682/647 947/996/932 705/1000/933 17/619/584
f 45/676/641 316/1001/934 948/1002/935 317/678/643
f 316/1001/934 239/1003/924 707/1004/926 948/1002/935
f 948/1002/935 707/1004/926 240/997/928 319/995/931
f 317/678/643 948/1002/935 319/995/931 47/680/645
f 43/672/637 313/1005/936 949/1006/937 314/674/639
f 313/1005/936 238/1007/920 708/1008/922 949/1006/937
f 949/1006/937 708/1008/922 239/1003/924 316/1001/934
f 314/674/639 949/1006/937 316/1001/934 45/676/641
f 41/668/633 310/1009/938 950/1010/939 311/670/635
f 310/1009/938 237/1011/916 709/1012/918 950/1010/939
f 950/1010/939 709/1012/918 238/1007/920 313/1005/936
f 311/670/635 950/1010/939 313/1005/936 43/672/637
f 39/664/629 307/1013/940 951/1014/941 308/666/631
f 307/1013/940 236/1015/912 710/1016/914 951/1014/941
f 951/1014/941 710/1016/914 237/1011/916 310/1009/938
f 308/666/631 951/1014/941 310/1009/938 41/668/633
f 37/660/625 304/1017/942 952/1018/943 305/662/627
f 304/1017/942 235/1019/908 711/1020/910 952/1018/943
f 952/1018/943 711/1020/910 236/1015/912 307/1013/940
f 305/662/627 952/1018/943 307/1013/940 39/664/629
f 35/656/621 301/1021/944 953/1022/945 302/658/623
f 301/1021/944 234/1023/904 712/1024/906 953/1022/945
f 953/1022/945 712/1024/906 235/1019/908 304/1017/942
f 302/658/623 953/1022/945 304/1017/942 37/660/625
f 33/652/617 298/1025/946 954/1026/947 299/654/619
f 298/1025/946 233/1027/900 713/1028/902 954/1026/947
f 954/1026/947 713/1028/902 234/1023/904 301/1021/944
f 299/654/619 954/1026/947 301/1021/944 35/656/621
f 31/648/613 295/1029/948 955/1030/949 296/650/615
f 295/1029/948 232/1031/896 714/1032/898 955/1030/949
f 955/1030/949 714/1032/898 233/1027/900 298/1025/946
f 296/650/615 955/1030/949 298/1025/946 33/652/617
f 29/644/609 292/1033/950 956/1034/951 293/646/611
f 292/1033/950 231/1035/892 715/1036/894 956/1034/951
f 956/1034/951 715/1036/894 232/1031/896 295/1029/948
f 293/646/611 956/1034/951 295/1029/948 31/648/613
f 27/640/605 289/1037/952 957/1038/953 290/642/607
f 289/1037/952 230/1039/888 716/1040/890 957/1038/953
f 957/1038/953 716/1040/890 231/1035/892 292/1033/950
f 290/642/607 957/1038/953 292/1033/950 29/644/609
f 25/636/601 286/1041/954 958/1042/955 287/638/603
f 286/1041/954 229/1043/884 717/1044/886 958/1042/955
f 958/1042/955 717/1044/886 230/1039/888 289/1037/952
f 287/638/603 958/1042/955 289/1037/952 27/640/605
f 23/632/597 283/1045/956 959/1046/957 284/634/599
f 283/1045/956 228/1047/880 718/1048/882 959/1046/957
f 959/1046/957 718/1048/882 229/1043/884 286/1041/954
f 284/634/599 959/1046/957 286/1041/954 25/636/601
f 21/628/593 280/1049/958 960/1050/959 281/630/595
f 280/1049/958 227/1051/876 719/1052/878 960/1050/959
f 960/1050/959 719/1052/878 228/1047/880 283/1045/956
f 281/630/595 960/1050/959 283/1045/956 23/632/597
f 18/623/588 277/1053/960 961/1054/961 278/626/591
f 277/1053/960 226/1055/872 720/1056/874 961/1054/961
f 961/1054/961 720/1056/874 227/1051/876 280/1049/958
f 278/626/591 961/1054/961 280/1049/958 21/628/593
f 17/619/584 705/1000/933 962/1057/962 274/620/585
f 705/1000/933 241/999/867 721/1058/870 962/1057/962
f 962/1057/962 721/1058/870 226/1055/872 277/1053/960
f 274/620/585 962/1057/962 277/1053/960 18/623/588
